"liquid-fraction-rfile"
"Time Step" "liquid-fraction etc.."
("Time Step" "liquid-fraction" "flow-time")
0 0 0
1 0.0001237067436647143 0.1
2 0.0003814717172459838 0.2
3 0.0006624253139419595 0.3
4 0.0009604322267187631 0.4
5 0.001272862042475732 0.5
6 0.001596053524845789 0.6000000000000001
7 0.001927708445969198 0.7000000000000001
8 0.002267078731694524 0.8
9 0.002612088952006513 0.9
10 0.002964440885508432 1
11 0.003324437185572775 1.1
12 0.003691277571866861 1.2
13 0.004065626199384837 1.3
14 0.004446869499520429 1.4
15 0.00483574480605729 1.5
16 0.005232280463349465 1.6
17 0.005635035986480784 1.7
18 0.006043103703551544 1.8
19 0.006455440574129497 1.9
20 0.006871811429109268 2
21 0.007291715174781383 2.1
22 0.007701888208233746 2.2
23 0.008109087494681196 2.3
24 0.00852020683586756 2.4
25 0.008931884058872954 2.5
26 0.009335405596296208 2.6
27 0.009738521543114657 2.7
28 0.01014479125359364 2.8
29 0.01055372633258987 2.9
30 0.01096492670624192 3
31 0.01137806153849457 3.1
32 0.01179285484362504 3.2
33 0.01220907445918894 3.3
34 0.01262652345390026 3.4
35 0.01304503344641974 3.5
36 0.01346445937336495 3.6
37 0.01388467538072666 3.7
38 0.01430557164599643 3.8
39 0.01472705158912873 3.9
40 0.01514902977679346 4
41 0.01556954339327115 4.100000000000001
42 0.01598240600046174 4.2
43 0.01639464450587669 4.3
44 0.01680807380734383 4.4
45 0.01722225920547983 4.5
46 0.01763704727516361 4.600000000000001
47 0.01805231053488914 4.7
48 0.01846794656979343 4.800000000000001
49 0.0188838849967659 4.9
50 0.01930005979355904 5
51 0.01971542336663255 5.100000000000001
52 0.0201275974548053 5.2
53 0.02053959434865953 5.300000000000001
54 0.02094741655479444 5.4
55 0.02135449872139879 5.5
56 0.02176125487707823 5.600000000000001
57 0.02216897222285807 5.7
58 0.02257644858981466 5.800000000000001
59 0.02298241386545047 5.9
60 0.02338750488692243 6
61 0.02378992078783648 6.100000000000001
62 0.02418876611379063 6.2
63 0.0245854333831762 6.300000000000001
64 0.02498143191149238 6.4
65 0.02537838548832295 6.5
66 0.02577555684484591 6.600000000000001
67 0.02616967382187586 6.7
68 0.02656078225383511 6.800000000000001
69 0.02695239034686003 6.9
70 0.02734450058453546 7
71 0.02773703159910112 7.100000000000001
72 0.02812996299223409 7.2
73 0.02852327714225476 7.300000000000001
74 0.02891702188057394 7.4
75 0.02931119141105106 7.5
76 0.02970579214055616 7.600000000000001
77 0.03009377862253055 7.7
78 0.03047699329908533 7.800000000000001
79 0.03085942543916146 7.9
80 0.03123990483113031 8
81 0.03161786898714171 8.1
82 0.03199563964728075 8.200000000000001
83 0.03237230808120836 8.300000000000001
84 0.03274547413244294 8.4
85 0.03311922709228541 8.5
86 0.03349365964233798 8.6
87 0.0338682266704939 8.700000000000001
88 0.03424044413347541 8.800000000000001
89 0.03460604050340127 8.9
90 0.034969917314155 9
91 0.03533032213127313 9.1
92 0.03568905059436289 9.200000000000001
93 0.03603914714779231 9.300000000000001
94 0.03637959368818607 9.4
95 0.03671755524881562 9.5
96 0.03704710468531594 9.600000000000001
97 0.03735579044980055 9.700000000000001
98 0.0376422797043862 9.800000000000001
99 0.03790549516779839 9.9
100 0.03815850343761579 10
101 0.03840710330742416 10.1
102 0.03864606642208544 10.2
103 0.03888143311448312 10.3
104 0.03911763854876125 10.4
105 0.03935489932982709 10.5
106 0.03959197433742118 10.6
107 0.03983035914332428 10.7
108 0.04007134488904542 10.8
109 0.0403147672639231 10.9
110 0.04056036656285128 11
111 0.04080790935409134 11.1
112 0.0410539742748116 11.2
113 0.04129953171225761 11.3
114 0.04154694708423868 11.4
115 0.04179612369792086 11.5
116 0.0420467637819452 11.6
117 0.04229792269245057 11.7
118 0.04255048909974121 11.8
119 0.04280342547585108 11.9
120 0.04305323557720477 12
121 0.04330035152632594 12.1
122 0.04354555168589868 12.2
123 0.04379150257228114 12.3
124 0.04403838635894138 12.4
125 0.04428708805864602 12.5
126 0.0445365458561887 12.6
127 0.04478629931869728 12.7
128 0.04503721085484052 12.8
129 0.04528733149681459 12.9
130 0.0455363237249341 13
131 0.04578254236223135 13.1
132 0.04602829631523987 13.2
133 0.04627186822983219 13.3
134 0.04651555706093385 13.4
135 0.0467574545774878 13.5
136 0.04699891190327438 13.6
137 0.04724115007251267 13.7
138 0.04748448936516368 13.8
139 0.04772641784306125 13.9
140 0.04796725756814509 14
141 0.04820752701008731 14.1
142 0.04844767740701849 14.2
143 0.04868708893762409 14.3
144 0.04892497520507804 14.4
145 0.04916290320017685 14.5
146 0.04940192615255026 14.6
147 0.04963960289452301 14.7
148 0.04987720087924451 14.8
149 0.05011489001851382 14.9
150 0.05035227124157795 15
151 0.05058858320908922 15.1
152 0.05082526101473073 15.2
153 0.05106259112630132 15.3
154 0.05129809123439819 15.4
155 0.0515335822087825 15.5
156 0.05177024547526739 15.6
157 0.05200849244979978 15.7
158 0.05224644197241247 15.8
159 0.05248585157017423 15.9
160 0.05272585497487636 16
161 0.0529657662078299 16.1
162 0.05320599941541102 16.2
163 0.05344751861078625 16.3
164 0.0536898323441552 16.4
165 0.05393184826152048 16.5
166 0.05417444547459957 16.6
167 0.05441782283851154 16.7
168 0.05465952279026733 16.8
169 0.05489921261707909 16.9
170 0.05513862636622807 17
171 0.05537853392078593 17.1
172 0.05561860782723255 17.2
173 0.05585898929938343 17.3
174 0.05609807612307447 17.4
175 0.05633698694856298 17.5
176 0.05657661448047201 17.6
177 0.05681670710210292 17.7
178 0.05705546829096469 17.8
179 0.05729166509889512 17.9
180 0.05752703688063437 18
181 0.05776267306336513 18.1
182 0.05799812378364343 18.2
183 0.05823329420465016 18.3
184 0.05846681919824694 18.4
185 0.05870002897063101 18.5
186 0.05893209347310678 18.6
187 0.05916508196152774 18.7
188 0.05939925837286048 18.8
189 0.05963291706211619 18.9
190 0.05986577338350234 19
191 0.06009951317906448 19.1
192 0.06033339803977614 19.2
193 0.06056805775824328 19.3
194 0.06080342806385736 19.4
195 0.06103975033935956 19.5
196 0.06127670738942767 19.6
197 0.06151399370835241 19.7
198 0.06175045452403467 19.8
199 0.06198672835003764 19.9
200 0.06222332253912586 20
201 0.06246081021392973 20.1
202 0.06269889691623017 20.2
203 0.06293778749634807 20.3
204 0.06317621281709682 20.4
205 0.06341555489358695 20.5
206 0.06365574159614262 20.6
207 0.06389609271336813 20.7
208 0.06413664902804886 20.8
209 0.06437757624096146 20.9
210 0.06461848877717229 21
211 0.06485852297573604 21.1
212 0.06509861864412986 21.2
213 0.06533841244847335 21.3
214 0.06557828634376762 21.4
215 0.06581791843468385 21.5
216 0.0660568820053557 21.6
217 0.06629554309200214 21.7
218 0.06653463240197334 21.8
219 0.06677407821862935 21.9
220 0.06701330865956834 22
221 0.06725082512639591 22.1
222 0.06748752208659954 22.2
223 0.06772434049608764 22.3
224 0.06796134961921188 22.4
225 0.06819872277195599 22.5
226 0.0684355538873587 22.6
227 0.06867211324785484 22.7
228 0.06890766329822381 22.8
229 0.0691415108083101 22.9
230 0.06937390984030165 23
231 0.0696052956314218 23.1
232 0.06983691054262216 23.2
233 0.07006872057399488 23.3
234 0.07030050106499497 23.4
235 0.07053301642005944 23.5
236 0.07076578074583247 23.6
237 0.07099895032532749 23.7
238 0.07123238279538252 23.8
239 0.07146580201025284 23.9
240 0.07169831120562255 24
241 0.07192754898579545 24.1
242 0.07215557513389864 24.2
243 0.07238402639254038 24.3
244 0.07261256626235489 24.4
245 0.07283697176493989 24.5
246 0.07305850813097113 24.6
247 0.07328114931685488 24.7
248 0.07350459188464072 24.8
249 0.07372772985850232 24.9
250 0.07395065681723872 25
251 0.07416911845848288 25.1
252 0.07438918218811828 25.2
253 0.07461052805155892 25.3
254 0.0748334416633432 25.4
255 0.07505649770952318 25.5
256 0.07527353769137711 25.6
257 0.07548548338573097 25.7
258 0.07569671831676675 25.8
259 0.07590866216958576 25.9
260 0.07612180007847158 26
261 0.07633564681581508 26.1
262 0.0765448800930907 26.2
263 0.07675607516243041 26.3
264 0.07696855279832673 26.4
265 0.07718049697460357 26.5
266 0.07739140050594656 26.6
267 0.07759696058071158 26.7
268 0.07780352605304094 26.8
269 0.07800905643795933 26.9
270 0.07821409526059274 27
271 0.07841735292390478 27.1
272 0.07861835131951422 27.2
273 0.07881993009182182 27.3
274 0.07901912791532133 27.4
275 0.07921771946933362 27.5
276 0.07941258900980226 27.6
277 0.07960990806863118 27.7
278 0.07980687615301742 27.8
279 0.08000482561543967 27.9
280 0.08020068544687901 28
281 0.08039652129757398 28.1
282 0.08059489486858552 28.2
283 0.0807939797098879 28.3
284 0.08099217372805374 28.4
285 0.08118484682163774 28.5
286 0.08137586818170332 28.6
287 0.08156941899198709 28.7
288 0.08176446700295258 28.8
289 0.08195608566804577 28.9
290 0.08214352378952078 29
291 0.08232649227611817 29.1
292 0.08251136020574933 29.2
293 0.08269852760342625 29.3
294 0.08288586375824943 29.4
295 0.08307163187222047 29.5
296 0.08325624501348441 29.6
297 0.08344031019539103 29.7
298 0.08362597022997821 29.8
299 0.08381206605429702 29.9
300 0.08399734431264391 30
301 0.0841827577976374 30.1
302 0.08436464729843565 30.2
303 0.08454785982789777 30.3
304 0.08472851071316058 30.4
305 0.0849078846280288 30.5
306 0.08508877836451631 30.6
307 0.08526958607964927 30.7
308 0.08545008323637389 30.8
309 0.08562795714168252 30.9
310 0.08580425022747755 31
311 0.08598140245309487 31.1
312 0.08615852784896612 31.2
313 0.08633656889402157 31.3
314 0.08651581112550225 31.4
315 0.08669614648681145 31.5
316 0.08687761364430641 31.6
317 0.08705826525432406 31.7
318 0.08723587269076402 31.8
319 0.08741327112207767 31.9
320 0.08759199645481641 32
321 0.08777137425035858 32.1
322 0.08795159062470839 32.2
323 0.08813336487856634 32.3
324 0.08831626274478169 32.4
325 0.08849965699426869 32.5
326 0.08868353496433973 32.6
327 0.08886546677657171 32.7
328 0.08904484685967611 32.8
329 0.08922339842955691 32.9
330 0.08940194580916359 33
331 0.08958081093346433 33.1
332 0.089759134849515 33.2
333 0.08993696158318362 33.3
334 0.09011104288201341 33.4
335 0.09028452502661018 33.5
336 0.09045787749486396 33.6
337 0.09063165137725132 33.7
338 0.09080540297620089 33.8
339 0.09097852118499314 33.9
340 0.09115098070372049 34
341 0.09132214256250948 34.1
342 0.09148929406357388 34.2
343 0.09165439139227086 34.3
344 0.0918190002900612 34.4
345 0.09198234042130619 34.5
346 0.09214195554310721 34.6
347 0.09229934506925656 34.7
348 0.0924559100417975 34.8
349 0.09261115188090141 34.9
350 0.09276561228781019 35
351 0.09291980820255676 35.1
352 0.09307211721507358 35.2
353 0.09322464638168677 35.3
354 0.09337497397523041 35.4
355 0.0935252574812518 35.5
356 0.09367586134875465 35.6
357 0.09382664336548706 35.7
358 0.09397823001299241 35.8
359 0.09413059731061825 35.9
360 0.09428271267652495 36
361 0.09443513012919032 36.1
362 0.09458804726365501 36.2
363 0.09474155334073543 36.3
364 0.09489453146934199 36.4
365 0.09504717585156132 36.5
366 0.09519890700370147 36.6
367 0.09535115263613408 36.7
368 0.09550381990693373 36.8
369 0.09565678424422669 36.9
370 0.09580983728788527 37
371 0.09596300684242427 37.1
372 0.0961159525010417 37.2
373 0.09626929637857359 37.3
374 0.09642307595104793 37.4
375 0.09657695395363136 37.5
376 0.09673138956458872 37.6
377 0.09688573739080715 37.7
378 0.09704106026731898 37.8
379 0.09719732583349609 37.9
380 0.09735448198472252 38
381 0.09751218700051253 38.1
382 0.09767025778360927 38.2
383 0.09782902446314783 38.3
384 0.09798819597989997 38.40000000000001
385 0.09814720729426962 38.5
386 0.09830567833754454 38.6
387 0.09846455057005314 38.7
388 0.09862276154212028 38.8
389 0.09878107422814039 38.90000000000001
390 0.09893989330237316 39
391 0.09909848116702009 39.1
392 0.09925635693828877 39.2
393 0.09941466154797005 39.3
394 0.09957213975010622 39.40000000000001
395 0.09972764576695879 39.5
396 0.09988318882276967 39.6
397 0.100038673064204 39.7
398 0.1001937625120206 39.8
399 0.1003481504882743 39.90000000000001
400 0.1005028087421656 40
401 0.1006573735444604 40.1
402 0.1008109864146477 40.2
403 0.1009646684420678 40.3
404 0.1011186815529137 40.40000000000001
405 0.1012729752554064 40.5
406 0.1014275659275117 40.6
407 0.1015823143207176 40.7
408 0.1017366128921767 40.8
409 0.1018902400906626 40.90000000000001
410 0.1020445225203154 41
411 0.1021991849038552 41.1
412 0.1023545500750519 41.2
413 0.1025107132234281 41.3
414 0.1026671965875423 41.40000000000001
415 0.1028243191463297 41.5
416 0.102982513999545 41.6
417 0.1031413757539386 41.7
418 0.1033005207027489 41.8
419 0.1034582382790704 41.90000000000001
420 0.1036148123362555 42
421 0.1037727433971024 42.1
422 0.1039321184687872 42.2
423 0.104088909793093 42.3
424 0.1042442415371171 42.40000000000001
425 0.1044010835141715 42.5
426 0.1045589207953064 42.6
427 0.1047179071621622 42.7
428 0.1048776589875222 42.8
429 0.1050380238991346 42.90000000000001
430 0.1051983975932078 43
431 0.1053569243046872 43.1
432 0.1055136981207476 43.2
433 0.1056704523155656 43.3
434 0.1058253640240134 43.40000000000001
435 0.1059794579203959 43.5
436 0.1061330781606722 43.6
437 0.1062862223571337 43.7
438 0.1064384513747015 43.8
439 0.1065893308773281 43.90000000000001
440 0.1067390005513458 44
441 0.1068889553120212 44.1
442 0.1070392851643584 44.2
443 0.1071896689366828 44.3
444 0.10734058368841 44.40000000000001
445 0.1074904843851339 44.5
446 0.1076397595939217 44.6
447 0.1077892794416127 44.7
448 0.1079395778941409 44.8
449 0.1080907497142125 44.90000000000001
450 0.1082430462238892 45
451 0.108395111120847 45.1
452 0.1085476061281174 45.2
453 0.1087011144527005 45.3
454 0.1088535993451992 45.40000000000001
455 0.1090066167564666 45.5
456 0.109161256509658 45.6
457 0.1093171571993772 45.7
458 0.1094737509005129 45.8
459 0.1096318762752792 45.90000000000001
460 0.1097902151330711 46
461 0.1099449990358328 46.1
462 0.1101003073161883 46.2
463 0.1102565908210312 46.3
464 0.1104134377940491 46.40000000000001
465 0.1105702195488441 46.5
466 0.1107273978655198 46.6
467 0.110884940446445 46.7
468 0.111042840432939 46.8
469 0.1112007759849939 46.90000000000001
470 0.1113588866617915 47
471 0.1115160472958424 47.1
472 0.1116701752346775 47.2
473 0.1118243635645555 47.3
474 0.1119784233704096 47.40000000000001
475 0.1121320454458829 47.5
476 0.1122855998500845 47.6
477 0.112438898092073 47.7
478 0.1125917991464296 47.8
479 0.1127444625708514 47.90000000000001
480 0.1128970608750621 48
481 0.113048985181215 48.1
482 0.1132010403936249 48.2
483 0.1133531966390124 48.3
484 0.1135055296000997 48.40000000000001
485 0.113658447538522 48.5
486 0.1138120298309568 48.6
487 0.1139660314263912 48.7
488 0.1141207720759152 48.8
489 0.1142761941351154 48.90000000000001
490 0.1144293707000263 49
491 0.1145819611266511 49.1
492 0.1147340128374302 49.2
493 0.1148871578755529 49.3
494 0.1150412886208397 49.40000000000001
495 0.1151964638004148 49.5
496 0.115352525767749 49.6
497 0.11550939314925 49.7
498 0.1156648374327106 49.8
499 0.1158186858474045 49.90000000000001
500 0.1159729881934968 50
501 0.1161278511757149 50.1
502 0.1162828901461604 50.2
503 0.1164372786601202 50.3
504 0.1165921441769007 50.40000000000001
505 0.1167473636527127 50.5
506 0.1169026773608247 50.6
507 0.1170571181344597 50.7
508 0.1172102157013358 50.8
509 0.1173631106965181 50.90000000000001
510 0.1175160991397488 51
511 0.1176689530556735 51.1
512 0.1178224438735732 51.2
513 0.117975945082165 51.3
514 0.1181296901387077 51.40000000000001
515 0.1182840118411705 51.5
516 0.1184387162137689 51.6
517 0.1185941366264792 51.7
518 0.1187500764514964 51.8
519 0.1189069752225107 51.90000000000001
520 0.1190627922429017 52
521 0.1192186985876548 52.1
522 0.1193750254585561 52.2
523 0.1195318104047543 52.3
524 0.1196894967054411 52.40000000000001
525 0.1198459415719693 52.5
526 0.1199983614399159 52.6
527 0.1201508559322093 52.7
528 0.1203033565281734 52.8
529 0.1204555005809079 52.90000000000001
530 0.1206069874621968 53
531 0.1207581770891612 53.1
532 0.1209092445663204 53.2
533 0.1210592431316037 53.3
534 0.1212086659851788 53.40000000000001
535 0.1213557199491205 53.5
536 0.1215017107115597 53.6
537 0.1216456558742765 53.7
538 0.1217887093740742 53.8
539 0.1219319467850452 53.90000000000001
540 0.1220756565789415 54
541 0.122219496123312 54.1
542 0.1223634409188912 54.2
543 0.1225078833567852 54.3
544 0.1226524319227254 54.40000000000001
545 0.1227967545075313 54.5
546 0.122941026371925 54.6
547 0.1230861636225566 54.7
548 0.123232559650587 54.8
549 0.1233802446642009 54.90000000000001
550 0.1235291941643879 55
551 0.1236790719923776 55.1
552 0.1238298292633713 55.2
553 0.1239791631491445 55.3
554 0.1241255048778394 55.40000000000001
555 0.1242727906150211 55.5
556 0.1244211603010967 55.6
557 0.1245697323786056 55.7
558 0.1247187880429537 55.8
559 0.1248664663449203 55.90000000000001
560 0.1250143955271734 56
561 0.1251617776218416 56.1
562 0.1253090742468724 56.2
563 0.1254565073089705 56.3
564 0.1256044727659981 56.40000000000001
565 0.1257526385700683 56.5
566 0.1259009286865122 56.6
567 0.1260481701222422 56.7
568 0.1261952374491682 56.8
569 0.1263415738704457 56.90000000000001
570 0.1264871566998882 57
571 0.1266323891751766 57.1
572 0.1267779045756219 57.2
573 0.1269235526874035 57.3
574 0.1270690852351092 57.40000000000001
575 0.1272150153516758 57.5
576 0.1273609087813487 57.6
577 0.1275066981040932 57.7
578 0.1276531421485753 57.8
579 0.1278000058011609 57.90000000000001
580 0.1279471142673327 58
581 0.1280913495660827 58.1
582 0.1282334213115871 58.2
583 0.1283744764880862 58.3
584 0.128516049758175 58.40000000000001
585 0.1286583551208143 58.5
586 0.1288013876210411 58.6
587 0.1289448998506835 58.7
588 0.1290879377571846 58.8
589 0.1292300751377563 58.90000000000001
590 0.1293719795268235 59
591 0.1295134033483432 59.1
592 0.129655027397972 59.2
593 0.1297975916638172 59.3
594 0.1299408174527276 59.40000000000001
595 0.1300848175171098 59.5
596 0.1302297653634686 59.6
597 0.1303751361821193 59.7
598 0.1305194628898148 59.8
599 0.1306646377643633 59.90000000000001
600 0.1308108876055988 60
601 0.1309581043298055 60.1
602 0.1311061971644944 60.2
603 0.1312550779555494 60.3
604 0.1314029309249041 60.40000000000001
605 0.1315504068889082 60.5
606 0.1316979937605776 60.6
607 0.1318462029667148 60.7
608 0.1319948222012731 60.8
609 0.1321427186339857 60.90000000000001
610 0.132290006695077 61
611 0.1324352645371319 61.1
612 0.1325803322012931 61.2
613 0.1327252890208587 61.3
614 0.1328690493112238 61.40000000000001
615 0.133011552044917 61.5
616 0.1331535782458797 61.6
617 0.133295506919056 61.7
618 0.1334372323117687 61.8
619 0.1335792912165647 61.90000000000001
620 0.1337211476474164 62
621 0.1338626427600047 62.1
622 0.1340037493789294 62.2
623 0.1341436351876577 62.3
624 0.1342840306604676 62.40000000000001
625 0.1344248974695997 62.5
626 0.1345661111577699 62.6
627 0.1347073873326388 62.7
628 0.1348493973352143 62.8
629 0.134992161078595 62.90000000000001
630 0.1351348132216975 63
631 0.1352775167380898 63.1
632 0.1354209884098807 63.2
633 0.135565907851521 63.3
634 0.1357122264990208 63.40000000000001
635 0.1358583158211906 63.5
636 0.1360025200001635 63.6
637 0.1361476778944503 63.7
638 0.1362936185694868 63.8
639 0.1364396604188555 63.90000000000001
640 0.1365838240063466 64
641 0.1367281847781897 64.10000000000001
642 0.1368726099943458 64.2
643 0.1370170909361576 64.3
644 0.1371615882101063 64.40000000000001
645 0.1373057117275105 64.5
646 0.1374497894727691 64.60000000000001
647 0.1375928278547992 64.7
648 0.1377359339249472 64.8
649 0.1378793977158433 64.90000000000001
650 0.1380232952911132 65
651 0.1381675167422808 65.10000000000001
652 0.1383118742141266 65.2
653 0.1384557241578352 65.3
654 0.1386002373080178 65.40000000000001
655 0.138745167978066 65.5
656 0.1388909896772303 65.60000000000001
657 0.1390378237683794 65.7
658 0.1391854216857815 65.8
659 0.1393333795380355 65.90000000000001
660 0.1394820366888811 66
661 0.1396281027002285 66.10000000000001
662 0.1397738801674527 66.2
663 0.1399205621576964 66.3
664 0.1400677808936784 66.40000000000001
665 0.140215223386326 66.5
666 0.1403617930430401 66.60000000000001
667 0.1405078431977523 66.7
668 0.1406543484851772 66.8
669 0.1408005722866172 66.90000000000001
670 0.1409446863917471 67
671 0.1410881625878851 67.10000000000001
672 0.1412314245256295 67.2
673 0.1413735902803828 67.3
674 0.1415156588239681 67.40000000000001
675 0.1416579879036647 67.5
676 0.1418005047368404 67.60000000000001
677 0.1419421579669594 67.7
678 0.1420821146355166 67.8
679 0.1422212647092387 67.90000000000001
680 0.1423598042450512 68
681 0.1424975157100127 68.10000000000001
682 0.1426339517631066 68.2
683 0.1427688377609434 68.3
684 0.14290259401386 68.40000000000001
685 0.1430352238633495 68.5
686 0.1431675613509899 68.60000000000001
687 0.1432988004381009 68.7
688 0.1434297257096839 68.8
689 0.1435597343668041 68.90000000000001
690 0.1436872181260866 69
691 0.1438138024564479 69.10000000000001
692 0.1439373891016655 69.2
693 0.1440598742438594 69.3
694 0.1441822313182755 69.40000000000001
695 0.1443057039951665 69.5
696 0.1444285837624532 69.60000000000001
697 0.1445523932159347 69.7
698 0.1446766424069341 69.8
699 0.1448010457170567 69.90000000000001
700 0.1449266045877639 70
701 0.1450538483254107 70.10000000000001
702 0.1451827447533675 70.2
703 0.1453131099219195 70.3
704 0.1454449670423787 70.40000000000001
705 0.1455784173966328 70.5
706 0.1457135494527754 70.60000000000001
707 0.1458489795397457 70.7
708 0.1459848043392498 70.8
709 0.1461215822918849 70.90000000000001
710 0.1462590380753338 71
711 0.1463972864357138 71.10000000000001
712 0.1465355760567278 71.2
713 0.1466734415042721 71.3
714 0.1468108874173877 71.40000000000001
715 0.146948012300351 71.5
716 0.147084582514146 71.60000000000001
717 0.1472220689107498 71.7
718 0.1473592905145754 71.8
719 0.1474972371261774 71.90000000000001
720 0.1476361969021805 72
721 0.1477759582657878 72.10000000000001
722 0.1479167705774827 72.2
723 0.1480584064354992 72.3
724 0.1482002784601874 72.40000000000001
725 0.148342697842743 72.5
726 0.148485005921029 72.60000000000001
727 0.1486269200189604 72.7
728 0.1487692486920879 72.8
729 0.148911272781075 72.90000000000001
730 0.1490533962210131 73
731 0.1491931376014591 73.10000000000001
732 0.1493307298360389 73.2
733 0.1494686622674093 73.3
734 0.149606861322264 73.40000000000001
735 0.1497450519374483 73.5
736 0.149883333152782 73.60000000000001
737 0.1500215447118583 73.7
738 0.1501594546691117 73.8
739 0.1502973697365 73.90000000000001
740 0.1504354748701502 74
741 0.1505737041644632 74.10000000000001
742 0.1507123137358347 74.2
743 0.1508515102209779 74.3
744 0.1509913934296949 74.40000000000001
745 0.1511320134329129 74.5
746 0.151273225564656 74.60000000000001
747 0.1514147295098877 74.7
748 0.1515563966297669 74.8
749 0.1516976614695944 74.90000000000001
750 0.1518393623051893 75
751 0.1519821045317136 75.10000000000001
752 0.1521262239249866 75.2
753 0.1522683599673238 75.3
754 0.1524097782272916 75.40000000000001
755 0.152551882657986 75.5
756 0.1526942083193468 75.60000000000001
757 0.1528364106797032 75.7
758 0.1529791015900857 75.8
759 0.1531225199766242 75.90000000000001
760 0.1532660070715846 76
761 0.1534100210782001 76.10000000000001
762 0.1535533248423797 76.2
763 0.1536969738353915 76.3
764 0.1538397042367368 76.40000000000001
765 0.1539815783721087 76.5
766 0.1541241697742502 76.60000000000001
767 0.1542674914957418 76.7
768 0.1544109628171305 76.80000000000001
769 0.1545546587257955 76.90000000000001
770 0.1546985931062624 77
771 0.154842372959856 77.10000000000001
772 0.1549859560603233 77.2
773 0.155128786951192 77.30000000000001
774 0.1552718563897214 77.40000000000001
775 0.1554150761016898 77.5
776 0.1555587565816465 77.60000000000001
777 0.1557024014111063 77.7
778 0.1558459311542224 77.80000000000001
779 0.1559899066992081 77.90000000000001
780 0.1561336683587025 78
781 0.1562777518687219 78.10000000000001
782 0.1564222035627023 78.2
783 0.1565669606206229 78.30000000000001
784 0.1567115997359177 78.40000000000001
785 0.1568561777612312 78.5
786 0.1570003390977358 78.60000000000001
787 0.1571442677101281 78.7
788 0.1572871697058801 78.80000000000001
789 0.1574301566276675 78.90000000000001
790 0.1575722286508638 79
791 0.1577149153585473 79.10000000000001
792 0.1578584782667411 79.2
793 0.1580016485445273 79.30000000000001
794 0.1581449891246959 79.40000000000001
795 0.1582891645113797 79.5
796 0.158434805136717 79.60000000000001
797 0.158581834318065 79.7
798 0.1587298600681096 79.80000000000001
799 0.1588776350575128 79.90000000000001
800 0.1590267256564177 80
801 0.1591772783818029 80.10000000000001
802 0.1593282054533973 80.2
803 0.1594786380047861 80.30000000000001
804 0.1596288671171232 80.40000000000001
805 0.1597790449795411 80.5
806 0.1599292373406058 80.60000000000001
807 0.1600797692864885 80.7
808 0.160230960883387 80.80000000000001
809 0.1603832077758054 80.90000000000001
810 0.1605360538828352 81
811 0.1606902703025394 81.10000000000001
812 0.1608447309905989 81.2
813 0.1610009901741415 81.30000000000001
814 0.1611572591254098 81.40000000000001
815 0.1613134991068909 81.5
816 0.1614692568451491 81.60000000000001
817 0.1616238784927667 81.7
818 0.1617792804454677 81.80000000000001
819 0.1619352385309865 81.90000000000001
820 0.1620917334585545 82
821 0.1622478813093187 82.10000000000001
822 0.1624014890562854 82.2
823 0.1625533519610263 82.30000000000001
824 0.1627047612281682 82.40000000000001
825 0.1628541196625393 82.5
826 0.1629993195483859 82.60000000000001
827 0.1631422704755041 82.7
828 0.1632847973871371 82.80000000000001
829 0.1634253754627425 82.90000000000001
830 0.1635652180749926 83
831 0.1637047365896963 83.10000000000001
832 0.1638434812833016 83.2
833 0.1639816487132381 83.30000000000001
834 0.1641188960856506 83.40000000000001
835 0.164255258522489 83.5
836 0.1643903948980392 83.60000000000001
837 0.1645257834693445 83.7
838 0.1646612598717581 83.80000000000001
839 0.1647970942804756 83.90000000000001
840 0.1649331958642239 84
841 0.165069696145808 84.10000000000001
842 0.1652067087269142 84.2
843 0.1653441767656864 84.30000000000001
844 0.1654823877855251 84.40000000000001
845 0.1656212482305556 84.5
846 0.1657608398536467 84.60000000000001
847 0.1659010480980058 84.7
848 0.1660419301844057 84.80000000000001
849 0.1661830641704195 84.90000000000001
850 0.1663237943720442 85
851 0.1664651342858676 85.10000000000001
852 0.1666073533618838 85.2
853 0.1667504865895619 85.30000000000001
854 0.1668944828045028 85.40000000000001
855 0.1670392632038318 85.5
856 0.1671846959834814 85.60000000000001
857 0.1673307821889096 85.7
858 0.1674762576417853 85.80000000000001
859 0.1676207651608692 85.90000000000001
860 0.167765710294085 86
861 0.1679109029887514 86.10000000000001
862 0.1680558445950928 86.2
863 0.168199275642268 86.30000000000001
864 0.1683428382473328 86.40000000000001
865 0.1684862581174114 86.5
866 0.1686286013053882 86.60000000000001
867 0.1687702799915344 86.7
868 0.1689120690437874 86.80000000000001
869 0.1690541674405457 86.90000000000001
870 0.1691965159181704 87
871 0.1693387639632925 87.10000000000001
872 0.1694798741547404 87.2
873 0.1696204059023533 87.30000000000001
874 0.1697606372409645 87.40000000000001
875 0.1699002565252788 87.5
876 0.1700383164833691 87.60000000000001
877 0.1701746469809008 87.7
878 0.1703096890972249 87.80000000000001
879 0.1704438008049829 87.90000000000001
880 0.1705781704137951 88
881 0.1707118477550789 88.10000000000001
882 0.170845392520361 88.2
883 0.1709792444916954 88.30000000000001
884 0.1711124483724714 88.40000000000001
885 0.1712444452764023 88.5
886 0.1713734369354566 88.60000000000001
887 0.1715008911998848 88.7
888 0.1716256534095315 88.80000000000001
889 0.1717499366327266 88.90000000000001
890 0.1718755048593899 89
891 0.1720022943928782 89.10000000000001
892 0.1721305071390981 89.2
893 0.1722600917307219 89.30000000000001
894 0.1723898059971362 89.40000000000001
895 0.1725181122000166 89.5
896 0.1726464125708563 89.60000000000001
897 0.1727734975130586 89.7
898 0.1728984477781173 89.80000000000001
899 0.1730234965086021 89.90000000000001
900 0.1731500887338531 90
901 0.1732773388576503 90.10000000000001
902 0.1734044671770797 90.2
903 0.1735330216766686 90.30000000000001
904 0.1736622457836982 90.40000000000001
905 0.1737915637509052 90.5
906 0.1739219208284631 90.60000000000001
907 0.1740531903455151 90.7
908 0.1741849002517265 90.80000000000001
909 0.1743161409401299 90.90000000000001
910 0.1744471930439193 91
911 0.1745774704770671 91.10000000000001
912 0.1747084324379246 91.2
913 0.1748396711536393 91.30000000000001
914 0.174972064110506 91.40000000000001
915 0.1751053567428935 91.5
916 0.1752398873022651 91.60000000000001
917 0.17537478446172 91.7
918 0.1755082242881817 91.80000000000001
919 0.1756394740733977 91.90000000000001
920 0.1757694826986232 92
921 0.1758992352748199 92.10000000000001
922 0.1760282258647436 92.2
923 0.1761572239733454 92.30000000000001
924 0.176286783015056 92.40000000000001
925 0.1764167629898598 92.5
926 0.1765460801671898 92.60000000000001
927 0.1766754718478707 92.7
928 0.1768040446373581 92.80000000000001
929 0.1769323703802972 92.90000000000001
930 0.1770602240769207 93
931 0.1771873629284175 93.10000000000001
932 0.1773138685270724 93.2
933 0.1774404566652406 93.30000000000001
934 0.1775673793943455 93.40000000000001
935 0.1776937160787247 93.5
936 0.1778191949026076 93.60000000000001
937 0.1779444173071459 93.7
938 0.1780691889704522 93.80000000000001
939 0.1781948054510092 93.90000000000001
940 0.1783210889077175 94
941 0.1784482629598497 94.10000000000001
942 0.178575459035893 94.2
943 0.1787021882334741 94.30000000000001
944 0.1788287341819514 94.40000000000001
945 0.1789545829081252 94.5
946 0.1790813595622301 94.60000000000001
947 0.1792090926306869 94.7
948 0.1793367228009486 94.80000000000001
949 0.1794642528894043 94.90000000000001
950 0.1795919384148835 95
951 0.1797204918252559 95.10000000000001
952 0.1798496532073559 95.2
953 0.1799791695918285 95.30000000000001
954 0.1801075527125311 95.40000000000001
955 0.1802362848731797 95.5
956 0.1803660105620068 95.60000000000001
957 0.1804966421632274 95.7
958 0.1806279984486421 95.80000000000001
959 0.1807591685855672 95.90000000000001
960 0.1808888198615331 96
961 0.1810190285613629 96.10000000000001
962 0.1811498204523407 96.2
963 0.1812806017809225 96.30000000000001
964 0.1814117600718259 96.40000000000001
965 0.1815436008262286 96.5
966 0.1816761635057344 96.60000000000001
967 0.1818097114528427 96.7
968 0.181942862513917 96.80000000000001
969 0.1820775221529823 96.90000000000001
970 0.1822130481629343 97
971 0.1823488664830058 97.10000000000001
972 0.1824856110457463 97.2
973 0.1826229813300471 97.30000000000001
974 0.1827600464526723 97.40000000000001
975 0.1828969471654206 97.5
976 0.1830333112835958 97.60000000000001
977 0.18317004156172 97.7
978 0.1833063525282627 97.80000000000001
979 0.1834416975757221 97.90000000000001
980 0.1835765382873563 98
981 0.1837114082823415 98.10000000000001
982 0.1838466778902367 98.2
983 0.1839811316840647 98.30000000000001
984 0.1841152339368626 98.40000000000001
985 0.1842499554459336 98.5
986 0.1843850282371353 98.60000000000001
987 0.1845202264506578 98.7
988 0.1846541164483828 98.80000000000001
989 0.1847876385879638 98.90000000000001
990 0.1849210607341707 99
991 0.1850538995637354 99.10000000000001
992 0.1851874061101748 99.2
993 0.1853219561422176 99.30000000000001
994 0.1854581950627006 99.40000000000001
995 0.1855961488999514 99.5
996 0.1857356633910602 99.60000000000001
997 0.1858760353451137 99.7
998 0.1860168301525457 99.80000000000001
999 0.1861571791006083 99.90000000000001
1000 0.1862983790200611 100
1001 0.1864407854218155 100.1
1002 0.1865837521716868 100.2
1003 0.1867286707094466 100.3
1004 0.1868755031592616 100.4
1005 0.1870226898798936 100.5
1006 0.1871700245943497 100.6
1007 0.1873183115048812 100.7
1008 0.1874679098793604 100.8
1009 0.1876181654818402 100.9
1010 0.1877683344730383 101
1011 0.1879188940398256 101.1
1012 0.1880698850191272 101.2
1013 0.188220523587581 101.3
1014 0.188369476548988 101.4
1015 0.1885167197844313 101.5
1016 0.1886629803698771 101.6
1017 0.188807587655927 101.7
1018 0.1889518381419288 101.8
1019 0.1890958330165243 101.9
1020 0.1892398280378019 102
1021 0.1893832484530962 102.1
1022 0.1895266511157663 102.2
1023 0.1896701890226793 102.3
1024 0.1898142792222871 102.4
1025 0.1899586236383383 102.5
1026 0.1901036361685912 102.6
1027 0.1902480182467637 102.7
1028 0.190392242349819 102.8
1029 0.1905360363500876 102.9
1030 0.1906786867374111 103
1031 0.1908213534573536 103.1
1032 0.1909643894041353 103.2
1033 0.1911087157544888 103.3
1034 0.1912542742901306 103.4
1035 0.1914009514233745 103.5
1036 0.1915473020477195 103.6
1037 0.1916942872183827 103.7
1038 0.1918421338140792 103.8
1039 0.1919911102786044 103.9
1040 0.1921403507299618 104
1041 0.1922897853603364 104.1
1042 0.192440292115309 104.2
1043 0.1925906175648868 104.3
1044 0.1927399792258032 104.4
1045 0.1928895937073515 104.5
1046 0.1930384029278516 104.6
1047 0.1931861897895944 104.7
1048 0.193333832099344 104.8
1049 0.1934784068754964 104.9
1050 0.1936199806481448 105
1051 0.193758565331744 105.1
1052 0.1938933988651322 105.2
1053 0.1940274331108567 105.3
1054 0.1941604671425194 105.4
1055 0.1942926127448182 105.5
1056 0.1944253569537395 105.6
1057 0.1945587904611714 105.7
1058 0.1946921156860952 105.8
1059 0.1948244745581353 105.9
1060 0.1949555280455844 106
1061 0.1950845895866395 106.1
1062 0.1952135409412178 106.2
1063 0.1953399568275217 106.3
1064 0.1954663848725366 106.4
1065 0.1955932364847948 106.5
1066 0.1957198671472826 106.6
1067 0.1958467160690407 106.7
1068 0.1959742024763988 106.8
1069 0.1961022778635959 106.9
1070 0.1962303453197183 107
1071 0.1963577865456921 107.1
1072 0.1964855711603108 107.2
1073 0.1966122816486335 107.3
1074 0.1967386508135396 107.4
1075 0.1968628745811388 107.5
1076 0.1969868456609246 107.6
1077 0.1971102629690468 107.7
1078 0.1972298812283488 107.8
1079 0.1973460954703841 107.9
1080 0.1974618463668833 108
1081 0.1975772095766923 108.1
1082 0.1976934780139716 108.2
1083 0.197809134281696 108.3
1084 0.1979254299602837 108.4
1085 0.1980428835670472 108.5
1086 0.1981609194708256 108.6
1087 0.1982797094838043 108.7
1088 0.1984001180324818 108.8
1089 0.1985221357718372 108.9
1090 0.1986460045700977 109
1091 0.1987697665637098 109.1
1092 0.1988953913621791 109.2
1093 0.1990228182779957 109.3
1094 0.1991524516508605 109.4
1095 0.199283198526096 109.5
1096 0.1994142196312247 109.6
1097 0.1995430428715057 109.7
1098 0.1996726801182276 109.8
1099 0.1998034164672126 109.9
1100 0.1999323969530115 110
1101 0.200060641166806 110.1
1102 0.2001892669816857 110.2
1103 0.2003188877511118 110.3
1104 0.2004479860165968 110.4
1105 0.2005771440006255 110.5
1106 0.2007059313897103 110.6
1107 0.2008333182937991 110.7
1108 0.2009608226378502 110.8
1109 0.2010872063725679 110.9
1110 0.2012144276910222 111
1111 0.2013422423527508 111.1
1112 0.2014708221768322 111.2
1113 0.2015991400490141 111.3
1114 0.2017282651116575 111.4
1115 0.2018577525176381 111.5
1116 0.2019875709950714 111.6
1117 0.2021179419193822 111.7
1118 0.2022484948274539 111.8
1119 0.2023791355693585 111.9
1120 0.2025093967528371 112
1121 0.2026385781884783 112.1
1122 0.2027682125491087 112.2
1123 0.2028979105133626 112.3
1124 0.2030266023048481 112.4
1125 0.2031550523321038 112.5
1126 0.2032837855901044 112.6
1127 0.2034120864828036 112.7
1128 0.2035397753376442 112.8
1129 0.2036670328308012 112.9
1130 0.2037930718772406 113
1131 0.2039190453724158 113.1
1132 0.2040448231070861 113.2
1133 0.2041705550913875 113.3
1134 0.2042962670758633 113.4
1135 0.2044223426493763 113.5
1136 0.2045493368973629 113.6
1137 0.2046767662953831 113.7
1138 0.2048051251177903 113.8
1139 0.2049349539120749 113.9
1140 0.2050663614098638 114
1141 0.2051993379519337 114.1
1142 0.2053341434704671 114.2
1143 0.2054704840011443 114.3
1144 0.2056076975985881 114.4
1145 0.2057452740064382 114.5
1146 0.2058848512788023 114.6
1147 0.2060258745918145 114.7
1148 0.2061677029024046 114.8
1149 0.2063111495209074 114.9
1150 0.2064556442811764 115
1151 0.2066008754459837 115.1
1152 0.2067455840368447 115.2
1153 0.2068915746025131 115.3
1154 0.2070366000980313 115.4
1155 0.2071807927784154 115.5
1156 0.2073263982741633 115.6
1157 0.2074739254936732 115.7
1158 0.207621406060277 115.8
1159 0.2077687461270518 115.9
1160 0.2079153909448208 116
1161 0.2080618673707191 116.1
1162 0.2082071926313131 116.2
1163 0.2083531708500583 116.3
1164 0.2084989819492903 116.4
1165 0.2086439393505465 116.5
1166 0.2087880416845831 116.6
1167 0.2089319877397415 116.7
1168 0.2090751105779355 116.8
1169 0.2092180369283482 116.9
1170 0.2093613799585994 117
1171 0.2095056135679898 117.1
1172 0.2096500790475723 117.2
1173 0.2097927918520474 117.3
1174 0.2099336031803392 117.4
1175 0.210068612582817 117.5
1176 0.2102012997112505 117.6
1177 0.2103345037764162 117.7
1178 0.2104677686218073 117.8
1179 0.2105988611004058 117.9
1180 0.2107305136267464 118
1181 0.2108630597066052 118.1
1182 0.2109951307681898 118.2
1183 0.2111259717047794 118.3
1184 0.2112560267654101 118.4
1185 0.2113843024750447 118.5
1186 0.2115124181977877 118.6
1187 0.2116398830012736 118.7
1188 0.2117672304987034 118.8
1189 0.2118945979931031 118.9
1190 0.2120218936628765 119
1191 0.2121484718392454 119.1
1192 0.2122753142132013 119.2
1193 0.2124031066416089 119.3
1194 0.2125308331028018 119.4
1195 0.2126596478896815 119.5
1196 0.2127895705665503 119.6
1197 0.2129200803861828 119.7
1198 0.2130505242362477 119.8
1199 0.2131817906236425 119.9
1200 0.2133143133121466 120
1201 0.2134469459146227 120.1
1202 0.2135794436465142 120.2
1203 0.2137112009254091 120.3
1204 0.2138415927263766 120.4
1205 0.2139697406139421 120.5
1206 0.2140968739606274 120.6
1207 0.2142229403485774 120.7
1208 0.214348676508004 120.8
1209 0.2144736101481339 120.9
1210 0.2145972191579003 121
1211 0.2147188777854792 121.1
1212 0.2148393964806274 121.2
1213 0.2149593919364341 121.3
1214 0.2150793099619137 121.4
1215 0.2151994766167009 121.5
1216 0.2153194856601586 121.6
1217 0.2154392110411166 121.7
1218 0.2155597795532562 121.8
1219 0.2156815219144175 121.9
1220 0.215803909546471 122
1221 0.2159267401215363 122.1
1222 0.2160483479077291 122.2
1223 0.2161694196846418 122.3
1224 0.2162888725128828 122.4
1225 0.2164065857593109 122.5
1226 0.2165238240120981 122.6
1227 0.216639565476913 122.7
1228 0.2167557538555192 122.8
1229 0.216871862777435 122.9
1230 0.2169889103862637 123
1231 0.2171064860166701 123.1
1232 0.2172246805082881 123.2
1233 0.2173438089157814 123.3
1234 0.2174641012048725 123.4
1235 0.217585401271283 123.5
1236 0.2177075718808467 123.6
1237 0.2178302708785701 123.7
1238 0.2179535176959077 123.8
1239 0.2180776467127643 123.9
1240 0.2182027990262082 124
1241 0.2183286519355946 124.1
1242 0.2184547394241348 124.2
1243 0.2185786773917237 124.3
1244 0.2187005952116374 124.4
1245 0.218822695834603 124.5
1246 0.2189439263841356 124.6
1247 0.2190664011118734 124.7
1248 0.2191889233386801 124.8
1249 0.2193117192632311 124.9
1250 0.2194350884930361 125
1251 0.2195593575155166 125.1
1252 0.2196845474132763 125.2
1253 0.2198145836743009 125.3
1254 0.2199430577567445 125.4
1255 0.2200728501835772 125.5
1256 0.2201989219406695 125.6
1257 0.2203239761015285 125.7
1258 0.2204504379860291 125.8
1259 0.2205775601644619 125.9
1260 0.220703023536176 126
1261 0.2208297770630108 126.1
1262 0.2209564265890526 126.2
1263 0.2210819004926794 126.3
1264 0.2212077841215779 126.4
1265 0.2213319494324124 126.5
1266 0.2214562314327215 126.6
1267 0.2215815817709435 126.7
1268 0.2217082013178553 126.8
1269 0.2218360604897283 126.9
1270 0.2219647636961075 127
1271 0.2220944431706905 127.1
1272 0.2222239416920481 127.2
1273 0.2223547019878585 127.3
1274 0.2224869729650757 127.4
1275 0.2226204815623611 127.5
1276 0.2227548355615106 127.6
1277 0.2228885124196593 127.7
1278 0.2230229410400459 127.8
1279 0.2231585162037293 127.9
1280 0.2232946395383824 128
1281 0.223430869348148 128.1
1282 0.2235668130940904 128.2
1283 0.223702377757425 128.3
1284 0.2238365509727672 128.4
1285 0.2239700094145533 128.5
1286 0.2241033532275873 128.6
1287 0.224236559660514 128.7
1288 0.2243694500969014 128.8
1289 0.2245019629195083 128.9
1290 0.2246333820812418 129
1291 0.2247642092737656 129.1
1292 0.2248937291075651 129.2
1293 0.2250221729889459 129.3
1294 0.2251491223446503 129.4
1295 0.2252753186528018 129.5
1296 0.2254012546059707 129.6
1297 0.2255258170931332 129.7
1298 0.2256501712520849 129.8
1299 0.2257744909129597 129.9
1300 0.2258992136643604 130
1301 0.2260243391545861 130.1
1302 0.2261495588676813 130.2
1303 0.2262747502953389 130.3
1304 0.22640007676463 130.4
1305 0.2265258243683659 130.5
1306 0.2266520884905658 130.6
1307 0.2267773495760607 130.7
1308 0.2269029862871099 130.8
1309 0.2270292093215503 130.9
1310 0.2271559101207336 131
1311 0.2272835244888836 131.1
1312 0.2274112065813803 131.2
1313 0.227538722897474 131.3
1314 0.2276658550970405 131.4
1315 0.2277930646834246 131.5
1316 0.2279202137752757 131.6
1317 0.2280482357192209 131.7
1318 0.2281774929764538 131.8
1319 0.2283066599568985 131.9
1320 0.2284375334710949 132
1321 0.2285702648799516 132.1
1322 0.2287047633630309 132.2
1323 0.2288411468769548 132.3
1324 0.2289793169762294 132.4
1325 0.2291184996142972 132.5
1326 0.2292585192615258 132.6
1327 0.2293997175806187 132.7
1328 0.2295415497506562 132.8
1329 0.229684061149786 132.9
1330 0.2298269986000155 133
1331 0.2299694617653253 133.1
1332 0.2301113799353281 133.2
1333 0.230253401721485 133.3
1334 0.2303949303078906 133.4
1335 0.2305362643597466 133.5
1336 0.2306784127474107 133.6
1337 0.230820913330068 133.7
1338 0.2309628550096607 133.8
1339 0.2311045259074142 133.9
1340 0.2312459094970583 134
1341 0.2313873383690221 134.1
1342 0.2315292700317801 134.2
1343 0.2316716742635389 134.3
1344 0.2318124729510648 134.4
1345 0.2319518725564307 134.5
1346 0.2320913194596144 134.6
1347 0.2322285741249556 134.7
1348 0.2323650050070363 134.8
1349 0.2325007924468478 134.9
1350 0.232635972074935 135
1351 0.2327706539171344 135.1
1352 0.2329039620152982 135.2
1353 0.2330365389323254 135.3
1354 0.2331686080393491 135.4
1355 0.233299333386821 135.5
1356 0.2334287395445774 135.6
1357 0.2335552846767156 135.7
1358 0.2336796638807187 135.8
1359 0.2338023605842033 135.9
1360 0.2339210687211828 136
1361 0.2340375177330715 136.1
1362 0.2341541833739369 136.2
1363 0.2342673254379707 136.3
1364 0.2343797097001762 136.4
1365 0.2344925463381353 136.5
1366 0.2346054342854557 136.6
1367 0.2347196634072547 136.7
1368 0.234834251053781 136.8
1369 0.2349502829181849 136.9
1370 0.2350674447171889 137
1371 0.2351857250087896 137.1
1372 0.2353046404404913 137.2
1373 0.2354253449460472 137.3
1374 0.2355481691107404 137.4
1375 0.2356727581250754 137.5
1376 0.2358000129375894 137.6
1377 0.235929480860845 137.7
1378 0.2360602367279282 137.8
1379 0.236192361921579 137.9
1380 0.2363264201183978 138
1381 0.2364621381268969 138.1
1382 0.2365982261496835 138.2
1383 0.2367361107224519 138.3
1384 0.2368737330754904 138.4
1385 0.2370146168927924 138.5
1386 0.2371600188213726 138.6
1387 0.2373016104194655 138.7
1388 0.237445756679181 138.8
1389 0.2375928969112704 138.9
1390 0.2377391851702857 139
1391 0.237890871578486 139.1
1392 0.2380478687653589 139.2
1393 0.2382062298711271 139.3
1394 0.2383624492981459 139.4
1395 0.2385173200209121 139.5
1396 0.2386677221495333 139.6
1397 0.2388160252381551 139.7
1398 0.2389602613485418 139.8
1399 0.2391011527906678 139.9
1400 0.2392350958974233 140
1401 0.2393640825378606 140.1
1402 0.2394913105251408 140.2
1403 0.2396179583444641 140.3
1404 0.2397435888444944 140.4
1405 0.2398669480092597 140.5
1406 0.2399896923673546 140.6
1407 0.2401134697178602 140.7
1408 0.240239750397378 140.8
1409 0.2403577111122629 140.9
1410 0.2404735591529749 141
1411 0.2405932632873302 141.1
1412 0.2407139836344505 141.2
1413 0.2408309028214515 141.3
1414 0.2409437493342799 141.4
1415 0.2410554568900858 141.5
1416 0.2411685025952904 141.6
1417 0.2412802755107573 141.7
1418 0.2413924181805923 141.8
1419 0.2415058521486095 141.9
1420 0.2416186882055194 142
1421 0.2417321823738746 142.1
1422 0.2418463498932975 142.2
1423 0.2419608052558962 142.3
1424 0.242075545628658 142.4
1425 0.2421879572380523 142.5
1426 0.2422976646837434 142.6
1427 0.2424083539245506 142.7
1428 0.2425189896774059 142.8
1429 0.2426272370336336 142.9
1430 0.2427333499223401 143
1431 0.242839132060498 143.1
1432 0.2429461452804978 143.2
1433 0.2430522245709403 143.3
1434 0.2431595912526273 143.4
1435 0.2432675487559467 143.5
1436 0.2433767199366279 143.6
1437 0.2434870642328533 143.7
1438 0.2435983879018559 143.8
1439 0.2437106712729812 143.9
1440 0.2438210428588145 144
1441 0.2439312121013992 144.1
1442 0.244041273102452 144.2
1443 0.24415051801858 144.3
1444 0.2442587751262263 144.4
1445 0.2443668044110978 144.5
1446 0.244474661577819 144.6
1447 0.2445834009590408 144.7
1448 0.2446922044422813 144.8
1449 0.244801810398653 144.9
1450 0.244911371889133 145
1451 0.2450208517527182 145.1
1452 0.2451311052268756 145.2
1453 0.2452421152451481 145.3
1454 0.2453524195374496 145.4
1455 0.245461974511759 145.5
1456 0.2455720059732795 145.6
1457 0.2456829632542556 145.7
1458 0.2457942618016014 145.8
1459 0.2459060587187611 145.9
1460 0.2460180622241357 146
1461 0.2461292085122812 146.1
1462 0.2462401985123411 146.2
1463 0.2463517082161522 146.3
1464 0.2464636685470326 146.4
1465 0.2465747932692587 146.5
1466 0.246686608158983 146.6
1467 0.2467995029500917 146.7
1468 0.2469133924715013 146.8
1469 0.2470282299631649 146.9
1470 0.2471439173852669 147
1471 0.2472596601659761 147.1
1472 0.2473757533160299 147.2
1473 0.2474917845930343 147.3
1474 0.2476075374413428 147.4
1475 0.2477242994722867 147.5
1476 0.2478416536356779 147.6
1477 0.2479596650776334 147.7
1478 0.2480784630322847 147.8
1479 0.2481981247499796 147.9
1480 0.2483182506432596 148
1481 0.2484393107994616 148.1
1482 0.2485607404152515 148.2
1483 0.2486825100380589 148.3
1484 0.2488051875827639 148.4
1485 0.2489283095285022 148.5
1486 0.2490520197339864 148.6
1487 0.2491759875146742 148.7
1488 0.2492994371514723 148.8
1489 0.2494227289064453 148.9
1490 0.2495453649200259 149
1491 0.249669078212243 149.1
1492 0.249793460998735 149.2
1493 0.2499181621033633 149.3
1494 0.2500427024853137 149.4
1495 0.2501675073895386 149.5
1496 0.2502931353503646 149.6
1497 0.2504183087358725 149.7
1498 0.2505437452072195 149.8
1499 0.2506699396145987 149.9
1500 0.2507968947462219 150
1501 0.2509235966967435 150.1
1502 0.2510504688647867 150.2
1503 0.2511778734498688 150.3
1504 0.2513049965751148 150.4
1505 0.251430157374804 150.5
1506 0.2515537184281106 150.6
1507 0.2516771408216457 150.7
1508 0.2518011328401542 150.8
1509 0.2519247978820563 150.9
1510 0.2520493767250919 151
1511 0.2521751046303319 151.1
1512 0.2522986777485396 151.2
1513 0.2524208285553957 151.3
1514 0.252540079883579 151.4
1515 0.252660335147214 151.5
1516 0.2527818346705005 151.6
1517 0.2529052874494132 151.7
1518 0.2530269058807393 151.8
1519 0.2531482137364346 151.9
1520 0.2532698944285605 152
1521 0.2533929653929823 152.1
1522 0.2535179410995483 152.2
1523 0.2536445016308921 152.3
1524 0.2537724480854172 152.4
1525 0.2539015608271139 152.5
1526 0.2540321076107742 152.6
1527 0.2541607269800626 152.7
1528 0.2542894635934792 152.8
1529 0.2544186822001472 152.9
1530 0.2545488061217934 153
1531 0.2546809436128027 153.1
1532 0.2548159396142805 153.2
1533 0.2549542491802679 153.3
1534 0.2550930486366898 153.4
1535 0.2552303666107712 153.5
1536 0.2553670022004597 153.6
1537 0.2555029612432063 153.7
1538 0.25563602408752 153.8
1539 0.2557660515249219 153.9
1540 0.2558937204237962 154
1541 0.2560200539152487 154.1
1542 0.2561456267508573 154.2
1543 0.2562700839772414 154.3
1544 0.2563948049847043 154.4
1545 0.2565200062675073 154.5
1546 0.2566469719206251 154.6
1547 0.2567734322146381 154.7
1548 0.256899615323547 154.8
1549 0.2570216080110889 154.9
1550 0.2571467369659921 155
1551 0.2572732940080011 155.1
1552 0.257401006487226 155.2
1553 0.2575223740444441 155.3
1554 0.2576394935319884 155.4
1555 0.2577572327332041 155.5
1556 0.2578755457196302 155.6
1557 0.2579958693260994 155.7
1558 0.2581233858439672 155.8
1559 0.2582561190558353 155.9
1560 0.2583916470614429 156
1561 0.2585207109225408 156.1
1562 0.258650010749977 156.2
1563 0.2587704919522733 156.3
1564 0.2588858999282015 156.4
1565 0.2589967587979314 156.5
1566 0.2591058574616277 156.6
1567 0.2592162482086204 156.7
1568 0.2593299935489131 156.8
1569 0.259444996523269 156.9
1570 0.2595578186975883 157
1571 0.2596690734189314 157.1
1572 0.2597770011805839 157.2
1573 0.2598797278526295 157.3
1574 0.259978896728753 157.4
1575 0.2600775695414653 157.5
1576 0.2601779580251679 157.6
1577 0.2602804001120593 157.7
1578 0.2603830913012195 157.8
1579 0.2604861704844468 157.9
1580 0.260591827953729 158
1581 0.2606994218372278 158.1
1582 0.2608080149882392 158.2
1583 0.2609151809669096 158.3
1584 0.2610221893319006 158.4
1585 0.2611306153799443 158.5
1586 0.2612400523325237 158.6
1587 0.2613485084047838 158.7
1588 0.2614559794855127 158.8
1589 0.261562564850936 158.9
1590 0.2616679947095464 159
1591 0.2617724218981862 159.1
1592 0.2618768099785018 159.2
1593 0.261979815220352 159.3
1594 0.2620823246470701 159.4
1595 0.2621844825471946 159.5
1596 0.2622855858470519 159.6
1597 0.2623870036368239 159.7
1598 0.2624877213697997 159.8
1599 0.2625888188664641 159.9
1600 0.2626903280615026 160
1601 0.2627912478997086 160.1
1602 0.2628920559042325 160.2
1603 0.2629921251531284 160.3
1604 0.2630917761794546 160.4
1605 0.2631917003755642 160.5
1606 0.2632922539759941 160.6
1607 0.2633932629594972 160.7
1608 0.2634946322494649 160.8
1609 0.2635963510214629 160.9
1610 0.2636988258103987 161
1611 0.2638016420457271 161.1
1612 0.2639045573076174 161.2
1613 0.2640076597948142 161.3
1614 0.2641114047870838 161.4
1615 0.2642158681564475 161.5
1616 0.26432167426519 161.6
1617 0.2644286290226799 161.7
1618 0.264535991133961 161.8
1619 0.2646438471496708 161.9
1620 0.2647531137717198 162
1621 0.2648639820314875 162.1
1622 0.2649763179150012 162.2
1623 0.2650892911162028 162.3
1624 0.2652028912911936 162.4
1625 0.2653165821958471 162.5
1626 0.2654314236074319 162.6
1627 0.2655473013030625 162.7
1628 0.2656642065028711 162.8
1629 0.2657821127987679 162.9
1630 0.2659003745257653 163
1631 0.2660169204192794 163.1
1632 0.2661304725570294 163.2
1633 0.2662419443779308 163.3
1634 0.2663538943253399 163.4
1635 0.266466292777003 163.5
1636 0.2665784479903874 163.6
1637 0.2666913066711479 163.7
1638 0.2668037429931316 163.8
1639 0.2669151453601564 163.9
1640 0.267025517346972 164
1641 0.2671359825025831 164.1
1642 0.2672470117204746 164.2
1643 0.2673585171938807 164.3
1644 0.2674696962616939 164.4
1645 0.2675809471179985 164.5
1646 0.2676923235366405 164.6
1647 0.2678037909614402 164.7
1648 0.267915584241686 164.8
1649 0.2680274522819939 164.9
1650 0.2681389706571659 165
1651 0.268250762549502 165.1
1652 0.268362644879708 165.2
1653 0.2684743446633519 165.3
1654 0.2685846925420795 165.4
1655 0.2686954217805374 165.5
1656 0.2688053893832411 165.6
1657 0.2689134972304225 165.7
1658 0.2690189023990989 165.8
1659 0.2691238049404036 165.9
1660 0.269228127341912 166
1661 0.2693322446619192 166.1
1662 0.2694378506747791 166.2
1663 0.269545410025363 166.3
1664 0.2696536156736326 166.4
1665 0.2697619534999767 166.5
1666 0.2698709004234077 166.6
1667 0.2699801837324787 166.7
1668 0.2700898636771242 166.8
1669 0.2702010603868542 166.9
1670 0.2703143439619717 167
1671 0.2704293599971349 167.1
1672 0.2705457633022652 167.2
1673 0.2706636292788788 167.3
1674 0.2707834122042516 167.4
1675 0.2709049078157964 167.5
1676 0.2710277931567877 167.6
1677 0.2711514885752825 167.7
1678 0.2712734522388973 167.8
1679 0.271393856775289 167.9
1680 0.2715123418150662 168
1681 0.27162739463057 168.1
1682 0.271741024862097 168.2
1683 0.2718561518045352 168.3
1684 0.2719675429866026 168.4
1685 0.2720788202766412 168.5
1686 0.2721928470776266 168.6
1687 0.2723103256513095 168.7
1688 0.2724320356716347 168.8
1689 0.2725518476178063 168.9
1690 0.2726764827797301 169
1691 0.2727990468080883 169.1
1692 0.2729167601079487 169.2
1693 0.2730398247769223 169.3
1694 0.2731649238649364 169.4
1695 0.2732911059478363 169.5
1696 0.2734151430555166 169.6
1697 0.2735376939207801 169.7
1698 0.2736641037170406 169.8
1699 0.2737879229069006 169.9
1700 0.2739071709416022 170
1701 0.2740189094783266 170.1
1702 0.27413191596989 170.2
1703 0.274247125313316 170.3
1704 0.2743640381359202 170.4
1705 0.2744804056714448 170.5
1706 0.2745968152550319 170.6
1707 0.2747103956845661 170.7
1708 0.2748240153663726 170.8
1709 0.2749436046759046 170.9
1710 0.2750633985413354 171
1711 0.2751807341714297 171.1
1712 0.2753020428362934 171.2
1713 0.2754148095366937 171.3
1714 0.2755238183427547 171.4
1715 0.2756338923945189 171.5
1716 0.2757473406294503 171.6
1717 0.2758621460881262 171.7
1718 0.2759748840719022 171.8
1719 0.2760857662150267 171.9
1720 0.2761949412781068 172
1721 0.2763046349268422 172.1
1722 0.2764126199271079 172.2
1723 0.2765200830718922 172.3
1724 0.2766259127975278 172.4
1725 0.2767326243032374 172.5
1726 0.2768367778895461 172.6
1727 0.2769405761307349 172.7
1728 0.2770451671399046 172.8
1729 0.277150768887874 172.9
1730 0.277256093851908 173
1731 0.2773617137195522 173.1
1732 0.2774669555557971 173.2
1733 0.2775734599528329 173.3
1734 0.2776817561374768 173.4
1735 0.2777914419111207 173.5
1736 0.2779017696706306 173.6
1737 0.2780127470068615 173.7
1738 0.2781242487042942 173.8
1739 0.2782344328781891 173.9
1740 0.2783386669439085 174
1741 0.2784401382001346 174.1
1742 0.2785399726813165 174.2
1743 0.2786399717701953 174.3
1744 0.2787412964008185 174.4
1745 0.2788435642309544 174.5
1746 0.2789465340321963 174.6
1747 0.2790509293446902 174.7
1748 0.2791574198734679 174.8
1749 0.2792661914920413 174.9
1750 0.2793767337515216 175
1751 0.2794884152266421 175.1
1752 0.2796013998078328 175.2
1753 0.2797149520468794 175.3
1754 0.2798300631906723 175.4
1755 0.2799456234558641 175.5
1756 0.2800590018241468 175.6
1757 0.2801700879695401 175.7
1758 0.2802827654462201 175.8
1759 0.2803969498274067 175.9
1760 0.2805131974739511 176
1761 0.2806302689635037 176.1
1762 0.2807482293610334 176.2
1763 0.2808650329784602 176.3
1764 0.280977074519947 176.4
1765 0.2810886336110839 176.5
1766 0.2812005608664894 176.6
1767 0.2813122195986995 176.7
1768 0.2814227517778469 176.8
1769 0.2815334156183492 176.9
1770 0.2816442228904225 177
1771 0.2817547973160882 177.1
1772 0.2818633344285548 177.2
1773 0.2819703994751163 177.3
1774 0.2820774384781667 177.4
1775 0.2821846724949493 177.5
1776 0.2822917359775284 177.6
1777 0.2823966689617094 177.7
1778 0.2825013877193158 177.8
1779 0.2826058188768466 177.9
1780 0.2827102510213225 178
1781 0.2828149630986943 178.1
1782 0.2829201719755572 178.2
1783 0.2830259418051911 178.3
1784 0.2831318731991911 178.4
1785 0.2832378289010972 178.5
1786 0.2833440835437305 178.6
1787 0.2834495169402462 178.7
1788 0.2835537813704608 178.8
1789 0.2836579186292953 178.9
1790 0.2837620610746049 179
1791 0.2838661692739248 179.1
1792 0.2839697103976169 179.2
1793 0.284072199934813 179.3
1794 0.2841737808630216 179.4
1795 0.2842748602894026 179.5
1796 0.2843751459750282 179.6
1797 0.2844738647938295 179.7
1798 0.2845707308326255 179.8
1799 0.2846656939443687 179.9
1800 0.2847595106796734 180
1801 0.2848521706615583 180.1
1802 0.2849442246074872 180.2
1803 0.2850363366921446 180.3
1804 0.2851287059132372 180.4
1805 0.2852216882291301 180.5
1806 0.2853153275730303 180.6
1807 0.2854089500373729 180.7
1808 0.2855030559972316 180.8
1809 0.2855981624865414 180.9
1810 0.2856938157063281 181
1811 0.2857886541899948 181.1
1812 0.2858844247922676 181.2
1813 0.2859806850173152 181.3
1814 0.2860774184608214 181.4
1815 0.286174671784595 181.5
1816 0.2862709239540229 181.6
1817 0.2863670660764328 181.7
1818 0.2864602831376895 181.8
1819 0.2865540823739451 181.9
1820 0.2866487372943835 182
1821 0.2867453066294469 182.1
1822 0.2868437428378771 182.2
1823 0.2869454430401016 182.3
1824 0.2870487672401754 182.4
1825 0.2871483020330172 182.5
1826 0.2872397592154778 182.6
1827 0.2873331822356371 182.7
1828 0.2874190231989865 182.8
1829 0.2875062131477347 182.9
1830 0.2875976268330824 183
1831 0.2876894014388726 183.1
1832 0.2877819998141937 183.2
1833 0.2878766945444625 183.3
1834 0.2879797936763525 183.4
1835 0.2880867575565222 183.5
1836 0.2881936347242792 183.6
1837 0.2882978660331678 183.7
1838 0.2884000827090741 183.8
1839 0.2885084362000258 183.9
1840 0.2886171821961423 184
1841 0.2887222501868796 184.1
1842 0.2888173927989556 184.2
1843 0.2889167096588143 184.3
1844 0.2890214581408919 184.4
1845 0.2891267887086182 184.5
1846 0.2892222589164061 184.6
1847 0.2893185314966781 184.7
1848 0.2894185966985436 184.8
1849 0.2895213712900231 184.9
1850 0.2896262899855095 185
1851 0.2897311218811854 185.1
1852 0.2898370918044701 185.2
1853 0.289943570327521 185.3
1854 0.2900526514568381 185.4
1855 0.2901628460609888 185.5
1856 0.2902749466904015 185.6
1857 0.2903870408629469 185.7
1858 0.2904992990826712 185.8
1859 0.2906147431908422 185.9
1860 0.2907313888525121 186
1861 0.2908455700226272 186.1
1862 0.2909603457689701 186.2
1863 0.2910642413668001 186.3
1864 0.291164782498801 186.4
1865 0.2912637854674982 186.5
1866 0.2913640745871158 186.6
1867 0.2914650465867284 186.7
1868 0.2915664741780351 186.8
1869 0.2916644383887849 186.9
1870 0.2917582855541517 187
1871 0.2918530342596775 187.1
1872 0.291949051752118 187.2
1873 0.2920462362704492 187.3
1874 0.2921440278078048 187.4
1875 0.2922404740576287 187.5
1876 0.2923381905605694 187.6
1877 0.2924374816803431 187.7
1878 0.2925373134902342 187.8
1879 0.292637501982388 187.9
1880 0.2927368741971805 188
1881 0.2928367103155107 188.1
1882 0.2929366548174137 188.2
1883 0.2930376294587347 188.3
1884 0.2931397150184129 188.4
1885 0.2932431664560266 188.5
1886 0.2933481052117469 188.6
1887 0.2934532022817365 188.7
1888 0.2935577494809605 188.8
1889 0.2936614212318598 188.9
1890 0.2937662675106765 189
1891 0.2938722981273426 189.1
1892 0.2939789906852452 189.2
1893 0.2940861648599115 189.3
1894 0.294193964549765 189.4
1895 0.2943020763979731 189.5
1896 0.2944085050844961 189.6
1897 0.2945128050343182 189.7
1898 0.2946164896871114 189.8
1899 0.2947187153310027 189.9
1900 0.2948167583223265 190
1901 0.294913150694169 190.1
1902 0.295008407982922 190.2
1903 0.2951023615874849 190.3
1904 0.2951952134867601 190.4
1905 0.2952863841486579 190.5
1906 0.2953768947520215 190.6
1907 0.2954674766314298 190.7
1908 0.2955581364637757 190.8
1909 0.2956485836178065 190.9
1910 0.2957392390981685 191
1911 0.2958276561756289 191.1
1912 0.2959147909647892 191.2
1913 0.2960027888024824 191.3
1914 0.2960919552103548 191.4
1915 0.2961825338851711 191.5
1916 0.2962733204951818 191.6
1917 0.2963644149675261 191.7
1918 0.2964559770450558 191.8
1919 0.2965474417205284 191.9
1920 0.2966385901601592 192
1921 0.2967315801479253 192.1
1922 0.2968265021549405 192.2
1923 0.2969228466095837 192.3
1924 0.2970178282500271 192.4
1925 0.2971123270366025 192.5
1926 0.297205410030121 192.6
1927 0.2972982912244954 192.7
1928 0.2973931195628521 192.8
1929 0.297490351953127 192.9
1930 0.2975908684067236 193
1931 0.2976886713310773 193.1
1932 0.2977928148911176 193.2
1933 0.2979021612832942 193.3
1934 0.2980159468736767 193.4
1935 0.2981287999772115 193.5
1936 0.2982462409542719 193.6
1937 0.2983523377432967 193.7
1938 0.2984567098569048 193.8
1939 0.2985657921336211 193.9
1940 0.2986696923903324 194
1941 0.2987764686193124 194.1
1942 0.2988775534716839 194.2
1943 0.2989785325775476 194.3
1944 0.2990773412634714 194.4
1945 0.2991790399360599 194.5
1946 0.2992812738064407 194.6
1947 0.2993849090099873 194.7
1948 0.2994926126604078 194.8
1949 0.2996023848340983 194.9
1950 0.2997142899863409 195
1951 0.299824775631007 195.1
1952 0.2999365237273292 195.2
1953 0.3000527241407257 195.3
1954 0.3001713194410687 195.4
1955 0.3002903436459791 195.5
1956 0.300405826879121 195.6
1957 0.3005124843243202 195.7
1958 0.3006142229730032 195.8
1959 0.3007170319315182 195.9
1960 0.3008214751159684 196
1961 0.3009268058697663 196.1
1962 0.3010324200186454 196.2
1963 0.301138921322634 196.3
1964 0.3012463269689609 196.4
1965 0.3013521776063073 196.5
1966 0.3014582796509533 196.6
1967 0.3015625309105122 196.7
1968 0.3016649365357265 196.8
1969 0.301765379236815 196.9
1970 0.3018654346256073 197
1971 0.301964220940134 197.1
1972 0.3020594401830082 197.2
1973 0.3021509937201378 197.3
1974 0.3022401905455007 197.4
1975 0.3023272669511077 197.5
1976 0.3024149314082413 197.6
1977 0.3025032303841439 197.7
1978 0.3025915895619206 197.8
1979 0.3026803985334791 197.9
1980 0.3027701433132813 198
1981 0.3028617910168627 198.1
1982 0.3029524742167643 198.2
1983 0.3030432645311595 198.3
1984 0.3031353402500552 198.4
1985 0.3032284198914837 198.5
1986 0.3033217959279291 198.6
1987 0.303413962443096 198.7
1988 0.3035059391211987 198.8
1989 0.3035975279578779 198.9
1990 0.3036894402748418 199
1991 0.3037807912821761 199.1
1992 0.303873063553405 199.2
1993 0.3039659974656505 199.3
1994 0.3040600267467203 199.4
1995 0.3041556956091107 199.5
1996 0.3042526095157994 199.6
1997 0.3043501430863161 199.7
1998 0.3044487165933691 199.8
1999 0.3045469001989662 199.9
2000 0.3046465092000004 200
2001 0.3047450806325341 200.1
2002 0.3048457857286082 200.2
2003 0.3049473443720956 200.3
2004 0.3050517714291428 200.4
2005 0.3051600885805567 200.5
2006 0.3052751763162006 200.6
2007 0.3053937209267544 200.7
2008 0.305503297615739 200.8
2009 0.3056136228767672 200.9
2010 0.3057337865068231 201
2011 0.3058466441595858 201.1
2012 0.305954059872707 201.2
2013 0.3060600733511084 201.3
2014 0.3061688350471101 201.4
2015 0.3062785260870627 201.5
2016 0.306387105729543 201.6
2017 0.3064936593601732 201.7
2018 0.3065955865682231 201.8
2019 0.306692489673692 201.9
2020 0.306795087531628 202
2021 0.3068971553513718 202.1
2022 0.3069927415127017 202.2
2023 0.3070827114221001 202.3
2024 0.3071737996565828 202.4
2025 0.3072642411347104 202.5
2026 0.3073558055849726 202.6
2027 0.3074454086759645 202.7
2028 0.3075330706598601 202.8
2029 0.3076201476883136 202.9
2030 0.3077110652254996 203
2031 0.3078034250739477 203.1
2032 0.3078915731868751 203.2
2033 0.3079776557450509 203.3
2034 0.3080562657040596 203.4
2035 0.3081350506900253 203.5
2036 0.3082150174800539 203.6
2037 0.3082948619517697 203.7
2038 0.3083723754969198 203.8
2039 0.3084513538862644 203.9
2040 0.3085323130299402 204
2041 0.3086135747890202 204.1
2042 0.3086950042949507 204.2
2043 0.3087756232975286 204.3
2044 0.3088563867142023 204.4
2045 0.308938220399558 204.5
2046 0.309018885184015 204.6
2047 0.3090986631674036 204.7
2048 0.3091787735622716 204.8
2049 0.3092600006237923 204.9
2050 0.309342594593986 205
2051 0.309426680884413 205.1
2052 0.3095116809454428 205.2
2053 0.3095970600367653 205.3
2054 0.3096844526478035 205.4
2055 0.3097747038562508 205.5
2056 0.3098676258026173 205.6
2057 0.3099600996386951 205.7
2058 0.310055678228256 205.8
2059 0.3101532213638505 205.9
2060 0.3102499940958345 206
2061 0.3103442416868373 206.1
2062 0.3104427208513146 206.2
2063 0.3105340399177128 206.3
2064 0.3106241055536959 206.4
2065 0.3107125490835651 206.5
2066 0.3108004790196711 206.6
2067 0.3108882128189245 206.7
2068 0.3109765006241378 206.8
2069 0.3110653978548917 206.9
2070 0.3111551651472415 207
2071 0.3112455859905741 207.1
2072 0.3113369885962501 207.2
2073 0.3114314071049922 207.3
2074 0.3115287687710798 207.4
2075 0.3116291212584981 207.5
2076 0.3117264365385841 207.6
2077 0.3118216577916498 207.7
2078 0.3119070124097363 207.8
2079 0.3119988746054549 207.9
2080 0.3120949620414952 208
2081 0.312182106963162 208.1
2082 0.3122717285604761 208.2
2083 0.3123624052980427 208.3
2084 0.3124564965540662 208.4
2085 0.3125515914776706 208.5
2086 0.3126486580097638 208.6
2087 0.3127465445708896 208.7
2088 0.3128431631800581 208.8
2089 0.312931220239446 208.9
2090 0.3130214346707859 209
2091 0.3131138521952109 209.1
2092 0.3132076576775406 209.2
2093 0.3133005295778953 209.3
2094 0.3133943527351329 209.4
2095 0.3134890509762259 209.5
2096 0.3135832390194003 209.6
2097 0.3136746128881952 209.7
2098 0.3137664303479699 209.8
2099 0.3138573901963279 209.9
2100 0.31394981712689 210
2101 0.3140418660636568 210.1
2102 0.3141364436831705 210.2
2103 0.3142346368248004 210.3
2104 0.3143369651957978 210.4
2105 0.314439938152142 210.5
2106 0.3145484247128252 210.6
2107 0.3146584271963516 210.7
2108 0.3147632569598604 210.8
2109 0.3148616754061797 210.9
2110 0.3149627398344782 211
2111 0.3150608696480077 211.1
2112 0.3151596242408257 211.2
2113 0.3152602089433159 211.3
2114 0.3153627308711401 211.4
2115 0.3154688074872126 211.5
2116 0.3155748838078364 211.6
2117 0.3156800101981824 211.7
2118 0.3157855975488011 211.8
2119 0.3158911516574407 211.9
2120 0.3159948674133716 212
2121 0.3160991734502944 212.1
2122 0.3162044290157519 212.2
2123 0.3163107459182076 212.3
2124 0.3164189298769662 212.4
2125 0.3165265232661897 212.5
2126 0.3166339153757741 212.6
2127 0.316743663052252 212.7
2128 0.3168560098727374 212.8
2129 0.3169679185392471 212.9
2130 0.3170731515735782 213
2131 0.3171791083216762 213.1
2132 0.3172800071772308 213.2
2133 0.317380090254103 213.3
2134 0.3174792977514543 213.4
2135 0.3175812915373624 213.5
2136 0.3176871527631068 213.6
2137 0.3177948558537881 213.7
2138 0.3179022013368246 213.8
2139 0.3180110398924904 213.9
2140 0.3181144785285102 214
2141 0.3182184750733295 214.1
2142 0.318324417305217 214.2
2143 0.3184318717485464 214.3
2144 0.3185418622468028 214.4
2145 0.3186557903006927 214.5
2146 0.318771351160815 214.6
2147 0.3188833357109436 214.7
2148 0.3189919965231128 214.8
2149 0.319105748661042 214.9
2150 0.3192231656496858 215
2151 0.3193393133750949 215.1
2152 0.3194575804969024 215.2
2153 0.3195759388418561 215.3
2154 0.3196923670060945 215.4
2155 0.3198115032936885 215.5
2156 0.3199252537626697 215.6
2157 0.3200333905792855 215.7
2158 0.3201424923275198 215.8
2159 0.3202524616969315 215.9
2160 0.3203615251632619 216
2161 0.3204726423782939 216.1
2162 0.3205745864766131 216.2
2163 0.3206795980297152 216.3
2164 0.3207860052038435 216.4
2165 0.3208931918868339 216.5
2166 0.3209988908907958 216.6
2167 0.3211073241804676 216.7
2168 0.3212096628491602 216.8
2169 0.3213117039473607 216.9
2170 0.3214178673117472 217
2171 0.3215261328848226 217.1
2172 0.321635117944073 217.2
2173 0.3217419769262598 217.3
2174 0.3218450398924814 217.4
2175 0.3219442308212286 217.5
2176 0.3220441532838137 217.6
2177 0.3221410833004925 217.7
2178 0.32223664665421 217.8
2179 0.3223320277385309 217.9
2180 0.3224286640323354 218
2181 0.3225273079158289 218.1
2182 0.322622442891336 218.2
2183 0.3227151562485177 218.3
2184 0.3228096009869126 218.4
2185 0.3229084564323046 218.5
2186 0.3230079410169956 218.6
2187 0.3231067662553603 218.7
2188 0.3232044299409436 218.8
2189 0.3233057244920893 218.9
2190 0.3234098808647911 219
2191 0.3235148202550802 219.1
2192 0.3236143755712077 219.2
2193 0.3237145582358213 219.3
2194 0.323817643595639 219.4
2195 0.3239241430764662 219.5
2196 0.3240344331094288 219.6
2197 0.3241449065536201 219.7
2198 0.3242502722915541 219.8
2199 0.3243575747283765 219.9
2200 0.3244664933126827 220
2201 0.3245773103624798 220.1
2202 0.3246893466735268 220.2
2203 0.3248023313282145 220.3
2204 0.3249118254232515 220.4
2205 0.3250120372284556 220.5
2206 0.3251169918149864 220.6
2207 0.3252254217293045 220.7
2208 0.3253355081953711 220.8
2209 0.3254480521900316 220.9
2210 0.3255567490075749 221
2211 0.3256680989043867 221.1
2212 0.325781915739176 221.2
2213 0.3258926801571507 221.3
2214 0.3260005574738241 221.4
2215 0.3261100297902531 221.5
2216 0.3262224016538112 221.6
2217 0.3263288183098187 221.7
2218 0.3264317792320002 221.8
2219 0.3265359327062613 221.9
2220 0.32664071302368 222
2221 0.3267454571084478 222.1
2222 0.3268501977987455 222.2
2223 0.3269535617619887 222.3
2224 0.3270574118303434 222.4
2225 0.3271617078478474 222.5
2226 0.3272691277089986 222.6
2227 0.3273802039889213 222.7
2228 0.3274912574391808 222.8
2229 0.3276048574657615 222.9
2230 0.3277171319744747 223
2231 0.3278274032578138 223.1
2232 0.3279373606095178 223.2
2233 0.3280479834208146 223.3
2234 0.3281573525353746 223.4
2235 0.3282673366107405 223.5
2236 0.3283718415577934 223.6
2237 0.3284763420508756 223.7
2238 0.3285829668390166 223.8
2239 0.3286905804391662 223.9
2240 0.328797072813115 224
2241 0.3289031251852507 224.1
2242 0.3290119768229578 224.2
2243 0.3291250085673331 224.3
2244 0.3292411665580077 224.4
2245 0.3293472519234117 224.5
2246 0.3294547769066511 224.6
2247 0.3295619564200486 224.7
2248 0.3296671391666479 224.8
2249 0.3297696832392337 224.9
2250 0.3298664865019896 225
2251 0.3299593129804811 225.1
2252 0.3300463660126691 225.2
2253 0.3301348613285746 225.3
2254 0.3302242996603137 225.4
2255 0.3303102911039781 225.5
2256 0.3303952041388513 225.6
2257 0.3304820355679559 225.7
2258 0.3305685380872514 225.8
2259 0.3306526839627385 225.9
2260 0.3307366670743617 226
2261 0.3308229782794249 226.1
2262 0.3309114460807036 226.2
2263 0.3310056858882875 226.3
2264 0.3310992568474641 226.4
2265 0.3311894223513483 226.5
2266 0.3312799653355 226.6
2267 0.3313688555578126 226.7
2268 0.3314532028079422 226.8
2269 0.3315417746328352 226.9
2270 0.3316346125563989 227
2271 0.3317284283530699 227.1
2272 0.3318181310273863 227.2
2273 0.3319103689806975 227.3
2274 0.3320058017928182 227.4
2275 0.332103474434016 227.5
2276 0.3322004862215576 227.6
2277 0.3322923112044607 227.7
2278 0.3323850691431765 227.8
2279 0.3324749573398904 227.9
2280 0.3325666323259271 228
2281 0.3326612373817363 228.1
2282 0.3327538059881452 228.2
2283 0.3328485343029607 228.3
2284 0.3329462116367684 228.4
2285 0.333043798506461 228.5
2286 0.3331373302582387 228.6
2287 0.3332237038606097 228.7
2288 0.3333083654473147 228.8
2289 0.3333891755100991 228.9
2290 0.3334672416269326 229
2291 0.3335461500691876 229.1
2292 0.3336253387750413 229.2
2293 0.3337018152839833 229.3
2294 0.333777409078913 229.4
2295 0.3338509620823607 229.5
2296 0.3339227611637733 229.6
2297 0.3339940813585591 229.7
2298 0.3340645608571987 229.8
2299 0.3341343448688184 229.9
2300 0.3342031308269434 230
2301 0.334271850016494 230.1
2302 0.3343416918982894 230.2
2303 0.3344119881283886 230.3
2304 0.3344822504625569 230.4
2305 0.3345525175864963 230.5
2306 0.3346214620236208 230.6
2307 0.3346872278847988 230.7
2308 0.3347534389762532 230.8
2309 0.334819140769561 230.9
2310 0.3348841099210732 231
2311 0.3349495931754699 231.1
2312 0.3350151243231306 231.2
2313 0.3350794635165842 231.3
2314 0.3351441076309844 231.4
2315 0.3352070286698866 231.5
2316 0.3352697979199685 231.6
2317 0.3353325789071084 231.7
2318 0.3353942943483866 231.8
2319 0.335458095157095 231.9
2320 0.3355215266317375 232
2321 0.3355860005450703 232.1
2322 0.335651288406722 232.2
2323 0.3357175538854718 232.3
2324 0.3357832144609837 232.4
2325 0.3358399666238073 232.5
2326 0.3358911529017494 232.6
2327 0.3359458313382258 232.7
2328 0.3360025927838651 232.8
2329 0.3360622124441575 232.9
2330 0.3361232340516561 233
2331 0.3361869411397584 233.1
2332 0.3362531625036399 233.2
2333 0.3363184450046421 233.3
2334 0.3363804440697847 233.4
2335 0.3364390105708543 233.5
2336 0.3364973470939151 233.6
2337 0.336556167765429 233.7
2338 0.3366158304559172 233.8
2339 0.3366734850347338 233.9
2340 0.3367317371991158 234
2341 0.3367897823204598 234.1
2342 0.3368481920325306 234.2
2343 0.3369062240156062 234.3
2344 0.3369636873652582 234.4
2345 0.3370222452170943 234.5
2346 0.3370820578456599 234.6
2347 0.3371429578371943 234.7
2348 0.3372033859699565 234.8
2349 0.3372645524278384 234.9
2350 0.3373252102462028 235
2351 0.3373862331470378 235.1
2352 0.3374475721574557 235.2
2353 0.3375093484528403 235.3
2354 0.3375715531039802 235.4
2355 0.3376327017565187 235.5
2356 0.3376939215924815 235.6
2357 0.3377549883370786 235.7
2358 0.3378161529869602 235.8
2359 0.3378755710249238 235.9
2360 0.3379332146633025 236
2361 0.3379899195689949 236.1
2362 0.3380465763330148 236.2
2363 0.3381025139493167 236.3
2364 0.3381581222822969 236.4
2365 0.3382137275221295 236.5
2366 0.3382678255607888 236.6
2367 0.3383206244966114 236.7
2368 0.3383772244815898 236.8
2369 0.3384356378853468 236.9
2370 0.3384946612115652 237
2371 0.3385474576659398 237.1
2372 0.3385951036665524 237.2
2373 0.3386447205825011 237.3
2374 0.338696527364739 237.4
2375 0.33875016756516 237.5
2376 0.3388033148483825 237.6
2377 0.3388583703566109 237.7
2378 0.3389131852563742 237.8
2379 0.3389709661935539 237.9
2380 0.339031244268935 238
2381 0.3390873551635921 238.1
2382 0.3391411020237793 238.2
2383 0.3391930728870299 238.3
2384 0.3392470190754679 238.4
2385 0.3393046953721214 238.5
2386 0.3393648578481347 238.6
2387 0.3394192453238058 238.7
2388 0.3394715989862357 238.8
2389 0.3395267557395578 238.9
2390 0.3395827694133151 239
2391 0.3396406321022564 239.1
2392 0.3396991502369783 239.2
2393 0.3397583149704149 239.3
2394 0.3398064518483231 239.4
2395 0.3398557859808571 239.5
2396 0.3399085594412187 239.6
2397 0.3399634824789765 239.7
2398 0.3400199188992023 239.8
2399 0.340072991866567 239.9
2400 0.3401248367542193 240
2401 0.3401773336733748 240.1
2402 0.3402314158903312 240.2
2403 0.3402856041766434 240.3
2404 0.3403384026210986 240.4
2405 0.3403922747946882 240.5
2406 0.3404462603031803 240.6
2407 0.3405005089175629 240.7
2408 0.3405553786568326 240.8
2409 0.3406096191564941 240.9
2410 0.3406649186753326 241
2411 0.3407211243969289 241.1
2412 0.340776458438638 241.2
2413 0.3408321649654072 241.3
2414 0.3408880258401393 241.4
2415 0.3409440322070123 241.5
2416 0.3410008916198303 241.6
2417 0.3410564035214884 241.7
2418 0.3411115143044102 241.8
2419 0.3411663660800848 241.9
2420 0.3412190894897071 242
2421 0.3412729144680965 242.1
2422 0.341327123698365 242.2
2423 0.3413809159326773 242.3
2424 0.3414346293479355 242.4
2425 0.3414883785607706 242.5
2426 0.3415417879519034 242.6
2427 0.3415958005884342 242.7
2428 0.3416504207071145 242.8
2429 0.3417047546303538 242.9
2430 0.3417593948618892 243
2431 0.3418146176502215 243.1
2432 0.3418703219525464 243.2
2433 0.3419262041418294 243.3
2434 0.3419823132599296 243.4
2435 0.342038920531077 243.5
2436 0.3420948899130494 243.6
2437 0.3421516015390807 243.7
2438 0.3422080164403027 243.8
2439 0.3422649516583693 243.9
2440 0.3423221847222003 244
2441 0.3423793907712344 244.1
2442 0.3424359735047313 244.2
2443 0.3424924453925798 244.3
2444 0.3425489898531468 244.4
2445 0.3426062091057098 244.5
2446 0.3426634655272399 244.6
2447 0.3427194518350182 244.7
2448 0.3427735545106081 244.8
2449 0.3428271052071861 244.9
2450 0.3428814080041153 245
2451 0.3429363517522606 245.1
2452 0.3429915648503016 245.2
2453 0.3430456389932222 245.3
2454 0.3430995758462937 245.4
2455 0.3431544173745303 245.5
2456 0.3432096000380615 245.6
2457 0.3432649351152963 245.7
2458 0.3433210239856717 245.8
2459 0.3433780206027354 245.9
2460 0.3434361163088614 246
2461 0.3434951576725444 246.1
2462 0.3435549492311977 246.2
2463 0.3436160008481451 246.3
2464 0.3436784336647473 246.4
2465 0.343742457383272 246.5
2466 0.3438087368887918 246.6
2467 0.3438723718873496 246.7
2468 0.343935433080004 246.8
2469 0.3440036179560418 246.9
2470 0.3440773388724531 247
2471 0.3441454739934649 247.1
2472 0.3442098055497853 247.2
2473 0.3442687606870819 247.3
2474 0.3443216544938723 247.4
2475 0.3443789723361668 247.5
2476 0.3444396459628914 247.6
2477 0.3445012550577915 247.7
2478 0.3445649372908479 247.8
2479 0.3446301436059301 247.9
2480 0.3446937484716767 248
2481 0.3447543395904527 248.1
2482 0.3448112670426025 248.2
2483 0.3448661501185125 248.3
2484 0.3449199556258777 248.4
2485 0.344972826246746 248.5
2486 0.3450252704155122 248.6
2487 0.3450767723558829 248.7
2488 0.3451275616615641 248.8
2489 0.3451783894063903 248.9
2490 0.3452281505975446 249
2491 0.3452773255715785 249.1
2492 0.3453262077277294 249.2
2493 0.3453753659157191 249.3
2494 0.345423287205314 249.4
2495 0.3454699483601492 249.5
2496 0.345514352090798 249.6
2497 0.3455586593185592 249.7
2498 0.3456041974603133 249.8
2499 0.3456508865172824 249.9
2500 0.3456987746311926 250
2501 0.3457478781172396 250.1
2502 0.3457985282827831 250.2
2503 0.3458503184295697 250.3
2504 0.3459045680925489 250.4
2505 0.3459587171535881 250.5
2506 0.3460133113147464 250.6
2507 0.3460725730170103 250.7
2508 0.3461300612677407 250.8
2509 0.3461809405128136 250.9
2510 0.346230391754086 251
2511 0.3462816774337532 251.1
2512 0.3463356101960234 251.2
2513 0.3463871533492595 251.3
2514 0.3464386556448629 251.4
2515 0.3464925637815591 251.5
2516 0.3465463945818764 251.6
2517 0.3466015377725677 251.7
2518 0.346657571370984 251.8
2519 0.3467117191615538 251.9
2520 0.3467671805541686 252
2521 0.3468210316385263 252.1
2522 0.3468678829927311 252.2
2523 0.346920238907549 252.3
2524 0.3469727220263769 252.4
2525 0.3470301949569147 252.5
2526 0.3470878981214318 252.6
2527 0.3471396688958395 252.7
2528 0.3471910047953062 252.8
2529 0.3472463852783184 252.9
2530 0.347299646598738 253
2531 0.3473454978180212 253.1
2532 0.3473953186487762 253.2
2533 0.3474476000478516 253.3
2534 0.3475004706473209 253.4
2535 0.3475537064193699 253.5
2536 0.3476066910036237 253.6
2537 0.3476571837953558 253.7
2538 0.3477039120344611 253.8
2539 0.3477523347601844 253.9
2540 0.3478013258015286 254
2541 0.3478518515110386 254.1
2542 0.3479063355038037 254.2
2543 0.3479639100382244 254.3
2544 0.3480223743673532 254.4
2545 0.3480824265775203 254.5
2546 0.3481451691497563 254.6
2547 0.3482051437390419 254.7
2548 0.3482608928320099 254.8
2549 0.3483173143529419 254.9
2550 0.3483738061858844 255
2551 0.3484304450875033 255.1
2552 0.3484873041570171 255.2
2553 0.3485443044574423 255.3
2554 0.3486020781315262 255.4
2555 0.348658902602919 255.5
2556 0.3487155409192326 255.6
2557 0.3487723498313469 255.7
2558 0.3488295690958109 255.8
2559 0.3488872012587479 255.9
2560 0.3489446021144014 256
2561 0.3490022190357802 256.1
2562 0.3490565052189523 256.2
2563 0.3491105107439119 256.3
2564 0.3491633637426587 256.4
2565 0.349216302631446 256.5
2566 0.3492691455258993 256.6
2567 0.34932176982874 256.7
2568 0.3493737131554546 256.8
2569 0.3494250510300537 256.9
2570 0.3494762673992 257
2571 0.3495262725570758 257.1
2572 0.3495749397450719 257.2
2573 0.3496233857867182 257.3
2574 0.3496717945817326 257.4
2575 0.3497207163193995 257.5
2576 0.3497702262225304 257.6
2577 0.3498204305437329 257.7
2578 0.3498713589323152 257.8
2579 0.349923027415377 257.9
2580 0.3499754585288327 258
2581 0.3500286641053731 258.1
2582 0.350082654850974 258.2
2583 0.3501372211209245 258.3
2584 0.3501924577092526 258.4
2585 0.3502484584843936 258.5
2586 0.3503049806087929 258.6
2587 0.3503609457812529 258.7
2588 0.350418127566934 258.8
2589 0.3504738663462188 258.9
2590 0.3505300425619627 259
2591 0.3505875343334018 259.1
2592 0.350646999097167 259.2
2593 0.3507083366563989 259.3
2594 0.3507713057932297 259.4
2595 0.3508355201868947 259.5
2596 0.350900489152546 259.6
2597 0.3509661666705373 259.7
2598 0.351032283772161 259.8
2599 0.3510978542793379 259.9
2600 0.3511624461664143 260
2601 0.3512277942138623 260.1
2602 0.3512938458952554 260.2
2603 0.351360529604558 260.3
2604 0.3514278640044427 260.4
2605 0.3514959656341716 260.5
2606 0.3515649123869367 260.6
2607 0.3516342598976538 260.7
2608 0.3517050459451368 260.8
2609 0.3517718946760064 260.9
2610 0.3518396167014375 261
2611 0.3519072807869545 261.1
2612 0.3519746627829682 261.2
2613 0.35204521658732 261.3
2614 0.3521209144654185 261.4
2615 0.3521927686881746 261.5
2616 0.3522651841277183 261.6
2617 0.3523392329866864 261.7
2618 0.3524110851690205 261.8
2619 0.3524668775209163 261.9
2620 0.3525250522229422 262
2621 0.3525851274060476 262.1
2622 0.3526469922553662 262.2
2623 0.3527098625629251 262.3
2624 0.3527727123437763 262.4
2625 0.3528352098457176 262.5
2626 0.3528942735679015 262.6
2627 0.3529486690026397 262.7
2628 0.3529996266008007 262.8
2629 0.3530506982382937 262.9
2630 0.3531021271132742 263
2631 0.3531547418324319 263.1
2632 0.3532089091911501 263.2
2633 0.3532648562737034 263.3
2634 0.3533204817445848 263.4
2635 0.3533763661924343 263.5
2636 0.3534339791331378 263.6
2637 0.3534936263318025 263.7
2638 0.3535537156131629 263.8
2639 0.3536141176054327 263.9
2640 0.3536740541314725 264
2641 0.3537295852820606 264.1
2642 0.3537841480591823 264.2
2643 0.3538400391936378 264.3
2644 0.3538985178982877 264.4
2645 0.3539587972546023 264.5
2646 0.354015621656713 264.6
2647 0.3540727975860254 264.7
2648 0.3541310658929293 264.8
2649 0.3541896046853467 264.9
2650 0.3542450639328769 265
2651 0.3543002468188528 265.1
2652 0.3543548708244151 265.2
2653 0.3544082006009258 265.3
2654 0.354460480985578 265.4
2655 0.3545116191307931 265.5
2656 0.3545609489289882 265.6
2657 0.3546086032326534 265.7
2658 0.3546553148005937 265.8
2659 0.3547000303301042 265.9
2660 0.3547452460432735 266
2661 0.3547911420926074 266.1
2662 0.3548376863416021 266.2
2663 0.3548848560573217 266.3
2664 0.3549323243808585 266.4
2665 0.3549794411770677 266.5
2666 0.3550267107256443 266.6
2667 0.3550737783339438 266.7
2668 0.3551209862584567 266.8
2669 0.355168254284393 266.9
2670 0.3552154351883046 267
2671 0.3552633961147389 267.1
2672 0.3553125973215743 267.2
2673 0.3553619955095469 267.3
2674 0.3554118240840579 267.4
2675 0.3554623240622842 267.5
2676 0.3555134567066667 267.6
2677 0.3555650962350441 267.7
2678 0.3556175271154554 267.8
2679 0.3556704762229917 267.9
2680 0.3557236083765296 268
2681 0.3557768868312562 268.1
2682 0.3558308638366009 268.2
2683 0.3558853114898423 268.3
2684 0.3559397686521505 268.4
2685 0.3559945312276045 268.5
2686 0.3560506000801597 268.6
2687 0.356107084188915 268.7
2688 0.3561635571132444 268.8
2689 0.3562208926058618 268.9
2690 0.3562789383993346 269
2691 0.3563378673993965 269.1
2692 0.3563960456895839 269.2
2693 0.356448025232509 269.3
2694 0.3565003251273181 269.4
2695 0.356555068871854 269.5
2696 0.3566108041809021 269.6
2697 0.3566653264980577 269.7
2698 0.3567210091903099 269.8
2699 0.3567771414551369 269.9
2700 0.3568331338488628 270
2701 0.3568876645482784 270.1
2702 0.3569423133730884 270.2
2703 0.356996350661519 270.3
2704 0.3570519284606744 270.4
2705 0.3571074494692066 270.5
2706 0.3571627581952119 270.6
2707 0.3572188464641099 270.7
2708 0.3572763234921011 270.8
2709 0.357337018036898 270.9
2710 0.3573960471756101 271
2711 0.3574542279114955 271.1
2712 0.3575058230980827 271.2
2713 0.3575588675444163 271.3
2714 0.3576149796311234 271.4
2715 0.3576732258098287 271.5
2716 0.3577354433134499 271.6
2717 0.3577986166724708 271.7
2718 0.3578626675453769 271.8
2719 0.3579337447750451 271.9
2720 0.3580056236309371 272
2721 0.3580785650918179 272.1
2722 0.3581415699575281 272.2
2723 0.358204547604861 272.3
2724 0.3582592179665551 272.4
2725 0.3583153698609561 272.5
2726 0.3583718760092504 272.6
2727 0.3584304819337791 272.7
2728 0.358488555200035 272.8
2729 0.3585478775749342 272.9
2730 0.3586057711768024 273
2731 0.3586647423300759 273.1
2732 0.3587258034740688 273.2
2733 0.3587893044499036 273.3
2734 0.3588527907317804 273.4
2735 0.3589156998927369 273.5
2736 0.358977157704334 273.6
2737 0.3590368245414015 273.7
2738 0.3590945204078323 273.8
2739 0.3591523933115424 273.9
2740 0.3592128756901833 274
2741 0.3592752160582881 274.1
2742 0.3593403172902234 274.2
2743 0.3594067820400837 274.3
2744 0.3594696802467742 274.4
2745 0.3595348698302259 274.5
2746 0.3596034603176901 274.6
2747 0.3596734457605434 274.7
2748 0.3597436171266913 274.8
2749 0.3598084061501208 274.9
2750 0.3598810698703657 275
2751 0.3599502777209476 275.1
2752 0.3600191424990684 275.2
2753 0.3600814200446648 275.3
2754 0.3601403834750746 275.4
2755 0.3601943161435327 275.5
2756 0.3602482529104284 275.6
2757 0.3603024730834464 275.7
2758 0.3603571739156156 275.8
2759 0.3604124586831655 275.9
2760 0.3604671071919691 276
2761 0.3605214902196375 276.1
2762 0.3605767584544294 276.2
2763 0.3606332452756037 276.3
2764 0.3606911274471533 276.4
2765 0.3607505690290455 276.5
2766 0.3608104035460409 276.6
2767 0.3608708623408295 276.7
2768 0.360931204614608 276.8
2769 0.3609907779585831 276.9
2770 0.3610489251001376 277
2771 0.3611023417260736 277.1
2772 0.3611513811256676 277.2
2773 0.3611995523413707 277.3
2774 0.3612473145231582 277.4
2775 0.3612948516041939 277.5
2776 0.3613421812459413 277.6
2777 0.3613900406201083 277.7
2778 0.3614385926556015 277.8
2779 0.3614876127263014 277.9
2780 0.3615359799017746 278
2781 0.361584791315798 278.1
2782 0.3616341720947552 278.2
2783 0.3616839650982377 278.3
2784 0.3617317367363 278.4
2785 0.3617793116286859 278.5
2786 0.3618266617508211 278.6
2787 0.3618739183908929 278.7
2788 0.3619195697964457 278.8
2789 0.3619647650225577 278.9
2790 0.3620089907125411 279
2791 0.3620532574182035 279.1
2792 0.3620977517280137 279.2
2793 0.3621424796900946 279.3
2794 0.3621873448059577 279.4
2795 0.362232519409535 279.5
2796 0.3622774506853209 279.6
2797 0.3623223623912684 279.7
2798 0.3623674238087999 279.8
2799 0.3624124073080485 279.9
2800 0.3624577473725198 280
2801 0.3625031738331942 280.1
2802 0.3625468398388776 280.2
2803 0.3625909054526315 280.3
2804 0.3626356196217556 280.4
2805 0.3626810406675965 280.5
2806 0.3627267512143734 280.6
2807 0.3627717368451084 280.7
2808 0.362816692993886 280.8
2809 0.3628611095039916 280.9
2810 0.3629055110142212 281
2811 0.3629497040316733 281.1
2812 0.3629940257392876 281.2
2813 0.3630385694944654 281.3
2814 0.363083471627666 281.4
2815 0.3631288008235485 281.5
2816 0.3631747352703746 281.6
2817 0.3632213397769587 281.7
2818 0.3632687709948341 281.8
2819 0.3633167947594562 281.9
2820 0.3633657989397972 282
2821 0.3634151095750335 282.1
2822 0.3634646724232926 282.2
2823 0.3635152223305768 282.3
2824 0.3635669746405457 282.4
2825 0.3636199950393003 282.5
2826 0.3636729428509365 282.6
2827 0.3637262925623036 282.7
2828 0.3637807287171562 282.8
2829 0.3638363855819726 282.9
2830 0.3638931507767637 283
2831 0.3639502469418455 283.1
2832 0.3640058284654323 283.2
2833 0.36406057839871 283.3
2834 0.3641143304099865 283.4
2835 0.364168175369307 283.5
2836 0.3642221695942013 283.6
2837 0.3642756622433263 283.7
2838 0.3643273024802317 283.8
2839 0.3643791609984374 283.9
2840 0.3644313979968999 284
2841 0.3644833346499199 284.1
2842 0.3645351616465414 284.2
2843 0.3645863041648957 284.3
2844 0.3646381229654749 284.4
2845 0.3646911702804265 284.5
2846 0.3647447951376218 284.6
2847 0.3647992558258795 284.7
2848 0.3648530665602757 284.8
2849 0.3649071236033056 284.9
2850 0.3649621145282295 285
2851 0.3650171971837112 285.1
2852 0.3650717371019074 285.2
2853 0.3651255867550268 285.3
2854 0.3651752129715681 285.4
2855 0.3652248062924265 285.5
2856 0.3652743539207638 285.6
2857 0.3653251422272763 285.7
2858 0.3653765626188584 285.8
2859 0.3654287227718506 285.9
2860 0.3654818969102703 286
2861 0.3655358576908044 286.1
2862 0.3655904514321257 286.2
2863 0.3656439626359905 286.3
2864 0.3656976515310941 286.4
2865 0.3657511161199497 286.5
2866 0.3658048602296171 286.6
2867 0.3658578707510613 286.7
2868 0.3659103685716025 286.8
2869 0.3659593867239984 286.9
2870 0.3660119700832559 287
2871 0.3660685389671076 287.1
2872 0.3661234363875274 287.2
2873 0.3661798612505111 287.3
2874 0.3662332773236077 287.4
2875 0.3662758242279374 287.5
2876 0.3663132034315538 287.6
2877 0.3663548112202925 287.7
2878 0.3664007641678294 287.8
2879 0.3664456093588233 287.9
2880 0.3664909480049407 288
2881 0.3665373270817455 288.1
2882 0.3665820761668676 288.2
2883 0.3666273911083092 288.3
2884 0.3666723372318529 288.4
2885 0.3667182792904821 288.5
2886 0.366765383053708 288.6
2887 0.3668138977831903 288.7
2888 0.3668631064865813 288.8
2889 0.3669130764285551 288.9
2890 0.3669636935907988 289
2891 0.3670143634877254 289.1
2892 0.3670633702923335 289.2
2893 0.3671138485846893 289.3
2894 0.3671621618182839 289.4
2895 0.367209018600068 289.5
2896 0.3672606718709568 289.6
2897 0.367313797861158 289.7
2898 0.3673674298617285 289.8
2899 0.3674181297927934 289.9
2900 0.3674610113284554 290
2901 0.3675013652000949 290.1
2902 0.3675448683320637 290.2
2903 0.3675902787185518 290.3
2904 0.3676366693107339 290.4
2905 0.3676820000126807 290.5
2906 0.3677269231893737 290.6
2907 0.3677713325690576 290.7
2908 0.3678158224384811 290.8
2909 0.3678608402869989 290.9
2910 0.3679062698440642 291
2911 0.3679514172161503 291.1
2912 0.3679957102820757 291.2
2913 0.3680389699807145 291.3
2914 0.3680824167633995 291.4
2915 0.3681255017754322 291.5
2916 0.3681690726142824 291.6
2917 0.3682122706113738 291.7
2918 0.368255891676365 291.8
2919 0.3682997835327452 291.9
2920 0.3683436133803424 292
2921 0.3683876582203284 292.1
2922 0.3684323821628053 292.2
2923 0.3684777562452047 292.3
2924 0.3685236189942241 292.4
2925 0.3685698240387694 292.5
2926 0.3686162149209 292.6
2927 0.3686629482467044 292.7
2928 0.3687101936561487 292.8
2929 0.3687577259905033 292.9
2930 0.3688053833912365 293
2931 0.3688530743418261 293.1
2932 0.3689006460947785 293.2
2933 0.3689481940790722 293.3
2934 0.3689951509097567 293.4
2935 0.3690418644281067 293.5
2936 0.3690885431994645 293.6
2937 0.3691345139736454 293.7
2938 0.3691800371268141 293.8
2939 0.3692258181862961 293.9
2940 0.369271789654792 294
2941 0.3693172484083753 294.1
2942 0.3693624148592692 294.2
2943 0.3694076974927006 294.3
2944 0.3694531254895814 294.4
2945 0.369497680344859 294.5
2946 0.3695426464185644 294.6
2947 0.3695880347720287 294.7
2948 0.3696338293144139 294.8
2949 0.3696800953511248 294.9
2950 0.3697262537294425 295
2951 0.3697730334170485 295.1
2952 0.3698204029017119 295.2
2953 0.3698684680645679 295.3
2954 0.3699176790375953 295.4
2955 0.369968155758534 295.5
2956 0.3700199931969335 295.6
2957 0.3700722636218606 295.7
2958 0.3701256827552473 295.8
2959 0.3701802529726981 295.9
2960 0.3702365734888787 296
2961 0.3702946979866133 296.1
2962 0.3703535944915058 296.2
2963 0.3704099823222586 296.3
2964 0.3704629981446644 296.4
2965 0.3705147669175308 296.5
2966 0.3705644444099556 296.6
2967 0.3706131870941853 296.7
2968 0.3706619554031745 296.8
2969 0.3707111577336527 296.9
2970 0.3707609628814748 297
2971 0.3708116135819085 297.1
2972 0.3708628829025847 297.2
2973 0.3709150447167164 297.3
2974 0.3709673154167705 297.4
2975 0.3710200088944913 297.5
2976 0.3710731317969446 297.6
2977 0.3711264550572718 297.7
2978 0.3711802698041476 297.8
2979 0.3712348347474601 297.9
2980 0.3712895297750717 298
2981 0.3713462564831519 298.1
2982 0.3714043579926448 298.2
2983 0.3714643642149162 298.3
2984 0.3715272307520485 298.4
2985 0.3715946826595086 298.5
2986 0.3716621982434672 298.6
2987 0.3717338817855444 298.7
2988 0.3718004993516874 298.8
2989 0.3718620735171613 298.9
2990 0.3719056958671444 299
2991 0.3719369702007677 299.1
2992 0.3719737894505142 299.2
2993 0.3720133943975362 299.3
2994 0.3720532287919156 299.4
2995 0.3720957101020113 299.5
2996 0.3721425295671139 299.6
2997 0.3721877513146158 299.7
2998 0.3722330943722151 299.8
2999 0.3722779122965512 299.9
3000 0.3723173355610457 300
3001 0.3723524790081242 300.1
3002 0.3723903856905343 300.2
3003 0.3724309579006054 300.3
3004 0.3724740217396749 300.4
3005 0.3725169887715121 300.5
3006 0.3725608235317853 300.6
3007 0.3726031040831476 300.7
3008 0.3726452605412361 300.8
3009 0.3726885584812764 300.9
3010 0.372733326111424 301
3011 0.3727787323307022 301.1
3012 0.3728240098269007 301.2
3013 0.3728689981164645 301.3
3014 0.3729151625694717 301.4
3015 0.3729612988807041 301.5
3016 0.3730066588908038 301.6
3017 0.3730525878842725 301.7
3018 0.3730994167826638 301.8
3019 0.3731474166442753 301.9
3020 0.373196393521635 302
3021 0.3732463162801433 302.1
3022 0.3732954924625056 302.2
3023 0.3733453046668504 302.3
3024 0.3733952440926026 302.4
3025 0.373445346310759 302.5
3026 0.3734956290286797 302.6
3027 0.3735466743881 302.7
3028 0.3735982068678047 302.8
3029 0.3736492779435212 302.9
3030 0.373700650854934 303
3031 0.3737515524340917 303.1
3032 0.3737993458742205 303.2
3033 0.3738465571218231 303.3
3034 0.3738916041127529 303.4
3035 0.3739363114643397 303.5
3036 0.3739809124850275 303.6
3037 0.3740251231783059 303.7
3038 0.3740686627968823 303.8
3039 0.3741124252742478 303.9
3040 0.3741570050659316 304
3041 0.3742024464201005 304.1
3042 0.3742486756627624 304.2
3043 0.3742956529637842 304.3
3044 0.374343215767745 304.4
3045 0.3743912051893604 304.5
3046 0.374438698452353 304.6
3047 0.3744856686870766 304.7
3048 0.3745331157557628 304.8
3049 0.3745811990159167 304.9
3050 0.3746295366338014 305
3051 0.3746776541183442 305.1
3052 0.3747260649721222 305.2
3053 0.3747749779956836 305.3
3054 0.3748246020495533 305.4
3055 0.3748744448377735 305.5
3056 0.3749246887561233 305.6
3057 0.3749758048209324 305.7
3058 0.3750271096243525 305.8
3059 0.3750782784947597 305.9
3060 0.3751296927310619 306
3061 0.3751802947971712 306.1
3062 0.375231650472678 306.2
3063 0.3752835275521202 306.3
3064 0.3753354913812867 306.4
3065 0.3753882215178817 306.5
3066 0.3754409270655026 306.6
3067 0.3754934263516507 306.7
3068 0.3755421528095957 306.8
3069 0.3755908768494674 306.9
3070 0.3756397324602402 307
3071 0.3756888763031375 307.1
3072 0.3757385803165942 307.2
3073 0.3757890398000608 307.3
3074 0.3758397635009501 307.4
3075 0.3758910750585432 307.5
3076 0.3759437880209763 307.6
3077 0.3759985620871237 307.7
3078 0.3760545926975924 307.8
3079 0.3761116920089863 307.9
3080 0.3761706485016131 308
3081 0.3762303328422397 308.1
3082 0.3762894810329317 308.2
3083 0.3763469885947267 308.3
3084 0.3764029763327498 308.4
3085 0.3764592963449016 308.5
3086 0.3765154780564943 308.6
3087 0.3765723737156321 308.7
3088 0.376630647709396 308.8
3089 0.376689976484895 308.9
3090 0.3767500035717821 309
3091 0.3768118633020259 309.1
3092 0.3768760987388768 309.2
3093 0.3769408594656968 309.3
3094 0.377001776923917 309.4
3095 0.3770530900510047 309.5
3096 0.3770854388691331 309.6
3097 0.3771174191233221 309.7
3098 0.3771520473872799 309.8
3099 0.3771889590362275 309.9
3100 0.37722867689392 310
3101 0.3772706115002608 310.1
3102 0.3773139592076798 310.2
3103 0.3773597381636861 310.3
3104 0.3774058510526625 310.4
3105 0.3774477245544366 310.5
3106 0.3774907230004241 310.6
3107 0.3775353744600943 310.7
3108 0.3775817967813979 310.8
3109 0.3776294870909082 310.9
3110 0.3776779906746374 311
3111 0.3777274086600497 311.1
3112 0.3777776063157201 311.2
3113 0.3778283903832952 311.3
3114 0.377878839806473 311.4
3115 0.377928564374869 311.5
3116 0.3779782044869248 311.6
3117 0.3780275064843908 311.7
3118 0.3780761934885786 311.8
3119 0.3781246875786273 311.9
3120 0.3781730184979153 312
3121 0.3782214706355637 312.1
3122 0.378270264423863 312.2
3123 0.3783190260448198 312.3
3124 0.378368498805973 312.4
3125 0.3784191264548907 312.5
3126 0.3784706034446783 312.6
3127 0.3785251760634725 312.7
3128 0.3785797941501116 312.8
3129 0.3786359728351628 312.9
3130 0.3786925999508329 313
3131 0.3787499108867749 313.1
3132 0.3787999332683251 313.2
3133 0.3788459034135837 313.3
3134 0.3788851554304686 313.4
3135 0.3789207226873768 313.5
3136 0.3789577451449082 313.6
3137 0.3789962056246806 313.7
3138 0.3790366002750995 313.8
3139 0.3790791847661089 313.9
3140 0.3791236071427206 314
3141 0.379168704854515 314.1
3142 0.3792144502938621 314.2
3143 0.3792603551233668 314.3
3144 0.3793074078930334 314.4
3145 0.3793533509109891 314.5
3146 0.3793987802982758 314.6
3147 0.3794441715517523 314.7
3148 0.3794892715605599 314.8
3149 0.3795338515861616 314.9
3150 0.3795788783135638 315
3151 0.3796243741671694 315.1
3152 0.3796698117705563 315.2
3153 0.3797156356020213 315.3
3154 0.3797613147703518 315.4
3155 0.3798073706814855 315.5
3156 0.3798540441732538 315.6
3157 0.3799013880341346 315.7
3158 0.3799494942649847 315.8
3159 0.3799982941262344 315.9
3160 0.3800477136739295 316
3161 0.3800970374537598 316.1
3162 0.3801467175437563 316.2
3163 0.3801959120057896 316.3
3164 0.3802456105996228 316.4
3165 0.3802957774242988 316.5
3166 0.3803458614729335 316.6
3167 0.3803959761864947 316.7
3168 0.3804458388085581 316.8
3169 0.3804958641360092 316.9
3170 0.3805459908172715 317
3171 0.3805959143935282 317.1
3172 0.3806440998102767 317.2
3173 0.3806907211068702 317.3
3174 0.3807378157363658 317.4
3175 0.3807854192369247 317.5
3176 0.3808347790813766 317.6
3177 0.3808861929283174 317.7
3178 0.3809394158532948 317.8
3179 0.3809933140152271 317.9
3180 0.3810479224403632 318
3181 0.3811030745324947 318.1
3182 0.381158873957354 318.2
3183 0.381215419348743 318.3
3184 0.381272581005978 318.4
3185 0.3813289571577754 318.5
3186 0.3813828648176716 318.6
3187 0.3814328891426409 318.7
3188 0.3814799432615654 318.8
3189 0.3815253959106182 318.9
3190 0.3815722973281781 319
3191 0.3816201350424109 319.1
3192 0.3816702153970313 319.2
3193 0.3817224267522003 319.3
3194 0.3817773903336029 319.4
3195 0.3818338370231443 319.5
3196 0.3818930087362156 319.6
3197 0.3819552717000824 319.7
3198 0.3820193463265316 319.8
3199 0.3820809076809308 319.9
3200 0.382136310158953 320
3201 0.3821762009595988 320.1
3202 0.3822091484819041 320.2
3203 0.3822442515244272 320.3
3204 0.3822815709141712 320.4
3205 0.3823212462392728 320.5
3206 0.3823629315305286 320.6
3207 0.3824064547799896 320.7
3208 0.3824512361551101 320.8
3209 0.3824973533568146 320.9
3210 0.3825447225772519 321
3211 0.3825928740667565 321.1
3212 0.382641379105955 321.2
3213 0.38269075643708 321.3
3214 0.3827406487891464 321.4
3215 0.3827908982705824 321.5
3216 0.3828412416225828 321.6
3217 0.3828915036306205 321.7
3218 0.3829413063369763 321.8
3219 0.3829896299424484 321.9
3220 0.3830349210085432 322
3221 0.3830801597171888 322.1
3222 0.3831244838303308 322.2
3223 0.3831692209021689 322.3
3224 0.3832147456914196 322.4
3225 0.3832607340798932 322.5
3226 0.3833073439111834 322.6
3227 0.3833544011903426 322.7
3228 0.3834020051470946 322.8
3229 0.3834499912649564 322.9
3230 0.3834983545146357 323
3231 0.3835451619575183 323.1
3232 0.3835923601788495 323.2
3233 0.3836402196533214 323.3
3234 0.3836887562987482 323.4
3235 0.3837383288690847 323.5
3236 0.3837872028386162 323.6
3237 0.3838360486017687 323.7
3238 0.3838854320126834 323.8
3239 0.3839348576912007 323.9
3240 0.3839842600029543 324
3241 0.3840332945790148 324.1
3242 0.3840817776487042 324.2
3243 0.3841309210558624 324.3
3244 0.3841797021212399 324.4
3245 0.3842276709585943 324.5
3246 0.3842766835599736 324.6
3247 0.3843256988785005 324.7
3248 0.3843756004874438 324.8
3249 0.3844264802177139 324.9
3250 0.3844784090543675 325
3251 0.3845307340122943 325.1
3252 0.3845839159033397 325.2
3253 0.3846374113027996 325.3
3254 0.3846915157106229 325.4
3255 0.3847458118972154 325.5
3256 0.3848010808079768 325.6
3257 0.384858049720298 325.7
3258 0.3849158276284975 325.8
3259 0.3849738870140008 325.9
3260 0.3850307337782493 326
3261 0.3850834517762209 326.1
3262 0.3851345328099337 326.2
3263 0.3851842141023812 326.3
3264 0.3852309265363041 326.4
3265 0.3852753955159751 326.5
3266 0.3853185431441969 326.6
3267 0.3853604321150919 326.7
3268 0.3854021762433041 326.8
3269 0.3854437075603424 326.9
3270 0.3854856275761011 327
3271 0.3855281532149962 327.1
3272 0.3855720287882821 327.2
3273 0.3856173126835797 327.3
3274 0.3856642906311933 327.4
3275 0.3857131098201034 327.5
3276 0.385763471412303 327.6
3277 0.3858158616599214 327.7
3278 0.3858690408399394 327.8
3279 0.3859239263553945 327.9
3280 0.3859803044016953 328
3281 0.3860374553747323 328.1
3282 0.3860940179559288 328.2
3283 0.3861503759669199 328.3
3284 0.3862066159799387 328.4
3285 0.386260985200793 328.5
3286 0.3863131659058251 328.6
3287 0.3863614645796658 328.7
3288 0.3864101232223849 328.8
3289 0.3864599211325409 328.9
3290 0.3865114019601778 329
3291 0.3865648869066673 329.1
3292 0.3866203935642467 329.2
3293 0.3866777179913848 329.3
3294 0.3867363765946324 329.4
3295 0.3867962622323504 329.5
3296 0.3868573733259641 329.6
3297 0.3869198450226672 329.7
3298 0.3869837987552903 329.8
3299 0.3870498294826571 329.9
3300 0.387118088374737 330
3301 0.3871888437377111 330.1
3302 0.3872628116325366 330.2
3303 0.3873386096725637 330.3
3304 0.3874122075764343 330.4
3305 0.3874770792486524 330.5
3306 0.3875231280058592 330.6
3307 0.3875642202221939 330.7
3308 0.3876069318811928 330.8
3309 0.3876523373662147 330.9
3310 0.387700580593499 331
3311 0.3877499538699795 331.1
3312 0.387802099575061 331.2
3313 0.3878544754122026 331.3
3314 0.3879065322142846 331.4
3315 0.3879594313660187 331.5
3316 0.3880090844954794 331.6
3317 0.388057515854849 331.7
3318 0.3881076123651317 331.8
3319 0.388158287330606 331.9
3320 0.388210363856426 332
3321 0.388263561200422 332.1
3322 0.388317671495942 332.2
3323 0.38837252467905 332.3
3324 0.388426175694303 332.4
3325 0.3884790696198321 332.5
3326 0.3885329877659191 332.6
3327 0.3885876290579998 332.7
3328 0.3886420150128946 332.8
3329 0.3886963645275097 332.9
3330 0.3887494914885489 333
3331 0.3888007846497 333.1
3332 0.3888516924076665 333.2
3333 0.388902167125991 333.3
3334 0.3889529890931077 333.4
3335 0.3890032566708777 333.5
3336 0.3890522330170076 333.6
3337 0.3891008454897629 333.7
3338 0.3891499807736868 333.8
3339 0.3892001302975204 333.9
3340 0.3892512826255647 334
3341 0.3893028539230295 334.1
3342 0.3893519484658771 334.2
3343 0.3893989519410971 334.3
3344 0.3894455354040784 334.4
3345 0.389493010544752 334.5
3346 0.3895412604249955 334.6
3347 0.3895906681266058 334.7
3348 0.3896415565602899 334.8
3349 0.3896933715597199 334.9
3350 0.3897458426457612 335
3351 0.3897986238881443 335.1
3352 0.3898485785755424 335.2
3353 0.3898965446483441 335.3
3354 0.3899451078365692 335.4
3355 0.3899944614417495 335.5
3356 0.3900446274534377 335.6
3357 0.3900956947624816 335.7
3358 0.3901479426242728 335.8
3359 0.3902014013529516 335.9
3360 0.3902563185419644 336
3361 0.3903129244393428 336.1
3362 0.3903711567222824 336.2
3363 0.3904308805626522 336.3
3364 0.3904906279848778 336.4
3365 0.3905505084252461 336.5
3366 0.3906068902917052 336.6
3367 0.3906606699380734 336.7
3368 0.3907124647087152 336.8
3369 0.3907646345181969 336.9
3370 0.3908172140023896 337
3371 0.3908701341041757 337.1
3372 0.3909240930143567 337.2
3373 0.3909788054601476 337.3
3374 0.3910356451530076 337.4
3375 0.3910903970693994 337.5
3376 0.3911495342218341 337.6
3377 0.3912107458853427 337.7
3378 0.3912734235443789 337.8
3379 0.3913356215914869 337.9
3380 0.3913961262014786 338
3381 0.3914504874939778 338.1
3382 0.3914994195592972 338.2
3383 0.3915441075322892 338.3
3384 0.3915903993144547 338.4
3385 0.3916383595985738 338.5
3386 0.3916877484155509 338.6
3387 0.3917392920485496 338.7
3388 0.3917928300967146 338.8
3389 0.3918481504081133 338.9
3390 0.3919053080126033 339
3391 0.3919641374244208 339.1
3392 0.3920234320966965 339.2
3393 0.392082092967006 339.3
3394 0.392141374770153 339.4
3395 0.3922011251604593 339.5
3396 0.392262382948359 339.6
3397 0.3923251943421019 339.7
3398 0.3923890599567945 339.8
3399 0.3924531634161756 339.9
3400 0.3925176061499235 340
3401 0.392582107666492 340.1
3402 0.3926458037312781 340.2
3403 0.3927107422428585 340.3
3404 0.392777691769276 340.4
3405 0.3928452958980945 340.5
3406 0.3929147194985114 340.6
3407 0.3929851414785442 340.7
3408 0.3930568121074511 340.8
3409 0.3931252270714367 340.9
3410 0.3931860498230133 341
3411 0.3932317706274318 341.1
3412 0.3932642241012173 341.2
3413 0.3932987259329665 341.3
3414 0.3933347016677278 341.4
3415 0.3933726962608378 341.5
3416 0.3934131482437527 341.6
3417 0.3934556426241114 341.7
3418 0.3935001925573639 341.8
3419 0.3935463078610977 341.9
3420 0.3935925064942701 342
3421 0.3936394004904543 342.1
3422 0.3936871562292428 342.2
3423 0.3937360451437372 342.3
3424 0.3937862121680837 342.4
3425 0.3938378141961791 342.5
3426 0.393889571873239 342.6
3427 0.3939414174393289 342.7
3428 0.3939928177306817 342.8
3429 0.3940441345301329 342.9
3430 0.3940962662017916 343
3431 0.3941484049690691 343.1
3432 0.3942003675476581 343.2
3433 0.3942505556430935 343.3
3434 0.3942995752006644 343.4
3435 0.3943462549120444 343.5
3436 0.3943912404935805 343.6
3437 0.3944344665386674 343.7
3438 0.3944777194244863 343.8
3439 0.3945218877364733 343.9
3440 0.3945670060835463 344
3441 0.3946127257773187 344.1
3442 0.3946585243462895 344.2
3443 0.394703950058129 344.3
3444 0.3947503578474308 344.4
3445 0.3947978629494003 344.5
3446 0.3948465775072728 344.6
3447 0.394896522699013 344.7
3448 0.3949472440399244 344.8
3449 0.3949992456000699 344.9
3450 0.3950529760717165 345
3451 0.3951084089150362 345.1
3452 0.3951654828388044 345.2
3453 0.3952212609090233 345.3
3454 0.3952774571392812 345.4
3455 0.3953345523572228 345.5
3456 0.3953921462115585 345.6
3457 0.3954495623219883 345.7
3458 0.3955071076607452 345.8
3459 0.3955609294291105 345.9
3460 0.3956129362954727 346
3461 0.3956654936858984 346.1
3462 0.3957182214927021 346.2
3463 0.3957714325587353 346.3
3464 0.395824037221609 346.4
3465 0.3958762462628851 346.5
3466 0.3959281505961285 346.6
3467 0.3959799132746037 346.7
3468 0.3960312480187205 346.8
3469 0.3960816765906629 346.9
3470 0.3961321639085543 347
3471 0.3961814920207389 347.1
3472 0.3962298327319929 347.2
3473 0.3962777064695631 347.3
3474 0.3963255351193654 347.4
3475 0.3963740236852922 347.5
3476 0.3964233936604593 347.6
3477 0.3964738349249953 347.7
3478 0.3965247143930878 347.8
3479 0.3965751337721254 347.9
3480 0.3966268588913847 348
3481 0.3966801865176361 348.1
3482 0.3967349589854757 348.2
3483 0.3967894240470572 348.3
3484 0.3968445139160416 348.4
3485 0.3969004497094828 348.5
3486 0.3969559994652848 348.6
3487 0.3970135877314923 348.7
3488 0.3970730636323182 348.8
3489 0.3971292471275429 348.9
3490 0.3971840861998677 349
3491 0.3972379874718177 349.1
3492 0.397293169571946 349.2
3493 0.3973509964179159 349.3
3494 0.3974107771240896 349.4
3495 0.3974711714544733 349.5
3496 0.397528562032808 349.6
3497 0.3975883618382614 349.7
3498 0.3976511379420836 349.8
3499 0.3977163229585269 349.9
3500 0.3977825956633071 350
3501 0.3978484935174033 350.1
3502 0.3979125412455258 350.2
3503 0.3979741014451033 350.3
3504 0.3980322677742744 350.4
3505 0.3980907449839043 350.5
3506 0.3981498866877491 350.6
3507 0.3982087252328005 350.7
3508 0.3982679703513287 350.8
3509 0.3983275929783894 350.9
3510 0.3983878214603088 351
3511 0.3984489873432513 351.1
3512 0.398511771274126 351.2
3513 0.3985770510275407 351.3
3514 0.3986452371371854 351.4
3515 0.3987176835899753 351.5
3516 0.3987934459007195 351.6
3517 0.3988662335190793 351.7
3518 0.3989362026888967 351.8
3519 0.3989983749636778 351.9
3520 0.3990397810550994 352
3521 0.3990800578841588 352.1
3522 0.3991214978769341 352.2
3523 0.399164272634375 352.3
3524 0.399208989759845 352.4
3525 0.3992547136606695 352.5
3526 0.3992953821671595 352.6
3527 0.3993349094031693 352.7
3528 0.3993765534094105 352.8
3529 0.3994205890611046 352.9
3530 0.3994671355282866 353
3531 0.3995162316802173 353.1
3532 0.3995658544688359 353.2
3533 0.3996146898087967 353.3
3534 0.3996637621111984 353.4
3535 0.3997127533510831 353.5
3536 0.3997630589977957 353.6
3537 0.3998148305614688 353.7
3538 0.3998674053981107 353.8
3539 0.3999214008158102 353.9
3540 0.3999758731912794 354
3541 0.4000294152398216 354.1
3542 0.4000809953118505 354.2
3543 0.4001307164203949 354.3
3544 0.400178206080922 354.4
3545 0.4002239004273408 354.5
3546 0.400267427009198 354.6
3547 0.4003101933516012 354.7
3548 0.4003521513992137 354.8
3549 0.4003941742707293 354.9
3550 0.4004364211705648 355
3551 0.4004789541908401 355.1
3552 0.4005226413888879 355.2
3553 0.4005676081251398 355.3
3554 0.4006126970963423 355.4
3555 0.4006585763998244 355.5
3556 0.4007046961378598 355.6
3557 0.4007525100019981 355.7
3558 0.4008013639259286 355.8
3559 0.4008515715298196 355.9
3560 0.4009026578079056 356
3561 0.4009541157557572 356.1
3562 0.4010055550521366 356.2
3563 0.40105667460514 356.3
3564 0.4011067154961556 356.4
3565 0.4011556180761265 356.5
3566 0.4012040320896426 356.6
3567 0.4012509605082027 356.7
3568 0.4012970297047169 356.8
3569 0.4013433881089801 356.9
3570 0.4013906024522811 357
3571 0.4014391890945064 357.1
3572 0.4014891688717165 357.2
3573 0.4015402203391522 357.3
3574 0.4015912626600098 357.4
3575 0.4016411827318837 357.5
3576 0.4016913966385679 357.6
3577 0.4017401259432865 357.7
3578 0.4017866242334047 357.8
3579 0.4018326349976538 357.9
3580 0.4018801020361861 358
3581 0.4019292942635624 358.1
3582 0.4019803060806451 358.2
3583 0.4020316918767673 358.3
3584 0.4020843473256296 358.4
3585 0.402139030218599 358.5
3586 0.4021957055822674 358.6
3587 0.4022542905208203 358.7
3588 0.4023137455009433 358.8
3589 0.402372324312675 358.9
3590 0.4024303571223666 359
3591 0.4024855820572474 359.1
3592 0.4025370619733423 359.2
3593 0.4025880181936412 359.3
3594 0.4026390428258897 359.4
3595 0.4026903880389593 359.5
3596 0.4027421730000803 359.6
3597 0.4027945625978419 359.7
3598 0.4028474696567017 359.8
3599 0.4028996388297353 359.9
3600 0.4029523069122562 360
3601 0.4030059956093301 360.1
3602 0.4030623968342915 360.2
3603 0.4031220546796235 360.3
3604 0.4031832441361383 360.4
3605 0.4032452712390379 360.5
3606 0.4033052690728083 360.6
3607 0.4033635975191581 360.7
3608 0.4034205211978171 360.8
3609 0.4034792389926508 360.9
3610 0.4035387180660552 361
3611 0.4035966990360026 361.1
3612 0.4036526646373594 361.2
3613 0.4037021182320888 361.3
3614 0.4037451667526952 361.4
3615 0.4037890890543331 361.5
3616 0.4038360004991412 361.6
3617 0.4038861671397296 361.7
3618 0.4039386003432094 361.8
3619 0.4039914266247189 361.9
3620 0.4040455793045996 362
3621 0.4041003200914228 362.1
3622 0.4041569803317813 362.2
3623 0.4042159499358139 362.3
3624 0.4042774528588356 362.4
3625 0.4043420132058659 362.5
3626 0.4044103235591368 362.6
3627 0.4044766003640325 362.7
3628 0.4045434497087565 362.8
3629 0.4046041323317133 362.9
3630 0.4046580891422175 363
3631 0.404693201605216 363.1
3632 0.4047240918555247 363.2
3633 0.4047565978536163 363.3
3634 0.4047913600819363 363.4
3635 0.4048276106428941 363.5
3636 0.4048649712691799 363.6
3637 0.4049043032089469 363.7
3638 0.4049455820982476 363.8
3639 0.4049888742176594 363.9
3640 0.4050341049745236 364
3641 0.4050808241132695 364.1
3642 0.405128443009085 364.2
3643 0.4051762075700284 364.3
3644 0.4052234850574579 364.4
3645 0.405267569674234 364.5
3646 0.4053087884223175 364.6
3647 0.4053494035499204 364.7
3648 0.4053893908078942 364.8
3649 0.4054296168061324 364.9
3650 0.4054696941339597 365
3651 0.4055102819717465 365.1
3652 0.4055513147359948 365.2
3653 0.4055920941149926 365.3
3654 0.4056335420396451 365.4
3655 0.4056756651883822 365.5
3656 0.4057180457371862 365.6
3657 0.405761231530871 365.7
3658 0.4058052023934006 365.8
3659 0.4058503737302291 365.9
3660 0.4058968996493197 366
3661 0.4059448332084245 366.1
3662 0.4059936326920505 366.2
3663 0.4060427348614789 366.3
3664 0.406092307661636 366.4
3665 0.4061421806427138 366.5
3666 0.4061914486735472 366.6
3667 0.4062390805792893 366.7
3668 0.4062870093809204 366.8
3669 0.4063342173944691 366.9
3670 0.4063801906529891 367
3671 0.4064278928363974 367.1
3672 0.4064760534220088 367.2
3673 0.4065244381826418 367.3
3674 0.4065737138092723 367.4
3675 0.4066237710150992 367.5
3676 0.4066747723362374 367.6
3677 0.4067266840929625 367.7
3678 0.4067787228062765 367.8
3679 0.4068304893998602 367.9
3680 0.4068782052512829 368
3681 0.4069253910652811 368.1
3682 0.4069724382073962 368.2
3683 0.4070196652088611 368.3
3684 0.4070674225940347 368.4
3685 0.4071159804532112 368.5
3686 0.4071656142603215 368.6
3687 0.4072165801179711 368.7
3688 0.4072688307839418 368.8
3689 0.4073216295164066 368.9
3690 0.4073745766560089 369
3691 0.4074282175488458 369.1
3692 0.407481908559394 369.2
3693 0.407533721793752 369.3
3694 0.40758407116857 369.4
3695 0.4076327422195176 369.5
3696 0.4076791579727531 369.6
3697 0.4077248549894904 369.7
3698 0.4077709129277615 369.8
3699 0.4078177079477208 369.9
3700 0.4078652816421107 370
3701 0.4079138134884145 370.1
3702 0.4079632681473678 370.2
3703 0.4080137905185174 370.3
3704 0.4080647023612374 370.4
3705 0.4081161120653184 370.5
3706 0.4081691396346685 370.6
3707 0.4082239035458574 370.7
3708 0.4082813102725 370.8
3709 0.4083413315600936 370.9
3710 0.4084037250977477 371
3711 0.4084685805569402 371.1
3712 0.4085346907745233 371.2
3713 0.4086001094073785 371.3
3714 0.4086610439424003 371.4
3715 0.4087184451009238 371.5
3716 0.40877382012202 371.6
3717 0.4088288022624861 371.7
3718 0.4088846280019354 371.8
3719 0.408940126889107 371.9
3720 0.4089967149003098 372
3721 0.4090545965945917 372.1
3722 0.4091132109308411 372.2
3723 0.4091725616627054 372.3
3724 0.4092334895638262 372.4
3725 0.4092949606127055 372.5
3726 0.4093588918944753 372.6
3727 0.4094252392576234 372.7
3728 0.4094930621349165 372.8
3729 0.4095609150703481 372.9
3730 0.4096283017927833 373
3731 0.4096957385877721 373.1
3732 0.4097626270138141 373.2
3733 0.4098283686630449 373.3
3734 0.4098929813496969 373.4
3735 0.4099557067081607 373.5
3736 0.4100167414530769 373.6
3737 0.4100776718332468 373.7
3738 0.4101402008679604 373.8
3739 0.4102054550622733 373.9
3740 0.4102733462668573 374
3741 0.4103381937019264 374.1
3742 0.4104087275357017 374.2
3743 0.4104723288124846 374.3
3744 0.4105328489245718 374.4
3745 0.4105756333785043 374.5
3746 0.4106087015684189 374.6
3747 0.410641503951245 374.7
3748 0.410675260635476 374.8
3749 0.4107106291344871 374.9
3750 0.4107482186394625 375
3751 0.410788353571908 375.1
3752 0.4108307855543287 375.2
3753 0.4108760379861345 375.3
3754 0.4109241630185763 375.4
3755 0.4109743842554684 375.5
3756 0.411026535892863 375.6
3757 0.4110807408899096 375.7
3758 0.4111361679273771 375.8
3759 0.4111910815302453 375.9
3760 0.411244753595681 376
3761 0.4112939409606353 376.1
3762 0.4113401347570242 376.2
3763 0.4113837338301454 376.3
3764 0.4114255739880524 376.4
3765 0.4114668079232624 376.5
3766 0.4115077517041288 376.6
3767 0.4115490397124273 376.7
3768 0.4115905349184593 376.8
3769 0.4116332816659918 376.9
3770 0.4116773643620196 377
3771 0.4117225004806124 377.1
3772 0.4117687730328947 377.2
3773 0.4118160900350187 377.3
3774 0.4118635182546845 377.4
3775 0.411911844116527 377.5
3776 0.4119604747520153 377.6
3777 0.4120092588334311 377.7
3778 0.4120570660540156 377.8
3779 0.4121036606046198 377.9
3780 0.4121484013775748 378
3781 0.4121911636620632 378.1
3782 0.4122335879247217 378.2
3783 0.4122755377403263 378.3
3784 0.4123169422496906 378.4
3785 0.412359256149513 378.5
3786 0.4124023960114949 378.6
3787 0.4124464154224129 378.7
3788 0.4124915643742554 378.8
3789 0.4125380981313423 378.9
3790 0.4125863548810801 379
3791 0.4126362832318317 379.1
3792 0.4126872920367964 379.2
3793 0.4127396336948372 379.3
3794 0.4127933204288086 379.4
3795 0.4128472033711684 379.5
3796 0.4129004111713935 379.6
3797 0.4129541551435071 379.7
3798 0.4130080218618267 379.8
3799 0.4130613680756714 379.9
3800 0.4131131654217131 380
3801 0.4131630291548091 380.1
3802 0.4132116619471179 380.2
3803 0.4132593877123403 380.3
3804 0.4133062871140013 380.4
3805 0.4133522878321113 380.5
3806 0.4133992355072624 380.6
3807 0.4134474182492004 380.7
3808 0.4134968253643067 380.8
3809 0.4135471550228506 380.9
3810 0.4135977256252638 381
3811 0.4136496689984148 381.1
3812 0.4137033741473587 381.2
3813 0.413759328431704 381.3
3814 0.4138174690807645 381.4
3815 0.4138753001242064 381.5
3816 0.4139340635977475 381.6
3817 0.41399314647427 381.7
3818 0.4140498838301297 381.8
3819 0.4141041285419492 381.9
3820 0.4141574571096427 382
3821 0.4142080387973672 382.1
3822 0.4142581638598006 382.2
3823 0.4143078894022343 382.3
3824 0.4143582728447543 382.4
3825 0.4144095225367326 382.5
3826 0.4144629448295198 382.6
3827 0.414518681683743 382.7
3828 0.4145754412179206 382.8
3829 0.4146363568250699 382.9
3830 0.4146990704211281 383
3831 0.4147625723566476 383.1
3832 0.4148244421631699 383.2
3833 0.4148848176593772 383.3
3834 0.4149405301483247 383.4
3835 0.4149888111957827 383.5
3836 0.4150328425261697 383.6
3837 0.4150786460686463 383.7
3838 0.4151281727737687 383.8
3839 0.4151818897885757 383.9
3840 0.4152386321188364 384
3841 0.415294451275779 384.1
3842 0.4153510597612995 384.2
3843 0.4154064091794457 384.3
3844 0.4154628237541941 384.4
3845 0.4155197586373041 384.5
3846 0.4155778505643945 384.6
3847 0.4156365549551742 384.7
3848 0.4156952270583141 384.8
3849 0.4157542305381002 384.9
3850 0.41581394439997 385
3851 0.4158750431898091 385.1
3852 0.41593638378665 385.2
3853 0.4159969967967887 385.3
3854 0.416057235058291 385.4
3855 0.4161178389326973 385.5
3856 0.4161787539052579 385.6
3857 0.4162375906801754 385.7
3858 0.416300206530251 385.8
3859 0.4163642180083452 385.9
3860 0.4164248183140967 386
3861 0.4164792925425718 386.1
3862 0.4165181365052092 386.2
3863 0.4165503840794601 386.3
3864 0.4165825223477479 386.4
3865 0.4166159715865428 386.5
3866 0.4166510367126786 386.6
3867 0.4166877541378253 386.7
3868 0.4167263490739587 386.8
3869 0.4167667265620751 386.9
3870 0.4168078162162862 387
3871 0.416849641712733 387.1
3872 0.416892505453143 387.2
3873 0.4169361465252659 387.3
3874 0.4169803025463076 387.4
3875 0.4170245515125474 387.5
3876 0.4170691891454699 387.6
3877 0.4171131626157117 387.7
3878 0.41715633740834 387.8
3879 0.4171997359664216 387.9
3880 0.4172427863760002 388
3881 0.4172852140331658 388.1
3882 0.4173281246694356 388.2
3883 0.4173716602517868 388.3
3884 0.4174159211666961 388.4
3885 0.4174608722348985 388.5
3886 0.4175063765768805 388.6
3887 0.4175490140168293 388.7
3888 0.4175915203201368 388.8
3889 0.4176336372329549 388.9
3890 0.4176754899023996 389
3891 0.4177186861614088 389.1
3892 0.4177631105842523 389.2
3893 0.4178089369082582 389.3
3894 0.4178560525258591 389.4
3895 0.4179031575998448 389.5
3896 0.4179509510415659 389.6
3897 0.4179997975529598 389.7
3898 0.418050036446488 389.8
3899 0.418101728245689 389.9
3900 0.4181543600177478 390
3901 0.4182065441352107 390.1
3902 0.4182594781930807 390.2
3903 0.4183122383056592 390.3
3904 0.418364168376107 390.4
3905 0.4184142397097748 390.5
3906 0.4184637539550287 390.6
3907 0.4185130327869647 390.7
3908 0.4185618796550142 390.8
3909 0.4186119935325302 390.9
3910 0.4186634895707725 391
3911 0.4187160906114197 391.1
3912 0.4187711183007181 391.2
3913 0.4188285048281586 391.3
3914 0.418887844165029 391.4
3915 0.4189486198820945 391.5
3916 0.4190088506019876 391.6
3917 0.419067126326415 391.7
3918 0.4191187749739075 391.8
3919 0.4191590084551571 391.9
3920 0.4191948398599379 392
3921 0.4192303594968841 392.1
3922 0.4192662083710887 392.2
3923 0.4193027323970681 392.3
3924 0.4193409227426094 392.4
3925 0.4193800261303889 392.5
3926 0.4194206584695955 392.6
3927 0.4194626924780582 392.7
3928 0.4195058556924159 392.8
3929 0.4195479745861467 392.9
3930 0.4195901273262048 393
3931 0.4196330203371397 393.1
3932 0.419676283740627 393.2
3933 0.419720380623114 393.3
3934 0.419765725743712 393.4
3935 0.4198118818863347 393.5
3936 0.4198592085313589 393.6
3937 0.4199080758988707 393.7
3938 0.4199586736910256 393.8
3939 0.4200110286338508 393.9
3940 0.4200640142525222 394
3941 0.4201196660627041 394.1
3942 0.4201784304237428 394.2
3943 0.4202404082084303 394.3
3944 0.4203048945397469 394.4
3945 0.4203698981820137 394.5
3946 0.4204344588725439 394.6
3947 0.4204971599803065 394.7
3948 0.4205561218183765 394.8
3949 0.4206130052973228 394.9
3950 0.4206700528154284 395
3951 0.4207282867827503 395.1
3952 0.4207873843441158 395.2
3953 0.4208467189120207 395.3
3954 0.4209042251043999 395.4
3955 0.4209611630180698 395.5
3956 0.4210186201302008 395.6
3957 0.4210771661982575 395.7
3958 0.4211370469489248 395.8
3959 0.4211994563030823 395.9
3960 0.4212635293372018 396
3961 0.4213290470195513 396.1
3962 0.4213948045467666 396.2
3963 0.4214605158531304 396.3
3964 0.4215255313099152 396.4
3965 0.4215890259451503 396.5
3966 0.4216512967538519 396.6
3967 0.4217122227628619 396.7
3968 0.4217703832948258 396.8
3969 0.4218275642891747 396.9
3970 0.4218846407049886 397
3971 0.4219427398043724 397.1
3972 0.4220019466796701 397.2
3973 0.4220618960815777 397.3
3974 0.4221218179571055 397.4
3975 0.4221768908075871 397.5
3976 0.4222303290931687 397.6
3977 0.4222858394467149 397.7
3978 0.4223445803706059 397.8
3979 0.422397311903276 397.9
3980 0.4224518409997219 398
3981 0.4224986776132562 398.1
3982 0.4225278888725028 398.2
3983 0.4225535669497897 398.3
3984 0.4225821044436711 398.4
3985 0.4226140061998345 398.5
3986 0.4226487464898506 398.6
3987 0.4226874185094581 398.7
3988 0.4227296910207298 398.8
3989 0.4227751514745354 398.9
3990 0.42282239054737 399
3991 0.4228695313058918 399.1
3992 0.4229175771778743 399.2
3993 0.4229662196473358 399.3
3994 0.4230152426401422 399.4
3995 0.4230639423520361 399.5
3996 0.4231123302450369 399.6
3997 0.4231594001474494 399.7
3998 0.4232058617009452 399.8
3999 0.4232529733317776 399.9
4000 0.4233008749416833 400
4001 0.4233488619115945 400.1
4002 0.4233974228390144 400.2
4003 0.4234457487462254 400.3
4004 0.4234939244068418 400.4
4005 0.4235392649737501 400.5
4006 0.4235826762781408 400.6
4007 0.4236250409249367 400.7
4008 0.4236679639904183 400.8
4009 0.4237096813067256 400.9
4010 0.4237505941490968 401
4011 0.4237930463755715 401.1
4012 0.4238366875789603 401.2
4013 0.4238815001782243 401.3
4014 0.4239275118566634 401.4
4015 0.4239747985598674 401.5
4016 0.4240234040023182 401.6
4017 0.4240731912367301 401.7
4018 0.4241236872217214 401.8
4019 0.4241729133805868 401.9
4020 0.4242223568421569 402
4021 0.4242715395242859 402.1
4022 0.4243212258598518 402.2
4023 0.4243712503409553 402.3
4024 0.4244221210570313 402.4
4025 0.4244744396401059 402.5
4026 0.4245283991879644 402.6
4027 0.424583893384869 402.7
4028 0.4246403589165048 402.8
4029 0.4246975582640604 402.9
4030 0.4247542174625838 403
4031 0.4248085622179366 403.1
4032 0.4248606068383887 403.2
4033 0.4249105429744587 403.3
4034 0.4249617018861057 403.4
4035 0.4250148588203106 403.5
4036 0.4250636427438818 403.6
4037 0.4251119860795659 403.7
4038 0.425159343580406 403.8
4039 0.4252030712918137 403.9
4040 0.4252428910612599 404
4041 0.4252759537739927 404.1
4042 0.4253064288157495 404.2
4043 0.4253352146488221 404.3
4044 0.4253661676106248 404.4
4045 0.425400124702917 404.5
4046 0.4254371390582896 404.6
4047 0.4254770825049237 404.7
4048 0.4255185543498607 404.8
4049 0.4255627345548381 404.9
4050 0.4256081377876068 405
4051 0.4256537816222627 405.1
4052 0.4257012858360452 405.2
4053 0.4257502205299281 405.3
4054 0.4257990184407857 405.4
4055 0.4258470029026342 405.5
4056 0.4258954101066721 405.6
4057 0.4259439106997809 405.7
4058 0.4259930996874497 405.8
4059 0.4260435633124323 405.9
4060 0.4260954598234919 406
4061 0.4261486677950211 406.1
4062 0.4262025027292023 406.2
4063 0.4262554137613414 406.3
4064 0.4263070303044389 406.4
4065 0.4263562484411083 406.5
4066 0.4264032634248361 406.6
4067 0.4264510801657108 406.7
4068 0.4265005494735971 406.8
4069 0.4265519372847312 406.9
4070 0.426605650363909 407
4071 0.4266615202206561 407.1
4072 0.4267186544038875 407.2
4073 0.4267759767880534 407.3
4074 0.4268326120453405 407.4
4075 0.4268880533878391 407.5
4076 0.4269422647303986 407.6
4077 0.42699759117468 407.7
4078 0.4270540347665541 407.8
4079 0.4271109073373175 407.9
4080 0.4271675577666917 408
4081 0.4272236840474118 408.1
4082 0.427279424395703 408.2
4083 0.4273353607162614 408.3
4084 0.4273920914602432 408.4
4085 0.427449916714665 408.5
4086 0.4275089370025791 408.6
4087 0.4275692086627944 408.7
4088 0.4276296833513975 408.8
4089 0.4276900905651695 408.9
4090 0.427751102819866 409
4091 0.4278121022392263 409.1
4092 0.4278723271132876 409.2
4093 0.4279305047348404 409.3
4094 0.4279868054080203 409.4
4095 0.428042240038159 409.5
4096 0.4280935228041506 409.6
4097 0.4281452150510482 409.7
4098 0.4281975960837004 409.8
4099 0.4282513750666796 409.9
4100 0.4283079407230767 410
4101 0.4283649969765347 410.1
4102 0.4284184343879432 410.2
4103 0.4284727450499028 410.3
4104 0.428521328314262 410.4
4105 0.4285565809706763 410.5
4106 0.4285803271237213 410.6
4107 0.4286068984011523 410.7
4108 0.4286370615517574 410.8
4109 0.4286712917251792 410.9
4110 0.4287089000467407 411
4111 0.4287467837008166 411.1
4112 0.4287872013184911 411.2
4113 0.4288298170057795 411.3
4114 0.4288733503544908 411.4
4115 0.428916533583193 411.5
4116 0.4289604410118358 411.6
4117 0.4290050298178782 411.7
4118 0.4290501268665805 411.8
4119 0.4290936572785918 411.9
4120 0.4291372234833432 412
4121 0.4291808409570041 412.1
4122 0.4292245625065333 412.2
4123 0.429268339798248 412.3
4124 0.4293121537262143 412.4
4125 0.429356178691177 412.5
4126 0.4294004412790893 412.6
4127 0.4294449403233919 412.7
4128 0.4294895977299478 412.8
4129 0.4295346475786351 412.9
4130 0.4295799694071383 413
4131 0.4296257636841679 413.1
4132 0.4296720678980503 413.2
4133 0.4297182940922782 413.3
4134 0.4297649886136662 413.4
4135 0.4298103686620297 413.5
4136 0.4298560776559887 413.6
4137 0.4299021257466338 413.7
4138 0.429948521921686 413.8
4139 0.4299953894402335 413.9
4140 0.4300428156717186 414
4141 0.4300909678626385 414.1
4142 0.4301393561072832 414.2
4143 0.4301878826249439 414.3
4144 0.4302365723520351 414.4
4145 0.4302851400691751 414.5
4146 0.430333894142547 414.6
4147 0.4303826935449704 414.7
4148 0.4304316916861068 414.8
4149 0.4304809509833599 414.9
4150 0.4305307355093571 415
4151 0.4305806516113851 415.1
4152 0.4306310294354195 415.2
4153 0.4306819836875166 415.3
4154 0.4307334802569192 415.4
4155 0.4307849847891842 415.5
4156 0.4308348538080407 415.6
4157 0.4308840693503055 415.7
4158 0.4309334166961205 415.8
4159 0.4309827396087415 415.9
4160 0.4310318878441785 416
4161 0.4310807655072441 416.1
4162 0.4311291123978053 416.2
4163 0.4311762037468524 416.3
4164 0.4312229141492433 416.4
4165 0.431268070789021 416.5
4166 0.4313135221852525 416.6
4167 0.4313588993010999 416.7
4168 0.4314050241229612 416.8
4169 0.4314518667171045 416.9
4170 0.4314988799809099 417
4171 0.4315468701750567 417.1
4172 0.4315956506243531 417.2
4173 0.4316456251777145 417.3
4174 0.4316945559968132 417.4
4175 0.4317433143780194 417.5
4176 0.4317924465965799 417.6
4177 0.4318418596795953 417.7
4178 0.4318913450505881 417.8
4179 0.4319393682342167 417.9
4180 0.4319873618504814 418
4181 0.4320351252939114 418.1
4182 0.4320816590804563 418.2
4183 0.432127271145177 418.3
4184 0.4321729244030204 418.4
4185 0.4322186292351369 418.5
4186 0.4322641899708968 418.6
4187 0.4323091275799435 418.7
4188 0.4323538197478299 418.8
4189 0.43239910107495 418.9
4190 0.4324449603624141 419
4191 0.4324913113871676 419.1
4192 0.4325382992342969 419.2
4193 0.4325859189997311 419.3
4194 0.4326341145380605 419.4
4195 0.4326827704402985 419.5
4196 0.4327321711891156 419.6
4197 0.4327823783274179 419.7
4198 0.4328329269633331 419.8
4199 0.4328836349380089 419.9
4200 0.4329346664732209 420
4201 0.4329865925539998 420.1
4202 0.4330394693926414 420.2
4203 0.4330934102281614 420.3
4204 0.4331484482727703 420.4
4205 0.4332032090546837 420.5
4206 0.4332566509058907 420.6
4207 0.4333101808003926 420.7
4208 0.4333636624842915 420.8
4209 0.4334169568398977 420.9
4210 0.4334700969783861 421
4211 0.4335230105120298 421.1
4212 0.4335757508948319 421.2
4213 0.4336285818027938 421.3
4214 0.4336814132820686 421.4
4215 0.4337339713198698 421.5
4216 0.433786888050492 421.6
4217 0.4338403496543056 421.7
4218 0.4338945059437427 421.8
4219 0.4339465924701618 421.9
4220 0.4339983084387551 422
4221 0.4340506772399103 422.1
4222 0.4341032476662186 422.2
4223 0.4341566243756181 422.3
4224 0.4342109084909677 422.4
4225 0.4342662265249817 422.5
4226 0.4343226447202478 422.6
4227 0.4343798973945306 422.7
4228 0.4344376546274513 422.8
4229 0.434493879505318 422.9
4230 0.4345496651540336 423
4231 0.4346057495533105 423.1
4232 0.4346624647687283 423.2
4233 0.4347194958167792 423.3
4234 0.4347755403610565 423.4
4235 0.4348296428074021 423.5
4236 0.4348847103132697 423.6
4237 0.4349401233591187 423.7
4238 0.4349913140237284 423.8
4239 0.4350427778361026 423.9
4240 0.4350972000546275 424
4241 0.435147934661602 424.1
4242 0.4352004092894948 424.2
4243 0.4352520235688286 424.3
4244 0.4353041099581618 424.4
4245 0.4353548006112807 424.5
4246 0.4354012757600316 424.6
4247 0.4354470607808475 424.7
4248 0.4354926595391554 424.8
4249 0.4355400161580941 424.9
4250 0.4355888326759952 425
4251 0.435639868435168 425.1
4252 0.4356894842129351 425.2
4253 0.4357412020114484 425.3
4254 0.435785489523212 425.4
4255 0.4358336248416673 425.5
4256 0.4358825250794059 425.6
4257 0.4359314625303078 425.7
4258 0.4359836808266727 425.8
4259 0.4360362267777068 425.9
4260 0.4360848548459095 426
4261 0.4361362042129958 426.1
4262 0.4361889415547558 426.2
4263 0.43624078276488 426.3
4264 0.4362937717600062 426.4
4265 0.4363423891516882 426.5
4266 0.4363907121644189 426.6
4267 0.4364411262292678 426.7
4268 0.4364907297676388 426.8
4269 0.4365396901689654 426.9
4270 0.4365859127461247 427
4271 0.4366286603536781 427.1
4272 0.4366655357600599 427.2
4273 0.4367045338906561 427.3
4274 0.4367452535306197 427.4
4275 0.4367857978254087 427.5
4276 0.436827363155566 427.6
4277 0.4368683382380598 427.7
4278 0.4369086601883721 427.8
4279 0.4369511144460607 427.9
4280 0.4369896511790581 428
4281 0.4370301166766731 428.1
4282 0.4370718238885553 428.2
4283 0.4371145427959514 428.3
4284 0.4371582129513262 428.4
4285 0.4372027457854226 428.5
4286 0.4372482268574197 428.6
4287 0.4372948309775368 428.7
4288 0.4373428220099634 428.8
4289 0.4373915712278832 428.9
4290 0.4374371063607942 429
4291 0.4374837765117126 429.1
4292 0.4375310398794274 429.2
4293 0.4375777501922834 429.3
4294 0.4376229186553686 429.4
4295 0.4376661534841837 429.5
4296 0.4377082177367762 429.6
4297 0.4377500270321468 429.7
4298 0.4377927385618431 429.8
4299 0.4378367515802837 429.9
4300 0.437882248848147 430
4301 0.4379288154873142 430.1
4302 0.4379724173603291 430.2
4303 0.4380169923805387 430.3
4304 0.4380627044435947 430.4
4305 0.4381091602603249 430.5
4306 0.4381556536299804 430.6
4307 0.4382025113125941 430.7
4308 0.4382497103288874 430.8
4309 0.4382973182130666 430.9
4310 0.4383453011019058 431
4311 0.4383938248632054 431.1
4312 0.4384430753770548 431.2
4313 0.4384930020264897 431.3
4314 0.438543718281181 431.4
4315 0.4385943771598978 431.5
4316 0.4386465034218319 431.6
4317 0.4386985409476124 431.7
4318 0.4387491155855731 431.8
4319 0.4387998998148645 431.9
4320 0.4388502239544962 432
4321 0.4388999040824353 432.1
4322 0.4389486252994962 432.2
4323 0.4389951275203255 432.3
4324 0.4390397009348192 432.4
4325 0.4390829975543515 432.5
4326 0.4391260336545956 432.6
4327 0.4391688959311139 432.7
4328 0.4392110307280272 432.8
4329 0.4392535907282721 432.9
4330 0.4392961979124934 433
4331 0.439338974605363 433.1
4332 0.4393825762324791 433.2
4333 0.4394267283051329 433.3
4334 0.4394713732570203 433.4
4335 0.439516909444637 433.5
4336 0.4395633576357041 433.6
4337 0.4396100192332525 433.7
4338 0.4396552903275421 433.8
4339 0.4397011485504965 433.9
4340 0.4397475012398075 434
4341 0.4397941721603026 434.1
4342 0.4398410590004836 434.2
4343 0.4398880374740092 434.3
4344 0.4399351233949524 434.4
4345 0.439982303259765 434.5
4346 0.440029460034035 434.6
4347 0.4400767165173649 434.7
4348 0.4401241037850643 434.8
4349 0.4401718255813212 434.9
4350 0.4402199141065793 435
4351 0.4402683824324845 435.1
4352 0.4403172359795969 435.2
4353 0.4403663220004344 435.3
4354 0.4404158599587448 435.4
4355 0.4404631674930438 435.5
4356 0.440510420664993 435.6
4357 0.4405579024610813 435.7
4358 0.4406061775409431 435.8
4359 0.4406553989024815 435.9
4360 0.4407055038300849 436
4361 0.4407557705303943 436.1
4362 0.440805772328377 436.2
4363 0.4408561246708891 436.3
4364 0.4409065661116128 436.4
4365 0.4409566359374305 436.5
4366 0.4410061567474651 436.6
4367 0.4410555697841416 436.7
4368 0.4411058782954292 436.8
4369 0.4411551931120099 436.9
4370 0.4412049703314321 437
4371 0.4412554059281392 437.1
4372 0.4413067364619956 437.2
4373 0.4413597330493029 437.3
4374 0.4414099757843847 437.4
4375 0.4414610411209794 437.5
4376 0.4415131270698735 437.6
4377 0.441565328216094 437.7
4378 0.441617050140639 437.8
4379 0.4416686505524053 437.9
4380 0.4417200419897093 438
4381 0.4417713808578176 438.1
4382 0.4418223561599691 438.2
4383 0.4418723271645237 438.3
4384 0.4419214697880116 438.4
4385 0.4419691807050797 438.5
4386 0.4420161103243448 438.6
4387 0.4420624134415143 438.7
4388 0.4421072813449242 438.8
4389 0.4421515356745552 438.9
4390 0.4421927775887559 439
4391 0.4422335546826031 439.1
4392 0.4422746689949977 439.2
4393 0.4423163340589368 439.3
4394 0.4423590034175195 439.4
4395 0.4424027061089827 439.5
4396 0.4424470547412704 439.6
4397 0.4424921075892539 439.7
4398 0.4425376551515761 439.8
4399 0.4425836068675972 439.9
4400 0.4426301312289789 440
4401 0.4426766368153386 440.1
4402 0.4427226477493796 440.2
4403 0.442768827373131 440.3
4404 0.4428160388714322 440.4
4405 0.4428610248715002 440.5
4406 0.4429062221060368 440.6
4407 0.4429524372906347 440.7
4408 0.4429999090195297 440.8
4409 0.4430484155195005 440.9
4410 0.4430974193932892 441
4411 0.4431469227143552 441.1
4412 0.443196757024675 441.2
4413 0.4432464116215631 441.3
4414 0.4432966000090211 441.4
4415 0.4433476103842951 441.5
4416 0.4433995546609542 441.6
4417 0.4434526308940617 441.7
4418 0.4435066797136147 441.8
4419 0.4435587368965432 441.9
4420 0.443608860515033 442
4421 0.4436602618228762 442.1
4422 0.4437123605623061 442.2
4423 0.4437650628569933 442.3
4424 0.4438183441003792 442.4
4425 0.4438718522031036 442.5
4426 0.4439246244785654 442.6
4427 0.4439772408422997 442.7
4428 0.44402961297633 442.8
4429 0.4440815868420967 442.9
4430 0.444133552184148 443
4431 0.44418560905618 443.1
4432 0.4442377982876676 443.2
4433 0.444289791663226 443.3
4434 0.4443366236405856 443.4
4435 0.4443842929736471 443.5
4436 0.4444321217974675 443.6
4437 0.444479472198441 443.7
4438 0.4445273470113822 443.8
4439 0.4445755618361811 443.9
4440 0.4446239601224379 444
4441 0.4446723540383843 444.1
4442 0.4447205991479006 444.2
4443 0.4447690444366877 444.3
4444 0.4448176904933801 444.4
4445 0.4448669075761126 444.5
4446 0.4449168537355451 444.6
4447 0.4449681257580946 444.7
4448 0.4450204854560786 444.8
4449 0.4450706760049208 444.9
4450 0.4451222119439824 445
4451 0.445174773821028 445.1
4452 0.445226131424096 445.2
4453 0.4452775536473006 445.3
4454 0.4453291180191047 445.4
4455 0.4453808005532294 445.5
4456 0.4454326140605252 445.6
4457 0.4454846396529214 445.7
4458 0.4455365487491463 445.8
4459 0.445588483104009 445.9
4460 0.4456400462530069 446
4461 0.4456914249645768 446.1
4462 0.4457433097410994 446.2
4463 0.4457956671435936 446.3
4464 0.4458475211945883 446.4
4465 0.4458969019147278 446.5
4466 0.4459465186861529 446.6
4467 0.4459961330841767 446.7
4468 0.4460461893441748 446.8
4469 0.4460966662371696 446.9
4470 0.4461473311996073 447
4471 0.4461973033353781 447.1
4472 0.4462443733186445 447.2
4473 0.4462910757287393 447.3
4474 0.4463374988270716 447.4
4475 0.4463837627293152 447.5
4476 0.4464301071648287 447.6
4477 0.4464769551242274 447.7
4478 0.4465247943902224 447.8
4479 0.4465740255108659 447.9
4480 0.4466246940459446 448
4481 0.4466774750349364 448.1
4482 0.4467319045027269 448.2
4483 0.446786002988988 448.3
4484 0.4468393002640565 448.4
4485 0.4468919933198148 448.5
4486 0.4469451941026369 448.6
4487 0.4469982972515451 448.7
4488 0.4470511549635874 448.8
4489 0.4471040212217451 448.9
4490 0.447157732890966 449
4491 0.4472115367101397 449.1
4492 0.4472652453572797 449.2
4493 0.4473182132562647 449.3
4494 0.4473676236147911 449.4
4495 0.4474153323333681 449.5
4496 0.4474618112703357 449.6
4497 0.4475051815316424 449.7
4498 0.4475480998570124 449.8
4499 0.4475922795307759 449.9
4500 0.447638347399145 450
4501 0.4476867198090754 450.1
4502 0.4477368204805016 450.2
4503 0.4477890340497336 450.3
4504 0.4478373079219746 450.4
4505 0.4478863766912314 450.5
4506 0.4479363066723281 450.6
4507 0.4479866049514782 450.7
4508 0.4480367288942762 450.8
4509 0.4480876083629048 450.9
4510 0.4481395403077804 451
4511 0.448192928582824 451.1
4512 0.4482476909206171 451.2
4513 0.4483019778209741 451.3
4514 0.4483532718993041 451.4
4515 0.4484049316680981 451.5
4516 0.448456380026005 451.6
4517 0.448507810717964 451.7
4518 0.4485593167432501 451.8
4519 0.4486075663912599 451.9
4520 0.4486565178546469 452
4521 0.4487061858913299 452.1
4522 0.4487562551201425 452.2
4523 0.4488052883807918 452.3
4524 0.4488521051184924 452.4
4525 0.4488990519080262 452.5
4526 0.4489460833821799 452.6
4527 0.4489934038174831 452.7
4528 0.4490414813342127 452.8
4529 0.4490888260554982 452.9
4530 0.4491365378762968 453
4531 0.4491854108604332 453.1
4532 0.4492351317806507 453.2
4533 0.4492854091597191 453.3
4534 0.4493330813305565 453.4
4535 0.4493809509344837 453.5
4536 0.4494290550553606 453.6
4537 0.449477265333115 453.7
4538 0.4495254849031991 453.8
4539 0.4495711307917325 453.9
4540 0.4496176729572808 454
4541 0.4496653173406273 454.1
4542 0.4497142185701397 454.2
4543 0.4497645106844907 454.3
4544 0.4498162389952112 454.4
4545 0.4498688940869799 454.5
4546 0.4499222680727948 454.6
4547 0.4499751254431792 454.7
4548 0.4500254107915617 454.8
4549 0.4500752706490826 454.9
4550 0.4501261963621446 455
4551 0.4501776198173097 455.1
4552 0.4502295984655455 455.2
4553 0.4502835037210884 455.3
4554 0.4503378465327432 455.4
4555 0.4503938173841112 455.5
4556 0.450449256366557 455.6
4557 0.4505022326478171 455.7
4558 0.4505491156360308 455.8
4559 0.4505917810030535 455.9
4560 0.450638107647982 456
4561 0.4506882966002442 456.1
4562 0.4507402322858814 456.2
4563 0.4507908550627556 456.3
4564 0.4508350558312628 456.4
4565 0.4508783298673084 456.5
4566 0.4509224058999935 456.6
4567 0.4509665082072583 456.7
4568 0.4510114529490077 456.8
4569 0.4510574672869885 456.9
4570 0.4511043986870723 457
4571 0.4511522345280193 457.1
4572 0.4512010338026192 457.2
4573 0.451250309725195 457.3
4574 0.4512996962910023 457.4
4575 0.4513491723847193 457.5
4576 0.4513985575811269 457.6
4577 0.451447389944779 457.7
4578 0.4514924125468441 457.8
4579 0.4515374526171046 457.9
4580 0.4515829293232939 458
4581 0.451629152784641 458.1
4582 0.4516757303573476 458.2
4583 0.4517224838265204 458.3
4584 0.451769449315033 458.4
4585 0.4518146542436667 458.5
4586 0.4518592424925509 458.6
4587 0.4519030573128561 458.7
4588 0.4519462823531517 458.8
4589 0.4519894894629995 458.9
4590 0.4520328318427795 459
4591 0.4520764565912778 459.1
4592 0.4521207227253057 459.2
4593 0.452165630773382 459.3
4594 0.4522111781849818 459.4
4595 0.4522576256397783 459.5
4596 0.4523050078283731 459.6
4597 0.452352841557601 459.7
4598 0.4523990872931337 459.8
4599 0.4524465197796644 459.9
4600 0.4524950806194152 460
4601 0.4525446703175485 460.1
4602 0.4525950153236909 460.2
4603 0.4526451569893483 460.3
4604 0.4526956949247299 460.4
4605 0.4527459315984979 460.5
4606 0.4527956229624999 460.6
4607 0.452845489808439 460.7
4608 0.4528954997902181 460.8
4609 0.4529456579167981 460.9
4610 0.4529958061751723 461
4611 0.4530460059089162 461.1
4612 0.4530962080281393 461.2
4613 0.4531448482687646 461.3
4614 0.4531936575473022 461.4
4615 0.4532427759414742 461.5
4616 0.4532924711401484 461.6
4617 0.4533429305317178 461.7
4618 0.4533944265859756 461.8
4619 0.4534448600945737 461.9
4620 0.4534961733071078 462
4621 0.4535485657201688 462.1
4622 0.4536008744463564 462.2
4623 0.4536515878652925 462.3
4624 0.4537021763014791 462.4
4625 0.4537526855220072 462.5
4626 0.4538028279611326 462.6
4627 0.4538523491746343 462.7
4628 0.4539010069665624 462.8
4629 0.4539485998114767 462.9
4630 0.453995603049977 463
4631 0.4540423058247967 463.1
4632 0.4540889112418341 463.2
4633 0.4541356162003407 463.3
4634 0.4541824046180018 463.4
4635 0.4542293245101036 463.5
4636 0.454277158618948 463.6
4637 0.4543259758283098 463.7
4638 0.4543760243799921 463.8
4639 0.4544274953640689 463.9
4640 0.4544801993165842 464
4641 0.4545339094874658 464.1
4642 0.4545877267826238 464.2
4643 0.4546400128947654 464.3
4644 0.4546897425040635 464.4
4645 0.4547382957282942 464.5
4646 0.4547851839996965 464.6
4647 0.4548316884206445 464.7
4648 0.4548780121996477 464.8
4649 0.4549242766986272 464.9
4650 0.4549700621420683 465
4651 0.4550163386882298 465.1
4652 0.455063300760817 465.2
4653 0.4551110330542557 465.3
4654 0.4551595198167119 465.4
4655 0.4552086031837748 465.5
4656 0.455258494047 465.6
4657 0.4553089866849406 465.7
4658 0.4553600210523889 465.8
4659 0.4554111583733365 465.9
4660 0.4554608322332142 466
4661 0.4555107710444329 466.1
4662 0.4555608536946906 466.2
4663 0.4556109835994434 466.3
4664 0.4556608380140781 466.4
4665 0.4557108639485722 466.5
4666 0.4557612053422745 466.6
4667 0.45581207075067 466.7
4668 0.4558606573401342 466.8
4669 0.4559097204589342 466.9
4670 0.4559575409590925 467
4671 0.456006160913453 467.1
4672 0.4560555050008099 467.2
4673 0.456105436493574 467.3
4674 0.4561558252893658 467.4
4675 0.4562064007781141 467.5
4676 0.4562573407465475 467.6
4677 0.4563086397206827 467.7
4678 0.4563602884490698 467.8
4679 0.4564123297219069 467.9
4680 0.4564649749294174 468
4681 0.4565183916832764 468.1
4682 0.4565726962389141 468.2
4683 0.4566277959488023 468.3
4684 0.4566832994769816 468.4
4685 0.4567385749937606 468.5
4686 0.4567941975766489 468.6
4687 0.4568508718443435 468.7
4688 0.4569073258326391 468.8
4689 0.4569628014007779 468.9
4690 0.457016334939073 469
4691 0.4570684038559267 469.1
4692 0.4571189165779606 469.2
4693 0.4571686325694989 469.3
4694 0.457216515517786 469.4
4695 0.4572631926710736 469.5
4696 0.4573096479911726 469.6
4697 0.4573552913721604 469.7
4698 0.4574009278644053 469.8
4699 0.4574465595914483 469.9
4700 0.4574916110746409 470
4701 0.4575361220514608 470.1
4702 0.4575806154470861 470.2
4703 0.4576257454974911 470.3
4704 0.4576714124854719 470.4
4705 0.4577180460145454 470.5
4706 0.4577656589707917 470.6
4707 0.4578142355205362 470.7
4708 0.4578640586644978 470.8
4709 0.457915139381477 470.9
4710 0.4579674026374443 471
4711 0.4580206863767859 471.1
4712 0.4580732443526825 471.2
4713 0.4581225812540591 471.3
4714 0.4581722852379053 471.4
4715 0.4582220110138831 471.5
4716 0.4582714236441455 471.6
4717 0.4583202202824261 471.7
4718 0.4583675589331772 471.8
4719 0.4584141395774097 471.9
4720 0.4584587267812785 472
4721 0.4585028920615082 472.1
4722 0.4585470923808252 472.2
4723 0.4585914543512716 472.3
4724 0.4586358157721847 472.4
4725 0.4586805440953272 472.5
4726 0.458726192756056 472.6
4727 0.4587719488787476 472.7
4728 0.4588182007705904 472.8
4729 0.4588649395218537 472.9
4730 0.4589130046866717 473
4731 0.4589626337637957 473.1
4732 0.4590123186797286 473.2
4733 0.4590628300429429 473.3
4734 0.4591135364687683 473.4
4735 0.4591644343733007 473.5
4736 0.4592135389138864 473.6
4737 0.4592602120044796 473.7
4738 0.4593081597482286 473.8
4739 0.4593562964347634 473.9
4740 0.4594040323336214 474
4741 0.459452617899123 474.1
4742 0.4595014890096366 474.2
4743 0.4595503242510093 474.3
4744 0.4596003302512898 474.4
4745 0.4596509289354161 474.5
4746 0.4597014512598006 474.6
4747 0.4597518175219429 474.7
4748 0.4598015203742115 474.8
4749 0.4598507609920036 474.9
4750 0.4598996703412987 475
4751 0.4599474513603422 475.1
4752 0.4599952722455129 475.2
4753 0.4600433197712448 475.3
4754 0.4600916367850917 475.4
4755 0.4601394806238822 475.5
4756 0.460185264443173 475.6
4757 0.4602305215502979 475.7
4758 0.4602762201690375 475.8
4759 0.4603226121318854 475.9
4760 0.4603696429059931 476
4761 0.4604156727808528 476.1
4762 0.4604629230900635 476.2
4763 0.4605111790058397 476.3
4764 0.4605606155931376 476.4
4765 0.4606110921818425 476.5
4766 0.4606623951520023 476.6
4767 0.4607125645893554 476.7
4768 0.4607620030056976 476.8
4769 0.4608114976599301 476.9
4770 0.4608606882829857 477
4771 0.4609103960626088 477.1
4772 0.4609603980797909 477.2
4773 0.4610085394104196 477.3
4774 0.4610555434886545 477.4
4775 0.4611021720810269 477.5
4776 0.4611487272488408 477.6
4777 0.4611950245916764 477.7
4778 0.4612413299477379 477.8
4779 0.4612879135930322 477.9
4780 0.4613350909253049 478
4781 0.4613829670882989 478.1
4782 0.4614316302947702 478.2
4783 0.4614810440647951 478.3
4784 0.4615311849072581 478.4
4785 0.4615817246455989 478.5
4786 0.4616326829401084 478.6
4787 0.4616845189941475 478.7
4788 0.4617353155918086 478.8
4789 0.4617858732265041 478.9
4790 0.4618350062989717 479
4791 0.4618830787771479 479.1
4792 0.4619311701954572 479.2
4793 0.4619788218900245 479.3
4794 0.4620247717083305 479.4
4795 0.4620696552917781 479.5
4796 0.4621148707269047 479.6
4797 0.4621606676153853 479.7
4798 0.4622064441630128 479.8
4799 0.4622530908859193 479.9
4800 0.4623007270146133 480
4801 0.4623484510377998 480.1
4802 0.4623975908053446 480.2
4803 0.462448411331001 480.3
4804 0.4625006324478788 480.4
4805 0.4625518625137588 480.5
4806 0.4626030712355758 480.6
4807 0.4626538118658504 480.7
4808 0.4627025878316299 480.8
4809 0.4627509637399387 480.9
4810 0.4627988661587916 481
4811 0.4628463611597832 481.1
4812 0.4628936669484112 481.2
4813 0.4629410670503536 481.3
4814 0.4629888292074879 481.4
4815 0.4630357070260038 481.5
4816 0.4630831805419654 481.6
4817 0.4631314627354899 481.7
4818 0.4631809073793051 481.8
4819 0.4632305435171138 481.9
4820 0.4632785423332923 482
4821 0.4633272701598063 482.1
4822 0.4633773995597791 482.2
4823 0.4634285888216749 482.3
4824 0.4634803090386377 482.4
4825 0.4635321237068624 482.5
4826 0.4635831096667076 482.6
4827 0.4636316038761337 482.7
4828 0.4636791210937762 482.8
4829 0.4637256832715536 482.9
4830 0.4637712062902568 483
4831 0.4638155620874662 483.1
4832 0.4638588114512687 483.2
4833 0.4639012743261838 483.3
4834 0.4639432426205162 483.4
4835 0.4639848499363759 483.5
4836 0.4640271947192209 483.6
4837 0.4640706068500234 483.7
4838 0.4641148961885335 483.8
4839 0.4641605159333504 483.9
4840 0.4642076645392243 484
4841 0.4642565321370047 484.1
4842 0.4643068620444089 484.2
4843 0.4643570113183336 484.3
4844 0.4644073764579776 484.4
4845 0.4644586927654507 484.5
4846 0.4645093980787351 484.6
4847 0.4645604425473232 484.7
4848 0.4646146995715843 484.8
4849 0.4646680423191685 484.9
4850 0.4647238381466139 485
4851 0.4647792668645694 485.1
4852 0.464831723180344 485.2
4853 0.4648772579060357 485.3
4854 0.4649169620674914 485.4
4855 0.464960325800635 485.5
4856 0.4650069284171698 485.6
4857 0.4650541431510233 485.7
4858 0.4650968885008048 485.8
4859 0.465137144953054 485.9
4860 0.4651768363044134 486
4861 0.4652166889041886 486.1
4862 0.4652575479556025 486.2
4863 0.4652994634520566 486.3
4864 0.4653428168189107 486.4
4865 0.4653871545224701 486.5
4866 0.4654326475366785 486.6
4867 0.4654787622573278 486.7
4868 0.4655238754672543 486.8
4869 0.4655671567689908 486.9
4870 0.4656097585792618 487
4871 0.4656533375629759 487.1
4872 0.4656978992083649 487.2
4873 0.4657436167660653 487.3
4874 0.4657895242019924 487.4
4875 0.4658364125682264 487.5
4876 0.4658839391923624 487.6
4877 0.4659320529250423 487.7
4878 0.4659810678094716 487.8
4879 0.4660309394294104 487.9
4880 0.4660812259803963 488
4881 0.4661314949524384 488.1
4882 0.4661804354784211 488.2
4883 0.4662276156819394 488.3
4884 0.4662736307860734 488.4
4885 0.4663178685497416 488.5
4886 0.4663611391973703 488.6
4887 0.4664042809886137 488.7
4888 0.4664470744636427 488.8
4889 0.4664898120336652 488.9
4890 0.4665337829602341 489
4891 0.4665779740793817 489.1
4892 0.4666230478644643 489.2
4893 0.4666691348066826 489.3
4894 0.4667159794148757 489.4
4895 0.4667635894132453 489.5
4896 0.4668123886121543 489.6
4897 0.4668622790836832 489.7
4898 0.466913452200308 489.8
4899 0.4669626610047196 489.9
4900 0.4670122341023839 490
4901 0.467062392955799 490.1
4902 0.4671126527069661 490.2
4903 0.4671626006707339 490.3
4904 0.4672123002404026 490.4
4905 0.4672616370622878 490.5
4906 0.4673096414964846 490.6
4907 0.4673569200148603 490.7
4908 0.4674038504088583 490.8
4909 0.4674505620295599 490.9
4910 0.4674969957592683 491
4911 0.4675431861188133 491.1
4912 0.4675895867843626 491.2
4913 0.4676362582997151 491.3
4914 0.467683412378237 491.4
4915 0.4677311038060449 491.5
4916 0.4677793270512355 491.6
4917 0.4678265798104794 491.7
4918 0.4678732085393378 491.8
4919 0.4679204555569708 491.9
4920 0.4679685027666436 492
4921 0.4680174915605956 492.1
4922 0.4680675459203323 492.2
4923 0.4681182521131107 492.3
4924 0.4681680943963865 492.4
4925 0.4682186906833354 492.5
4926 0.4682707003863754 492.6
4927 0.468324394554018 492.7
4928 0.4683798491945262 492.8
4929 0.4684369742035052 492.9
4930 0.4684944716112706 493
4931 0.4685517118360683 493.1
4932 0.468609321788801 493.2
4933 0.4686665106183975 493.3
4934 0.4687228545651189 493.4
4935 0.4687771791741803 493.5
4936 0.4688284310300128 493.6
4937 0.4688768650445838 493.7
4938 0.468924266494916 493.8
4939 0.4689709321563973 493.9
4940 0.4690170732096517 494
4941 0.4690627963026382 494.1
4942 0.4691082034377357 494.2
4943 0.4691537922283399 494.3
4944 0.469199750720127 494.4
4945 0.4692462375925611 494.5
4946 0.4692933010060089 494.6
4947 0.4693382607338711 494.7
4948 0.4693835714743718 494.8
4949 0.4694294471661638 494.9
4950 0.4694761219776695 495
4951 0.4695235717874359 495.1
4952 0.4695715751954587 495.2
4953 0.4696200349367241 495.3
4954 0.4696692858313886 495.4
4955 0.4697193789795044 495.5
4956 0.4697703902495938 495.6
4957 0.4698216057937782 495.7
4958 0.4698728893670941 495.8
4959 0.469924965365703 495.9
4960 0.4699769092008211 496
4961 0.4700300350901507 496.1
4962 0.4700841859568496 496.2
4963 0.4701391359275159 496.3
4964 0.4701929751168635 496.4
4965 0.4702463695606577 496.5
4966 0.470299076845026 496.6
4967 0.4703513082679311 496.7
4968 0.4704028411594302 496.8
4969 0.4704525943040906 496.9
4970 0.4705002679966626 497
4971 0.470546810341807 497.1
4972 0.4705916334849129 497.2
4973 0.4706306844712108 497.3
4974 0.4706694465762818 497.4
4975 0.4707088038870879 497.5
4976 0.4707492349685286 497.6
4977 0.4707908070742707 497.7
4978 0.470833431475221 497.8
4979 0.4708770876934426 497.9
4980 0.4709217994182847 498
4981 0.4709677149151127 498.1
4982 0.4710144859594571 498.2
4983 0.4710615038605602 498.3
4984 0.4711091022603024 498.4
4985 0.4711575236414298 498.5
4986 0.4712067962972197 498.6
4987 0.47125710158581 498.7
4988 0.4713086357692211 498.8
4989 0.4713614790914099 498.9
4990 0.4714155285427168 499
4991 0.4714704541844209 499.1
4992 0.4715256927946908 499.2
4993 0.4715793283868361 499.3
4994 0.471629536734975 499.4
4995 0.4716784540079981 499.5
4996 0.4717254200420498 499.6
4997 0.4717689369351721 499.7
4998 0.471809574378982 499.8
4999 0.4718492847621162 499.9
5000 0.471888962018999 500
5001 0.4719288213045774 500.1
5002 0.4719696197833199 500.2
5003 0.4720113933664213 500.3
5004 0.4720542249096557 500.4
5005 0.4720979754081858 500.5
5006 0.4721424345552749 500.6
5007 0.4721877782112442 500.7
5008 0.4722337937788764 500.8
5009 0.4722803474945125 500.9
5010 0.472327298847977 501
5011 0.4723746881160737 501.1
5012 0.4724225342718445 501.2
5013 0.472470771763034 501.3
5014 0.472519217143933 501.4
5015 0.4725680356963644 501.5
5016 0.4726170098006729 501.6
5017 0.4726644552804084 501.7
5018 0.4727107692841662 501.8
5019 0.4727568216881051 501.9
5020 0.472802704333341 502
5021 0.4728486706977685 502.1
5022 0.4728949657512931 502.2
5023 0.4729419025214862 502.3
5024 0.4729895770899947 502.4
5025 0.4730364175869605 502.5
5026 0.4730845886955036 502.6
5027 0.4731340340768005 502.7
5028 0.4731845450294071 502.8
5029 0.4732366334434296 502.9
5030 0.4732900258839441 503
5031 0.4733443318335976 503.1
5032 0.4733982127496888 503.2
5033 0.4734514868525965 503.3
5034 0.4735011715174 503.4
5035 0.4735490058559818 503.5
5036 0.4735961890063495 503.6
5037 0.4736426571618058 503.7
5038 0.4736889999071224 503.8
5039 0.473735707117152 503.9
5040 0.4737832906701487 504
5041 0.4738321147057684 504.1
5042 0.4738830017546422 504.2
5043 0.4739363884135649 504.3
5044 0.4739920511080342 504.4
5045 0.4740493907740753 504.5
5046 0.4741053057679969 504.6
5047 0.4741591424019947 504.7
5048 0.4742135240177651 504.8
5049 0.4742683127345839 504.9
5050 0.4743237099073575 505
5051 0.4743791851754274 505.1
5052 0.4744355835476917 505.2
5053 0.4744919287418155 505.3
5054 0.4745470254907257 505.4
5055 0.4746010382975482 505.5
5056 0.4746544720719847 505.6
5057 0.4747067621581718 505.7
5058 0.4747561431334918 505.8
5059 0.4748028362071772 505.9
5060 0.4748479061297235 506
5061 0.4748919495092848 506.1
5062 0.4749346559149743 506.2
5063 0.4749772512793473 506.3
5064 0.4750202515975814 506.4
5065 0.4750641064121908 506.5
5066 0.4751088498734358 506.6
5067 0.4751545800545741 506.7
5068 0.475201490721849 506.8
5069 0.4752487558021083 506.9
5070 0.4752965338364381 507
5071 0.4753454686196698 507.1
5072 0.4753953197566176 507.2
5073 0.4754457030185228 507.3
5074 0.4754955956187897 507.4
5075 0.4755436920506866 507.5
5076 0.4755918268409308 507.6
5077 0.4756400870049951 507.7
5078 0.4756885636703907 507.8
5079 0.4757374041916463 507.9
5080 0.4757867225948861 508
5081 0.4758363182959443 508.1
5082 0.4758865189426008 508.2
5083 0.4759373189550176 508.3
5084 0.475988714792631 508.4
5085 0.4760407279184374 508.5
5086 0.4760934224465128 508.6
5087 0.4761439065936738 508.7
5088 0.4761943319141618 508.8
5089 0.4762455237981787 508.9
5090 0.4762972417653061 509
5091 0.4763523952144904 509.1
5092 0.4764063362633063 509.2
5093 0.4764570137911101 509.3
5094 0.4765105374927491 509.4
5095 0.4765590634866763 509.5
5096 0.4766068608981501 509.6
5097 0.4766598550390836 509.7
5098 0.4767147731219051 509.8
5099 0.476770611272938 509.9
5100 0.4768239470953637 510
5101 0.4768747423948064 510.1
5102 0.4769211034688203 510.2
5103 0.4769680809836491 510.3
5104 0.4770157207339549 510.4
5105 0.4770623479173084 510.5
5106 0.4771072502887936 510.6
5107 0.4771470860467807 510.7
5108 0.4771894838533329 510.8
5109 0.4772323442173947 510.9
5110 0.4772737013286587 511
5111 0.477313337160957 511.1
5112 0.477352531896645 511.2
5113 0.4773934814563187 511.3
5114 0.4774348128725208 511.4
5115 0.4774769108780549 511.5
5116 0.4775199434935238 511.6
5117 0.4775638225111407 511.7
5118 0.4776085661864922 511.8
5119 0.4776541571610691 511.9
5120 0.4777005154045628 512
5121 0.4777474877022154 512.1
5122 0.4777951287801492 512.2
5123 0.4778421278253308 512.3000000000001
5124 0.4778893224380006 512.4
5125 0.4779365199079869 512.5
5126 0.4779836887314431 512.6
5127 0.4780314475553422 512.7
5128 0.4780785672211005 512.8000000000001
5129 0.4781250221199693 512.9
5130 0.4781709226501438 513
5131 0.478217615878616 513.1
5132 0.4782650718724299 513.2
5133 0.47831319722262 513.3000000000001
5134 0.4783617973418606 513.4
5135 0.4784105268839017 513.5
5136 0.4784591150750316 513.6
5137 0.4785070233898029 513.7
5138 0.4785548882259171 513.8000000000001
5139 0.4786028411135321 513.9
5140 0.4786507548034312 514
5141 0.4786985243211865 514.1
5142 0.4787461127519409 514.2
5143 0.4787926886661985 514.3000000000001
5144 0.4788392123300046 514.4
5145 0.4788858530057071 514.5
5146 0.4789324515793057 514.6
5147 0.4789779814147352 514.7
5148 0.479022254680105 514.8000000000001
5149 0.4790662318536424 514.9
5150 0.479110338786452 515
5151 0.4791549367272098 515.1
5152 0.4791998113422332 515.2
5153 0.4792443336899925 515.3000000000001
5154 0.4792889747343204 515.4
5155 0.4793324091533604 515.5
5156 0.4793768514668643 515.6
5157 0.4794223535152403 515.7
5158 0.4794688182435184 515.8000000000001
5159 0.4795160603014213 515.9
5160 0.4795641936261909 516
5161 0.4796133652100584 516.1
5162 0.4796630703545942 516.2
5163 0.4797125504455719 516.3000000000001
5164 0.4797627161996459 516.4
5165 0.4798123822419963 516.5
5166 0.4798616076736898 516.6
5167 0.4799112022726406 516.7
5168 0.4799607227496427 516.8000000000001
5169 0.4800107137988364 516.9
5170 0.4800620271955822 517
5171 0.4801139903681992 517.1
5172 0.4801651677462415 517.2
5173 0.4802146402040611 517.3000000000001
5174 0.4802611434563892 517.4
5175 0.480304568561287 517.5
5176 0.4803491426134132 517.6
5177 0.4803952584584447 517.7
5178 0.4804427512891704 517.8000000000001
5179 0.4804914773652431 517.9
5180 0.4805419769611323 518
5181 0.4805940546307155 518.1
5182 0.4806451768485475 518.2
5183 0.4806931781819327 518.3000000000001
5184 0.480739200033552 518.4
5185 0.4807847908628116 518.5
5186 0.4808308698856715 518.6
5187 0.4808774972183746 518.7
5188 0.4809242918631981 518.8000000000001
5189 0.4809698913603405 518.9
5190 0.4810153087670652 519
5191 0.4810607196186876 519.1
5192 0.4811060917597257 519.2
5193 0.4811501546438767 519.3000000000001
5194 0.4811943098145678 519.4
5195 0.4812386747088422 519.5
5196 0.4812833824959209 519.6
5197 0.4813280319562255 519.7
5198 0.4813729503964571 519.8000000000001
5199 0.4814181626684468 519.9
5200 0.4814630973477596 520
5201 0.4815083027952389 520.1
5202 0.4815539013707951 520.2
5203 0.4815998638155403 520.3000000000001
5204 0.4816463222081649 520.4
5205 0.4816933358789635 520.5
5206 0.4817408656651617 520.6
5207 0.4817890577662681 520.7
5208 0.4818378950226139 520.8000000000001
5209 0.481887319685288 520.9
5210 0.4819372510786396 521
5211 0.4819875310012991 521.1
5212 0.4820384043824675 521.2
5213 0.4820898891775805 521.3000000000001
5214 0.4821399995110422 521.4
5215 0.4821901900702232 521.5
5216 0.4822396030877007 521.6
5217 0.4822901880236282 521.7
5218 0.4823417596875428 521.8000000000001
5219 0.4823937881916999 521.9
5220 0.4824458581173855 522
5221 0.4824973290785998 522.1
5222 0.4825483088413397 522.2
5223 0.4825971599152422 522.3000000000001
5224 0.4826442292520887 522.4
5225 0.4826910331730502 522.5
5226 0.4827377808923016 522.6
5227 0.4827840461901401 522.7
5228 0.4828296741800464 522.8000000000001
5229 0.4828756190527293 522.9
5230 0.482922106339165 523
5231 0.4829692367067247 523.1
5232 0.483017126755595 523.2
5233 0.4830659139076459 523.3000000000001
5234 0.4831156965007104 523.4
5235 0.483166071415786 523.5
5236 0.4832154612268581 523.6
5237 0.483265821479527 523.7
5238 0.4833173636259491 523.8000000000001
5239 0.4833699714808197 523.9
5240 0.4834236685197075 524
5241 0.4834782181638655 524.1
5242 0.4835332284132871 524.2
5243 0.4835882492181722 524.3000000000001
5244 0.4836426529412629 524.4
5245 0.4836964548197674 524.5
5246 0.4837487232931127 524.6
5247 0.4838006860752353 524.7
5248 0.4838505347763416 524.8000000000001
5249 0.4838997038031543 524.9
5250 0.4839486219622026 525
5251 0.483996896986931 525.1
5252 0.4840435113223126 525.2
5253 0.4840907764414637 525.3000000000001
5254 0.4841376776003047 525.4
5255 0.4841853682620459 525.5
5256 0.4842335258141583 525.6
5257 0.4842814324706243 525.7
5258 0.4843283271532812 525.8000000000001
5259 0.4843760818129787 525.9
5260 0.4844249613385374 526
5261 0.4844747451365009 526.1
5262 0.4845253104485017 526.2
5263 0.4845756231263763 526.3000000000001
5264 0.4846261849546167 526.4
5265 0.4846764767479576 526.5
5266 0.4847270881511207 526.6
5267 0.4847778841927951 526.7
5268 0.4848286336555776 526.8000000000001
5269 0.4848789764222808 526.9
5270 0.4849289342445197 527
5271 0.4849776855694767 527.1
5272 0.4850259886712143 527.2
5273 0.4850731687099368 527.3000000000001
5274 0.4851189834289122 527.4
5275 0.4851635545387957 527.5
5276 0.4852083428672244 527.6
5277 0.4852534107485276 527.7
5278 0.4852988726524054 527.8000000000001
5279 0.4853449134272793 527.9
5280 0.4853916846361304 528
5281 0.4854390833325865 528.1
5282 0.4854875547381299 528.2
5283 0.4855368443378493 528.3000000000001
5284 0.4855865971076539 528.4
5285 0.4856344476119098 528.5
5286 0.4856812743644536 528.6
5287 0.4857274272412729 528.7
5288 0.4857731040523346 528.8000000000001
5289 0.4858179298791844 528.9
5290 0.4858620922589468 529
5291 0.4859066130192244 529.1
5292 0.4859518381148117 529.2
5293 0.4859979918021998 529.3000000000001
5294 0.486045219905653 529.4
5295 0.4860932846936066 529.5
5296 0.4861424925193487 529.6
5297 0.4861928966784881 529.7
5298 0.4862435808340411 529.8000000000001
5299 0.4862935632460486 529.9
5300 0.4863445319042074 530
5301 0.4863952695331259 530.1
5302 0.4864453749276992 530.2
5303 0.4864956521559675 530.3000000000001
5304 0.4865457382135454 530.4
5305 0.4865951704298235 530.5
5306 0.4866437348593298 530.6
5307 0.4866914800076818 530.7
5308 0.486738335779015 530.8000000000001
5309 0.4867837607929542 530.9
5310 0.4868274167208675 531
5311 0.4868710720193322 531.1
5312 0.486913266107138 531.2
5313 0.4869557906803639 531.3000000000001
5314 0.4869992356632424 531.4
5315 0.4870437662767512 531.5
5316 0.4870895577714235 531.6
5317 0.4871366588341742 531.7
5318 0.4871850802587812 531.8000000000001
5319 0.4872346134238363 531.9
5320 0.4872852503304453 532
5321 0.4873367740813033 532.1
5322 0.4873871600090226 532.2
5323 0.4874368110388176 532.3000000000001
5324 0.4874864549261199 532.4
5325 0.4875358637234241 532.5
5326 0.4875847728141763 532.6
5327 0.4876332815717247 532.7
5328 0.4876815419418973 532.8000000000001
5329 0.4877287805812462 532.9
5330 0.4877744669533753 533
5331 0.4878200750716711 533.1
5332 0.4878658724499416 533.2
5333 0.4879119977478954 533.3000000000001
5334 0.4879579924696092 533.4
5335 0.4880042886985573 533.5
5336 0.4880504422348724 533.6
5337 0.4880970406554516 533.7
5338 0.488144401607031 533.8000000000001
5339 0.488192218363622 533.9
5340 0.4882409762319897 534
5341 0.4882896675002743 534.1
5342 0.4883393018831997 534.2
5343 0.4883907499089591 534.3000000000001
5344 0.4884429458932406 534.4
5345 0.4884967917484129 534.5
5346 0.4885494821915349 534.6
5347 0.4886031620044056 534.7
5348 0.4886544420881204 534.8000000000001
5349 0.488704509423223 534.9
5350 0.4887515730526139 535
5351 0.4887984159104231 535.1
5352 0.4888436551567552 535.2
5353 0.4888878594799749 535.3000000000001
5354 0.4889305635927189 535.4
5355 0.4889721031595398 535.5
5356 0.4890131150677892 535.6
5357 0.4890536504804187 535.7
5358 0.4890940819622945 535.8000000000001
5359 0.4891349176646853 535.9
5360 0.489176700012117 536
5361 0.4892199560414053 536.1
5362 0.4892644071233492 536.2
5363 0.4893089181424541 536.3000000000001
5364 0.4893539239738587 536.4
5365 0.4894000117341341 536.5
5366 0.4894470211692578 536.6
5367 0.4894950268283841 536.7
5368 0.4895442928708506 536.8000000000001
5369 0.4895947264336171 536.9
5370 0.4896457200852027 537
5371 0.4896959431092824 537.1
5372 0.4897460142044451 537.2
5373 0.4897958383048728 537.3000000000001
5374 0.4898433076730234 537.4
5375 0.4898894905028375 537.5
5376 0.489935914997879 537.6
5377 0.4899827508376491 537.7
5378 0.4900287716712285 537.8000000000001
5379 0.4900741942805669 537.9
5380 0.4901196067039864 538
5381 0.4901655436471216 538.1
5382 0.4902120568992847 538.2
5383 0.4902588658405956 538.3000000000001
5384 0.4903057774717692 538.4
5385 0.4903531759000913 538.5
5386 0.4904006570320177 538.6
5387 0.4904482298683003 538.7
5388 0.4904960851281279 538.8000000000001
5389 0.4905441519084255 538.9
5390 0.4905923507167157 539
5391 0.4906390336116617 539.1
5392 0.4906855068403905 539.2
5393 0.4907319625173674 539.3000000000001
5394 0.4907785247429389 539.4
5395 0.4908252505683733 539.5
5396 0.490871648324788 539.6
5397 0.4909157620879422 539.7
5398 0.4909598304229961 539.8000000000001
5399 0.4910036409707356 539.9
5400 0.4910472302016288 540
5401 0.4910907766301193 540.1
5402 0.4911343024486111 540.2
5403 0.4911777988726668 540.3000000000001
5404 0.4912212802782386 540.4
5405 0.4912647896440874 540.5
5406 0.4913083864945782 540.6
5407 0.4913521576654685 540.7
5408 0.491395917464275 540.8000000000001
5409 0.4914396917136805 540.9
5410 0.4914835724394124 541
5411 0.4915279094520543 541.1
5412 0.4915729813018067 541.2
5413 0.4916183938987924 541.3000000000001
5414 0.4916622061012974 541.4
5415 0.491705854260334 541.5
5416 0.491750448752618 541.6
5417 0.4917952213835427 541.7
5418 0.4918385162438704 541.8000000000001
5419 0.4918826589495485 541.9
5420 0.4919273220404707 542
5421 0.4919725592013903 542.1
5422 0.4920162734967955 542.2
5423 0.4920607032917418 542.3000000000001
5424 0.4921054123869328 542.4
5425 0.4921501686453228 542.5
5426 0.492195235169589 542.6
5427 0.4922406398238857 542.7
5428 0.4922865457710638 542.8000000000001
5429 0.4923327038407109 542.9
5430 0.4923783515167781 543
5431 0.4924245949104125 543.1
5432 0.4924711024565583 543.2
5433 0.4925180461486312 543.3000000000001
5434 0.4925650347192394 543.4
5435 0.4926110182051983 543.5
5436 0.492655452133286 543.6
5437 0.4926998716835552 543.7
5438 0.4927441908442916 543.8000000000001
5439 0.4927883977591982 543.9
5440 0.4928326021451652 544
5441 0.4928769648550738 544.1
5442 0.4929197771624301 544.2
5443 0.4929615765136991 544.3000000000001
5444 0.4930036951798402 544.4
5445 0.4930459994339735 544.5
5446 0.4930889385328239 544.6
5447 0.4931323974719192 544.7
5448 0.4931761135544826 544.8000000000001
5449 0.493220135105549 544.9
5450 0.4932645245595829 545
5451 0.4933094821460119 545.1
5452 0.4933548530443452 545.2
5453 0.4934004868079794 545.3000000000001
5454 0.4934462678221657 545.4
5455 0.4934923319733253 545.5
5456 0.4935386667727669 545.6
5457 0.4935853063720037 545.7
5458 0.4936323174940414 545.8000000000001
5459 0.4936797956653108 545.9
5460 0.4937278607734382 546
5461 0.4937766504198627 546.1
5462 0.4938263377849357 546.2
5463 0.4938769421964764 546.3000000000001
5464 0.4939286638461883 546.4
5465 0.4939815488144247 546.5
5466 0.4940355942013576 546.6
5467 0.4940901107862972 546.7
5468 0.4941440331959487 546.8000000000001
5469 0.4941962787115869 546.9
5470 0.4942462064591701 547
5471 0.4942958307723044 547.1
5472 0.494345804735055 547.2
5473 0.4943962123365531 547.3000000000001
5474 0.4944459414392369 547.4
5475 0.494496001280443 547.5
5476 0.494546177390899 547.6
5477 0.4945964752261074 547.7
5478 0.4946463464411767 547.8000000000001
5479 0.4946960833843328 547.9
5480 0.4947452145666855 548
5481 0.4947925678854369 548.1
5482 0.4948391184943126 548.2
5483 0.4948852061981293 548.3000000000001
5484 0.4949311599452213 548.4
5485 0.4949770315432765 548.5
5486 0.4950225562690236 548.6
5487 0.4950682395337559 548.7
5488 0.4951139686786389 548.8000000000001
5489 0.4951600313756559 548.9
5490 0.4952064009962671 549
5491 0.4952531269129046 549.1
5492 0.4952987859982327 549.2
5493 0.4953449542008707 549.3000000000001
5494 0.4953916481611162 549.4
5495 0.4954383641288403 549.5
5496 0.4954841698336758 549.6
5497 0.4955301500829151 549.7
5498 0.4955757082452675 549.8000000000001
5499 0.4956211867445585 549.9
5500 0.4956663592536522 550
5501 0.4957119756839735 550.1
5502 0.4957588797009452 550.2
5503 0.4958070256324108 550.3000000000001
5504 0.4958563466423407 550.4
5505 0.4959064627994823 550.5
5506 0.4959561917039378 550.6
5507 0.4960065120230319 550.7
5508 0.4960555209666535 550.8000000000001
5509 0.4961044794138532 550.9
5510 0.4961535598821273 551
5511 0.4962025647360227 551.1
5512 0.4962514143326864 551.2
5513 0.4963000285441713 551.3000000000001
5514 0.4963484650845031 551.4
5515 0.496396733785147 551.5
5516 0.4964447801364891 551.6
5517 0.4964925448320216 551.7
5518 0.4965403193300545 551.8000000000001
5519 0.4965880815597268 551.9
5520 0.4966358818614905 552
5521 0.4966835520155946 552.1
5522 0.4967310381488326 552.2
5523 0.4967785744489563 552.3000000000001
5524 0.4968251258773643 552.4
5525 0.4968699983675047 552.5
5526 0.4969147458705321 552.6
5527 0.4969591760549287 552.7
5528 0.4970032733845196 552.8000000000001
5529 0.4970474092500398 552.9
5530 0.4970916762112907 553
5531 0.497135953418845 553.1
5532 0.4971801156751881 553.2
5533 0.4972245719938409 553.3000000000001
5534 0.4972695290496219 553.4
5535 0.4973150457681824 553.5
5536 0.497360979831567 553.6
5537 0.4974075430786571 553.7
5538 0.497454817706164 553.8000000000001
5539 0.4975023711566218 553.9
5540 0.4975503850574754 554
5541 0.4975991439489001 554.1
5542 0.4976485815526893 554.2
5543 0.4976985774249142 554.3000000000001
5544 0.4977481321788091 554.4
5545 0.4977967082159384 554.5
5546 0.4978457216662964 554.6
5547 0.497895040189984 554.7
5548 0.4979434077368854 554.8000000000001
5549 0.4979904502515625 554.9
5550 0.4980377200226783 555
5551 0.4980852849551413 555.1
5552 0.4981331145693862 555.2
5553 0.4981811122634788 555.3000000000001
5554 0.4982292362670553 555.4
5555 0.49827746126553 555.5
5556 0.4983257662764839 555.6
5557 0.498374125025104 555.7
5558 0.4984222716510255 555.8000000000001
5559 0.498470384960116 555.9
5560 0.498518471620146 556
5561 0.4985668927009547 556.1
5562 0.4986152745522048 556.2
5563 0.4986628937312285 556.3000000000001
5564 0.4987106884952434 556.4
5565 0.4987583403441408 556.5
5566 0.4988059117842299 556.6
5567 0.4988535308537437 556.7
5568 0.4989010403200049 556.8000000000001
5569 0.4989492229646086 556.9
5570 0.4989984640324792 557
5571 0.4990489970432719 557.1
5572 0.4991000559220107 557.2
5573 0.4991519228188624 557.3000000000001
5574 0.4992029731678179 557.4
5575 0.499253148669374 557.5
5576 0.4993047346474273 557.6
5577 0.4993572041113079 557.7
5578 0.4994096092679851 557.8000000000001
5579 0.4994608697576581 557.9
5580 0.4995080239475857 558
5581 0.4995501438267071 558.1
5582 0.4995906059506884 558.2
5583 0.499631318880949 558.3000000000001
5584 0.4996725199079907 558.4
5585 0.4997144244997069 558.5
5586 0.4997571916615861 558.6
5587 0.4998010079089433 558.7
5588 0.4998459765298228 558.8000000000001
5589 0.4998913540172106 558.9
5590 0.4999361685785595 559
5591 0.499980941062934 559.1
5592 0.5000262403436431 559.2
5593 0.5000730084690671 559.3000000000001
5594 0.5001206433166675 559.4
5595 0.5001680069438457 559.5
5596 0.5002141830970117 559.6
5597 0.5002609286596131 559.7
5598 0.5003082196064205 559.8000000000001
5599 0.5003558523083581 559.9
5600 0.5004031531397359 560
5601 0.5004492006732609 560.1
5602 0.5004960484597674 560.2
5603 0.5005430978362724 560.3000000000001
5604 0.5005898719945581 560.4
5605 0.5006373656157105 560.5
5606 0.5006844868613114 560.6
5607 0.5007325559860519 560.7
5608 0.5007804352822341 560.8000000000001
5609 0.500830761638928 560.9
5610 0.5008817703741071 561
5611 0.5009309214418133 561.1
5612 0.5009765532371933 561.2
5613 0.5010207400398236 561.3000000000001
5614 0.5010630724268091 561.4
5615 0.5011033751761609 561.5
5616 0.5011441398567489 561.6
5617 0.5011838011526853 561.7
5618 0.5012257898302176 561.8000000000001
5619 0.5012693315050653 561.9
5620 0.5013114073121352 562
5621 0.5013524303232009 562.1
5622 0.5013920548963652 562.2
5623 0.50143166030535 562.3000000000001
5624 0.5014728162064097 562.4
5625 0.5015150571794931 562.5
5626 0.5015589015764194 562.6
5627 0.5016046934155366 562.7
5628 0.5016519468240497 562.8000000000001
5629 0.5016991279524887 562.9
5630 0.5017474858512506 563
5631 0.5017964533006172 563.1
5632 0.5018452925434068 563.2
5633 0.5018925739304968 563.3000000000001
5634 0.5019387511813238 563.4
5635 0.5019843084412492 563.5
5636 0.5020295485903814 563.6
5637 0.5020749494888448 563.7
5638 0.5021208191249383 563.8000000000001
5639 0.5021672685220909 563.9
5640 0.5022145670348057 564
5641 0.5022626155864389 564.1
5642 0.5023114647547935 564.2
5643 0.5023598056505894 564.3000000000001
5644 0.5024060678002206 564.4
5645 0.502452892604377 564.5
5646 0.5025004355068867 564.6
5647 0.5025485830279485 564.7
5648 0.502596441338779 564.8000000000001
5649 0.5026442993209332 564.9
5650 0.5026918996808253 565
5651 0.5027384827546645 565.1
5652 0.5027837714680323 565.2
5653 0.5028268635605481 565.3000000000001
5654 0.5028675399617069 565.4
5655 0.5029077939038878 565.5
5656 0.502947890373576 565.6
5657 0.5029881652929613 565.7
5658 0.5030288462549796 565.8000000000001
5659 0.5030699994646859 565.9
5660 0.5031118348553948 566
5661 0.503154418601399 566.1
5662 0.5031964208736481 566.2
5663 0.5032393054155603 566.3000000000001
5664 0.5032831072403191 566.4
5665 0.5033278777028118 566.5
5666 0.5033736638425381 566.6
5667 0.503420464119688 566.7
5668 0.5034675938776121 566.8000000000001
5669 0.5035154360539629 566.9
5670 0.5035637786360823 567
5671 0.5036122346412638 567.1
5672 0.503659085774851 567.2
5673 0.5037037389237731 567.3000000000001
5674 0.5037479739732933 567.4
5675 0.5037917635390546 567.5
5676 0.5038355628372401 567.6
5677 0.5038796197723646 567.7
5678 0.5039238479900862 567.8000000000001
5679 0.5039680517998866 567.9
5680 0.5040115068804768 568
5681 0.5040543971183972 568.1
5682 0.5040974693101151 568.2
5683 0.5041407299646414 568.3000000000001
5684 0.5041845475442309 568.4
5685 0.5042293420464454 568.5
5686 0.504274966190677 568.6
5687 0.5043218125848662 568.7
5688 0.5043681089601451 568.8000000000001
5689 0.5044141773331631 568.9
5690 0.5044603570894782 569
5691 0.5045062015044677 569.1
5692 0.5045515683186932 569.2
5693 0.5045957242666543 569.3000000000001
5694 0.5046387496781736 569.4
5695 0.5046818377077686 569.5
5696 0.5047251829193731 569.6
5697 0.5047688314460501 569.7
5698 0.5048128738274865 569.8000000000001
5699 0.5048553576278094 569.9
5700 0.5048983868122114 570
5701 0.5049420135243643 570.1
5702 0.5049861574308586 570.2
5703 0.5050307755844474 570.3000000000001
5704 0.5050759392747652 570.4
5705 0.5051218417348846 570.5
5706 0.5051684850142073 570.6
5707 0.5052159166949856 570.7
5708 0.5052640242277038 570.8000000000001
5709 0.5053126293478373 570.9
5710 0.5053609441168195 571
5711 0.50540858158443 571.1
5712 0.505456242905106 571.2
5713 0.5055041561835851 571.3000000000001
5714 0.5055521203253966 571.4
5715 0.5056004789675662 571.5
5716 0.505648383813885 571.6
5717 0.5056965810661621 571.7
5718 0.5057448894782113 571.8000000000001
5719 0.5057928443323704 571.9
5720 0.5058415034207716 572
5721 0.5058911113057623 572.1
5722 0.5059418577696229 572.2
5723 0.5059937494727421 572.3000000000001
5724 0.506046552398589 572.4
5725 0.5060989738626832 572.5
5726 0.5061518489348473 572.6
5727 0.5062048018900576 572.7
5728 0.5062576161040494 572.8000000000001
5729 0.5063096713929698 572.9
5730 0.5063607798624951 573
5731 0.5064091569624786 573.1
5732 0.5064559372383132 573.2
5733 0.506502080098703 573.3000000000001
5734 0.5065478738047506 573.4
5735 0.5065934710712607 573.5
5736 0.5066391000557345 573.6
5737 0.5066849191374354 573.7
5738 0.5067310543016891 573.8000000000001
5739 0.5067772707647946 573.9
5740 0.5068235073692409 574
5741 0.5068696872912491 574.1
5742 0.5069157493477485 574.2
5743 0.5069612093053042 574.3000000000001
5744 0.5070057005554266 574.4
5745 0.5070496222684098 574.5
5746 0.507092867712002 574.6
5747 0.5071344155823602 574.7
5748 0.507175536147811 574.8000000000001
5749 0.5072159504348053 574.9
5750 0.5072563238997104 575
5751 0.5072970221871018 575.1
5752 0.5073386255256874 575.2
5753 0.5073811109131353 575.3000000000001
5754 0.5074221887123126 575.4
5755 0.5074639676605244 575.5
5756 0.5075061963738937 575.6
5757 0.5075478197426203 575.7
5758 0.5075901171158069 575.8000000000001
5759 0.5076331080528758 575.9
5760 0.5076756745568221 576
5761 0.5077171582584369 576.1
5762 0.5077591794680676 576.2
5763 0.5078017831719679 576.3000000000001
5764 0.5078449942411803 576.4
5765 0.5078888278008635 576.5
5766 0.5079332346119134 576.6
5767 0.5079781679117007 576.7
5768 0.508023524089204 576.8000000000001
5769 0.5080688491132915 576.9
5770 0.508114399263071 577
5771 0.5081595568887731 577.1
5772 0.5082034921725983 577.2
5773 0.5082474286122196 577.3000000000001
5774 0.5082914722789774 577.4
5775 0.5083356301002666 577.5
5776 0.5083800138630585 577.6
5777 0.5084239985471155 577.7
5778 0.5084665554270903 577.8000000000001
5779 0.5085093743089044 577.9
5780 0.5085523873022259 578
5781 0.5085957149352542 578.1
5782 0.5086385268725888 578.2
5783 0.508681304618682 578.3000000000001
5784 0.5087242910978177 578.4
5785 0.5087677866380118 578.5
5786 0.5088117688588933 578.6
5787 0.5088561801310737 578.7
5788 0.5089000706599314 578.8000000000001
5789 0.5089417746962164 578.9
5790 0.5089828972661825 579
5791 0.5090242140698954 579.1
5792 0.509065672862977 579.2
5793 0.5091073488654181 579.3000000000001
5794 0.5091493392252044 579.4
5795 0.5091916258683242 579.5
5796 0.5092343904877564 579.6
5797 0.509277692152852 579.7
5798 0.5093213372494395 579.8000000000001
5799 0.5093656918762507 579.9
5800 0.5094108540601362 580
5801 0.5094568539859214 580.1
5802 0.5095031778344861 580.2
5803 0.5095501370768262 580.3000000000001
5804 0.509597600468702 580.4
5805 0.509645384146972 580.5
5806 0.5096932805942032 580.6
5807 0.509741146724361 580.7
5808 0.5097886875401524 580.8000000000001
5809 0.5098353871230784 580.9
5810 0.5098817031925436 581
5811 0.5099271927661544 581.1
5812 0.509972532100205 581.2
5813 0.5100186552561308 581.3000000000001
5814 0.5100659091023465 581.4
5815 0.5101143300893158 581.5
5816 0.5101638562300481 581.6
5817 0.5102124701884674 581.7
5818 0.510259511734805 581.8000000000001
5819 0.5103067939498503 581.9
5820 0.5103542518639168 582
5821 0.5104001610187908 582.1
5822 0.5104455576259975 582.2
5823 0.5104907752463862 582.3000000000001
5824 0.5105361947654198 582.4
5825 0.5105804429066509 582.5
5826 0.5106234055397307 582.6
5827 0.5106667172280169 582.7
5828 0.5107104372643443 582.8000000000001
5829 0.5107545548194063 582.9
5830 0.5107990340324906 583
5831 0.5108438561631677 583.1
5832 0.5108883665485463 583.2
5833 0.5109323494670505 583.3000000000001
5834 0.5109766118736706 583.4
5835 0.5110211237005505 583.5
5836 0.511066072459607 583.6
5837 0.5111114115614732 583.7
5838 0.511157291737937 583.8000000000001
5839 0.5112034797969931 583.9
5840 0.5112488275876363 584
5841 0.5112934557177057 584.1
5842 0.5113383009846573 584.2
5843 0.5113831957308784 584.3000000000001
5844 0.5114281573133659 584.4
5845 0.5114731527581128 584.5
5846 0.5115180946632212 584.6
5847 0.5115629070301791 584.7
5848 0.5116075898283703 584.8000000000001
5849 0.5116522107617674 584.9
5850 0.5116972342222774 585
5851 0.5117428304971138 585.1
5852 0.5117891576924901 585.2
5853 0.5118363216138186 585.3000000000001
5854 0.5118841249182779 585.4
5855 0.5119327466982976 585.5
5856 0.5119822407095437 585.6
5857 0.512031989260692 585.7
5858 0.5120822688397894 585.8000000000001
5859 0.5121310509518932 585.9
5860 0.5121770635385993 586
5861 0.5122226783159566 586.1
5862 0.512267404635492 586.2
5863 0.5123110390344054 586.3000000000001
5864 0.5123538864615695 586.4
5865 0.5123959958032794 586.5
5866 0.5124380184444731 586.6
5867 0.5124797672997072 586.7
5868 0.5125216700675197 586.8000000000001
5869 0.5125640800632255 586.9
5870 0.5126069677774664 587
5871 0.5126502931008659 587.1
5872 0.5126940069553901 587.2
5873 0.5127381559477699 587.3000000000001
5874 0.5127830548835085 587.4
5875 0.512828524681167 587.5
5876 0.5128746689909949 587.6
5877 0.5129215563091873 587.7
5878 0.5129691510698743 587.8000000000001
5879 0.5130174519145451 587.9
5880 0.5130665034147897 588
5881 0.5131163398368125 588.1
5882 0.5131658293291086 588.2
5883 0.5132142486710713 588.3000000000001
5884 0.5132633428744408 588.4
5885 0.5133130042988141 588.5
5886 0.5133629743072972 588.6
5887 0.5134131573256058 588.7
5888 0.5134632305958363 588.8000000000001
5889 0.513511948377785 588.9
5890 0.5135601148772558 589
5891 0.5136067855704067 589.1
5892 0.5136519163462703 589.2
5893 0.513696197225576 589.3000000000001
5894 0.5137406695901772 589.4
5895 0.5137854143197574 589.5
5896 0.5138304420883163 589.6
5897 0.5138757188489289 589.7
5898 0.5139212555757289 589.8000000000001
5899 0.5139669684442025 589.9
5900 0.5140132068253455 590
5901 0.5140599481948618 590.1
5902 0.5141072706877025 590.2
5903 0.5141552977552384 590.3000000000001
5904 0.5142038175056227 590.4
5905 0.5142528260518677 590.5
5906 0.5143010834996966 590.6
5907 0.5143484399184897 590.7
5908 0.5143958410619671 590.8000000000001
5909 0.514442944638006 590.9
5910 0.5144892622321892 591
5911 0.5145346628723491 591.1
5912 0.5145787662001559 591.2
5913 0.5146222776820469 591.3000000000001
5914 0.5146641991426077 591.4
5915 0.5147062329537383 591.5
5916 0.5147485008759004 591.6
5917 0.5147912111058629 591.7
5918 0.5148339250155233 591.8000000000001
5919 0.514877528687109 591.9
5920 0.5149196753338262 592
5921 0.5149631256555468 592.1
5922 0.5150070562551005 592.2
5923 0.5150496927827555 592.3000000000001
5924 0.5150915543614548 592.4
5925 0.5151326894191297 592.5
5926 0.5151739329236907 592.6
5927 0.5152146969457552 592.7
5928 0.5152558432826386 592.8000000000001
5929 0.5152973811121849 592.9
5930 0.5153391254027216 593
5931 0.5153812504279538 593.1
5932 0.5154210857420867 593.2
5933 0.5154619070977453 593.3000000000001
5934 0.5155058893610927 593.4
5935 0.5155515373843632 593.5
5936 0.5155979388673301 593.6
5937 0.5156454055784441 593.7
5938 0.5156926552721341 593.8000000000001
5939 0.5157396452445439 593.9
5940 0.5157857082207453 594
5941 0.5158304190923966 594.1
5942 0.5158736560486751 594.2
5943 0.5159162329434208 594.3000000000001
5944 0.5159588886421967 594.4
5945 0.516001172700553 594.5
5946 0.5160435572273172 594.6
5947 0.5160862494069246 594.7
5948 0.5161294121743605 594.8000000000001
5949 0.5161732455105021 594.9
5950 0.5162179622727383 595
5951 0.516263288084843 595.1
5952 0.5163087419152826 595.2
5953 0.5163547620379694 595.3000000000001
5954 0.5164011175858169 595.4
5955 0.5164486242253707 595.5
5956 0.5164970499394802 595.6
5957 0.5165462452303783 595.7
5958 0.5165959909831747 595.8000000000001
5959 0.5166446933467231 595.9
5960 0.5166936487124559 596
5961 0.5167428337220991 596.1
5962 0.5167914005660509 596.2
5963 0.5168392177205485 596.3000000000001
5964 0.5168872235833489 596.4
5965 0.5169353140712678 596.5
5966 0.5169836274776469 596.6
5967 0.5170321060492199 596.7
5968 0.5170802811327057 596.8000000000001
5969 0.5171289950419437 596.9
5970 0.5171781796092429 597
5971 0.5172276897821544 597.1
5972 0.5172764516793835 597.2
5973 0.5173238708547677 597.3000000000001
5974 0.5173707491914959 597.4
5975 0.5174167677540358 597.5
5976 0.5174604278242457 597.6
5977 0.5175034632275619 597.7
5978 0.5175459553390387 597.8000000000001
5979 0.517587984929997 597.9
5980 0.5176298815177696 598
5981 0.517671877782871 598.1
5982 0.5177141556730384 598.2
5983 0.5177570352045261 598.3000000000001
5984 0.5178007453043462 598.4
5985 0.5178454429585758 598.5
5986 0.5178908252857831 598.6
5987 0.5179371295318729 598.7
5988 0.5179842783977753 598.8000000000001
5989 0.5180319833070441 598.9
5990 0.5180800018960168 599
5991 0.5181280884254903 599.1
5992 0.5181756892045754 599.2
5993 0.5182218790111561 599.3000000000001
5994 0.5182678038772448 599.4
5995 0.5183102776329844 599.5
5996 0.5183513911729462 599.6
5997 0.5183927014190342 599.7
5998 0.5184343564842439 599.8000000000001
5999 0.5184764447921664 599.9
6000 0.5185191956468653 600
6001 0.5185627250028909 600.1
6002 0.5186067839669103 600.2
6003 0.5186510042399922 600.3000000000001
6004 0.5186959088261786 600.4
6005 0.5187414058078164 600.5
6006 0.5187873783323138 600.6
6007 0.5188337140089954 600.7
6008 0.5188799808842979 600.8000000000001
6009 0.5189261740719646 600.9
6010 0.5189721473242036 601
6011 0.5190167877169353 601.1
6012 0.5190614300171404 601.2
6013 0.5191062589990655 601.3000000000001
6014 0.519151435009357 601.4
6015 0.5191971892011484 601.5
6016 0.5192432305512884 601.6
6017 0.5192898988613364 601.7
6018 0.5193358457292514 601.8000000000001
6019 0.5193823312174389 601.9
6020 0.5194300364388704 602
6021 0.5194788823705979 602.1
6022 0.5195286013661535 602.2
6023 0.5195789262845543 602.3000000000001
6024 0.5196296174016781 602.4
6025 0.5196804201134015 602.5
6026 0.5197308692188851 602.6
6027 0.5197805557210783 602.7
6028 0.5198268397649278 602.8000000000001
6029 0.5198713912655873 602.9
6030 0.5199145300083817 603
6031 0.5199571853388171 603.1
6032 0.5199994462020312 603.2
6033 0.5200416956278612 603.3000000000001
6034 0.5200841888869844 603.4
6035 0.5201271191158001 603.5
6036 0.5201700744308746 603.6
6037 0.5202131942521032 603.7
6038 0.5202572733754213 603.8000000000001
6039 0.520302371259719 603.9
6040 0.5203481445074386 604
6041 0.5203948498183584 604.1
6042 0.5204409323110031 604.2
6043 0.5204875408721841 604.3000000000001
6044 0.5205346397229862 604.4
6045 0.5205819051132429 604.5
6046 0.5206289358044887 604.6
6047 0.5206755009717589 604.7
6048 0.5207192517843063 604.8000000000001
6049 0.5207629515501503 604.9
6050 0.5208069657197771 605
6051 0.520851380596646 605.1
6052 0.5208963096309718 605.2
6053 0.5209396534925865 605.3000000000001
6054 0.5209832737407725 605.4
6055 0.5210265872785279 605.5
6056 0.5210708065448695 605.6
6057 0.521114954273494 605.7
6058 0.5211590469419815 605.8000000000001
6059 0.5212038784605851 605.9
6060 0.5212495081872462 606
6061 0.5212954785647094 606.1
6062 0.5213406935230405 606.2
6063 0.5213851846853662 606.3000000000001
6064 0.5214290801059945 606.4
6065 0.5214723109499169 606.5
6066 0.5215148220699444 606.6
6067 0.5215552996411388 606.7
6068 0.5215954588170959 606.8000000000001
6069 0.521635506836114 606.9
6070 0.5216756784235417 607
6071 0.5217161682345645 607.1
6072 0.521757123257926 607.2
6073 0.5217987610714645 607.3000000000001
6074 0.5218412423914016 607.4
6075 0.5218846845070303 607.5
6076 0.5219288787488168 607.6
6077 0.5219732791002886 607.7
6078 0.5220186384411521 607.8000000000001
6079 0.5220649478934525 607.9
6080 0.5221118802718148 608
6081 0.5221593836600135 608.1
6082 0.5222078672277155 608.2
6083 0.5222551606027021 608.3000000000001
6084 0.5223025685196799 608.4
6085 0.5223499228226305 608.5
6086 0.5223938075751841 608.6
6087 0.52243798048183 608.7
6088 0.522482515698343 608.8000000000001
6089 0.5225266013220389 608.9
6090 0.5225705115858824 609
6091 0.5226135584991239 609.1
6092 0.5226561494238084 609.2
6093 0.5226992753421602 609.3000000000001
6094 0.5227434112855577 609.4
6095 0.5227880222352923 609.5
6096 0.5228337782537278 609.6
6097 0.5228806007336528 609.7
6098 0.5229283451763129 609.8000000000001
6099 0.5229753377356783 609.9
6100 0.5230219068504506 610
6101 0.5230687831633274 610.1
6102 0.5231155451166702 610.2
6103 0.5231622704764837 610.3000000000001
6104 0.5232081692691699 610.4
6105 0.5232529554225972 610.5
6106 0.5232968280825833 610.6
6107 0.5233396590458073 610.7
6108 0.5233817334436105 610.8000000000001
6109 0.5234241494128197 610.9
6110 0.5234671084507753 611
6111 0.5235107050383452 611.1
6112 0.5235549289459546 611.2
6113 0.5235999373263366 611.3000000000001
6114 0.5236458722928405 611.4
6115 0.5236926872711195 611.5
6116 0.5237386857184496 611.6
6117 0.5237854367044573 611.7
6118 0.5238323131636045 611.8000000000001
6119 0.5238775059409745 611.9
6120 0.5239233803642745 612
6121 0.5239698581849798 612.1
6122 0.524016861886161 612.2
6123 0.5240643485762227 612.3000000000001
6124 0.5241120410088154 612.4
6125 0.5241598687186573 612.5
6126 0.5242077887171214 612.6
6127 0.5242561168429456 612.7
6128 0.5243048162540214 612.8000000000001
6129 0.5243535349197027 612.9
6130 0.5244018062844699 613
6131 0.5244487580465007 613.1
6132 0.5244954730367952 613.2
6133 0.5245406620603446 613.3000000000001
6134 0.5245857757972329 613.4
6135 0.5246307776436923 613.5
6136 0.5246754732855641 613.6
6137 0.5247204417120692 613.7
6138 0.5247657344682929 613.8000000000001
6139 0.5248113175944948 613.9
6140 0.5248568234476071 614
6141 0.524901638844597 614.1
6142 0.5249457990026792 614.2
6143 0.5249893987908295 614.3000000000001
6144 0.5250327476127105 614.4000000000001
6145 0.5250754319321826 614.5
6146 0.5251182466523214 614.6
6147 0.5251612493754383 614.7
6148 0.5252049257171576 614.8000000000001
6149 0.5252493157152581 614.9000000000001
6150 0.5252943821271435 615
6151 0.5253400439163729 615.1
6152 0.525385649534449 615.2
6153 0.5254314576104956 615.3000000000001
6154 0.5254755949344255 615.4000000000001
6155 0.5255193600777921 615.5
6156 0.5255626962970659 615.6
6157 0.5256059264501994 615.7
6158 0.5256478146792216 615.8000000000001
6159 0.5256898502528627 615.9000000000001
6160 0.525731883238819 616
6161 0.5257732643619497 616.1
6162 0.5258153208092222 616.2
6163 0.5258577254894121 616.3000000000001
6164 0.5258996157901727 616.4000000000001
6165 0.5259415548362667 616.5
6166 0.5259836279704406 616.6
6167 0.5260248965357397 616.7
6168 0.5260659460106594 616.8000000000001
6169 0.5261062421343026 616.9000000000001
6170 0.5261460905103047 617
6171 0.5261853758213415 617.1
6172 0.5262241495661953 617.2
6173 0.5262631946476407 617.3000000000001
6174 0.5263017620236494 617.4000000000001
6175 0.5263400055487159 617.5
6176 0.5263789128845452 617.6
6177 0.5264185961623127 617.7
6178 0.5264589296552075 617.8000000000001
6179 0.526500072821015 617.9000000000001
6180 0.5265419061060702 618
6181 0.5265845572534588 618.1
6182 0.5266281862820759 618.2
6183 0.526672723169193 618.3000000000001
6184 0.5267180760309433 618.4000000000001
6185 0.5267641059988618 618.5
6186 0.526810695343356 618.6
6187 0.526857832715965 618.7
6188 0.5269054710066372 618.8000000000001
6189 0.5269525623913066 618.9000000000001
6190 0.5270003271720043 619
6191 0.5270487158941924 619.1
6192 0.5270976498571155 619.2
6193 0.5271468998594314 619.3000000000001
6194 0.5271963802876496 619.4000000000001
6195 0.5272460048148977 619.5
6196 0.5272951781910328 619.6
6197 0.5273448043978424 619.7
6198 0.5273947956551003 619.8000000000001
6199 0.5274450630864627 619.9000000000001
6200 0.5274955701825842 620
6201 0.5275462858824854 620.1
6202 0.5275970445933182 620.2
6203 0.5276456429946298 620.3000000000001
6204 0.5276940202208048 620.4000000000001
6205 0.5277424321931229 620.5
6206 0.5277909616842807 620.6
6207 0.5278391426541578 620.7
6208 0.5278865931290112 620.8000000000001
6209 0.5279335977634928 620.9000000000001
6210 0.5279805195072662 621
6211 0.528027407669999 621.1
6212 0.5280741350605385 621.2
6213 0.5281203983675409 621.3000000000001
6214 0.5281661367734859 621.4000000000001
6215 0.5282110985551004 621.5
6216 0.5282533958219235 621.6
6217 0.5282952587916757 621.7
6218 0.5283375465180652 621.8000000000001
6219 0.5283800820145114 621.9000000000001
6220 0.5284227036315571 622
6221 0.5284656562734632 622.1
6222 0.5285089528106141 622.2
6223 0.5285522703090808 622.3000000000001
6224 0.5285939722610664 622.4000000000001
6225 0.5286362426237161 622.5
6226 0.528679058192641 622.6
6227 0.5287222919988191 622.7
6228 0.5287661272417534 622.8000000000001
6229 0.5288102769783429 622.9000000000001
6230 0.5288549716391333 623
6231 0.5289000268173535 623.1
6232 0.5289459693197803 623.2
6233 0.5289925498451382 623.3000000000001
6234 0.5290394285431181 623.4000000000001
6235 0.5290868929071498 623.5
6236 0.5291328734506257 623.6
6237 0.5291788246511535 623.7
6238 0.5292248589423938 623.8000000000001
6239 0.5292706901636127 623.9000000000001
6240 0.5293151608389106 624
6241 0.5293587693045096 624.1
6242 0.5294016786039649 624.2
6243 0.529444007791231 624.3000000000001
6244 0.5294857714754739 624.4000000000001
6245 0.5295272437829213 624.5
6246 0.5295685130836756 624.6
6247 0.5296100372911225 624.7
6248 0.5296520708016836 624.8000000000001
6249 0.5296935194823832 624.9000000000001
6250 0.5297339486629173 625
6251 0.5297753684466818 625.1
6252 0.5298177308226777 625.2
6253 0.5298608866452799 625.3000000000001
6254 0.5299048199167571 625.4000000000001
6255 0.5299499538267026 625.5
6256 0.5299939278181132 625.6
6257 0.5300387752431264 625.7
6258 0.5300845274038906 625.8000000000001
6259 0.5301309690686846 625.9000000000001
6260 0.5301780088638561 626
6261 0.5302253921428499 626.1
6262 0.5302730246513476 626.2
6263 0.5303195249077653 626.3000000000001
6264 0.5303654718399057 626.4000000000001
6265 0.5304114528055144 626.5
6266 0.5304573921445663 626.6
6267 0.5305032834922411 626.7
6268 0.5305493452736388 626.8000000000001
6269 0.5305955610255392 626.9000000000001
6270 0.530641806578075 627
6271 0.5306877368636906 627.1
6272 0.5307336132860508 627.2
6273 0.5307778210153234 627.3000000000001
6274 0.5308210830096466 627.4000000000001
6275 0.5308641741323995 627.5
6276 0.5309061677696073 627.6
6277 0.5309475507209359 627.7
6278 0.5309887759194556 627.8000000000001
6279 0.5310299265119515 627.9000000000001
6280 0.5310711793009615 628
6281 0.5311127997717179 628.1
6282 0.5311543549687058 628.2
6283 0.5311967894903794 628.3000000000001
6284 0.5312395838896689 628.4000000000001
6285 0.5312827513226792 628.5
6286 0.531326188972172 628.6
6287 0.531370236415893 628.7
6288 0.5314149846158194 628.8000000000001
6289 0.5314587510024325 628.9000000000001
6290 0.531501789323319 629
6291 0.53154299144446 629.1
6292 0.5315852796913695 629.2
6293 0.5316284780536482 629.3000000000001
6294 0.5316720607009557 629.4000000000001
6295 0.5317159087529928 629.5
6296 0.5317582857917835 629.6
6297 0.5318004342319492 629.7
6298 0.5318425205100623 629.8000000000001
6299 0.5318839696502727 629.9000000000001
6300 0.5319246159925125 630
6301 0.5319651342231324 630.1
6302 0.5320059250820763 630.2
6303 0.5320467181552118 630.3000000000001
6304 0.5320878735418696 630.4000000000001
6305 0.5321293612462392 630.5
6306 0.5321698291359187 630.6
6307 0.5322114575526343 630.7
6308 0.532253589016553 630.8000000000001
6309 0.5322960714597018 630.9000000000001
6310 0.5323387376906477 631
6311 0.5323810229284633 631.1
6312 0.5324218700823516 631.2
6313 0.5324631320950877 631.3000000000001
6314 0.5325049534988073 631.4000000000001
6315 0.5325473219866727 631.5
6316 0.5325902531116541 631.6
6317 0.5326335985598638 631.7
6318 0.5326773826828326 631.8000000000001
6319 0.5327216096154561 631.9000000000001
6320 0.5327654186715458 632
6321 0.5328086353139997 632.1
6322 0.5328523984356157 632.2
6323 0.5328967165321282 632.3000000000001
6324 0.5329414995355117 632.4000000000001
6325 0.5329868735705986 632.5
6326 0.5330315825611869 632.6
6327 0.5330768371551915 632.7
6328 0.5331227130799252 632.8000000000001
6329 0.5331692616096914 632.9000000000001
6330 0.5332164851713361 633
6331 0.5332643217478406 633.1
6332 0.5333123827992323 633.2
6333 0.5333592732040974 633.3000000000001
6334 0.5334061919038325 633.4000000000001
6335 0.5334527860190443 633.5
6336 0.5334989295805304 633.6
6337 0.5335433209931021 633.7
6338 0.5335867786293036 633.8000000000001
6339 0.533629632156057 633.9000000000001
6340 0.5336720363088963 634
6341 0.5337133979556825 634.1
6342 0.5337539196698798 634.2
6343 0.5337944609094006 634.3000000000001
6344 0.5338352114733612 634.4000000000001
6345 0.5338763437556504 634.5
6346 0.5339180055284672 634.6
6347 0.5339603256927646 634.7
6348 0.5340033332349038 634.8000000000001
6349 0.5340464529108465 634.9000000000001
6350 0.5340887427938161 635
6351 0.5341317061032279 635.1
6352 0.5341751315614625 635.2
6353 0.5342191904049018 635.3000000000001
6354 0.534263859167745 635.4000000000001
6355 0.5343090208740987 635.5
6356 0.5343545188934027 635.6
6357 0.5344002028239283 635.7
6358 0.5344458899688997 635.8000000000001
6359 0.5344913750461306 635.9000000000001
6360 0.5345365466680436 636
6361 0.5345804812503983 636.1
6362 0.5346229059459384 636.2
6363 0.5346647845847613 636.3000000000001
6364 0.5347064683840077 636.4000000000001
6365 0.5347482714856576 636.5
6366 0.534790341315618 636.6
6367 0.5348329190703686 636.7
6368 0.5348761516735222 636.8000000000001
6369 0.53491817466453 636.9000000000001
6370 0.5349609424905125 637
6371 0.5350044350002873 637.1
6372 0.5350487538898063 637.2
6373 0.5350939014808127 637.3000000000001
6374 0.5351398178819738 637.4000000000001
6375 0.5351864425348823 637.5
6376 0.5352337103135776 637.6
6377 0.5352814180348222 637.7
6378 0.5353295978950368 637.8000000000001
6379 0.5353781875496166 637.9000000000001
6380 0.5354263543553999 638
6381 0.5354734574154496 638.1
6382 0.5355204492023921 638.2
6383 0.5355672090183524 638.3000000000001
6384 0.5356121350511344 638.4000000000001
6385 0.5356554574700012 638.5
6386 0.5356982274108156 638.6
6387 0.5357394818093603 638.7
6388 0.5357804831554543 638.8000000000001
6389 0.5358213834050157 638.9000000000001
6390 0.5358623385846722 639
6391 0.5359027311314968 639.1
6392 0.5359427862994595 639.2
6393 0.5359832956075908 639.3000000000001
6394 0.5360243398197302 639.4000000000001
6395 0.5360658832968789 639.5
6396 0.5361079387382875 639.6
6397 0.5361506470448728 639.7
6398 0.5361940174496213 639.8000000000001
6399 0.5362380465781749 639.9000000000001
6400 0.5362826321132675 640
6401 0.5363276677357001 640.1
6402 0.5363733856451638 640.2
6403 0.5364178121606221 640.3000000000001
6404 0.536462122796608 640.4000000000001
6405 0.5365067511984892 640.5
6406 0.5365516010084838 640.6
6407 0.5365959177244642 640.7
6408 0.5366395345431678 640.8000000000001
6409 0.5366832324690473 640.9000000000001
6410 0.5367269403316985 641
6411 0.5367705852226444 641.1
6412 0.5368141996066104 641.2
6413 0.5368578384458209 641.3000000000001
6414 0.5369009318504501 641.4000000000001
6415 0.5369433934887058 641.5
6416 0.5369861085070342 641.6
6417 0.5370279286772012 641.7
6418 0.537069340384013 641.8000000000001
6419 0.537110040527212 641.9000000000001
6420 0.5371513662487197 642
6421 0.5371932508768181 642.1
6422 0.5372350803670247 642.2
6423 0.5372769610814517 642.3000000000001
6424 0.5373194488741602 642.4000000000001
6425 0.537362556820259 642.5
6426 0.5374062471061082 642.6
6427 0.5374501850687948 642.7
6428 0.5374936496699061 642.8000000000001
6429 0.5375375760675469 642.9000000000001
6430 0.5375819132993906 643
6431 0.537626613305483 643.1
6432 0.537671628370883 643.2
6433 0.5377168993539161 643.3000000000001
6434 0.5377623340447139 643.4000000000001
6435 0.5378078070296674 643.5
6436 0.5378531292656477 643.6
6437 0.5378980970743032 643.7
6438 0.5379422004242789 643.8000000000001
6439 0.5379832346970489 643.9000000000001
6440 0.5380236265263579 644
6441 0.5380638391089616 644.1
6442 0.5381040409809493 644.2
6443 0.5381443694367475 644.3000000000001
6444 0.5381849569597944 644.4000000000001
6445 0.5382259256948126 644.5
6446 0.538267379385392 644.6
6447 0.5383093978173078 644.7
6448 0.5383519778794035 644.8000000000001
6449 0.5383951167707793 644.9000000000001
6450 0.5384386007181657 645
6451 0.5384827288995615 645.1
6452 0.5385274789343785 645.2
6453 0.5385722049343007 645.3000000000001
6454 0.5386160871637825 645.4000000000001
6455 0.5386605009852417 645.5
6456 0.5387054056049171 645.6
6457 0.5387507418539499 645.7
6458 0.5387964180186215 645.8000000000001
6459 0.538842112776612 645.9000000000001
6460 0.5388877170384612 646
6461 0.5389331929165635 646.1
6462 0.5389784159493535 646.2
6463 0.5390230134841698 646.3000000000001
6464 0.5390662187453961 646.4000000000001
6465 0.539109085483945 646.5
6466 0.5391522779028568 646.6
6467 0.5391959732478716 646.7
6468 0.539238695654833 646.8000000000001
6469 0.5392820261066923 646.9000000000001
6470 0.5393258663327009 647
6471 0.5393696814816429 647.1
6472 0.5394140767802713 647.2
6473 0.5394590147530748 647.3000000000001
6474 0.5395032730849822 647.4000000000001
6475 0.5395468605626174 647.5
6476 0.5395906555537514 647.6
6477 0.5396345313305363 647.7
6478 0.5396779065709204 647.8000000000001
6479 0.5397209504135569 647.9000000000001
6480 0.5397639592459853 648
6481 0.5398069800170613 648.1
6482 0.5398497984794659 648.2
6483 0.5398925090757254 648.3000000000001
6484 0.5399354721669625 648.4000000000001
6485 0.5399787205655323 648.5
6486 0.540021262963979 648.6
6487 0.5400619972420112 648.7
6488 0.54010267844446 648.8000000000001
6489 0.5401432459281784 648.9000000000001
6490 0.5401837214477122 649
6491 0.5402233096075436 649.1
6492 0.5402622990131388 649.2
6493 0.5403013663270427 649.3000000000001
6494 0.5403405727607409 649.4000000000001
6495 0.5403799888414228 649.5
6496 0.5404196750317473 649.6
6497 0.540459679831382 649.7
6498 0.5405000310464575 649.8000000000001
6499 0.5405407080541368 649.9000000000001
6500 0.5405816856653545 650
6501 0.540622951709091 650.1
6502 0.5406645116090329 650.2
6503 0.5407063705955411 650.3000000000001
6504 0.5407485137374203 650.4000000000001
6505 0.5407910236781063 650.5
6506 0.540833914055355 650.6
6507 0.5408772300529121 650.7
6508 0.5409210223610355 650.8000000000001
6509 0.5409653131343973 650.9000000000001
6510 0.5410101133728269 651
6511 0.541055413585888 651.1
6512 0.5411011326304143 651.2
6513 0.5411471500359739 651.3000000000001
6514 0.5411932707899253 651.4000000000001
6515 0.5412393078706971 651.5
6516 0.5412852002435034 651.6
6517 0.5413299369825745 651.7
6518 0.541374410722509 651.8000000000001
6519 0.5414189037560661 651.9000000000001
6520 0.5414629474571813 652
6521 0.541506239033546 652.1
6522 0.5415499245286075 652.2
6523 0.5415940893320469 652.3000000000001
6524 0.541638672792161 652.4000000000001
6525 0.5416837673065968 652.5
6526 0.5417290127196471 652.6
6527 0.5417732569919853 652.7
6528 0.5418177794387712 652.8000000000001
6529 0.5418621771661544 652.9000000000001
6530 0.5419065982063842 653
6531 0.5419511477360515 653.1
6532 0.5419958711010212 653.2
6533 0.5420408692586497 653.3000000000001
6534 0.5420860627447281 653.4000000000001
6535 0.5421314554116139 653.5
6536 0.542176524653686 653.6
6537 0.542222005926641 653.7
6538 0.5422680755741602 653.8000000000001
6539 0.5423141992555079 653.9000000000001
6540 0.5423600625188871 654
6541 0.5424062070536908 654.1
6542 0.5424519433763166 654.2
6543 0.5424983119269842 654.3000000000001
6544 0.542544084205141 654.4000000000001
6545 0.542588920397253 654.5
6546 0.5426337067403284 654.6
6547 0.5426772065529663 654.7
6548 0.5427201199415331 654.8000000000001
6549 0.5427624886304229 654.9000000000001
6550 0.5428043019515416 655
6551 0.5428462553538156 655.1
6552 0.5428875142013208 655.2
6553 0.5429288925905302 655.3000000000001
6554 0.5429708355071081 655.4000000000001
6555 0.54301347358584 655.5
6556 0.5430555286772113 655.6
6557 0.5430968808485499 655.7
6558 0.5431390962932348 655.8000000000001
6559 0.5431820997478887 655.9000000000001
6560 0.5432259948865388 656
6561 0.543270667000013 656.1
6562 0.5433160796658925 656.2
6563 0.5433616459785459 656.3000000000001
6564 0.5434076697717637 656.4000000000001
6565 0.5434526249703843 656.5
6566 0.5434977071800507 656.6
6567 0.5435431206143073 656.7
6568 0.5435887892516708 656.8000000000001
6569 0.5436346627280517 656.9000000000001
6570 0.5436807237061624 657
6571 0.5437269825652434 657.1
6572 0.5437734687574507 657.2
6573 0.5438202305840191 657.3000000000001
6574 0.5438673132606145 657.4000000000001
6575 0.5439147335245583 657.5
6576 0.5439624620351522 657.6
6577 0.5440103964535938 657.7
6578 0.5440580547580756 657.8000000000001
6579 0.5441055154531346 657.9000000000001
6580 0.5441527063658663 658
6581 0.5441990568072916 658.1
6582 0.5442437579667792 658.2
6583 0.5442875494731223 658.3000000000001
6584 0.5443311372356944 658.4000000000001
6585 0.5443741020132069 658.5
6586 0.5444170270473926 658.6
6587 0.5444599344308625 658.7
6588 0.5445023619959808 658.8000000000001
6589 0.5445449669072289 658.9000000000001
6590 0.5445876712811361 659
6591 0.5446303596188704 659.1
6592 0.5446730123504423 659.2
6593 0.5447146080095651 659.3000000000001
6594 0.5447558990060279 659.4000000000001
6595 0.5447959445948921 659.5
6596 0.544836151420921 659.6
6597 0.544876756131037 659.7
6598 0.5449177294434583 659.8000000000001
6599 0.544956975323449 659.9000000000001
6600 0.5449964642228199 660
6601 0.5450355588629218 660.1
6602 0.5450751583799383 660.2
6603 0.5451153409601677 660.3000000000001
6604 0.5451561665090625 660.4000000000001
6605 0.5451976584428621 660.5
6606 0.545239868432476 660.6
6607 0.5452826894632307 660.7
6608 0.5453261750962283 660.8000000000001
6609 0.5453702691834251 660.9000000000001
6610 0.5454150335571073 661
6611 0.5454602906683913 661.1
6612 0.5455058893622505 661.2
6613 0.5455518431731938 661.3000000000001
6614 0.545598063449192 661.4000000000001
6615 0.5456443755647927 661.5
6616 0.5456903040678335 661.6
6617 0.5457364164421379 661.7
6618 0.5457812932842472 661.8000000000001
6619 0.5458250863598342 661.9000000000001
6620 0.5458687852821075 662
6621 0.5459117483705156 662.1
6622 0.5459545239069622 662.2
6623 0.5459971355318184 662.3000000000001
6624 0.5460394966363787 662.4000000000001
6625 0.5460796821218437 662.5
6626 0.5461191836281447 662.6
6627 0.5461586596724706 662.7
6628 0.546198075652971 662.8000000000001
6629 0.5462374297060053 662.9000000000001
6630 0.5462767471176543 663
6631 0.5463162119934345 663.1
6632 0.5463557927484262 663.2
6633 0.5463955148253776 663.3000000000001
6634 0.5464354894937647 663.4000000000001
6635 0.5464750593829429 663.5
6636 0.5465143927180094 663.6
6637 0.5465538531746809 663.7
6638 0.5465937254834659 663.8000000000001
6639 0.5466327974720372 663.9000000000001
6640 0.5466719758622425 664
6641 0.5467118972186057 664.1
6642 0.546752589877287 664.2
6643 0.5467930103628422 664.3000000000001
6644 0.5468354583115099 664.4000000000001
6645 0.5468774110606148 664.5
6646 0.5469201498195387 664.6
6647 0.5469632336649138 664.7
6648 0.5470052560029236 664.8000000000001
6649 0.547046799092279 664.9000000000001
6650 0.5470878382386634 665
6651 0.5471290111315216 665.1
6652 0.5471708915927989 665.2
6653 0.5472133646454436 665.3000000000001
6654 0.5472576370447011 665.4000000000001
6655 0.5473038235509018 665.5
6656 0.5473503988188222 665.6
6657 0.5473966573569029 665.7
6658 0.5474439721986014 665.8000000000001
6659 0.5474914642501497 665.9000000000001
6660 0.5475375739948981 666
6661 0.5475810962459965 666.1
6662 0.5476248619970623 666.2
6663 0.5476687389414115 666.3000000000001
6664 0.5477119128853196 666.4000000000001
6665 0.5477551860734875 666.5
6666 0.5477984194642791 666.6
6667 0.5478420093067635 666.7
6668 0.547885889683557 666.8000000000001
6669 0.5479297449141626 666.9000000000001
6670 0.5479740130933495 667
6671 0.5480186660727606 667.1
6672 0.54806155767291 667.2
6673 0.5481033486687081 667.3000000000001
6674 0.5481451990866925 667.4000000000001
6675 0.5481871381050896 667.5
6676 0.5482289445089291 667.6
6677 0.5482707220540544 667.7
6678 0.5483125940488051 667.8000000000001
6679 0.5483542913934611 667.9000000000001
6680 0.5483954307017658 668
6681 0.5484367344654366 668.1
6682 0.5484778653820093 668.2
6683 0.5485187447688685 668.3000000000001
6684 0.5485600045961678 668.4000000000001
6685 0.5486012258627161 668.5
6686 0.5486424352630852 668.6
6687 0.5486838874396296 668.7
6688 0.548725904191379 668.8000000000001
6689 0.5487679703358641 668.9000000000001
6690 0.5488102933285786 669
6691 0.5488532233818745 669.1
6692 0.5488970162106505 669.2
6693 0.5489416555491351 669.3000000000001
6694 0.5489871974531505 669.4000000000001
6695 0.5490338079727388 669.5
6696 0.5490792613451477 669.6
6697 0.5491251061260202 669.7
6698 0.5491711369890518 669.8000000000001
6699 0.5492173405813887 669.9000000000001
6700 0.5492635194692074 670
6701 0.5493088697948155 670.1
6702 0.5493531055736066 670.2
6703 0.549397079821525 670.3000000000001
6704 0.5494408316766179 670.4000000000001
6705 0.5494844282311503 670.5
6706 0.5495277651542592 670.6
6707 0.5495704570264541 670.7
6708 0.5496129307934179 670.8000000000001
6709 0.5496556891789081 670.9000000000001
6710 0.5496979105112401 671
6711 0.549740004953013 671.1
6712 0.5497828652131389 671.2
6713 0.5498242738907555 671.3000000000001
6714 0.5498660906784533 671.4000000000001
6715 0.549908290070691 671.5
6716 0.549951131496859 671.6
6717 0.5499945177742743 671.7
6718 0.5500383394188951 671.8000000000001
6719 0.5500824536576547 671.9000000000001
6720 0.5501265600419994 672
6721 0.550170827542498 672.1
6722 0.5502151426683778 672.2
6723 0.550259511040901 672.3000000000001
6724 0.5503039292772173 672.4000000000001
6725 0.5503483364002307 672.5
6726 0.5503928353262083 672.6
6727 0.5504375285923377 672.7
6728 0.5504822412848481 672.8000000000001
6729 0.5505262687355069 672.9000000000001
6730 0.5505703011591833 673
6731 0.5506145082626549 673.1
6732 0.5506570820687936 673.2
6733 0.5506993385589682 673.3000000000001
6734 0.5507413436992238 673.4000000000001
6735 0.5507829364448832 673.5
6736 0.5508242457487127 673.6
6737 0.5508642519229685 673.7
6738 0.5509042754474388 673.8000000000001
6739 0.5509443079072933 673.9000000000001
6740 0.5509839118417765 674
6741 0.5510234170684427 674.1
6742 0.5510631631008945 674.2
6743 0.5511033381907458 674.3000000000001
6744 0.5511442247987853 674.4000000000001
6745 0.5511858239828363 674.5
6746 0.5512261926641383 674.6
6747 0.5512670906094259 674.7
6748 0.5513084806268154 674.8000000000001
6749 0.5513501794387277 674.9000000000001
6750 0.5513922908110631 675
6751 0.5514348772809288 675.1
6752 0.551477851133618 675.2
6753 0.5515210954610176 675.3000000000001
6754 0.5515644930977046 675.4000000000001
6755 0.5516079775750558 675.5
6756 0.551651054579571 675.6
6757 0.5516937036458325 675.7
6758 0.5517365078825311 675.8000000000001
6759 0.5517795201078293 675.9000000000001
6760 0.5518229340478203 676
6761 0.5518664612706397 676.1
6762 0.551910466334474 676.2
6763 0.5519536704980967 676.3000000000001
6764 0.5519966390148893 676.4000000000001
6765 0.5520399700129118 676.5
6766 0.5520835171749845 676.6
6767 0.5521272750411799 676.7
6768 0.5521709449002402 676.8000000000001
6769 0.5522145479376724 676.9000000000001
6770 0.552257808410329 677
6771 0.5522994261207104 677.1
6772 0.5523397217288284 677.2
6773 0.5523798829219289 677.3000000000001
6774 0.5524203450058727 677.4000000000001
6775 0.5524612433484496 677.5
6776 0.552501527898588 677.6
6777 0.552539835229203 677.7
6778 0.5525774250680682 677.8000000000001
6779 0.5526150988898081 677.9000000000001
6780 0.5526534312340396 678
6781 0.5526923660010011 678.1
6782 0.5527319207869853 678.2
6783 0.5527720643141812 678.3000000000001
6784 0.5528127598315452 678.4000000000001
6785 0.5528538737967794 678.5
6786 0.5528955250976713 678.6
6787 0.5529377142420093 678.7
6788 0.5529804484569083 678.8000000000001
6789 0.5530237188722759 678.9000000000001
6790 0.5530675302135448 679
6791 0.553111894064206 679.1
6792 0.5531567921461072 679.2
6793 0.553202206493617 679.3000000000001
6794 0.5532481102001385 679.4000000000001
6795 0.5532944880726917 679.5
6796 0.553341370971165 679.6
6797 0.5533887065284196 679.7
6798 0.5534363441770803 679.8000000000001
6799 0.5534839970175729 679.9000000000001
6800 0.5535315671045027 680
6801 0.5535790064247927 680.1
6802 0.5536262954905463 680.2
6803 0.5536731419424078 680.3000000000001
6804 0.5537186556544877 680.4000000000001
6805 0.5537637364011558 680.5
6806 0.5538087459544871 680.6
6807 0.5538533749077226 680.7
6808 0.5538977413309368 680.8000000000001
6809 0.5539421687705262 680.9000000000001
6810 0.5539850288429081 681
6811 0.5540273898505023 681.1
6812 0.5540683948909774 681.2
6813 0.5541093299089661 681.3000000000001
6814 0.5541503372124124 681.4000000000001
6815 0.5541914484628225 681.5
6816 0.5542326246492217 681.6
6817 0.5542738201155286 681.7
6818 0.5543149942400835 681.8000000000001
6819 0.554356242703442 681.9000000000001
6820 0.55439760058643 682
6821 0.5544391481683425 682.1
6822 0.5544809731781241 682.2
6823 0.554523177673381 682.3000000000001
6824 0.5545658401886796 682.4000000000001
6825 0.5546090089180534 682.5
6826 0.554651809463561 682.6
6827 0.5546942177854635 682.7
6828 0.5547372715119154 682.8000000000001
6829 0.5547809775750342 682.9000000000001
6830 0.55482530765347 683
6831 0.5548701750148455 683.1
6832 0.5549151891717622 683.2
6833 0.5549601538948871 683.3000000000001
6834 0.5550036932232901 683.4000000000001
6835 0.5550465363582382 683.5
6836 0.5550889974182333 683.6
6837 0.555131005655048 683.7
6838 0.5551718765897353 683.8000000000001
6839 0.5552115418032222 683.9000000000001
6840 0.5552511839162674 684
6841 0.5552908887707351 684.1
6842 0.555330763927958 684.2
6843 0.5553709618606388 684.3000000000001
6844 0.5554115102156415 684.4000000000001
6845 0.5554523339596685 684.5
6846 0.5554933421885292 684.6
6847 0.555534650884138 684.7
6848 0.5555759152201185 684.8000000000001
6849 0.5556171756914388 684.9000000000001
6850 0.5556582531396979 685
6851 0.5556999219480372 685.1
6852 0.5557420681882901 685.2
6853 0.5557850086231571 685.3000000000001
6854 0.5558283010390077 685.4000000000001
6855 0.5558723178862278 685.5
6856 0.5559165399578594 685.6
6857 0.5559596037689511 685.7
6858 0.5560031452784806 685.8000000000001
6859 0.5560463707650447 685.9000000000001
6860 0.5560894368621554 686
6861 0.5561328756667684 686.1
6862 0.5561766802718844 686.2
6863 0.5562208117982892 686.3000000000001
6864 0.5562651997669981 686.4000000000001
6865 0.5563098239516205 686.5
6866 0.5563546322795483 686.6
6867 0.5563994731379577 686.7
6868 0.5564442822058135 686.8000000000001
6869 0.556488985323766 686.9000000000001
6870 0.5565334690004179 687
6871 0.5565776414180955 687.1
6872 0.5566214091730426 687.2
6873 0.556664659128274 687.3000000000001
6874 0.5567071464211246 687.4000000000001
6875 0.5567487954933116 687.5
6876 0.5567899722307859 687.6
6877 0.556830322735597 687.7
6878 0.5568693987147046 687.8000000000001
6879 0.5569084525065614 687.9000000000001
6880 0.5569475338282115 688
6881 0.5569866604516014 688.1
6882 0.5570256728593798 688.2
6883 0.5570649148526656 688.3000000000001
6884 0.5571043284055648 688.4000000000001
6885 0.5571438500747835 688.5
6886 0.5571833519459566 688.6
6887 0.5572227783851849 688.7
6888 0.5572619225752923 688.8000000000001
6889 0.557300867657363 688.9000000000001
6890 0.5573401492607776 689
6891 0.5573797938717567 689.1
6892 0.5574195996230965 689.2
6893 0.5574597495032264 689.3000000000001
6894 0.5575003532967441 689.4000000000001
6895 0.5575414417531822 689.5
6896 0.5575830521324189 689.6
6897 0.5576252288098414 689.7
6898 0.5576680339543025 689.8000000000001
6899 0.5577115400484287 689.9000000000001
6900 0.5577558279454985 690
6901 0.5578009771161377 690.1
6902 0.5578470610580605 690.2
6903 0.5578929759159522 690.3000000000001
6904 0.5579388867716769 690.4000000000001
6905 0.5579856049777976 690.5
6906 0.5580330194003085 690.6
6907 0.5580809612393447 690.7
6908 0.5581292471162781 690.8000000000001
6909 0.558177728297258 690.9000000000001
6910 0.558226435857008 691
6911 0.5582744201354194 691.1
6912 0.5583222491420616 691.2
6913 0.5583695140881928 691.3000000000001
6914 0.558416441184756 691.4000000000001
6915 0.558463317070607 691.5
6916 0.5585076625619574 691.6
6917 0.5585513545821299 691.7
6918 0.5585952415665252 691.8000000000001
6919 0.5586393573281748 691.9000000000001
6920 0.5586837707504047 692
6921 0.5587286444033175 692.1
6922 0.5587737791152043 692.2
6923 0.5588198636427915 692.3000000000001
6924 0.5588669847517359 692.4000000000001
6925 0.5589146081374368 692.5
6926 0.5589621593721402 692.6
6927 0.5590087690784057 692.7
6928 0.5590553422535479 692.8000000000001
6929 0.5591019987765176 692.9000000000001
6930 0.5591486071623094 693
6931 0.559195511315976 693.1
6932 0.5592427148697036 693.2
6933 0.5592901625123778 693.3000000000001
6934 0.559337647941196 693.4000000000001
6935 0.5593841599289221 693.5
6936 0.5594305036728188 693.6
6937 0.5594766545185242 693.7
6938 0.5595225594889857 693.8000000000001
6939 0.5595687174605299 693.9000000000001
6940 0.5596152877323477 694
6941 0.5596617226817772 694.1
6942 0.5597076050749923 694.2
6943 0.5597543168819212 694.3000000000001
6944 0.5597995388791261 694.4000000000001
6945 0.5598447421732211 694.5
6946 0.5598893346676919 694.6
6947 0.5599341707510094 694.7
6948 0.5599794629663891 694.8000000000001
6949 0.5600253578239387 694.9000000000001
6950 0.5600701134542859 695
6951 0.5601153481854676 695.1
6952 0.5601580968425157 695.2
6953 0.5602007399324987 695.3000000000001
6954 0.5602436046983567 695.4000000000001
6955 0.5602863678811172 695.5
6956 0.5603286598738851 695.6
6957 0.5603694549544032 695.7
6958 0.5604089232160611 695.8000000000001
6959 0.560446780146754 695.9000000000001
6960 0.560483385076338 696
6961 0.5605187543097 696.1
6962 0.5605534617606486 696.2
6963 0.5605881522942581 696.3000000000001
6964 0.5606230020569685 696.4000000000001
6965 0.5606581315510604 696.5
6966 0.560692760805433 696.6
6967 0.5607273806616689 696.7
6968 0.5607626135010852 696.8000000000001
6969 0.5607982594919464 696.9000000000001
6970 0.560834715035036 697
6971 0.5608718195887076 697.1
6972 0.560909386213561 697.2
6973 0.5609476674084952 697.3000000000001
6974 0.5609865334566838 697.4000000000001
6975 0.5610258249748584 697.5
6976 0.561065552388061 697.6
6977 0.5611045911148049 697.7
6978 0.561143608034401 697.8000000000001
6979 0.5611828276673423 697.9000000000001
6980 0.5612220921729327 698
6981 0.5612611148593084 698.1
6982 0.5613002915628995 698.2
6983 0.5613395189460018 698.3000000000001
6984 0.5613789783333453 698.4000000000001
6985 0.5614187357229221 698.5
6986 0.5614588006110158 698.6
6987 0.5614993185814792 698.7
6988 0.5615403437694377 698.8000000000001
6989 0.5615820060652631 698.9000000000001
6990 0.5616244040477042 699
6991 0.5616675707490177 699.1
6992 0.561711512014333 699.2
6993 0.5617562092626999 699.3000000000001
6994 0.5618014638701639 699.4000000000001
6995 0.5618469150349656 699.5
6996 0.5618930255220506 699.6
6997 0.5619381188681768 699.7
6998 0.5619813523695865 699.8000000000001
6999 0.5620247515673503 699.9000000000001
7000 0.5620686222083573 700
7001 0.5621128867040437 700.1
7002 0.5621571759371639 700.2
7003 0.5622017177570686 700.3000000000001
7004 0.5622464649586029 700.4000000000001
7005 0.5622912671212844 700.5
7006 0.5623360268461606 700.6
7007 0.5623805343480757 700.7
7008 0.5624246746294161 700.8000000000001
7009 0.5624684222296065 700.9000000000001
7010 0.5625105431020657 701
7011 0.562551813848411 701.1
7012 0.562592526211604 701.2
7013 0.5626328077699708 701.3000000000001
7014 0.5626727271729031 701.4000000000001
7015 0.5627124100917292 701.5
7016 0.5627519735367582 701.6
7017 0.5627916048575329 701.7
7018 0.5628314401065143 701.8000000000001
7019 0.5628715398063667 701.9000000000001
7020 0.5629119629336682 702
7021 0.5629528368410766 702.1
7022 0.5629942152942992 702.2
7023 0.563036096857551 702.3000000000001
7024 0.563078481011552 702.4000000000001
7025 0.563121289085201 702.5
7026 0.5631645900607897 702.6
7027 0.5632084350071787 702.7
7028 0.5632528095543361 702.8000000000001
7029 0.5632976858571394 702.9000000000001
7030 0.5633430254578976 703
7031 0.5633887876031952 703.1
7032 0.5634348971544051 703.2
7033 0.5634812614984936 703.3000000000001
7034 0.563526749159859 703.4000000000001
7035 0.5635714726937574 703.5
7036 0.5636161610125542 703.6
7037 0.5636605180938055 703.7
7038 0.5637046998646881 703.8000000000001
7039 0.5637480477091604 703.9000000000001
7040 0.5637915012155503 704
7041 0.563834446875586 704.1
7042 0.5638770012956964 704.2
7043 0.5639196201620186 704.3000000000001
7044 0.5639621062411894 704.4000000000001
7045 0.564004856712137 704.5
7046 0.5640466565632437 704.6
7047 0.5640891934079532 704.7
7048 0.5641321295411093 704.8000000000001
7049 0.5641741039217094 704.9000000000001
7050 0.5642165550878974 705
7051 0.5642593285640873 705.1
7052 0.5643020066855459 705.2
7053 0.5643446579551825 705.3000000000001
7054 0.56438718110899 705.4000000000001
7055 0.5644294914920001 705.5
7056 0.5644709466473008 705.6
7057 0.5645113229448596 705.7
7058 0.5645511568158079 705.8000000000001
7059 0.5645894616396433 705.9000000000001
7060 0.5646272578055057 706
7061 0.564664666784099 706.1
7062 0.5647018912567159 706.2
7063 0.5647390843480268 706.3000000000001
7064 0.5647762568377841 706.4000000000001
7065 0.564813249071302 706.5
7066 0.5648504366158104 706.6
7067 0.5648879088657688 706.7
7068 0.5649257290910502 706.8000000000001
7069 0.5649639810490916 706.9000000000001
7070 0.5650026715272449 707
7071 0.5650417873006094 707.1
7072 0.5650813247857986 707.2
7073 0.5651212853047957 707.3000000000001
7074 0.5651616638604157 707.4000000000001
7075 0.5652023688505101 707.5
7076 0.565243335219031 707.6
7077 0.5652847108946654 707.7
7078 0.5653264888462409 707.8000000000001
7079 0.5653685131141926 707.9000000000001
7080 0.5654108881978783 708
7081 0.565453720945406 708.1
7082 0.5654970485229803 708.2
7083 0.5655409135000505 708.3000000000001
7084 0.5655853836329368 708.4000000000001
7085 0.5656298209390644 708.5
7086 0.5656742286267544 708.6
7087 0.5657191935344231 708.7
7088 0.5657648093996434 708.8000000000001
7089 0.5658111802227122 708.9000000000001
7090 0.5658583459792906 709
7091 0.5659062856476132 709.1
7092 0.5659549323673743 709.2
7093 0.5660041386729054 709.3000000000001
7094 0.5660534118757551 709.4000000000001
7095 0.5661025430560339 709.5
7096 0.566150046651405 709.6
7097 0.5661946487565158 709.7
7098 0.5662379070421176 709.8000000000001
7099 0.5662806596823021 709.9000000000001
7100 0.5663228799211698 710
7101 0.5663646232929905 710.1
7102 0.5664058480376942 710.2
7103 0.5664459120469257 710.3000000000001
7104 0.5664855681898993 710.4000000000001
7105 0.5665250216687788 710.5
7106 0.5665643793873769 710.6
7107 0.5666036031673932 710.7
7108 0.5666427511492269 710.8000000000001
7109 0.5666816963515431 710.9000000000001
7110 0.5667192715641803 711
7111 0.5667565855862268 711.1
7112 0.5667939797033458 711.2
7113 0.5668318610978007 711.3000000000001
7114 0.5668702496373392 711.4000000000001
7115 0.5669089890605262 711.5
7116 0.5669482158142756 711.6
7117 0.5669880472839003 711.7
7118 0.5670284981876891 711.8000000000001
7119 0.5670695815822436 711.9000000000001
7120 0.5671113195579482 712
7121 0.5671537237867149 712.1
7122 0.5671967946156796 712.2
7123 0.5672404771617962 712.3000000000001
7124 0.567284690503065 712.4000000000001
7125 0.5673291385580831 712.5
7126 0.567372421464312 712.6
7127 0.5674156526176969 712.7
7128 0.5674583981930917 712.8000000000001
7129 0.5675011966203415 712.9000000000001
7130 0.5675430354567518 713
7131 0.5675850124749643 713.1
7132 0.5676272676499876 713.2
7133 0.5676699155428971 713.3000000000001
7134 0.56771306601002 713.4000000000001
7135 0.5677568202875634 713.5
7136 0.5677997507459878 713.6
7137 0.5678432036444589 713.7
7138 0.5678871932325605 713.8000000000001
7139 0.5679309819962569 713.9000000000001
7140 0.5679751573690703 714
7141 0.5680195926820399 714.1
7142 0.5680641551780069 714.2
7143 0.5681088593377004 714.3000000000001
7144 0.5681527432038952 714.4000000000001
7145 0.5681967990038492 714.5
7146 0.5682410760075041 714.6
7147 0.5682853503239907 714.7
7148 0.5683289029590206 714.8000000000001
7149 0.5683727510257905 714.9000000000001
7150 0.5684168083368906 715
7151 0.5684609570825886 715.1
7152 0.5685049991597895 715.2
7153 0.5685488089426285 715.3000000000001
7154 0.5685922523515932 715.4000000000001
7155 0.5686341672564934 715.5
7156 0.5686758008911734 715.6
7157 0.5687170079350221 715.7
7158 0.5687579319221031 715.8000000000001
7159 0.5687985174268111 715.9000000000001
7160 0.5688386738638262 716
7161 0.5688787290537236 716.1
7162 0.5689182039984391 716.2
7163 0.5689561545371057 716.3000000000001
7164 0.5689945086912656 716.4000000000001
7165 0.5690334037434333 716.5
7166 0.5690729582181522 716.6
7167 0.5691132938950789 716.7
7168 0.5691545297543396 716.8000000000001
7169 0.5691966149177566 716.9000000000001
7170 0.5692395008508517 717
7171 0.5692825572752716 717.1
7172 0.5693246901222555 717.2
7173 0.5693673670255728 717.3000000000001
7174 0.5694101968789571 717.4000000000001
7175 0.5694527444928768 717.5
7176 0.5694951953711612 717.6
7177 0.5695378169166556 717.7
7178 0.5695804176546527 717.8000000000001
7179 0.5696228796477474 717.9000000000001
7180 0.5696652676976125 718
7181 0.5697075954592223 718.1
7182 0.5697497688388071 718.2
7183 0.5697916450662094 718.3000000000001
7184 0.5698332688486586 718.4000000000001
7185 0.5698742368381229 718.5
7186 0.5699149241450289 718.6
7187 0.5699549968801516 718.7
7188 0.5699948210004295 718.8000000000001
7189 0.570033783486961 718.9000000000001
7190 0.5700722326371432 719
7191 0.570111050293088 719.1
7192 0.5701504387613959 719.2
7193 0.5701904878898614 719.3000000000001
7194 0.5702313385342008 719.4000000000001
7195 0.570273007432033 719.5
7196 0.570315396408594 719.6
7197 0.5703584813103246 719.7
7198 0.5704019145316791 719.8000000000001
7199 0.5704456205160769 719.9000000000001
7200 0.57048960979247 720
7201 0.570533418178108 720.1
7202 0.5705753020483378 720.2
7203 0.5706170582882039 720.3000000000001
7204 0.5706586178624758 720.4000000000001
7205 0.5706999778070945 720.5
7206 0.5707407837717859 720.6
7207 0.5707812431905945 720.7
7208 0.5708217858149325 720.8000000000001
7209 0.5708620878556581 720.9000000000001
7210 0.5709016916878472 721
7211 0.5709417730459374 721.1
7212 0.5709824547292045 721.2
7213 0.5710238459219183 721.3000000000001
7214 0.5710660251011593 721.4000000000001
7215 0.5711088958494359 721.5
7216 0.5711519523175544 721.6
7217 0.5711955548058752 721.7
7218 0.5712396375510754 721.8000000000001
7219 0.5712840168001958 721.9000000000001
7220 0.5713286333171417 722
7221 0.5713733769866336 722.1
7222 0.5714181639277809 722.2
7223 0.5714630871636002 722.3000000000001
7224 0.5715074117024123 722.4000000000001
7225 0.571551844746388 722.5
7226 0.5715956900730937 722.6
7227 0.5716380206644874 722.7
7228 0.5716804956759736 722.8000000000001
7229 0.5717236145402637 722.9000000000001
7230 0.571767426995993 723
7231 0.5718119668480961 723.1
7232 0.57185721921522 723.2
7233 0.571903102104759 723.3000000000001
7234 0.5719494946584964 723.4000000000001
7235 0.5719962032908307 723.5
7236 0.5720429808372959 723.6
7237 0.5720895539657069 723.7
7238 0.5721357179677167 723.8000000000001
7239 0.572180382863578 723.9000000000001
7240 0.5722237973405008 724
7241 0.5722658909518998 724.1
7242 0.5723065818007462 724.2
7243 0.5723461879620972 724.3000000000001
7244 0.5723852322069382 724.4000000000001
7245 0.5724238589068891 724.5
7246 0.5724622115839924 724.6
7247 0.5725002722858126 724.7
7248 0.5725379460700735 724.8000000000001
7249 0.5725754536832399 724.9000000000001
7250 0.5726133001086428 725
7251 0.5726516589726349 725.1
7252 0.572690620669197 725.2
7253 0.5727302578206872 725.3000000000001
7254 0.5727705909215469 725.4000000000001
7255 0.572811638464171 725.5
7256 0.5728529831477041 725.6
7257 0.5728950278679413 725.7
7258 0.5729375683067548 725.8000000000001
7259 0.5729804070472623 725.9000000000001
7260 0.5730232390221138 726
7261 0.5730658120560964 726.1
7262 0.5731071789365113 726.2
7263 0.5731476970945644 726.3000000000001
7264 0.5731878806914046 726.4000000000001
7265 0.5732277732150547 726.5
7266 0.5732671083210976 726.6
7267 0.5733063794790481 726.7
7268 0.5733461065952287 726.8000000000001
7269 0.5733864800019309 726.9000000000001
7270 0.5734276542934094 727
7271 0.5734678864829094 727.1
7272 0.5735078258344655 727.2
7273 0.5735488314671344 727.3000000000001
7274 0.573590903303832 727.4000000000001
7275 0.5736339971896361 727.5
7276 0.5736780352374763 727.6
7277 0.5737228986431815 727.7
7278 0.5737682038512526 727.8000000000001
7279 0.5738139757304997 727.9000000000001
7280 0.5738600846101766 728
7281 0.5739049481274692 728.1
7282 0.5739491914159803 728.2
7283 0.573992898487664 728.3000000000001
7284 0.5740359460856408 728.4000000000001
7285 0.574078075538333 728.5
7286 0.5741189413761471 728.6
7287 0.574159087499389 728.7
7288 0.5741977117361021 728.8000000000001
7289 0.574236118251422 728.9000000000001
7290 0.5742745352624291 729
7291 0.5743128224124795 729.1
7292 0.5743515881723756 729.2
7293 0.5743909797098149 729.3000000000001
7294 0.5744310999890559 729.4000000000001
7295 0.5744720582432973 729.5
7296 0.574513825050102 729.6
7297 0.57455623183333 729.7
7298 0.5745996479046119 729.8000000000001
7299 0.5746440865813148 729.9000000000001
7300 0.5746895204175403 730
7301 0.5747358631447846 730.1
7302 0.5747830504630118 730.2
7303 0.574830886004816 730.3000000000001
7304 0.5748771917799395 730.4000000000001
7305 0.5749235481653678 730.5
7306 0.5749699349181746 730.6
7307 0.5750159118198378 730.7
7308 0.5750613308278408 730.8000000000001
7309 0.5751046130142763 730.9000000000001
7310 0.5751456670378958 731
7311 0.5751858825001804 731.1
7312 0.5752241314528824 731.2
7313 0.5752616609007498 731.3000000000001
7314 0.5752987779267194 731.4000000000001
7315 0.5753359285533033 731.5
7316 0.5753735393083068 731.6
7317 0.5754115261865339 731.7
7318 0.5754501145042037 731.8000000000001
7319 0.5754892629948296 731.9000000000001
7320 0.5755293320964946 732
7321 0.5755703780929864 732.1
7322 0.575612384681674 732.2
7323 0.5756553045972074 732.3000000000001
7324 0.5756990749000684 732.4000000000001
7325 0.5757435480564426 732.5
7326 0.5757883459324191 732.6
7327 0.575833615569358 732.7
7328 0.575878912829802 732.8000000000001
7329 0.5759242857193718 732.9000000000001
7330 0.5759695990507321 733
7331 0.5760140398740334 733.1
7332 0.5760576847163238 733.2
7333 0.5761007500540166 733.3000000000001
7334 0.5761433744184634 733.4000000000001
7335 0.5761859263962194 733.5
7336 0.5762283601068152 733.6
7337 0.5762707596921252 733.7
7338 0.5763134860591143 733.8000000000001
7339 0.5763566140463914 733.9000000000001
7340 0.5764003261954718 734
7341 0.5764438880395273 734.1
7342 0.5764874455192484 734.2
7343 0.5765293117985311 734.3000000000001
7344 0.5765720284938031 734.4000000000001
7345 0.5766155179543951 734.5
7346 0.5766578540705296 734.6
7347 0.5767007199612323 734.7
7348 0.5767442755797498 734.8000000000001
7349 0.5767884578667042 734.9000000000001
7350 0.5768331701194351 735
7351 0.5768780048700988 735.1
7352 0.5769229900858027 735.2
7353 0.5769680176454707 735.3000000000001
7354 0.5770130571099014 735.4000000000001
7355 0.5770579867238784 735.5
7356 0.5771026373795242 735.6
7357 0.5771472034911872 735.7
7358 0.5771914758392784 735.8000000000001
7359 0.5772353298390516 735.9000000000001
7360 0.5772787139943608 736
7361 0.5773219244298452 736.1
7362 0.5773652533122164 736.2
7363 0.5774085988865023 736.3000000000001
7364 0.5774514635268716 736.4000000000001
7365 0.5774941778639424 736.5
7366 0.5775366213570439 736.6
7367 0.57757988958708 736.7
7368 0.5776240086453184 736.8000000000001
7369 0.5776689712031682 736.9000000000001
7370 0.577714727100037 737
7371 0.5777611656893815 737.1
7372 0.5778081298268863 737.2
7373 0.5778554820897043 737.3000000000001
7374 0.5779031624215666 737.4000000000001
7375 0.5779495504308958 737.5
7376 0.5779949674134695 737.6
7377 0.5780401597149648 737.7
7378 0.5780854151935838 737.8000000000001
7379 0.5781301537255654 737.9000000000001
7380 0.5781734744944602 738
7381 0.5782156805312196 738.1
7382 0.578257888127928 738.2
7383 0.5783002410163528 738.3000000000001
7384 0.5783425670537228 738.4000000000001
7385 0.5783839892399657 738.5
7386 0.5784248320882572 738.6
7387 0.5784660474755581 738.7
7388 0.5785077431873454 738.8000000000001
7389 0.5785499816901709 738.9000000000001
7390 0.5785927365664454 739
7391 0.5786357706080569 739.1
7392 0.5786784698905207 739.2
7393 0.5787213330874356 739.3000000000001
7394 0.5787641914568432 739.4000000000001
7395 0.5788072639546308 739.5
7396 0.5788506545400268 739.6
7397 0.5788938553503638 739.7
7398 0.5789365823360636 739.8000000000001
7399 0.5789798595017164 739.9000000000001
7400 0.5790230912961037 740
7401 0.5790655130434595 740.1
7402 0.5791082533517145 740.2
7403 0.5791513334395553 740.3000000000001
7404 0.5791947234873105 740.4000000000001
7405 0.5792383187782324 740.5
7406 0.5792819718560022 740.6
7407 0.5793258077502802 740.7
7408 0.5793688355097953 740.8000000000001
7409 0.5794116198925647 740.9000000000001
7410 0.5794545236136215 741
7411 0.5794975223743756 741.1
7412 0.5795405561743153 741.2
7413 0.5795835128156911 741.3000000000001
7414 0.5796263391404497 741.4000000000001
7415 0.5796691908922782 741.5
7416 0.5797116904319216 741.6
7417 0.5797536623020798 741.7
7418 0.5797954796640359 741.8000000000001
7419 0.5798357610143161 741.9000000000001
7420 0.5798762697217639 742
7421 0.5799169798732108 742.1
7422 0.5799575720029728 742.2
7423 0.5799977263776415 742.3000000000001
7424 0.5800378623464285 742.4000000000001
7425 0.5800784880441807 742.5
7426 0.5801195004921652 742.6
7427 0.5801610740044956 742.7
7428 0.5802032638049136 742.8000000000001
7429 0.5802458458594681 742.9000000000001
7430 0.5802889328533334 743
7431 0.5803323937400245 743.1
7432 0.5803761151158142 743.2
7433 0.5804194953257006 743.3000000000001
7434 0.5804621335688391 743.4000000000001
7435 0.5805047474615961 743.5
7436 0.5805471670465131 743.6
7437 0.5805893310589227 743.7
7438 0.5806312717696176 743.8000000000001
7439 0.5806729841611176 743.9000000000001
7440 0.5807144953920099 744
7441 0.580756010694892 744.1
7442 0.5807970191092363 744.2
7443 0.5808374687400001 744.3000000000001
7444 0.580877240034428 744.4000000000001
7445 0.5809174183933714 744.5
7446 0.5809579204880001 744.6
7447 0.5809989890115177 744.7
7448 0.5810406482764281 744.8000000000001
7449 0.5810830599076715 744.9000000000001
7450 0.581126188369757 745
7451 0.5811694391703482 745.1
7452 0.5812125174257531 745.2
7453 0.5812560642700365 745.3000000000001
7454 0.5813005338252172 745.4000000000001
7455 0.5813457518158146 745.5
7456 0.5813915944916834 745.6
7457 0.5814380489857867 745.7
7458 0.5814848208035124 745.8000000000001
7459 0.5815312182907709 745.9000000000001
7460 0.5815770287115691 746
7461 0.5816229345372393 746.1
7462 0.5816688751101496 746.2
7463 0.5817152269651822 746.3000000000001
7464 0.5817619342679539 746.4000000000001
7465 0.5818085806734792 746.5
7466 0.5818545432996473 746.6
7467 0.5818994540904484 746.7
7468 0.5819439137573594 746.8000000000001
7469 0.5819880268836165 746.9000000000001
7470 0.582030182699779 747
7471 0.5820722907381201 747.1
7472 0.5821144727934535 747.2
7473 0.5821567675015692 747.3000000000001
7474 0.5821992162847391 747.4000000000001
7475 0.5822418531851953 747.5
7476 0.5822841723617027 747.6
7477 0.5823261241744824 747.7
7478 0.5823678465602818 747.8000000000001
7479 0.5824095895514502 747.9000000000001
7480 0.5824515454897632 748
7481 0.582493800005662 748.1
7482 0.5825350239603841 748.2
7483 0.5825758100702833 748.3000000000001
7484 0.5826165713887715 748.4000000000001
7485 0.5826575313177227 748.5
7486 0.5826986522128814 748.6
7487 0.5827403168009739 748.7
7488 0.5827826454706201 748.8000000000001
7489 0.5828255880970252 748.9000000000001
7490 0.5828691367983164 749
7491 0.5829125441505577 749.1
7492 0.5829557027252302 749.2
7493 0.5829995175361988 749.3000000000001
7494 0.5830427685190379 749.4000000000001
7495 0.5830857834509001 749.5
7496 0.5831270854472026 749.6
7497 0.5831682851972638 749.7
7498 0.5832094001618642 749.8000000000001
7499 0.5832507028427233 749.9000000000001
7500 0.5832923848081053 750
7501 0.5833341976987271 750.1
7502 0.5833763976696198 750.2
7503 0.5834189351686044 750.3000000000001
7504 0.5834616570658384 750.4000000000001
7505 0.5835046081111478 750.5
7506 0.5835477260243838 750.6
7507 0.5835901498080649 750.7
7508 0.5836323638406037 750.8000000000001
7509 0.5836748538809076 750.9000000000001
7510 0.5837175553102443 751
7511 0.5837604537724298 751.1
7512 0.5838034189392967 751.2
7513 0.5838463257138741 751.3000000000001
7514 0.5838896595106531 751.4000000000001
7515 0.5839335004545533 751.5
7516 0.583975952652896 751.6
7517 0.5840181176213123 751.7
7518 0.5840606623073368 751.8000000000001
7519 0.584101481192681 751.9000000000001
7520 0.5841426357040138 752
7521 0.5841840878344262 752.1
7522 0.5842258481570078 752.2
7523 0.5842678003708155 752.3000000000001
7524 0.5843099021150968 752.4000000000001
7525 0.5843514629167439 752.5
7526 0.5843928979945425 752.6
7527 0.5844343814317674 752.7
7528 0.5844765143000995 752.8000000000001
7529 0.5845200337929306 752.9000000000001
7530 0.5845654309296832 753
7531 0.5846108006428437 753.1
7532 0.5846565383413145 753.2
7533 0.5847024272680821 753.3000000000001
7534 0.5847478009675041 753.4000000000001
7535 0.5847919239144241 753.5
7536 0.5848363344088713 753.6
7537 0.5848808052117124 753.7
7538 0.5849260237817892 753.8000000000001
7539 0.5849721900715643 753.9000000000001
7540 0.5850194433342888 754
7541 0.5850672737400645 754.1
7542 0.5851140018610183 754.2
7543 0.5851592284007782 754.3000000000001
7544 0.58520390633655 754.4000000000001
7545 0.5852475655558481 754.5
7546 0.5852895510078001 754.6
7547 0.5853305283392456 754.7
7548 0.5853707015934144 754.8000000000001
7549 0.5854097406204274 754.9000000000001
7550 0.5854481353805556 755
7551 0.5854863524843951 755.1
7552 0.5855246207753416 755.2
7553 0.5855631412620614 755.3000000000001
7554 0.5856018158890757 755.4000000000001
7555 0.5856398501078275 755.5
7556 0.5856780511226919 755.6
7557 0.5857154865859939 755.7
7558 0.5857533623242397 755.8000000000001
7559 0.5857917614549421 755.9000000000001
7560 0.5858307873495613 756
7561 0.5858704932783466 756.1
7562 0.5859109413010311 756.2
7563 0.5859520581279399 756.3000000000001
7564 0.5859938586142969 756.4000000000001
7565 0.5860362932948282 756.5
7566 0.5860795401582238 756.6
7567 0.5861236044705826 756.7
7568 0.5861684416762374 756.8000000000001
7569 0.5862139649252336 756.9000000000001
7570 0.5862599768788496 757
7571 0.5863058378378337 757.1
7572 0.5863516026808808 757.2
7573 0.5863960679785097 757.3000000000001
7574 0.5864407417417887 757.4000000000001
7575 0.5864852212857381 757.5
7576 0.5865287873275062 757.6
7577 0.58657229494929 757.7
7578 0.5866156742534817 757.8000000000001
7579 0.5866590040575771 757.9000000000001
7580 0.586702212410291 758
7581 0.5867451939986194 758.1
7582 0.5867875995520176 758.2
7583 0.5868298896567946 758.3000000000001
7584 0.5868720644464563 758.4000000000001
7585 0.5869132140127653 758.5
7586 0.5869540880591981 758.6
7587 0.5869952142551684 758.7
7588 0.5870364328276372 758.8000000000001
7589 0.587078234564212 758.9000000000001
7590 0.587118892313252 759
7591 0.5871601639639312 759.1
7592 0.5872020862130781 759.2
7593 0.5872447309835739 759.3000000000001
7594 0.5872880385903249 759.4000000000001
7595 0.5873319303614499 759.5
7596 0.5873765184884284 759.6
7597 0.5874217310434012 759.7
7598 0.5874664218906237 759.8000000000001
7599 0.5875113967242629 759.9000000000001
7600 0.5875563010067681 760
7601 0.5876012345243065 760.1
7602 0.5876463779296572 760.2
7603 0.587691584273232 760.3000000000001
7604 0.5877367852275156 760.4000000000001
7605 0.5877807943653555 760.5
7606 0.5878247555452571 760.6
7607 0.5878670977238493 760.7
7608 0.5879092018690959 760.8000000000001
7609 0.5879512283631866 760.9000000000001
7610 0.5879932336521592 761
7611 0.5880342782002322 761.1
7612 0.5880751820814424 761.2
7613 0.5881158856722508 761.3000000000001
7614 0.588156728701175 761.4000000000001
7615 0.5881977636107321 761.5
7616 0.5882390226419334 761.6
7617 0.5882805721432443 761.7
7618 0.5883223987791261 761.8000000000001
7619 0.5883644995509494 761.9000000000001
7620 0.5884067268855536 762
7621 0.5884493554445681 762.1
7622 0.5884922283842006 762.2
7623 0.5885353033346254 762.3000000000001
7624 0.5885786081359262 762.4000000000001
7625 0.5886222410468419 762.5
7626 0.5886661430009378 762.6
7627 0.5887103744779371 762.7
7628 0.5887549246270736 762.8000000000001
7629 0.5887997667693119 762.9000000000001
7630 0.5888434518997382 763
7631 0.5888867521946571 763.1
7632 0.5889303399007222 763.2
7633 0.5889741410202078 763.3000000000001
7634 0.5890178363558491 763.4000000000001
7635 0.5890617619075683 763.5
7636 0.5891059299239386 763.6
7637 0.5891501577968709 763.7
7638 0.5891937442650923 763.8000000000001
7639 0.5892360420139572 763.9000000000001
7640 0.5892783508413296 764
7641 0.5893207258561366 764.1
7642 0.5893632228730322 764.2
7643 0.5894056934840527 764.3000000000001
7644 0.5894479038537344 764.4000000000001
7645 0.5894896987257874 764.5
7646 0.5895312306013833 764.6
7647 0.5895722815887404 764.7
7648 0.5896121630946805 764.8000000000001
7649 0.5896521165960384 764.9000000000001
7650 0.5896921946131668 765
7651 0.5897324443899624 765.1
7652 0.5897729044659323 765.2
7653 0.5898136591364564 765.3000000000001
7654 0.5898547661418717 765.4000000000001
7655 0.5898962884426699 765.5
7656 0.5899382881618427 765.6
7657 0.5899808233546576 765.7
7658 0.5900239500752437 765.8000000000001
7659 0.5900677121879293 765.9000000000001
7660 0.5901114600813755 766
7661 0.5901551841666888 766.1
7662 0.5901994149062125 766.2
7663 0.5902440226148846 766.3000000000001
7664 0.590288243397915 766.4000000000001
7665 0.5903306806272696 766.5
7666 0.5903723199033314 766.6
7667 0.5904138969733119 766.7
7668 0.5904553702665979 766.8000000000001
7669 0.5904967081520476 766.9000000000001
7670 0.590537877686574 767
7671 0.5905787881850137 767.1
7672 0.5906192610713796 767.2
7673 0.5906597153323399 767.3000000000001
7674 0.5907002135323978 767.4000000000001
7675 0.5907408377121923 767.5
7676 0.5907809522147554 767.6
7677 0.590820375168113 767.7
7678 0.5908600427974755 767.8000000000001
7679 0.5908996671571115 767.9000000000001
7680 0.5909394888227154 768
7681 0.5909797532673677 768.1
7682 0.5910205439951161 768.2
7683 0.5910619342503924 768.3000000000001
7684 0.5911039242935126 768.4000000000001
7685 0.5911465175034365 768.5
7686 0.5911897678863012 768.6
7687 0.5912336953807825 768.7
7688 0.5912783438386413 768.8000000000001
7689 0.5913237304783848 768.9000000000001
7690 0.5913698994296021 769
7691 0.5914168718831189 769.1
7692 0.5914646436261283 769.2
7693 0.5915131238018286 769.3000000000001
7694 0.5915621741998871 769.4000000000001
7695 0.5916115778225373 769.5
7696 0.5916610049735834 769.6
7697 0.591710117712592 769.7
7698 0.5917586948327055 769.8000000000001
7699 0.5918052883802152 769.9000000000001
7700 0.5918503157644111 770
7701 0.591894071628852 770.1
7702 0.5919367598636952 770.2
7703 0.5919787480117222 770.3000000000001
7704 0.5920197235959506 770.4000000000001
7705 0.5920592671100526 770.5
7706 0.592098533422895 770.6
7707 0.592137479217847 770.7
7708 0.5921764946568051 770.8000000000001
7709 0.5922157001377707 770.9000000000001
7710 0.5922552472255942 771
7711 0.5922952285021105 771.1
7712 0.5923356796033964 771.2
7713 0.592376702737853 771.3000000000001
7714 0.5924183921331114 771.4000000000001
7715 0.5924607965757909 771.5
7716 0.5925039904281678 771.6
7717 0.5925480288126055 771.7
7718 0.5925929574621802 771.8000000000001
7719 0.5926388117396161 771.9000000000001
7720 0.5926849490681411 772
7721 0.59273156462801 772.1
7722 0.5927769392787063 772.2
7723 0.5928221960421741 772.3000000000001
7724 0.5928676669157812 772.4000000000001
7725 0.5929118055303929 772.5
7726 0.5929542967258988 772.6
7727 0.5929965438587879 772.7
7728 0.5930385295290994 772.8000000000001
7729 0.5930802802630151 772.9000000000001
7730 0.5931207477037473 773
7731 0.5931610363284242 773.1
7732 0.5932014855140597 773.2
7733 0.5932419990315987 773.3000000000001
7734 0.5932824773204884 773.4000000000001
7735 0.5933230523343427 773.5
7736 0.5933640266008443 773.6
7737 0.5934054416548853 773.7
7738 0.5934472899265976 773.8000000000001
7739 0.5934895735417031 773.9000000000001
7740 0.5935316566815573 774
7741 0.5935737502473624 774.1
7742 0.5936161124383296 774.2
7743 0.5936590792832616 774.3000000000001
7744 0.5937027927030121 774.4000000000001
7745 0.5937442835295308 774.5
7746 0.5937861400912392 774.6
7747 0.5938287328104371 774.7
7748 0.5938721560310088 774.8000000000001
7749 0.5939163246500447 774.9000000000001
7750 0.5939610843822104 775
7751 0.5940059395885326 775.1
7752 0.5940496034654541 775.2
7753 0.5940933103260614 775.3000000000001
7754 0.5941370160456203 775.4000000000001
7755 0.594180874651289 775.5
7756 0.5942240269722027 775.6
7757 0.5942649589922802 775.7
7758 0.5943045476625384 775.8000000000001
7759 0.5943438002767336 775.9000000000001
7760 0.594383417556911 776
7761 0.594423374553664 776.1
7762 0.5944634184312682 776.2
7763 0.5945033462978965 776.3000000000001
7764 0.5945420838390798 776.4000000000001
7765 0.5945802831906702 776.5
7766 0.5946185114617568 776.6
7767 0.5946562848269998 776.7
7768 0.5946943118490606 776.8000000000001
7769 0.5947326481954887 776.9000000000001
7770 0.5947712626909103 777
7771 0.5948101920336627 777.1
7772 0.5948494116517765 777.2
7773 0.5948889258706008 777.3000000000001
7774 0.5949287901746768 777.4000000000001
7775 0.5949689219393404 777.5
7776 0.5950091686473342 777.6
7777 0.5950493161283797 777.7
7778 0.5950891432709251 777.8000000000001
7779 0.5951287493067863 777.9000000000001
7780 0.5951680430292714 778
7781 0.5952070147824781 778.1
7782 0.5952456647575097 778.2
7783 0.5952836110555775 778.3000000000001
7784 0.5953217270046095 778.4000000000001
7785 0.5953601265607616 778.5
7786 0.5953988867034035 778.6
7787 0.5954380384570515 778.7
7788 0.5954776023098937 778.8000000000001
7789 0.5955175834960313 778.9000000000001
7790 0.5955579308356411 779
7791 0.5955986274886321 779.1
7792 0.5956396872565045 779.2
7793 0.5956811123793925 779.3000000000001
7794 0.5957217412015278 779.4000000000001
7795 0.5957627973480798 779.5
7796 0.5958043915463903 779.6
7797 0.5958465483560369 779.7
7798 0.5958893285993294 779.8000000000001
7799 0.5959327885677969 779.9000000000001
7800 0.5959769344136705 780
7801 0.59602156906066 780.1
7802 0.5960667057822688 780.2
7803 0.5961122959622516 780.3000000000001
7804 0.5961580747036513 780.4000000000001
7805 0.5962042701107785 780.5
7806 0.5962495282193293 780.6
7807 0.5962943224994987 780.7
7808 0.5963393794141124 780.8000000000001
7809 0.5963846139499375 780.9000000000001
7810 0.5964300115788574 781
7811 0.5964756023572506 781.1
7812 0.5965210420579107 781.2
7813 0.5965657337425998 781.3000000000001
7814 0.5966104595130858 781.4000000000001
7815 0.5966539674531809 781.5
7816 0.596696969258077 781.6
7817 0.5967395721862088 781.7
7818 0.5967824661111295 781.8000000000001
7819 0.596825692249794 781.9000000000001
7820 0.5968693204304302 782
7821 0.5969133297074004 782.1
7822 0.596952835605475 782.2
7823 0.5969927585012211 782.3000000000001
7824 0.5970332533537849 782.4000000000001
7825 0.5970743971815079 782.5
7826 0.597115277873166 782.6
7827 0.5971559306153963 782.7
7828 0.5971954890438744 782.8000000000001
7829 0.5972352851126387 782.9000000000001
7830 0.5972746646139727 783
7831 0.5973144879343597 783.1
7832 0.597354654418387 783.2
7833 0.5973950556323405 783.3000000000001
7834 0.5974355012585122 783.4000000000001
7835 0.597475760100424 783.5
7836 0.5975157207468168 783.6
7837 0.5975550169910848 783.7
7838 0.5975935785670997 783.8000000000001
7839 0.5976318451222223 783.9000000000001
7840 0.597669847247924 784
7841 0.5977071130977135 784.1
7842 0.5977443572241893 784.2
7843 0.5977810864983336 784.3000000000001
7844 0.597817585495317 784.4000000000001
7845 0.5978545601906393 784.5
7846 0.5978920514411014 784.6
7847 0.5979300949524028 784.7
7848 0.5979687284878614 784.8000000000001
7849 0.5980078971594558 784.9000000000001
7850 0.5980476233951533 785
7851 0.5980877936365161 785.1
7852 0.598128181886315 785.2
7853 0.5981692285367275 785.3000000000001
7854 0.5982109092437004 785.4000000000001
7855 0.5982531918357747 785.5
7856 0.5982960166608593 785.6
7857 0.5983393007818857 785.7
7858 0.5983829483571396 785.8000000000001
7859 0.5984269478860094 785.9000000000001
7860 0.5984708382307916 786
7861 0.5985141325104706 786.1
7862 0.5985573132216502 786.2
7863 0.598599293030583 786.3000000000001
7864 0.598639767733837 786.4000000000001
7865 0.5986794155902763 786.5
7866 0.598719092871525 786.6
7867 0.5987588183000675 786.7
7868 0.5987986325371539 786.8000000000001
7869 0.5988385625724494 786.9000000000001
7870 0.5988779300501695 787
7871 0.5989173492057651 787.1
7872 0.5989570803103951 787.2
7873 0.5989970959636075 787.3000000000001
7874 0.5990376144877294 787.4000000000001
7875 0.5990786830236905 787.5
7876 0.5991203361688238 787.6
7877 0.5991625791478923 787.7
7878 0.5992051178015404 787.8000000000001
7879 0.5992480611889904 787.9000000000001
7880 0.5992904289166515 788
7881 0.5993329718158721 788.1
7882 0.5993762583828295 788.2
7883 0.5994203475475256 788.3000000000001
7884 0.5994652814737153 788.4000000000001
7885 0.5995110774842358 788.5
7886 0.5995551393587363 788.6
7887 0.5995999564079701 788.7
7888 0.5996454301068267 788.8000000000001
7889 0.5996914107873671 788.9000000000001
7890 0.5997378522388797 789
7891 0.5997844717556906 789.1
7892 0.59983087539545 789.2
7893 0.5998766790436757 789.3000000000001
7894 0.5999218486284243 789.4000000000001
7895 0.5999665073741834 789.5
7896 0.6000105978078676 789.6
7897 0.6000540901095639 789.7
7898 0.6000962056226528 789.8000000000001
7899 0.6001375005338287 789.9000000000001
7900 0.6001777139532263 790
7901 0.6002171275325183 790.1
7902 0.6002562653880836 790.2
7903 0.6002952652647627 790.3000000000001
7904 0.600334235893328 790.4000000000001
7905 0.6003732558196075 790.5
7906 0.6004123729287609 790.6
7907 0.6004488104882133 790.7
7908 0.6004850457086871 790.8000000000001
7909 0.6005217610462057 790.9000000000001
7910 0.6005589746671606 791
7911 0.6005966992881141 791.1
7912 0.6006349340442435 791.2
7913 0.6006736513853613 791.3000000000001
7914 0.6007128519678843 791.4000000000001
7915 0.6007525632887383 791.5
7916 0.6007927140744614 791.6
7917 0.600833093152733 791.7
7918 0.6008735894776306 791.8000000000001
7919 0.6009129618788431 791.9000000000001
7920 0.6009526616375752 792
7921 0.6009926063006639 792.1
7922 0.6010328244767569 792.2
7923 0.6010732617414543 792.3000000000001
7924 0.6011136754233259 792.4000000000001
7925 0.6011540184179868 792.5
7926 0.6011941326459728 792.6
7927 0.6012340102207109 792.7
7928 0.6012736810372237 792.8000000000001
7929 0.6013118912765852 792.9000000000001
7930 0.6013495282244591 793
7931 0.6013869463434238 793.1
7932 0.6014241989552657 793.2
7933 0.6014613893201273 793.3000000000001
7934 0.6014985950636235 793.4000000000001
7935 0.6015358876274834 793.5
7936 0.6015732420144657 793.6
7937 0.6016108292226658 793.7
7938 0.6016487815147861 793.8000000000001
7939 0.6016871539709051 793.9000000000001
7940 0.6017259659713475 794
7941 0.601765268443143 794.1
7942 0.6018051230272979 794.2
7943 0.6018455196566892 794.3000000000001
7944 0.6018864874983171 794.4000000000001
7945 0.6019280564933306 794.5
7946 0.6019700891897689 794.6
7947 0.6020126632436109 794.7
7948 0.6020559191066517 794.8000000000001
7949 0.602099836161457 794.9000000000001
7950 0.6021444397832403 795
7951 0.6021883503011051 795.1
7952 0.6022327327590611 795.2
7953 0.6022762703657123 795.3000000000001
7954 0.6023204252638845 795.4000000000001
7955 0.6023649495507799 795.5
7956 0.6024084406291801 795.6
7957 0.6024521481315447 795.7
7958 0.6024960173611736 795.8000000000001
7959 0.60253916346644 795.9000000000001
7960 0.6025819209311635 796
7961 0.6026240631344455 796.1
7962 0.6026659966053207 796.2
7963 0.6027072799195733 796.3000000000001
7964 0.6027480785009532 796.4000000000001
7965 0.6027888490461145 796.5
7966 0.6028292485918537 796.6
7967 0.6028696253458391 796.7
7968 0.6029093896739973 796.8000000000001
7969 0.6029485922065013 796.9000000000001
7970 0.6029877996476419 797
7971 0.6030270342961723 797.1
7972 0.6030665732434178 797.2
7973 0.6031066461832938 797.3000000000001
7974 0.6031472645844671 797.4000000000001
7975 0.6031883826421766 797.5
7976 0.6032300194180269 797.6
7977 0.6032715794791138 797.7
7978 0.603313546994004 797.8000000000001
7979 0.6033561167353004 797.9000000000001
7980 0.6033992487166999 798
7981 0.6034426739475773 798.1
7982 0.6034862895289634 798.2
7983 0.6035303711739898 798.3000000000001
7984 0.6035748993121091 798.4000000000001
7985 0.6036198805696175 798.5
7986 0.6036653406294613 798.6
7987 0.6037112584606166 798.7
7988 0.6037574644377339 798.8000000000001
7989 0.6038038649870829 798.9000000000001
7990 0.6038504644731851 799
7991 0.6038969033208743 799.1
7992 0.6039428534655272 799.2
7993 0.6039870144103058 799.3000000000001
7994 0.6040307051493381 799.4000000000001
7995 0.6040737436397294 799.5
7996 0.6041153964127399 799.6
7997 0.6041565602416697 799.7
7998 0.6041965648024465 799.8000000000001
7999 0.604234486582597 799.9000000000001
8000 0.6042694539711927 800
8001 0.6043038554024475 800.1
8002 0.6043385952283282 800.2
8003 0.6043733937703347 800.3000000000001
8004 0.6044084401873125 800.4000000000001
8005 0.6044440816959323 800.5
8006 0.6044803168606225 800.6
8007 0.6045171430370916 800.7
8008 0.6045545586566893 800.8000000000001
8009 0.6045925623492215 800.9000000000001
8010 0.6046311568657643 801
8011 0.6046703497831063 801.1
8012 0.6047101148158969 801.2
8013 0.6047504596584619 801.3000000000001
8014 0.6047914179925029 801.4000000000001
8015 0.6048329966913566 801.5
8016 0.6048751933796724 801.6
8017 0.6049170581468147 801.7
8018 0.6049562148390181 801.8000000000001
8019 0.6049959677611317 801.9000000000001
8020 0.6050362915995092 802
8021 0.6050771871522914 802.1
8022 0.6051184907268775 802.2
8023 0.6051601471527679 802.3000000000001
8024 0.6052021028338253 802.4000000000001
8025 0.6052442537804802 802.5
8026 0.6052865851434241 802.6
8027 0.6053290306485001 802.7
8028 0.6053714511507676 802.8000000000001
8029 0.6054133846327422 802.9000000000001
8030 0.6054538963490174 803
8031 0.6054935832245816 803.1
8032 0.6055331113980976 803.2
8033 0.6055720943919352 803.3000000000001
8034 0.6056105110977282 803.4000000000001
8035 0.6056487324569522 803.5
8036 0.6056869394301562 803.6
8037 0.6057252225920127 803.7
8038 0.6057636395418606 803.8000000000001
8039 0.6058022309927916 803.9000000000001
8040 0.6058411529316976 804
8041 0.6058804509803608 804.1
8042 0.6059201476108949 804.2
8043 0.6059603468260029 804.3000000000001
8044 0.6060010178486627 804.4000000000001
8045 0.6060421192814764 804.5
8046 0.6060836011250339 804.6
8047 0.6061254035918158 804.7
8048 0.6061674702559957 804.8000000000001
8049 0.6062097658846813 804.9000000000001
8050 0.6062522827777274 805
8051 0.6062950317402661 805.1
8052 0.6063380569764184 805.2
8053 0.6063813681724984 805.3000000000001
8054 0.6064248987917514 805.4000000000001
8055 0.6064685797977075 805.5
8056 0.6065106209455704 805.6
8057 0.6065525962193101 805.7
8058 0.6065945775852311 805.8000000000001
8059 0.606636461797229 805.9000000000001
8060 0.6066781959244896 806
8061 0.6067188355977324 806.1
8062 0.60675863247539 806.2
8063 0.606798069196277 806.3000000000001
8064 0.6068371729054718 806.4000000000001
8065 0.6068754803269091 806.5
8066 0.6069136205882233 806.6
8067 0.6069517473163334 806.7
8068 0.6069899421758699 806.8000000000001
8069 0.607028275647246 806.9000000000001
8070 0.6070667086067704 807
8071 0.6071052287232457 807.1
8072 0.6071439630849015 807.2
8073 0.6071829335554465 807.3000000000001
8074 0.6072217829819364 807.4000000000001
8075 0.6072597473825755 807.5
8076 0.6072982311178888 807.6
8077 0.6073371287164514 807.7
8078 0.6073765723156715 807.8000000000001
8079 0.6074166393911435 807.9000000000001
8080 0.6074573500675962 808
8081 0.6074987394198086 808.1
8082 0.607540799984129 808.2
8083 0.6075835033612248 808.3000000000001
8084 0.6076265075316344 808.4000000000001
8085 0.6076702324323285 808.5
8086 0.6077147681075158 808.6
8087 0.6077601329123624 808.7
8088 0.6078062682715653 808.8000000000001
8089 0.6078530589433181 808.9000000000001
8090 0.6079003780707981 809
8091 0.6079480327607565 809.1
8092 0.6079958866923508 809.2
8093 0.608042409604197 809.3000000000001
8094 0.608087252706586 809.4000000000001
8095 0.6081312912202191 809.5
8096 0.6081751120088624 809.6
8097 0.6082185913556175 809.7
8098 0.6082609009928118 809.8000000000001
8099 0.608302463315181 809.9000000000001
8100 0.6083438048477765 810
8101 0.6083817100139778 810.1
8102 0.6084181898271902 810.2
8103 0.6084548227663324 810.3000000000001
8104 0.6084916381677411 810.4000000000001
8105 0.6085286715929629 810.5
8106 0.6085659972405085 810.6
8107 0.6086036556043369 810.7
8108 0.6086417021782942 810.8000000000001
8109 0.6086802067291138 810.9000000000001
8110 0.6087192321184979 811
8111 0.6087588408364992 811.1
8112 0.6087990918509797 811.2
8113 0.6088385461122133 811.3000000000001
8114 0.608878323149961 811.4000000000001
8115 0.6089185806841385 811.5
8116 0.608959344833643 811.6
8117 0.6090007278509362 811.7
8118 0.6090427375378122 811.8000000000001
8119 0.6090853320282834 811.9000000000001
8120 0.609128460614201 812
8121 0.609171277126429 812.1
8122 0.6092144585305255 812.2
8123 0.6092579355195366 812.3000000000001
8124 0.6093016008227103 812.4000000000001
8125 0.6093448981645266 812.5
8126 0.6093874664548719 812.6
8127 0.6094299717885241 812.7
8128 0.6094723048437615 812.8000000000001
8129 0.6095146771113618 812.9000000000001
8130 0.6095565473268496 813
8131 0.6095976048799099 813.1
8132 0.6096387089151905 813.2
8133 0.6096797689092448 813.3000000000001
8134 0.6097207815737147 813.4000000000001
8135 0.6097615746266772 813.5
8136 0.609802330856549 813.6
8137 0.6098431080883078 813.7
8138 0.6098838253309753 813.8000000000001
8139 0.6099242299705673 813.9000000000001
8140 0.6099644314002529 814
8141 0.6100046241733035 814.1
8142 0.610043802880027 814.2
8143 0.6100829037105945 814.3000000000001
8144 0.6101221481443222 814.4000000000001
8145 0.610161585380643 814.5
8146 0.610201276908799 814.6
8147 0.610241285021473 814.7
8148 0.6102816256443084 814.8000000000001
8149 0.6103223778060087 814.9000000000001
8150 0.6103630509075798 815
8151 0.6104010808111555 815.1
8152 0.6104396315568122 815.2
8153 0.6104787248216167 815.3000000000001
8154 0.6105183301495309 815.4000000000001
8155 0.6105584085526431 815.5
8156 0.6105989377291354 815.6
8157 0.6106398968854718 815.7
8158 0.610681272609166 815.8000000000001
8159 0.6107218516949603 815.9000000000001
8160 0.6107626697456361 816
8161 0.6108038700360977 816.1
8162 0.6108448181016943 816.2
8163 0.6108860892828211 816.3000000000001
8164 0.6109272802288489 816.4000000000001
8165 0.6109685796746531 816.5
8166 0.6110102148158764 816.6
8167 0.6110521657631574 816.7
8168 0.61109440922535 816.8000000000001
8169 0.6111369048196023 816.9000000000001
8170 0.6111796360145814 817
8171 0.6112225380504362 817.1
8172 0.6112656391410227 817.2
8173 0.6113089394290884 817.3000000000001
8174 0.6113510182549587 817.4000000000001
8175 0.6113931516376662 817.5
8176 0.6114351222395277 817.6
8177 0.6114769084220002 817.7
8178 0.6115186929085578 817.8000000000001
8179 0.6115605215563106 817.9000000000001
8180 0.6116024088420561 818
8181 0.6116443074358823 818.1
8182 0.6116853863153097 818.2
8183 0.6117261459005476 818.3000000000001
8184 0.6117669317875296 818.4000000000001
8185 0.6118077653232337 818.5
8186 0.6118466638509065 818.6
8187 0.6118855434425508 818.7
8188 0.6119244973877828 818.8000000000001
8189 0.6119635304084707 818.9000000000001
8190 0.6120026272286297 819
8191 0.6120417623980436 819.1
8192 0.6120808099910887 819.2
8193 0.6121197782612305 819.3000000000001
8194 0.6121587659555898 819.4000000000001
8195 0.6121977177753961 819.5
8196 0.6122361227382788 819.6
8197 0.6122735469926454 819.7
8198 0.6123107340167935 819.8000000000001
8199 0.6123483701089141 819.9000000000001
8200 0.6123863149986691 820
8201 0.6124246222118334 820.1
8202 0.6124633486101537 820.2
8203 0.6125025057456612 820.3000000000001
8204 0.6125421075164615 820.4000000000001
8205 0.6125821397342531 820.5
8206 0.6126226284830709 820.6
8207 0.6126635335550654 820.7
8208 0.6127048258853479 820.8000000000001
8209 0.6127460523378682 820.9000000000001
8210 0.6127861627237912 821
8211 0.6128249748552113 821.1
8212 0.6128624201961521 821.2
8213 0.6129006089323574 821.3000000000001
8214 0.6129395588962996 821.4000000000001
8215 0.6129792564097133 821.5
8216 0.6130196990711909 821.6
8217 0.6130608306136813 821.7
8218 0.6131025401008718 821.8000000000001
8219 0.6131444900775087 821.9000000000001
8220 0.6131861452963439 822
8221 0.61322715842413 822.1
8222 0.6132677190624747 822.2
8223 0.6133084370015464 822.3000000000001
8224 0.6133490016641198 822.4000000000001
8225 0.6133896407835728 822.5
8226 0.6134303958242375 822.6
8227 0.6134713436610043 822.7
8228 0.613512626906726 822.8000000000001
8229 0.6135525979385867 822.9000000000001
8230 0.6135929507532086 823
8231 0.6136337710834676 823.1
8232 0.61367444908708 823.2
8233 0.6137152949952569 823.3000000000001
8234 0.6137565812810776 823.4000000000001
8235 0.6137971785355385 823.5
8236 0.6138375332387841 823.6
8237 0.6138776440873759 823.7
8238 0.6139177947024216 823.8000000000001
8239 0.6139567281827852 823.9000000000001
8240 0.6139951605967475 824
8241 0.614033810842059 824.1
8242 0.6140726613635907 824.2
8243 0.6141117252629118 824.3000000000001
8244 0.61415103335432 824.4000000000001
8245 0.6141903612205165 824.5
8246 0.6142297242389626 824.6
8247 0.6142691692840412 824.7
8248 0.6143088623047875 824.8000000000001
8249 0.614348893484966 824.9000000000001
8250 0.6143892688271547 825
8251 0.6144294081911622 825.1
8252 0.6144691372318494 825.2
8253 0.6145092952945342 825.3000000000001
8254 0.6145498996158084 825.4000000000001
8255 0.6145909827801923 825.5
8256 0.6146325319937344 825.6
8257 0.61467454635311 825.7
8258 0.6147170843635892 825.8000000000001
8259 0.6147592666039362 825.9000000000001
8260 0.6148010112427729 826
8261 0.6148430410088528 826.1
8262 0.6148852491333029 826.2
8263 0.6149269952831151 826.3000000000001
8264 0.6149683145019179 826.4000000000001
8265 0.6150097278618398 826.5
8266 0.615051055170608 826.6
8267 0.6150923747547686 826.7
8268 0.6151337558337158 826.8000000000001
8269 0.6151752073397299 826.9000000000001
8270 0.6152166869922823 827
8271 0.6152581982374395 827.1
8272 0.6152997997525051 827.2
8273 0.6153415381666862 827.3000000000001
8274 0.6153834619694166 827.4000000000001
8275 0.6154253509992597 827.5
8276 0.6154672215799902 827.6
8277 0.6155093280336277 827.7
8278 0.6155516306552796 827.8000000000001
8279 0.6155941643852404 827.9000000000001
8280 0.6156370147824575 828
8281 0.6156798052077117 828.1
8282 0.6157207838283779 828.2
8283 0.615761503711345 828.3000000000001
8284 0.6158017896634073 828.4000000000001
8285 0.6158423720590191 828.5
8286 0.6158832589987869 828.6
8287 0.6159242944407251 828.7
8288 0.6159654800002674 828.8000000000001
8289 0.6160062887044709 828.9000000000001
8290 0.6160473740554002 829
8291 0.6160886787905956 829.1
8292 0.6161302089445293 829.2
8293 0.6161719600145137 829.3000000000001
8294 0.6162130395266425 829.4000000000001
8295 0.6162526733184436 829.5
8296 0.616292443024113 829.6
8297 0.6163322953185677 829.7
8298 0.6163722151583045 829.8000000000001
8299 0.6164121474727524 829.9000000000001
8300 0.616452062101131 830
8301 0.6164918479346765 830.1
8302 0.6165314954708647 830.2
8303 0.6165712139186841 830.3000000000001
8304 0.616611076560279 830.4000000000001
8305 0.6166511184634884 830.5
8306 0.6166913521590206 830.6
8307 0.6167311049972413 830.7
8308 0.616769591703035 830.8000000000001
8309 0.6168083585057627 830.9000000000001
8310 0.6168474367819914 831
8311 0.6168871044329234 831.1
8312 0.6169272157799951 831.2
8313 0.6169678270144623 831.3000000000001
8314 0.6170089572682863 831.4000000000001
8315 0.6170503115349135 831.5
8316 0.6170911360079646 831.6
8317 0.6171322444481612 831.7
8318 0.6171736028692054 831.8000000000001
8319 0.6172140241464067 831.9000000000001
8320 0.6172543279914886 832
8321 0.6172948285774376 832.1
8322 0.6173342932555022 832.2
8323 0.6173735711252613 832.3000000000001
8324 0.6174129310726719 832.4000000000001
8325 0.6174523505850621 832.5
8326 0.6174918388180379 832.6
8327 0.6175289976347518 832.7
8328 0.6175654943437935 832.8000000000001
8329 0.6176024727592654 832.900000