"liquid-fraction-rfile"
"Time Step" "liquid-fraction etc.."
("Time Step" "liquid-fraction" "flow-time")
0 0 0
1 0.0001548777993509187 0.1
2 0.0004300233572288623 0.2
3 0.0007299126214032395 0.3
4 0.001047523862992977 0.4
5 0.001378723026685233 0.5
6 0.001719893171764508 0.6000000000000001
7 0.00207046700090392 0.7000000000000001
8 0.002429386195350467 0.8
9 0.002795695265470127 0.9
10 0.003169007785231276 1
11 0.003548905681328793 1.1
12 0.003935346081378455 1.2
13 0.004327310335431668 1.3
14 0.00472509102801776 1.4
15 0.005128602841573041 1.5
16 0.005538428878530973 1.6
17 0.00595598531657124 1.7
18 0.006378474585666997 1.8
19 0.00680254977353111 1.9
20 0.007228814240120177 2
21 0.007655808821869026 2.1
22 0.008078249967480475 2.2
23 0.008494929046132554 2.3
24 0.008913822890617883 2.4
25 0.009336191389282461 2.5
26 0.009761504370126028 2.6
27 0.01018932698302818 2.7
28 0.01061933031342225 2.8
29 0.01103989995902986 2.9
30 0.01145891387305906 3
31 0.01187736367175742 3.1
32 0.01229722774373017 3.2
33 0.0127187934814239 3.3
34 0.01314183849942336 3.4
35 0.01356591815342547 3.5
36 0.013988411133475 3.6
37 0.01441202001977984 3.7
38 0.01483659577782115 3.8
39 0.01526189718375197 3.9
40 0.01568525858173881 4
41 0.01610611039479326 4.100000000000001
42 0.01652156184899598 4.2
43 0.01693653709884062 4.3
44 0.01735168755979662 4.4
45 0.01776785030039525 4.5
46 0.01818270249318585 4.600000000000001
47 0.01859793946815938 4.7
48 0.01901268464257489 4.800000000000001
49 0.01942498916087642 4.9
50 0.01983718955325746 5
51 0.02024913723569771 5.100000000000001
52 0.02065365201661145 5.2
53 0.02105196891088319 5.300000000000001
54 0.02144350184300019 5.4
55 0.02183614708408576 5.5
56 0.02222986209544136 5.600000000000001
57 0.02262451094762228 5.7
58 0.02302003776215278 5.800000000000001
59 0.02341647810336179 5.9
60 0.02381243590213276 6
61 0.02420847946635266 6.100000000000001
62 0.02460473312359392 6.2
63 0.02500080496948614 6.300000000000001
64 0.02539645616608911 6.4
65 0.02578773928659089 6.5
66 0.02617900508516174 6.600000000000001
67 0.02656067200819691 6.7
68 0.02693740367043936 6.800000000000001
69 0.02731406822211102 6.9
70 0.02769016281377562 7
71 0.02805712197764344 7.100000000000001
72 0.02841949599202657 7.2
73 0.02877669379828915 7.300000000000001
74 0.02912458904028638 7.4
75 0.02946851326461164 7.5
76 0.02981040655093039 7.600000000000001
77 0.03014869956891359 7.7
78 0.0304854822917704 7.800000000000001
79 0.03081784815770666 7.9
80 0.03114865960393309 8
81 0.03147534827894606 8.1
82 0.03180393316711468 8.200000000000001
83 0.03212996871706007 8.300000000000001
84 0.03245439050336454 8.4
85 0.03277942477639072 8.5
86 0.03310541424433373 8.6
87 0.03342824578774655 8.700000000000001
88 0.03374828716443284 8.800000000000001
89 0.03406647002283525 8.9
90 0.03438505751758152 9
91 0.03470334406107235 9.1
92 0.03502222270766484 9.200000000000001
93 0.03533999542473523 9.300000000000001
94 0.03565478344252635 9.4
95 0.03596576045272579 9.5
96 0.03627781981240226 9.600000000000001
97 0.03658777172133931 9.700000000000001
98 0.03689420417235482 9.800000000000001
99 0.03719484319630406 9.9
100 0.03749492711169099 10
101 0.03779422275934548 10.1
102 0.03808448165926513 10.2
103 0.03835917209227991 10.3
104 0.03863053662783669 10.4
105 0.03890052788436702 10.5
106 0.03916899247596102 10.6
107 0.03943629302899752 10.7
108 0.03970414372100232 10.8
109 0.03997243699907536 10.9
110 0.04023751185301253 11
111 0.04050025793990311 11.1
112 0.04076071245069223 11.2
113 0.04101981574481751 11.3
114 0.04127629213432141 11.4
115 0.04153222459617169 11.5
116 0.04178679273746553 11.6
117 0.04204086117421776 11.7
118 0.04229555178792441 11.8
119 0.04255137170429441 11.9
120 0.04280483516822885 12
121 0.04305876993719969 12.1
122 0.04331343850104569 12.2
123 0.04356696526998399 12.3
124 0.04382114040012867 12.4
125 0.04407685575773804 12.5
126 0.04433393987490262 12.6
127 0.04458907617478289 12.7
128 0.04484167807939322 12.8
129 0.04509423297718906 12.9
130 0.04534618425212858 13
131 0.04559864164208156 13.1
132 0.04585032152428132 13.2
133 0.04610191333882561 13.3
134 0.04635354446273466 13.4
135 0.04660448825965545 13.5
136 0.04685434256107125 13.6
137 0.04710558907711425 13.7
138 0.04735746146565803 13.8
139 0.04760938505014291 13.9
140 0.04786021532896273 14
141 0.04811103220817901 14.1
142 0.04836090356395683 14.2
143 0.04861145890197716 14.3
144 0.04886141014106987 14.4
145 0.04910912844755702 14.5
146 0.04935751630734161 14.6
147 0.04960509875174655 14.7
148 0.0498514226593227 14.8
149 0.05009576287036994 14.9
150 0.05034060006754247 15
151 0.05058580720718329 15.1
152 0.05083132788873872 15.2
153 0.05107459289303998 15.3
154 0.05131695323795234 15.4
155 0.05155961065506956 15.5
156 0.0518032441897121 15.6
157 0.05204401551027512 15.7
158 0.05228393995824435 15.8
159 0.05252391167348286 15.9
160 0.05276504439909085 16
161 0.05300576215269641 16.1
162 0.05324728610633838 16.2
163 0.05348980486202388 16.3
164 0.05373359080411443 16.4
165 0.05397832757555609 16.5
166 0.05422248281174672 16.6
167 0.05446132602378338 16.7
168 0.0546971185714735 16.8
169 0.05493203887220299 16.9
170 0.0551672056880754 17
171 0.05540300212226069 17.1
172 0.0556382727359384 17.2
173 0.0558729174065204 17.3
174 0.05610831814824868 17.4
175 0.05634429876955639 17.5
176 0.05658050504850179 17.6
177 0.05681565309232069 17.7
178 0.05705016869778031 17.8
179 0.05728418249452136 17.9
180 0.05751754014198373 18
181 0.05775158216034264 18.1
182 0.05798430087227009 18.2
183 0.05821712291398521 18.3
184 0.05845105621692959 18.4
185 0.05868557939811785 18.5
186 0.05891988430937901 18.6
187 0.05914989240568511 18.7
188 0.0593806908086821 18.8
189 0.05961142333835321 18.9
190 0.05984221609495514 19
191 0.06007235093978676 19.1
192 0.0603036558443179 19.2
193 0.06053467652800562 19.3
194 0.06076635658361688 19.4
195 0.06099887777081606 19.5
196 0.06123086178775105 19.6
197 0.06146197422048878 19.7
198 0.06169422058271995 19.8
199 0.06192741627186432 19.9
200 0.06216016877762243 20
201 0.06239352123937016 20.1
202 0.06262565840689026 20.2
203 0.06285846180235075 20.3
204 0.06309017872168225 20.4
205 0.06332171552447484 20.5
206 0.06355312066522995 20.6
207 0.06378420240163188 20.7
208 0.0640156056676541 20.8
209 0.06424591002037382 20.9
210 0.06447632092493008 21
211 0.06470359388754064 21.1
212 0.06492293010856871 21.2
213 0.0651441990535432 21.3
214 0.06536712286902827 21.4
215 0.06559215437960468 21.5
216 0.0658188861435072 21.6
217 0.06604727936263835 21.7
218 0.06627632838824574 21.8
219 0.06649799615977053 21.9
220 0.06671396727552792 22
221 0.06693124166052107 22.1
222 0.06714734317937462 22.2
223 0.06736495365623152 22.3
224 0.06758424511391656 22.4
225 0.06780323642392055 22.5
226 0.06801594493794236 22.6
227 0.06823159070573807 22.7
228 0.06844945186666365 22.8
229 0.06866865768263948 22.9
230 0.06888857756704708 23
231 0.06910861097231573 23.1
232 0.06932167248889383 23.2
233 0.06953522085169722 23.3
234 0.06974879346826357 23.4
235 0.06996263457251509 23.5
236 0.07017734421827419 23.6
237 0.07039019172753817 23.7
238 0.07060017150559625 23.8
239 0.0708126331810895 23.9
240 0.07102723102009469 24
241 0.07124349288107028 24.1
242 0.07146027736460049 24.2
243 0.07167281318818648 24.3
244 0.07188445908690272 24.4
245 0.07209694860842643 24.5
246 0.0723092391997306 24.6
247 0.07252052478977078 24.7
248 0.07273180905767673 24.8
249 0.07293786031444401 24.9
250 0.07314356489498548 25
251 0.07335023043958105 25.1
252 0.07355824706711972 25.2
253 0.07376741681603635 25.3
254 0.07397650554391301 25.4
255 0.07418230467126562 25.5
256 0.07438162865079523 25.6
257 0.07458247176962156 25.7
258 0.07478425525271877 25.8
259 0.07498607530592476 25.9
260 0.07518868465229317 26
261 0.07539091454254422 26.1
262 0.07559153913525175 26.2
263 0.07578863823805129 26.3
264 0.07598714133438876 26.4
265 0.07618740929666017 26.5
266 0.07638849942428595 26.6
267 0.0765898666284196 26.7
268 0.07679209019452267 26.8
269 0.07699092041885773 26.9
270 0.07718708957223663 27
271 0.0773820161904361 27.1
272 0.07757803055572969 27.2
273 0.07777559017569698 27.3
274 0.07797175447413972 27.4
275 0.07816827124162795 27.5
276 0.07836695883892351 27.6
277 0.07856740133302598 27.7
278 0.07876709247760046 27.8
279 0.07896252412546319 27.9
280 0.07915648869375677 28
281 0.07935189871806507 28.1
282 0.07954869220638909 28.2
283 0.07974421602891756 28.3
284 0.07994090809583089 28.4
285 0.0801378960993388 28.5
286 0.08033597473572709 28.6
287 0.08053154254606164 28.7
288 0.0807269704460319 28.8
289 0.08092370391040472 28.9
290 0.08112118811320544 29
291 0.08131677557305156 29.1
292 0.08151138343293554 29.2
293 0.08170162876314052 29.3
294 0.08189150369242926 29.4
295 0.08208095102231878 29.5
296 0.08226600704896837 29.6
297 0.08245079705702203 29.7
298 0.08263558351953608 29.8
299 0.08281989670718551 29.9
300 0.08300208991648786 30
301 0.08318414868356007 30.1
302 0.08336712155458746 30.2
303 0.08355044829775933 30.3
304 0.08372866039539087 30.4
305 0.08390767499344746 30.5
306 0.08408805069252198 30.6
307 0.0842680714875618 30.7
308 0.08444629312449746 30.8
309 0.08462193146186998 30.9
310 0.08479330329118283 31
311 0.08496507035896281 31.1
312 0.08513689040450466 31.2
313 0.08530811235196574 31.3
314 0.08547890951441878 31.4
315 0.0856498830813993 31.5
316 0.08582144974848234 31.6
317 0.08599214942797385 31.7
318 0.08616345008978595 31.8
319 0.08633562303179934 31.9
320 0.08650651468056675 32
321 0.08667764169627018 32.1
322 0.08684666560788241 32.2
323 0.08701632520783985 32.3
324 0.08718668160719269 32.4
325 0.08735728787434878 32.5
326 0.08752730648743219 32.6
327 0.08769579778246134 32.7
328 0.08786431472847918 32.8
329 0.08803429655917552 32.9
330 0.08820342998331109 33
331 0.08837111052391376 33.1
332 0.08853876902516059 33.2
333 0.08870742659560822 33.3
334 0.08887511695828249 33.4
335 0.08904179119190515 33.5
336 0.08920949293044841 33.6
337 0.08937813842827855 33.7
338 0.08954757742042201 33.8
339 0.08971769606448458 33.9
340 0.08988825863828355 34
341 0.09005980753786476 34.1
342 0.09023210642136544 34.2
343 0.09040333702858772 34.3
344 0.09057495095863491 34.4
345 0.0907464062926286 34.5
346 0.09091791843509639 34.6
347 0.09108820568275812 34.7
348 0.09125842833199606 34.8
349 0.09142997697810645 34.9
350 0.09159929365989296 35
351 0.09176736570035102 35.1
352 0.09193400412875774 35.2
353 0.09209773935187507 35.3
354 0.09226179991653118 35.4
355 0.0924269524978133 35.5
356 0.09259198775379242 35.6
357 0.09275531586761253 35.7
358 0.09291713946579641 35.8
359 0.09307922179220947 35.9
360 0.09324135862369201 36
361 0.09340387772502436 36.1
362 0.09356450872007528 36.2
363 0.09372394993203961 36.3
364 0.09388319822657235 36.4
365 0.09404318406834909 36.5
366 0.09420350320722276 36.6
367 0.09436427564055154 36.7
368 0.09452491161380827 36.8
369 0.09468359892257454 36.9
370 0.09484168212207364 37
371 0.09500000508071695 37.1
372 0.09515855023348808 37.2
373 0.09531691052244798 37.3
374 0.09547529885973698 37.4
375 0.0956332279260213 37.5
376 0.09579071216264824 37.6
377 0.09594783577109066 37.7
378 0.09610534989899097 37.8
379 0.09626328461720397 37.9
380 0.09641907884504058 38
381 0.09657591191053327 38.1
382 0.0967336664324034 38.2
383 0.09689147253688009 38.3
384 0.09705021513893379 38.40000000000001
385 0.09720985040059982 38.5
386 0.09737043900456073 38.6
387 0.09753083171284148 38.7
388 0.09768788910108661 38.8
389 0.09784643081902654 38.90000000000001
390 0.09800677791100709 39
391 0.09816881724082148 39.1
392 0.09833196265183308 39.2
393 0.09849546110836487 39.3
394 0.09865873332911552 39.40000000000001
395 0.09882288050472549 39.5
396 0.0989876170258414 39.6
397 0.09915316787601729 39.7
398 0.09931941542711267 39.8
399 0.09948550831725377 39.90000000000001
400 0.09965024906737992 40
401 0.0998142712669027 40.1
402 0.09997762115518388 40.2
403 0.1001416156093006 40.3
404 0.1003060112713918 40.40000000000001
405 0.1004705414147984 40.5
406 0.1006344813785998 40.6
407 0.1007938372538321 40.7
408 0.1009523968775972 40.8
409 0.101110362661945 40.90000000000001
410 0.1012675398570129 41
411 0.1014247082989087 41.1
412 0.1015814518262493 41.2
413 0.1017379734855207 41.3
414 0.1018946724910913 41.40000000000001
415 0.1020513463451784 41.5
416 0.1022080033114963 41.6
417 0.1023640433053306 41.7
418 0.1025201960388631 41.8
419 0.1026765119240652 41.90000000000001
420 0.1028319817899933 42
421 0.1029879239961189 42.1
422 0.1031445178273633 42.2
423 0.1033019872538706 42.3
424 0.1034601111794558 42.40000000000001
425 0.1036177957379224 42.5
426 0.1037698375178299 42.6
427 0.1039221345654383 42.7
428 0.1040756258009065 42.8
429 0.1042299810519416 42.90000000000001
430 0.1043845920658489 43
431 0.1045361290751579 43.1
432 0.1046874310910188 43.2
433 0.1048395897729411 43.3
434 0.1049923265025923 43.40000000000001
435 0.1051458244995424 43.5
436 0.1052997326098635 43.6
437 0.1054520618423249 43.7
438 0.1056041583693392 43.8
439 0.105756582684822 43.90000000000001
440 0.105907376257718 44
441 0.1060579777544522 44.1
442 0.1062088999364422 44.2
443 0.1063603874899587 44.3
444 0.1065119655716612 44.40000000000001
445 0.1066636531101844 44.5
446 0.1068155614312697 44.6
447 0.1069679465131916 44.7
448 0.1071208285570949 44.8
449 0.107274431352628 44.90000000000001
450 0.1074284002287873 45
451 0.1075827129353908 45.1
452 0.1077382642228799 45.2
453 0.1078948611027563 45.3
454 0.1080523826287294 45.40000000000001
455 0.1082056487132039 45.5
456 0.1083555344156017 45.6
457 0.1085076331978458 45.7
458 0.1086612012554178 45.8
459 0.1088161371517101 45.90000000000001
460 0.1089717355443658 46
461 0.1091285940217206 46.1
462 0.1092863673164657 46.2
463 0.1094435852011021 46.3
464 0.1096009325349442 46.40000000000001
465 0.1097584987871561 46.5
466 0.1099160574463728 46.6
467 0.1100733577808628 46.7
468 0.1102305184210395 46.8
469 0.1103854767155143 46.90000000000001
470 0.1105402378052677 47
471 0.1106944032905062 47.1
472 0.110847971302962 47.2
473 0.1110017325720349 47.3
474 0.1111556300533926 47.40000000000001
475 0.1113100295697921 47.5
476 0.1114641487895114 47.6
477 0.1116191430839356 47.7
478 0.1117743991522851 47.8
479 0.1119297195055819 47.90000000000001
480 0.1120839824738465 48
481 0.1122390064550265 48.1
482 0.1123957239639991 48.2
483 0.112554136120344 48.3
484 0.1127141808524714 48.40000000000001
485 0.1128756270000945 48.5
486 0.1130367928412398 48.6
487 0.1131954688211856 48.7
488 0.1133539522690387 48.8
489 0.1135127795738068 48.90000000000001
490 0.1136717601247212 49
491 0.1138301145492112 49.1
492 0.113987065185702 49.2
493 0.1141422174517808 49.3
494 0.1142970804074303 49.40000000000001
495 0.1144527303016485 49.5
496 0.1146092357392347 49.6
497 0.1147662294932557 49.7
498 0.114923572994106 49.8
499 0.1150816195850579 49.90000000000001
500 0.115240206368358 50
501 0.1153991888186689 50.1
502 0.1155583891327415 50.2
503 0.1157167351427288 50.3
504 0.1158741876142182 50.40000000000001
505 0.1160315860690876 50.5
506 0.1161886108472281 50.6
507 0.1163442846778777 50.7
508 0.1164988817727344 50.8
509 0.1166528194005261 50.90000000000001
510 0.1168065067575789 51
511 0.1169599763561607 51.1
512 0.1171133341066353 51.2
513 0.1172664138458444 51.3
514 0.1174188543652404 51.40000000000001
515 0.1175698572931587 51.5
516 0.1177193419214206 51.6
517 0.117866448578003 51.7
518 0.1180134036315181 51.8
519 0.1181604501267804 51.90000000000001
520 0.1183077355097374 52
521 0.1184553327575898 52.1
522 0.1186034116477071 52.2
523 0.118752075501661 52.3
524 0.11890091437486 52.40000000000001
525 0.1190503299280437 52.5
526 0.1191984985208872 52.6
527 0.1193448374834551 52.7
528 0.1194921092943939 52.8
529 0.1196403448539949 52.90000000000001
530 0.119789529265172 53
531 0.1199393494257025 53.1
532 0.1200890517020024 53.2
533 0.1202377579788677 53.3
534 0.1203827991013095 53.40000000000001
535 0.1205287149343937 53.5
536 0.120675016985937 53.6
537 0.1208225747343474 53.7
538 0.1209712232040333 53.8
539 0.1211208549384788 53.90000000000001
540 0.1212704970056648 54
541 0.1214206736098071 54.1
542 0.1215704309163312 54.2
543 0.1217190880289894 54.3
544 0.1218675068451902 54.40000000000001
545 0.1220134396003871 54.5
546 0.1221609395048652 54.6
547 0.1223103189735296 54.7
548 0.122458533001683 54.8
549 0.1226066774995146 54.90000000000001
550 0.1227538635229914 55
551 0.1229004684796493 55.1
552 0.1230478042594358 55.2
553 0.1231944631371159 55.3
554 0.1233416061747276 55.40000000000001
555 0.123486050209669 55.5
556 0.1236303482794858 55.6
557 0.1237755821467901 55.7
558 0.1239217391980115 55.8
559 0.1240688637844859 55.90000000000001
560 0.1242163836317375 56
561 0.1243645081671522 56.1
562 0.1245136000792256 56.2
563 0.1246637198572722 56.3
564 0.1248142652362342 56.40000000000001
565 0.12496510338205 56.5
566 0.1251145328290543 56.6
567 0.1252616317504925 56.7
568 0.1254099290244822 56.8
569 0.1255578836327328 56.90000000000001
570 0.1257054494325056 57
571 0.1258532550954126 57.1
572 0.1260026090147601 57.2
573 0.1261527178907974 57.3
574 0.1263027984378716 57.40000000000001
575 0.1264538843299405 57.5
576 0.1266053378206265 57.6
577 0.1267574326386423 57.7
578 0.1269100376385389 57.8
579 0.1270630349855071 57.90000000000001
580 0.1272158391040192 58
581 0.1273690636074135 58.1
582 0.1275225992494517 58.2
583 0.1276761779292616 58.3
584 0.1278287457471783 58.40000000000001
585 0.1279813104614513 58.5
586 0.128131966784566 58.6
587 0.1282826251632358 58.7
588 0.1284337482353784 58.8
589 0.12858395677044 58.90000000000001
590 0.1287324329755475 59
591 0.1288814217243172 59.1
592 0.1290308385204468 59.2
593 0.129180236658224 59.3
594 0.1293283813533991 59.40000000000001
595 0.1294751643651017 59.5
596 0.1296209063379215 59.6
597 0.1297659674682486 59.7
598 0.129910997544626 59.8
599 0.130053122126301 59.90000000000001
600 0.1301936584672448 60
601 0.1303333935374675 60.1
602 0.1304718504432062 60.2
603 0.1306105865981434 60.3
604 0.1307495930072743 60.40000000000001
605 0.1308887806781311 60.5
606 0.1310273813329544 60.6
607 0.1311644732032929 60.7
608 0.1312999066863983 60.8
609 0.1314349623877964 60.90000000000001
610 0.1315686443219148 61
611 0.1317021298577093 61.1
612 0.1318357466006315 61.2
613 0.131969986058866 61.3
614 0.1321048575361185 61.40000000000001
615 0.1322393681773023 61.5
616 0.132374595424166 61.6
617 0.1325107368989218 61.7
618 0.1326471376989325 61.8
619 0.132784370522848 61.90000000000001
620 0.1329224044706343 62
621 0.133061459229741 62.1
622 0.1332012128669562 62.2
623 0.1333417978279426 62.3
624 0.1334830773235725 62.40000000000001
625 0.1336231245587561 62.5
626 0.1337629886439581 62.6
627 0.1339018826385092 62.7
628 0.1340413916420513 62.8
629 0.1341809692612057 62.90000000000001
630 0.1343212443353883 63
631 0.1344620183599098 63.1
632 0.1346020256835192 63.2
633 0.1347416814316442 63.3
634 0.1348819247328641 63.40000000000001
635 0.1350227418216827 63.5
636 0.135163458637537 63.6
637 0.1353045732931966 63.7
638 0.135446376230463 63.8
639 0.1355888276569585 63.90000000000001
640 0.1357305464768449 64
641 0.1358682328661451 64.10000000000001
642 0.13600603834891 64.2
643 0.1361436519848478 64.3
644 0.136280954297167 64.40000000000001
645 0.1364164254636691 64.5
646 0.1365510792528881 64.60000000000001
647 0.1366852962795993 64.7
648 0.1368188073320692 64.8
649 0.1369520882268215 64.90000000000001
650 0.1370853602189449 65
651 0.1372186892555824 65.10000000000001
652 0.1373517736343626 65.2
653 0.1374845661678856 65.3
654 0.1376170306585402 65.40000000000001
655 0.1377478804750532 65.5
656 0.1378783905379079 65.60000000000001
657 0.1380092212749062 65.7
658 0.1381401243823236 65.8
659 0.1382699623729404 65.90000000000001
660 0.1384002917694092 66
661 0.1385310977594863 66.10000000000001
662 0.1386618689688074 66.2
663 0.1387932981657192 66.3
664 0.1389254005097736 66.40000000000001
665 0.1390580470502344 66.5
666 0.1391915775665486 66.60000000000001
667 0.1393259794810479 66.7
668 0.1394612686675789 66.8
669 0.1395975632456798 66.90000000000001
670 0.1397348361684729 67
671 0.1398728606605318 67.10000000000001
672 0.140011250095262 67.2
673 0.1401492445374064 67.3
674 0.1402876043906031 67.40000000000001
675 0.1404267921545927 67.5
676 0.140566415335113 67.60000000000001
677 0.1407058404377465 67.7
678 0.1408457717583404 67.8
679 0.1409846224230984 67.90000000000001
680 0.1411227616969492 68
681 0.1412615023259142 68.10000000000001
682 0.1413998280567096 68.2
683 0.1415385945982366 68.3
684 0.1416779083763772 68.40000000000001
685 0.141818147905312 68.5
686 0.1419588119664168 68.60000000000001
687 0.142099701393117 68.7
688 0.1422408934571341 68.8
689 0.1423824374697057 68.90000000000001
690 0.1425245985409671 69
691 0.1426669649935466 69.10000000000001
692 0.1428096082302866 69.2
693 0.1429526174564366 69.3
694 0.1430951372850884 69.40000000000001
695 0.1432362274063199 69.5
696 0.1433775491465878 69.60000000000001
697 0.1435192687184494 69.7
698 0.1436607597027075 69.8
699 0.1438026357000704 69.90000000000001
700 0.1439451877295223 70
701 0.1440883894818332 70.10000000000001
702 0.1442313723864631 70.2
703 0.1443747050335615 70.3
704 0.1445188272544567 70.40000000000001
705 0.1446638463663147 70.5
706 0.144809395775264 70.60000000000001
707 0.1449550384693129 70.7
708 0.1451009098738651 70.8
709 0.1452465378256902 70.90000000000001
710 0.1453921345377771 71
711 0.1455383168864115 71.10000000000001
712 0.1456850749671305 71.2
713 0.1458321316438741 71.3
714 0.1459792061796103 71.40000000000001
715 0.1461263311395145 71.5
716 0.1462739985097881 71.60000000000001
717 0.1464221932841971 71.7
718 0.1465704054181901 71.8
719 0.1467188299106214 71.90000000000001
720 0.1468677581872826 72
721 0.1470171926297563 72.10000000000001
722 0.1471671652920072 72.2
723 0.1473166768924067 72.3
724 0.1474664418503398 72.40000000000001
725 0.1476160429840503 72.5
726 0.1477626157141623 72.60000000000001
727 0.1479089140466449 72.7
728 0.148054669713651 72.8
729 0.1481995180637102 72.90000000000001
730 0.1483438019510195 73
731 0.148487448150475 73.10000000000001
732 0.1486305095767229 73.2
733 0.1487739553450278 73.3
734 0.1489175914741454 73.40000000000001
735 0.1490625219367442 73.5
736 0.1492086828251376 73.60000000000001
737 0.1493546201049382 73.7
738 0.149500642695266 73.8
739 0.1496460159757092 73.90000000000001
740 0.1497904386237646 74
741 0.1499353642809514 74.10000000000001
742 0.150080591494662 74.2
743 0.1502251585982927 74.3
744 0.1503690832962281 74.40000000000001
745 0.1505122653986532 74.5
746 0.1506553561280294 74.60000000000001
747 0.1507980907570692 74.7
748 0.1509398065900864 74.8
749 0.151079439070054 74.90000000000001
750 0.1512176069744123 75
751 0.1513549750077683 75.10000000000001
752 0.1514918011191265 75.2
753 0.1516278653406276 75.3
754 0.1517634334211707 75.40000000000001
755 0.1518985186389477 75.5
756 0.1520321966780094 75.60000000000001
757 0.1521652337681794 75.7
758 0.15229655031582 75.8
759 0.1524278702788001 75.90000000000001
760 0.1525583563667549 76
761 0.1526873872589305 76.10000000000001
762 0.1528169441163898 76.2
763 0.1529471517918621 76.3
764 0.153078325873744 76.40000000000001
765 0.1532091379747489 76.5
766 0.1533395512537457 76.60000000000001
767 0.1534705529011513 76.7
768 0.153602111673187 76.80000000000001
769 0.1537332465654146 76.90000000000001
770 0.153864273577556 77
771 0.1539959175877997 77.10000000000001
772 0.1541282940450588 77.2
773 0.1542614221891547 77.30000000000001
774 0.1543943170993092 77.40000000000001
775 0.1545277887804995 77.5
776 0.154661995835979 77.60000000000001
777 0.1547960909331997 77.7
778 0.1549305709528039 77.80000000000001
779 0.1550644037711906 77.90000000000001
780 0.1551985518653573 78
781 0.1553306776914137 78.10000000000001
782 0.1554633565026778 78.2
783 0.1555964792781329 78.30000000000001
784 0.1557298697061326 78.40000000000001
785 0.1558625543932098 78.5
786 0.1559955620390423 78.60000000000001
787 0.1561282844161632 78.7
788 0.1562599875319708 78.80000000000001
789 0.1563914329305627 78.90000000000001
790 0.1565230119656481 79
791 0.1566547853059003 79.10000000000001
792 0.1567861450880667 79.2
793 0.1569170509912884 79.30000000000001
794 0.1570460053708016 79.40000000000001
795 0.1571741509786918 79.5
796 0.1573022461190088 79.60000000000001
797 0.1574303994421865 79.7
798 0.1575589404219761 79.80000000000001
799 0.1576877383603351 79.90000000000001
800 0.1578151406871529 80
801 0.1579429616096813 80.10000000000001
802 0.1580715883050733 80.2
803 0.1582011320754023 80.30000000000001
804 0.1583316704504886 80.40000000000001
805 0.1584630875235477 80.5
806 0.1585938782656774 80.60000000000001
807 0.1587231479203194 80.7
808 0.1588531340769062 80.80000000000001
809 0.1589838589202933 80.90000000000001
810 0.1591151775126164 81
811 0.1592466409758527 81.10000000000001
812 0.1593791358598109 81.2
813 0.1595126869328173 81.30000000000001
814 0.1596471341391364 81.40000000000001
815 0.159782807982113 81.5
816 0.1599197452675885 81.60000000000001
817 0.1600577077743185 81.7
818 0.1601954704901878 81.80000000000001
819 0.1603347343086954 81.90000000000001
820 0.1604756205687089 82
821 0.1606180650284325 82.10000000000001
822 0.1607618261107124 82.2
823 0.1609068160373416 82.30000000000001
824 0.1610504837305978 82.40000000000001
825 0.1611931023399674 82.5
826 0.1613362822463127 82.60000000000001
827 0.1614800239234717 82.7
828 0.161624197337997 82.80000000000001
829 0.1617686840384839 82.90000000000001
830 0.1619129997439772 83
831 0.1620557016198287 83.10000000000001
832 0.1621961016987787 83.2
833 0.1623330373228727 83.30000000000001
834 0.162468282326952 83.40000000000001
835 0.1626031643142669 83.5
836 0.1627353516073879 83.60000000000001
837 0.1628667454704017 83.7
838 0.1629978823739253 83.80000000000001
839 0.163128311413064 83.90000000000001
840 0.1632581934567117 84
841 0.1633883465893479 84.10000000000001
842 0.1635184564195228 84.2
843 0.1636477381303549 84.30000000000001
844 0.1637766554879688 84.40000000000001
845 0.1639053741189972 84.5
846 0.1640338493488417 84.60000000000001
847 0.1641624865630712 84.7
848 0.16429115053957 84.80000000000001
849 0.1644195980608614 84.90000000000001
850 0.1645474284789941 85
851 0.1646748868089174 85.10000000000001
852 0.1648021369230486 85.2
853 0.1649295850079427 85.30000000000001
854 0.1650571840890853 85.40000000000001
855 0.1651844801238629 85.5
856 0.165311665737661 85.60000000000001
857 0.1654392125811714 85.7
858 0.1655672164438042 85.80000000000001
859 0.1656958004679404 85.90000000000001
860 0.1658250057804764 86
861 0.1659549925950345 86.10000000000001
862 0.1660858659606051 86.2
863 0.1662178022399823 86.30000000000001
864 0.1663508896465233 86.40000000000001
865 0.1664846928331987 86.5
866 0.1666195301886409 86.60000000000001
867 0.1667556599239362 86.7
868 0.1668915032237695 86.80000000000001
869 0.1670279194562166 86.90000000000001
870 0.1671658416959682 87
871 0.1673052100656342 87.10000000000001
872 0.1674459927888232 87.2
873 0.1675882683583434 87.30000000000001
874 0.1677321753069804 87.40000000000001
875 0.1678777190279056 87.5
876 0.1680246150037244 87.60000000000001
877 0.1681706312073884 87.7
878 0.1683153522748166 87.80000000000001
879 0.1684597549878823 87.90000000000001
880 0.1686028525751868 88
881 0.1687464289108663 88.10000000000001
882 0.1688913622745016 88.2
883 0.1690376926278799 88.30000000000001
884 0.1691850249666112 88.40000000000001
885 0.169333603329045 88.5
886 0.1694826302732027 88.60000000000001
887 0.1696326820729693 88.7
888 0.1697839165192464 88.80000000000001
889 0.169935695535115 88.90000000000001
890 0.1700879549100368 89
891 0.170240715369403 89.10000000000001
892 0.170394051545998 89.2
893 0.1705475294928383 89.30000000000001
894 0.1707015336707768 89.40000000000001
895 0.1708559382999165 89.5
896 0.1710103576962594 89.60000000000001
897 0.1711623944731549 89.7
898 0.1713119322608998 89.80000000000001
899 0.1714606163159 89.90000000000001
900 0.171608755597988 90
901 0.1717566052115175 90.10000000000001
902 0.1719044724401063 90.2
903 0.172052508502316 90.30000000000001
904 0.1722007681333665 90.40000000000001
905 0.1723494072049375 90.5
906 0.1724982597928999 90.60000000000001
907 0.1726464611248468 90.7
908 0.1727911947310393 90.80000000000001
909 0.1729323197302325 90.90000000000001
910 0.173072869339406 91
911 0.1732127883346957 91.10000000000001
912 0.1733521368071888 91.2
913 0.1734909145084567 91.30000000000001
914 0.1736291928650575 91.40000000000001
915 0.1737666695863351 91.5
916 0.1739034519852892 91.60000000000001
917 0.1740400295465382 91.7
918 0.174176520799943 91.80000000000001
919 0.1743123688004217 91.90000000000001
920 0.1744466656446038 92
921 0.174581116507792 92.10000000000001
922 0.1747157206977466 92.2
923 0.1748509340813366 92.30000000000001
924 0.1749859242944121 92.40000000000001
925 0.1751215600882158 92.5
926 0.175258063573395 92.60000000000001
927 0.1753952467305186 92.7
928 0.1755333315582353 92.80000000000001
929 0.1756724671273391 92.90000000000001
930 0.175810475410681 93
931 0.175949303486338 93.10000000000001
932 0.1760895207579542 93.2
933 0.1762305422021865 93.30000000000001
934 0.176371748819166 93.40000000000001
935 0.1765135078436076 93.5
936 0.1766562920449997 93.60000000000001
937 0.1767989904570877 93.7
938 0.1769418579389143 93.80000000000001
939 0.1770822117078203 93.90000000000001
940 0.1772235969980923 94
941 0.1773662984587657 94.10000000000001
942 0.1775102315460176 94.2
943 0.1776555176978593 94.30000000000001
944 0.1778013092205628 94.40000000000001
945 0.1779477129904249 94.5
946 0.1780935247556569 94.60000000000001
947 0.1782373415790348 94.7
948 0.178380016892445 94.80000000000001
949 0.1785208855908618 94.90000000000001
950 0.1786627613800139 95
951 0.1788065170058241 95.10000000000001
952 0.1789521849437253 95.2
953 0.1791004261411412 95.30000000000001
954 0.1792507004205054 95.40000000000001
955 0.1794025657356711 95.5
956 0.1795562246174412 95.60000000000001
957 0.1797105933814992 95.7
958 0.179863684164567 95.80000000000001
959 0.1800181161440301 95.90000000000001
960 0.1801735748058643 96
961 0.1803296529755296 96.10000000000001
962 0.1804864762780977 96.2
963 0.1806436840475759 96.30000000000001
964 0.1808000876827433 96.40000000000001
965 0.180953614928716 96.5
966 0.1811062984873086 96.60000000000001
967 0.1812580207245995 96.7
968 0.1814085138936441 96.80000000000001
969 0.1815579845669248 96.90000000000001
970 0.1817070798165608 97
971 0.181855703423964 97.10000000000001
972 0.182003279777763 97.2
973 0.1821498160535411 97.30000000000001
974 0.182295036800987 97.40000000000001
975 0.1824390722491067 97.5
976 0.182581964097915 97.60000000000001
977 0.1827238524410109 97.7
978 0.1828643032114352 97.80000000000001
979 0.1830040401330673 97.90000000000001
980 0.1831428645372253 98
981 0.1832810166147142 98.10000000000001
982 0.1834183240384809 98.2
983 0.1835547491127501 98.30000000000001
984 0.1836906383948502 98.40000000000001
985 0.1838261341040965 98.5
986 0.1839608283466692 98.60000000000001
987 0.1840950958751023 98.7
988 0.1842288223230692 98.80000000000001
989 0.1843618084149266 98.90000000000001
990 0.1844932130521599 99
991 0.1846221709742403 99.10000000000001
992 0.1847504698211393 99.2
993 0.1848779918092945 99.30000000000001
994 0.1850046345429154 99.40000000000001
995 0.1851308215162814 99.5
996 0.1852565473112811 99.60000000000001
997 0.1853815989012337 99.7
998 0.1855058500463214 99.80000000000001
999 0.185630091066536 99.90000000000001
1000 0.1857544176010823 100
1001 0.1858787506243651 100.1
1002 0.18600342724337 100.2
1003 0.1861284501617982 100.3
1004 0.186254093019802 100.4
1005 0.1863801841019778 100.5
1006 0.1865056687486686 100.6
1007 0.1866314325323856 100.7
1008 0.1867581652019902 100.8
1009 0.186885900733332 100.9
1010 0.187014663134087 101
1011 0.1871435586897433 101.1
1012 0.1872733939139213 101.2
1013 0.1874038355839381 101.3
1014 0.1875352703516932 101.4
1015 0.1876676967389923 101.5
1016 0.1878011262692019 101.6
1017 0.1879355711566955 101.7
1018 0.1880697406372982 101.8
1019 0.1882042748280466 101.9
1020 0.1883398775012524 102
1021 0.1884763057149373 102.1
1022 0.1886139632165665 102.2
1023 0.1887527001160451 102.3
1024 0.1888912355119221 102.4
1025 0.1890302252615773 102.5
1026 0.1891703754082953 102.6
1027 0.1893107255885462 102.7
1028 0.1894502227056849 102.8
1029 0.1895896920498902 102.9
1030 0.1897297560203016 103
1031 0.1898695417950724 103.1
1032 0.1900102453820214 103.2
1033 0.1901519488903197 103.3
1034 0.1902898969969727 103.4
1035 0.1904270415271267 103.5
1036 0.1905656441138381 103.6
1037 0.190705499054805 103.7
1038 0.1908462294014987 103.8
1039 0.1909876589292731 103.9
1040 0.1911291635431423 104
1041 0.19127088904766 104.1
1042 0.1914134244243575 104.2
1043 0.1915568507172671 104.3
1044 0.1917004953283239 104.4
1045 0.1918448216558642 104.5
1046 0.1919896752290886 104.6
1047 0.1921353443048355 104.7
1048 0.1922813420021424 104.8
1049 0.1924267492389647 104.9
1050 0.1925721726306579 105
1051 0.1927173071325847 105.1
1052 0.1928595712931684 105.2
1053 0.1929955198202951 105.3
1054 0.193129548233733 105.4
1055 0.1932628124290639 105.5
1056 0.193395521710527 105.6
1057 0.1935274408556315 105.7
1058 0.1936580726445295 105.8
1059 0.1937875807749295 105.9
1060 0.1939162361033754 106
1061 0.1940442730841219 106.1
1062 0.1941716126541609 106.2
1063 0.1942972119491412 106.3
1064 0.1944213763005335 106.4
1065 0.1945450519691709 106.5
1066 0.1946684085775827 106.6
1067 0.1947914588614537 106.7
1068 0.1949142253184602 106.8
1069 0.1950365955391668 106.9
1070 0.195156847480256 107
1071 0.1952775092900116 107.1
1072 0.1953986027427768 107.2
1073 0.1955192851852641 107.3
1074 0.1956404368989521 107.4
1075 0.1957619772018453 107.5
1076 0.1958836774792801 107.6
1077 0.1960058543738757 107.7
1078 0.196127457467876 107.8
1079 0.1962493100946258 107.9
1080 0.1963715906682006 108
1081 0.1964941924896755 108.1
1082 0.1966165643111313 108.2
1083 0.196739397963395 108.3
1084 0.1968625649994636 108.4
1085 0.1969861264239135 108.5
1086 0.1971101065836666 108.6
1087 0.1972335013803414 108.7
1088 0.1973567743154019 108.8
1089 0.1974806418700935 108.9
1090 0.1976047993608403 109
1091 0.1977294583499682 109.1
1092 0.1978545365142833 109.2
1093 0.1979797876674061 109.3
1094 0.1981033256744916 109.4
1095 0.1982263726872238 109.5
1096 0.1983477565401364 109.6
1097 0.1984683193083752 109.7
1098 0.198588826737246 109.8
1099 0.1987085848706571 109.9
1100 0.1988286237991172 110
1101 0.1989490114346063 110.1
1102 0.1990695712659336 110.2
1103 0.1991899780320819 110.3
1104 0.1993075306519124 110.4
1105 0.1994247812509656 110.5
1106 0.1995430637308689 110.6
1107 0.1996627251105553 110.7
1108 0.1997835443084365 110.8
1109 0.1999049315773218 110.9
1110 0.2000273155367994 111
1111 0.2001502981361659 111.1
1112 0.2002746118980356 111.2
1113 0.2003979525320939 111.3
1114 0.2005219967443767 111.4
1115 0.2006469770154308 111.5
1116 0.2007725966751473 111.6
1117 0.2008987248774879 111.7
1118 0.2010244167427694 111.8
1119 0.2011500202562239 111.9
1120 0.2012754432827685 112
1121 0.2014007762192694 112.1
1122 0.2015263510265194 112.2
1123 0.2016522465821828 112.3
1124 0.2017782744166892 112.4
1125 0.2019044314273961 112.5
1126 0.2020307737256747 112.6
1127 0.2021570365710294 112.7
1128 0.2022832829278874 112.8
1129 0.2024090356042103 112.9
1130 0.2025344696951894 113
1131 0.2026596792139457 113.1
1132 0.2027854250197172 113.2
1133 0.2029116936766166 113.3
1134 0.2030384555308366 113.4
1135 0.2031654381129598 113.5
1136 0.2032928989350009 113.6
1137 0.2034205838874527 113.7
1138 0.2035485604485745 113.8
1139 0.2036734269137933 113.9
1140 0.2037952826207188 114
1141 0.2039172756775801 114.1
1142 0.2040392883634034 114.2
1143 0.2041599537174601 114.3
1144 0.2042806153555357 114.4
1145 0.2044021507065387 114.5
1146 0.2045246114621294 114.6
1147 0.2046480222054532 114.7
1148 0.2047723909452509 114.8
1149 0.2048976625032643 114.9
1150 0.2050230940898716 115
1151 0.20514907898806 115.1
1152 0.2052759382566479 115.2
1153 0.2054032292883861 115.3
1154 0.2055299869905601 115.4
1155 0.2056561668322046 115.5
1156 0.2057827627269237 115.6
1157 0.2059101224981823 115.7
1158 0.2060380125655882 115.8
1159 0.2061663198558573 115.9
1160 0.2062951498057249 116
1161 0.2064240617960269 116.1
1162 0.2065528069278955 116.2
1163 0.2066819029159441 116.3
1164 0.2068106437113853 116.4
1165 0.2069391032085558 116.5
1166 0.2070680627475967 116.6
1167 0.2071972388873674 116.7
1168 0.2073267093693654 116.8
1169 0.2074557561104906 116.9
1170 0.2075842249979681 117
1171 0.2077134565475845 117.1
1172 0.2078425092818539 117.2
1173 0.207971501418841 117.3
1174 0.2081020130529194 117.4
1175 0.2082337117837539 117.5
1176 0.2083654257994935 117.6
1177 0.2084988280797438 117.7
1178 0.2086332475446318 117.8
1179 0.2087655408841086 117.9
1180 0.2088996007709264 118
1181 0.2090353349291708 118.1
1182 0.2091718300977707 118.2
1183 0.2093088060400658 118.3
1184 0.2094460831184813 118.4
1185 0.2095840372491759 118.5
1186 0.2097224925359636 118.6
1187 0.2098624823840203 118.7
1188 0.2100029827831883 118.8
1189 0.2101451243885902 118.9
1190 0.2102888341292559 119
1191 0.2104333278579338 119.1
1192 0.2105760220686095 119.2
1193 0.2107165161908602 119.3
1194 0.2108581788048075 119.4
1195 0.2110015453039612 119.5
1196 0.2111465202017937 119.6
1197 0.211293300958752 119.7
1198 0.2114415531842467 119.8
1199 0.2115912310269141 119.9
1200 0.2117422182135939 120
1201 0.2118920370569815 120.1
1202 0.2120414279177938 120.2
1203 0.212191418521174 120.3
1204 0.2123431981330251 120.4
1205 0.2124968235024521 120.5
1206 0.2126526074588205 120.6
1207 0.2128072038229468 120.7
1208 0.2129623087025747 120.8
1209 0.2131178614865127 120.9
1210 0.2132736073620837 121
1211 0.2134287799616434 121.1
1212 0.2135820423105649 121.2
1213 0.2137332737521411 121.3
1214 0.2138809603733785 121.4
1215 0.2140275901644167 121.5
1216 0.2141733026265544 121.6
1217 0.2143192259343605 121.7
1218 0.2144651349044376 121.8
1219 0.2146112048140076 121.9
1220 0.214757587442997 122
1221 0.2149042326954841 122.1
1222 0.2150509057514095 122.2
1223 0.2151974783040572 122.3
1224 0.2153441505160623 122.4
1225 0.2154909925217031 122.5
1226 0.2156378261653015 122.6
1227 0.2157848275845431 122.7
1228 0.2159318602505457 122.8
1229 0.2160787890464008 122.9
1230 0.2162250310058293 123
1231 0.2163706578457315 123.1
1232 0.2165165429471507 123.2
1233 0.2166622209590066 123.3
1234 0.2168081676256576 123.4
1235 0.2169539921782132 123.5
1236 0.2170999996226474 123.6
1237 0.217244358786734 123.7
1238 0.2173888943626943 123.8
1239 0.2175324500448546 123.9
1240 0.2176739064691109 124
1241 0.2178125906319817 124.1
1242 0.2179505604949587 124.2
1243 0.2180883247437415 124.3
1244 0.2182265287264258 124.4
1245 0.2183652652177256 124.5
1246 0.2185037223574036 124.6
1247 0.2186411264051971 124.7
1248 0.2187785875190034 124.8
1249 0.2189164003946127 124.9
1250 0.2190546623337284 125
1251 0.2191933550430486 125.1
1252 0.219332691940598 125.2
1253 0.2194726579216404 125.3
1254 0.2196133218803386 125.4
1255 0.2197539633254486 125.5
1256 0.2198942007711484 125.6
1257 0.2200346654916344 125.7
1258 0.2201758127135966 125.8
1259 0.2203174351171645 125.9
1260 0.2204592421852967 126
1261 0.2206019866365667 126.1
1262 0.2207451354470486 126.2
1263 0.2208884116676791 126.3
1264 0.221031280362177 126.4
1265 0.2211740598805948 126.5
1266 0.2213174192227148 126.6
1267 0.221462148165001 126.7
1268 0.2216081609833348 126.8
1269 0.2217553325117745 126.9
1270 0.2219035876074872 127
1271 0.2220530579634373 127.1
1272 0.2222034034839389 127.2
1273 0.2223539931959196 127.3
1274 0.2225044256946484 127.4
1275 0.2226547643855837 127.5
1276 0.2228052038852739 127.6
1277 0.2229549677675364 127.7
1278 0.2231033327020922 127.8
1279 0.223250697438078 127.9
1280 0.2233959266814456 128
1281 0.2235383553743957 128.1
1282 0.2236784388546049 128.2
1283 0.2238178013523303 128.3
1284 0.2239565895498108 128.4
1285 0.2240946627552895 128.5
1286 0.2242319072323391 128.6
1287 0.2243684619587619 128.7
1288 0.2245036890588079 128.8
1289 0.2246378274428746 128.9
1290 0.2247717670521772 129
1291 0.2249056307056526 129.1
1292 0.2250399960909359 129.2
1293 0.2251751675670423 129.3
1294 0.2253107743933714 129.4
1295 0.2254468749982548 129.5
1296 0.225582315644986 129.6
1297 0.2257150356108799 129.7
1298 0.2258462429795078 129.8
1299 0.225978316201936 129.9
1300 0.2261118099352556 130
1301 0.2262469282334434 130.1
1302 0.2263835548145045 130.2
1303 0.2265207246687377 130.3
1304 0.2266584739002014 130.4
1305 0.2267947664530641 130.5
1306 0.2269307914670524 130.6
1307 0.2270679297233925 130.7
1308 0.2272043156968229 130.8
1309 0.2273406459211269 130.9
1310 0.2274768163355064 131
1311 0.2276129583244627 131.1
1312 0.2277491703122989 131.2
1313 0.2278850810112371 131.3
1314 0.2280196942136359 131.4
1315 0.2281531722570317 131.5
1316 0.2282868305313278 131.6
1317 0.2284205946617782 131.7
1318 0.228552993692827 131.8
1319 0.2286847878105523 131.9
1320 0.2288167516043121 132
1321 0.2289484032831737 132.1
1322 0.2290798967330264 132.2
1323 0.2292101954129857 132.3
1324 0.2293402883571431 132.4
1325 0.229468444310183 132.5
1326 0.2295952274713906 132.6
1327 0.2297217814181117 132.7
1328 0.2298480838569569 132.8
1329 0.2299739287983989 132.9
1330 0.2300995677106791 133
1331 0.2302247972549005 133.1
1332 0.2303498429907543 133.2
1333 0.2304739821905555 133.3
1334 0.2305953706396258 133.4
1335 0.2307163513643266 133.5
1336 0.2308366499642408 133.6
1337 0.2309566248178341 133.7
1338 0.2310759996150681 133.8
1339 0.2311952114791186 133.9
1340 0.2313143196383505 134
1341 0.2314329989408461 134.1
1342 0.2315513388597516 134.2
1343 0.2316676635012355 134.3
1344 0.2317840880237766 134.4
1345 0.231900670050336 134.5
1346 0.2320169113107898 134.6
1347 0.2321325603796517 134.7
1348 0.2322481983183353 134.8
1349 0.2323638646751711 134.9
1350 0.2324793837561179 135
1351 0.232594576164328 135.1
1352 0.2327100020616652 135.2
1353 0.2328254193747312 135.3
1354 0.2329401827137441 135.4
1355 0.2330540102829774 135.5
1356 0.233167329079412 135.6
1357 0.2332809922761626 135.7
1358 0.2333948432359462 135.8
1359 0.2335090077554225 135.9
1360 0.2336236568641086 136
1361 0.2337383312426522 136.1
1362 0.2338529666874957 136.2
1363 0.2339681361533464 136.3
1364 0.2340839893628991 136.4
1365 0.2342007050927064 136.5
1366 0.2343183797564334 136.6
1367 0.234436925957102 136.7
1368 0.2345560208754496 136.8
1369 0.2346761721490621 136.9
1370 0.2347974108183541 137
1371 0.2349192322660162 137.1
1372 0.2350418890789513 137.2
1373 0.2351643678139417 137.3
1374 0.2352880677695016 137.4
1375 0.2354130402629765 137.5
1376 0.2355392455760115 137.6
1377 0.2356666467078069 137.7
1378 0.2357953573261 137.8
1379 0.2359251532394254 137.9
1380 0.2360552978767444 138
1381 0.2361863409641118 138.1
1382 0.2363180349715364 138.2
1383 0.2364510368279929 138.3
1384 0.2365851083083076 138.4
1385 0.2367196617472953 138.5
1386 0.2368546248351447 138.6
1387 0.2369909104806784 138.7
1388 0.2371281190592129 138.8
1389 0.2372650076984018 138.9
1390 0.2374021991170784 139
1391 0.2375400743947604 139.1
1392 0.2376785508091244 139.2
1393 0.2378168007370153 139.3
1394 0.2379546202216168 139.4
1395 0.2380926417151629 139.5
1396 0.2382296097351687 139.6
1397 0.2383663013064066 139.7
1398 0.2385031261624423 139.8
1399 0.2386399198045328 139.9
1400 0.2387763253648411 140
1401 0.2389095994774557 140.1
1402 0.2390418846225828 140.2
1403 0.2391738738803111 140.3
1404 0.2393055698649957 140.4
1405 0.2394360246223015 140.5
1406 0.2395659252061151 140.6
1407 0.239696004055952 140.7
1408 0.2398263588883119 140.8
1409 0.2399570720385737 140.9
1410 0.2400882792443346 141
1411 0.2402200470905174 141.1
1412 0.2403524397870913 141.2
1413 0.2404856035548363 141.3
1414 0.2406188207165993 141.4
1415 0.2407526182830624 141.5
1416 0.2408871497735184 141.6
1417 0.2410227454224174 141.7
1418 0.2411595244910383 141.8
1419 0.2412976331925558 141.9
1420 0.2414371549255526 142
1421 0.2415779054394884 142.1
1422 0.2417196641621746 142.2
1423 0.2418637672103982 142.3
1424 0.2420102713500527 142.4
1425 0.2421576984990482 142.5
1426 0.2423074882764428 142.6
1427 0.2424596941463203 142.7
1428 0.242611586310654 142.8
1429 0.2427621147285057 142.9
1430 0.242912477934766 143
1431 0.2430614094057516 143.1
1432 0.2432044738797675 143.2
1433 0.2433460294521601 143.3
1434 0.243483977311057 143.4
1435 0.2436170638489439 143.5
1436 0.2437487735412419 143.6
1437 0.2438788697928875 143.7
1438 0.2440068259799326 143.8
1439 0.2441329640177462 143.9
1440 0.2442566619091575 144
1441 0.244379904324541 144.1
1442 0.2445023356021576 144.2
1443 0.2446237551268464 144.3
1444 0.244743166442456 144.4
1445 0.2448622980176801 144.5
1446 0.2449813875594187 144.6
1447 0.2451005399955731 144.7
1448 0.2452192993019305 144.8
1449 0.245338589374543 144.9
1450 0.2454580961624557 145
1451 0.2455762328558221 145.1
1452 0.2456943095516985 145.2
1453 0.2458128059333999 145.3
1454 0.2459321651948889 145.4
1455 0.2460521967627602 145.5
1456 0.2461728072333635 145.6
1457 0.2462936036897839 145.7
1458 0.2464152454165165 145.8
1459 0.2465370983965004 145.9
1460 0.2466591388161037 146
1461 0.2467827607328747 146.1
1462 0.2469068349072897 146.2
1463 0.247031299851983 146.3
1464 0.2471563097592785 146.4
1465 0.247281616748819 146.5
1466 0.2474077296318702 146.6
1467 0.2475346749432709 146.7
1468 0.2476612163195752 146.8
1469 0.2477887929437811 146.9
1470 0.2479164488078866 147
1471 0.2480445008946681 147.1
1472 0.2481728536149406 147.2
1473 0.2483016869664297 147.3
1474 0.248429775621992 147.4
1475 0.2485573239482837 147.5
1476 0.248685689020916 147.6
1477 0.2488145699851852 147.7
1478 0.248944038561998 147.8
1479 0.2490734928176857 147.9
1480 0.2492028623389414 148
1481 0.2493319473764263 148.1
1482 0.2494610321626864 148.2
1483 0.2495905021838555 148.3
1484 0.2497197108346803 148.4
1485 0.2498489319461886 148.5
1486 0.2499779327969566 148.6
1487 0.2501067543029036 148.7
1488 0.2502364013394769 148.8
1489 0.2503659338991716 148.9
1490 0.2504956796191459 149
1491 0.2506266516547187 149.1
1492 0.2507582822460371 149.2
1493 0.2508912532361655 149.3
1494 0.2510253187119227 149.4
1495 0.2511610419403781 149.5
1496 0.2512978478891068 149.6
1497 0.2514342198294748 149.7
1498 0.2515698840298311 149.8
1499 0.251705909831629 149.9
1500 0.2518416510262921 150
1501 0.2519778495168901 150.1
1502 0.2521127335394326 150.2
1503 0.252246346754623 150.3
1504 0.2523800368865906 150.4
1505 0.2525117316512099 150.5
1506 0.2526403745626745 150.6
1507 0.252768377914469 150.7
1508 0.2528961737398375 150.8
1509 0.2530236682268048 150.9
1510 0.2531511837338439 151
1511 0.2532789309921039 151.1
1512 0.2534068796019499 151.2
1513 0.2535345826700435 151.3
1514 0.2536619893439581 151.4
1515 0.2537892051098474 151.5
1516 0.2539164949936064 151.6
1517 0.2540438009960537 151.7
1518 0.2541713900558106 151.8
1519 0.2542992547341192 151.9
1520 0.2544274382713405 152
1521 0.2545559403565002 152.1
1522 0.2546847750748748 152.2
1523 0.2548139389696643 152.3
1524 0.2549434116523537 152.4
1525 0.2550729362051603 152.5
1526 0.2552012866628004 152.6
1527 0.255329529766039 152.7
1528 0.2554576441986836 152.8
1529 0.2555858049637285 152.9
1530 0.2557134461316314 153
1531 0.2558404210219468 153.1
1532 0.2559669550137552 153.2
1533 0.2560929493941397 153.3
1534 0.2562186083098628 153.4
1535 0.2563440541464517 153.5
1536 0.2564691998283947 153.6
1537 0.2565925999190968 153.7
1538 0.2567144317289681 153.8
1539 0.2568359862517147 153.9
1540 0.2569569677280544 154
1541 0.2570774842714905 154.1
1542 0.2571977334015288 154.2
1543 0.2573177002837553 154.3
1544 0.2574361137003652 154.4
1545 0.2575536575258092 154.5
1546 0.2576706929084799 154.6
1547 0.2577876274693272 154.7
1548 0.2579041354069407 154.8
1549 0.2580181352249598 154.9
1550 0.2581308855032376 155
1551 0.2582432360352993 155.1
1552 0.2583549525231817 155.2
1553 0.25846709192046 155.3
1554 0.2585795282381814 155.4
1555 0.2586921164050721 155.5
1556 0.2588048331382063 155.6
1557 0.2589176318426596 155.7
1558 0.2590298463601688 155.8
1559 0.2591415104637331 155.9
1560 0.2592527747269329 156
1561 0.2593635131211172 156.1
1562 0.2594740269716466 156.2
1563 0.2595845072718341 156.3
1564 0.2596950777723728 156.4
1565 0.2598054438915086 156.5
1566 0.2599151911436644 156.6
1567 0.2600238628031517 156.7
1568 0.2601328193951575 156.8
1569 0.2602421327449965 156.9
1570 0.2603515848140008 157
1571 0.2604611515960512 157.1
1572 0.2605707785348666 157.2
1573 0.2606803828821703 157.3
1574 0.2607900028237847 157.4
1575 0.2609003676483571 157.5
1576 0.2610116005473118 157.6
1577 0.26112356957211 157.7
1578 0.2612365655174954 157.8
1579 0.2613505975129367 157.9
1580 0.2614656822083095 158
1581 0.2615810835644632 158.1
1582 0.2616980144695297 158.2
1583 0.2618163179926993 158.3
1584 0.2619358526617986 158.4
1585 0.2620559743549717 158.5
1586 0.2621774080016287 158.6
1587 0.2622998045303374 158.7
1588 0.2624234759244143 158.8
1589 0.2625486738138936 158.9
1590 0.2626752328016382 159
1591 0.2628029391786453 159.1
1592 0.2629311777690396 159.2
1593 0.2630570496470195 159.3
1594 0.2631822191725077 159.4
1595 0.2633084435768752 159.5
1596 0.2634355291460778 159.6
1597 0.2635633453683168 159.7
1598 0.2636920830993932 159.8
1599 0.2638215295914824 159.9
1600 0.2639516353762415 160
1601 0.2640824873071803 160.1
1602 0.2642138377628436 160.2
1603 0.2643453014408649 160.3
1604 0.2644771850118817 160.4
1605 0.2646090411168724 160.5
1606 0.264740445682098 160.6
1607 0.2648694929992152 160.7
1608 0.2649989840615076 160.8
1609 0.265128829515356 160.9
1610 0.2652588445384473 161
1611 0.2653885888848849 161.1
1612 0.2655175231664811 161.2
1613 0.2656453061696715 161.3
1614 0.2657727971561731 161.4
1615 0.2658999289202862 161.5
1616 0.2660263881190564 161.6
1617 0.2661519156419324 161.7
1618 0.266277105972985 161.8
1619 0.2664019986920261 161.9
1620 0.2665265382592136 162
1621 0.2666507497219425 162.1
1622 0.2667746977370679 162.2
1623 0.2668984554098442 162.3
1624 0.2670221445901683 162.4
1625 0.267143871605856 162.5
1626 0.2672651964696111 162.6
1627 0.2673854453004029 162.7
1628 0.2675053977041266 162.8
1629 0.2676257263048863 162.9
1630 0.2677462348267839 163
1631 0.267866054486149 163.1
1632 0.2679851446982497 163.2
1633 0.2681050571958078 163.3
1634 0.2682250302567835 163.4
1635 0.268346124996151 163.5
1636 0.2684679458003433 163.6
1637 0.2685901443523674 163.7
1638 0.2687132036387658 163.8
1639 0.2688374191835756 163.9
1640 0.2689618442801455 164
1641 0.2690875462234609 164.1
1642 0.2692151556758073 164.2
1643 0.2693429687927463 164.3
1644 0.2694724880211705 164.4
1645 0.2696034445448613 164.5
1646 0.2697354739404988 164.6
1647 0.2698692775888863 164.7
1648 0.2700072877366853 164.8
1649 0.2701501039067291 164.9
1650 0.2702948685021465 165
1651 0.27043829460797 165.1
1652 0.2705891655451488 165.2
1653 0.2707475866313329 165.3
1654 0.2709095068337917 165.4
1655 0.2710703840772744 165.5
1656 0.2712227266124911 165.6
1657 0.2713709340012898 165.7
1658 0.2715085692254249 165.8
1659 0.2716376909594793 165.9
1660 0.2717662191475066 166
1661 0.2718948661869206 166.1
1662 0.2720236261725483 166.2
1663 0.2721515136767734 166.3
1664 0.2722796730163128 166.4
1665 0.272407869204507 166.5
1666 0.2725350610278985 166.6
1667 0.2726612254375467 166.7
1668 0.2727840640922056 166.8
1669 0.2729060491946171 166.9
1670 0.2730280102554253 167
1671 0.273148833254765 167.1
1672 0.2732693521045991 167.2
1673 0.2733901264094627 167.3
1674 0.2735115333104645 167.4
1675 0.2736334853820997 167.5
1676 0.2737563271458144 167.6
1677 0.2738788555630227 167.7
1678 0.2740014364492291 167.8
1679 0.2741242840165776 167.9
1680 0.2742476338412114 168
1681 0.2743713158428889 168.1
1682 0.2744954008532562 168.2
1683 0.2746202514153174 168.3
1684 0.2747452009318673 168.4
1685 0.2748703683563626 168.5
1686 0.2749958588109617 168.6
1687 0.2751204526143911 168.7
1688 0.2752451101422673 168.8
1689 0.2753694999571681 168.9
1690 0.2754933672746579 169
1691 0.2756154720506407 169.1
1692 0.2757363267208377 169.2
1693 0.2758562139827723 169.3
1694 0.2759759680332744 169.4
1695 0.2760951510880799 169.5
1696 0.2762148459286239 169.6
1697 0.2763345171630662 169.7
1698 0.2764533232612573 169.8
1699 0.2765729142735933 169.9
1700 0.276693668410951 170
1701 0.276815495372551 170.1
1702 0.2769365653110478 170.2
1703 0.2770581459531894 170.3
1704 0.2771812999153508 170.4
1705 0.277305883270809 170.5
1706 0.2774283955258256 170.6
1707 0.2775528850099003 170.7
1708 0.2776795439284836 170.8
1709 0.2778080014111743 170.9
1710 0.2779379145125162 171
1711 0.2780687068318288 171.1
1712 0.2781984029355828 171.2
1713 0.2783262368530256 171.3
1714 0.2784541422551696 171.4
1715 0.2785813715118495 171.5
1716 0.2787096712274507 171.6
1717 0.2788399701006687 171.7
1718 0.2789717892519455 171.8
1719 0.2791037250610056 171.9
1720 0.2792358795718362 172
1721 0.279370441311868 172.1
1722 0.279505659834325 172.2
1723 0.2796421371177132 172.3
1724 0.2797760721724605 172.4
1725 0.2799087084485953 172.5
1726 0.2800370492836544 172.6
1727 0.280160547494863 172.7
1728 0.2802839221779652 172.8
1729 0.2804074828676011 172.9
1730 0.2805315519034902 173
1731 0.2806560327252942 173.1
1732 0.2807804252747491 173.2
1733 0.2809047630593882 173.3
1734 0.281028823179828 173.4
1735 0.2811531373837712 173.5
1736 0.2812775924753691 173.6
1737 0.2814015752309651 173.7
1738 0.2815259693023221 173.8
1739 0.2816500919822 173.9
1740 0.2817738611272746 174
1741 0.2818971242801193 174.1
1742 0.2820208823812685 174.2
1743 0.2821448781117561 174.3
1744 0.2822684680080501 174.4
1745 0.2823915692265173 174.5
1746 0.2825143083103155 174.6
1747 0.2826363263428326 174.7
1748 0.2827586386808494 174.8
1749 0.2828811748078304 174.9
1750 0.2830038448381448 175
1751 0.2831257107985525 175.1
1752 0.2832473724225045 175.2
1753 0.2833682774309398 175.3
1754 0.2834890512713661 175.4
1755 0.2836103075295811 175.5
1756 0.2837319271584219 175.6
1757 0.2838538928251754 175.7
1758 0.2839761766682526 175.8
1759 0.2840984061612604 175.9
1760 0.2842201008993365 176
1761 0.2843417538504645 176.1
1762 0.2844634330765392 176.2
1763 0.2845847287983949 176.3
1764 0.2847064777346686 176.4
1765 0.2848291907560062 176.5
1766 0.284952622916095 176.6
1767 0.2850764081676397 176.7
1768 0.2852003815608112 176.8
1769 0.2853241367213691 176.9
1770 0.2854490080353733 177
1771 0.2855752559986706 177.1
1772 0.2857024950714467 177.2
1773 0.285830459585288 177.3
1774 0.2859592108395617 177.4
1775 0.2860897693918535 177.5
1776 0.2862214145123346 177.6
1777 0.2863536583911436 177.7
1778 0.286486725475727 177.8
1779 0.286619862392497 177.9
1780 0.2867537656215982 178
1781 0.2868883373843894 178.1
1782 0.2870222597717193 178.2
1783 0.2871573357932387 178.3
1784 0.287291227715757 178.4
1785 0.2874254481992533 178.5
1786 0.2875597679299672 178.6
1787 0.2876935412682716 178.7
1788 0.2878275321444256 178.8
1789 0.2879618307251371 178.9
1790 0.2880965978546455 179
1791 0.2882308603982048 179.1
1792 0.2883639302282125 179.2
1793 0.2884971942065133 179.3
1794 0.2886300335473505 179.4
1795 0.2887627044309487 179.5
1796 0.2888953591215606 179.6
1797 0.2890280205513264 179.7
1798 0.2891594341046314 179.8
1799 0.2892912415781156 179.9
1800 0.2894233500266185 180
1801 0.2895561523483563 180.1
1802 0.2896889946051397 180.2
1803 0.2898221421247246 180.3
1804 0.2899557694280976 180.4
1805 0.2900896767424531 180.5
1806 0.2902246325214722 180.6
1807 0.2903604911808192 180.7
1808 0.2904972071607991 180.8
1809 0.2906349682039553 180.9
1810 0.2907737096558376 181
1811 0.2909127691290358 181.1
1812 0.2910528890183428 181.2
1813 0.2911933418541227 181.3
1814 0.2913352763963602 181.4
1815 0.2914807734571819 181.5
1816 0.2916285275251104 181.6
1817 0.291781922583753 181.7
1818 0.2919353888760552 181.8
1819 0.2920895531286365 181.9
1820 0.2922489456095716 182
1821 0.2924117499767592 182.1
1822 0.2925722059825456 182.2
1823 0.2927324375317714 182.3
1824 0.292890320868759 182.4
1825 0.2930387216475617 182.5
1826 0.2931849517461178 182.6
1827 0.2933297543906886 182.7
1828 0.2934750261996222 182.8
1829 0.2936166823152559 182.9
1830 0.2937566670431128 183
1831 0.2938966687017748 183.1
1832 0.2940377777202321 183.2
1833 0.294178048559644 183.3
1834 0.2943161949037999 183.4
1835 0.2944548854238135 183.5
1836 0.2945938628747745 183.6
1837 0.2947336333094277 183.7
1838 0.2948726008960948 183.8
1839 0.2950112252563029 183.9
1840 0.2951503623270847 184
1841 0.2952895287343952 184.1
1842 0.2954289717374031 184.2
1843 0.2955673950822597 184.3
1844 0.2957050760121523 184.4
1845 0.2958420194557693 184.5
1846 0.2959784270783709 184.6
1847 0.2961135546990973 184.7
1848 0.2962484399705957 184.8
1849 0.2963830464630222 184.9
1850 0.2965180091672353 185
1851 0.2966525432928589 185.1
1852 0.2967856822273182 185.2
1853 0.2969183194815531 185.3
1854 0.2970522857786052 185.4
1855 0.2971874608589335 185.5
1856 0.2973243501339329 185.6
1857 0.2974627817164908 185.7
1858 0.2976016635389545 185.8
1859 0.2977418466001994 185.9
1860 0.297882753941957 186
1861 0.2980216444797459 186.1
1862 0.2981584475222129 186.2
1863 0.2982972401513208 186.3
1864 0.2984365831868165 186.4
1865 0.2985762999446189 186.5
1866 0.2987144421541379 186.6
1867 0.2988524500389412 186.7
1868 0.2989910023904696 186.8
1869 0.2991267540918325 186.9
1870 0.2992618008925104 187
1871 0.2993964425827674 187.1
1872 0.2995259266520262 187.2
1873 0.2996523580431508 187.3
1874 0.2997797015306584 187.4
1875 0.2999070690540735 187.5
1876 0.3000365700700322 187.6
1877 0.3001680330777375 187.7
1878 0.3003004708548086 187.8
1879 0.3004340571094265 187.9
1880 0.3005689585296505 188
1881 0.3007009572415711 188.1
1882 0.3008275693268254 188.2
1883 0.30094882859753 188.3
1884 0.3010699657637285 188.4
1885 0.3011938912763479 188.5
1886 0.3013173793856926 188.6
1887 0.3014401262814229 188.7
1888 0.3015625213666968 188.8
1889 0.3016851325514074 188.9
1890 0.3018087186890821 189
1891 0.3019311270896919 189.1
1892 0.3020523620589465 189.2
1893 0.3021744826163582 189.3
1894 0.3022958649229932 189.4
1895 0.3024167618544994 189.5
1896 0.3025365803885129 189.6
1897 0.3026573427167605 189.7
1898 0.302778768661684 189.8
1899 0.3029011486674824 189.9
1900 0.3030236100196136 190
1901 0.3031452860668892 190.1
1902 0.3032670481870583 190.2
1903 0.3033885659720456 190.3
1904 0.3035109191212065 190.4
1905 0.3036345207278188 190.5
1906 0.3037586535108421 190.6
1907 0.3038837420068937 190.7
1908 0.3040099521389967 190.8
1909 0.304136712790156 190.9
1910 0.3042632078039879 191
1911 0.3043881047316479 191.1
1912 0.3045123264270337 191.2
1913 0.3046352073330734 191.3
1914 0.3047570751886621 191.4
1915 0.3048800949789044 191.5
1916 0.3050043613110096 191.6
1917 0.3051290784925751 191.7
1918 0.3052536837362949 191.8
1919 0.3053762332799866 191.9
1920 0.3055014199394314 192
1921 0.3056290570035963 192.1
1922 0.3057571835350385 192.2
1923 0.3058842556607251 192.3
1924 0.3060055440871023 192.4
1925 0.3061269856019269 192.5
1926 0.3062473297174244 192.6
1927 0.3063601570034427 192.7
1928 0.3064703209446831 192.8
1929 0.3065798683540361 192.9
1930 0.3066889727017974 193
1931 0.3067981892988405 193.1
1932 0.3069066399625583 193.2
1933 0.3070150782486806 193.3
1934 0.3071219421844438 193.4
1935 0.3072271802540624 193.5
1936 0.3073322251398214 193.6
1937 0.3074371432543868 193.7
1938 0.3075418823919985 193.8
1939 0.3076468477805178 193.9
1940 0.3077518758539695 194
1941 0.3078568966980889 194.1
1942 0.3079612884060746 194.2
1943 0.3080649580130468 194.3
1944 0.3081678755043838 194.4
1945 0.308270633173551 194.5
1946 0.308373236195557 194.6
1947 0.3084755487625331 194.7
1948 0.3085776419951672 194.8
1949 0.3086792099304358 194.9
1950 0.3087809772017432 195
1951 0.3088830849673257 195.1
1952 0.308985308596441 195.2
1953 0.3090879520705868 195.3
1954 0.3091909971608291 195.4
1955 0.3092947683598731 195.5
1956 0.3093989777655695 195.6
1957 0.3095034766967866 195.7
1958 0.3096086642109849 195.8
1959 0.3097143153135718 195.9
1960 0.3098185469209451 196
1961 0.3099221243208756 196.1
1962 0.3100260304448824 196.2
1963 0.3101290650869863 196.3
1964 0.3102319196085423 196.4
1965 0.3103346062838052 196.5
1966 0.3104370469209398 196.6
1967 0.3105396932389423 196.7
1968 0.3106428246742674 196.8
1969 0.3107461712002739 196.9
1970 0.3108499036965672 197
1971 0.3109532922450532 197.1
1972 0.3110568131151143 197.2
1973 0.3111594037385317 197.3
1974 0.3112620624719816 197.4
1975 0.3113648374424303 197.5
1976 0.3114679230263235 197.6
1977 0.3115703673102035 197.7
1978 0.3116716651657634 197.8
1979 0.3117729715606763 197.9
1980 0.3118748793763972 198
1981 0.3119760299684855 198.1
1982 0.312077000881901 198.2
1983 0.312177970239601 198.3
1984 0.3122781034970065 198.4
1985 0.3123770148989224 198.5
1986 0.3124764969184056 198.6
1987 0.3125764525568059 198.7
1988 0.3126766637025151 198.8
1989 0.3127764677347875 198.9
1990 0.3128771058248634 199
1991 0.3129767200116223 199.1
1992 0.3130763781204453 199.2
1993 0.3131748964841046 199.3
1994 0.3132737349793633 199.4
1995 0.3133723633286938 199.5
1996 0.313471475943579 199.6
1997 0.3135707665208431 199.7
1998 0.3136696382931525 199.8
1999 0.313768795184006 199.9
2000 0.3138694385446972 200
2001 0.3139713392860104 200.1
2002 0.3140754725034127 200.2
2003 0.3141827397931161 200.3
2004 0.3142896543259422 200.4
2005 0.314399245040751 200.5
2006 0.3145116994357602 200.6
2007 0.3146225936148279 200.7
2008 0.3147248645847544 200.8
2009 0.3148307948935921 200.9
2010 0.3149411106572425 201
2011 0.3150421820578371 201.1
2012 0.3151470564321666 201.2
2013 0.3152574485951588 201.3
2014 0.3153699509700514 201.4
2015 0.315475066483367 201.5
2016 0.3155772212860317 201.6
2017 0.3156814843397199 201.7
2018 0.3157866355476171 201.8
2019 0.3158903102084852 201.9
2020 0.3159946762386415 202
2021 0.3160986180285534 202.1
2022 0.3161997065279422 202.2
2023 0.3163018216970369 202.3
2024 0.3164033518822063 202.4
2025 0.3165045439485994 202.5
2026 0.3166050388914626 202.6
2027 0.3167068598326813 202.7
2028 0.3168101599721341 202.8
2029 0.3169146802476576 202.9
2030 0.3170189539568546 203
2031 0.3171232606665539 203.1
2032 0.3172287209329842 203.2
2033 0.3173355515186537 203.3
2034 0.3174437232360266 203.4
2035 0.3175503483255263 203.5
2036 0.3176552452025518 203.6
2037 0.3177609944422262 203.7
2038 0.3178670096766104 203.8
2039 0.3179740278012241 203.9
2040 0.3180807050896433 204
2041 0.3181853462315081 204.1
2042 0.3182899825609846 204.2
2043 0.318394551505833 204.3
2044 0.3184998866158184 204.4
2045 0.3186057354946935 204.5
2046 0.318711940563259 204.6
2047 0.3188185674109246 204.7
2048 0.3189259410850688 204.8
2049 0.3190342814491881 204.9
2050 0.319143403726405 205
2051 0.3192532090765257 205.1
2052 0.3193640208492025 205.2
2053 0.3194768240524239 205.3
2054 0.3195902507137781 205.4
2055 0.3197006161827431 205.5
2056 0.3198129206363037 205.6
2057 0.3199271475928377 205.7
2058 0.3200405789363018 205.8
2059 0.3201468069863104 205.9
2060 0.3202520202286425 206
2061 0.3203596833745941 206.1
2062 0.320469029998995 206.2
2063 0.3205749845661955 206.3
2064 0.3206824131875401 206.4
2065 0.3207939281518865 206.5
2066 0.3209070866824571 206.6
2067 0.3210146066476394 206.7
2068 0.3211188212594908 206.8
2069 0.3212161403639212 206.9
2070 0.3213116460659544 207
2071 0.3214094835529012 207.1
2072 0.3215092271528439 207.2
2073 0.321606834724851 207.3
2074 0.3217041383164728 207.4
2075 0.3218014121053006 207.5
2076 0.3219000892530244 207.6
2077 0.3220003268399664 207.7
2078 0.3221016822496928 207.8
2079 0.3222040240910146 207.9
2080 0.3223072559648582 208
2081 0.3224094792385711 208.1
2082 0.3225120405508212 208.2
2083 0.3226145284897344 208.3
2084 0.3227172575840004 208.4
2085 0.3228189363112219 208.5
2086 0.3229203823305726 208.6
2087 0.3230225768644176 208.7
2088 0.3231245936489448 208.8
2089 0.323226461780854 208.9
2090 0.323328272095574 209
2091 0.3234312584196843 209.1
2092 0.3235350473732279 209.2
2093 0.3236391354850888 209.3
2094 0.3237430822124416 209.4
2095 0.3238468878214343 209.5
2096 0.3239504779740462 209.6
2097 0.3240545253670638 209.7
2098 0.3241586923502882 209.8
2099 0.3242640865603979 209.9
2100 0.3243691132647628 210
2101 0.3244746001719171 210.1
2102 0.3245814401708593 210.2
2103 0.3246892086613859 210.3
2104 0.3247978302843856 210.4
2105 0.3249071844325668 210.5
2106 0.3250170007514183 210.6
2107 0.3251272951440726 210.7
2108 0.325237584274393 210.8
2109 0.3253480168664327 210.9
2110 0.3254581859944973 211
2111 0.3255688925077983 211.1
2112 0.3256785406171387 211.2
2113 0.3257887495450955 211.3
2114 0.325898775499574 211.4
2115 0.3260065041907744 211.5
2116 0.3261147192037466 211.6
2117 0.3262224093327356 211.7
2118 0.3263295250396855 211.8
2119 0.3264351517286046 211.9
2120 0.3265410048305281 212
2121 0.3266459788899895 212.1
2122 0.3267506061726616 212.2
2123 0.326854989325222 212.3
2124 0.3269585315587675 212.4
2125 0.3270615937508116 212.5
2126 0.3271644823251751 212.6
2127 0.3272664873172058 212.7
2128 0.3273688037592021 212.8
2129 0.3274710618665986 212.9
2130 0.3275730123812755 213
2131 0.3276740411781693 213.1
2132 0.3277751049195356 213.2
2133 0.3278740139345199 213.3
2134 0.3279725238335248 213.4
2135 0.328071741294538 213.5
2136 0.3281715132018142 213.6
2137 0.3282719765192655 213.7
2138 0.3283728738553536 213.8
2139 0.3284732944762414 213.9
2140 0.3285742018775333 214
2141 0.3286755104153505 214.1
2142 0.3287774417772268 214.2
2143 0.3288794902623928 214.3
2144 0.328981101492149 214.4
2145 0.3290830155403986 214.5
2146 0.3291852276512351 214.6
2147 0.3292876317557122 214.7
2148 0.3293900837878765 214.8
2149 0.3294924670524856 214.9
2150 0.3295943142426829 215
2151 0.3296963929968688 215.1
2152 0.3297981664245512 215.2
2153 0.3298994654049155 215.3
2154 0.3300012212113209 215.4
2155 0.3301024068617757 215.5
2156 0.3302034275190109 215.6
2157 0.3303051062628977 215.7
2158 0.3304080102526991 215.8
2159 0.3305118502824028 215.9
2160 0.330616968094247 216
2161 0.3307235532561549 216.1
2162 0.3308318223477196 216.2
2163 0.330941057555871 216.3
2164 0.3310514113373282 216.4
2165 0.3311633047477084 216.5
2166 0.3312773610539745 216.6
2167 0.3313920633546191 216.7
2168 0.3315090522224854 216.8
2169 0.3316266965504222 216.9
2170 0.331748328111928 217
2171 0.3318719094994889 217.1
2172 0.3320001103797903 217.2
2173 0.3321328028309103 217.3
2174 0.3322704593896696 217.4
2175 0.3324085947902728 217.5
2176 0.3325437668062918 217.6
2177 0.3326697006820706 217.7
2178 0.3327867365980751 217.8
2179 0.3329040548139932 217.9
2180 0.3330269667834321 218
2181 0.3331531499601835 218.1
2182 0.3332818999777107 218.2
2183 0.3334122665468199 218.3
2184 0.3335414141589763 218.4
2185 0.3336719787869136 218.5
2186 0.3338053455437953 218.6
2187 0.3339399809999443 218.7
2188 0.334076124388819 218.8
2189 0.3342103095914955 218.9
2190 0.3343432888885147 219
2191 0.3344755042893836 219.1
2192 0.3346063817796776 219.2
2193 0.3347369723527291 219.3
2194 0.3348675459940355 219.4
2195 0.3349977198574376 219.5
2196 0.33512492892608 219.6
2197 0.3352493367547716 219.7
2198 0.3353730566415097 219.8
2199 0.3354958754943162 219.9
2200 0.3356190999093216 220
2201 0.3357429281239124 220.1
2202 0.3358659953711526 220.2
2203 0.3359885832539102 220.3
2204 0.3361103870360028 220.4
2205 0.3362318542374497 220.5
2206 0.3363530344975498 220.6
2207 0.3364732722913824 220.7
2208 0.3365914559815754 220.8
2209 0.3367079263418236 220.9
2210 0.3368238556710459 221
2211 0.3369389125247062 221.1
2212 0.3370531472176279 221.2
2213 0.337167554657178 221.3
2214 0.337282277847067 221.4
2215 0.3373964383044434 221.5
2216 0.3375106710173639 221.6
2217 0.3376239425704555 221.7
2218 0.3377379610195681 221.8
2219 0.3378528334922654 221.9
2220 0.3379673296699095 222
2221 0.338082621806382 222.1
2222 0.338198502269989 222.2
2223 0.3383131248697899 222.3
2224 0.3384295046624561 222.4
2225 0.3385477896502725 222.5
2226 0.3386662815166659 222.6
2227 0.3387880473715841 222.7
2228 0.3389114682487961 222.8
2229 0.3390305500060186 222.9
2230 0.3391507959443087 223
2231 0.3392704030293099 223.1
2232 0.3393851421928293 223.2
2233 0.3394998433583328 223.3
2234 0.3396151242899889 223.4
2235 0.3397306537279066 223.5
2236 0.3398464345988801 223.6
2237 0.3399615845567871 223.7
2238 0.3400769283566293 223.8
2239 0.3401935407362159 223.9
2240 0.3403107143367903 224
2241 0.3404286017660895 224.1
2242 0.340548529796354 224.2
2243 0.3406672258110264 224.3
2244 0.3407898768494921 224.4
2245 0.3409160739722547 224.5
2246 0.3410421209957351 224.6
2247 0.3411678384312914 224.7
2248 0.3412867680570165 224.8
2249 0.3413994792006942 224.9
2250 0.3415161861832878 225
2251 0.3416348132037863 225.1
2252 0.3417550592262098 225.2
2253 0.3418757578847695 225.3
2254 0.3419932553547178 225.4
2255 0.3421107574851557 225.5
2256 0.3422282651883702 225.6
2257 0.342345917425868 225.7
2258 0.3424653470390298 225.8
2259 0.3425866836741556 225.9
2260 0.3427090249906438 226
2261 0.3428338588337851 226.1
2262 0.3429612961334646 226.2
2263 0.3430894607376017 226.3
2264 0.343216458899425 226.4
2265 0.343343096215264 226.5
2266 0.343468690472249 226.6
2267 0.3435944065190046 226.7
2268 0.3437202948076885 226.8
2269 0.3438444665219013 226.9
2270 0.3439666568756883 227
2271 0.3440885689926745 227.1
2272 0.3442107099426011 227.2
2273 0.3443324716544935 227.3
2274 0.3444542574505632 227.4
2275 0.3445737773151995 227.5
2276 0.3446935382056843 227.6
2277 0.3448125604794925 227.7
2278 0.3449328313780527 227.8
2279 0.3450528752875592 227.9
2280 0.3451741526497088 228
2281 0.3452942507749435 228.1
2282 0.3454155524261679 228.2
2283 0.345536949649167 228.3
2284 0.3456565848393646 228.4
2285 0.3457761011013005 228.5
2286 0.3458951210855672 228.6
2287 0.3460152300395384 228.7
2288 0.3461365560113525 228.8
2289 0.3462587712112964 228.9
2290 0.3463815278600793 229
2291 0.346505333433344 229.1
2292 0.3466300185963274 229.2
2293 0.3467548415864375 229.3
2294 0.3468805042738262 229.4
2295 0.347006616379044 229.5
2296 0.3471326703689497 229.6
2297 0.3472593614835053 229.7
2298 0.3473856062899261 229.8
2299 0.3475111710594395 229.9
2300 0.3476362424141323 230
2301 0.3477597990808428 230.1
2302 0.3478823522060982 230.2
2303 0.3480045930180756 230.3
2304 0.3481251792823998 230.4
2305 0.348244473756246 230.5
2306 0.3483641395207463 230.6
2307 0.348484302943301 230.7
2308 0.348604470269865 230.8
2309 0.3487245684344839 230.9
2310 0.348844738194207 231
2311 0.3489641105707706 231.1
2312 0.3490830464670026 231.2
2313 0.3492018194865547 231.3
2314 0.3493207373841015 231.4
2315 0.3494398635204029 231.5
2316 0.3495590457228409 231.6
2317 0.3496770335621213 231.7
2318 0.349793862673602 231.8
2319 0.3499101644425425 231.9
2320 0.3500265529014347 232
2321 0.3501431442321663 232.1
2322 0.350257550429605 232.2
2323 0.3503705059123074 232.3
2324 0.3504838271945122 232.4
2325 0.3505970043711739 232.5
2326 0.3507085107881567 232.6
2327 0.3508193498306506 232.7
2328 0.350930925875662 232.8
2329 0.3510428388661755 232.9
2330 0.3511544138744174 233
2331 0.3512657582004447 233.1
2332 0.3513777944333246 233.2
2333 0.3514910796402707 233.3
2334 0.3516052357198542 233.4
2335 0.3517199992454731 233.5
2336 0.3518352938232947 233.6
2337 0.351949800571949 233.7
2338 0.3520648654920367 233.8
2339 0.3521803365057468 233.9
2340 0.3522962247359613 234
2341 0.3524125613229534 234.1
2342 0.3525293126492714 234.2
2343 0.3526461636190006 234.3
2344 0.3527627527341072 234.4
2345 0.3528805013894252 234.5
2346 0.352998729822245 234.6
2347 0.3531179417071842 234.7
2348 0.353238527897759 234.8
2349 0.3533625297049705 234.9
2350 0.3534866478623166 235
2351 0.3536156410870642 235.1
2352 0.3537445602512491 235.2
2353 0.3538717616072937 235.3
2354 0.3540004702335577 235.4
2355 0.3541314703518922 235.5
2356 0.354258832732161 235.6
2357 0.3543875950466542 235.7
2358 0.3545186792898141 235.8
2359 0.3546443566568848 235.9
2360 0.3547705188576487 236
2361 0.3548886305885264 236.1
2362 0.3550086393641832 236.2
2363 0.3551315318556919 236.3
2364 0.355257816785607 236.4
2365 0.3553879114102411 236.5
2366 0.3555198554401547 236.6
2367 0.3556520726061058 236.7
2368 0.355781226019074 236.8
2369 0.3559064374066304 236.9
2370 0.3560288120855332 237
2371 0.3561483579935802 237.1
2372 0.3562664401178419 237.2
2373 0.3563847494793145 237.3
2374 0.356502916145665 237.4
2375 0.3566206910028762 237.5
2376 0.3567373201069329 237.6
2377 0.3568524934974921 237.7
2378 0.3569663920260864 237.8
2379 0.3570799664344859 237.9
2380 0.3571932525395956 238
2381 0.3573045414733203 238.1
2382 0.3574155242694673 238.2
2383 0.3575265690796996 238.3
2384 0.3576365434184275 238.4
2385 0.3577463390729437 238.5
2386 0.3578566588284771 238.6
2387 0.357967737410205 238.7
2388 0.3580796210222453 238.8
2389 0.3581912856717362 238.9
2390 0.3583025995835089 239
2391 0.3584132728913347 239.1
2392 0.3585238180799105 239.2
2393 0.3586338842476637 239.3
2394 0.3587430574476561 239.4
2395 0.3588521045808961 239.5
2396 0.3589617000945128 239.6
2397 0.3590717451049512 239.7
2398 0.359182064599493 239.8
2399 0.3592921548997911 239.9
2400 0.3594018760550421 240
2401 0.3595118561819561 240.1
2402 0.3596227600395485 240.2
2403 0.3597336643443622 240.3
2404 0.3598448603062452 240.4
2405 0.3599555001907381 240.5
2406 0.3600667545057836 240.6
2407 0.3601809758181499 240.7
2408 0.3602974795582261 240.8
2409 0.3604174615142228 240.9
2410 0.3605338137597523 241
2411 0.3606534640828487 241.1
2412 0.3607748992872518 241.2
2413 0.3608993168399044 241.3
2414 0.3610230714015125 241.4
2415 0.3611431487451437 241.5
2416 0.3612621261304725 241.6
2417 0.3613848928455526 241.7
2418 0.3615073466083997 241.8
2419 0.3616308043255455 241.9
2420 0.3617551174141062 242
2421 0.3618793720627487 242.1
2422 0.3620052643672875 242.2
2423 0.3621310902171416 242.3
2424 0.3622587313852746 242.4
2425 0.3623872673733908 242.5
2426 0.3625126235929068 242.6
2427 0.3626390645065063 242.7
2428 0.362766233691535 242.8
2429 0.3628889542921213 242.9
2430 0.3630067610370052 243
2431 0.3631208117768919 243.1
2432 0.3632389189305587 243.2
2433 0.3633581613891631 243.3
2434 0.3634810658722677 243.4
2435 0.363606678875681 243.5
2436 0.363729215639543 243.6
2437 0.3638458538093385 243.7
2438 0.3639634935665794 243.8
2439 0.3640826011314865 243.9
2440 0.3642030354172598 244
2441 0.3643242600266126 244.1
2442 0.3644446229526695 244.2
2443 0.3645633215653483 244.3
2444 0.3646792857713677 244.4
2445 0.3647945679381191 244.5
2446 0.364908104482772 244.6
2447 0.3650215777036617 244.7
2448 0.3651346741140103 244.8
2449 0.3652463763266401 244.9
2450 0.3653590429894013 245
2451 0.3654721281080989 245.1
2452 0.365584702743298 245.2
2453 0.365697394184831 245.3
2454 0.3658101601590085 245.4
2455 0.3659228609489785 245.5
2456 0.3660341976773568 245.6
2457 0.36614441223936 245.7
2458 0.3662541331389849 245.8
2459 0.366363766026697 245.9
2460 0.3664716912009104 246
2461 0.3665785166177752 246.1
2462 0.3666848516708003 246.2
2463 0.3667905358573446 246.3
2464 0.3668962612260774 246.4
2465 0.3670005482954137 246.5
2466 0.367103337344115 246.6
2467 0.3672048171637438 246.7
2468 0.3673048674519896 246.8
2469 0.3674038675596017 246.9
2470 0.3675017605747309 247
2471 0.3675990927073854 247.1
2472 0.3676964421321641 247.2
2473 0.3677943433434011 247.3
2474 0.3678924915371374 247.4
2475 0.3679903718830047 247.5
2476 0.3680870621941822 247.6
2477 0.368183114807784 247.7
2478 0.3682789967140005 247.8
2479 0.3683744669855955 247.9
2480 0.3684699429540889 248
2481 0.3685642184777967 248.1
2482 0.368658757182587 248.2
2483 0.3687537124026618 248.3
2484 0.3688489130310048 248.4
2485 0.3689442043630723 248.5
2486 0.3690377628904589 248.6
2487 0.3691312507542838 248.7
2488 0.3692236655703714 248.8
2489 0.3693161736148277 248.9
2490 0.3694087346542821 249
2491 0.3695015674888763 249.1
2492 0.3695945400356022 249.2
2493 0.3696879620194948 249.3
2494 0.3697815436403384 249.4
2495 0.3698756784549725 249.5
2496 0.3699702550324902 249.6
2497 0.3700647763355864 249.7
2498 0.3701600430233555 249.8
2499 0.3702557829126215 249.9
2500 0.3703518178948788 250
2501 0.3704475638127676 250.1
2502 0.3705434046747415 250.2
2503 0.3706398213149698 250.3
2504 0.3707363726561696 250.4
2505 0.3708332676984012 250.5
2506 0.3709307344574858 250.6
2507 0.3710286256685352 250.7
2508 0.3711271681191226 250.8
2509 0.3712260195695449 250.9
2510 0.3713253357862164 251
2511 0.371424927636103 251.1
2512 0.3715239843352541 251.2
2513 0.371622944067575 251.3
2514 0.3717222260369704 251.4
2515 0.3718218102118702 251.5
2516 0.3719219547208358 251.6
2517 0.3720223884647376 251.7
2518 0.372122708948249 251.8
2519 0.3722236565918193 251.9
2520 0.3723242319560637 252
2521 0.3724247350514949 252.1
2522 0.3725248084026818 252.2
2523 0.3726251299992765 252.3
2524 0.3727254891006679 252.4
2525 0.3728253569842396 252.5
2526 0.3729244031156591 252.6
2527 0.3730212219037554 252.7
2528 0.3731180016888091 252.8
2529 0.3732152613180965 252.9
2530 0.3733126457659062 253
2531 0.3734104655444506 253.1
2532 0.3735090105947619 253.2
2533 0.3736082174877712 253.3
2534 0.3737083298579184 253.4
2535 0.3738092102756192 253.5
2536 0.3739103023396196 253.6
2537 0.3740110986030656 253.7
2538 0.3741114056657854 253.8
2539 0.3742132011698275 253.9
2540 0.3743161628229129 254
2541 0.3744188175864793 254.1
2542 0.3745232522568751 254.2
2543 0.3746311995290408 254.3
2544 0.3747412315794011 254.4
2545 0.3748517752522402 254.5
2546 0.3749626752859158 254.6
2547 0.3750747904591808 254.7
2548 0.3751777045999453 254.8
2549 0.3752824216658837 254.9
2550 0.3753899269236904 255
2551 0.3754990549912655 255.1
2552 0.3756102251146616 255.2
2553 0.3757234264853322 255.3
2554 0.375839180494826 255.4
2555 0.3759558708256989 255.5
2556 0.376075010080042 255.6
2557 0.3761950606906683 255.7
2558 0.3763191953055168 255.8
2559 0.3764423177536863 255.9
2560 0.3765616562576698 256
2561 0.3766835825959606 256.1
2562 0.3767980840026885 256.2
2563 0.3769162945655863 256.3
2564 0.3770302739710231 256.4
2565 0.3771465506822075 256.5
2566 0.3772615930702599 256.6
2567 0.3773761548413623 256.7
2568 0.377490853334404 256.8
2569 0.3776015472192866 256.9
2570 0.377709592431501 257
2571 0.3778144953921913 257.1
2572 0.3779193032064724 257.2
2573 0.3780212979419728 257.3
2574 0.378122168926697 257.4
2575 0.3782230502223881 257.5
2576 0.3783239798176311 257.6
2577 0.3784239319621766 257.7
2578 0.3785236560327617 257.8
2579 0.378623343535829 257.9
2580 0.3787231686910013 258
2581 0.3788230586067905 258.1
2582 0.3789217869814644 258.2
2583 0.3790196499907887 258.3
2584 0.3791174040777432 258.4
2585 0.3792148741168385 258.5
2586 0.3793117975908621 258.6
2587 0.3794074213072157 258.7
2588 0.3795017215092222 258.8
2589 0.3795952849721438 258.9
2590 0.379688561222597 259
2591 0.3797816939596104 259.1
2592 0.379874219929886 259.2
2593 0.3799670018633456 259.3
2594 0.3800604095378431 259.4
2595 0.3801546334966213 259.5
2596 0.3802499066782203 259.6
2597 0.3803463949042838 259.7
2598 0.3804441995251501 259.8
2599 0.380543497189319 259.9
2600 0.380644234355923 260
2601 0.3807465391932445 260.1
2602 0.3808509047130668 260.2
2603 0.380955212574924 260.3
2604 0.3810609264697046 260.4
2605 0.3811692475519088 260.5
2606 0.3812782319443756 260.6
2607 0.3813884440242422 260.7
2608 0.3814998193734752 260.8
2609 0.381614751112456 260.9
2610 0.3817356075864847 261
2611 0.3818591825083819 261.1
2612 0.3819835368965026 261.2
2613 0.3821111196904539 261.3
2614 0.382239328138974 261.4
2615 0.3823662909094129 261.5
2616 0.3824850694059159 261.6
2617 0.3826075277030542 261.7
2618 0.3827346853278811 261.8
2619 0.3828649217454335 261.9
2620 0.3829968067746315 262
2621 0.3831290817874328 262.1
2622 0.3832577896272557 262.2
2623 0.3833802969098583 262.3
2624 0.3835019019000129 262.4
2625 0.3836202584657429 262.5
2626 0.3837392625648834 262.6
2627 0.3838588371770166 262.7
2628 0.3839792275666485 262.8
2629 0.3841006829162536 262.9
2630 0.3842213874182122 263
2631 0.384342794215655 263.1
2632 0.3844641554600496 263.2
2633 0.3845857619311802 263.3
2634 0.3847078711494349 263.4
2635 0.3848309484513752 263.5
2636 0.384953722222131 263.6
2637 0.3850757469245157 263.7
2638 0.3851950360139964 263.8
2639 0.3853131440449692 263.9
2640 0.3854312212567239 264
2641 0.3855507153769258 264.1
2642 0.385671071430266 264.2
2643 0.3857913681695028 264.3
2644 0.385912981835034 264.4
2645 0.3860359958775884 264.5
2646 0.386159425439502 264.6
2647 0.3862812802207603 264.7
2648 0.3864035023079809 264.8
2649 0.3865261864780504 264.9
2650 0.3866485572541939 265
2651 0.3867715077967241 265.1
2652 0.386893345820821 265.2
2653 0.3870141404088777 265.3
2654 0.3871348883576849 265.4
2655 0.3872548740456968 265.5
2656 0.3873738102636817 265.6
2657 0.3874900451038832 265.7
2658 0.3876055666191042 265.8
2659 0.3877212752096346 265.9
2660 0.3878375404894649 266
2661 0.3879526065279679 266.1
2662 0.3880686803640654 266.2
2663 0.3881859234528012 266.3
2664 0.3883040623106799 266.4
2665 0.3884226068905564 266.5
2666 0.3885420841341584 266.6
2667 0.38866278096354 266.7
2668 0.3887840050138879 266.8
2669 0.388906077747181 266.9
2670 0.3890295334422272 267
2671 0.3891538115343557 267.1
2672 0.3892775961852829 267.2
2673 0.3894026799690128 267.3
2674 0.3895283284852378 267.4
2675 0.3896534750971783 267.5
2676 0.3897793755540774 267.6
2677 0.3899058849177358 267.7
2678 0.3900339911872093 267.8
2679 0.3901631798931301 267.9
2680 0.3902935911315764 268
2681 0.39042235549044 268.1
2682 0.3905485698690753 268.2
2683 0.3906744260757017 268.3
2684 0.3907983800921565 268.4
2685 0.3909229212211707 268.5
2686 0.3910481434756666 268.6
2687 0.3911733103766069 268.7
2688 0.3912991652143537 268.8
2689 0.3914258120748851 268.9
2690 0.3915538583131792 269
2691 0.3916819497003071 269.1
2692 0.3918087912869661 269.2
2693 0.3919339045254642 269.3
2694 0.3920588797450676 269.4
2695 0.3921821739879047 269.5
2696 0.3923040189671862 269.6
2697 0.3924250547120574 269.7
2698 0.3925444602429256 269.8
2699 0.3926635530962098 269.9
2700 0.3927819872942279 270
2701 0.392900580097148 270.1
2702 0.3930193924004916 270.2
2703 0.3931382914052134 270.3
2704 0.3932573346695167 270.4
2705 0.3933763737851707 270.5
2706 0.3934946938384567 270.6
2707 0.393612292286905 270.7
2708 0.3937295660182273 270.8
2709 0.3938465206432851 270.9
2710 0.3939630617185117 271
2711 0.3940791261665684 271.1
2712 0.3941946127537705 271.2
2713 0.3943086947059039 271.3
2714 0.3944216149847207 271.4
2715 0.3945348897242545 271.5
2716 0.3946479253020221 271.6
2717 0.3947615116740625 271.7
2718 0.3948756347605347 271.8
2719 0.3949894187651621 271.9
2720 0.395102536133921 272
2721 0.3952157225839578 272.1
2722 0.3953273772096986 272.2
2723 0.3954381872355667 272.3
2724 0.3955489317057231 272.4
2725 0.3956601413119916 272.5
2726 0.3957716386488307 272.6
2727 0.3958846389531976 272.7
2728 0.3959993999192532 272.8
2729 0.3961137350326867 272.9
2730 0.3962300060468472 273
2731 0.3963494073774715 273.1
2732 0.3964719026045498 273.2
2733 0.3965932684168044 273.3
2734 0.3967180544322526 273.4
2735 0.3968444079744811 273.5
2736 0.3969736308627745 273.6
2737 0.3971020212296079 273.7
2738 0.3972302499486854 273.8
2739 0.3973577412894931 273.9
2740 0.3974856241615256 274
2741 0.3976155332683027 274.1
2742 0.3977454123492801 274.2
2743 0.3978766953856576 274.3
2744 0.3980082500720571 274.4
2745 0.3981398724421574 274.5
2746 0.3982718322793647 274.6
2747 0.3984056701269786 274.7
2748 0.3985392584943047 274.8
2749 0.398675046527885 274.9
2750 0.3988111751113579 275
2751 0.3989527478305702 275.1
2752 0.3990940357394794 275.2
2753 0.3992367917097366 275.3
2754 0.3993817790207091 275.4
2755 0.3995285486766165 275.5
2756 0.3996725481013146 275.6
2757 0.3998127042839997 275.7
2758 0.3999530354911858 275.8
2759 0.4000907143193603 275.9
2760 0.4002267112669203 276
2761 0.4003611294004743 276.1
2762 0.4004938876944621 276.2
2763 0.400627545666308 276.3
2764 0.4007593229872628 276.4
2765 0.4008867277435016 276.5
2766 0.4010130533778893 276.6
2767 0.4011387373961381 276.7
2768 0.4012641044817808 276.8
2769 0.4013895324541725 276.9
2770 0.4015153471149164 277
2771 0.4016414846060493 277.1
2772 0.4017684014081235 277.2
2773 0.4018951450375428 277.3
2774 0.4020202964682391 277.4
2775 0.4021447539029938 277.5
2776 0.4022685483371579 277.6
2777 0.4023941158704986 277.7
2778 0.4025198137398862 277.8
2779 0.4026474556888295 277.9
2780 0.4027728802960058 278
2781 0.4029010974503226 278.1
2782 0.4030287591161222 278.2
2783 0.4031573957750418 278.3
2784 0.4032817381557099 278.4
2785 0.4034029808471718 278.5
2786 0.403524231924013 278.6
2787 0.4036479986158421 278.7
2788 0.4037718761265204 278.8
2789 0.4038968392942364 278.9
2790 0.4040217837875087 279
2791 0.4041471050620674 279.1
2792 0.4042722651047287 279.2
2793 0.4043977377443277 279.3
2794 0.4045246281457978 279.4
2795 0.4046482012719778 279.5
2796 0.4047675310874536 279.6
2797 0.4048889224285498 279.7
2798 0.405012001631558 279.8
2799 0.4051328835221616 279.9
2800 0.4052551961665044 280
2801 0.405374154386351 280.1
2802 0.4054852768737864 280.2
2803 0.4055967114575358 280.3
2804 0.4057116102866791 280.4
2805 0.4058274480444123 280.5
2806 0.4059381290064817 280.6
2807 0.4060477770741363 280.7
2808 0.4061536267772032 280.8
2809 0.4062575856551975 280.9
2810 0.4063616204975325 281
2811 0.4064652502969687 281.1
2812 0.4065685090571186 281.2
2813 0.4066714911756237 281.3
2814 0.4067732648723654 281.4
2815 0.4068753713984176 281.5
2816 0.4069775787961639 281.6
2817 0.4070800811672709 281.7
2818 0.407183010135542 281.8
2819 0.4072858611370024 281.9
2820 0.4073881898976097 282
2821 0.4074903313046731 282.1
2822 0.407590483125294 282.2
2823 0.4076909805243568 282.3
2824 0.4077916949511865 282.4
2825 0.4078925859936066 282.5
2826 0.4079935846707117 282.6
2827 0.4080926840114725 282.7
2828 0.4081912613532023 282.8
2829 0.4082892347536178 282.9
2830 0.4083866465115753 283
2831 0.4084850709096245 283.1
2832 0.4085845710708809 283.2
2833 0.4086845745620726 283.3
2834 0.4087851636186022 283.4
2835 0.4088854973109645 283.5
2836 0.4089855640550795 283.6
2837 0.4090859010294649 283.7
2838 0.4091872949199336 283.8
2839 0.4092896020203882 283.9
2840 0.4093926098211261 284
2841 0.4094959337663542 284.1
2842 0.4095969178434682 284.2
2843 0.4096981586673669 284.3
2844 0.409799696059064 284.4
2845 0.4099013554357085 284.5
2846 0.4100017906492783 284.6
2847 0.4101011105693063 284.7
2848 0.4101993432061297 284.8
2849 0.4102960877923125 284.9
2850 0.4103902631183282 285
2851 0.4104831000410223 285.1
2852 0.4105756068840352 285.2
2853 0.4106672544446062 285.3
2854 0.4107581744168722 285.4
2855 0.4108487583593899 285.5
2856 0.410939211566365 285.6
2857 0.4110286438529774 285.7
2858 0.4111178404768874 285.8
2859 0.4112072347999176 285.9
2860 0.4112957729181138 286
2861 0.4113842564182383 286.1
2862 0.4114733465537039 286.2
2863 0.4115630614377523 286.3
2864 0.4116533592835687 286.4
2865 0.4117442344818666 286.5
2866 0.4118353516372564 286.6
2867 0.4119267224198211 286.7
2868 0.4120187474509583 286.8
2869 0.4121113765503714 286.9
2870 0.412204535022556 287
2871 0.4122977224574971 287.1
2872 0.4123911882247885 287.2
2873 0.4124841264873252 287.3
2874 0.4125773543503337 287.4
2875 0.4126710448911005 287.5
2876 0.4127645697819418 287.6
2877 0.4128580101730549 287.7
2878 0.4129503516750927 287.8
2879 0.4130425941434356 287.9
2880 0.4131343883226383 288
2881 0.4132262075593353 288.1
2882 0.4133184963819936 288.2
2883 0.4134113794627119 288.3
2884 0.4135050091732582 288.4
2885 0.4135992460027831 288.5
2886 0.4136941530364341 288.6
2887 0.4137887758978393 288.7
2888 0.4138828303306858 288.8
2889 0.4139770414518879 288.9
2890 0.4140714245694742 289
2891 0.4141661962858099 289.1
2892 0.4142609552096735 289.2
2893 0.4143563780396028 289.3
2894 0.4144528266290249 289.4
2895 0.4145504184612794 289.5
2896 0.4146478972709511 289.6
2897 0.4147446354655059 289.7
2898 0.4148423204601706 289.8
2899 0.4149404794172595 289.9
2900 0.415039470411654 290
2901 0.4151388785013433 290.1
2902 0.4152389603917453 290.2
2903 0.4153411405657239 290.3
2904 0.415443362035469 290.4
2905 0.4155485210763301 290.5
2906 0.415655131721974 290.6
2907 0.4157622368544269 290.7
2908 0.4158690549626323 290.8
2909 0.4159791349729662 290.9
2910 0.416091171557989 291
2911 0.4162013051181375 291.1
2912 0.4163100551494169 291.2
2913 0.4164171761429604 291.3
2914 0.4165240502694596 291.4
2915 0.4166298346967737 291.5
2916 0.4167366380246375 291.6
2917 0.4168425948927683 291.7
2918 0.416948721618582 291.8
2919 0.4170555014791424 291.9
2920 0.4171610048696864 292
2921 0.4172668421596178 292.1
2922 0.4173751650995555 292.2
2923 0.4174835554083757 292.3
2924 0.4175934587961562 292.4
2925 0.4177017511397097 292.5
2926 0.4178131366292307 292.6
2927 0.4179272238661306 292.7
2928 0.4180401209011375 292.8
2929 0.4181529841235141 292.9
2930 0.4182654871819458 293
2931 0.4183778922438552 293.1
2932 0.4184894515325852 293.2
2933 0.4186021576306769 293.3
2934 0.4187160678555062 293.4
2935 0.4188319418187405 293.5
2936 0.41894595013519 293.6
2937 0.4190574898961628 293.7
2938 0.4191672201885434 293.8
2939 0.4192739338839911 293.9
2940 0.4193774959634834 294
2941 0.4194811575116655 294.1
2942 0.419584067224659 294.2
2943 0.4196877769064389 294.3
2944 0.4197914500013443 294.4
2945 0.4198937736205093 294.5
2946 0.4199969745395716 294.6
2947 0.4200996114047625 294.7
2948 0.4202032397912225 294.8
2949 0.4203081697848768 294.9
2950 0.4204141298523781 295
2951 0.4205229272586488 295.1
2952 0.420634040123241 295.2
2953 0.42074373041281 295.3
2954 0.4208524175202555 295.4
2955 0.4209607031050718 295.5
2956 0.4210676980296529 295.6
2957 0.4211723485149076 295.7
2958 0.4212771219256691 295.8
2959 0.4213810997990626 295.9
2960 0.4214854148038728 296
2961 0.4215869496545258 296.1
2962 0.4216862706602958 296.2
2963 0.4217852684191103 296.3
2964 0.4218852111384475 296.4
2965 0.4219859741755977 296.5
2966 0.422086994955757 296.6
2967 0.4221873521935138 296.7
2968 0.4222861856109764 296.8
2969 0.4223825599435581 296.9
2970 0.4224789766802641 297
2971 0.4225749533179992 297.1
2972 0.4226713198747603 297.2
2973 0.4227676653027113 297.3
2974 0.422864578721041 297.4
2975 0.4229637092655678 297.5
2976 0.4230645714993336 297.6
2977 0.4231621819244967 297.7
2978 0.4232655861241109 297.8
2979 0.4233729571281193 297.9
2980 0.423476770551818 298
2981 0.4235806052753381 298.1
2982 0.4236787143082534 298.2
2983 0.4237719275956777 298.3
2984 0.4238685344865065 298.4
2985 0.4239689458054019 298.5
2986 0.4240704979511295 298.6
2987 0.4241710850055427 298.7
2988 0.4242725395103086 298.8
2989 0.4243740030951079 298.9
2990 0.4244764112656175 299
2991 0.4245796270547483 299.1
2992 0.4246820327102375 299.2
2993 0.4247829805916483 299.3
2994 0.424882924978923 299.4
2995 0.4249834093350162 299.5
2996 0.4250841756536352 299.6
2997 0.4251841803346893 299.7
2998 0.4252844181889587 299.8
2999 0.4253840974005844 299.9
3000 0.4254843528524076 300
3001 0.4255844851959892 300.1
3002 0.4256847430442408 300.2
3003 0.4257800477881364 300.3
3004 0.4258744714959301 300.4
3005 0.4259683096521772 300.5
3006 0.426062180646061 300.6
3007 0.4261569754661623 300.7
3008 0.4262525634023595 300.8
3009 0.4263491678286693 300.9
3010 0.4264451057082977 301
3011 0.4265399653356379 301.1
3012 0.4266355516163464 301.2
3013 0.4267317290860009 301.3
3014 0.426829025896041 301.4
3015 0.4269261280210103 301.5
3016 0.4270222914662323 301.6
3017 0.4271170015821221 301.7
3018 0.4272118991056349 301.8
3019 0.4273073342530677 301.9
3020 0.4274023573080831 302
3021 0.4274983293162037 302.1
3022 0.4275948346619218 302.2
3023 0.4276917141690281 302.3
3024 0.4277894091759165 302.4
3025 0.4278866438300818 302.5
3026 0.4279851611999552 302.6
3027 0.4280850691047343 302.7
3028 0.428187913625462 302.8
3029 0.4282933291473547 302.9
3030 0.4283989279787351 303
3031 0.4285082637756413 303.1
3032 0.4286213164388821 303.2
3033 0.4287372697930468 303.3
3034 0.4288547970229557 303.4
3035 0.4289714285309103 303.5
3036 0.4290902387794328 303.6
3037 0.4292119270184736 303.7
3038 0.4293316420411134 303.8
3039 0.4294494727877705 303.9
3040 0.429559664387681 304
3041 0.4296716217482635 304.1
3042 0.4297780681035387 304.2
3043 0.4298782419478583 304.3
3044 0.4299791592084858 304.4
3045 0.430080893919442 304.5
3046 0.4301839831693086 304.6
3047 0.4302887583893603 304.7
3048 0.430394966980068 304.8
3049 0.4305009252363847 304.9
3050 0.4306062653343659 305
3051 0.430711681724692 305.1
3052 0.4308175623448902 305.2
3053 0.4309222972169647 305.3
3054 0.4310256889648453 305.4
3055 0.4311262161831272 305.5
3056 0.431226338242283 305.6
3057 0.431327051330182 305.7
3058 0.4314285847974309 305.8
3059 0.4315294909034292 305.9
3060 0.4316313136832586 306
3061 0.4317342904250037 306.1
3062 0.4318378498752463 306.2
3063 0.4319450861305444 306.3
3064 0.4320554226579506 306.4
3065 0.4321671493862605 306.5
3066 0.4322768600865336 306.6
3067 0.4323882541980094 306.7
3068 0.4324995463061601 306.8
3069 0.4326096156725023 306.9
3070 0.4327184754871046 307
3071 0.4328273260652594 307.1
3072 0.4329358970001449 307.2
3073 0.4330469357868825 307.3
3074 0.4331584971831011 307.4
3075 0.433270900227051 307.5
3076 0.4333828485036859 307.6
3077 0.4334953717793275 307.7
3078 0.4336083145295969 307.8
3079 0.4337194870523546 307.9
3080 0.4338290465819207 308
3081 0.4339358086750863 308.1
3082 0.4340419584774535 308.2
3083 0.4341480288776597 308.3
3084 0.4342529082890516 308.4
3085 0.4343545786895983 308.5
3086 0.4344571450277212 308.6
3087 0.4345605157014749 308.7
3088 0.434664137107218 308.8
3089 0.4347680628129005 308.9
3090 0.4348725320839747 309
3091 0.4349777197566784 309.1
3092 0.4350835090410567 309.2
3093 0.4351887110042677 309.3
3094 0.4352940473164423 309.4
3095 0.4353999396237279 309.5
3096 0.4355065093903253 309.6
3097 0.4356138159188147 309.7
3098 0.4357219200386819 309.8
3099 0.4358297009218702 309.9
3100 0.4359385146730583 310
3101 0.4360490010952476 310.1
3102 0.4361616787518183 310.2
3103 0.4362766002233989 310.3
3104 0.4363939692049562 310.4
3105 0.4365134678241805 310.5
3106 0.4366338517303387 310.6
3107 0.4367549654804623 310.7
3108 0.4368771661932637 310.8
3109 0.4370012826476343 310.9
3110 0.4371258971436737 311
3111 0.437246735696324 311.1
3112 0.4373610749116744 311.2
3113 0.4374731482070165 311.3
3114 0.4375824315655946 311.4
3115 0.4376892457849069 311.5
3116 0.4377950053278294 311.6
3117 0.4379009359014738 311.7
3118 0.4380068598194364 311.8
3119 0.4381113166549573 311.9
3120 0.4382137724623227 312
3121 0.4383145844606992 312.1
3122 0.4384138432616748 312.2
3123 0.438513579580315 312.3
3124 0.4386140764566183 312.4
3125 0.4387153011955844 312.5
3126 0.4388166075859687 312.6
3127 0.4389197899151587 312.7
3128 0.4390250772900299 312.8
3129 0.4391327962980427 312.9
3130 0.4392395183412677 313
3131 0.4393466772333399 313.1
3132 0.4394572175109424 313.2
3133 0.4395688958297671 313.3
3134 0.4396829057466355 313.4
3135 0.4398005821585166 313.5
3136 0.4399222718909728 313.6
3137 0.4400508425969281 313.7
3138 0.440181870745123 313.8
3139 0.4403137339680313 313.9
3140 0.440449955871389 314
3141 0.4405913831500579 314.1
3142 0.4407303185738384 314.2
3143 0.4408604868685447 314.3
3144 0.4409876686014227 314.4
3145 0.4411114971493435 314.5
3146 0.4412279742858992 314.6
3147 0.4413434416349525 314.7
3148 0.4414584453873205 314.8
3149 0.4415734530668183 314.9
3150 0.4416867049292528 315
3151 0.441802521762349 315.1
3152 0.4419215963728165 315.2
3153 0.4420417817850824 315.3
3154 0.4421638114588302 315.4
3155 0.4422812793434873 315.5
3156 0.4424017703778691 315.6
3157 0.4425258606286791 315.7
3158 0.4426446721314837 315.8
3159 0.4427574686335261 315.9
3160 0.4428637380706519 316
3161 0.4429723835290026 316.1
3162 0.4430806749415258 316.2
3163 0.4431885683181213 316.3
3164 0.4432934221123017 316.4
3165 0.4433988245249455 316.5
3166 0.44350392308278 316.6
3167 0.4436120537737256 316.7
3168 0.4437224173643635 316.8
3169 0.4438373100880603 316.9
3170 0.4439548816643762 317
3171 0.4440692899244097 317.1
3172 0.4441863154640056 317.2
3173 0.4443062638713523 317.3
3174 0.4444309024423265 317.4
3175 0.4445555788646771 317.5
3176 0.4446755012259845 317.6
3177 0.4447981284191925 317.7
3178 0.4449218599649541 317.8
3179 0.4450457092569277 317.9
3180 0.4451710745277425 318
3181 0.4452918643379241 318.1
3182 0.445412519583344 318.2
3183 0.4455327987711084 318.3
3184 0.4456525041898616 318.4
3185 0.4457713715850811 318.5
3186 0.4458898966419775 318.6
3187 0.4460074212927675 318.7
3188 0.4461232816564748 318.8
3189 0.4462398272547884 318.9
3190 0.4463564518661335 319
3191 0.4464738154611661 319.1
3192 0.446592264643027 319.2
3193 0.4467116554006403 319.3
3194 0.4468308046638815 319.4
3195 0.4469521783109739 319.5
3196 0.4470721857884603 319.6
3197 0.4471932095599354 319.7
3198 0.4473136385038236 319.8
3199 0.4474349380779677 319.9
3200 0.4475576766307381 320
3201 0.4476834437277872 320.1
3202 0.4478102141560684 320.2
3203 0.4479387796158561 320.3
3204 0.4480707838944141 320.4
3205 0.4482031600775091 320.5
3206 0.448334053798994 320.6
3207 0.4484635256534136 320.7
3208 0.4485897892861813 320.8
3209 0.4487108572755493 320.9
3210 0.4488292200973139 321
3211 0.4489422107556271 321.1
3212 0.4490521167531177 321.2
3213 0.4491603425437734 321.3
3214 0.4492699845300769 321.4
3215 0.4493766200473256 321.5
3216 0.4494844171916834 321.6
3217 0.4495949225999457 321.7
3218 0.4497071355980823 321.8
3219 0.4498216522360038 321.9
3220 0.4499377838966235 322
3221 0.4500528823547812 322.1
3222 0.4501671090235197 322.2
3223 0.4502816035492925 322.3
3224 0.4503960643613478 322.4
3225 0.45050714911402 322.5
3226 0.4506170698730086 322.6
3227 0.4507244529126019 322.7
3228 0.4508296987505092 322.8
3229 0.4509341819103528 322.9
3230 0.4510385732672458 323
3231 0.4511394816597546 323.1
3232 0.4512398908526278 323.2
3233 0.4513415359561623 323.3
3234 0.4514436336203692 323.4
3235 0.4515412723331962 323.5
3236 0.4516418983328004 323.6
3237 0.4517466206068226 323.7
3238 0.4518545985472695 323.8
3239 0.4519595386024323 323.9
3240 0.452063171990583 324
3241 0.4521682363107356 324.1
3242 0.4522756897200807 324.2
3243 0.4523853542641454 324.3
3244 0.4524935880102256 324.4
3245 0.4526033595635126 324.5
3246 0.4527154754891839 324.6
3247 0.4528296065689566 324.7
3248 0.4529445552889892 324.8
3249 0.4530596290141262 324.9
3250 0.4531735424060166 325
3251 0.4532879286882082 325.1
3252 0.4534016160636893 325.2
3253 0.4535158769038614 325.3
3254 0.4536289542500435 325.4
3255 0.4537434460451606 325.5
3256 0.4538553797197233 325.6
3257 0.453965420043118 325.7
3258 0.4540753651922301 325.8
3259 0.4541810392742075 325.9
3260 0.4542875851775422 326
3261 0.4543945559539078 326.1
3262 0.4544978634043103 326.2
3263 0.4546017086644705 326.3
3264 0.4547070563568356 326.4
3265 0.454813341413938 326.5
3266 0.4549181678081411 326.6
3267 0.4550230097034924 326.7
3268 0.4551275344840495 326.8
3269 0.4552358681938902 326.9
3270 0.4553480249498358 327
3271 0.4554624427069914 327.1
3272 0.4555744363157563 327.2
3273 0.4556833226286316 327.3
3274 0.4557953005679343 327.4
3275 0.4559101424020916 327.5
3276 0.4560252998781809 327.6
3277 0.4561439429368292 327.7
3278 0.4562655726647291 327.8
3279 0.4563857721003948 327.9
3280 0.4565069601878743 328
3281 0.4566295200922888 328.1
3282 0.4567523725152771 328.2
3283 0.4568774803787798 328.3
3284 0.457005410796643 328.4
3285 0.4571341440232193 328.5
3286 0.457261152463864 328.6
3287 0.4573880172279786 328.7
3288 0.4575053266201474 328.8
3289 0.457622142509427 328.9
3290 0.4577421920042764 329
3291 0.4578628214732838 329.1
3292 0.4579839801008891 329.2
3293 0.4581067239331676 329.3
3294 0.4582307469422284 329.4
3295 0.4583534177416148 329.5
3296 0.4584730226637692 329.6
3297 0.4585888306065328 329.7
3298 0.4587039612311495 329.8
3299 0.4588186473545532 329.9
3300 0.4589329654354294 330
3301 0.4590472100890324 330.1
3302 0.4591613493993523 330.2
3303 0.4592745746522526 330.3
3304 0.4593843400286694 330.4
3305 0.4594916558054089 330.5
3306 0.4595987224636139 330.6
3307 0.4597045650496129 330.7
3308 0.4598075978175712 330.8
3309 0.4599095900001531 330.9
3310 0.4600101896293463 331
3311 0.4601106692578796 331.1
3312 0.4602115109298415 331.2
3313 0.4603125406999909 331.3
3314 0.460413904271566 331.4
3315 0.4605155211199385 331.5
3316 0.4606157594618072 331.6
3317 0.4607157456466524 331.7
3318 0.4608119035560024 331.8
3319 0.4609032247242281 331.9
3320 0.4609948791471936 332
3321 0.4610893579074694 332.1
3322 0.4611870023744123 332.2
3323 0.4612882539585838 332.3
3324 0.4613865525919303 332.4
3325 0.4614858032151004 332.5
3326 0.4615823801619722 332.6
3327 0.4616704540200773 332.7
3328 0.461760614255332 332.8
3329 0.4618519656630312 332.9
3330 0.4619441027850425 333
3331 0.4620383411675961 333.1
3332 0.4621348222563355 333.2
3333 0.4622342067390299 333.3
3334 0.4623319526161971 333.4
3335 0.4624282333403444 333.5
3336 0.4625231253204281 333.6
3337 0.4626207216307484 333.7
3338 0.4627214517033893 333.8
3339 0.4628235742219207 333.9
3340 0.4629191907339092 334
3341 0.4630098411098967 334.1
3342 0.4631012929339611 334.2
3343 0.4631962057473187 334.3
3344 0.463297420397298 334.4
3345 0.4633986171864633 334.5
3346 0.4635014449127306 334.6
3347 0.4636086261306367 334.7
3348 0.4637119811659935 334.8
3349 0.4638117419256761 334.9
3350 0.4639126074027039 335
3351 0.4640163026007335 335.1
3352 0.4641232508596029 335.2
3353 0.4642303574379151 335.3
3354 0.464336857424384 335.4
3355 0.464445141276565 335.5
3356 0.4645502707825747 335.6
3357 0.4646538356170217 335.7
3358 0.4647571533976367 335.8
3359 0.4648613239447427 335.9
3360 0.4649686206440686 336
3361 0.4650750129486869 336.1
3362 0.4651829655191111 336.2
3363 0.4652933771692853 336.3
3364 0.4654065336071192 336.4
3365 0.4655223570314716 336.5
3366 0.4656390264452283 336.6
3367 0.4657567088287795 336.7
3368 0.4658747078057293 336.8
3369 0.4659915793168422 336.9
3370 0.46610803951493 337
3371 0.4662249646866487 337.1
3372 0.4663415281473832 337.2
3373 0.4664571691782973 337.3
3374 0.4665709237453123 337.4
3375 0.4666835427408489 337.5
3376 0.4667935667252014 337.6
3377 0.466901682887751 337.7
3378 0.4670095835993038 337.8
3379 0.4671196770918232 337.9
3380 0.4672303807140176 338
3381 0.4673413732358527 338.1
3382 0.4674509081690761 338.2
3383 0.4675606010086224 338.3
3384 0.467662589350282 338.4
3385 0.4677613934789781 338.5
3386 0.4678598269631954 338.6
3387 0.4679587037271953 338.7
3388 0.4680569671358548 338.8
3389 0.4681568877000167 338.9
3390 0.4682574110559885 339
3391 0.4683573666565972 339.1
3392 0.4684562942790201 339.2
3393 0.4685540728638897 339.3
3394 0.4686506682773671 339.4
3395 0.4687446385051919 339.5
3396 0.4688353220044428 339.6
3397 0.468924818850289 339.7
3398 0.4690127206954554 339.8
3399 0.4691004315870785 339.9
3400 0.4691874446039415 340
3401 0.4692732861802252 340.1
3402 0.4693574732717705 340.2
3403 0.4694391158850201 340.3
3404 0.4695209878388235 340.4
3405 0.4696033425165841 340.5
3406 0.4696870294826793 340.6
3407 0.4697729079064701 340.7
3408 0.4698617119783964 340.8
3409 0.4699492905857668 340.9
3410 0.4700312371593621 341
3411 0.4701142295236695 341.1
3412 0.4702003562246435 341.2
3413 0.4702901001587284 341.3
3414 0.4703821178834325 341.4
3415 0.4704785195668973 341.5
3416 0.4705799416102542 341.6
3417 0.4706808123810465 341.7
3418 0.4707798211218208 341.8
3419 0.4708768309437568 341.9
3420 0.4709697852618038 342
3421 0.4710664458753974 342.1
3422 0.471163300467982 342.2
3423 0.4712620967766784 342.3
3424 0.4713594881093794 342.4
3425 0.4714563538827461 342.5
3426 0.4715538699573327 342.6
3427 0.4716522663128079 342.7
3428 0.4717534253531828 342.8
3429 0.4718571541166814 342.9
3430 0.4719607645125026 343
3431 0.4720676580276408 343.1
3432 0.4721740385085618 343.2
3433 0.4722802202723913 343.3
3434 0.4723847216006365 343.4
3435 0.4724869938345919 343.5
3436 0.4725890315626682 343.6
3437 0.4726911299077839 343.7
3438 0.4727918182653214 343.8
3439 0.4728883411146733 343.9
3440 0.4729807758854934 344
3441 0.4730702872112111 344.1
3442 0.4731577247021133 344.2
3443 0.4732420767184495 344.3
3444 0.4733247795088807 344.4
3445 0.47340668469566 344.5
3446 0.4734881472139218 344.6
3447 0.4735688788675183 344.7
3448 0.4736496165650479 344.8
3449 0.4737301350094534 344.9
3450 0.4738105397485899 345
3451 0.473890869701042 345.1
3452 0.4739718623221056 345.2
3453 0.4740541384238109 345.3
3454 0.4741375685298406 345.4
3455 0.4742219495066384 345.5
3456 0.474307561145755 345.6
3457 0.4743919988720094 345.7
3458 0.4744768437451198 345.8
3459 0.4745625521293457 345.9
3460 0.474648772008535 346
3461 0.4747354346786958 346.1
3462 0.47482136921712 346.2
3463 0.4749076733609322 346.3
3464 0.474993986972602 346.4
3465 0.47507917161935 346.5
3466 0.4751628640179067 346.6
3467 0.4752472591587935 346.7
3468 0.4753320190335765 346.8
3469 0.4754168446566817 346.9
3470 0.4755022912556761 347
3471 0.4755864335767425 347.1
3472 0.475671342958903 347.2
3473 0.4757569788208295 347.3
3474 0.4758432351213361 347.4
3475 0.4759295599829694 347.5
3476 0.4760156951649332 347.6
3477 0.4761031741269394 347.7
3478 0.4761911836137574 347.8
3479 0.4762804951797928 347.9
3480 0.4763704978329893 348
3481 0.4764608647040318 348.1
3482 0.4765525004590787 348.2
3483 0.4766469615830745 348.3
3484 0.476745533625818 348.4
3485 0.4768467404031812 348.5
3486 0.4769494675586802 348.6
3487 0.4770562739001101 348.7
3488 0.477171849223691 348.8
3489 0.4772876617714295 348.9
3490 0.4774018516464415 349
3491 0.4775037751851245 349.1
3492 0.4776103870319111 349.2
3493 0.4777216063443822 349.3
3494 0.4778364140344428 349.4
3495 0.477954089870608 349.5
3496 0.4780744004361343 349.6
3497 0.4781938828958428 349.7
3498 0.4783168083275856 349.8
3499 0.4784424407073072 349.9
3500 0.4785676515984492 350
3501 0.4786949284489893 350.1
3502 0.4788227570147921 350.2
3503 0.4789455592121355 350.3
3504 0.4790668824437525 350.4
3505 0.4791859923023441 350.5
3506 0.4793015125380336 350.6
3507 0.4794108665839172 350.7
3508 0.4795176205779324 350.8
3509 0.4796224950127392 350.9
3510 0.4797234021524756 351
3511 0.4798231289343047 351.1
3512 0.4799237923922881 351.2
3513 0.4800260627910441 351.3
3514 0.4801279721213295 351.4
3515 0.4802311146412749 351.5
3516 0.4803371813536678 351.6
3517 0.4804449667945717 351.7
3518 0.4805559366624646 351.8
3519 0.480669388644008 351.9
3520 0.4807808778317129 352
3521 0.4808861630832905 352.1
3522 0.4809908143853976 352.2
3523 0.4810945915502282 352.3
3524 0.4812014178500781 352.4
3525 0.4813102877299268 352.5
3526 0.4814141379221695 352.6
3527 0.4815139586310794 352.7
3528 0.4816135644963254 352.8
3529 0.4817131969932935 352.9
3530 0.4818114218846705 353
3531 0.4819067133695444 353.1
3532 0.4819994809603901 353.2
3533 0.4820893862716528 353.3
3534 0.4821778477423019 353.4
3535 0.4822643477470007 353.5
3536 0.48234887838788 353.6
3537 0.4824332226557805 353.7
3538 0.4825169097641777 353.8
3539 0.4826007271640074 353.9
3540 0.4826842684754317 354
3541 0.4827670928152982 354.1
3542 0.4828499041353735 354.2
3543 0.482932909360911 354.3
3544 0.4830148678345209 354.4
3545 0.4830961575240071 354.5
3546 0.4831750881849211 354.6
3547 0.4832533259589925 354.7
3548 0.4833315135575429 354.8
3549 0.4834101157297902 354.9
3550 0.483489149634756 355
3551 0.4835676937754362 355.1
3552 0.4836466757941514 355.2
3553 0.4837264020042944 355.3
3554 0.483806550615611 355.4
3555 0.4838870346113722 355.5
3556 0.483968314167276 355.6
3557 0.4840502358920412 355.7
3558 0.4841327663643844 355.8
3559 0.4842163122081047 355.9
3560 0.4842998301289697 356
3561 0.4843828593735015 356.1
3562 0.48446606102526 356.2
3563 0.4845491070584894 356.3
3564 0.4846312435969354 356.4
3565 0.484711274510078 356.5
3566 0.4847906451763063 356.6
3567 0.4848702320233625 356.7
3568 0.4849502222637671 356.8
3569 0.4850312002012254 356.9
3570 0.4851123450123327 357
3571 0.4851941044935842 357.1
3572 0.4852772252709113 357.2
3573 0.4853610422677651 357.3
3574 0.4854452854395169 357.4
3575 0.4855293326402561 357.5
3576 0.485614471389095 357.6
3577 0.4857005617650175 357.7
3578 0.4857879888111479 357.8
3579 0.4858778125680206 357.9
3580 0.4859690513389723 358
3581 0.4860641609838438 358.1
3582 0.4861639551388031 358.2
3583 0.4862694114784761 358.3
3584 0.4863763446845955 358.4
3585 0.4864862991768011 358.5
3586 0.486599656734455 358.6
3587 0.4867134190846312 358.7
3588 0.4868278207072714 358.8
3589 0.4869452537354162 358.9
3590 0.4870564966202101 359
3591 0.4871687552656845 359.1
3592 0.487282133799177 359.2
3593 0.4873951821986691 359.3
3594 0.487508329028599 359.4
3595 0.487621563427136 359.5
3596 0.487732536872344 359.6
3597 0.487843067544273 359.7
3598 0.4879523608528339 359.8
3599 0.4880600835000074 359.9
3600 0.4881649082701453 360
3601 0.4882689118609758 360.1
3602 0.4883727571779986 360.2
3603 0.4884776385571702 360.3
3604 0.4885843579941347 360.4
3605 0.4886928657159997 360.5
3606 0.4887996593424637 360.6
3607 0.4889080012932644 360.7
3608 0.4890183338395678 360.8
3609 0.4891280115809611 360.9
3610 0.4892368730798162 361
3611 0.4893428579484934 361.1
3612 0.4894478223647827 361.2
3613 0.4895539049804636 361.3
3614 0.4896602538401755 361.4
3615 0.4897678641087118 361.5
3616 0.4898758545403928 361.6
3617 0.4899810793522417 361.7
3618 0.4900828636569485 361.8
3619 0.4901846919243205 361.9
3620 0.4902858808847396 362
3621 0.4903863128558481 362.1
3622 0.4904834748369602 362.2
3623 0.4905801351459815 362.3
3624 0.4906761200153887 362.4
3625 0.4907717941774335 362.5
3626 0.4908703536500291 362.6
3627 0.4909717234972625 362.7
3628 0.491074764998261 362.8
3629 0.4911797113076032 362.9
3630 0.4912877265619537 363
3631 0.4913976886836003 363.1
3632 0.491507686435378 363.2
3633 0.4916177889547675 363.3
3634 0.4917239595670138 363.4
3635 0.4918299198272674 363.5
3636 0.4919336207094319 363.6
3637 0.4920329616898604 363.7
3638 0.49213128351904 363.8
3639 0.4922279137697441 363.9
3640 0.4923238122224636 364
3641 0.492419908236094 364.1
3642 0.4925155236021739 364.2
3643 0.4926123224572038 364.3
3644 0.49271018280998 364.4
3645 0.4928071649333765 364.5
3646 0.4929043598079564 364.6
3647 0.4930023930750781 364.7
3648 0.4931002138065504 364.8
3649 0.4931984568267083 364.9
3650 0.4932915111648341 365
3651 0.4933852846836509 365.1
3652 0.4934828885824165 365.2
3653 0.4935741938410114 365.3
3654 0.4936629504426527 365.4
3655 0.4937478627559621 365.5
3656 0.49383862001345 365.6
3657 0.4939314724728444 365.7
3658 0.4940241148146097 365.8
3659 0.4941135143848776 365.9
3660 0.4942049787669688 366
3661 0.4942974049343035 366.1
3662 0.4943917317436665 366.2
3663 0.4944858793665469 366.3
3664 0.4945799938036036 366.4
3665 0.4946757613592429 366.5
3666 0.4947722527779165 366.6
3667 0.4948679019618621 366.7
3668 0.4949636817264355 366.8
3669 0.4950596648892792 366.9
3670 0.4951545482221573 367
3671 0.4952492801045911 367.1
3672 0.4953427471758257 367.2
3673 0.4954352579983791 367.3
3674 0.4955275559048267 367.4
3675 0.4956200908037861 367.5
3676 0.4957127124558882 367.6
3677 0.4958044815024177 367.7
3678 0.4958945601239863 367.8
3679 0.4959844702073585 367.9
3680 0.4960750009097956 368
3681 0.4961666158841601 368.1
3682 0.4962587815932351 368.2
3683 0.4963494860874109 368.3
3684 0.4964410102999707 368.4
3685 0.4965328881396162 368.5
3686 0.4966258476938537 368.6
3687 0.4967189118911503 368.7
3688 0.4968127159518336 368.8
3689 0.4969079083303046 368.9
3690 0.4970079429346392 369
3691 0.4971113919713501 369.1
3692 0.4972191384667947 369.2
3693 0.4973285675120511 369.3
3694 0.4974420845088001 369.4
3695 0.4975571423800411 369.5
3696 0.4976729851597534 369.6
3697 0.4977866397989803 369.7
3698 0.4979008534168373 369.8
3699 0.4980099584807957 369.9
3700 0.4981110865373616 370
3701 0.4982062124115137 370.1
3702 0.4982986835974564 370.2
3703 0.4983899942762408 370.3
3704 0.4984816295006494 370.4
3705 0.4985739788374824 370.5
3706 0.4986667577207803 370.6
3707 0.4987598802414012 370.7
3708 0.4988545076127215 370.8
3709 0.4989498105143144 370.9
3710 0.4990466617218505 371
3711 0.4991456701415113 371.1
3712 0.4992470145360348 371.2
3713 0.4993494017351887 371.3
3714 0.4994525424054942 371.4
3715 0.4995550253380783 371.5
3716 0.4996590501943721 371.6
3717 0.4997644062487545 371.7
3718 0.4998707003627459 371.8
3719 0.4999781245803128 371.9
3720 0.5000871249708717 372
3721 0.5001955994413835 372.1
3722 0.5003047124085233 372.2
3723 0.5004114072079759 372.3
3724 0.5005176699237596 372.4
3725 0.5006239622153619 372.5
3726 0.5007294549070466 372.6
3727 0.5008326921975418 372.7
3728 0.5009342144626276 372.8
3729 0.5010360826072954 372.9
3730 0.5011364501300308 373
3731 0.5012358633838765 373.1
3732 0.5013370387387794 373.2
3733 0.5014402468013196 373.3
3734 0.5015457248052779 373.4
3735 0.5016512860453203 373.5
3736 0.5017572068222724 373.6
3737 0.5018622601722554 373.7
3738 0.5019690923846633 373.8
3739 0.5020783326103594 373.9
3740 0.5021881918102159 374
3741 0.5022976816346473 374.1
3742 0.5024060746024404 374.2
3743 0.5025069678092782 374.3
3744 0.5026033948283248 374.4
3745 0.5026963079951683 374.5
3746 0.5027882651390997 374.6
3747 0.5028799975869994 374.7
3748 0.5029715275744144 374.8
3749 0.5030620886027511 374.9
3750 0.5031530137851493 375
3751 0.5032438703341129 375.1
3752 0.5033352408067157 375.2
3753 0.5034271202810914 375.3
3754 0.5035193962635476 375.4
3755 0.5036116328116482 375.5
3756 0.5037050982260104 375.6
3757 0.5037991603056832 375.7
3758 0.503894219755989 375.8
3759 0.5039903949530466 375.9
3760 0.5040867865999404 376
3761 0.5041836710963573 376.1
3762 0.5042812657424396 376.2
3763 0.5043794027481761 376.3
3764 0.5044782751244687 376.4
3765 0.5045760817176758 376.5
3766 0.5046744308850328 376.6
3767 0.5047721832130898 376.7
3768 0.5048667899188194 376.8
3769 0.5049602748725286 376.9
3770 0.5050548106720588 377
3771 0.5051510935903967 377.1
3772 0.5052483989393146 377.2
3773 0.5053471994547114 377.3
3774 0.5054470547421556 377.4
3775 0.505547178602869 377.5
3776 0.5056478254562283 377.6
3777 0.5057486662384845 377.7
3778 0.5058503689641541 377.8
3779 0.5059529949538865 377.9
3780 0.5060562019012538 378
3781 0.5061597428847505 378.1
3782 0.506263943896277 378.2
3783 0.5063680378521103 378.3
3784 0.506469218249928 378.4
3785 0.5065712352443782 378.5
3786 0.506673883045854 378.6
3787 0.506777488252218 378.7
3788 0.5068804688877525 378.8
3789 0.5069862586306578 378.9
3790 0.5070955872232582 379
3791 0.507205310682846 379.1
3792 0.5073148380370712 379.2
3793 0.5074262977250186 379.3
3794 0.5075390358951299 379.4
3795 0.5076519877194715 379.5
3796 0.5077631214737434 379.6
3797 0.5078679397567151 379.7
3798 0.5079709268574598 379.8
3799 0.5080709213580767 379.9
3800 0.508168575788657 380
3801 0.5082674597050364 380.1
3802 0.5083680953815791 380.2
3803 0.508471091004866 380.3
3804 0.5085757448357203 380.4
3805 0.5086807496062647 380.5
3806 0.5087852329137726 380.6
3807 0.508891604173731 380.7
3808 0.5090008858589039 380.8
3809 0.5091128018828494 380.9
3810 0.5092288439399965 381
3811 0.5093483734376704 381.1
3812 0.5094662992321749 381.2
3813 0.5095894867821317 381.3
3814 0.5097053368734362 381.4
3815 0.5098164861305432 381.5
3816 0.5099180392135637 381.6
3817 0.5100249380112272 381.7
3818 0.5101345893848523 381.8
3819 0.5102472647593231 381.9
3820 0.5103583879585729 382
3821 0.5104658966726424 382.1
3822 0.510569654091545 382.2
3823 0.5106669242118591 382.3
3824 0.5107617691163263 382.4
3825 0.5108573812472146 382.5
3826 0.5109521827123279 382.6
3827 0.5110452360047925 382.7
3828 0.5111374754195087 382.8
3829 0.5112260750114426 382.9
3830 0.5113114872114926 383
3831 0.5113955878629995 383.1
3832 0.5114796865398682 383.2
3833 0.5115640846939499 383.3
3834 0.5116490062711407 383.4
3835 0.5117341404565853 383.5
3836 0.5118205397100838 383.6
3837 0.5119073009617573 383.7
3838 0.5119955497198498 383.8
3839 0.5120859144819291 383.9
3840 0.512177823988321 384
3841 0.5122699276088405 384.1
3842 0.5123623467635378 384.2
3843 0.5124562591667293 384.3
3844 0.5125505616834601 384.4
3845 0.5126462883498406 384.5
3846 0.5127432272117809 384.6
3847 0.5128399716061175 384.7
3848 0.5129350305269886 384.8
3849 0.513030448239199 384.9
3850 0.5131266370999182 385
3851 0.5132233246331177 385.1
3852 0.5133161278425491 385.2
3853 0.5134046395517267 385.3
3854 0.5134911254675338 385.4
3855 0.5135760881248906 385.5
3856 0.5136579922431299 385.6
3857 0.5137393106455311 385.7
3858 0.5138196888915634 385.8
3859 0.5138980880726901 385.9
3860 0.5139751875407055 386
3861 0.5140513580692886 386.1
3862 0.5141263409982034 386.2
3863 0.5142011341467563 386.3
3864 0.5142771583911209 386.4
3865 0.5143551677424403 386.5
3866 0.5144367360458185 386.6
3867 0.5145210720215788 386.7
3868 0.5146096264597587 386.8
3869 0.5147036489641452 386.9
3870 0.5147991750490265 387
3871 0.5148968156455721 387.1
3872 0.5149973975057563 387.2
3873 0.5150986680124121 387.3
3874 0.5152001189608693 387.4
3875 0.5153020982718641 387.5
3876 0.515405283219561 387.6
3877 0.5155079273928933 387.7
3878 0.5156090623455937 387.8
3879 0.5157065929108825 387.9
3880 0.5157994132687275 388
3881 0.5158912614763931 388.1
3882 0.5159804002750141 388.2
3883 0.5160682421228093 388.3
3884 0.516153994685398 388.4
3885 0.5162382744402711 388.5
3886 0.5163211810633251 388.6
3887 0.5164027475503659 388.7
3888 0.5164843194664295 388.8
3889 0.5165652398018222 388.9
3890 0.5166456975967608 389
3891 0.5167269825762993 389.1
3892 0.5168088054960658 389.2
3893 0.5168914137437914 389.3
3894 0.5169746820455461 389.4
3895 0.5170588094215606 389.5
3896 0.5171440681126598 389.6
3897 0.5172307039543625 389.7
3898 0.5173183191329407 389.8
3899 0.5174077872310981 389.9
3900 0.5174984756451192 390
3901 0.5175903335550713 390.1
3902 0.5176850582715676 390.2
3903 0.5177805288682811 390.3
3904 0.5178824143226152 390.4
3905 0.5179892691110399 390.5
3906 0.5181001427115002 390.6
3907 0.5182133803028176 390.7
3908 0.5183291096325147 390.8
3909 0.5184456491677985 390.9
3910 0.5185622936701106 391
3911 0.5186758556404706 391.1
3912 0.5187900265932488 391.2
3913 0.5189039259515965 391.3
3914 0.5190165429344205 391.4
3915 0.5191250318576406 391.5
3916 0.5192256229556158 391.6
3917 0.5193201641358766 391.7
3918 0.5194063665670247 391.8
3919 0.5194902429965287 391.9
3920 0.5195721196909778 392
3921 0.519653650454598 392.1
3922 0.5197351109634555 392.2
3923 0.5198159335061371 392.3
3924 0.5198955528027719 392.4
3925 0.51997183738996 392.5
3926 0.5200466311987206 392.6
3927 0.5201214549158462 392.7
3928 0.520197268967465 392.8
3929 0.5202728192015985 392.9
3930 0.5203486275922803 393
3931 0.5204250955943404 393.1
3932 0.5205011683065056 393.2
3933 0.5205777471820636 393.3
3934 0.5206548329318322 393.4
3935 0.5207320705989337 393.5
3936 0.5208094772812696 393.6
3937 0.5208891082694457 393.7
3938 0.520970824830018 393.8
3939 0.5210550206158817 393.9
3940 0.5211400061138898 394
3941 0.5212244158315457 394.1
3942 0.5213113981721585 394.2
3943 0.5214025723612882 394.3
3944 0.5214981862181204 394.4
3945 0.5215970985815849 394.5
3946 0.5217012106506584 394.6
3947 0.5218117091537098 394.7
3948 0.5219263123981901 394.8
3949 0.5220423984995227 394.9
3950 0.5221567988280972 395
3951 0.5222712931829671 395.1
3952 0.5223864311158654 395.2
3953 0.5224961692348072 395.3
3954 0.5225977260840513 395.4
3955 0.5226901904408016 395.5
3956 0.5227789642219046 395.6
3957 0.5228642326121756 395.7
3958 0.5229491055387694 395.8
3959 0.5230329794858724 395.9
3960 0.5231164456553767 396
3961 0.5232011174728453 396.1
3962 0.5232867500816505 396.2
3963 0.5233729639791354 396.3
3964 0.5234616069326604 396.4
3965 0.5235535208311464 396.5
3966 0.5236481617220595 396.6
3967 0.5237414181961564 396.7
3968 0.523833276385042 396.8
3969 0.5239267505129142 396.9
3970 0.524016262979209 397
3971 0.5241029744480589 397.1
3972 0.5241893780157812 397.2
3973 0.5242764192735598 397.3
3974 0.524361655771743 397.4
3975 0.5244476413152594 397.5
3976 0.5245324588593837 397.6
3977 0.5246133617694492 397.7
3978 0.5246911771651511 397.8
3979 0.5247747310459253 397.9
3980 0.5248625584668781 398
3981 0.524952723268916 398.1
3982 0.5250447947762712 398.2
3983 0.5251364999995927 398.3
3984 0.5252316993313731 398.4
3985 0.5253274029678786 398.5
3986 0.5254249835777712 398.6
3987 0.52552619013895 398.7
3988 0.5256335861076443 398.8
3989 0.5257450904490745 398.9
3990 0.5258595401615301 399
3991 0.5259735856197387 399.1
3992 0.5260872209561491 399.2
3993 0.5262010409476331 399.3
3994 0.5263090217674556 399.4
3995 0.5264136343022514 399.5
3996 0.5265108182656543 399.6
3997 0.5265982683460235 399.7
3998 0.5266869324200895 399.8
3999 0.5267760660380202 399.9
4000 0.5268634683920723 400
4001 0.5269400782305782 400.1
4002 0.5270084848146042 400.2
4003 0.5270739611443537 400.3
4004 0.5271395002118141 400.4
4005 0.5272053742113347 400.5
4006 0.5272714271358154 400.6
4007 0.5273387509966317 400.7
4008 0.5274071835590733 400.8
4009 0.5274767025384629 400.9
4010 0.5275456581146112 401
4011 0.527615265121641 401.1
4012 0.5276847239770092 401.2
4013 0.5277551218551909 401.3
4014 0.5278268043897154 401.4
4015 0.5278977245900215 401.5
4016 0.5279696386871562 401.6
4017 0.5280409549431643 401.7
4018 0.5281114762407595 401.8
4019 0.5281815434303516 401.9
4020 0.5282512072303687 402
4021 0.528320039991701 402.1
4022 0.5283869528629012 402.2
4023 0.5284526287063662 402.3
4024 0.5285172785917281 402.4
4025 0.5285818790990442 402.5
4026 0.5286471110851031 402.6
4027 0.5287118783702751 402.7
4028 0.5287754262901464 402.8
4029 0.5288401537735161 402.9
4030 0.5289058530363443 403
4031 0.5289729301164987 403.1
4032 0.529039766197596 403.2
4033 0.5291047058462723 403.3
4034 0.5291690661236547 403.4
4035 0.5292334969929225 403.5
4036 0.529297869812319 403.6
4037 0.5293630082708085 403.7
4038 0.5294279278180043 403.8
4039 0.5294933831009004 403.9
4040 0.5295598026697342 404
4041 0.5296279153936966 404.1
4042 0.5296977119633428 404.2
4043 0.5297691596076382 404.3
4044 0.5298433138529318 404.4
4045 0.5299203900262606 404.5
4046 0.5299993981393701 404.6
4047 0.5300809497868253 404.7
4048 0.5301668931167209 404.8
4049 0.5302567472721585 404.9
4050 0.5303517182588368 405
4051 0.5304480808043496 405.1
4052 0.5305503481112449 405.2
4053 0.5306492402390315 405.3
4054 0.5307505445741453 405.4
4055 0.5308544230602548 405.5
4056 0.5309590804688761 405.6
4057 0.5310638300603423 405.7
4058 0.5311677366922088 405.8
4059 0.5312738368859206 405.9
4060 0.5313791405041777 406
4061 0.5314793218148774 406.1
4062 0.5315797648834338 406.2
4063 0.5316789365213289 406.3
4064 0.5317746279710143 406.4
4065 0.5318685629188658 406.5
4066 0.5319627258419999 406.6
4067 0.532056717820937 406.7
4068 0.5321484847904087 406.8
4069 0.5322415311255851 406.9
4070 0.5323359658343474 407
4071 0.532431230343795 407.1
4072 0.5325248101002118 407.2
4073 0.5326144601773698 407.3
4074 0.532699402484113 407.4
4075 0.5327832603671272 407.5
4076 0.5328666908629307 407.6
4077 0.5329482802750554 407.7
4078 0.5330300865764431 407.8
4079 0.5331131456583449 407.9
4080 0.533197418559345 408
4081 0.5332809441487146 408.1
4082 0.5333622441316958 408.2
4083 0.5334418407131042 408.3
4084 0.5335221514081062 408.4
4085 0.5336033907683343 408.5
4086 0.5336862844233285 408.6
4087 0.533770183852188 408.7
4088 0.5338538078458223 408.8
4089 0.5339398893681578 408.9
4090 0.5340306241618833 409
4091 0.5341255975006004 409.1
4092 0.5342219711668117 409.2
4093 0.5343172836726894 409.3
4094 0.5344111993961546 409.4
4095 0.5345010903551133 409.5
4096 0.5345817678428061 409.6
4097 0.5346579781153282 409.7
4098 0.534732954208515 409.8
4099 0.5348077087604586 409.9
4100 0.5348835385529164 410
4101 0.5349607202664552 410.1
4102 0.5350384481551056 410.2
4103 0.5351175229971313 410.3
4104 0.5351946823439658 410.4
4105 0.5352743261638516 410.5
4106 0.5353541829079927 410.6
4107 0.5354362311187515 410.7
4108 0.5355222955750661 410.8
4109 0.5356118905160548 410.9
4110 0.5357055192362575 411
4111 0.5358020772963615 411.1
4112 0.5358974627398754 411.2
4113 0.5359939853176946 411.3
4114 0.5360906304473744 411.4
4115 0.536185282990492 411.5
4116 0.5362769038163414 411.6
4117 0.5363596889847471 411.7
4118 0.5364376743355134 411.8
4119 0.5365163765738461 411.9
4120 0.5365962733848119 412
4121 0.5366762329801482 412.1
4122 0.5367571963736342 412.2
4123 0.5368393686078561 412.3
4124 0.5369229659455641 412.4
4125 0.537007175347078 412.5
4126 0.5370911638262567 412.6
4127 0.5371759118717185 412.7
4128 0.5372606415432607 412.8
4129 0.5373475046261952 412.9
4130 0.5374369845902016 413
4131 0.5375275032887078 413.1
4132 0.5376181714779458 413.2
4133 0.5377103659324766 413.3
4134 0.5378088272043511 413.4
4135 0.5379057023770289 413.5
4136 0.5380032958810149 413.6
4137 0.5380920149903915 413.7
4138 0.5381808130070073 413.8
4139 0.5382753475734423 413.9
4140 0.5383725660777222 414
4141 0.5384691590842703 414.1
4142 0.5385633180632383 414.2
4143 0.5386551793383589 414.3
4144 0.5387434623909172 414.4
4145 0.5388277031262593 414.5
4146 0.5389096473056494 414.6
4147 0.5389918907908097 414.7
4148 0.5390738375589512 414.8
4149 0.5391544707864139 414.9
4150 0.5392334960048768 415
4151 0.5393126359479464 415.1
4152 0.539393642625267 415.2
4153 0.5394775710317909 415.3
4154 0.5395678026076701 415.4
4155 0.5396596872735028 415.5
4156 0.5397521317035547 415.6
4157 0.5398465314314729 415.7
4158 0.5399390990953541 415.8
4159 0.5400304961439001 415.9
4160 0.5401141562004058 416
4161 0.5401903054460578 416.1
4162 0.5402632537272987 416.2
4163 0.5403349683333912 416.3
4164 0.5404065389272944 416.4
4165 0.5404768975224902 416.5
4166 0.5405468947732883 416.6
4167 0.5406171182484723 416.7
4168 0.540687990231327 416.8
4169 0.5407595296954886 416.9
4170 0.5408318922948772 417
4171 0.5409052931628898 417.1
4172 0.5409787065369065 417.2
4173 0.5410530496769724 417.3
4174 0.541125255968898 417.4
4175 0.5411979493515963 417.5
4176 0.5412711005436714 417.6
4177 0.5413442172555898 417.7
4178 0.5414184066761822 417.8
4179 0.5414924648927317 417.9
4180 0.5415659186471602 418
4181 0.5416384046031975 418.1
4182 0.5417106547518463 418.2
4183 0.5417807202324296 418.3
4184 0.5418553571108263 418.4
4185 0.5419336401777741 418.5
4186 0.5420083907019291 418.6
4187 0.5420835213375633 418.7
4188 0.5421562922606238 418.8
4189 0.5422261612499091 418.9
4190 0.5422946063570551 419
4191 0.5423569530251253 419.1
4192 0.5424197590271365 419.2
4193 0.5424840899053603 419.3
4194 0.5425498073172106 419.4
4195 0.5426169989849924 419.5
4196 0.5426866102163673 419.6
4197 0.5427582662570379 419.7
4198 0.5428335594435928 419.8
4199 0.5429136030379921 419.9
4200 0.5429959733188188 420
4201 0.543080980925529 420.1
4202 0.5431681407758271 420.2
4203 0.5432592505034873 420.3
4204 0.5433499888995998 420.4
4205 0.543439185308649 420.5
4206 0.5435283139643053 420.6
4207 0.5436166378144499 420.7
4208 0.5437041906062763 420.8
4209 0.5437901910172768 420.9
4210 0.5438743043449797 421
4211 0.5439550051837688 421.1
4212 0.5440351986667368 421.2
4213 0.5441154999505678 421.3
4214 0.5441965941156524 421.4
4215 0.544277815267933 421.5
4216 0.5443569385295628 421.6
4217 0.5444351147071904 421.7
4218 0.5445094443819182 421.8
4219 0.5445806526052933 421.9
4220 0.5446498411144683 422
4221 0.5447201237467382 422.1
4222 0.5447914437236178 422.2
4223 0.544864062329285 422.3
4224 0.544936322685328 422.4
4225 0.545006978134988 422.5
4226 0.5450828375369475 422.6
4227 0.5451635786214581 422.7
4228 0.5452438256143377 422.8
4229 0.5453204248329727 422.9
4230 0.5453967038821237 423
4231 0.545469426247559 423.1
4232 0.54553218210226 423.2
4233 0.5455949311465544 423.3
4234 0.5456593420192082 423.4
4235 0.5457230334536759 423.5
4236 0.5457885980605716 423.6
4237 0.5458561924641052 423.7
4238 0.5459252573752656 423.8
4239 0.545993218303925 423.9
4240 0.5460628711618771 424
4241 0.5461324559361476 424.1
4242 0.5462013539484601 424.2
4243 0.546270091996745 424.3
4244 0.5463402192105634 424.4
4245 0.5464081318759121 424.5
4246 0.5464745878321206 424.6
4247 0.546541336026285 424.7
4248 0.5466073242431682 424.8
4249 0.5466729714284839 424.9
4250 0.54673973284782 425
4251 0.5468043647073582 425.1
4252 0.546867486803116 425.2
4253 0.5469302641300821 425.3
4254 0.5469934448140588 425.4
4255 0.5470572464697071 425.5
4256 0.5471213299895644 425.6
4257 0.5471859850314965 425.7
4258 0.547249682008472 425.8
4259 0.5473141375868907 425.9
4260 0.547378271904152 426
4261 0.5474421481416289 426.1
4262 0.547505888079298 426.2
4263 0.5475687537612796 426.3
4264 0.5476316150451236 426.4
4265 0.5476940400872519 426.5
4266 0.5477538307130675 426.6
4267 0.5478128742055066 426.7
4268 0.5478715714048393 426.8
4269 0.5479311617509227 426.9
4270 0.5479917304027869 427
4271 0.5480520410441774 427.1
4272 0.548113283405042 427.2
4273 0.5481748615283367 427.3
4274 0.5482374245304031 427.4
4275 0.5483000470447175 427.5
4276 0.5483612933235761 427.6
4277 0.5484205769386823 427.7
4278 0.5484808751628144 427.8
4279 0.5485422680538369 427.9
4280 0.54860412139209 428
4281 0.5486668467221648 428.1
4282 0.5487308216808809 428.2
4283 0.5487932462707479 428.3
4284 0.548857175845828 428.4
4285 0.5489228393109294 428.5
4286 0.5489907299430915 428.6
4287 0.5490608030712298 428.7
4288 0.5491335829204758 428.8
4289 0.549209351041707 428.9
4290 0.5492895212873645 429
4291 0.5493749669905661 429.1
4292 0.5494561439773327 429.2
4293 0.5495402048690479 429.3
4294 0.5496091042086797 429.4
4295 0.549673207990322 429.5
4296 0.5497323131535871 429.6
4297 0.5497927933899142 429.7
4298 0.5498547185610717 429.8
4299 0.5499171059318954 429.9
4300 0.5499777932442478 430
4301 0.5500368418310605 430.1
4302 0.5500925769743487 430.2
4303 0.5501470957412435 430.3
4304 0.5502025110615256 430.4
4305 0.5502590782326027 430.5
4306 0.5503169063959452 430.6
4307 0.5503809802157907 430.7
4308 0.5504469269465145 430.8
4309 0.550511241432255 430.9
4310 0.5505764238149478 431
4311 0.5506272088095909 431.1
4312 0.5506827521112497 431.2
4313 0.5507386590553397 431.3
4314 0.5507933729988271 431.4
4315 0.550849221491272 431.5
4316 0.5508997342485447 431.6
4317 0.5509501070517661 431.7
4318 0.5510007289959078 431.8
4319 0.5510510703544427 431.9
4320 0.5511027236752987 432
4321 0.5511547644641608 432.1
4322 0.5512039111424135 432.2
4323 0.5512531157644688 432.3
4324 0.5513022955753982 432.4
4325 0.5513510187086369 432.5
4326 0.5513995676474996 432.6
4327 0.5514462958557277 432.7
4328 0.5514919731833617 432.8
4329 0.5515364374798631 432.9
4330 0.551581387581316 433
4331 0.5516264166089775 433.1
4332 0.5516705989188811 433.2
4333 0.5517143608088841 433.3
4334 0.5517560718444637 433.4
4335 0.5517957535056734 433.5
4336 0.5518352048268276 433.6
4337 0.5518752340235543 433.7
4338 0.5519157126797752 433.8
4339 0.5519570828039505 433.9
4340 0.5519994006335343 434
4341 0.5520427346269096 434.1
4342 0.5520866655360539 434.2
4343 0.5521307949027271 434.3
4344 0.5521758030481033 434.4
4345 0.552222351353406 434.5
4346 0.5522703472344944 434.6
4347 0.5523195376811539 434.7
4348 0.55236940530731 434.8
4349 0.5524202873017299 434.9
4350 0.5524719079983524 435
4351 0.5525240850232186 435.1
4352 0.5525768641340676 435.2
4353 0.5526301656764145 435.3
4354 0.5526834878158944 435.4
4355 0.5527366257569299 435.5
4356 0.5527899246128775 435.6
4357 0.5528434828696588 435.7
4358 0.5528970444758863 435.8
4359 0.5529511165693121 435.9
4360 0.5530062444878303 436
4361 0.5530626497357835 436.1
4362 0.5531195809223163 436.2
4363 0.5531758933738126 436.3
4364 0.5532338911623804 436.4
4365 0.553293845505433 436.5
4366 0.5533554891034673 436.6
4367 0.5534183604271963 436.7
4368 0.553481659990725 436.8
4369 0.5535423016087951 436.9
4370 0.5536013320380525 437
4371 0.5536603780548739 437.1
4372 0.5537196053267345 437.2
4373 0.5537788284766704 437.3
4374 0.5538377725498616 437.4
4375 0.5538964077596603 437.5
4376 0.5539548783496737 437.6
4377 0.5540131356559784 437.7
4378 0.5540710095936013 437.8
4379 0.5541281159053065 437.9
4380 0.5541844880126209 438
4381 0.5542405571682119 438.1
4382 0.5542962364905489 438.2
4383 0.554351493554204 438.3
4384 0.5544050437121283 438.4
4385 0.5544577893494527 438.5
4386 0.5545101068174745 438.6
4387 0.5545617553033433 438.7
4388 0.5546124221489555 438.8
4389 0.5546634398449195 438.9
4390 0.5547150290447619 439
4391 0.5547671225171937 439.1
4392 0.5548190327011865 439.2
4393 0.5548708505615894 439.3
4394 0.5549223780884146 439.4
4395 0.5549727709308634 439.5
4396 0.5550236183983418 439.6
4397 0.5550749180509277 439.7
4398 0.5551266192780765 439.8
4399 0.5551787735397258 439.9
4400 0.5552310372481895 440
4401 0.555283814560443 440.1
4402 0.5553373142332886 440.2
4403 0.5553903160130809 440.3
4404 0.5554442430782529 440.4
4405 0.5554993962938504 440.5
4406 0.5555558423843825 440.6
4407 0.5556136316748725 440.7
4408 0.5556728532836197 440.8
4409 0.555733646148963 440.9
4410 0.5557961535086221 441
4411 0.555858795659804 441.1
4412 0.5559206035352992 441.2
4413 0.5559827824721002 441.3
4414 0.5560463933612928 441.4
4415 0.5561106871448657 441.5
4416 0.5561760523359391 441.6
4417 0.556242137783778 441.7
4418 0.5563091736753671 441.8
4419 0.5563776281459503 441.9
4420 0.5564474079217846 442
4421 0.5565175258389695 442.1
4422 0.5565868276778424 442.2
4423 0.5566570808677507 442.3
4424 0.5567281525914121 442.4
4425 0.5568000696689545 442.5
4426 0.5568739342329813 442.6
4427 0.5569491682288046 442.7
4428 0.5570245810929748 442.8
4429 0.5570962217031662 442.9
4430 0.5571662764715053 443
4431 0.5572354644005052 443.1
4432 0.5573051512546504 443.2
4433 0.5573736366671479 443.3
4434 0.5574419176861631 443.4
4435 0.5575114396792963 443.5
4436 0.5575840619286628 443.6
4437 0.5576593704638747 443.7
4438 0.5577369667089328 443.8
4439 0.557817839685264 443.9
4440 0.5578956572216478 444
4441 0.5579696093583288 444.1
4442 0.5580391987562775 444.2
4443 0.558105415701617 444.3
4444 0.5581664764130114 444.4
4445 0.558227266496565 444.5
4446 0.5582948574724197 444.6
4447 0.5583670181641116 444.7
4448 0.5584343836979622 444.8
4449 0.5585032185187766 444.9
4450 0.5585768024190704 445
4451 0.5586482193704502 445.1
4452 0.5587179208979081 445.2
4453 0.5587780254421888 445.3
4454 0.5588336093741649 445.4
4455 0.5588917861160476 445.5
4456 0.5589497045216142 445.6
4457 0.5590086727630228 445.7
4458 0.5590693071007921 445.8
4459 0.5591306565423143 445.9
4460 0.5591910211668144 446
4461 0.5592494608670272 446.1
4462 0.5593090951686281 446.2
4463 0.5593687888924561 446.3
4464 0.5594291342053396 446.4
4465 0.5594901090400737 446.5
4466 0.5595518573612847 446.6
4467 0.5596139551482474 446.7
4468 0.5596765159855502 446.8
4469 0.5597395315136112 446.9
4470 0.5598029173938863 447
4471 0.5598665681651956 447.1
4472 0.559930315564147 447.2
4473 0.5599930284858931 447.3
4474 0.5600540897289361 447.4
4475 0.5601140278491573 447.5
4476 0.5601736722760552 447.6
4477 0.5602329820451679 447.7
4478 0.5602920929811107 447.8
4479 0.5603508406496781 447.9
4480 0.5604094419307192 448
4481 0.5604684088623861 448.1
4482 0.5605267315749942 448.2
4483 0.5605853308863984 448.3
4484 0.560644530426991 448.4
4485 0.5607051334575659 448.5
4486 0.560765855977741 448.6
4487 0.5608283132289865 448.7
4488 0.5608918867506115 448.8
4489 0.5609545050501479 448.9
4490 0.5610161823216464 449
4491 0.5610763092708958 449.1
4492 0.5611340407297666 449.2
4493 0.5611910799332249 449.3
4494 0.5612489069461841 449.4
4495 0.561307582551792 449.5
4496 0.5613669403709369 449.6
4497 0.5614267240882944 449.7
4498 0.5614871147726443 449.8
4499 0.5615479872215665 449.9
4500 0.5616114561783876 450
4501 0.5616780171106536 450.1
4502 0.5617472578380969 450.2
4503 0.5618153960383643 450.3
4504 0.5618816902337127 450.4
4505 0.5619432706731351 450.5
4506 0.5620085394370016 450.6
4507 0.5620756061673954 450.7
4508 0.5621427237025524 450.8
4509 0.5622079062004143 450.9
4510 0.562274284045281 451
4511 0.5623374796131534 451.1
4512 0.5623990508840137 451.2
4513 0.5624600666675593 451.3
4514 0.5625225811227101 451.4
4515 0.5625865385287073 451.5
4516 0.5626505315184982 451.6
4517 0.5627158587187705 451.7
4518 0.5627820398726677 451.8
4519 0.5628491353587268 451.9
4520 0.5629177418911863 452
4521 0.5629877344642953 452.1
4522 0.5630584085310368 452.2
4523 0.563129815278186 452.3
4524 0.5632014585373047 452.4
4525 0.5632712836262312 452.5
4526 0.5633415733111115 452.6
4527 0.56341258612226 452.7
4528 0.563483208592288 452.8
4529 0.5635543325960701 452.9
4530 0.5636262535431804 453
4531 0.5636973981789277 453.1
4532 0.5637676636017532 453.2
4533 0.5638384397045726 453.3
4534 0.5639099079358162 453.4
4535 0.5639818664705559 453.5
4536 0.5640539309794519 453.6
4537 0.5641256928787672 453.7
4538 0.5641968215566859 453.8
4539 0.5642667148430485 453.9
4540 0.5643346160478485 454
4541 0.5644010335896061 454.1
4542 0.5644660299075874 454.2
4543 0.5645296544487243 454.3
4544 0.5645938364605768 454.4
4545 0.5646576973801564 454.5
4546 0.5647221331840776 454.6
4547 0.5647869186524863 454.7
4548 0.56485198149288 454.8
4549 0.5649169841251021 454.9
4550 0.5649829192228324 455
4551 0.5650496698287091 455.1
4552 0.5651160736693467 455.2
4553 0.5651829259501412 455.3
4554 0.565250459932926 455.4
4555 0.5653181814959675 455.5
4556 0.5653861139316246 455.6
4557 0.5654536990945234 455.7
4558 0.5655215767577398 455.8
4559 0.5655888651149975 455.9
4560 0.5656567235199466 456
4561 0.565725296135527 456.1
4562 0.5657948706331655 456.2
4563 0.5658645208159078 456.3
4564 0.5659348100462931 456.4
4565 0.5660064078593378 456.5
4566 0.5660771691495476 456.6
4567 0.5661474588571049 456.7
4568 0.5662169107894095 456.8
4569 0.5662865635375163 456.9
4570 0.5663559021936162 457
4571 0.5664255197989219 457.1
4572 0.5664955022489776 457.2
4573 0.5665661294315071 457.3
4574 0.5666368941032974 457.4
4575 0.5667079426456757 457.5
4576 0.5667793595044142 457.6
4577 0.5668507954548612 457.7
4578 0.5669221981703295 457.8
4579 0.5669931100063056 457.9
4580 0.5670643426162639 458
4581 0.5671357026978687 458.1
4582 0.5672071192216369 458.2
4583 0.5672787471628908 458.3
4584 0.5673504264269698 458.4
4585 0.5674200668827354 458.5
4586 0.567489050189282 458.6
4587 0.5675596216627076 458.7
4588 0.567631144108891 458.8
4589 0.5677042251830443 458.9
4590 0.5677806275145529 459
4591 0.5678581625563225 459.1
4592 0.5679376454400951 459.2
4593 0.5680068670127011 459.3
4594 0.5680668119511981 459.4
4595 0.5681315203401553 459.5
4596 0.5682036668429099 459.6
4597 0.5682814429470658 459.7
4598 0.568350687570967 459.8
4599 0.5684283976927796 459.9
4600 0.5685026005629025 460
4601 0.568569004441917 460.1
4602 0.5686363823023515 460.2
4603 0.5687120800043189 460.3
4604 0.5687922333505404 460.4
4605 0.5688683902062148 460.5
4606 0.5689407833171874 460.6
4607 0.5690134228130708 460.7
4608 0.5690842803186286 460.8
4609 0.5691545773872336 460.9
4610 0.5692246364130545 461
4611 0.5692946476196921 461.1
4612 0.5693644931017438 461.2
4613 0.5694321658806936 461.3
4614 0.5695001946756867 461.4
4615 0.5695676043452547 461.5
4616 0.5696333869324482 461.6
4617 0.5696990889673127 461.7
4618 0.5697668947067154 461.8
4619 0.5698380384263846 461.9
4620 0.5699092742299084 462
4621 0.5699799583542449 462.1
4622 0.5700524166782664 462.2
4623 0.5701201543671512 462.3
4624 0.5701783240921847 462.4
4625 0.57023364410559 462.5
4626 0.5702919367779251 462.6
4627 0.5703508662511928 462.7
4628 0.5704090738746934 462.8
4629 0.5704684828269295 462.9
4630 0.5705259055799421 463
4631 0.5705821613801286 463.1
4632 0.5706376085444216 463.2
4633 0.5706917087526042 463.3
4634 0.5707453060989569 463.4
4635 0.5707992201479491 463.5
4636 0.5708537327592795 463.6
4637 0.5709087778010459 463.7
4638 0.5709644917076684 463.8
4639 0.5710200228590216 463.9
4640 0.5710766108179106 464
4641 0.5711333956468657 464.1
4642 0.5711902449703349 464.2
4643 0.5712469676913103 464.3
4644 0.571303083135636 464.4
4645 0.5713587811606022 464.5
4646 0.5714126603217575 464.6
4647 0.5714662262324665 464.7
4648 0.571520595520001 464.8
4649 0.5715752049983215 464.9
4650 0.5716304107179035 465
4651 0.571687686052083 465.1
4652 0.5717459683442166 465.2
4653 0.5718068662713205 465.3
4654 0.5718708088171223 465.4
4655 0.571936585395473 465.5
4656 0.5720033078897866 465.6
4657 0.5720708430382611 465.7
4658 0.5721399530160465 465.8
4659 0.572206887969797 465.9
4660 0.572271826568684 466
4661 0.572337151798867 466.1
4662 0.5724016201025696 466.2
4663 0.572467330829714 466.3
4664 0.5725339183913239 466.4
4665 0.5726001462108145 466.5
4666 0.5726668366923174 466.6
4667 0.5727347111057911 466.7
4668 0.5728025483814445 466.8
4669 0.5728720170062886 466.9
4670 0.572942789472352 467
4671 0.5730136194162623 467.1
4672 0.5730837491838999 467.2
4673 0.5731535506019737 467.3
4674 0.5732230078424272 467.4
4675 0.5732881644816076 467.5
4676 0.5733533623092756 467.6
4677 0.5734194363450148 467.7
4678 0.5734859921146517 467.8
4679 0.5735537451397356 467.9
4680 0.5736220129629175 468
4681 0.5736902847698144 468.1
4682 0.5737593136183817 468.2
4683 0.5738285608478618 468.3
4684 0.5738959135635602 468.4
4685 0.5739625476986235 468.5
4686 0.574026476076847 468.6
4687 0.5740913786847031 468.7
4688 0.5741565342443934 468.8
4689 0.5742214787054228 468.9
4690 0.5742873072827658 469
4691 0.5743526310836818 469.1
4692 0.5744192628910459 469.2
4693 0.574487657126914 469.3
4694 0.5745563171066069 469.4
4695 0.5746256498972954 469.5
4696 0.5746962899654321 469.6
4697 0.574766409048445 469.7
4698 0.5748375022769129 469.8
4699 0.5749094480690076 469.9
4700 0.5749808594237914 470
4701 0.5750525752809501 470.1
4702 0.5751246399703053 470.2
4703 0.5751967615032368 470.3
4704 0.5752658315421596 470.4
4705 0.5753349391057325 470.5
4706 0.5754041098475278 470.6
4707 0.5754732239886371 470.7
4708 0.5755404631599873 470.8
4709 0.5756072539534586 470.9
4710 0.5756755519780817 471
4711 0.5757466387749208 471.1
4712 0.5758183726067849 471.2
4713 0.5758880328497709 471.3
4714 0.5759564769896834 471.4
4715 0.5760256768668924 471.5
4716 0.5760960541665883 471.6
4717 0.5761676824394768 471.7
4718 0.5762395881238693 471.8
4719 0.5763109136422727 471.9
4720 0.5763836661517331 472
4721 0.5764582680407841 472.1
4722 0.5765337138382713 472.2
4723 0.5766095582400457 472.3
4724 0.5766830539497469 472.4
4725 0.5767561413723334 472.5
4726 0.5768269403580559 472.6
4727 0.5768968102018311 472.7
4728 0.5769654413786289 472.8
4729 0.577037297301933 472.9
4730 0.5771144336918345 473
4731 0.5771947072806451 473.1
4732 0.5772774648711386 473.2
4733 0.5773560975933518 473.3
4734 0.5774307157781646 473.4
4735 0.5774992486138876 473.5
4736 0.577571319423021 473.6
4737 0.5776465850693104 473.7
4738 0.5777213387104856 473.8
4739 0.5777955121524083 473.9
4740 0.5778741105982261 474
4741 0.5779565047889037 474.1
4742 0.5780404306806802 474.2
4743 0.5781332879684301 474.3
4744 0.578230555645995 474.4
4745 0.5783199690043407 474.5
4746 0.5783988768561845 474.6
4747 0.5784718625978332 474.7
4748 0.5785414080766258 474.8
4749 0.5786071888664105 474.9
4750 0.578674518973281 475
4751 0.5787399579874869 475.1
4752 0.5788018786465107 475.2
4753 0.5788630974072901 475.3
4754 0.578926499546223 475.4
4755 0.5789923923595958 475.5
4756 0.5790596220468024 475.6
4757 0.5791264462363085 475.7
4758 0.5791952151577007 475.8
4759 0.57926549507817 475.9
4760 0.5793366981429691 476
4761 0.5794090093945286 476.1
4762 0.5794827424171494 476.2
4763 0.5795561560155018 476.3
4764 0.5796299145372976 476.4
4765 0.5797023488555635 476.5
4766 0.5797749433381789 476.6
4767 0.5798459234949803 476.7
4768 0.5799158537748301 476.8
4769 0.5799836937077603 476.9
4770 0.5800512885320271 477
4771 0.5801185593324877 477.1
4772 0.5801846458836144 477.2
4773 0.5802483673704475 477.3
4774 0.5803092414633452 477.4
4775 0.5803689587683138 477.5
4776 0.5804284862230994 477.6
4777 0.5804886289244031 477.7
4778 0.5805496661240593 477.8
4779 0.5806110599781281 477.9
4780 0.5806710180115541 478
4781 0.5807309275097667 478.1
4782 0.5807916304244197 478.2
4783 0.5808498211518309 478.3
4784 0.5809090234856407 478.4
4785 0.580968760705692 478.5
4786 0.5810294662583395 478.6
4787 0.5810917580905067 478.7
4788 0.5811547988020834 478.8
4789 0.5812159206004138 478.9
4790 0.5812762256801228 479
4791 0.5813364282813162 479.1
4792 0.5813972936107654 479.2
4793 0.5814594139126977 479.3
4794 0.5815233245855432 479.4
4795 0.5815898706493178 479.5
4796 0.581658318871849 479.6
4797 0.5817291195507412 479.7
4798 0.5818023123870492 479.8
4799 0.581877764264752 479.9
4800 0.5819543960437752 480
4801 0.5820326061297799 480.1
4802 0.5821116473825534 480.2
4803 0.5821916930011616 480.3
4804 0.582272411994168 480.4
4805 0.5823528517081387 480.5
4806 0.5824328101198774 480.6
4807 0.5825133573835798 480.7
4808 0.5825942317428239 480.8
4809 0.5826742798316411 480.9
4810 0.5827526885207986 481
4811 0.5828300549241889 481.1
4812 0.5829062785061201 481.2
4813 0.5829812435978772 481.3
4814 0.5830544838664142 481.4
4815 0.583126748240142 481.5
4816 0.5831974807319302 481.6
4817 0.5832684382528888 481.7
4818 0.5833398422166346 481.8
4819 0.5834069532721606 481.9
4820 0.5834733270429303 482
4821 0.5835434368228891 482.1
4822 0.583616568898492 482.2
4823 0.5836913085991451 482.3
4824 0.583765881567291 482.4
4825 0.5838370706255812 482.5
4826 0.5839003303317367 482.6
4827 0.5839628324784949 482.7
4828 0.5840260582200985 482.8
4829 0.5840922983212203 482.9
4830 0.5841601192588273 483
4831 0.5842246549716086 483.1
4832 0.5842879256639207 483.2
4833 0.5843539935182256 483.3
4834 0.5844226467534973 483.4
4835 0.5844939769417432 483.5
4836 0.5845654198486581 483.6
4837 0.5846380188090495 483.7
4838 0.5847110766702498 483.8
4839 0.5847851089942172 483.9
4840 0.5848605199578539 484
4841 0.5849370400794596 484.1
4842 0.5850148505517765 484.2
4843 0.5850929090377389 484.3
4844 0.585172033226483 484.4
4845 0.5852523954557779 484.5
4846 0.5853307924863164 484.6
4847 0.5854089733614559 484.7
4848 0.58548727326338 484.8
4849 0.5855649254116478 484.9
4850 0.5856422404811628 485
4851 0.5857199395334609 485.1
4852 0.5857981851428736 485.2
4853 0.5858760580884004 485.3
4854 0.5859535032457215 485.4
4855 0.5860304765109963 485.5
4856 0.5861079805206076 485.6
4857 0.5861848264665623 485.7
4858 0.5862606215911591 485.8
4859 0.5863359642377061 485.9
4860 0.5864105253860482 486
4861 0.5864830180419427 486.1
4862 0.5865530918558516 486.2
4863 0.5866209017445283 486.3
4864 0.586688268111761 486.4
4865 0.5867555026007848 486.5
4866 0.5868236917262539 486.6
4867 0.5868925461603238 486.7
4868 0.586961888228971 486.8
4869 0.587032678618552 486.9
4870 0.5871047010662241 487
4871 0.5871760355724337 487.1
4872 0.5872458679376631 487.2
4873 0.5873162747169759 487.3
4874 0.5873876390201717 487.4
4875 0.5874591076902244 487.5
4876 0.5875307307781751 487.6
4877 0.5876025824072649 487.7
4878 0.5876741953983768 487.8
4879 0.5877477141714622 487.9
4880 0.5878253713603794 488
4881 0.5879074021672646 488.1
4882 0.5879870358269425 488.2
4883 0.5880730581875663 488.3
4884 0.5881672628485715 488.4
4885 0.5882629067572744 488.5
4886 0.5883548996469545 488.6
4887 0.5884427342893627 488.7
4888 0.5885266291097242 488.8
4889 0.5886071360129114 488.9
4890 0.5886853800136578 489
4891 0.588761749205596 489.1
4892 0.5888393490705607 489.2
4893 0.5889184008278247 489.3
4894 0.5890003934717974 489.4
4895 0.5890855810882283 489.5
4896 0.5891729908347514 489.6
4897 0.5892593532269729 489.7
4898 0.5893516773619999 489.8
4899 0.5894372958915446 489.9
4900 0.5895212439315541 490
4901 0.5895932629376144 490.1
4902 0.5896618505569747 490.2
4903 0.5897336007105805 490.3
4904 0.58980111466232 490.4
4905 0.5898678608729497 490.5
4906 0.5899348064622784 490.6
4907 0.5899987865598075 490.7
4908 0.5900616454146417 490.8
4909 0.5901252553384889 490.9
4910 0.590188937815555 491
4911 0.5902530997511034 491.1
4912 0.5903168633144912 491.2
4913 0.5903813335223158 491.3
4914 0.5904439099653657 491.4
4915 0.5905069152203374 491.5
4916 0.5905707350159685 491.6
4917 0.5906348274640254 491.7
4918 0.5906990365660002 491.8
4919 0.5907639362144215 491.9
4920 0.5908294207064485 492
4921 0.5908953603772654 492.1
4922 0.5909616367805335 492.2
4923 0.5910275020490329 492.3
4924 0.5910920176384803 492.4
4925 0.5911535368454374 492.5
4926 0.5912143764131292 492.6
4927 0.5912741988950644 492.7
4928 0.5913324433155084 492.8
4929 0.5913910524632358 492.9
4930 0.5914497390907857 493
4931 0.5915089750216597 493.1
4932 0.5915698700946347 493.2
4933 0.5916323658017087 493.3
4934 0.5916956608197504 493.4
4935 0.5917602188962995 493.5
4936 0.5918258886884378 493.6
4937 0.5918925609694333 493.7
4938 0.5919603781349101 493.8
4939 0.5920285146778596 493.9
4940 0.5920976464601235 494
4941 0.5921672528777764 494.1
4942 0.5922382084247334 494.2
4943 0.5923099960681781 494.3
4944 0.5923828783275842 494.4
4945 0.592456497188359 494.5
4946 0.5925304115925037 494.6
4947 0.5926035804714631 494.7
4948 0.5926746683883078 494.8
4949 0.5927444682754557 494.9
4950 0.5928134866934788 495
4951 0.5928822520234684 495.1
4952 0.5929506541455705 495.2
4953 0.5930176798591226 495.3
4954 0.5930832164122919 495.4
4955 0.5931484728240261 495.5
4956 0.5932131890406341 495.6
4957 0.5932777555529721 495.7
4958 0.5933427912711167 495.8
4959 0.5934083521260541 495.9
4960 0.5934735003426871 496
4961 0.5935374979944571 496.1
4962 0.5936001780640753 496.2
4963 0.5936607642002444 496.3
4964 0.5937195253100608 496.4
4965 0.593777625308184 496.5
4966 0.5938360277322645 496.6
4967 0.593894947422721 496.7
4968 0.5939539593614026 496.8
4969 0.5940134678140421 496.9
4970 0.5940737846082417 497
4971 0.5941348900268277 497.1
4972 0.5941967693059085 497.2
4973 0.5942600042857576 497.3
4974 0.5943245669598216 497.4
4975 0.5943909006117205 497.5
4976 0.5944586836846076 497.6
4977 0.5945279751195093 497.7
4978 0.5945991585562809 497.8
4979 0.5946724838885475 497.9
4980 0.5947473625064781 498
4981 0.5948245061811869 498.1
4982 0.5949045983039015 498.2
4983 0.5949855259949047 498.3
4984 0.5950659396664528 498.4
4985 0.5951508774877319 498.5
4986 0.5952360987966696 498.6
4987 0.5953211914697071 498.7
4988 0.5954033416971729 498.8
4989 0.5954825230711168 498.9
4990 0.59556661743346 499
4991 0.5956545774694048 499.1
4992 0.5957416810762544 499.2
4993 0.5958258866240816 499.3
4994 0.5959102372863054 499.4
4995 0.5959926045315443 499.5
4996 0.5960728128638836 499.6
4997 0.5961474689682237 499.7
4998 0.5962183586115342 499.8
4999 0.5962877101084947 499.9
5000 0.5963574879870926 500
5001 0.5964266261177589 500.1
5002 0.5964946234843197 500.2
5003 0.5965619487115387 500.3
5004 0.596629330453382 500.4
5005 0.596697102685013 500.5
5006 0.5967653466810846 500.6
5007 0.596835320493026 500.7
5008 0.5969053325904671 500.8
5009 0.5969765977305332 500.9
5010 0.5970506298144929 501
5011 0.5971302943649225 501.1
5012 0.59721253658441 501.2
5013 0.5972960032102003 501.3
5014 0.5973759914198988 501.4
5015 0.5974502199354886 501.5
5016 0.5975253363268204 501.6
5017 0.5976044885490683 501.7
5018 0.5976817147468091 501.8
5019 0.5977600854055343 501.9
5020 0.5978365588934509 502
5021 0.5979112994144176 502.1
5022 0.5979874765296602 502.2
5023 0.598064624087047 502.3
5024 0.5981411109374855 502.4
5025 0.5982280278938782 502.5
5026 0.5983176429185298 502.6
5027 0.5984032511590157 502.7
5028 0.5984843850973965 502.8
5029 0.5985593730191626 502.9
5030 0.598624716906041 503
5031 0.598691554241779 503.1
5032 0.5987594369866684 503.2
5033 0.5988276879607189 503.3
5034 0.5988968866418373 503.4
5035 0.5989676583823643 503.5
5036 0.599040605523203 503.6
5037 0.5991154740390376 503.7
5038 0.5991913226436631 503.8
5039 0.5992666173537257 503.9
5040 0.5993406345627864 504
5041 0.5994157496189723 504.1
5042 0.5994918262051624 504.2
5043 0.5995687711153297 504.3
5044 0.5996464091009709 504.4
5045 0.5997256847664386 504.5
5046 0.5998068926326172 504.6
5047 0.5998915820910655 504.7
5048 0.599975692298699 504.8
5049 0.6000620795733415 504.9
5050 0.600153502749881 505
5051 0.6002439339502446 505.1
5052 0.6003304142271776 505.2
5053 0.6004042944614919 505.3
5054 0.6004660663894102 505.4
5055 0.6005272309629179 505.5
5056 0.600589033380191 505.6
5057 0.6006502009387995 505.7
5058 0.6007099812015866 505.8
5059 0.6007690861475048 505.9
5060 0.6008292662935176 506
5061 0.6008903191010936 506.1
5062 0.6009510320358606 506.2
5063 0.6010118793841263 506.3
5064 0.6010732766809952 506.4
5065 0.6011358110869447 506.5
5066 0.6011989362308731 506.6
5067 0.6012610800848863 506.7
5068 0.6013210227432069 506.8
5069 0.6013799155675632 506.9
5070 0.6014382222120596 507
5071 0.6014971258798759 507.1
5072 0.6015546895304267 507.2
5073 0.6016125070825163 507.3
5074 0.6016714957555934 507.4
5075 0.6017310771243163 507.5
5076 0.6017914445594748 507.6
5077 0.6018520613799428 507.7
5078 0.6019139796971269 507.8
5079 0.601976941800265 507.9
5080 0.602039038646378 508
5081 0.6021022562972377 508.1
5082 0.6021667556137913 508.2
5083 0.6022319929159373 508.3
5084 0.6022987655877596 508.4
5085 0.6023667210523266 508.5
5086 0.6024352363697744 508.6
5087 0.6025041921084296 508.7
5088 0.6025725438390132 508.8
5089 0.6026400865222803 508.9
5090 0.6027072922496288 509
5091 0.6027703322443786 509.1
5092 0.6028307362620029 509.2
5093 0.6028906347292341 509.3
5094 0.6029510326256122 509.4
5095 0.6030130248309704 509.5
5096 0.6030762753821769 509.6
5097 0.6031383453774672 509.7
5098 0.6032007638133098 509.8
5099 0.6032630172437241 509.9
5100 0.6033246897664666 510
5101 0.6033861590415887 510.1
5102 0.6034472392629593 510.2
5103 0.6035062789955087 510.3
5104 0.6035637044392864 510.4
5105 0.6036227093402111 510.5
5106 0.6036839122499127 510.6
5107 0.6037482274930047 510.7
5108 0.60381544847322 510.8
5109 0.6038847617783941 510.9
5110 0.6039560696812286 511
5111 0.6040291082026666 511.1
5112 0.6041031805470386 511.2
5113 0.6041771065512566 511.3
5114 0.6042503763852164 511.4
5115 0.604323115129047 511.5
5116 0.6043943982833788 511.6
5117 0.6044639354595382 511.7
5118 0.6045322969695466 511.8
5119 0.60460063448229 511.9
5120 0.6046693605041453 512
5121 0.6047385510829503 512.1
5122 0.6048072218173927 512.2
5123 0.6048760799061705 512.3000000000001
5124 0.604944798728164 512.4
5125 0.605013635434639 512.5
5126 0.6050815520895331 512.6
5127 0.6051485336832216 512.7
5128 0.6052151592434788 512.8000000000001
5129 0.6052810923389923 512.9
5130 0.6053479235082857 513
5131 0.6054161401682886 513.1
5132 0.605485999464208 513.2
5133 0.6055577373501485 513.3000000000001
5134 0.60563142640811 513.4
5135 0.6057067768791516 513.5
5136 0.6057842360445327 513.6
5137 0.6058629785741133 513.7
5138 0.6059439483879647 513.8000000000001
5139 0.6060251737052677 513.9
5140 0.6061069049601372 514
5141 0.6061896826235462 514.1
5142 0.6062727318651217 514.2
5143 0.6063539507766463 514.3000000000001
5144 0.6064355617388812 514.4
5145 0.6065172220753464 514.5
5146 0.6066002073227257 514.6
5147 0.606681601654428 514.7
5148 0.606763455030261 514.8000000000001
5149 0.6068477435320687 514.9
5150 0.6069333910078298 515
5151 0.6070164894803726 515.1
5152 0.6070953520104809 515.2
5153 0.6071749140099841 515.3000000000001
5154 0.6072534729234464 515.4
5155 0.6073324797034706 515.5
5156 0.6074112984398236 515.6
5157 0.6074905864558376 515.7
5158 0.6075699044275422 515.8000000000001
5159 0.6076478289403848 515.9
5160 0.6077262315342505 516
5161 0.6078047891986348 516.1
5162 0.6078834808058697 516.2
5163 0.6079621258108817 516.3000000000001
5164 0.6080378522800486 516.4
5165 0.6081119899187701 516.5
5166 0.608183185375481 516.6
5167 0.6082525430979306 516.7
5168 0.6083210183715558 516.8000000000001
5169 0.6083891152579108 516.9
5170 0.6084566760920975 517
5171 0.6085242640045978 517.1
5172 0.6085922397220141 517.2
5173 0.6086616990949102 517.3000000000001
5174 0.6087337921877607 517.4
5175 0.6088073316312667 517.5
5176 0.6088802546813238 517.6
5177 0.6089544605996109 517.7
5178 0.6090305018386003 517.8000000000001
5179 0.6091082074081203 517.9
5180 0.6091870746489993 518
5181 0.6092643622139163 518.1
5182 0.6093407281241677 518.2
5183 0.6094176403189898 518.3000000000001
5184 0.6094956476008352 518.4
5185 0.6095740570877568 518.5
5186 0.6096565444732589 518.6
5187 0.6097402530688033 518.7
5188 0.6098326375658912 518.8000000000001
5189 0.6099333844398585 518.9
5190 0.6100341824022955 519
5191 0.6101294557707735 519.1
5192 0.6102206552211996 519.2
5193 0.6103042236828525 519.3000000000001
5194 0.6103855880141786 519.4
5195 0.6104659564339981 519.5
5196 0.6105462812991836 519.6
5197 0.6106278500498007 519.7
5198 0.6107082033063412 519.8000000000001
5199 0.6107816314284127 519.9
5200 0.6108532291002311 520
5201 0.6109242621692089 520.1
5202 0.6109937541651699 520.2
5203 0.6110623484153322 520.3000000000001
5204 0.6111316215670578 520.4
5205 0.6112011466290775 520.5
5206 0.6112694083715108 520.6
5207 0.6113393142933474 520.7
5208 0.6114114993699085 520.8000000000001
5209 0.6114834668298603 520.9
5210 0.6115577829041895 521
5211 0.6116376429290089 521.1
5212 0.6117161010874427 521.2
5213 0.6117951347518314 521.3000000000001
5214 0.6118690708932705 521.4
5215 0.6119354510948228 521.5
5216 0.611997782462505 521.6
5217 0.6120630536173411 521.7
5218 0.6121312460818699 521.8000000000001
5219 0.6121991321084788 521.9
5220 0.612268727736239 522
5221 0.6123353643988598 522.1
5222 0.6124103284500272 522.2
5223 0.6124800740734966 522.3000000000001
5224 0.6125499959328006 522.4
5225 0.6126127123804851 522.5
5226 0.6126637510383375 522.6
5227 0.6127189772694516 522.7
5228 0.6127749247409313 522.8000000000001
5229 0.6128353365556574 522.9
5230 0.6128958524938308 523
5231 0.6129566309888651 523.1
5232 0.6130168447011849 523.2
5233 0.6130777144903562 523.3000000000001
5234 0.613140332135629 523.4
5235 0.6132058070594053 523.5
5236 0.6132737043022727 523.6
5237 0.6133438007546718 523.7
5238 0.6134127126156833 523.8000000000001
5239 0.6134831004090728 523.9
5240 0.6135554565089977 524
5241 0.6136275914596344 524.1
5242 0.6136997452681233 524.2
5243 0.61376881238253 524.3000000000001
5244 0.6138356919381258 524.4
5245 0.613902272632173 524.5
5246 0.6139693063653158 524.6
5247 0.6140358210127472 524.7
5248 0.6141029847183591 524.8000000000001
5249 0.6141689581559807 524.9
5250 0.6142338140237265 525
5251 0.6142993799634701 525.1
5252 0.6143649923197161 525.2
5253 0.6144287361987223 525.3000000000001
5254 0.6144923909240608 525.4
5255 0.6145548962197647 525.5
5256 0.6146157229553123 525.6
5257 0.6146765242598399 525.7
5258 0.6147375183526769 525.8000000000001
5259 0.614798861119331 525.9
5260 0.6148588924200745 526
5261 0.6149183115105386 526.1
5262 0.6149773435040113 526.2
5263 0.6150371729006595 526.3000000000001
5264 0.6150979767387966 526.4
5265 0.6151596175212494 526.5
5266 0.6152218718630789 526.6
5267 0.6152845622039353 526.7
5268 0.6153477910710147 526.8000000000001
5269 0.6154110164120502 526.9
5270 0.6154746030719014 527
5271 0.6155388966913461 527.1
5272 0.615604175802513 527.2
5273 0.6156695504662352 527.3000000000001
5274 0.6157350689861025 527.4
5275 0.6158016643388746 527.5
5276 0.6158685777676262 527.6
5277 0.6159366086943791 527.7
5278 0.6160077525114722 527.8000000000001
5279 0.6160823209586317 527.9
5280 0.6161606638950269 528
5281 0.6162401016378833 528.1
5282 0.6163221516596662 528.2
5283 0.6164018397780272 528.3000000000001
5284 0.6164759366238219 528.4
5285 0.6165437959482433 528.5
5286 0.6166104154816939 528.6
5287 0.6166824303217229 528.7
5288 0.6167579621371644 528.8000000000001
5289 0.6168306431766194 528.9
5290 0.616903635385869 529
5291 0.6169799039337454 529.1
5292 0.61705945314541 529.2
5293 0.6171396967392241 529.3000000000001
5294 0.6172213599508746 529.4
5295 0.6173035171473704 529.5
5296 0.6173873313624033 529.6
5297 0.617471185871679 529.7
5298 0.6175527166471222 529.8000000000001
5299 0.6176340781962619 529.9
5300 0.617716166970367 530
5301 0.6178030141157151 530.1
5302 0.6178889317112994 530.2
5303 0.6179805490203139 530.3000000000001
5304 0.6180710610253664 530.4
5305 0.6181545416781435 530.5
5306 0.6182264184816291 530.6
5307 0.6182947408189948 530.7
5308 0.6183654899036481 530.8000000000001
5309 0.618434425295499 530.9
5310 0.6185054070311876 531
5311 0.6185786099576652 531.1
5312 0.6186537005420378 531.2
5313 0.6187299931976951 531.3000000000001
5314 0.6188068537238172 531.4
5315 0.6188844917592531 531.5
5316 0.6189618483026098 531.6
5317 0.619038039237862 531.7
5318 0.6191140046864511 531.8000000000001
5319 0.6191890760413545 531.9
5320 0.6192631532920887 532
5321 0.6193352844228528 532.1
5322 0.6194025349519935 532.2
5323 0.6194670786972154 532.3000000000001
5324 0.6195315111935371 532.4
5325 0.6195957532184391 532.5
5326 0.6196600755700375 532.6
5327 0.6197244374342958 532.7
5328 0.6197910448369193 532.8000000000001
5329 0.6198596500837084 532.9
5330 0.6199306670314567 533
5331 0.6200035924095088 533.1
5332 0.6200788384094191 533.2
5333 0.6201571112021862 533.3000000000001
5334 0.6202383991296623 533.4
5335 0.6203199418129828 533.5
5336 0.620401477242964 533.6
5337 0.6204814032169051 533.7
5338 0.6205611337168147 533.8000000000001
5339 0.6206388950123661 533.9
5340 0.620715542511818 534
5341 0.6207925334509888 534.1
5342 0.6208685575021012 534.2
5343 0.6209414877277265 534.3000000000001
5344 0.6210146130339482 534.4
5345 0.6210885384544863 534.5
5346 0.6211619814379556 534.6
5347 0.621236151991625 534.7
5348 0.6213115271571082 534.8000000000001
5349 0.6213881300323487 534.9
5350 0.6214641142151379 535
5351 0.6215397913084536 535.1
5352 0.6216154003304895 535.2
5353 0.621690630795157 535.3000000000001
5354 0.621764918190438 535.4
5355 0.6218375350525891 535.5
5356 0.6219094312954154 535.6
5357 0.6219765721335087 535.7
5358 0.6220404581222382 535.8000000000001
5359 0.6221014746117901 535.9
5360 0.6221625228811837 536
5361 0.6222242554739585 536.1
5362 0.6222859127542179 536.2
5363 0.6223488178652711 536.3000000000001
5364 0.6224158119821432 536.4
5365 0.6224811364579345 536.5
5366 0.6225496255000496 536.6
5367 0.6226188138529315 536.7
5368 0.622689164001396 536.8000000000001
5369 0.6227575846294954 536.9
5370 0.6228201959064843 537
5371 0.6228712982530883 537.1
5372 0.622911208313373 537.2
5373 0.6229532066286774 537.3000000000001
5374 0.6229987402034973 537.4
5375 0.6230440624611662 537.5
5376 0.6230908319000579 537.6
5377 0.6231367762314757 537.7
5378 0.6231843490288238 537.8000000000001
5379 0.6232348352521555 537.9
5380 0.6232890718723426 538
5381 0.6233472127872066 538.1
5382 0.6234086137954186 538.2
5383 0.6234734284368023 538.3000000000001
5384 0.6235385989732827 538.4
5385 0.6236062549106643 538.5
5386 0.6236755976063058 538.6
5387 0.6237457784195005 538.7
5388 0.6238168016372847 538.8000000000001
5389 0.6238885315102561 538.9
5390 0.6239595293036366 539
5391 0.6240300131094094 539.1
5392 0.6241010711329441 539.2
5393 0.6241715114696367 539.3000000000001
5394 0.624243009482247 539.4
5395 0.6243152979120036 539.5
5396 0.6243892111087027 539.6
5397 0.6244637453070382 539.7
5398 0.6245403390224478 539.8000000000001
5399 0.624615086274238 539.9
5400 0.6246862530573931 540
5401 0.6247578858437836 540.1
5402 0.6248317959623156 540.2
5403 0.6249080124198113 540.3000000000001
5404 0.6249862143446392 540.4
5405 0.6250646189893467 540.5
5406 0.625139436646316 540.6
5407 0.6252131443254437 540.7
5408 0.6252856367805333 540.8000000000001
5409 0.6253573355220593 540.9
5410 0.6254289525417501 541
5411 0.6255012299527468 541.1
5412 0.6255724035972093 541.2
5413 0.6256412277677034 541.3000000000001
5414 0.6257100817080986 541.4
5415 0.6257747771651794 541.5
5416 0.6258387093106907 541.6
5417 0.6259057169981795 541.7
5418 0.6259756935128387 541.8000000000001
5419 0.6260471044848187 541.9
5420 0.6261196691385679 542
5421 0.6261933701528299 542.1
5422 0.6262613004905362 542.2
5423 0.6263273917351897 542.3000000000001
5424 0.6263910331721753 542.4
5425 0.6264537152781603 542.5
5426 0.6265157608210782 542.6
5427 0.626578031855375 542.7
5428 0.6266422147920699 542.8000000000001
5429 0.6267089033586561 542.9
5430 0.6267802631027296 543
5431 0.6268518795535013 543.1
5432 0.6269219699093118 543.2
5433 0.6269980037430272 543.3000000000001
5434 0.6270684819170295 543.4
5435 0.6271327356148467 543.5
5436 0.62718360797843 543.6
5437 0.6272354340150259 543.7
5438 0.6272905924377102 543.8000000000001
5439 0.6273503964051124 543.9
5440 0.6274151876124174 544
5441 0.6274807896310119 544.1
5442 0.6275500479569198 544.2
5443 0.6276197541009289 544.3000000000001
5444 0.6276962813615425 544.4
5445 0.6277704483786776 544.5
5446 0.6278447219713159 544.6
5447 0.6279162339868479 544.7
5448 0.6279831707596287 544.8000000000001
5449 0.6280422290006346 544.9
5450 0.6280944531773831 545
5451 0.6281499229886112 545.1
5452 0.6282084486175514 545.2
5453 0.6282699649922689 545.3000000000001
5454 0.6283330710754562 545.4
5455 0.628395160086805 545.5
5456 0.628458050006716 545.6
5457 0.6285209632047852 545.7
5458 0.6285843692118531 545.8000000000001
5459 0.6286474437668094 545.9
5460 0.6287122990745007 546
5461 0.6287791870297319 546.1
5462 0.6288481630240391 546.2
5463 0.6289173823745066 546.3000000000001
5464 0.6289846290635552 546.4
5465 0.6290509402465552 546.5
5466 0.6291160964735368 546.6
5467 0.629180337834695 546.7
5468 0.6292429463784812 546.8000000000001
5469 0.6293041894159825 546.9
5470 0.6293654042526656 547
5471 0.6294240784507977 547.1
5472 0.6294823422265255 547.2
5473 0.629541841675639 547.3000000000001
5474 0.6296025224525222 547.4
5475 0.6296639216567651 547.5
5476 0.6297259729018123 547.6
5477 0.6297892975077228 547.7
5478 0.6298538163517176 547.8000000000001
5479 0.6299190768022912 547.9
5480 0.6299852617052607 548
5481 0.6300524118580015 548.1
5482 0.6301175112961189 548.2
5483 0.6301829941803898 548.3000000000001
5484 0.6302479029519027 548.4
5485 0.6303139444342644 548.5
5486 0.6303806794596576 548.6
5487 0.6304478244690392 548.7
5488 0.6305138765473635 548.8000000000001
5489 0.6305795364517786 548.9
5490 0.6306457258820541 549
5491 0.6307117395639632 549.1
5492 0.6307771028178208 549.2
5493 0.6308435318306255 549.3000000000001
5494 0.6309114544702225 549.4
5495 0.6309810845370238 549.5
5496 0.6310532366470539 549.6
5497 0.6311272700912947 549.7
5498 0.6312034521686696 549.8000000000001
5499 0.6312801122474927 549.9
5500 0.6313588199851831 550
5501 0.6314388828252591 550.1
5502 0.6315189582275543 550.2
5503 0.631598066912242 550.3000000000001
5504 0.6316745624020588 550.4
5505 0.6317496611532437 550.5
5506 0.6318235836991 550.6
5507 0.6318965569512454 550.7
5508 0.631968252822641 550.8000000000001
5509 0.6320395558868339 550.9
5510 0.632111734883954 551
5511 0.6321851785745902 551.1
5512 0.6322584586684112 551.2
5513 0.6323320756380986 551.3000000000001
5514 0.6324069146209162 551.4
5515 0.6324829803162277 551.5
5516 0.6325598189152991 551.6
5517 0.6326367537595929 551.7
5518 0.6327132462888154 551.8000000000001
5519 0.6327881394437742 551.9
5520 0.6328611623496754 552
5521 0.6329313549348433 552.1
5522 0.6329998185672913 552.2
5523 0.6330652643910052 552.3000000000001
5524 0.6331317412382367 552.4
5525 0.6332002689645155 552.5
5526 0.6332709045017243 552.6
5527 0.6333438321280326 552.7
5528 0.6334187842377148 552.8000000000001
5529 0.6334953064201246 552.9
5530 0.6335732746181407 553
5531 0.633652551909602 553.1
5532 0.6337332994210712 553.2
5533 0.6338151864924777 553.3000000000001
5534 0.6338966364573707 553.4
5535 0.6339796825512255 553.5
5536 0.6340653881996525 553.6
5537 0.6341531859122036 553.7
5538 0.6342424476829329 553.8000000000001
5539 0.6343318914980859 553.9
5540 0.6344210776663202 554
5541 0.6345108604130709 554.1
5542 0.634600893840581 554.2
5543 0.6346887089477538 554.3000000000001
5544 0.6347756379140496 554.4
5545 0.6348612738829056 554.5
5546 0.6349481563658977 554.6
5547 0.6350377025536714 554.7
5548 0.6351322001804578 554.8000000000001
5549 0.6352252887976203 554.9
5550 0.6353235265597645 555
5551 0.6354230264388774 555.1
5552 0.635519583513975 555.2
5553 0.6356091382504083 555.3000000000001
5554 0.6356903966422578 555.4
5555 0.6357602089804913 555.5
5556 0.6358261758854233 555.6
5557 0.6358978366373188 555.7
5558 0.6359782665917557 555.8000000000001
5559 0.6360650757785621 555.9
5560 0.6361477249061525 556
5561 0.6362337694273235 556.1
5562 0.6363171921582175 556.2
5563 0.6363967609655061 556.3000000000001
5564 0.6364639856061198 556.4
5565 0.6365303031049457 556.5
5566 0.6365982505659908 556.6
5567 0.6366676402138803 556.7
5568 0.636737876236931 556.8000000000001
5569 0.6368070656140676 556.9
5570 0.6368746784492445 557
5571 0.6369412597088658 557.1
5572 0.6370076828980636 557.2
5573 0.6370735723377622 557.3000000000001
5574 0.6371381510202279 557.4
5575 0.6372023778201277 557.5
5576 0.6372667849862852 557.6
5577 0.6373320113289076 557.7
5578 0.637397678992969 557.8000000000001
5579 0.6374629376144667 557.9
5580 0.6375283341051275 558
5581 0.6375962652661642 558.1
5582 0.6376640278266227 558.2
5583 0.6377320822537694 558.3000000000001
5584 0.6377992405708657 558.4
5585 0.6378631321598354 558.5
5586 0.6379200996018193 558.6
5587 0.6379758791861864 558.7
5588 0.6380357095850092 558.8000000000001
5589 0.6380967777861519 558.9
5590 0.6381590048060034 559
5591 0.6382228746337639 559.1
5592 0.6382873383411731 559.2
5593 0.6383492553142992 559.3000000000001
5594 0.6384108630708953 559.4
5595 0.6384739863581332 559.5
5596 0.6385377818789987 559.6
5597 0.6386014961171266 559.7
5598 0.6386669272630995 559.8000000000001
5599 0.6387349409720884 559.9
5600 0.6388052192103968 560
5601 0.6388772355681847 560.1
5602 0.6389505358235507 560.2
5603 0.6390239830051058 560.3000000000001
5604 0.6390968933182691 560.4
5605 0.6391694218878639 560.5
5606 0.6392405031327836 560.6
5607 0.639309539460165 560.7
5608 0.6393792239237976 560.8000000000001
5609 0.6394491365903979 560.9
5610 0.6395186770599512 561
5611 0.6395901590019378 561.1
5612 0.6396634955233254 561.2
5613 0.6397383681350687 561.3000000000001
5614 0.6398136689053402 561.4
5615 0.6398890832622921 561.5
5616 0.6399619465657769 561.6
5617 0.6400316043330188 561.7
5618 0.6400993124806935 561.8000000000001
5619 0.6401638104071365 561.9
5620 0.6402274221025372 562
5621 0.6402899322679785 562.1
5622 0.640352087744106 562.2
5623 0.640414384829475 562.3000000000001
5624 0.6404776700049005 562.4
5625 0.6405409301559359 562.5
5626 0.6406038155757509 562.6
5627 0.6406657657350433 562.7
5628 0.6407272384238127 562.8000000000001
5629 0.6407881316367228 562.9
5630 0.6408489622617267 563
5631 0.6409091337724472 563.1
5632 0.6409680674738835 563.2
5633 0.6410269945116103 563.3000000000001
5634 0.641086690191731 563.4
5635 0.6411468474957545 563.5
5636 0.6412068395138154 563.6
5637 0.6412682062150884 563.7
5638 0.641331504376122 563.8000000000001
5639 0.6413972240952441 563.9
5640 0.6414642521197511 564
5641 0.641532118392193 564.1
5642 0.6416005855846296 564.2
5643 0.641669413792277 564.3000000000001
5644 0.6417370071002654 564.4
5645 0.6418033538235278 564.5
5646 0.6418679832282455 564.6
5647 0.6419307607142215 564.7
5648 0.6419915519250411 564.8000000000001
5649 0.6420510508588433 564.9
5650 0.6421114475052235 565
5651 0.6421731459989901 565.1
5652 0.6422369468472922 565.2
5653 0.6423020259696495 565.3000000000001
5654 0.6423691651155233 565.4
5655 0.6424383912784761 565.5
5656 0.6425083985597752 565.6
5657 0.6425789366707895 565.7
5658 0.6426486391698368 565.8000000000001
5659 0.6427181213954909 565.9
5660 0.6427876737232344 566
5661 0.6428573654809984 566.1
5662 0.642928790552368 566.2
5663 0.6430040283508284 566.3000000000001
5664 0.6430830178745648 566.4
5665 0.6431672989229257 566.5
5666 0.6432566734808033 566.6
5667 0.6433495675732501 566.7
5668 0.6434429044895136 566.8000000000001
5669 0.6435379503229114 566.9
5670 0.6436359876118701 567
5671 0.6437297245961174 567.1
5672 0.6438218797419076 567.2
5673 0.6439097696734404 567.3000000000001
5674 0.6439955547497889 567.4
5675 0.6440770118421634 567.5
5676 0.6441524893963261 567.6
5677 0.6442311709976976 567.7
5678 0.6443147753414069 567.8000000000001
5679 0.64440322621837 567.9
5680 0.6444955769005439 568
5681 0.6445903318898366 568.1
5682 0.6446793906891783 568.2
5683 0.6447664112250998 568.3000000000001
5684 0.6448529334134018 568.4
5685 0.644936440085176 568.5
5686 0.6450102127861939 568.6
5687 0.6450828958824186 568.7
5688 0.6451537873062828 568.8000000000001
5689 0.6452249473005265 568.9
5690 0.6452976288678453 569
5691 0.6453702618344322 569.1
5692 0.6454421841652082 569.2
5693 0.6455110563560952 569.3000000000001
5694 0.6455757177827253 569.4
5695 0.6456365754824241 569.5
5696 0.6456950539933203 569.6
5697 0.6457515474414539 569.7
5698 0.6458080236995727 569.8000000000001
5699 0.6458648023084175 569.9
5700 0.6459213407689004 570
5701 0.6459782073935582 570.1
5702 0.6460365108821525 570.2
5703 0.6460967623556986 570.3000000000001
5704 0.6461567394657467 570.4
5705 0.6462183087557459 570.5
5706 0.646281661009605 570.6
5707 0.6463459762031306 570.7
5708 0.6464109876827017 570.8000000000001
5709 0.646476869083304 570.9
5710 0.6465418844447091 571
5711 0.6466066332045228 571.1
5712 0.6466721996297444 571.2
5713 0.646738329046291 571.3000000000001
5714 0.6468047351713535 571.4
5715 0.6468700456795412 571.5
5716 0.6469370800946183 571.6
5717 0.6470055002510114 571.7
5718 0.6470763572690047 571.8000000000001
5719 0.6471498605831656 571.9
5720 0.6472231288786602 572
5721 0.6472980139935549 572.1
5722 0.6473759743563927 572.2
5723 0.6474515796292448 572.3000000000001
5724 0.6475228090625151 572.4
5725 0.6475874485244033 572.5
5726 0.6476471211000167 572.6
5727 0.6477007415431524 572.7
5728 0.6477520109399083 572.8000000000001
5729 0.6478042971568041 572.9
5730 0.64785911135899 573
5731 0.647916028518883 573.1
5732 0.6479749582974224 573.2
5733 0.6480356803857591 573.3000000000001
5734 0.6480926451905622 573.4
5735 0.6481504225223758 573.5
5736 0.6482085894615722 573.6
5737 0.6482664376495335 573.7
5738 0.6483225055218023 573.8000000000001
5739 0.6483771449555635 573.9
5740 0.6484300384898056 574
5741 0.6484822791924225 574.1
5742 0.6485344155328153 574.2
5743 0.6485851111431332 574.3000000000001
5744 0.6486351363097336 574.4
5745 0.6486850196342003 574.5
5746 0.6487339271271733 574.6
5747 0.6487826335442712 574.7
5748 0.6488308752122361 574.8000000000001
5749 0.6488792344870277 574.9
5750 0.6489274796509682 575
5751 0.6489761504844449 575.1
5752 0.6490252119911689 575.2
5753 0.6490748142082849 575.3000000000001
5754 0.649125227355613 575.4
5755 0.6491772433914007 575.5
5756 0.6492309166922506 575.6
5757 0.6492862673334147 575.7
5758 0.6493429908734729 575.8000000000001
5759 0.6494008566070444 575.9
5760 0.6494597142021471 576
5761 0.6495188917788083 576.1
5762 0.6495782912364177 576.2
5763 0.6496386215441292 576.3000000000001
5764 0.6496998624881556 576.4
5765 0.6497611354177667 576.5
5766 0.6498225207680655 576.6
5767 0.6498845197340863 576.7
5768 0.6499469114588257 576.8000000000001
5769 0.6500099151624749 576.9
5770 0.6500733662482071 577
5771 0.6501371790698355 577.1
5772 0.6502028638887177 577.2
5773 0.6502704892842325 577.3000000000001
5774 0.6503399333186916 577.4
5775 0.6504109005258769 577.5
5776 0.6504830915719249 577.6
5777 0.6505557854654974 577.7
5778 0.6506287590413536 577.8000000000001
5779 0.6506997344283798 577.9
5780 0.6507718841871155 578
5781 0.6508453489151647 578.1
5782 0.6509188996440143 578.2
5783 0.6509932452151388 578.3000000000001
5784 0.6510686496875089 578.4
5785 0.6511428738141558 578.5
5786 0.6512160221230667 578.6
5787 0.6512864340742656 578.7
5788 0.6513541732323912 578.8000000000001
5789 0.6514210556019611 578.9
5790 0.6514868304817525 579
5791 0.6515514958141086 579.1
5792 0.651615961089505 579.2
5793 0.6516788062475568 579.3000000000001
5794 0.6517359929299125 579.4
5795 0.6517911860059251 579.5
5796 0.6518460189853986 579.6
5797 0.6519013188095136 579.7
5798 0.6519571925243163 579.8000000000001
5799 0.6520145738991364 579.9
5800 0.6520736613049121 580
5801 0.6521340909494284 580.1
5802 0.6521955834896324 580.2
5803 0.652257458779408 580.3000000000001
5804 0.6523127939781498 580.4
5805 0.6523694612171025 580.5
5806 0.6524300615092181 580.6
5807 0.6524918646794413 580.7
5808 0.6525496115223481 580.8000000000001
5809 0.6526074960405049 580.9
5810 0.6526609214917612 581
5811 0.6527015146176239 581.1
5812 0.6527389001707142 581.2
5813 0.6527796847343601 581.3000000000001
5814 0.6528244325416204 581.4
5815 0.6528725009396064 581.5
5816 0.6529224319100023 581.6
5817 0.6529751440920122 581.7
5818 0.6530308659816604 581.8000000000001
5819 0.6530891348052128 581.9
5820 0.6531495197043824 582
5821 0.6532112125665303 582.1
5822 0.6532746909235161 582.2
5823 0.6533397275640693 582.3000000000001
5824 0.6534055957288679 582.4
5825 0.6534731958509746 582.5
5826 0.653542267300103 582.6
5827 0.6536127413421389 582.7
5828 0.6536839205316936 582.8000000000001
5829 0.6537555158823617 582.9
5830 0.6538260648284309 583
5831 0.6538948602052836 583.1
5832 0.6539621294304673 583.2
5833 0.6540283860923342 583.3000000000001
5834 0.6540944903290787 583.4
5835 0.6541596412158325 583.5
5836 0.6542249046946191 583.6
5837 0.6542899508592862 583.7
5838 0.6543549991555395 583.8000000000001
5839 0.6544199324165518 583.9
5840 0.6544841334174818 584
5841 0.6545481815911669 584.1
5842 0.6546122332750181 584.2
5843 0.6546749849901916 584.3000000000001
5844 0.6547367683624233 584.4
5845 0.6547976190985122 584.5
5846 0.6548575316493377 584.6
5847 0.6549168207137935 584.7
5848 0.6549746758378933 584.8000000000001
5849 0.6550311880179658 584.9
5850 0.6550877996257213 585
5851 0.6551445831386113 585.1
5852 0.6552015426549614 585.2
5853 0.6552591358698856 585.3000000000001
5854 0.6553173714328467 585.4
5855 0.6553733594797352 585.5
5856 0.6554281066440024 585.6
5857 0.655483209958985 585.7
5858 0.6555389125557443 585.8000000000001
5859 0.6555955319476352 585.9
5860 0.6556524674218233 586
5861 0.6557103118785331 586.1
5862 0.6557692327726308 586.2
5863 0.6558293341540687 586.3000000000001
5864 0.6558909853349624 586.4
5865 0.6559516485781951 586.5
5866 0.6560115778990312 586.6
5867 0.6560733421141191 586.7
5868 0.6561374970482517 586.8000000000001
5869 0.6562046474441354 586.9
5870 0.6562749608735984 587
5871 0.6563477180421977 587.1
5872 0.6564217887937803 587.2
5873 0.6564958481969229 587.3000000000001
5874 0.656568639610716 587.4
5875 0.6566359287510104 587.5
5876 0.6567015210692501 587.6
5877 0.6567666115907433 587.7
5878 0.6568329078853178 587.8000000000001
5879 0.6569013201799758 587.9
5880 0.6569719078348719 588
5881 0.6570440657258958 588.1
5882 0.6571184061817293 588.2
5883 0.6571955949048967 588.3000000000001
5884 0.6572726544176627 588.4
5885 0.6573473652223888 588.5
5886 0.6574190474286801 588.6
5887 0.6574901173122442 588.7
5888 0.6575577715379984 588.8000000000001
5889 0.6576292838778733 588.9
5890 0.657702278951404 589
5891 0.6577705019182348 589.1
5892 0.6578373644458919 589.2
5893 0.657903836014151 589.3000000000001
5894 0.6579664363337802 589.4
5895 0.6580282487584979 589.5
5896 0.6580904712349982 589.6
5897 0.6581507874623025 589.7
5898 0.6582111678416827 589.8000000000001
5899 0.6582734490561641 589.9
5900 0.6583364176393716 590
5901 0.6583984707567376 590.1
5902 0.6584611475806199 590.2
5903 0.6585237087812913 590.3000000000001
5904 0.6585871435392889 590.4
5905 0.6586522558970175 590.5
5906 0.6587174280299338 590.6
5907 0.6587847359433412 590.7
5908 0.6588535848870353 590.8000000000001
5909 0.6589234210402569 590.9
5910 0.6589942536060801 591
5911 0.6590656706964442 591.1
5912 0.6591377895211523 591.2
5913 0.6592096456559418 591.3000000000001
5914 0.6592802638279581 591.4
5915 0.6593520674198282 591.5
5916 0.6594250658867605 591.6
5917 0.6594982638312568 591.7
5918 0.6595729096426693 591.8000000000001
5919 0.6596465505756295 591.9
5920 0.6597176513923331 592
5921 0.6597922516065072 592.1
5922 0.6598586656446103 592.2
5923 0.6599206294753945 592.3000000000001
5924 0.6599826941289599 592.4
5925 0.6600447901313509 592.5
5926 0.6601061027177377 592.6
5927 0.660166403808492 592.7
5928 0.6602285336429041 592.8000000000001
5929 0.6602934205639487 592.9
5930 0.6603595813417331 593
5931 0.6604247444492112 593.1
5932 0.6604929370681669 593.2
5933 0.6605647915607096 593.3000000000001
5934 0.6606404988784215 593.4
5935 0.660714133942361 593.5
5936 0.6607888552363955 593.6
5937 0.660859831269644 593.7
5938 0.6609225652456465 593.8000000000001
5939 0.6609718200973804 593.9
5940 0.6610232127912363 594
5941 0.6610762676390337 594.1
5942 0.6611307903485903 594.2
5943 0.6611863176526966 594.3000000000001
5944 0.6612425276199085 594.4
5945 0.6612991375897374 594.5
5946 0.6613562871160188 594.6
5947 0.6614147134854578 594.7
5948 0.6614735790036784 594.8000000000001
5949 0.6615317179109124 594.9
5950 0.6615906748082279 595
5951 0.6616498186845785 595.1
5952 0.6617093495271391 595.2
5953 0.6617688632220212 595.3000000000001
5954 0.6618286522382686 595.4
5955 0.6618883496115964 595.5
5956 0.6619478597858071 595.6
5957 0.662006962161082 595.7
5958 0.6620656401012788 595.8000000000001
5959 0.6621232376529401 595.9
5960 0.6621792949719917 596
5961 0.6622347302598005 596.1
5962 0.6622900949905397 596.2
5963 0.6623454730042864 596.3000000000001
5964 0.6623999245962883 596.4
5965 0.6624538218736995 596.5
5966 0.6625077526695775 596.6
5967 0.6625618263084808 596.7
5968 0.6626164056319844 596.8000000000001
5969 0.6626715892791982 596.9
5970 0.6627271591860754 597
5971 0.6627832911294942 597.1
5972 0.6628387266961046 597.2
5973 0.6628940795702599 597.3000000000001
5974 0.6629500196743544 597.4
5975 0.6630058999664645 597.5
5976 0.6630606584081584 597.6
5977 0.6631159268886595 597.7
5978 0.6631719208076882 597.8000000000001
5979 0.6632289677017323 597.9
5980 0.6632870739842079 598
5981 0.6633461110782968 598.1
5982 0.6634058616343567 598.2
5983 0.6634658298664926 598.3000000000001
5984 0.6635247014768332 598.4
5985 0.66358232105246 598.5
5986 0.6636389581328164 598.6
5987 0.6636962646415614 598.7
5988 0.6637541396952684 598.8000000000001
5989 0.6638131427300845 598.9
5990 0.6638733837679143 599
5991 0.6639348271073398 599.1
5992 0.6639967530968313 599.2
5993 0.6640574944298495 599.3000000000001
5994 0.6641173293103378 599.4
5995 0.6641770257354699 599.5
5996 0.664237578274227 599.6
5997 0.6642999248071684 599.7
5998 0.6643639989507039 599.8000000000001
5999 0.6644292364393466 599.9
6000 0.6644947922326693 600
6001 0.6645562795370356 600.1
6002 0.6646177625870172 600.2
6003 0.6646794831425864 600.3000000000001
6004 0.6647415369630291 600.4
6005 0.6648025113185834 600.5
6006 0.6648636760128491 600.6
6007 0.6649250324372451 600.7
6008 0.6649866376338365 600.8000000000001
6009 0.6650484856770711 600.9
6010 0.6651102299227645 601
6011 0.6651725924926238 601.1
6012 0.6652353554306449 601.2
6013 0.6652989433938763 601.3000000000001
6014 0.6653632902240896 601.4
6015 0.6654285841807502 601.5
6016 0.6654950042131923 601.6
6017 0.665561288231416 601.7
6018 0.665625952542263 601.8000000000001
6019 0.6656890936055703 601.9
6020 0.6657518874671559 602
6021 0.6658133287865691 602.1
6022 0.6658725383805427 602.2
6023 0.6659286450229965 602.3000000000001
6024 0.665985325238043 602.4
6025 0.6660432734520291 602.5
6026 0.6661024398235649 602.6
6027 0.6661623149420828 602.7
6028 0.666223868644663 602.8000000000001
6029 0.666286221040108 602.9
6030 0.6663490749082902 603
6031 0.6664109369512109 603.1
6032 0.6664724803266976 603.2
6033 0.6665343016637209 603.3000000000001
6034 0.6665946275935968 603.4
6035 0.6666575221475084 603.5
6036 0.6667227867051053 603.6
6037 0.6667895868116698 603.7
6038 0.6668568123188142 603.8000000000001
6039 0.6669254664282273 603.9
6040 0.6669960595800692 604
6041 0.6670690003782463 604.1
6042 0.667143723090786 604.2
6043 0.6672190891992807 604.3000000000001
6044 0.6672935453312016 604.4
6045 0.6673692571012777 604.5
6046 0.6674458742447478 604.6
6047 0.6675246387318345 604.7
6048 0.6676070339736608 604.8000000000001
6049 0.6676883373328819 604.9
6050 0.6677721236575305 605
6051 0.6678568834159975 605.1
6052 0.6679383944803592 605.2
6053 0.6680110448585284 605.3000000000001
6054 0.6680656239707555 605.4
6055 0.6681178805019647 605.5
6056 0.6681717223035543 605.6
6057 0.6682273123040381 605.7
6058 0.668284840019057 605.8000000000001
6059 0.6683445216639798 605.9
6060 0.668405922834743 606
6061 0.668469055619369 606.1
6062 0.6685335488161291 606.2
6063 0.6685988060184366 606.3000000000001
6064 0.6686641704080374 606.4
6065 0.6687261662071809 606.5
6066 0.6687853853557194 606.6
6067 0.6688446345864342 606.7
6068 0.6689036558012508 606.8000000000001
6069 0.6689622818906823 606.9
6070 0.6690210164835706 607
6071 0.6690795520689743 607.1
6072 0.6691373224257178 607.2
6073 0.6691944503714883 607.3000000000001
6074 0.6692502319499614 607.4
6075 0.6693048360971312 607.5
6076 0.6693583195878283 607.6
6077 0.6694103464821117 607.7
6078 0.6694622041498797 607.8000000000001
6079 0.6695134483543418 607.9
6080 0.6695633896417088 608
6081 0.669614005571446 608.1
6082 0.6696655088565755 608.2
6083 0.6697169334177271 608.3000000000001
6084 0.6697686336017148 608.4
6085 0.6698213321103673 608.5
6086 0.6698754187733384 608.6
6087 0.6699310842803607 608.7
6088 0.669988211937696 608.8000000000001
6089 0.6700467179235482 608.9
6090 0.670106497992572 609
6091 0.6701673078765794 609.1
6092 0.6702292318410328 609.2
6093 0.6702919363608484 609.3000000000001
6094 0.6703558067056388 609.4
6095 0.670420127268052 609.5
6096 0.670483590121606 609.6
6097 0.6705467477380991 609.7
6098 0.6706112179122207 609.8000000000001
6099 0.6706754306638384 609.9
6100 0.6707408230223522 610
6101 0.6708069287383519 610.1
6102 0.6708727946923112 610.2
6103 0.6709382966386522 610.3000000000001
6104 0.6710032492263089 610.4
6105 0.6710691817335548 610.5
6106 0.6711364199168505 610.6
6107 0.6712051999615464 610.7
6108 0.6712748663338112 610.8000000000001
6109 0.6713458268696247 610.9
6110 0.671418175415008 611
6111 0.6714883318833472 611.1
6112 0.6715584239132328 611.2
6113 0.6716293315006041 611.3000000000001
6114 0.6717009664243887 611.4
6115 0.6717714512372299 611.5
6116 0.6718420291849452 611.6
6117 0.6719144756066227 611.7
6118 0.6719884297760037 611.8000000000001
6119 0.6720638279742348 611.9
6120 0.6721411986027406 612
6121 0.67221972451659 612.1
6122 0.6722988773019942 612.2
6123 0.6723769308709039 612.3000000000001
6124 0.6724501894930918 612.4
6125 0.672522140396219 612.5
6126 0.6725940805024508 612.6
6127 0.6726662681452165 612.7
6128 0.6727383750929444 612.8000000000001
6129 0.6728088853615635 612.9
6130 0.6728799787253934 613
6131 0.6729516455945439 613.1
6132 0.6730222286874824 613.2
6133 0.6730887082326128 613.3000000000001
6134 0.6731575333353075 613.4
6135 0.6732289919751488 613.5
6136 0.6732971927846793 613.6
6137 0.6733651064637544 613.7
6138 0.6734288183102556 613.8000000000001
6139 0.6734897590788691 613.9
6140 0.673549671174603 614
6141 0.6736100177206791 614.1
6142 0.6736734059439311 614.2
6143 0.6737375308308111 614.3000000000001
6144 0.6738032163105322 614.4000000000001
6145 0.673870372819254 614.5
6146 0.6739359143942808 614.6
6147 0.674001922058532 614.7
6148 0.6740689849955418 614.8000000000001
6149 0.6741362131489304 614.9000000000001
6150 0.6742032889691963 615
6151 0.6742694024712454 615.1
6152 0.674335152433627 615.2
6153 0.6744016696066913 615.3000000000001
6154 0.6744694200575108 615.4000000000001
6155 0.6745383801686858 615.5
6156 0.67460821034978 615.6
6157 0.6746785963328025 615.7
6158 0.6747489551683096 615.8000000000001
6159 0.6748205831692896 615.9000000000001
6160 0.6748926115450349 616
6161 0.6749668171079746 616.1
6162 0.675044287267122 616.2
6163 0.6751153543003982 616.3000000000001
6164 0.6751904364351984 616.4000000000001
6165 0.6752624582925801 616.5
6166 0.6753313084287225 616.6
6167 0.6753847417661153 616.7
6168 0.6754301694551312 616.8000000000001
6169 0.6754784448563766 616.9000000000001
6170 0.6755306957163172 617
6171 0.6755849182525484 617.1
6172 0.6756419269497898 617.2
6173 0.6757028015401811 617.3000000000001
6174 0.6757687552033484 617.4000000000001
6175 0.6758339451871803 617.5
6176 0.6758998016742567 617.6
6177 0.6759667814496888 617.7
6178 0.6760304495441651 617.8000000000001
6179 0.6760888510899624 617.9000000000001
6180 0.6761476611511913 618
6181 0.6762083552416303 618.1
6182 0.6762700562360417 618.2
6183 0.6763315185299873 618.3000000000001
6184 0.6763932297698017 618.4000000000001
6185 0.6764537620640936 618.5
6186 0.6765140746342019 618.6
6187 0.6765745294764114 618.7
6188 0.6766360332568202 618.8000000000001
6189 0.6766967416381001 618.9000000000001
6190 0.6767556894619031 619
6191 0.6768151712167815 619.1
6192 0.676875349738328 619.2
6193 0.6769359332962228 619.3000000000001
6194 0.6769963620531209 619.4000000000001
6195 0.6770575473680642 619.5
6196 0.6771197515423578 619.6
6197 0.6771816766879036 619.7
6198 0.6772446942016366 619.8000000000001
6199 0.6773088879790904 619.9000000000001
6200 0.6773737515913759 620
6201 0.6774346665925477 620.1
6202 0.6774952082286757 620.2
6203 0.6775554167855536 620.3000000000001
6204 0.6776155737993128 620.4000000000001
6205 0.6776762455880362 620.5
6206 0.6777374904073442 620.6
6207 0.6777999322091486 620.7
6208 0.6778634253535032 620.8000000000001
6209 0.6779203470367922 620.9000000000001
6210 0.6779734734495492 621
6211 0.6780266642618716 621.1
6212 0.6780806673143566 621.2
6213 0.6781353498223274 621.3000000000001
6214 0.6781920129585639 621.4000000000001
6215 0.678251097865311 621.5
6216 0.6783126843528576 621.6
6217 0.6783762844241826 621.7
6218 0.6784388896211532 621.8000000000001
6219 0.6785008398947585 621.9000000000001
6220 0.6785638055533514 622
6221 0.6786279260889541 622.1
6222 0.6786927631519556 622.2
6223 0.6787586336381634 622.3000000000001
6224 0.6788256632228187 622.4000000000001
6225 0.6788939509912943 622.5
6226 0.6789624490207098 622.6
6227 0.6790311884837652 622.7
6228 0.6791010864232874 622.8000000000001
6229 0.6791685122136711 622.9000000000001
6230 0.6792335653231349 623
6231 0.6792970972212753 623.1
6232 0.6793615207586357 623.2
6233 0.6794263987472486 623.3000000000001
6234 0.6794917148440401 623.4000000000001
6235 0.679557965442089 623.5
6236 0.6796261455008892 623.6
6237 0.6796964283681399 623.7
6238 0.6797690619442283 623.8000000000001
6239 0.67984390571678 623.9000000000001
6240 0.6799198004186934 624
6241 0.6799936751023125 624.1
6242 0.6800594636146371 624.2
6243 0.6801243158452537 624.3000000000001
6244 0.6801880139936161 624.4000000000001
6245 0.680252322012853 624.5
6246 0.680317331349415 624.6
6247 0.6803839390587564 624.7
6248 0.6804534374432603 624.8000000000001
6249 0.6805258317908077 624.9000000000001
6250 0.6806002923023905 625
6251 0.6806749067388078 625.1
6252 0.6807476343584812 625.2
6253 0.6808141295247738 625.3000000000001
6254 0.6808779752665753 625.4000000000001
6255 0.6809412660452917 625.5
6256 0.6810051668239379 625.6
6257 0.6810699786119075 625.7
6258 0.6811353221096631 625.8000000000001
6259 0.6812006840470801 625.9000000000001
6260 0.6812655205195286 626
6261 0.6813316214212954 626.1
6262 0.6813997738508553 626.2
6263 0.6814703540165472 626.3000000000001
6264 0.6815425038391415 626.4000000000001
6265 0.6816151710304799 626.5
6266 0.6816847689034889 626.6
6267 0.6817528152326269 626.7
6268 0.681821075332301 626.8000000000001
6269 0.6818900352805743 626.9000000000001
6270 0.6819580139384441 627
6271 0.682026700540434 627.1
6272 0.6820957751197299 627.2
6273 0.6821667453604764 627.3000000000001
6274 0.6822400798873135 627.4000000000001
6275 0.6823159504307494 627.5
6276 0.6823956513894175 627.6
6277 0.6824756081377691 627.7
6278 0.6825621133015088 627.8000000000001
6279 0.6826434518688737 627.9000000000001
6280 0.6827223152557174 628
6281 0.6827825213218738 628.1
6282 0.6828335461793075 628.2
6283 0.6828824077625668 628.3000000000001
6284 0.6829324306879396 628.4000000000001
6285 0.6829826573133069 628.5
6286 0.6830322006149958 628.6
6287 0.6830822020606468 628.7
6288 0.6831338247961396 628.8000000000001
6289 0.6831878392367827 628.9000000000001
6290 0.6832426898062316 629
6291 0.6832986464349129 629.1
6292 0.6833561204672067 629.2
6293 0.6834153867967085 629.3000000000001
6294 0.6834752684574548 629.4000000000001
6295 0.6835347350591942 629.5
6296 0.6835958145755621 629.6
6297 0.683657791326861 629.7
6298 0.6837206203802749 629.8000000000001
6299 0.6837840695684356 629.9000000000001
6300 0.6838480204314992 630
6301 0.6839114979685446 630.1
6302 0.6839738649301857 630.2
6303 0.6840341279575913 630.3000000000001
6304 0.6840947188457934 630.4000000000001
6305 0.6841550162560017 630.5
6306 0.6842132504116526 630.6
6307 0.6842721418324385 630.7
6308 0.6843307552216169 630.8000000000001
6309 0.6843892037557889 630.9000000000001
6310 0.6844462851861173 631
6311 0.68450237380204 631.1
6312 0.6845575585674425 631.2
6313 0.6846115163637557 631.3000000000001
6314 0.6846645652297995 631.4000000000001
6315 0.6847167819493256 631.5
6316 0.6847669378975212 631.6
6317 0.6848165871511629 631.7
6318 0.6848668475728971 631.8000000000001
6319 0.6849179956192152 631.9000000000001
6320 0.6849702127746211 632
6321 0.6850233478450709 632.1
6322 0.6850778858312608 632.2
6323 0.6851337825541096 632.3000000000001
6324 0.6851910388652775 632.4000000000001
6325 0.6852489901302311 632.5
6326 0.6853056089765387 632.6
6327 0.6853626206877866 632.7
6328 0.6854202743358062 632.8000000000001
6329 0.6854782478745295 632.9000000000001
6330 0.6855355575225516 633
6331 0.6855939779082719 633.1
6332 0.6856539944233495 633.2
6333 0.6857161227573482 633.3000000000001
6334 0.6857795874535064 633.4000000000001
6335 0.6858451509712277 633.5
6336 0.6859127626442491 633.6
6337 0.6859832003262143 633.7
6338 0.6860561330790347 633.8000000000001
6339 0.6861309299584649 633.9000000000001
6340 0.6862053697156318 634
6341 0.686277407274666 634.1
6342 0.6863463252789628 634.2
6343 0.6864146352382439 634.3000000000001
6344 0.6864822297230204 634.4000000000001
6345 0.6865486216655327 634.5
6346 0.6866140027891907 634.6
6347 0.6866784835407147 634.7
6348 0.6867429130133467 634.8000000000001
6349 0.6868062753371725 634.9000000000001
6350 0.6868674899721253 635
6351 0.6869283726713673 635.1
6352 0.6869910073095049 635.2
6353 0.6870550766096469 635.3000000000001
6354 0.6871225942870787 635.4000000000001
6355 0.6871937155829322 635.5
6356 0.6872687674268905 635.6
6357 0.6873444061619594 635.7
6358 0.6874202695612288 635.8000000000001
6359 0.6874942869753489 635.9000000000001
6360 0.6875645024727491 636
6361 0.6876344956399253 636.1
6362 0.6877037768861195 636.2
6363 0.6877744938586897 636.3000000000001
6364 0.6878466457957327 636.4000000000001
6365 0.6879199527212833 636.5
6366 0.6879935961948935 636.6
6367 0.6880667714634662 636.7
6368 0.6881375592606086 636.8000000000001
6369 0.6882062484633219 636.9000000000001
6370 0.68827191649801 637
6371 0.6883380647314634 637.1
6372 0.6884054482387052 637.2
6373 0.6884740652526361 637.3000000000001
6374 0.6885433086417568 637.4000000000001
6375 0.6886126941540389 637.5
6376 0.6886821949761467 637.6
6377 0.6887522436453044 637.7
6378 0.6888223654191726 637.8000000000001
6379 0.6888933928227465 637.9000000000001
6380 0.688965323583964 638
6381 0.6890367355953935 638.1
6382 0.6891086491534379 638.2
6383 0.6891812472662775 638.3000000000001
6384 0.6892539822904814 638.4000000000001
6385 0.6893267268759555 638.5
6386 0.68939895741763 638.6
6387 0.6894690176708471 638.7
6388 0.6895378918901586 638.8000000000001
6389 0.6896045549178005 638.9000000000001
6390 0.6896705291222519 639
6391 0.6897331653943789 639.1
6392 0.6897960038770297 639.2
6393 0.6898604433831266 639.3000000000001
6394 0.6899198748480797 639.4000000000001
6395 0.6899722000984783 639.5
6396 0.6900058608422968 639.6
6397 0.6900374404670608 639.7
6398 0.690071095037442 639.8000000000001
6399 0.6901074031100451 639.9000000000001
6400 0.6901473122404101 640
6401 0.6901905496672291 640.1
6402 0.6902365967509058 640.2
6403 0.6902857299860059 640.3000000000001
6404 0.6903369883166198 640.4000000000001
6405 0.6903898811627363 640.5
6406 0.6904445450393046 640.6
6407 0.6905006770739046 640.7
6408 0.6905587431925625 640.8000000000001
6409 0.6906187964773479 640.9000000000001
6410 0.6906807208265487 641
6411 0.6907440318315072 641.1
6412 0.6908083488343087 641.2
6413 0.6908730882109153 641.3000000000001
6414 0.6909390028121886 641.4000000000001
6415 0.6910049061285026 641.5
6416 0.6910693523299073 641.6
6417 0.6911333049419194 641.7
6418 0.6911959438510273 641.8000000000001
6419 0.6912588578895729 641.9000000000001
6420 0.6913228671029463 642
6421 0.6913874545554224 642.1
6422 0.6914520519072891 642.2
6423 0.6915168859507745 642.3000000000001
6424 0.6915832358499208 642.4000000000001
6425 0.6916513496335083 642.5
6426 0.6917219276161283 642.6
6427 0.69179485092745 642.7
6428 0.6918689100604046 642.8000000000001
6429 0.6919363940859249 642.9000000000001
6430 0.6920024920354634 643
6431 0.6920685946164931 643.1
6432 0.6921346739375448 643.2
6433 0.6922005034997207 643.3000000000001
6434 0.6922662280736237 643.4000000000001
6435 0.6923301157023848 643.5
6436 0.6923927582164622 643.6
6437 0.6924549961583654 643.7
6438 0.6925159437513612 643.8000000000001
6439 0.6925761278965453 643.9000000000001
6440 0.6926318887676638 644
6441 0.6926838856834647 644.1
6442 0.692733698134266 644.2
6443 0.6927833607437689 644.3000000000001
6444 0.6928332475593285 644.4000000000001
6445 0.6928830925734202 644.5
6446 0.6929332627511792 644.6
6447 0.6929845354677483 644.7
6448 0.6930365195133149 644.8000000000001
6449 0.6930877122316219 644.9000000000001
6450 0.6931394825122832 645
6451 0.6931920089820214 645.1
6452 0.6932452760582457 645.2
6453 0.6932991974534549 645.3000000000001
6454 0.6933538543971294 645.4000000000001
6455 0.6934099927243906 645.5
6456 0.6934679742570425 645.6
6457 0.6935273397040367 645.7
6458 0.6935882355058577 645.8000000000001
6459 0.6936514968574318 645.9000000000001
6460 0.6937161172102989 646
6461 0.6937832252383261 646.1
6462 0.6938531542593921 646.2
6463 0.6939254950834883 646.3000000000001
6464 0.6939980106637935 646.4000000000001
6465 0.6940701580514239 646.5
6466 0.6941379140082001 646.6
6467 0.6942045349175292 646.7
6468 0.6942724116012144 646.8000000000001
6469 0.6943418667031663 646.9000000000001
6470 0.6944126039141729 647
6471 0.6944837844357189 647.1
6472 0.6945554448069381 647.2
6473 0.6946301698239956 647.3000000000001
6474 0.6947072374591348 647.4000000000001
6475 0.6947846635206476 647.5
6476 0.6948626914905676 647.6
6477 0.6949410149479625 647.7
6478 0.6950159651043459 647.8000000000001
6479 0.6950898432897177 647.9000000000001
6480 0.6951666089040243 648
6481 0.6952456328207479 648.1
6482 0.6953277045161703 648.2
6483 0.695410372669874 648.3000000000001
6484 0.6954914999016728 648.4000000000001
6485 0.6955674389993106 648.5
6486 0.6956345367527416 648.6
6487 0.6957030855155896 648.7
6488 0.6957738386824425 648.8000000000001
6489 0.69584786849191 648.9000000000001
6490 0.6959245752566119 649
6491 0.6959993938428038 649.1
6492 0.6960720511256516 649.2
6493 0.6961462157882268 649.3000000000001
6494 0.6962221744425029 649.4000000000001
6495 0.696300730837078 649.5
6496 0.6963822315574315 649.6
6497 0.696465126845525 649.7
6498 0.6965494174953372 649.8000000000001
6499 0.6966349073040095 649.9000000000001
6500 0.6967205544578831 650
6501 0.6968045721638327 650.1
6502 0.6968876693108447 650.2
6503 0.6969664015994769 650.3000000000001
6504 0.6970418070009028 650.4000000000001
6505 0.6971162441094183 650.5
6506 0.6971866943122594 650.6
6507 0.6972558525034126 650.7
6508 0.6973277889030748 650.8000000000001
6509 0.6973967759400618 650.9000000000001
6510 0.6974616949116526 651
6511 0.697515473936596 651.1
6512 0.6975486993954353 651.2
6513 0.6975818007139022 651.3000000000001
6514 0.697616611313112 651.4000000000001
6515 0.6976536472924253 651.5
6516 0.6976924151325109 651.6
6517 0.6977316001165339 651.7
6518 0.6977732399060818 651.8000000000001
6519 0.6978164998652017 651.9000000000001
6520 0.6978605304022495 652
6521 0.6979067768079517 652.1
6522 0.6979554174443565 652.2
6523 0.6980063882115223 652.3000000000001
6524 0.6980585659289484 652.4000000000001
6525 0.6981116860877323 652.5
6526 0.6981659876032015 652.6
6527 0.6982215733973373 652.7
6528 0.6982785785893707 652.8000000000001
6529 0.6983361005547845 652.9000000000001
6530 0.6983947235266055 653
6531 0.6984545171416372 653.1
6532 0.698514214391027 653.2
6533 0.6985747252459658 653.3000000000001
6534 0.6986358041450174 653.4000000000001
6535 0.698695927001036 653.5
6536 0.6987569937659283 653.6
6537 0.6988189497437114 653.7
6538 0.6988817238990589 653.8000000000001
6539 0.6989452582034559 653.9000000000001
6540 0.6990087274360365 654
6541 0.6990711518597775 654.1
6542 0.6991337921975592 654.2
6543 0.6991953345789775 654.3000000000001
6544 0.6992577774216926 654.4000000000001
6545 0.6993199040594212 654.5
6546 0.6993818103760249 654.6
6547 0.6994447947162669 654.7
6548 0.6995083078916003 654.8000000000001
6549 0.6995718292894577 654.9000000000001
6550 0.6996360982457085 655
6551 0.6997009671475889 655.1
6552 0.6997661044650316 655.2
6553 0.6998315573072147 655.3000000000001
6554 0.6998974195971511 655.4000000000001
6555 0.6999637287890897 655.5
6556 0.7000300886328612 655.6
6557 0.7000940525851878 655.7
6558 0.7001569983836911 655.8000000000001
6559 0.7002198453246503 655.9000000000001
6560 0.7002817833755562 656
6561 0.7003439043359098 656.1
6562 0.7004064538243367 656.2
6563 0.7004690062739825 656.3000000000001
6564 0.7005319812036754 656.4000000000001
6565 0.7005963985579166 656.5
6566 0.7006621397192317 656.6
6567 0.7007285260721932 656.7
6568 0.7007917670414889 656.8000000000001
6569 0.7008532741947808 656.9000000000001
6570 0.7009156619834028 657
6571 0.7009801173660253 657.1
6572 0.7010467822543571 657.2
6573 0.7011150873730224 657.3000000000001
6574 0.7011828801574231 657.4000000000001
6575 0.701248862146568 657.5
6576 0.7013130503027882 657.6
6577 0.7013729010082743 657.7
6578 0.701429837810114 657.8000000000001
6579 0.7014858843597547 657.9000000000001
6580 0.70154191866035 658
6581 0.7015983287825075 658.1
6582 0.7016561326287353 658.2
6583 0.701716656817671 658.3000000000001
6584 0.7017799972458412 658.4000000000001
6585 0.7018449526607324 658.5
6586 0.7019110926096102 658.6
6587 0.7019768992928433 658.7
6588 0.702040671523777 658.8000000000001
6589 0.7021059541318778 658.9000000000001
6590 0.7021731143098517 659
6591 0.7022416397558972 659.1
6592 0.7023126082649961 659.2
6593 0.7023830655998057 659.3000000000001
6594 0.7024554489857994 659.4000000000001
6595 0.7025287881998042 659.5
6596 0.7026002337857002 659.6
6597 0.7026689302432111 659.7
6598 0.7027357350903425 659.8000000000001
6599 0.7028032067463693 659.9000000000001
6600 0.7028729945968427 660
6601 0.7029449276045631 660.1
6602 0.7030188867715724 660.2
6603 0.7030937295509929 660.3000000000001
6604 0.7031679175190435 660.4000000000001
6605 0.7032425094240345 660.5
6606 0.7033180568558554 660.6
6607 0.703394976024635 660.7
6608 0.7034717835425678 660.8000000000001
6609 0.7035491754354803 660.9000000000001
6610 0.7036270982968772 661
6611 0.703705784242589 661.1
6612 0.7037854954168294 661.2
6613 0.7038660419562052 661.3000000000001
6614 0.703947047279508 661.4000000000001
6615 0.7040274087208724 661.5
6616 0.7041065042700786 661.6
6617 0.7041851436093809 661.7
6618 0.7042634527592634 661.8000000000001
6619 0.7043411907249922 661.9000000000001
6620 0.7044176342366962 662
6621 0.7044919278844629 662.1
6622 0.7045618412415562 662.2
6623 0.7046258589348813 662.3000000000001
6624 0.7046910521907932 662.4000000000001
6625 0.7047600438674559 662.5
6626 0.7048283296019821 662.6
6627 0.7048954400962454 662.7
6628 0.704953665461533 662.8000000000001
6629 0.7049927024196073 662.9000000000001
6630 0.705028731337512 663
6631 0.7050665837567041 663.1
6632 0.705106654627717 663.2
6633 0.705149605769627 663.3000000000001
6634 0.70519584696199 663.4000000000001
6635 0.7052445085886738 663.5
6636 0.7052952868834245 663.6
6637 0.7053472929485524 663.7
6638 0.7053995030504218 663.8000000000001
6639 0.7054523858333509 663.9000000000001
6640 0.7055053494644706 664
6641 0.7055563096767605 664.1
6642 0.7056087491642548 664.2
6643 0.7056625518906553 664.3000000000001
6644 0.705717418286841 664.4000000000001
6645 0.7057730630864724 664.5
6646 0.7058265690655288 664.6
6647 0.7058813118425573 664.7
6648 0.705936007761921 664.8000000000001
6649 0.7059919444698157 664.9000000000001
6650 0.7060497603356853 665
6651 0.7061094299084761 665.1
6652 0.706170549578254 665.2
6653 0.7062322855983937 665.3000000000001
6654 0.7062940113111567 665.4000000000001
6655 0.7063550609277668 665.5
6656 0.706417433549738 665.6
6657 0.7064814241540781 665.7
6658 0.7065465855856354 665.8000000000001
6659 0.7066124468211813 665.9000000000001
6660 0.7066773446355957 666
6661 0.7067381421817717 666.1
6662 0.7067973234767986 666.2
6663 0.706857115453344 666.3000000000001
6664 0.7069155821863866 666.4000000000001
6665 0.7069749518853955 666.5
6666 0.7070354298012235 666.6
6667 0.7070974073142228 666.7
6668 0.7071608694175195 666.8000000000001
6669 0.7072253285761222 666.9000000000001
6670 0.7072889630844414 667
6671 0.7073542054192723 667.1
6672 0.7074202488169967 667.2
6673 0.7074864831255493 667.3000000000001
6674 0.7075533580478106 667.4000000000001
6675 0.7076208381759104 667.5
6676 0.7076887588066596 667.6
6677 0.7077569774263008 667.7
6678 0.7078251885609893 667.8000000000001
6679 0.7078936151092406 667.9000000000001
6680 0.7079620282949365 668
6681 0.7080288968742028 668.1
6682 0.7080947979012459 668.2
6683 0.7081606479950817 668.3000000000001
6684 0.7082265728037235 668.4000000000001
6685 0.7082930633271939 668.5
6686 0.7083580811620479 668.6
6687 0.708424104673548 668.7
6688 0.7084914090185668 668.8000000000001
6689 0.7085596776519242 668.9000000000001
6690 0.708628686015547 669
6691 0.7086979668304462 669.1
6692 0.7087675888499874 669.2
6693 0.7088341228177967 669.3000000000001
6694 0.7089006691605865 669.4000000000001
6695 0.7089667824717519 669.5
6696 0.7090313976864696 669.6
6697 0.7090932738713951 669.7
6698 0.7091494461324823 669.8000000000001
6699 0.7092038377428066 669.9000000000001
6700 0.7092581859861778 670
6701 0.709313428209163 670.1
6702 0.7093697292722243 670.2
6703 0.7094273494369354 670.3000000000001
6704 0.7094870551701412 670.4000000000001
6705 0.7095493312689808 670.5
6706 0.7096145703221727 670.6
6707 0.7096820426878188 670.7
6708 0.7097508950813738 670.8000000000001
6709 0.7098194692675175 670.9000000000001
6710 0.7098849993481867 671
6711 0.7099495170963988 671.1
6712 0.7100151553182404 671.2
6713 0.7100824542903881 671.3000000000001
6714 0.7101512506973979 671.4000000000001
6715 0.7102211331785547 671.5
6716 0.7102917861749017 671.6
6717 0.7103621626940316 671.7
6718 0.7104319919723099 671.8000000000001
6719 0.7105010391298573 671.9000000000001
6720 0.7105678856465243 672
6721 0.7106356442470571 672.1
6722 0.7107052267570275 672.2
6723 0.7107757915758958 672.3000000000001
6724 0.7108466347664492 672.4000000000001
6725 0.7109181765050796 672.5
6726 0.7109906978710238 672.6
6727 0.7110645456924067 672.7
6728 0.7111397272162641 672.8000000000001
6729 0.7112165790124377 672.9000000000001
6730 0.7112930124210636 673
6731 0.7113694241444083 673.1
6732 0.7114473017231782 673.2
6733 0.7115265404696275 673.3000000000001
6734 0.7116067814927377 673.4000000000001
6735 0.7116871836909283 673.5
6736 0.7117656654841923 673.6
6737 0.7118447444678598 673.7
6738 0.7119256591315566 673.8000000000001
6739 0.7120082310855498 673.9000000000001
6740 0.7120906088014212 674
6741 0.7121669383656842 674.1
6742 0.7122431963383301 674.2
6743 0.7123210757727365 674.3000000000001
6744 0.7124033728028376 674.4000000000001
6745 0.7124810813856592 674.5
6746 0.7125588763036315 674.6
6747 0.712627590425997 674.7
6748 0.7126769233546454 674.8000000000001
6749 0.7127237688866518 674.9000000000001
6750 0.7127733703114716 675
6751 0.7128249400719272 675.1
6752 0.7128780645995236 675.2
6753 0.7129306289566906 675.3000000000001
6754 0.7129839260973981 675.4000000000001
6755 0.7130370462213529 675.5
6756 0.71308787756592 675.6
6757 0.7131378179252027 675.7
6758 0.7131871404645163 675.8000000000001
6759 0.7132367746735092 675.9000000000001
6760 0.7132870087534868 676
6761 0.71333794148327 676.1
6762 0.7133894758356066 676.2
6763 0.7134421144213796 676.3000000000001
6764 0.7134958582104183 676.4000000000001
6765 0.7135506843220601 676.5
6766 0.7136059168843437 676.6
6767 0.7136614265885179 676.7
6768 0.7137142576126021 676.8000000000001
6769 0.7137656572109231 676.9000000000001
6770 0.713817994765223 677
6771 0.7138705069512771 677.1
6772 0.7139243707347358 677.2
6773 0.7139797078107868 677.3000000000001
6774 0.7140362337029068 677.4000000000001
6775 0.7140937784924962 677.5
6776 0.7141509935364094 677.6
6777 0.7142071461174769 677.7
6778 0.7142638078862296 677.8000000000001
6779 0.7143220505000519 677.9000000000001
6780 0.714381065084788 678
6781 0.7144416934848613 678.1
6782 0.714504997430604 678.2
6783 0.7145698334249715 678.3000000000001
6784 0.714637447089655 678.4000000000001
6785 0.7147047358666284 678.5
6786 0.7147713811515539 678.6
6787 0.7148397239553208 678.7
6788 0.7149088322033368 678.8000000000001
6789 0.71497681084384 678.9000000000001
6790 0.7150417945125488 679
6791 0.715100861353282 679.1
6792 0.7151523022960872 679.2
6793 0.7152052860774679 679.3000000000001
6794 0.7152615932628333 679.4000000000001
6795 0.7153217175823208 679.5
6796 0.7153851592933465 679.6
6797 0.7154518711795408 679.7
6798 0.7155218258733991 679.8000000000001
6799 0.7155941866710004 679.9000000000001
6800 0.715669320265401 680
6801 0.7157460897892572 680.1
6802 0.7158244255937546 680.2
6803 0.7159041932249908 680.3000000000001
6804 0.7159827468254023 680.4000000000001
6805 0.7160578191184401 680.5
6806 0.7161309249157243 680.6
6807 0.7162030597901585 680.7
6808 0.7162759299243384 680.8000000000001
6809 0.7163501580447318 680.9000000000001
6810 0.7164244861320932 681
6811 0.7164989772005532 681.1
6812 0.7165716137920708 681.2
6813 0.7166433617065786 681.3000000000001
6814 0.7167154673750417 681.4000000000001
6815 0.716788087192764 681.5
6816 0.716861544973993 681.6
6817 0.7169352598882726 681.7
6818 0.7170102909765036 681.8000000000001
6819 0.7170853394851098 681.9000000000001
6820 0.7171592884046638 682
6821 0.7172325085449209 682.1
6822 0.717302355817051 682.2
6823 0.7173680294345439 682.3000000000001
6824 0.7174283648085564 682.4000000000001
6825 0.7174880705296355 682.5
6826 0.7175459263552324 682.6
6827 0.7176031117271818 682.7
6828 0.7176620980374384 682.8000000000001
6829 0.7177229503258403 682.9000000000001
6830 0.7177851589103126 683
6831 0.7178479077606706 683.1
6832 0.7179103542263351 683.2
6833 0.7179710886812319 683.3000000000001
6834 0.7180289202252839 683.4000000000001
6835 0.7180871912368882 683.5
6836 0.71814717894238 683.6
6837 0.7182090450326506 683.7
6838 0.7182723985340912 683.8000000000001
6839 0.7183365445711637 683.9000000000001
6840 0.7184010090602235 684
6841 0.7184656445974 684.1
6842 0.7185314622340091 684.2
6843 0.7185990792046327 684.3000000000001
6844 0.7186683087375626 684.4000000000001
6845 0.7187392621928052 684.5
6846 0.7188113121432363 684.6
6847 0.7188840840163371 684.7
6848 0.7189585228951538 684.8000000000001
6849 0.7190346916229403 684.9000000000001
6850 0.7191122100691871 685
6851 0.7191902995595864 685.1
6852 0.7192683328550228 685.2
6853 0.7193455943247816 685.3000000000001
6854 0.7194230108867673 685.4000000000001
6855 0.719499379358189 685.5
6856 0.7195756744794202 685.6
6857 0.7196502560993724 685.7
6858 0.719723895840408 685.8000000000001
6859 0.7197983808012334 685.9000000000001
6860 0.7198717234219042 686
6861 0.7199431504665276 686.1
6862 0.7200151032892815 686.2
6863 0.7200887607307177 686.3000000000001
6864 0.7201663391285509 686.4000000000001
6865 0.7202469494230485 686.5
6866 0.7203253791947752 686.6
6867 0.7204055513417061 686.7
6868 0.7204789685624754 686.8000000000001
6869 0.7205313046170956 686.9000000000001
6870 0.7205782883761261 687
6871 0.7206258453793141 687.1
6872 0.720673397809755 687.2
6873 0.7207217065678629 687.3000000000001
6874 0.7207705203663135 687.4000000000001
6875 0.7208196014063358 687.5
6876 0.7208686919549117 687.6
6877 0.7209176044481524 687.7
6878 0.7209660927403488 687.8000000000001
6879 0.7210141729158955 687.9000000000001
6880 0.7210620593658349 688
6881 0.721110104422339 688.1
6882 0.7211576927790526 688.2
6883 0.7212046207513843 688.3000000000001
6884 0.7212522964082793 688.4000000000001
6885 0.7213011529583041 688.5
6886 0.7213514339689376 688.6
6887 0.7214032310958068 688.7
6888 0.7214561793421116 688.8000000000001
6889 0.7215109894177173 688.9000000000001
6890 0.7215675050394169 689
6891 0.7216231728575173 689.1
6892 0.7216800172669888 689.2
6893 0.7217378988718313 689.3000000000001
6894 0.721795955101348 689.4000000000001
6895 0.7218541757608291 689.5
6896 0.7219109300263538 689.6
6897 0.7219665720236919 689.7
6898 0.7220206694277567 689.8000000000001
6899 0.7220742914788512 689.9000000000001
6900 0.7221271991887919 690
6901 0.7221804505893867 690.1
6902 0.7222349807873254 690.2
6903 0.7222906745706246 690.3000000000001
6904 0.7223463357115384 690.4000000000001
6905 0.7223984017614522 690.5
6906 0.722449412074884 690.6
6907 0.7225011253533317 690.7
6908 0.7225528334772651 690.8000000000001
6909 0.7226060549598127 690.9000000000001
6910 0.7226618802818088 691
6911 0.7227193169014609 691.1
6912 0.7227786041247389 691.2
6913 0.7228394498301612 691.3000000000001
6914 0.7229018867743715 691.4000000000001
6915 0.7229658437068105 691.5
6916 0.7230300381710271 691.6
6917 0.7230910120281903 691.7
6918 0.7231528127935194 691.8000000000001
6919 0.7232159392407038 691.9000000000001
6920 0.7232804771422249 692
6921 0.7233464866085422 692.1
6922 0.7234138787735002 692.2
6923 0.7234824804257179 692.3000000000001
6924 0.7235522330792105 692.4000000000001
6925 0.7236226797999867 692.5
6926 0.7236911351703429 692.6
6927 0.7237576933568055 692.7
6928 0.7238244421538368 692.8000000000001
6929 0.7238921430803985 692.9000000000001
6930 0.7239610538406243 693
6931 0.7240299316833178 693.1
6932 0.7240995157553098 693.2
6933 0.7241708509804506 693.3000000000001
6934 0.724243721721724 693.4000000000001
6935 0.7243181329510053 693.5
6936 0.7243924100708742 693.6
6937 0.724466377123721 693.7
6938 0.7245370602940575 693.8000000000001
6939 0.7246033996804508 693.9000000000001
6940 0.7246680324029317 694
6941 0.7247306995488757 694.1
6942 0.7247919874860795 694.2
6943 0.7248526186393375 694.3000000000001
6944 0.72491375298831 694.4000000000001
6945 0.7249752840267878 694.5
6946 0.7250365830344083 694.6
6947 0.7250986763834599 694.7
6948 0.7251607960059054 694.8000000000001
6949 0.7252222674302855 694.9000000000001
6950 0.7252822686674003 695
6951 0.7253395955993424 695.1
6952 0.7253977376078464 695.2
6953 0.7254570199223896 695.3000000000001
6954 0.725518496295067 695.4000000000001
6955 0.725580367310896 695.5
6956 0.7256430185134707 695.6
6957 0.7257061059889423 695.7
6958 0.725769361138324 695.8000000000001
6959 0.7258316286775532 695.9000000000001
6960 0.7258944883445564 696
6961 0.7259582412137493 696.1
6962 0.7260236174384919 696.2
6963 0.7260902020904181 696.3000000000001
6964 0.7261570966969718 696.4000000000001
6965 0.7262235002475936 696.5
6966 0.7262888061298495 696.6
6967 0.7263529330763214 696.7
6968 0.7264169880032407 696.8000000000001
6969 0.7264820818208602 696.9000000000001
6970 0.7265466477502102 697
6971 0.7266115008850651 697.1
6972 0.7266780224184196 697.2
6973 0.7267466485375655 697.3000000000001
6974 0.7268175279293081 697.4000000000001
6975 0.7268896815562914 697.5
6976 0.7269632254243951 697.6
6977 0.7270378447966404 697.7
6978 0.7271125153905174 697.8000000000001
6979 0.7271881919505945 697.9000000000001
6980 0.7272646848258595 698
6981 0.727341165897495 698.1
6982 0.727413205859763 698.2
6983 0.7274860332365678 698.3000000000001
6984 0.7275607048523305 698.4000000000001
6985 0.7276366926107402 698.5
6986 0.7277153950327203 698.6
6987 0.7277967335634915 698.7
6988 0.7278773510219115 698.8000000000001
6989 0.7279587233164049 698.9000000000001
6990 0.7280381139668543 699
6991 0.7281109815548837 699.1
6992 0.7281648573640014 699.2
6993 0.7282106454844052 699.3000000000001
6994 0.7282557304419148 699.4000000000001
6995 0.7283007835821499 699.5
6996 0.7283479522831888 699.6
6997 0.7283960109315879 699.7
6998 0.7284455935577799 699.8000000000001
6999 0.72849738023865 699.9000000000001
7000 0.7285491137094993 700
7001 0.7286046361967132 700.1
7002 0.7286628884927903 700.2
7003 0.7287211765640622 700.3000000000001
7004 0.7287773560534816 700.4000000000001
7005 0.7288287141855092 700.5
7006 0.7288800989599384 700.6
7007 0.7289314935597839 700.7
7008 0.728983783507132 700.8000000000001
7009 0.7290366747560552 700.9000000000001
7010 0.7290898391531879 701
7011 0.7291430928011721 701.1
7012 0.7291954908728941 701.2
7013 0.7292476496433443 701.3000000000001
7014 0.7292998220454791 701.4000000000001
7015 0.7293518147337602 701.5
7016 0.7294004003488506 701.6
7017 0.729448896214499 701.7
7018 0.7294980647132939 701.8000000000001
7019 0.7295479470835524 701.9000000000001
7020 0.7295983004641724 702
7021 0.7296489900895647 702.1
7022 0.729700374264322 702.2
7023 0.7297525312263693 702.3000000000001
7024 0.7298054216585156 702.4000000000001
7025 0.7298592736161962 702.5
7026 0.7299143501264214 702.6
7027 0.7299699119301686 702.7
7028 0.7300264536769667 702.8000000000001
7029 0.7300835685381267 702.9000000000001
7030 0.7301409744033813 703
7031 0.7301988593064378 703.1
7032 0.7302570849303187 703.2
7033 0.730315308444766 703.3000000000001
7034 0.730373327199352 703.4000000000001
7035 0.7304310098688089 703.5
7036 0.730487324467446 703.6
7037 0.7305429525643691 703.7
7038 0.7305965454250261 703.8000000000001
7039 0.7306509192070738 703.9000000000001
7040 0.7307060960119945 704
7041 0.7307635723530278 704.1
7042 0.7308211994929243 704.2
7043 0.7308803085521701 704.3000000000001
7044 0.730941385142258 704.4000000000001
7045 0.7310043048344925 704.5
7046 0.7310694572430456 704.6
7047 0.7311377613881457 704.7
7048 0.7312086489865202 704.8000000000001
7049 0.7312808588015943 704.9000000000001
7050 0.7313515112619464 705
7051 0.7314194890072119 705.1
7052 0.7314841124184662 705.2
7053 0.7315477247806107 705.3000000000001
7054 0.731611185859963 705.4000000000001
7055 0.7316749033342995 705.5
7056 0.7317377446023481 705.6
7057 0.7318011295541216 705.7
7058 0.7318650957205406 705.8000000000001
7059 0.7319298241568692 705.9000000000001
7060 0.7319956355082979 706
7061 0.7320626198794384 706.1
7062 0.7321311122161843 706.2
7063 0.7322010543233396 706.3000000000001
7064 0.732275210680968 706.4000000000001
7065 0.732351187440253 706.5
7066 0.7324304890709807 706.6
7067 0.7325092941888692 706.7
7068 0.7325884466448007 706.8000000000001
7069 0.7326599775764461 706.9000000000001
7070 0.7327294835546991 707
7071 0.7328000257375366 707.1
7072 0.732871953628908 707.2
7073 0.7329448723354084 707.3000000000001
7074 0.7330197708293409 707.4000000000001
7075 0.7330952782010083 707.5
7076 0.7331702995865975 707.6
7077 0.7332444663265825 707.7
7078 0.7333154500678138 707.8000000000001
7079 0.733383691296881 707.9000000000001
7080 0.7334518732482816 708
7081 0.7335205033794814 708.1
7082 0.73359024307553 708.2
7083 0.7336598437810447 708.3000000000001
7084 0.7337291354159001 708.4000000000001
7085 0.7337962806862348 708.5
7086 0.7338612284546744 708.6
7087 0.7339249875892107 708.7
7088 0.7339886895671375 708.8000000000001
7089 0.7340532945723925 708.9000000000001
7090 0.7341181426940935 709
7091 0.7341829044714691 709.1
7092 0.7342484107758775 709.2
7093 0.7343147041010423 709.3000000000001
7094 0.7343820284863689 709.4000000000001
7095 0.734450713073542 709.5
7096 0.7345204095612854 709.6
7097 0.7345905932767917 709.7
7098 0.7346603744373297 709.8000000000001
7099 0.7347298523704621 709.9000000000001
7100 0.7347988367045889 710
7101 0.7348678924540439 710.1
7102 0.7349368045237783 710.2
7103 0.7350053977221691 710.3000000000001
7104 0.7350724708171347 710.4000000000001
7105 0.735133270159128 710.5
7106 0.7351924527629708 710.6
7107 0.7352502750567875 710.7
7108 0.7353069495028773 710.8000000000001
7109 0.7353647030286787 710.9000000000001
7110 0.7354242720334818 711
7111 0.7354866981235478 711.1
7112 0.7355529897910107 711.2
7113 0.7356143517278839 711.3000000000001
7114 0.7356827908826231 711.4000000000001
7115 0.7357496278856794 711.5
7116 0.7358150944177917 711.6
7117 0.7358689134755581 711.7
7118 0.7359083111667643 711.8000000000001
7119 0.7359494034431632 711.9000000000001
7120 0.7359922814314958 712
7121 0.736036085887231 712.1
7122 0.7360812262856603 712.2
7123 0.736127910512217 712.3000000000001
7124 0.736176102208863 712.4000000000001
7125 0.7362256896509439 712.5
7126 0.736275815569097 712.6
7127 0.7363274481737652 712.7
7128 0.736379456457637 712.8000000000001
7129 0.736432651600055 712.9000000000001
7130 0.7364871271277887 713
7131 0.7365428998798316 713.1
7132 0.7365999791511125 713.2
7133 0.7366584062056947 713.3000000000001
7134 0.7367179691913874 713.4000000000001
7135 0.7367788641254412 713.5
7136 0.7368412170944245 713.6
7137 0.7369047805936161 713.7
7138 0.7369695766696859 713.8000000000001
7139 0.7370357118205844 713.9000000000001
7140 0.7371001101091869 714
7141 0.7371641149016166 714.1
7142 0.7372268459723366 714.2
7143 0.7372899076922282 714.3000000000001
7144 0.7373517922842544 714.4000000000001
7145 0.7374143046458613 714.5
7146 0.7374786185126446 714.6
7147 0.7375462735261813 714.7
7148 0.7376140590766291 714.8000000000001
7149 0.7376799186067831 714.9000000000001
7150 0.7377441836244162 715
7151 0.7378054126948551 715.1
7152 0.7378695610532644 715.2
7153 0.7379374586172065 715.3000000000001
7154 0.7380033837480072 715.4000000000001
7155 0.7380687965522982 715.5
7156 0.738134146932341 715.6
7157 0.7382000128749607 715.7
7158 0.7382645622942753 715.8000000000001
7159 0.7383230742731484 715.9000000000001
7160 0.7383757283196209 716
7161 0.738425078835464 716.1
7162 0.7384736967320311 716.2
7163 0.7385221085678334 716.3000000000001
7164 0.7385702977330558 716.4000000000001
7165 0.7386182111326586 716.5
7166 0.7386665102697068 716.6
7167 0.7387153326500471 716.7
7168 0.7387646273820965 716.8000000000001
7169 0.7388143666904607 716.9000000000001
7170 0.7388645690963557 717
7171 0.7389152689346827 717.1
7172 0.7389665409126182 717.2
7173 0.7390184424372328 717.3000000000001
7174 0.7390712688412348 717.4000000000001
7175 0.7391251152402935 717.5
7176 0.7391794367614345 717.6
7177 0.7392342508419577 717.7
7178 0.7392885119296461 717.8000000000001
7179 0.7393436093211005 717.9000000000001
7180 0.7393979025499702 718
7181 0.7394537212006953 718.1
7182 0.7395114509318503 718.2
7183 0.7395714416259512 718.3000000000001
7184 0.7396338165801353 718.4000000000001
7185 0.7396980871584921 718.5
7186 0.7397632136482831 718.6
7187 0.7398281888784242 718.7
7188 0.7398917649548625 718.8000000000001
7189 0.7399511673987603 718.9000000000001
7190 0.7400103074290449 719
7191 0.7400697702597475 719.1
7192 0.7401301413127117 719.2
7193 0.7401920072412104 719.3000000000001
7194 0.7402559089233394 719.4000000000001
7195 0.740322147686872 719.5
7196 0.7403905895826067 719.6
7197 0.7404605138734205 719.7
7198 0.7405309909377643 719.8000000000001
7199 0.7406010954271925 719.9000000000001
7200 0.7406682020385024 720
7201 0.7407342474027013 720.1
7202 0.7408001111528526 720.2
7203 0.7408678603271497 720.3000000000001
7204 0.7409376246727535 720.4000000000001
7205 0.7410089654938047 720.5
7206 0.7410793629867205 720.6
7207 0.7411493619923293 720.7
7208 0.7412167535858226 720.8000000000001
7209 0.741282522562201 720.9000000000001
7210 0.741348387205342 721
7211 0.7414146595022861 721.1
7212 0.7414824773341182 721.2
7213 0.7415504356145379 721.3000000000001
7214 0.7416171146371193 721.4000000000001
7215 0.7416833388997934 721.5
7216 0.7417491430413559 721.6
7217 0.7418149603334868 721.7
7218 0.7418805678405865 721.8000000000001
7219 0.7419462232871377 721.9000000000001
7220 0.7420118389154627 722
7221 0.7420755106089477 722.1
7222 0.7421367615965677 722.2
7223 0.7421983591835565 722.3000000000001
7224 0.7422610789932669 722.4000000000001
7225 0.7423247365598861 722.5
7226 0.7423889999363674 722.6
7227 0.7424541908849684 722.7
7228 0.7425194224287567 722.8000000000001
7229 0.7425828107713234 722.9000000000001
7230 0.7426453060718262 723
7231 0.7427076676927667 723.1
7232 0.7427694015209978 723.2
7233 0.7428303477035484 723.3000000000001
7234 0.7428892759585189 723.4000000000001
7235 0.7429471053423351 723.5
7236 0.7430008599306068 723.6
7237 0.7430518382857787 723.7
7238 0.7431046124230998 723.8000000000001
7239 0.7431584272056495 723.9000000000001
7240 0.7432097243161367 724
7241 0.7432671733661906 724.1
7242 0.743327054133079 724.2
7243 0.7433856318444144 724.3000000000001
7244 0.7434377006891866 724.4000000000001
7245 0.7434743026723494 724.5
7246 0.7435041897148817 724.6
7247 0.7435338521900416 724.7
7248 0.7435638001377239 724.8000000000001
7249 0.743595887030905 724.9000000000001
7250 0.743630162681391 725
7251 0.7436666952428771 725.1
7252 0.7437052501924869 725.2
7253 0.7437419330306914 725.3000000000001
7254 0.7437781452073344 725.4000000000001
7255 0.7438161588177205 725.5
7256 0.7438560875750081 725.6
7257 0.7438956678762845 725.7
7258 0.7439373265072602 725.8000000000001
7259 0.7439815522858825 725.9000000000001
7260 0.7440257399361188 726
7261 0.7440722761288853 726.1
7262 0.7441223786802523 726.2
7263 0.7441747768947534 726.3000000000001
7264 0.7442265493106853 726.4000000000001
7265 0.744277092111275 726.5
7266 0.7443259062842346 726.6
7267 0.7443743359854599 726.7
7268 0.7444216321745926 726.8000000000001
7269 0.7444680188440542 726.9000000000001
7270 0.7445144187789101 727
7271 0.7445612305048506 727.1
7272 0.7446077560280698 727.2
7273 0.7446551780325598 727.3000000000001
7274 0.7447031913614183 727.4000000000001
7275 0.7447517273111942 727.5
7276 0.7448009530877325 727.6
7277 0.7448500999855192 727.7
7278 0.7448980013597465 727.8000000000001
7279 0.7449440635576796 727.9000000000001
7280 0.7449890896757507 728
7281 0.7450328843825405 728.1
7282 0.7450747939139478 728.2
7283 0.7451163829204435 728.3000000000001
7284 0.7451583335384487 728.4000000000001
7285 0.745201169230352 728.5
7286 0.7452451339467401 728.6
7287 0.7452904489821739 728.7
7288 0.7453377088852444 728.8000000000001
7289 0.7453866406651685 728.9000000000001
7290 0.7454373149055543 729
7291 0.7454866563984408 729.1
7292 0.7455335598739928 729.2
7293 0.7455791289418517 729.3000000000001
7294 0.7456221136937438 729.4000000000001
7295 0.7456652006902196 729.5
7296 0.7457077928157236 729.6
7297 0.7457507825579288 729.7
7298 0.7457950430140339 729.8000000000001
7299 0.7458406647022536 729.9000000000001
7300 0.7458866949957275 730
7301 0.7459338790288732 730.1
7302 0.7459828987579932 730.2
7303 0.7460332877465204 730.3000000000001
7304 0.7460847547847169 730.4000000000001
7305 0.7461383280636559 730.5
7306 0.7461923498558189 730.6
7307 0.7462466036987379 730.7
7308 0.7463007841286362 730.8000000000001
7309 0.7463534123136057 730.9000000000001
7310 0.7464019099603352 731
7311 0.7464463463426946 731.1
7312 0.7464896559723152 731.2
7313 0.7465327778498121 731.3000000000001
7314 0.7465750484494935 731.4000000000001
7315 0.7466178150896627 731.5
7316 0.7466617492752639 731.6
7317 0.7467067602029204 731.7
7318 0.7467534480605555 731.8000000000001
7319 0.7468022819476331 731.9000000000001
7320 0.7468529852856755 732
7321 0.7469046670247129 732.1
7322 0.7469561502731006 732.2
7323 0.7470063014173238 732.3000000000001
7324 0.747053352487164 732.4000000000001
7325 0.7470968841986424 732.5
7326 0.7471400901829481 732.6
7327 0.7471839275123445 732.7
7328 0.7472293321001945 732.8000000000001
7329 0.7472769147265118 732.9000000000001
7330 0.7473261146776565 733
7331 0.7473767281137048 733.1
7332 0.7474277372511731 733.2
7333 0.7474782935282318 733.3000000000001
7334 0.7475281553662824 733.4000000000001
7335 0.7475764305472079 733.5
7336 0.7476255322177542 733.6
7337 0.7476761862091482 733.7
7338 0.7477280731342293 733.8000000000001
7339 0.7477802875406639 733.9000000000001
7340 0.7478323747666269 734
7341 0.7478841322296453 734.1
7342 0.7479354936418445 734.2
7343 0.7479869885742816 734.3000000000001
7344 0.7480389769299139 734.4000000000001
7345 0.7480913815461131 734.5
7346 0.7481432094465001 734.6
7347 0.7481943644376144 734.7
7348 0.748245257829082 734.8000000000001
7349 0.7482955001140782 734.9000000000001
7350 0.7483465918706442 735
7351 0.7483984282106222 735.1
7352 0.7484507830911672 735.2
7353 0.7485033371124821 735.3000000000001
7354 0.7485558718968085 735.4000000000001
7355 0.7486091479930752 735.5
7356 0.7486593778857206 735.6
7357 0.748709901181007 735.7
7358 0.7487608861812454 735.8000000000001
7359 0.7488119645624103 735.9000000000001
7360 0.7488635146196558 736
7361 0.7489149882919237 736.1
7362 0.7489659156663974 736.2
7363 0.7490164527844526 736.3000000000001
7364 0.7490664091573015 736.4000000000001
7365 0.7491143517936752 736.5
7366 0.7491598920016619 736.6
7367 0.7492051026821878 736.7
7368 0.7492468087674131 736.8000000000001
7369 0.7492867271595728 736.9000000000001
7370 0.7493331372902147 737
7371 0.7493851263989808 737.1
7372 0.7494344704489859 737.2
7373 0.7494854536540726 737.3000000000001
7374 0.7495275150333729 737.4000000000001
7375 0.7495507747951865 737.5
7376 0.7495670633359131 737.6
7377 0.7495826021417842 737.7
7378 0.7496015519145184 737.8000000000001
7379 0.7496212187923136 737.9000000000001
7380 0.7496438823983017 738
7381 0.7496701016865663 738.1
7382 0.749695514297501 738.2
7383 0.7497218790732889 738.3000000000001
7384 0.7497506937853636 738.4000000000001
7385 0.749781584212531 738.5
7386 0.7498147078982196 738.6
7387 0.749849456254935 738.7
7388 0.7498848808358836 738.8000000000001
7389 0.7499191170218509 738.9000000000001
7390 0.7499541390465951 739
7391 0.7499896875897902 739.1
7392 0.7500256374025089 739.2
7393 0.7500618307426945 739.3000000000001
7394 0.7500984703385214 739.4000000000001
7395 0.7501359569674483 739.5
7396 0.7501743223676751 739.6
7397 0.7502135552880369 739.7
7398 0.7502534838109273 739.8000000000001
7399 0.7502942229998644 739.9000000000001
7400 0.750335043803413 740
7401 0.7503745265813608 740.1
7402 0.7504147247465962 740.2
7403 0.7504550708239048 740.3000000000001
7404 0.7504959115993827 740.4000000000001
7405 0.7505373857164106 740.5
7406 0.7505790909288851 740.6
7407 0.7506212473757639 740.7
7408 0.7506640534338989 740.8000000000001
7409 0.7507074843667025 740.9000000000001
7410 0.7507514649895207 741
7411 0.7507958636435275 741.1
7412 0.7508404870947096 741.2
7413 0.750885112670147 741.3000000000001
7414 0.7509296249765417 741.4000000000001
7415 0.7509738027028616 741.5
7416 0.7510166194164418 741.6
7417 0.7510596128762377 741.7
7418 0.7511028938180664 741.8000000000001
7419 0.7511466059548491 741.9000000000001
7420 0.7511907384032027 742
7421 0.7512347944938114 742.1
7422 0.7512795180835375 742.2
7423 0.7513250807607842 742.3000000000001
7424 0.7513715952705992 742.4000000000001
7425 0.7514179351776172 742.5
7426 0.7514645176765952 742.6
7427 0.7515121046788711 742.7
7428 0.7515606475735634 742.8000000000001
7429 0.7516089325586454 742.9000000000001
7430 0.7516578384460757 743
7431 0.7517067428954993 743.1
7432 0.7517556311614936 743.2
7433 0.7518034702947297 743.3000000000001
7434 0.7518516770274917 743.4000000000001
7435 0.7519003040490128 743.5
7436 0.7519491947713889 743.6
7437 0.7519974838552881 743.7
7438 0.7520445283839239 743.8000000000001
7439 0.7520902762045953 743.9000000000001
7440 0.7521364831535778 744
7441 0.7521831786183459 744.1
7442 0.7522302854558597 744.2
7443 0.7522768051310682 744.3000000000001
7444 0.7523208065543037 744.4000000000001
7445 0.7523647697715771 744.5
7446 0.7524102457444609 744.6
7447 0.7524574983882194 744.7
7448 0.7525065616525535 744.8000000000001
7449 0.7525570067916291 744.9000000000001
7450 0.7526079752127602 745
7451 0.7526585720105976 745.1
7452 0.7527082738034873 745.2
7453 0.7527546721441745 745.3000000000001
7454 0.7527994011690317 745.4000000000001
7455 0.7528448636605372 745.5
7456 0.7528914314587973 745.6
7457 0.7529394057234551 745.7
7458 0.7529886780558772 745.8000000000001
7459 0.7530386093168068 745.9000000000001
7460 0.7530882925683785 746
7461 0.7531369319604546 746.1
7462 0.7531834756379204 746.2
7463 0.7532285244828159 746.3000000000001
7464 0.7532717317043346 746.4000000000001
7465 0.7533161606057005 746.5
7466 0.7533621730227065 746.6
7467 0.7534095279573513 746.7
7468 0.753457425659904 746.8000000000001
7469 0.7535052357646677 746.9000000000001
7470 0.753552684001341 747
7471 0.753600083074784 747.1
7472 0.753648204906852 747.2
7473 0.753697543633127 747.3000000000001
7474 0.7537481040582569 747.4000000000001
7475 0.7537989489013708 747.5
7476 0.7538496073280515 747.6
7477 0.7539006122084443 747.7
7478 0.7539524480987846 747.8000000000001
7479 0.7540054316608275 747.9000000000001
7480 0.7540593679316446 748
7481 0.7541138895070537 748.1
7482 0.7541685098015737 748.2
7483 0.7542225687844206 748.3000000000001
7484 0.7542751733376168 748.4000000000001
7485 0.7543259857779487 748.5
7486 0.7543765861203855 748.6
7487 0.7544270324793416 748.7
7488 0.7544767959378924 748.8000000000001
7489 0.7545262590841589 748.9000000000001
7490 0.7545755773344566 749
7491 0.7546246141481593 749.1
7492 0.7546739947352257 749.2
7493 0.7547238018530181 749.3000000000001
7494 0.7547740782418216 749.4000000000001
7495 0.7548248277488743 749.5
7496 0.7548759111760911 749.6
7497 0.75492654690878 749.7
7498 0.7549758640758648 749.8000000000001
7499 0.7550183803181975 749.9000000000001
7500 0.7550598459484508 750
7501 0.7551018936339269 750.1
7502 0.7551470290748904 750.2
7503 0.7551954094958488 750.3000000000001
7504 0.7552408578923745 750.4000000000001
7505 0.7552894769734998 750.5
7506 0.7553320486298047 750.6
7507 0.7553582586808866 750.7
7508 0.7553753052154492 750.8000000000001
7509 0.7553931591473825 750.9000000000001
7510 0.7554130033096329 751
7511 0.755435603609511 751.1
7512 0.7554597546858915 751.2
7513 0.755485119651628 751.3000000000001
7514 0.7555118925026818 751.4000000000001
7515 0.7555402764726307 751.5
7516 0.7555703114586133 751.6
7517 0.7556021370643629 751.7
7518 0.7556356189166599 751.8000000000001
7519 0.7556705007445232 751.9000000000001
7520 0.7557065867251401 752
7521 0.755743043126592 752.1
7522 0.7557806033101286 752.2
7523 0.7558189562756339 752.3000000000001
7524 0.7558546944759433 752.4000000000001
7525 0.7558907526082151 752.5
7526 0.7559275889220781 752.6
7527 0.7559650556804406 752.7
7528 0.7560030952376525 752.8000000000001
7529 0.7560418468696197 752.9000000000001
7530 0.7560813466614515 753
7531 0.7561215256040699 753.1
7532 0.7561599108122202 753.2
7533 0.7561987596401059 753.3000000000001
7534 0.7562381896668728 753.4000000000001
7535 0.756278109331129 753.5
7536 0.7563184137792425 753.6
7537 0.7563590182894616 753.7
7538 0.7563998711064784 753.8000000000001
7539 0.7564409899155956 753.9000000000001
7540 0.7564823906729508 754
7541 0.7565241135777236 754.1
7542 0.7565662145325533 754.2
7543 0.7566087592933535 754.3000000000001
7544 0.756651682980032 754.4000000000001
7545 0.7566950736420024 754.5
7546 0.7567390680951215 754.6
7547 0.7567836986659229 754.7
7548 0.7568289718536445 754.8000000000001
7549 0.7568746744329252 754.9000000000001
7550 0.7569208167071824 755
7551 0.7569672703329844 755.1
7552 0.757013833714606 755.2
7553 0.7570589564468688 755.3000000000001
7554 0.7571024544228829 755.4000000000001
7555 0.7571453353106266 755.5
7556 0.7571874930759391 755.6
7557 0.757228750917511 755.7
7558 0.7572696184801215 755.8000000000001
7559 0.7573105655828931 755.9000000000001
7560 0.7573519493222342 756
7561 0.7573929823746448 756.1
7562 0.7574350266320165 756.2
7563 0.7574797352984147 756.3000000000001
7564 0.7575282856217331 756.4000000000001
7565 0.7575814642945511 756.5
7566 0.7576343545628607 756.6
7567 0.7576857488331317 756.7
7568 0.7577292803868401 756.8000000000001
7569 0.757772005582772 756.9000000000001
7570 0.7578168680404724 757
7571 0.7578648988287314 757.1
7572 0.7579115636129066 757.2
7573 0.7579570238727265 757.3000000000001
7574 0.7580015365965652 757.4000000000001
7575 0.7580455699890362 757.5
7576 0.7580900232187765 757.6
7577 0.7581329196411576 757.7
7578 0.7581752507812444 757.8000000000001
7579 0.7582169538103691 757.9000000000001
7580 0.7582587755952684 758
7581 0.7583005704204095 758.1
7582 0.7583420857137376 758.2
7583 0.7583844202835346 758.3000000000001
7584 0.7584259633793125 758.4000000000001
7585 0.758467202842049 758.5
7586 0.7585091405639328 758.6
7587 0.75855145172974 758.7
7588 0.7585931247470054 758.8000000000001
7589 0.7586338706167857 758.9000000000001
7590 0.7586742436172629 759
7591 0.7587148423503111 759.1
7592 0.7587556978227323 759.2
7593 0.7587966411940623 759.3000000000001
7594 0.7588377382492685 759.4000000000001
7595 0.7588792080986708 759.5
7596 0.7589210026673862 759.6
7597 0.7589627348482154 759.7
7598 0.7590046841788864 759.8000000000001
7599 0.7590458925326854 759.9000000000001
7600 0.7590871925708014 760
7601 0.7591284891042086 760.1
7602 0.7591702162089237 760.2
7603 0.7592124768895796 760.3000000000001
7604 0.7592549495810366 760.4000000000001
7605 0.7592979715194341 760.5
7606 0.759341514178293 760.6
7607 0.7593856959617753 760.7
7608 0.7594304546324492 760.8000000000001
7609 0.7594759836474031 760.9000000000001
7610 0.7595222861438986 761
7611 0.7595694333525741 761.1
7612 0.7596176097922931 761.2
7613 0.7596668843520186 761.3000000000001
7614 0.7597172734870387 761.4000000000001
7615 0.7597672857059043 761.5
7616 0.7598144668139548 761.6
7617 0.759861491800752 761.7
7618 0.7599090166097457 761.8000000000001
7619 0.7599568922924467 761.9000000000001
7620 0.7600046478381927 762
7621 0.7600523433104591 762.1
7622 0.7600998046837557 762.2
7623 0.7601470550244697 762.3000000000001
7624 0.7601942789783402 762.4000000000001
7625 0.7602415928028915 762.5
7626 0.7602891193557904 762.6
7627 0.7603365595336844 762.7
7628 0.7603843368250632 762.8000000000001
7629 0.760431992234701 762.9000000000001
7630 0.7604803391020429 763
7631 0.7605281350744665 763.1
7632 0.7605734544830818 763.2
7633 0.7606195127710056 763.3000000000001
7634 0.7606660293302961 763.4000000000001
7635 0.7607117890269737 763.5
7636 0.7607572256418645 763.6
7637 0.7608029729655975 763.7
7638 0.7608489933700419 763.8000000000001
7639 0.7608953052067764 763.9000000000001
7640 0.7609419851307121 764
7641 0.760989125739818 764.1
7642 0.7610364242694082 764.2
7643 0.7610846754932584 764.3000000000001
7644 0.7611332492037104 764.4000000000001
7645 0.7611787053844987 764.5
7646 0.7612256644136118 764.6
7647 0.7612739403644119 764.7
7648 0.7613232475791198 764.8000000000001
7649 0.7613734652300148 764.9000000000001
7650 0.7614243399949319 765
7651 0.7614756875314098 765.1
7652 0.7615273235311559 765.2
7653 0.7615777694909232 765.3000000000001
7654 0.7616291018232828 765.4000000000001
7655 0.7616796073580093 765.5
7656 0.761725790705474 765.6
7657 0.7617730821551193 765.7
7658 0.7618209591471031 765.8000000000001
7659 0.7618678925140161 765.9000000000001
7660 0.7619143349619335 766
7661 0.7619603469836626 766.1
7662 0.7620066140599417 766.2
7663 0.7620535538725486 766.3000000000001
7664 0.7621016188584775 766.4000000000001
7665 0.7621436707278763 766.5
7666 0.7621868913683854 766.6
7667 0.7622309935057829 766.7
7668 0.7622756996987453 766.8000000000001
7669 0.7623211161504998 766.9000000000001
7670 0.7623672710425217 767
7671 0.7624148131472395 767.1
7672 0.7624627518763291 767.2
7673 0.7625059207523566 767.3000000000001
7674 0.7625506733635831 767.4000000000001
7675 0.7625964982413929 767.5
7676 0.7626432910832637 767.6
7677 0.7626906573303167 767.7
7678 0.7627394560084693 767.8000000000001
7679 0.7627867799739169 767.9000000000001
7680 0.7628303636560585 768
7681 0.7628753634021279 768.1
7682 0.7629212500101321 768.2
7683 0.7629679634357531 768.3000000000001
7684 0.7630152976319753 768.4000000000001
7685 0.7630637535186893 768.5
7686 0.7631050220447569 768.6
7687 0.7631477862699029 768.7
7688 0.7631916430706457 768.8000000000001
7689 0.7632366520185808 768.9000000000001
7690 0.7632832514173743 769
7691 0.7633315291173908 769.1
7692 0.7633746570012068 769.2
7693 0.7634172539000244 769.3000000000001
7694 0.7634613170073755 769.4000000000001
7695 0.7635064004504795 769.5
7696 0.7635521908612781 769.6
7697 0.7635996586812395 769.7
7698 0.7636473892677462 769.8000000000001
7699 0.763689805060112 769.9000000000001
7700 0.7637332128972325 770
7701 0.7637770004566068 770.1
7702 0.7638217451465009 770.2
7703 0.763867642012127 770.3000000000001
7704 0.7639150366459646 770.4000000000001
7705 0.7639624982146556 770.5
7706 0.7640052212800735 770.6
7707 0.7640489597765654 770.7
7708 0.7640930234945351 770.8000000000001
7709 0.7641367305298714 770.9000000000001
7710 0.7641806768108291 771
7711 0.7642252266460426 771.1
7712 0.7642700311260501 771.2
7713 0.7643130544743387 771.3000000000001
7714 0.7643538790357005 771.4000000000001
7715 0.764395627173855 771.5
7716 0.7644379649946346 771.6
7717 0.7644808479164015 771.7
7718 0.764524423068234 771.8000000000001
7719 0.7645690562175326 771.9000000000001
7720 0.7646152067166909 772
7721 0.7646630503132398 772.1
7722 0.7647081987540172 772.2
7723 0.7647533047088444 772.3000000000001
7724 0.7647995086169816 772.4000000000001
7725 0.7648461301041046 772.5
7726 0.7648926732726004 772.6
7727 0.7649390558210574 772.7
7728 0.7649853440782873 772.8000000000001
7729 0.7650311295563065 772.9000000000001
7730 0.7650767629843962 773
7731 0.7651235873645074 773.1
7732 0.7651685846221038 773.2
7733 0.7652125767109829 773.3000000000001
7734 0.765257302092642 773.4000000000001
7735 0.7653024231960661 773.5
7736 0.7653476970425837 773.6
7737 0.7653921539678505 773.7
7738 0.765436901208553 773.8000000000001
7739 0.7654824640054463 773.9000000000001
7740 0.7655291055026805 774
7741 0.7655770948832946 774.1
7742 0.7656265933572799 774.2
7743 0.765677607535281 774.3000000000001
7744 0.7657268227905449 774.4000000000001
7745 0.7657752523364255 774.5
7746 0.7658237147720287 774.6
7747 0.7658705353148894 774.7
7748 0.7659156379598855 774.8000000000001
7749 0.7659596151796562 774.9000000000001
7750 0.7660032324900667 775
7751 0.766046858807462 775.1
7752 0.766090913111432 775.2
7753 0.7661358002758405 775.3000000000001
7754 0.7661796152376305 775.4000000000001
7755 0.7662241169605126 775.5
7756 0.7662704714065841 775.6
7757 0.7663187757332278 775.7
7758 0.766368874628083 775.8000000000001
7759 0.7664170422807492 775.9000000000001
7760 0.7664661860668698 776
7761 0.7665155465256036 776.1
7762 0.7665644018836154 776.2
7763 0.7666123894508049 776.3000000000001
7764 0.7666587615425271 776.4000000000001
7765 0.7667029866274125 776.5
7766 0.7667464740218585 776.6
7767 0.7667885599689376 776.7
7768 0.7668302384669943 776.8000000000001
7769 0.766872468628956 776.9000000000001
7770 0.7669155953602508 777
7771 0.7669599320512429 777.1
7772 0.7670057712455214 777.2
7773 0.7670520655906732 777.3000000000001
7774 0.7670975076498336 777.4000000000001
7775 0.7671449367114603 777.5
7776 0.7671936932528788 777.6
7777 0.7672430009443982 777.7
7778 0.7672911439747047 777.8000000000001
7779 0.7673395697095018 777.9000000000001
7780 0.7673874386343591 778
7781 0.7674333355824368 778.1
7782 0.7674776495440014 778.2
7783 0.7675214790168732 778.3000000000001
7784 0.7675649994904709 778.4000000000001
7785 0.7676085112952025 778.5
7786 0.7676523669795907 778.6
7787 0.7676969519915452 778.7
7788 0.7677426345784161 778.8000000000001
7789 0.7677897093338056 778.9000000000001
7790 0.7678365736312845 779
7791 0.767882795785698 779.1
7792 0.7679305918638475 779.2
7793 0.7679800320468307 779.3000000000001
7794 0.7680306850051429 779.4000000000001
7795 0.7680818792704558 779.5
7796 0.7681316213893287 779.6
7797 0.7681794776167832 779.7
7798 0.7682258712666775 779.8000000000001
7799 0.7682714698132652 779.9000000000001
7800 0.7683168961572251 780
7801 0.7683625231509431 780.1
7802 0.7684085479186895 780.2
7803 0.7684539493000626 780.3000000000001
7804 0.768499146171472 780.4000000000001
7805 0.7685454007289289 780.5
7806 0.7685895869170543 780.6
7807 0.76863375314128 780.7
7808 0.7686812527200696 780.8000000000001
7809 0.7687324318850088 780.9000000000001
7810 0.7687882827052636 781
7811 0.7688460825029473 781.1
7812 0.7689013243172464 781.2
7813 0.7689531952879444 781.3000000000001
7814 0.7689942130207243 781.4000000000001
7815 0.7690341807872429 781.5
7816 0.7690753183598072 781.6
7817 0.7691169379579552 781.7
7818 0.7691601512246047 781.8000000000001
7819 0.7692039531584655 781.9000000000001
7820 0.7692441899675494 782
7821 0.7692860722331176 782.1
7822 0.7693281036289088 782.2
7823 0.7693713364872155 782.3000000000001
7824 0.7694153442845834 782.4000000000001
7825 0.769460336754734 782.5
7826 0.7695062127693154 782.6
7827 0.7695528682862676 782.7
7828 0.7695998622228535 782.8000000000001
7829 0.7696473874209564 782.9000000000001
7830 0.7696955891967305 783
7831 0.7697442370118605 783.1
7832 0.7697936372127738 783.2
7833 0.7698397660568299 783.3000000000001
7834 0.7698848338437599 783.4000000000001
7835 0.7699301831911718 783.5
7836 0.7699760673952226 783.6
7837 0.770022346425674 783.7
7838 0.7700691161769792 783.8000000000001
7839 0.7701163444647003 783.9000000000001
7840 0.7701634103389174 784
7841 0.7702093244287305 784.1
7842 0.7702547314967411 784.2
7843 0.7703011495848221 784.3000000000001
7844 0.7703490596945962 784.4000000000001
7845 0.7703987881473836 784.5
7846 0.7704441928890343 784.6
7847 0.7704900507048182 784.7
7848 0.7705371240884863 784.8000000000001
7849 0.7705847397193492 784.9000000000001
7850 0.7706320792273073 785
7851 0.770678605740879 785.1
7852 0.7707231245894464 785.2
7853 0.7707662806687533 785.3000000000001
7854 0.7708092883108605 785.4000000000001
7855 0.7708525753161242 785.5
7856 0.7708966649855897 785.6
7857 0.7709420998136166 785.7
7858 0.7709871339069848 785.8000000000001
7859 0.7710311616835556 785.9000000000001
7860 0.7710766964278806 786
7861 0.7711233981451744 786.1
7862 0.7711711406717033 786.2
7863 0.7712195894927264 786.3000000000001
7864 0.7712684905298102 786.4000000000001
7865 0.7713169761185549 786.5
7866 0.7713658954141872 786.6
7867 0.7714154822571886 786.7
7868 0.7714659208383535 786.8000000000001
7869 0.7715165437326519 786.9000000000001
7870 0.771567584390658 787
7871 0.7716151026296585 787.1
7872 0.771663305771714 787.2
7873 0.771710498585406 787.3000000000001
7874 0.7717568167139817 787.4000000000001
7875 0.7718016417087377 787.5
7876 0.7718463049360952 787.6
7877 0.7718909393780045 787.7
7878 0.7719357603702953 787.8000000000001
7879 0.7719810222011328 787.9000000000001
7880 0.7720265217394292 788
7881 0.7720732475609876 788.1
7882 0.7721216003678065 788.2
7883 0.7721687342122102 788.3000000000001
7884 0.7722158697011643 788.4000000000001
7885 0.7722642786995373 788.5
7886 0.7723134728273799 788.6
7887 0.7723629600682597 788.7
7888 0.7724115811780471 788.8000000000001
7889 0.7724591567755515 788.9000000000001
7890 0.7725067054863531 789
7891 0.7725542617329827 789.1
7892 0.7726018881216552 789.2
7893 0.7726497014173959 789.3000000000001
7894 0.7726979828113674 789.4000000000001
7895 0.772745961815981 789.5
7896 0.7727918129120427 789.6
7897 0.7728377764396537 789.7
7898 0.7728839822140215 789.8000000000001
7899 0.7729283653849387 789.9000000000001
7900 0.7729731236216318 790
7901 0.7730180539508045 790.1
7902 0.7730631054810498 790.2
7903 0.7731083692907734 790.3000000000001
7904 0.7731540389484958 790.4000000000001
7905 0.7732001133454289 790.5
7906 0.7732469694702695 790.6
7907 0.7732950463597608 790.7
7908 0.7733441899719004 790.8000000000001
7909 0.7733949933644702 790.9000000000001
7910 0.7734439437208347 791
7911 0.7734937190396838 791.1
7912 0.7735443770660225 791.2
7913 0.7735955428611623 791.3000000000001
7914 0.7736469093857865 791.4000000000001
7915 0.7736983045744246 791.5
7916 0.7737496583896564 791.6
7917 0.7738009819532863 791.7
7918 0.7738524963710512 791.8000000000001
7919 0.7739030703252197 791.9000000000001
7920 0.7739505572041518 792
7921 0.7739995144638354 792.1
7922 0.7740503734737736 792.2
7923 0.7741034251345531 792.3000000000001
7924 0.7741577469022392 792.4000000000001
7925 0.7742098733277352 792.5
7926 0.7742631983944319 792.6
7927 0.7743157578963575 792.7
7928 0.7743675783573802 792.8000000000001
7929 0.7744185953916741 792.9000000000001
7930 0.7744674227565755 793
7931 0.7745150281416456 793.1
7932 0.7745617156976511 793.2
7933 0.7746078789832994 793.3000000000001
7934 0.7746540658234364 793.4000000000001
7935 0.7747004860133913 793.5
7936 0.7747465738783706 793.6
7937 0.7747932153965061 793.7
7938 0.7748404514542975 793.8000000000001
7939 0.774885515031174 793.9000000000001
7940 0.7749322321882498 794
7941 0.774978056358037 794.1
7942 0.775024170078059 794.2
7943 0.7750706769295405 794.3000000000001
7944 0.7751168726918024 794.4000000000001
7945 0.7751629424907578 794.5
7946 0.7752082833380902 794.6
7947 0.7752527541268274 794.7
7948 0.7752969417849095 794.8000000000001
7949 0.7753410123151078 794.9000000000001
7950 0.7753840754139797 795
7951 0.7754266154232964 795.1
7952 0.7754694547730759 795.2
7953 0.7755128378839033 795.3000000000001
7954 0.7755570486070286 795.4000000000001
7955 0.7756024031743526 795.5
7956 0.7756491860022324 795.6
7957 0.7756943969752592 795.7
7958 0.7757408630790114 795.8000000000001
7959 0.7757885656975431 795.9000000000001
7960 0.7758347249799873 796
7961 0.7758817821870593 796.1
7962 0.7759293690503161 796.2
7963 0.7759771797276518 796.3000000000001
7964 0.7760249473251697 796.4000000000001
7965 0.7760722623946604 796.5
7966 0.7761194428442857 796.6
7967 0.7761666198253212 796.7
7968 0.7762138687278508 796.8000000000001
7969 0.7762613669983701 796.9000000000001
7970 0.7763093143534932 797
7971 0.7763578937025971 797.1
7972 0.7764073002645532 797.2
7973 0.7764577867427045 797.3000000000001
7974 0.7765082711744251 797.4000000000001
7975 0.7765576824968277 797.5
7976 0.7766087350178933 797.6
7977 0.776661456602611 797.7
7978 0.776715669010448 797.8000000000001
7979 0.7767705266484451 797.9000000000001
7980 0.7768264182898221 798
7981 0.7768813186546938 798.1
7982 0.7769346847360012 798.2
7983 0.7769866804081007 798.3000000000001
7984 0.7770364490757594 798.4000000000001
7985 0.7770856060103802 798.5
7986 0.7771341992735527 798.6
7987 0.7771822821098567 798.7
7988 0.7772300035625402 798.8000000000001
7989 0.777277579178232 798.9000000000001
7990 0.7773252733835549 799
7991 0.777372074150584 799.1
7992 0.7774164117381538 799.2
7993 0.7774608571752203 799.3000000000001
7994 0.7775055579903992 799.4000000000001
7995 0.7775506193932826 799.5
7996 0.777596243621559 799.6
7997 0.7776421237092226 799.7
7998 0.7776876500432192 799.8000000000001
7999 0.7777331706911588 799.9000000000001
8000 0.7777786566415955 800
8001 0.7778242448843716 800.1
8002 0.7778700615855076 800.2
8003 0.7779162476010238 800.3000000000001
8004 0.7779629137393927 800.4000000000001
8005 0.7780103277780439 800.5
8006 0.7780587800296523 800.6
8007 0.7781083735696115 800.7
8008 0.7781575537935986 800.8000000000001
8009 0.7782056803104034 800.9000000000001
8010 0.7782523648771679 801
8011 0.7782997275616865 801.1
8012 0.7783471661047001 801.2
8013 0.7783948596546391 801.3000000000001
8014 0.7784425159625272 801.4000000000001
8015 0.7784899385474924 801.5
8016 0.7785370252738986 801.6
8017 0.7785838462428001 801.7
8018 0.778630566438434 801.8000000000001
8019 0.7786773607714141 801.9000000000001
8020 0.7787244614599779 802
8021 0.778772122892636 802.1
8022 0.778820580506399 802.2
8023 0.7788700578798032 802.3000000000001
8024 0.7789207702573856 802.4000000000001
8025 0.7789715489258577 802.5
8026 0.7790214306456027 802.6
8027 0.7790725695110675 802.7
8028 0.7791246822716091 802.8000000000001
8029 0.7791775276942725 802.9000000000001
8030 0.7792309343954595 803
8031 0.7792837776951924 803.1
8032 0.7793365646616889 803.2
8033 0.7793895452414598 803.3000000000001
8034 0.7794430890799804 803.4000000000001
8035 0.7794972879673133 803.5
8036 0.7795521449435934 803.6
8037 0.7796070002599995 803.7
8038 0.7796625017212769 803.8000000000001
8039 0.7797151470713178 803.9000000000001
8040 0.7797672123302652 804
8041 0.7798188022705286 804.1
8042 0.779870687432917 804.2
8043 0.7799216309000314 804.3000000000001
8044 0.7799713544985553 804.4000000000001
8045 0.7800208673560285 804.5
8046 0.7800690180004599 804.6
8047 0.7801165935516152 804.7
8048 0.7801639055501286 804.8000000000001
8049 0.7802109895541635 804.9000000000001
8050 0.7802580310475263 805
8051 0.7803053419643354 805.1
8052 0.7803532569868094 805.2
8053 0.7803974950605248 805.3000000000001
8054 0.7804427492434574 805.4000000000001
8055 0.780487331730454 805.5
8056 0.7805332091884053 805.6
8057 0.7805806003602398 805.7
8058 0.7806297770904387 805.8000000000001
8059 0.7806807820833509 805.9000000000001
8060 0.7807335095706518 806
8061 0.7807879504658852 806.1
8062 0.7808417616654919 806.2
8063 0.7808943387445528 806.3000000000001
8064 0.7809465541463679 806.4000000000001
8065 0.7809980555879535 806.5
8066 0.7810478117874811 806.6
8067 0.7810922552828432 806.7
8068 0.7811348182982247 806.8000000000001
8069 0.7811791582171862 806.9000000000001
8070 0.7812251902890438 807
8071 0.7812702352586294 807.1
8072 0.7813193440026144 807.2
8073 0.7813726450928491 807.3000000000001
8074 0.7814264524990853 807.4000000000001
8075 0.7814779404613571 807.5
8076 0.7815175249399867 807.6
8077 0.7815601905029039 807.7
8078 0.7816083060389537 807.8000000000001
8079 0.7816591900998824 807.9000000000001
8080 0.7817113699224915 808
8081 0.7817607426759813 808.1
8082 0.7818076970562574 808.2
8083 0.7818514989942679 808.3000000000001
8084 0.781889689636983 808.4000000000001
8085 0.7819280262904061 808.5
8086 0.7819665794300726 808.6
8087 0.7820053174911026 808.7
8088 0.7820431203644804 808.8000000000001
8089 0.7820827242127401 808.9000000000001
8090 0.7821243263242398 809
8091 0.7821683080234395 809.1
8092 0.7822146502659484 809.2
8093 0.7822631568888498 809.3000000000001
8094 0.7823128716116649 809.4000000000001
8095 0.7823638745220434 809.5
8096 0.7824137775969761 809.6
8097 0.7824627693303646 809.7
8098 0.7825120970308302 809.8000000000001
8099 0.7825620965887714 809.9000000000001
8100 0.782612635465639 810
8101 0.78265799967858 810.1
8102 0.7827010862530138 810.2
8103 0.7827449144614961 810.3000000000001
8104 0.7827893014527988 810.4000000000001
8105 0.7828337084486185 810.5
8106 0.7828776659767127 810.6
8107 0.7829214298026259 810.7
8108 0.7829658760905885 810.8000000000001
8109 0.7830110939651305 810.9000000000001
8110 0.7830575409529366 811
8111 0.7831048127691177 811.1
8112 0.7831529269120771 811.2
8113 0.7832023003490637 811.3000000000001
8114 0.7832523200589814 811.4000000000001
8115 0.7833028558120053 811.5
8116 0.7833533781200637 811.6
8117 0.7834036485358677 811.7
8118 0.7834532743636493 811.8000000000001
8119 0.7835011581777781 811.9000000000001
8120 0.7835446386357305 812
8121 0.7835859188161639 812.1
8122 0.7836261536667228 812.2
8123 0.7836668525437508 812.3000000000001
8124 0.7837079358301895 812.4000000000001
8125 0.7837495109819034 812.5
8126 0.7837916824873455 812.6
8127 0.7838348042585728 812.7
8128 0.7838791531368704 812.8000000000001
8129 0.783925012958878 812.9000000000001
8130 0.7839725465801036 813
8131 0.7840219108984341 813.1
8132 0.7840732014646202 813.2
8133 0.7841260974930286 813.3000000000001
8134 0.7841794999035954 813.4000000000001
8135 0.7842311780573392 813.5
8136 0.7842829598668845 813.6
8137 0.7843343415171663 813.7
8138 0.7843850849545858 813.8000000000001
8139 0.7844298735419803 813.9000000000001
8140 0.7844722538713522 814
8141 0.7845151739158719 814.1
8142 0.7845586953474888 814.2
8143 0.7846019142565418 814.3000000000001
8144 0.7846438492354709 814.4000000000001
8145 0.7846864215090495 814.5
8146 0.7847295154497423 814.6
8147 0.7847734648491482 814.7
8148 0.7848183822971745 814.8000000000001
8149 0.7848644163075694 814.9000000000001
8150 0.784911671482135 815
8151 0.7849601348713975 815.1
8152 0.7850096286117686 815.2
8153 0.7850593696432213 815.3000000000001
8154 0.7851092663446799 815.4000000000001
8155 0.7851594316707158 815.5
8156 0.7852095997010466 815.6
8157 0.7852594953001583 815.7
8158 0.7853050384144473 815.8000000000001
8159 0.7853483561704582 815.9000000000001
8160 0.7853892178074151 816
8161 0.785428870058597 816.1
8162 0.7854690579622905 816.2
8163 0.7855101984531917 816.3000000000001
8164 0.7855526623704077 816.4000000000001
8165 0.7855965574210814 816.5
8166 0.7856420272998915 816.6
8167 0.7856896720135597 816.7
8168 0.785737223247494 816.8000000000001
8169 0.7857863189065147 816.9000000000001
8170 0.7858374981431643 817
8171 0.7858903527938328 817.1
8172 0.7859434108932547 817.2
8173 0.7859965725835577 817.3000000000001
8174 0.7860492226973734 817.4000000000001
8175 0.7861014604373053 817.5
8176 0.7861533742434513 817.6
8177 0.7862025395932675 817.7
8178 0.7862468806277177 817.8000000000001
8179 0.786290976144554 817.9000000000001
8180 0.7863352941968222 818
8181 0.7863798914604681 818.1
8182 0.7864228215017269 818.2
8183 0.7864661035273605 818.3000000000001
8184 0.7865102354318417 818.4000000000001
8185 0.7865555590783017 818.5
8186 0.7866021343445789 818.6
8187 0.7866499776758558 818.7
8188 0.7866991793363429 818.8000000000001
8189 0.7867495553104575 818.9000000000001
8190 0.7868008892490417 819
8191 0.7868528475542544 819.1
8192 0.7869053805776947 819.2
8193 0.7869561861288425 819.3000000000001
8194 0.7870065323531167 819.4000000000001
8195 0.7870563754265941 819.5
8196 0.7871053771927066 819.6
8197 0.7871496015411782 819.7
8198 0.7871932302574289 819.8000000000001
8199 0.7872368435256042 819.9000000000001
8200 0.7872812089152957 820
8201 0.7873260673004947 820.1
8202 0.7873709740073631 820.2
8203 0.7874150309933013 820.3000000000001
8204 0.7874582067534603 820.4000000000001
8205 0.7875013690801895 820.5
8206 0.787545221006312 820.6
8207 0.7875894836084559 820.7
8208 0.7876332653836757 820.8000000000001
8209 0.7876779122629932 820.9000000000001
8210 0.7877235689402204 821
8211 0.7877702188323382 821.1
8212 0.7878175038532834 821.2
8213 0.7878650342265787 821.3000000000001
8214 0.787912823186799 821.4000000000001
8215 0.7879612154778107 821.5
8216 0.78800880599531 821.6
8217 0.788053209309128 821.7
8218 0.7880977689769398 821.8000000000001
8219 0.7881424032236897 821.9000000000001
8220 0.788187759419303 822
8221 0.7882336383267675 822.1
8222 0.788279168603787 822.2
8223 0.7883230038649403 822.3000000000001
8224 0.7883668471393235 822.4000000000001
8225 0.7884101370464086 822.5
8226 0.7884525447097012 822.6
8227 0.7884955437478068 822.7
8228 0.7885393658161491 822.8000000000001
8229 0.7885840882377194 822.9000000000001
8230 0.7886294509130428 823
8231 0.7886752637251533 823.1
8232 0.7887215964377254 823.2
8233 0.7887682942922608 823.3000000000001
8234 0.7888153889065086 823.4000000000001
8235 0.7888629639794277 823.5
8236 0.7889090219287012 823.6
8237 0.7889523547166829 823.7
8238 0.7889947683251873 823.8000000000001
8239 0.7890382989359875 823.9000000000001
8240 0.7890829397234007 824
8241 0.7891287924500872 824.1
8242 0.7891757706052358 824.2
8243 0.7892238618795573 824.3000000000001
8244 0.7892730646248534 824.4000000000001
8245 0.7893229991024183 824.5
8246 0.7893734534596011 824.6
8247 0.7894232251157479 824.7
8248 0.7894730959900508 824.8000000000001
8249 0.7895238645402347 824.9000000000001
8250 0.7895755330767786 825
8251 0.789627912650116 825.1
8252 0.7896804676784681 825.2
8253 0.7897323997325649 825.3000000000001
8254 0.7897848129371535 825.4000000000001
8255 0.7898371322331509 825.5
8256 0.7898892082971453 825.6
8257 0.7899372256608165 825.7
8258 0.7899800646940581 825.8000000000001
8259 0.7900228692875153 825.9000000000001
8260 0.7900650436281909 826
8261 0.7901068129658283 826.1
8262 0.7901475259298151 826.2
8263 0.7901888460229703 826.3000000000001
8264 0.7902297857731245 826.4000000000001
8265 0.790271416247377 826.5
8266 0.7903131969359505 826.6
8267 0.7903560615711126 826.7
8268 0.7904000467504699 826.8000000000001
8269 0.7904451193119454 826.9000000000001
8270 0.7904906126903519 827
8271 0.7905363583765466 827.1
8272 0.7905824144794393 827.2
8273 0.7906276723530541 827.3000000000001
8274 0.790672072083732 827.4000000000001
8275 0.7907162160090736 827.5
8276 0.7907600024395338 827.6
8277 0.7908034235961291 827.7
8278 0.7908466411188249 827.8000000000001
8279 0.7908893352759052 827.9000000000001
8280 0.7909276067448846 828
8281 0.7909670006616564 828.1
8282 0.7910076695674676 828.2
8283 0.7910488670042159 828.3000000000001
8284 0.7910912938510217 828.4000000000001
8285 0.7911350802647212 828.5
8286 0.7911803131895238 828.6
8287 0.7912269065905241 828.7
8288 0.7912746778319955 828.8000000000001
8289 0.7913232659319664 828.9000000000001
8290 0.7913707330375688 829
8291 0.7914181418939805 829.1
8292 0.791466433829185 829.2
8293 0.7915150602620699 829.3000000000001
8294 0.7915651206081291 829.4000000000001
8295 0.7916163154547473 829.5
8296 0.7916682085464484 829.6
8297 0.7917205741115872 829.7
8298 0.7917719560460419 829.8000000000001
8299 0.7918221215204091 829.9000000000001
8300 0.7918712411113645 830
8301 0.7919185620969481 830.1
8302 0.7919641017877354 830.2
8303 0.7920086860216039 830.3000000000001
8304 0.7920500562323369 830.4000000000001
8305 0.7920886616596465 830.5
8306 0.792126925186532 830.6
8307 0.7921646094358556 830.7
8308 0.7922029047611502 830.8000000000001
8309 0.7922419278890954 830.9000000000001
8310 0.7922813803708241 831
8311 0.7923213467948927 831.1
8312 0.7923616903240674 831.2
8313 0.7924027103590184 831.3000000000001
8314 0.7924446790226004 831.4000000000001
8315 0.7924877147901164 831.5
8316 0.7925319006462945 831.6
8317 0.792577456133545 831.7
8318 0.7926246380834396 831.8000000000001
8319 0.792673409856816 831.9000000000001
8320 0.7927236176492009 832
8321 0.7927756132682084 832.1
8322 0.7928290470350641 832.2
8323 0.792884450631355 832.3000000000001
8324 0.7929412258331333 832.4000000000001
8325 0.7929984622644609 832.5
8326 0.7930555532807877 832.6
8327 0.7931127052161382 832.7
8328 0.7931683491787073 832.8000000000001
8329 0.7932220848271019 832.9000000000001
8330 0.7932750030128701 833
8331 0.7933262534614434 833.1
8332 0.7933744507865733 833.2
8333 0.793415925754518 833.3000000000001
8334 0.7934562778367801 833.4000000000001
8335 0.7934948964512868 833.5
8336 0.793533350462472 833.6
8337 0.7935717826404982 833.7
8338 0.7936103936455048 833.8000000000001
8339 0.7936491477382513 833.9000000000001
8340 0.7936884033427259 834
8341 0.7937281695353025 834.1
8342 0.7937683593925843 834.2
8343 0.7938101454262373 834.3000000000001
8344 0.7938542847764295 834.4000000000001
8345 0.7939004679918572 834.5
8346 0.7939486907976183 834.6
8347 0.7939999102549792 834.7
8348 0.7940517416466715 834.8000000000001
8349 0.7941023807909748 834.9000000000001
8350 0.7941509189710857 835
8351 0.7941928886647416 835.1
8352 0.7942292165929078 835.2
8353 0.7942679968184362 835.3000000000001
8354 0.7943077997626298 835.4000000000001
8355 0.7943494983111602 835.5
8356 0.7943928380012629 835.6
8357 0.794436015742383 835.7
8358 0.7944799592650014 835.8000000000001
8359 0.794523698930525 835.9000000000001
8360 0.7945681978470976 836
8361 0.7946130440269449 836.1
8362 0.7946579945856256 836.2
8363 0.7946991395280317 836.3000000000001
8364 0.7947395113753076 836.4000000000001
8365 0.7947799965736835 836.5
8366 0.7948211367124116 836.6
8367 0.7948633842693907 836.7
8368 0.7949046671441407 836.8000000000001
8369 0.7949460207190906 836.9000000000001
8370 0.7949866132209261 837
8371 0.7950270657175785 837.1
8372 0.7950668927085494 837.2
8373 0.7951075261249423 837.3000000000001
8374 0.7951492526979642 837.4000000000001
8375 0.7951918584962457 837.5
8376 0.7952351354252585 837.6
8377 0.7952789220144564 837.7
8378 0.79532313047562 837.8000000000001
8379 0.7953675723219713 837.9000000000001
8380 0.7954109603751869 838
8381 0.7954543462476397 838.1
8382 0.7954983797435613 838.2
8383 0.7955433926555558 838.3000000000001
8384 0.7955893968773249 838.4000000000001
8385 0.7956364375505274 838.5
8386 0.7956845626803455 838.6
8387 0.7957336174689185 838.7
8388 0.7957832263164204 838.8000000000001
8389 0.7958306662542911 838.9000000000001
8390 0.7958770081435054 839
8391 0.7959237742684827 839.1
8392 0.7959689564338396 839.2
8393 0.7960146713658205 839.3000000000001
8394 0.7960609201677394 839.4000000000001
8395 0.7961076510722471 839.5
8396 0.796154714303569 839.6
8397 0.7962019630794451 839.7
8398 0.7962491652818434 839.8000000000001
8399 0.7962963219909751 839.9000000000001
8400 0.7963434183456295 840
8401 0.7963904803984609 840.1
8402 0.7964375893817657 840.2
8403 0.7964841175121827 840.3000000000001
8404 0.7965268497685117 840.4000000000001
8405 0.7965704361113302 840.5
8406 0.7966149125825499 840.6
8407 0.7966604939404494 840.7
8408 0.7967071274961428 840.8000000000001
8409 0.7967538187108156 840.9000000000001
8410 0.7968014160162378 841
8411 0.7968496914956703 841.1
8412 0.7968976813003137 841.2
8413 0.7969451991927672 841.3000000000001
8414 0.7969910354895849 841.4000000000001
8415 0.7970337035197869 841.5
8416 0.7970757456563387 841.6
8417 0.7971173524620095 841.7
8418 0.7971583562450388 841.8000000000001
8419 0.7971993670565716 841.9000000000001
8420 0.7972410865896554 842
8421 0.7972836733180889 842.1
8422 0.7973255157884811 842.2
8423 0.7973663720289982 842.3000000000001
8424 0.7974080956208782 842.4000000000001
8425 0.7974507738401421 842.5
8426 0.7974945257159587 842.6
8427 0.7975386316950653 842.7
8428 0.7975830482595747 842.8000000000001
8429 0.7976286076104555 842.9000000000001
8430 0.7976752004041227 843
8431 0.7977228094510098 843.1
8432 0.7977715285344734 843.2
8433 0.797820905133885 843.3000000000001
8434 0.7978713609528618 843.4000000000001
8435 0.7979222014047525 843.5
8436 0.7979724439635725 843.6
8437 0.7980200501320054 843.7
8438 0.7980669495074563 843.8000000000001
8439 0.7981136395681687 843.9000000000001
8440 0.7981600315474441 844
8441 0.7982061173702801 844.1
8442 0.7982520291575566 844.2
8443 0.7982981035343585 844.3000000000001
8444 0.7983446360156317 844.4000000000001
8445 0.7983915764514132 844.5
8446 0.7984386961515498 844.6
8447 0.7984863103624731 844.7
8448 0.7985342583050011 844.8000000000001
8449 0.7985823277401966 844.9000000000001
8450 0.7986303961629712 845
8451 0.7986777910202243 845.1
8452 0.798724944570288 845.2
8453 0.7987722352345872 845.3000000000001
8454 0.7988192937278401 845.4000000000001
8455 0.7988624945627242 845.5
8456 0.798906732631947 845.6
8457 0.798951617880398 845.7
8458 0.7989966031045554 845.8000000000001
8459 0.7990404599813854 845.9000000000001
8460 0.7990823112099067 846
8461 0.7991225056956431 846.1
8462 0.7991624512433677 846.2
8463 0.7992022166560894 846.3000000000001
8464 0.799241433820131 846.4000000000001
8465 0.799280156080596 846.5
8466 0.7993188723943392 846.6
8467 0.7993582619239029 846.7
8468 0.7993986511068234 846.8000000000001
8469 0.7994400403525891 846.9000000000001
8470 0.7994823581954899 847
8471 0.7995235881466656 847.1
8472 0.7995657161885152 847.2
8473 0.7996087140550902 847.3000000000001
8474 0.7996524456707361 847.4000000000001
8475 0.7996967373497355 847.5
8476 0.7997412009780022 847.6
8477 0.7997868657500188 847.7
8478 0.7998337289385873 847.8000000000001
8479 0.799879927367257 847.9000000000001
8480 0.7999272446975296 848
8481 0.7999757643860032 848.1
8482 0.8000253128296904 848.2
8483 0.8000732713024019 848.3000000000001
8484 0.8001220129701736 848.4000000000001
8485 0.8001710750187935 848.5
8486 0.8002194689354835 848.6
8487 0.8002679709547699 848.7
8488 0.8003158917765089 848.8000000000001
8489 0.8003636873952426 848.9000000000001
8490 0.8004111960436855 849
8491 0.800458490649438 849.1
8492 0.8005052457393385 849.2
8493 0.8005514136354096 849.3000000000001
8494 0.8005980089402183 849.4000000000001
8495 0.8006451768464031 849.5
8496 0.8006930700669581 849.6
8497 0.8007406849834504 849.7
8498 0.8007873968730387 849.8000000000001
8499 0.8008349954954233 849.9000000000001
8500 0.8008835474544421 850
8501 0.8009331207684348 850.1
8502 0.8009836448115106 850.2
8503 0.8010349266662294 850.3000000000001
8504 0.8010866263583172 850.4000000000001
8505 0.8011380921579517 850.5
8506 0.8011870493058943 850.6
8507 0.8012354757322655 850.7
8508 0.8012834919995718 850.8000000000001
8509 0.801331375949096 850.9000000000001
8510 0.8013793320633487 851
8511 0.8014272448954028 851.1
8512 0.8014744065193777 851.2
8513 0.8015173709622321 851.3000000000001
8514 0.801560228629647 851.4000000000001
8515 0.8016038943224225 851.5
8516 0.8016474915032329 851.6
8517 0.8016905033305654 851.7
8518 0.8017339542144457 851.8000000000001
8519 0.8017765818753457 851.9000000000001
8520 0.8018174057946711 852
8521 0.8018586635251167 852.1
8522 0.8019003255079103 852.2
8523 0.8019424159559084 852.3000000000001
8524 0.8019848920133225 852.4000000000001
8525 0.8020276611609901 852.5
8526 0.8020713053740994 852.6
8527 0.8021160117636807 852.7
8528 0.8021604229124294 852.8000000000001
8529 0.8022048264339172 852.9000000000001
8530 0.8022501077276486 853
8531 0.8022939433281825 853.1
8532 0.8023380110164715 853.2
8533 0.8023821283540682 853.3000000000001
8534 0.8024265533696116 853.4000000000001
8535 0.8024717737158359 853.5
8536 0.8025173489914181 853.6
8537 0.802561635518163 853.7
8538 0.8026057531091398 853.8000000000001
8539 0.8026494259225373 853.9000000000001
8540 0.8026925484709012 854
8541 0.8027355852323004 854.1
8542 0.8027775352511959 854.2
8543 0.8028196506812001 854.3000000000001
8544 0.8028621086961979 854.4000000000001
8545 0.8029050117894639 854.5
8546 0.8029478290647427 854.6
8547 0.8029910559151547 854.7
8548 0.8030350978000166 854.8000000000001
8549 0.8030798644150228 854.9000000000001
8550 0.8031258198985123 855
8551 0.8031729891899319 855.1
8552 0.8032213352814093 855.2
8553 0.8032707233941911 855.3000000000001
8554 0.8033208305645243 855.4000000000001
8555 0.8033708753448355 855.5
8556 0.8034180647010787 855.6
8557 0.8034636389609684 855.7
8558 0.8035095699542294 855.8000000000001
8559 0.8035556208460616 855.9000000000001
8560 0.8036021679764923 856
8561 0.8036491772148907 856.1
8562 0.803696836386479 856.2
8563 0.8037452982031306 856.3000000000001
8564 0.8037940518206051 856.4000000000001
8565 0.8038431555355093 856.5
8566 0.8038928919801864 856.6
8567 0.8039427560777559 856.7
8568 0.8039924778503812 856.8000000000001
8569 0.804041749622318 856.9000000000001
8570 0.8040909281193483 857
8571 0.8041391078560626 857.1
8572 0.8041847476514153 857.2
8573 0.8042317667970232 857.3000000000001
8574 0.8042799457151196 857.4000000000001
8575 0.8043294325167686 857.5
8576 0.8043800440117181 857.6
8577 0.8044314248573846 857.7
8578 0.8044824857419967 857.8000000000001
8579 0.8045316224505932 857.9000000000001
8580 0.8045796402337119 858
8581 0.8046270889616022 858.1
8582 0.8046718234425096 858.2
8583 0.8047153948908917 858.3000000000001
8584 0.8047583910276829 858.4000000000001
8585 0.8047999921490864 858.5
8586 0.8048406584767602 858.6
8587 0.8048801347409092 858.7
8588 0.8049193664761253 858.8000000000001
8589 0.8049588269968176 858.9000000000001
8590 0.8049995958821681 859
8591 0.8050414737598725 859.1
8592 0.8050839647940636 859.2
8593 0.8051285785979128 859.3000000000001
8594 0.8051718644193827 859.4000000000001
8595 0.8052148231545795 859.5
8596 0.8052623036129009 859.6
8597 0.8053099908993119 859.7
8598 0.8053587701557069 859.8000000000001
8599 0.8054086080963248 859.9000000000001
8600 0.805456100166244 860
8601 0.8054985294934706 860.1
8602 0.8055327838078156 860.2
8603 0.8055672864636713 860.3000000000001
8604 0.8056020997258718 860.4000000000001
8605 0.8056379826430771 860.5
8606 0.8056746212655159 860.6
8607 0.8057111741039732 860.7
8608 0.8057480375277829 860.8000000000001
8609 0.8057862444490789 860.9000000000001
8610 0.8058240267107878 861
8611 0.8058622435456253 861.1
8612 0.8059016327018746 861.2
8613 0.8059401009164142 861.3000000000001
8614 0.8059786604324669 861.4000000000001
8615 0.8060188813651318 861.5
8616 0.8060603889386289 861.6
8617 0.8061035234473424 861.7
8618 0.8061485376072732 861.8000000000001
8619 0.8061952327973957 861.9000000000001
8620 0.8062434236934691 862
8621 0.8062898410746565 862.1
8622 0.8063366209778369 862.2
8623 0.8063836563728886 862.3000000000001
8624 0.8064307407137826 862.4000000000001
8625 0.8064777205779471 862.5
8626 0.8065245010609752 862.6
8627 0.8065701626592193 862.7
8628 0.8066152991636654 862.8000000000001
8629 0.8066554287240745 862.9000000000001
8630 0.806696385914829 863
8631 0.8067386163448416 863.1
8632 0.8067823677277511 863.2
8633 0.8068277083626442 863.3000000000001
8634 0.8068743272119885 863.4000000000001
8635 0.8069203587345014 863.5
8636 0.8069678014928457 863.6
8637 0.8070166713635925 863.7
8638 0.807067051079307 863.8000000000001
8639 0.8071187715548019 863.9000000000001
8640 0.8071698565721123 864
8641 0.8072202450606256 864.1
8642 0.8072714301899465 864.2
8643 0.8073236855843398 864.3000000000001
8644 0.8073761733301053 864.4000000000001
8645 0.8074287631793793 864.5
8646 0.8074810092457162 864.6
8647 0.8075315214342406 864.7
8648 0.8075807172567125 864.8000000000001
8649 0.8076287946015098 864.9000000000001
8650 0.8076761538924844 865
8651 0.8077214032554466 865.1
8652 0.8077642136709001 865.2
8653 0.8078066701093009 865.3000000000001
8654 0.807848880657534 865.4000000000001
8655 0.8078908503098926 865.5
8656 0.8079328766169774 865.6
8657 0.8079727739700152 865.7
8658 0.8080127889998723 865.8000000000001
8659 0.808053039091268 865.9000000000001
8660 0.8080935037090879 866
8661 0.8081338667689286 866.1
8662 0.8081742845517785 866.2
8663 0.8082147261223442 866.3000000000001
8664 0.8082552697649156 866.4000000000001
8665 0.8082960015951961 866.5
8666 0.8083370041532409 866.6
8667 0.808378380503914 866.7
8668 0.808419881684199 866.8000000000001
8669 0.8084619744391102 866.9000000000001
8670 0.8085047210590577 867
8671 0.8085481182696864 867.1
8672 0.8085907996011457 867.2
8673 0.8086347080865295 867.3000000000001
8674 0.8086800883555114 867.4000000000001
8675 0.8087266167078316 867.5
8676 0.8087734438493193 867.6
8677 0.8088211000754273 867.7
8678 0.8088665288299733 867.8000000000001
8679 0.8089121014212419 867.9000000000001
8680 0.8089577010724632 868
8681 0.8090032258208931 868.1
8682 0.8090477146392683 868.2
8683 0.809087966175341 868.3000000000001
8684 0.8091291800894583 868.4000000000001
8685 0.8091713683037661 868.5
8686 0.8092148088440932 868.6
8687 0.8092589816521485 868.7
8688 0.8093041393996728 868.8000000000001
8689 0.8093500901608025 868.9000000000001
8690 0.8093965625101451 869
8691 0.8094432279833634 869.1
8692 0.8094883304010047 869.2
8693 0.8095317417564789 869.3000000000001
8694 0.8095739738300849 869.4000000000001
8695 0.8096169819070711 869.5
8696 0.8096605939381163 869.6
8697 0.8097046607741626 869.7
8698 0.8097498540609139 869.8000000000001
8699 0.8097955787393032 869.9000000000001
8700 0.8098425468107364 870
8701 0.8098908082893229 870.1
8702 0.8099402694709994 870.2
8703 0.8099896751637651 870.3000000000001
8704 0.8100385803321297 870.4000000000001
8705 0.8100871429625578 870.5
8706 0.8101350790429024 870.6
8707 0.8101809275371369 870.7
8708 0.8102265716787604 870.8000000000001
8709 0.8102719816949829 870.9000000000001
8710 0.8103171645981994 871
8711 0.8103617872934953 871.1
8712 0.810405842813824 871.2
8713 0.8104497452734164 871.3000000000001
8714 0.8104932933482795 871.4000000000001
8715 0.8105368554388943 871.5
8716 0.8105803663191423 871.6
8717 0.8106237309872094 871.7
8718 0.8106668762849949 871.8000000000001
8719 0.8107098093334482 871.9000000000001
8720 0.8107522606079415 872
8721 0.8107940231598859 872.1
8722 0.8108362246560589 872.2
8723 0.8108791160484667 872.3000000000001
8724 0.810922837111086 872.4000000000001
8725 0.810966763432895 872.5
8726 0.8110107934285373 872.6
8727 0.811056070902907 872.7
8728 0.8111025436882352 872.8000000000001
8729 0.8111498251200561 872.9000000000001
8730 0.8111974313070407 873
8731 0.8112438036559485 873.1
8732 0.8112891752595099 873.2
8733 0.8113334479358772 873.3000000000001
8734 0.8113778121256824 873.4000000000001
8735 0.811419094182251 873.5
8736 0.8114584043397229 873.6
8737 0.811498469346231 873.7
8738 0.8115397781916631 873.8000000000001
8739 0.8115825463966315 873.9000000000001
8740 0.8116268776728094 874
8741 0.8116727021047098 874.1
8742 0.8117197789640783 874.2
8743 0.8117676749351163 874.3000000000001
8744 0.8118162036856021 874.4000000000001
8745 0.8118652063633248 874.5
8746 0.8119124381841217 874.6
8747 0.8119590948771318 874.7
8748 0.8120030889746197 874.8000000000001
8749 0.8120475281889102 874.9000000000001
8750 0.8120921150460859 875
8751 0.8121368454501998 875.1
8752 0.8121819556176387 875.2
8753 0.8122274484799882 875.3000000000001
8754 0.8122734511987677 875.4000000000001
8755 0.8123200652154475 875.5
8756 0.8123673156462399 875.6
8757 0.8124152786981573 875.7
8758 0.812464052852221 875.8000000000001
8759 0.812513895939888 875.9000000000001
8760 0.8125618113315716 876
8761 0.8126088498672857 876.1
8762 0.8126561135478796 876.2
8763 0.8127032558079861 876.3000000000001
8764 0.8127497423214686 876.4000000000001
8765 0.8127950644693271 876.5
8766 0.8128396613770835 876.6
8767 0.8128838569035624 876.7
8768 0.8129263206796319 876.8000000000001
8769 0.8129681558933201 876.9000000000001
8770 0.813010641043116 877
8771 0.8130535155607416 877.1
8772 0.8130973276516056 877.2
8773 0.8131421285183568 877.3000000000001
8774 0.8131879093597524 877.4000000000001
8775 0.8132351856721769 877.5
8776 0.8132841754816177 877.6
8777 0.8133349164134799 877.7
8778 0.8133873128487242 877.8000000000001
8779 0.8134410698332769 877.9000000000001
8780 0.8134955750491936 878
8781 0.8135503641345468 878.1
8782 0.8136052265897576 878.2
8783 0.8136594000220694 878.3000000000001
8784 0.8137119138114649 878.4000000000001
8785 0.8137579292540408 878.5
8786 0.8138004216137914 878.6
8787 0.8138427483965784 878.7
8788 0.8138830851117068 878.8000000000001
8789 0.8139215880272931 878.9000000000001
8790 0.813959406467895 879
8791 0.8139970259001336 879.1
8792 0.8140346036698061 879.2
8793 0.8140724330086522 879.3000000000001
8794 0.8141107462618478 879.4000000000001
8795 0.8141497941183061 879.5
8796 0.8141898067651352 879.6
8797 0.8142307728249798 879.7
8798 0.8142730760258489 879.8000000000001
8799 0.8143169407215074 879.9000000000001
8800 0.8143619296274739 880
8801 0.8144071522460439 880.1
8802 0.8144524904760425 880.2
8803 0.8144997681877911 880.3000000000001
8804 0.8145490893358837 880.4000000000001
8805 0.8145998258918548 880.5
8806 0.8146513421293413 880.6
8807 0.8147014548759043 880.7
8808 0.8147515292687101 880.8000000000001
8809 0.8148003399896596 880.9000000000001
8810 0.814848110558448 881
8811 0.8148951199871809 881.1
8812 0.8149415172814944 881.2
8813 0.8149880795736624 881.3000000000001
8814 0.8150336419280206 881.4000000000001
8815 0.8150795490790045 881.5
8816 0.8151257436555208 881.6
8817 0.8151717337777555 881.7
8818 0.8152170411207796 881.8000000000001
8819 0.8152608648896352 881.9000000000001
8820 0.8153051594219958 882
8821 0.8153499371616272 882.1
8822 0.8153919641822529 882.2
8823 0.8154338581270416 882.3000000000001
8824 0.8154753805939787 882.4000000000001
8825 0.815518329092687 882.5
8826 0.815562529018677 882.6
8827 0.8156084331475868 882.7
8828 0.8156562617023351 882.8000000000001
8829 0.8157023858647311 882.9000000000001
8830 0.8157510718622928 883
8831 0.8158002419998999 883.1
8832 0.8158537222331727 883.2
8833 0.8159049836862043 883.3000000000001
8834 0.8159549620203272 883.4000000000001
8835 0.8160030436203598 883.5
8836 0.8160456387119488 883.6
8837 0.8160762315520002 883.7
8838 0.8161091603189115 883.8000000000001
8839 0.8161429467319438 883.9000000000001
8840 0.8161782333380752 884
8841 0.8162167442959313 884.1
8842 0.816255914866321 884.2
8843 0.8162970153028632 884.3000000000001
8844 0.816339179981163 884.4000000000001
8845 0.8163823913972889 884.5
8846 0.8164271906200401 884.6
8847 0.8164738147427596 884.7
8848 0.8165194212603681 884.8000000000001
8849 0.8165608087104246 884.9000000000001
8850 0.8166019167881847 885
8851 0.8166438912315317 885.1
8852 0.8166853558842668 885.2
8853 0.8167253051219946 885.3000000000001
8854 0.8167649849261142 885.4000000000001
8855 0.8168053196233341 885.5
8856 0.8168466350171816 885.6
8857 0.8168882427103092 885.7
8858 0.8169291797169477 885.8000000000001
8859 0.8169709957336285 885.9000000000001
8860 0.8170137429343691 886
8861 0.8170573752473873 886.1
8862 0.817101799586237 886.2
8863 0.8171458031502066 886.3000000000001
8864 0.8171880941503266 886.4000000000001
8865 0.8172295224964444 886.5
8866 0.8172707151744351 886.6
8867 0.8173122166075112 886.7
8868 0.817354653909621 886.8000000000001
8869 0.8173981271607359 886.9000000000001
8870 0.8174418432290704 887
8871 0.8174865015173682 887.1
8872 0.8175324686941999 887.2
8873 0.8175796240501488 887.3000000000001
8874 0.817627458887155 887.4000000000001
8875 0.817675671359795 887.5
8876 0.8177239833650768 887.6
8877 0.8177715004247711 887.7
8878 0.8178191472538107 887.8000000000001
8879 0.8178673678196848 887.9000000000001
8880 0.8179145454504974 888
8881 0.8179625567579007 888.1
8882 0.8180116964504932 888.2
8883 0.8180618154964984 888.3000000000001
8884 0.8181125727166556 888.4000000000001
8885 0.8181608599863086 888.5
8886 0.8182072257655782 888.6
8887 0.8182519276908407 888.7
8888 0.8182957110238737 888.8000000000001
8889 0.8183385189334279 888.9000000000001
8890 0.8183804447189057 889
8891 0.8184170466155667 889.1
8892 0.8184533571991963 889.2
8893 0.8184900281696642 889.3000000000001
8894 0.8185271306255266 889.4000000000001
8895 0.8185646871347532 889.5
8896 0.8186025738805973 889.6
8897 0.8186408566115855 889.7
8898 0.8186795403532121 889.8000000000001
8899 0.8187186326320711 889.9000000000001
8900 0.8187581496391265 890
8901 0.8187981152029469 890.1
8902 0.8188385691524956 890.2
8903 0.8188795688710765 890.3000000000001
8904 0.8189211917263632 890.4000000000001
8905 0.8189635334404505 890.5
8906 0.8190067153244088 890.6
8907 0.8190509110485994 890.7
8908 0.8190963471956479 890.8000000000001
8909 0.8191432520866045 890.9000000000001
8910 0.8191918281811787 891
8911 0.8192397804336703 891.1
8912 0.8192877756265478 891.2
8913 0.8193371572433926 891.3000000000001
8914 0.8193876964749247 891.4000000000001
8915 0.8194389854301237 891.5
8916 0.8194905271956796 891.6
8917 0.8195418069940945 891.7
8918 0.8195907993788841 891.8000000000001
8919 0.8196359872353144 891.9000000000001
8920 0.8196800239651877 892
8921 0.8197233842076281 892.1
8922 0.8197653399916346 892.2
8923 0.8198072138637577 892.3000000000001
8924 0.8198490006578683 892.4000000000001
8925 0.8198898796919626 892.5
8926 0.8199313339937789 892.6
8927 0.8199734675116881 892.7
8928 0.8200163196861109 892.8000000000001
8929 0.8200579928312385 892.9000000000001
8930 0.8201002409094641 893
8931 0.8201433354975307 893.1
8932 0.8201872733606743 893.2
8933 0.82023209538922 893.3000000000001
8934 0.8202770533964669 893.4000000000001
8935 0.8203222386140623 893.5
8936 0.8203683564759041 893.6
8937 0.8204157590038608 893.7
8938 0.8204645851823658 893.8000000000001
8939 0.8205149365754031 893.9000000000001
8940 0.8205662319483451 894
8941 0.8206175919573444 894.1
8942 0.8206693422999821 894.2
8943 0.8207211195045658 894.3000000000001
8944 0.8207732754142523 894.4000000000001
8945 0.8208244676610944 894.5
8946 0.8208755350761054 894.6
8947 0.8209268557697043 894.7
8948 0.8209760977164001 894.8000000000001
8949 0.8210245953406943 894.9000000000001
8950 0.821071906280057 895
8951 0.8211199814229537 895.1
8952 0.8211686195519605 895.2
8953 0.8212177217323604 895.3000000000001
8954 0.8212626714942856 895.4000000000001
8955 0.8213082626543742 895.5
8956 0.8213540548203538 895.6
8957 0.821400109178817 895.7
8958 0.8214470443916955 895.8000000000001
8959 0.8214948239543682 895.9000000000001
8960 0.8215419542705004 896
8961 0.8215894244251811 896.1
8962 0.8216363249412691 896.2
8963 0.8216795570052133 896.3000000000001
8964 0.8217222449824629 896.4000000000001
8965 0.8217640882652316 896.5
8966 0.8218052347882477 896.6
8967 0.8218458259898049 896.7
8968 0.8218851186469824 896.8000000000001
8969 0.8219249139468459 896.9000000000001
8970 0.8219655798715619 897
8971 0.8220069966263418 897.1
8972 0.8220486910465886 897.2
8973 0.8220909804631554 897.3000000000001
8974 0.8221348541414099 897.4000000000001
8975 0.8221803408615816 897.5
8976 0.8222270818015467 897.6
8977 0.8222740855745513 897.7
8978 0.8223219118098115 897.8000000000001
8979 0.822371191700722 897.9000000000001
8980 0.8224187748013041 898
8981 0.8224663667950064 898.1
8982 0.8225138024196781 898.2
8983 0.8225603896151925 898.3000000000001
8984 0.8226062031209513 898.4000000000001
8985 0.8226510836828204 898.5
8986 0.8226947387789121 898.6
8987 0.8227384330288018 898.7
8988 0.8227823300768803 898.8000000000001
8989 0.8228268067154191 898.9000000000001
8990 0.8228697753513347 899
8991 0.8229138816585012 899.1
8992 0.8229567630816684 899.2
8993 0.8230007815942237 899.3000000000001
8994 0.8230456738523951 899.4000000000001
8995 0.8230909901453364 899.5
8996 0.8231365944463139 899.6
8997 0.8231821164914808 899.7
8998 0.8232269954474144 899.8000000000001
8999 0.823270024941509 899.9000000000001
9000 0.8233120177233207 900
9001 0.823351965145694 900.1
9002 0.8233914687700848 900.2
9003 0.8234310716696523 900.3000000000001
9004 0.8234711801303483 900.4000000000001
9005 0.823512137550208 900.5
9006 0.8235541728335822 900.6
9007 0.8235973879635108 900.7
9008 0.8236422324418268 900.8000000000001
9009 0.8236885601800562 900.9000000000001
9010 0.8237363911843854 901
9011 0.8237854443471428 901.1
9012 0.8238358665555425 901.2
9013 0.823886075458617 901.3000000000001
9014 0.8239340957489709 901.4000000000001
9015 0.8239820316758347 901.5
9016 0.8240293489667484 901.6
9017 0.8240761445788425 901.7
9018 0.8241230755666675 901.8000000000001
9019 0.8241702036113858 901.9000000000001
9020 0.8242180137048049 902
9021 0.8242668301094072 902.1
9022 0.8243160427631686 902.2
9023 0.8243617592465657 902.3000000000001
9024 0.8244073429743932 902.4000000000001
9025 0.8244545102873718 902.5
9026 0.8245018035748229 902.6
9027 0.8245495220132938 902.7
9028 0.8245974415464639 902.8000000000001
9029 0.8246441274078214 902.9000000000001
9030 0.8246877900006578 903
9031 0.8247301906051192 903.1
9032 0.8247726628746932 903.2
9033 0.8248155679478623 903.3000000000001
9034 0.824858891700642 903.4000000000001
9035 0.8249030018798492 903.5
9036 0.8249479039294566 903.6
9037 0.8249922937014359 903.7
9038 0.8250366493249062 903.8000000000001
9039 0.8250811878028498 903.9000000000001
9040 0.8251257239638161 904
9041 0.8251692198543699 904.1
9042 0.8252113672737066 904.2
9043 0.825253969856135 904.3000000000001
9044 0.8252975160822673 904.4000000000001
9045 0.8253422664544301 904.5
9046 0.8253876996974336 904.6
9047 0.8254330315297681 904.7
9048 0.8254752439870598 904.8000000000001
9049 0.8255184581762514 904.9000000000001
9050 0.8255622369036223 905
9051 0.8256057913981431 905.1
9052 0.8256478627547146 905.2
9053 0.8256895540082774 905.3000000000001
9054 0.8257324645805254 905.4000000000001
9055 0.8257767028723224 905.5
9056 0.8258228115210977 905.6
9057 0.8258687302683783 905.7
9058 0.8259152212584749 905.8000000000001
9059 0.825964103270082 905.9000000000001
9060 0.8260117684706212 906
9061 0.8260617048361544 906.1
9062 0.8261136391791283 906.2
9063 0.8261629837102488 906.3000000000001
9064 0.8262056760026767 906.4000000000001
9065 0.8262414979655002 906.5
9066 0.8262720357968377 906.6
9067 0.8263048480012517 906.7
9068 0.8263388290223094 906.8000000000001
9069 0.8263722756545629 906.9000000000001
9070 0.826405221146805 907
9071 0.8264372029607135 907.1
9072 0.8264695372422222 907.2
9073 0.8265019209356003 907.3000000000001
9074 0.8265348054651979 907.4000000000001
9075 0.8265689062857747 907.5
9076 0.8266038826093958 907.6
9077 0.8266402034752995 907.7
9078 0.8266780976482125 907.8000000000001
9079 0.8267180479478718 907.9000000000001
9080 0.826759837712133 908
9081 0.8268033452387044 908.1
9082 0.8268488476025972 908.2
9083 0.8268963734018194 908.3000000000001
9084 0.8269429379131852 908.4000000000001
9085 0.8269908040372028 908.5
9086 0.8270392033687681 908.6
9087 0.8270880484443792 908.7
9088 0.8271374571130992 908.8000000000001
9089 0.8271867778629628 908.9000000000001
9090 0.8272352287691518 909
9091 0.8272838122785542 909.1
9092 0.8273324253918994 909.2
9093 0.8273819175229176 909.3000000000001
9094 0.827432296118314 909.4000000000001
9095 0.8274826276355844 909.5
9096 0.8275299752770665 909.6
9097 0.8275780308025034 909.7
9098 0.8276264607352433 909.8000000000001
9099 0.8276755816827899 909.9000000000001
9100 0.8277255516836243 910
9101 0.8277747344335977 910.1
9102 0.8278218232909218 910.2
9103 0.8278672637644325 910.3000000000001
9104 0.8279112277443502 910.4000000000001
9105 0.8279546459378178 910.5
9106 0.8279971363857277 910.6
9107 0.8280385835738018 910.7
9108 0.8280799550245795 910.8000000000001
9109 0.8281213442507213 910.9000000000001
9110 0.8281625690077231 911
9111 0.8282030308337913 911.1
9112 0.8282427716391275 911.2
9113 0.8282821412008643 911.3000000000001
9114 0.8283204995790245 911.4000000000001
9115 0.8283591795626329 911.5
9116 0.8283984597324614 911.6
9117 0.8284379243663 911.7
9118 0.8284776353366019 911.8000000000001
9119 0.8285187494782559 911.9000000000001
9120 0.8285612831014816 912
9121 0.8286051793388195 912.1
9122 0.8286503438530768 912.2
9123 0.8286965881071162 912.3000000000001
9124 0.8287411128114894 912.4000000000001
9125 0.8287844831558 912.5
9126 0.8288272713725277 912.6
9127 0.828870746460182 912.7
9128 0.8289144951371615 912.8000000000001
9129 0.8289591965739144 912.9000000000001
9130 0.8290056266053711 913
9131 0.8290523704337063 913.1
9132 0.8290991517833649 913.2
9133 0.8291465080945726 913.3000000000001
9134 0.8291941682957863 913.4000000000001
9135 0.8292414489325427 913.5
9136 0.8292890124683194 913.6
9137 0.8293361967106994 913.7
9138 0.8293825555082253 913.8000000000001
9139 0.8294274515289145 913.9000000000001
9140 0.8294696992147184 914
9141 0.8295103879054566 914.1
9142 0.8295497701874511 914.2
9143 0.8295876850172907 914.3000000000001
9144 0.8296238996593867 914.4000000000001
9145 0.8296598741721117 914.5
9146 0.8296958442626922 914.6
9147 0.8297320059835384 914.7
9148 0.8297685730077011 914.8000000000001
9149 0.8298058041398487 914.9000000000001
9150 0.8298439240597844 915
9151 0.8298831578400391 915.1
9152 0.829923714184334 915.2
9153 0.8299650711578554 915.3000000000001
9154 0.8300069118944519 915.4000000000001
9155 0.8300505667709119 915.5
9156 0.8300953602105686 915.6
9157 0.8301418409572342 915.7
9158 0.8301904038559228 915.8000000000001
9159 0.8302407947843572 915.9000000000001
9160 0.8302927240327969 916
9161 0.8303455831487434 916.1
9162 0.8303988066629937 916.2
9163 0.8304519326562066 916.3000000000001
9164 0.8305031792695828 916.4000000000001
9165 0.8305537528709677 916.5
9166 0.830603648938375 916.6
9167 0.8306505249329725 916.7
9168 0.8306965019612927 916.8000000000001
9169 0.8307402226584409 916.9000000000001
9170 0.8307810178428101 917
9171 0.8308217734315927 917.1
9172 0.8308616201999705 917.2
9173 0.8309021913229406 917.3000000000001
9174 0.8309437569881646 917.4000000000001
9175 0.8309854707158175 917.5
9176 0.831028457224249 917.6
9177 0.8310731339751886 917.7
9178 0.8311195926795583 917.8000000000001
9179 0.831166708328745 917.9000000000001
9180 0.8312127670941127 918
9181 0.8312590261935342 918.1
9182 0.8313050030492062 918.2
9183 0.8313499738317189 918.3000000000001
9184 0.8313929585316311 918.4000000000001
9185 0.8314337539760238 918.5
9186 0.8314742681732297 918.6
9187 0.831514692214957 918.7
9188 0.8315551579061831 918.8000000000001
9189 0.8315958297856407 918.9000000000001
9190 0.8316374549764289 919
9191 0.8316803393911656 919.1
9192 0.8317243185013763 919.2
9193 0.8317696551223551 919.3000000000001
9194 0.8318159023781916 919.4000000000001
9195 0.8318633104119677 919.5
9196 0.8319116054627471 919.6
9197 0.8319601303038047 919.7
9198 0.832008723940735 919.8000000000001
9199 0.8320568811404017 919.9000000000001
9200 0.8321038538560753 920
9201 0.8321496826300813 920.1
9202 0.8321953862968466 920.2
9203 0.8322415614672151 920.3000000000001
9204 0.8322878319449816 920.4000000000001
9205 0.8323343569204947 920.5
9206 0.8323815459030413 920.6
9207 0.832428526468899 920.7
9208 0.8324751662741177 920.8000000000001
9209 0.8325227264164651 920.9000000000001
9210 0.8325704334276061 921
9211 0.8326159390975417 921.1
9212 0.832660330356092 921.2
9213 0.8327034072753288 921.3000000000001
9214 0.8327467869972565 921.4000000000001
9215 0.832790685024742 921.5
9216 0.8328351790104878 921.6
9217 0.8328801504593698 921.7
9218 0.8329262687085562 921.8000000000001
9219 0.8329735245419063 921.9000000000001
9220 0.8330217666511095 922
9221 0.8330692065130437 922.1
9222 0.8331134110460047 922.2
9223 0.8331575905107066 922.3000000000001
9224 0.8332013209354523 922.4000000000001
9225 0.8332441305755308 922.5
9226 0.8332863813900164 922.6
9227 0.8333283738828192 922.7
9228 0.8333703609968478 922.8000000000001
9229 0.8334127100483611 922.9000000000001
9230 0.8334556732330618 923
9231 0.8334994827846782 923.1
9232 0.8335441061473424 923.2
9233 0.8335891185716818 923.3000000000001
9234 0.8336343371677553 923.4000000000001
9235 0.8336794602584179 923.5
9236 0.8337238972340675 923.6
9237 0.8337675468250578 923.7
9238 0.8338111393487168 923.8000000000001
9239 0.8338547417048894 923.9000000000001
9240 0.8338992659635122 924
9241 0.8339450849757424 924.1
9242 0.8339923673000456 924.2
9243 0.834039528355027 924.3000000000001
9244 0.8340842167641357 924.4000000000001
9245 0.8341303134332227 924.5
9246 0.8341746250031015 924.6
9247 0.8342189609151525 924.7
9248 0.8342622387931147 924.8000000000001
9249 0.8343055926387911 924.9000000000001
9250 0.8343482819591351 925
9251 0.8343910243377268 925.1
9252 0.8344340454762632 925.2
9253 0.8344768845634016 925.3000000000001
9254 0.8345184015466888 925.4000000000001
9255 0.834558192560983 925.5
9256 0.8345981736668092 925.6
9257 0.8346387951552073 925.7
9258 0.8346796090168209 925.8000000000001
9259 0.8347212460536061 925.9000000000001
9260 0.8347626550110202 926
9261 0.8348051623603113 926.1
9262 0.8348492169536228 926.2
9263 0.8348947369390655 926.3000000000001
9264 0.8349410638546561 926.4000000000001
9265 0.8349882132205672 926.5
9266 0.8350369526459874 926.6
9267 0.8350865405646536 926.7
9268 0.8351366192049239 926.8000000000001
9269 0.8351833562788965 926.9000000000001
9270 0.8352301444375835 927
9271 0.8352779358052007 927.1
9272 0.8353268911197611 927.2
9273 0.8353727292182939 927.3000000000001
9274 0.8354194304634273 927.4000000000001
9275 0.835464317380028 927.5
9276 0.8355089334768878 927.6
9277 0.8355524349520337 927.7
9278 0.8355959290067644 927.8000000000001
9279 0.8356387465967205 927.9000000000001
9280 0.8356786306852237 928
9281 0.8357132027343089 928.1
9282 0.8357438537220661 928.2
9283 0.8357774478500841 928.3000000000001
9284 0.8358135159363687 928.4000000000001
9285 0.8358491452589988 928.5
9286 0.835884659502131 928.6
9287 0.8359179432118183 928.7
9288 0.8359495332240857 928.8000000000001
9289 0.8359818663938684 928.9000000000001
9290 0.8360130765242036 929
9291 0.8360452985913083 929.1
9292 0.836079026237722 929.2
9293 0.8361133296624222 929.3000000000001
9294 0.8361491231617316 929.4000000000001
9295 0.8361866472821992 929.5
9296 0.8362253468162711 929.6
9297 0.8362638751685155 929.7
9298 0.836304104617137 929.8000000000001
9299 0.8363453245417072 929.9000000000001
9300 0.8363873305695463 930
9301 0.836429973314926 930.1
9302 0.8364737480733704 930.2
9303 0.8365184657542489 930.3000000000001
9304 0.8365637692342242 930.4000000000001
9305 0.8366091709132178 930.5
9306 0.8366542637208214 930.6
9307 0.836698874268292 930.7
9308 0.8367435088187705 930.8000000000001
9309 0.8367880172336435 930.9000000000001
9310 0.8368325205445353 931
9311 0.8368770410879194 931.1
9312 0.836921156568222 931.2
9313 0.8369649356507696 931.3000000000001
9314 0.837008599236202 931.4000000000001
9315 0.8370524696098983 931.5
9316 0.8370934263506552 931.6
9317 0.8371327350140946 931.7
9318 0.8371709023887229 931.8000000000001
9319 0.8372101414979567 931.9000000000001
9320 0.8372505433884549 932
9321 0.8372922490880187 932.1
9322 0.8373354080527002 932.2
9323 0.8373800186332605 932.3000000000001
9324 0.8374256308751331 932.4000000000001
9325 0.8374717753581535 932.5
9326 0.8375187808063713 932.6
9327 0.8375661891231717 932.7
9328 0.8376127723158493 932.8000000000001
9329 0.8376584479341893 932.9000000000001
9330 0.8377033706623362 933
9331 0.8377470501114882 933.1
9332 0.8377864516901842 933.2
9333 0.8378254804328462 933.3000000000001
9334 0.8378644694774636 933.4000000000001
9335 0.837903479194898 933.5
9336 0.8379425224418509 933.6
9337 0.8379817610287724 933.7
9338 0.8380213623328037 933.8000000000001
9339 0.8380618242010136 933.9000000000001
9340 0.8381014702719727 934
9341 0.8381408383386045 934.1
9342 0.838180104274331 934.2
9343 0.8382200720392744 934.3000000000001
9344 0.8382606951135891 934.4000000000001
9345 0.8383013862382833 934.5
9346 0.838342093120914 934.6
9347 0.838382542028087 934.7
9348 0.8384227491303347 934.8000000000001
9349 0.8384638339097232 934.9000000000001
9350 0.8385059158497291 935
9351 0.8385491994432447 935.1
9352 0.8385938818707577 935.2
9353 0.8386396777858249 935.3000000000001
9354 0.8386863203086237 935.4000000000001
9355 0.8387343263997415 935.5
9356 0.8387835704346353 935.6
9357 0.8388337075495523 935.7
9358 0.8388840101479911 935.8000000000001
9359 0.8389336139065418 935.9000000000001
9360 0.8389822477441922 936
9361 0.8390295193911045 936.1
9362 0.839074685364084 936.2
9363 0.8391188340122331 936.3000000000001
9364 0.8391624717497138 936.4000000000001
9365 0.8392063860031194 936.5
9366 0.8392512157829581 936.6
9367 0.8392969129696513 936.7
9368 0.8393435888249707 936.8000000000001
9369 0.8393909584866301 936.9000000000001
9370 0.8394393621056246 937
9371 0.8394885031786439 937.1
9372 0.8395377099491532 937.2
9373 0.8395874519921876 937.3000000000001
9374 0.8396379745021475 937.4000000000001
9375 0.8396883061133317 937.5
9376 0.8397373902813036 937.6
9377 0.8397864824156133 937.7
9378 0.8398352884859067 937.8000000000001
9379 0.8398833937291509 937.9000000000001
9380 0.8399297456906601 938
9381 0.8399725595864469 938.1
9382 0.8400093026792474 938.2
9383 0.8400452406168778 938.3000000000001
9384 0.8400803094380452 938.4000000000001
9385 0.8401149511090943 938.5
9386 0.8401500856837688 938.6
9387 0.8401859500264056 938.7
9388 0.840222820468703 938.8000000000001
9389 0.8402601895819168 938.9000000000001
9390 0.8402989524193394 939
9391 0.8403393794689219 939.1
9392 0.8403815796469792 939.2
9393 0.8404254019624576 939.3000000000001
9394 0.8404704438435351 939.4000000000001
9395 0.8405161737686103 939.5
9396 0.8405621263332004 939.6
9397 0.840606878715592 939.7
9398 0.8406494748285521 939.8000000000001
9399 0.8406905472752377 939.9000000000001
9400 0.8407315275849131 940
9401 0.8407713792737888 940.1
9402 0.8408109034751844 940.2
9403 0.8408508144269412 940.3000000000001
9404 0.840891527936497 940.4000000000001
9405 0.8409334010379456 940.5
9406 0.84097658563175 940.6
9407 0.8410209886686438 940.7
9408 0.8410662921318056 940.8000000000001
9409 0.8411121066596907 940.9000000000001
9410 0.8411580927395546 941
9411 0.8412040888186858 941.1
9412 0.8412492401206777 941.2
9413 0.8412943693327748 941.3000000000001
9414 0.8413402750587184 941.4000000000001
9415 0.8413873024437669 941.5
9416 0.8414355723387266 941.6
9417 0.8414854399868951 941.7
9418 0.8415368793823901 941.8000000000001
9419 0.8415890243819089 941.9000000000001
9420 0.8416406173187888 942
9421 0.8416910119914071 942.1
9422 0.8417405601861795 942.2
9423 0.8417894928038131 942.3000000000001
9424 0.84183804677676 942.4000000000001
9425 0.8418864353763066 942.5
9426 0.8419350021632286 942.6
9427 0.8419841027992123 942.7
9428 0.8420339323670613 942.8000000000001
9429 0.8420845269785743 942.9000000000001
9430 0.8421348914715717 943
9431 0.8421853159820611 943.1
9432 0.8422347558798464 943.2
9433 0.8422811006110112 943.3000000000001
9434 0.842326478774459 943.4000000000001
9435 0.842371412630699 943.5
9436 0.8424160215068258 943.6
9437 0.8424605028240988 943.7
9438 0.8425050964424383 943.8000000000001
9439 0.8425500132383885 943.9000000000001
9440 0.8425946076925378 944
9441 0.8426370666382039 944.1
9442 0.8426768715597343 944.2
9443 0.8427162519953784 944.3000000000001
9444 0.8427552484337444 944.4000000000001
9445 0.8427946120086285 944.5
9446 0.8428345890167482 944.6
9447 0.8428754563619253 944.7
9448 0.8429172905544363 944.8000000000001
9449 0.8429599234803944 944.9000000000001
9450 0.8430030678038136 945
9451 0.8430463812663495 945.1
9452 0.843089092477657 945.2
9453 0.8431312320177955 945.3000000000001
9454 0.8431733323468185 945.4000000000001
9455 0.8432157713939205 945.5
9456 0.8432585401780561 945.6
9457 0.8433008860582265 945.7
9458 0.8433439728165468 945.8000000000001
9459 0.8433876598825195 945.9000000000001
9460 0.8434316024266519 946
9461 0.8434756337832775 946.1
9462 0.8435195010074674 946.2
9463 0.8435604503812119 946.3000000000001
9464 0.8436012730128366 946.4000000000001
9465 0.843639677425803 946.5
9466 0.8436784057090384 946.6
9467 0.8437174613482785 946.7
9468 0.8437568245947143 946.8000000000001
9469 0.8437964944907694 946.9000000000001
9470 0.8438364924340007 947
9471 0.8438767165378388 947.1
9472 0.8439169334911515 947.2
9473 0.8439575376012298 947.3000000000001
9474 0.843998922496025 947.4000000000001
9475 0.8440416103587047 947.5
9476 0.8440855226604882 947.6
9477 0.8441306139108218 947.7
9478 0.8441722646211638 947.8000000000001
9479 0.8442152522023401 947.9000000000001
9480 0.8442621478301293 948
9481 0.844311620212963 948.1
9482 0.8443590733260762 948.2
9483 0.8444124953995528 948.3000000000001
9484 0.8444643808447868 948.4000000000001
9485 0.8445152001424425 948.5
9486 0.8445646187161774 948.6
9487 0.8446134475097953 948.7
9488 0.8446597792977516 948.8000000000001
9489 0.8447022657074181 948.9000000000001
9490 0.8447360283462714 949
9491 0.8447696491333614 949.1
9492 0.8448051813075625 949.2
9493 0.8448415994602417 949.3000000000001
9494 0.8448791637880749 949.4000000000001
9495 0.8449177413120496 949.5
9496 0.8449563819081835 949.6
9497 0.844995009554285 949.7
9498 0.8450336881383194 949.8000000000001
9499 0.8450688357364928 949.9000000000001
9500 0.8451048468894845 950
9501 0.8451414398079365 950.1
9502 0.8451773581954243 950.2
9503 0.8452130525520302 950.3000000000001
9504 0.8452489114899928 950.4000000000001
9505 0.8452850061429995 950.5
9506 0.8453204010515717 950.6
9507 0.845354890568507 950.7
9508 0.8453903512317453 950.8000000000001
9509 0.8454263321687874 950.9000000000001
9510 0.8454600859395249 951
9511 0.845493585454584 951.1
9512 0.845528037701166 951.2
9513 0.8455633237783913 951.3000000000001
9514 0.8455992528573241 951.4000000000001
9515 0.845635883612499 951.5
9516 0.8456731073487604 951.6
9517 0.8457106587072132 951.7
9518 0.8457485788333089 951.8000000000001
9519 0.8457869303346343 951.9000000000001
9520 0.8458256931704474 952
9521 0.8458647906545418 952.1
9522 0.8459040935326414 952.2
9523 0.8459434491625719 952.3000000000001
9524 0.8459829028015997 952.4000000000001
9525 0.8460227999947487 952.5
9526 0.8460632208787672 952.6
9527 0.8461041958411453 952.7
9528 0.8461433628097758 952.8000000000001
9529 0.8461826506834579 952.9000000000001
9530 0.8462222357469548 953
9531 0.8462620830204354 953.1
9532 0.8463021722982043 953.2
9533 0.8463422875976327 953.3000000000001
9534 0.8463825418810258 953.4000000000001
9535 0.846423068128949 953.5
9536 0.84646395807927 953.6
9537 0.8465052981421924 953.7
9538 0.8465471743719882 953.8000000000001
9539 0.8465897313199136 953.9000000000001
9540 0.8466330830469652 954
9541 0.8466774022973851 954.1
9542 0.8467229405986672 954.2
9543 0.8467699385408652 954.3000000000001
9544 0.846818584850952 954.4000000000001
9545 0.8468687463814061 954.5
9546 0.846918371826927 954.6
9547 0.846968026395715 954.7
9548 0.8470180283060278 954.8000000000001
9549 0.8470669866340389 954.9000000000001
9550 0.8471118772577995 955
9551 0.8471558640663224 955.1
9552 0.8471995939357199 955.2
9553 0.8472404982008234 955.3000000000001
9554 0.8472788282645319 955.4000000000001
9555 0.8473190367059751 955.5
9556 0.8473599298846261 955.6
9557 0.8473994796031 955.7
9558 0.8474391854905323 955.8000000000001
9559 0.8474779232448151 955.9000000000001
9560 0.8475169941495292 956
9561 0.847557103390279 956.1
9562 0.8475961851911952 956.2
9563 0.8476356643463272 956.3000000000001
9564 0.8476760011009903 956.4000000000001
9565 0.8477174904449136 956.5
9566 0.8477600479155791 956.6
9567 0.8478035982361652 956.7
9568 0.8478481793735628 956.8000000000001
9569 0.8478935143643445 956.9000000000001
9570 0.8479382095479823 957
9571 0.847983376683882 957.1
9572 0.8480268580806549 957.2
9573 0.8480703938949884 957.3000000000001
9574 0.8481134628387191 957.4000000000001
9575 0.8481555226608261 957.5
9576 0.8481962490441691 957.6
9577 0.8482341471141385 957.7
9578 0.8482705253813768 957.8000000000001
9579 0.8483058058354639 957.9000000000001
9580 0.8483397495783851 958
9581 0.8483729701723121 958.1
9582 0.8484064083714663 958.2
9583 0.8484403913643358 958.3000000000001
9584 0.8484752555438164 958.4000000000001
9585 0.8485113262263545 958.5
9586 0.8485489003749845 958.6
9587 0.8485876862511629 958.7
9588 0.8486276981622564 958.8000000000001
9589 0.8486694095920035 958.9000000000001
9590 0.8487126033049872 959
9591 0.8487568064581396 959.1
9592 0.8488015407849169 959.2
9593 0.8488464094613789 959.3000000000001
9594 0.8488900274139231 959.4000000000001
9595 0.848932665898079 959.5
9596 0.8489752516036664 959.6
9597 0.8490180658164885 959.7
9598 0.8490610797642574 959.8000000000001
9599 0.8491050252007274 959.9000000000001
9600 0.8491505093688128 960
9601 0.849197567066485 960.1
9602 0.8492458438530659 960.2
9603 0.8492959662241305 960.3000000000001
9604 0.8493479645691063 960.4000000000001
9605 0.8494012333526564 960.5
9606 0.8494552966748879 960.6
9607 0.8495079698910716 960.7
9608 0.8495577507097407 960.8000000000001
9609 0.8496044837893327 960.9000000000001
9610 0.8496492247870938 961
9611 0.8496919357138458 961.1
9612 0.8497345820681853 961.2
9613 0.8497768864161499 961.3000000000001
9614 0.8498190673342868 961.4000000000001
9615 0.8498625217440562 961.5
9616 0.8499070938135868 961.6
9617 0.8499497061505806 961.7
9618 0.8499904021655252 961.8000000000001
9619 0.8500301877529846 961.9000000000001
9620 0.8500685820694398 962
9621 0.8501064613459431 962.1
9622 0.8501434758169797 962.2
9623 0.850180010146604 962.3000000000001
9624 0.8502164015215584 962.4000000000001
9625 0.85025299046493 962.5
9626 0.8502900622336025 962.6
9627 0.8503277428389802 962.7
9628 0.8503659935708533 962.8000000000001
9629 0.8504045997053261 962.9000000000001
9630 0.8504432838280178 963
9631 0.8504818684361258 963.1
9632 0.8505196088090922 963.2
9633 0.8505572464350473 963.3000000000001
9634 0.8505952482513368 963.4000000000001
9635 0.8506340032089726 963.5
9636 0.850673757757396 963.6
9637 0.8507141838102248 963.7
9638 0.8507551686231606 963.8000000000001
9639 0.8507970076010224 963.9000000000001
9640 0.850839450828296 964
9641 0.8508820018674939 964.1
9642 0.8509254654069662 964.2
9643 0.8509702225451937 964.3000000000001
9644 0.8510165684427963 964.4000000000001
9645 0.8510645797884743 964.5
9646 0.8511141408941201 964.6
9647 0.8511635901037535 964.7
9648 0.8512118747074482 964.8000000000001
9649 0.8512606449896873 964.9000000000001
9650 0.8513097698816879 965
9651 0.851359163937746 965.1
9652 0.8514086620369538 965.2
9653 0.8514580124405302 965.3000000000001
9654 0.8515069194447513 965.4000000000001
9655 0.8515551872748236 965.5
9656 0.8516027226093172 965.6
9657 0.8516489701254837 965.7
9658 0.851689904535323 965.8000000000001
9659 0.8517315001028238 965.9000000000001
9660 0.8517735179199636 966
9661 0.8518164976407334 966.1
9662 0.8518599352890251 966.2
9663 0.8519027302741613 966.3000000000001
9664 0.8519424232507782 966.4000000000001
9665 0.8519812883147849 966.5
9666 0.8520197689108285 966.6
9667 0.8520582886459726 966.7
9668 0.8520963867115023 966.8000000000001
9669 0.8521337174203241 966.9000000000001
9670 0.8521713254436345 967
9671 0.8522090786966302 967.1
9672 0.8522475860389772 967.2
9673 0.8522857805051823 967.3000000000001
9674 0.8523244200471519 967.4000000000001
9675 0.8523633907575339 967.5
9676 0.8523985868880092 967.6
9677 0.852432299798801 967.7
9678 0.852465985732465 967.8000000000001
9679 0.8525000530942926 967.9000000000001
9680 0.852534752338527 968
9681 0.8525701308343352 968.1
9682 0.8526067094888672 968.2
9683 0.8526471668993303 968.3000000000001
9684 0.852685141048278 968.4000000000001
9685 0.8527274272497768 968.5
9686 0.8527719311131016 968.6
9687 0.8528168448930058 968.7
9688 0.8528592321465904 968.8000000000001
9689 0.8528996946336256 968.9000000000001
9690 0.8529364843606134 969
9691 0.8529672849241512 969.1
9692 0.8529924707425541 969.2
9693 0.853019244945455 969.3000000000001
9694 0.853047645602937 969.4000000000001
9695 0.8530772708966829 969.5
9696 0.8531079708721652 969.6
9697 0.8531389893176197 969.7
9698 0.8531701763421481 969.8000000000001
9699 0.8532023322717492 969.9000000000001
9700 0.8532348712295732 970
9701 0.8532679615979394 970.1
9702 0.8533017620670273 970.2
9703 0.8533363411731772 970.3000000000001
9704 0.8533717744603401 970.4000000000001
9705 0.8534081597766796 970.5
9706 0.8534422029213045 970.6
9707 0.8534751894959628 970.7
9708 0.85350957631169 970.8000000000001
9709 0.8535457468554484 970.9000000000001
9710 0.8535836458068741 971
9711 0.8536231635306112 971.1
9712 0.8536625057573185 971.2
9713 0.853700745833026 971.3000000000001
9714 0.8537397957013887 971.4000000000001
9715 0.8537793785373164 971.5
9716 0.853819211672732 971.6
9717 0.8538594018770014 971.7
9718 0.8538994900914391 971.8000000000001
9719 0.8539396115235436 971.9000000000001
9720 0.8539797230875339 972
9721 0.8540200196968019 972.1
9722 0.8540607390622538 972.2
9723 0.8541024470947723 972.3000000000001
9724 0.8541452309194227 972.4000000000001
9725 0.8541886591209833 972.5
9726 0.8542320778599874 972.6
9727 0.8542752432440895 972.7
9728 0.8543180494415654 972.8000000000001
9729 0.8543592217236002 972.9000000000001
9730 0.8543983855963344 973
9731 0.8544359790235082 973.1
9732 0.8544716252995633 973.2
9733 0.8545065431878761 973.3000000000001
9734 0.8545422499732026 973.4000000000001
9735 0.8545775488738996 973.5
9736 0.8546134466561495 973.6
9737 0.8546507682209654 973.7
9738 0.8546894307420907 973.8000000000001
9739 0.8547292171103791 973.9000000000001
9740 0.8547694365599924 974
9741 0.8548104936789487 974.1
9742 0.8548521523842135 974.2
9743 0.8548942868088705 974.3000000000001
9744 0.8549367034721138 974.4000000000001
9745 0.8549793157122794 974.5
9746 0.8550218881785824 974.6
9747 0.8550641818269024 974.7
9748 0.8551058025120887 974.8000000000001
9749 0.8551464072377042 974.9000000000001
9750 0.8551864606982088 975
9751 0.8552260490203185 975.1
9752 0.8552653162882617 975.2
9753 0.8553015408327648 975.3000000000001
9754 0.8553362691657695 975.4000000000001
9755 0.855371892263419 975.5
9756 0.8554085429351022 975.6
9757 0.8554464230719169 975.7
9758 0.8554857334023183 975.8000000000001
9759 0.8555265950188887 975.9000000000001
9760 0.8555689974522938 976
9761 0.8556124290676344 976.1
9762 0.8556565036054257 976.2
9763 0.8557013022846108 976.3000000000001
9764 0.8557452073211935 976.4000000000001
9765 0.8557850740507882 976.5
9766 0.8558237365285428 976.6
9767 0.8558612180129447 976.7
9768 0.8558959789960494 976.8000000000001
9769 0.8559302240855932 976.9000000000001
9770 0.8559647306666649 977
9771 0.8559997918500755 977.1
9772 0.8560356051058261 977.2
9773 0.8560722767469934 977.3000000000001
9774 0.8561086255219369 977.4000000000001
9775 0.8561456271743794 977.5
9776 0.8561837857696144 977.6
9777 0.8562232843533065 977.7
9778 0.8562642906385358 977.8000000000001
9779 0.8563069557925437 977.9000000000001
9780 0.8563512921725637 978
9781 0.8563977634945416 978.1
9782 0.8564453361540334 978.2
9783 0.8564934757312157 978.3000000000001
9784 0.8565416842240338 978.4000000000001
9785 0.8565907068005087 978.5
9786 0.85663960703821 978.6
9787 0.8566874711332231 978.7
9788 0.8567326940343002 978.8000000000001
9789 0.8567763517541651 978.9000000000001
9790 0.8568186579840482 979
9791 0.856859771335181 979.1
9792 0.8569001512187794 979.2
9793 0.8569402546871893 979.3000000000001
9794 0.8569804555356229 979.4000000000001
9795 0.8570211292532762 979.5
9796 0.8570624607809501 979.6
9797 0.8571043271582492 979.7
9798 0.8571465301477548 979.8000000000001
9799 0.8571845219050184 979.9000000000001
9800 0.8572215876145776 980
9801 0.8572578136597035 980.1
9802 0.8572923447935034 980.2
9803 0.8573263968490176 980.3000000000001
9804 0.8573603662763772 980.4000000000001
9805 0.8573947415399932 980.5
9806 0.8574300406348158 980.6
9807 0.8574667070267651 980.7
9808 0.8575049844272453 980.8000000000001
9809 0.8575448086307649 980.9000000000001
9810 0.8575857787962331 981
9811 0.8576274673697218 981.1
9812 0.8576693997726698 981.2
9813 0.8577111730517808 981.3000000000001
9814 0.857751865726296 981.4000000000001
9815 0.8577929431646889 981.5
9816 0.8578349174476738 981.6
9817 0.8578783112413761 981.7
9818 0.8579228150154294 981.8000000000001
9819 0.8579675585962591 981.9000000000001
9820 0.8580120484704932 982
9821 0.8580558784647473 982.1
9822 0.8580995251499542 982.2
9823 0.8581425969044859 982.3000000000001
9824 0.8581849224595604 982.4000000000001
9825 0.8582262174090148 982.5
9826 0.8582671984278313 982.6
9827 0.8583084806005364 982.7
9828 0.8583501381293177 982.8000000000001
9829 0.8583922772111245 982.9000000000001
9830 0.8584351307096514 983
9831 0.8584786369461513 983.1
9832 0.858522589758847 983.2
9833 0.8585664340738457 983.3000000000001
9834 0.8586106859217656 983.4000000000001
9835 0.8586555130225816 983.5
9836 0.8587009891069531 983.6
9837 0.8587469540863245 983.7
9838 0.8587931400901655 983.8000000000001
9839 0.8588391139399069 983.9000000000001
9840 0.8588842983822499 984
9841 0.8589283094976253 984.1
9842 0.8589717370384811 984.2
9843 0.8590148984834062 984.3000000000001
9844 0.8590580453314535 984.4000000000001
9845 0.8590965500480057 984.5
9846 0.8591358107306689 984.6
9847 0.859175661017073 984.7
9848 0.8592157676948315 984.8000000000001
9849 0.8592562917826023 984.9000000000001
9850 0.8592974093251388 985
9851 0.8593362457512362 985.1
9852 0.8593752505389525 985.2
9853 0.8594142890564652 985.3000000000001
9854 0.8594532575923728 985.4000000000001
9855 0.859492170660379 985.5
9856 0.8595311691464219 985.6
9857 0.8595704550404357 985.7
9858 0.8596101458945745 985.8000000000001
9859 0.8596502181442112 985.9000000000001
9860 0.8596905816471916 986
9861 0.8597312899724825 986.1
9862 0.8597722642384151 986.2
9863 0.8598130831919982 986.3000000000001
9864 0.8598539320252966 986.4000000000001
9865 0.8598945206907225 986.5
9866 0.8599349802626443 986.6
9867 0.8599728385871945 986.7
9868 0.8600068864689906 986.8000000000001
9869 0.8600396584597768 986.9000000000001
9870 0.8600719776278453 987
9871 0.8601053087325773 987.1
9872 0.8601411081542146 987.2
9873 0.8601809378967996 987.3000000000001
9874 0.8602228929919709 987.4000000000001
9875 0.8602633405623128 987.5
9876 0.8603114249785434 987.6
9877 0.8603582094733556 987.7
9878 0.86040570905558 987.8000000000001
9879 0.8604515572659236 987.9000000000001
9880 0.8604934808600639 988
9881 0.8605266967809579 988.1
9882 0.8605565685481792 988.2
9883 0.8605860540698294 988.3000000000001
9884 0.8606152339162877 988.4000000000001
9885 0.8606443207458341 988.5
9886 0.8606735524547087 988.6
9887 0.8607031247396897 988.7
9888 0.8607332477503441 988.8000000000001
9889 0.8607641162888753 988.9000000000001
9890 0.8607950918235141 989
9891 0.8608224618601342 989.1
9892 0.8608505518689543 989.2
9893 0.8608791151124886 989.3000000000001
9894 0.860908930085111 989.4000000000001
9895 0.8609400663502297 989.5
9896 0.8609723714878811 989.6
9897 0.8610047123035061 989.7
9898 0.8610372536981566 989.8000000000001
9899 0.8610706522834535 989.9000000000001
9900 0.8611048021207287 990
9901 0.8611395815166745 990.1
9902 0.861174873611573 990.2
9903 0.8612105385125942 990.3000000000001
9904 0.8612463438677419 990.4000000000001
9905 0.8612822181805526 990.5
9906 0.861317973244209 990.6
9907 0.8613534772584234 990.7
9908 0.8613889719841051 990.8000000000001
9909 0.8614243028285851 990.9000000000001
9910 0.8614588430099438 991
9911 0.8614935733891295 991.1
9912 0.8615286420925946 991.2
9913 0.8615643612362804 991.3000000000001
9914 0.8616007942316211 991.4000000000001
9915 0.8616379192295228 991.5
9916 0.861675204053548 991.6
9917 0.8617115781383268 991.7
9918 0.8617461523508182 991.8000000000001
9919 0.8617793818430193 991.9000000000001
9920 0.8618131958644241 992
9921 0.8618474925079136 992.1
9922 0.8618826056502298 992.2
9923 0.8619172446522775 992.3000000000001
9924 0.8619529225315556 992.4000000000001
9925 0.8619898958073592 992.5
9926 0.8620282268448554 992.6
9927 0.8620679499111144 992.7
9928 0.8621085114171737 992.8000000000001
9929 0.8621500249670965 992.9000000000001
9930 0.8621923797026594 993
9931 0.8622353797692806 993.1
9932 0.8622787678543808 993.2
9933 0.8623222978086182 993.3000000000001
9934 0.8623658017777555 993.4000000000001
9935 0.8624092064407586 993.5
9936 0.8624525187518968 993.6
9937 0.862495803484159 993.7
9938 0.8625377459121507 993.8000000000001
9939 0.8625763415299356 993.9000000000001
9940 0.8626137688766735 994
9941 0.8626493587565035 994.1
9942 0.8626840351276852 994.2
9943 0.8627186823732607 994.3000000000001
9944 0.8627534409881946 994.4000000000001
9945 0.8627884255653333 994.5
9946 0.8628240086814186 994.6
9947 0.8628603444032816 994.7
9948 0.8628974536979874 994.8000000000001
9949 0.8629347434119439 994.9000000000001
9950 0.8629719159399704 995
9951 0.8630092701352857 995.1
9952 0.8630462880302873 995.2
9953 0.8630813103392432 995.3000000000001
9954 0.8631145406380926 995.4000000000001
9955 0.8631470812626166 995.5
9956 0.8631772687311456 995.6
9957 0.8632069993726226 995.7
9958 0.8632371565947258 995.8000000000001
9959 0.8632679937521132 995.9000000000001
9960 0.8632997319480613 996
9961 0.8633325514711208 996.1
9962 0.863366614130616 996.2
9963 0.863402081168009 996.3000000000001
9964 0.8634388425441748 996.4000000000001
9965 0.8634747504543326 996.5
9966 0.863512208655 996.6
9967 0.8635515855147865 996.7
9968 0.8635927954164002 996.8000000000001
9969 0.863635411941864 996.9000000000001
9970 0.8636782105671353 997
9971 0.8637215011976248 997.1
9972 0.8637642527880182 997.2
9973 0.8638051580223258 997.3000000000001
9974 0.8638440111104004 997.4000000000001
9975 0.8638815152258931 997.5
9976 0.8639167458103736 997.6
9977 0.8639517777394027 997.7
9978 0.8639873962847865 997.8000000000001
9979 0.8640239305005302 997.9000000000001
9980 0.8640616066383244 998
9981 0.8641005731797864 998.1
9982 0.8641409001108403 998.2
9983 0.8641825504135133 998.3000000000001
9984 0.8642244879011833 998.4000000000001
9985 0.8642669182811628 998.5
9986 0.8643096678268453 998.6
9987 0.8643502279654101 998.7
9988 0.8643873852434441 998.8000000000001
9989 0.864423016570784 998.9000000000001
9990 0.864457963556691 999
9991 0.8644928828270783 999.1
9992 0.8645285720847055 999.2
9993 0.864565673253842 999.3000000000001
9994 0.8646044298413864 999.4000000000001
9995 0.8646424626701552 999.5
9996 0.8646818751072509 999.6
9997 0.8647231477943891 999.7
9998 0.864765789103617 999.8000000000001
9999 0.8648071831066723 999.9000000000001
10000 0.8648474208492314 1000
10001 0.8648860281676659 1000.1
10002 0.8649238094088912 1000.2
10003 0.8649609244953587 1000.3
10004 0.8649976759089162 1000.4
10005 0.8650344285990077 1000.5
10006 0.865071452643788 1000.6
10007 0.8651087758573072 1000.7
10008 0.8651461820517216 1000.8
10009 0.8651833579557964 1000.9
10010 0.8652196013011902 1001
10011 0.8652549009527877 1001.1
10012 0.8652895977529934 1001.2
10013 0.8653241481926027 1001.3
10014 0.8653590619947092 1001.4
10015 0.8653947617584584 1001.5
10016 0.8654314360357657 1001.6
10017 0.8654688943458518 1001.7
10018 0.865506880041259 1001.8
10019 0.8655452213565414 1001.9
10020 0.8655839777409869 1002
10021 0.8656234799349144 1002.1
10022 0.8656639671983943 1002.2
10023 0.8657032693574204 1002.3
10024 0.865744009839253 1002.4
10025 0.8657855847783774 1002.5
10026 0.865827635575247 1002.6
10027 0.8658698975638605 1002.7
10028 0.8659122238246062 1002.8
10029 0.8659545818797407 1002.9
10030 0.865996966662722 1003
10031 0.8660392659997457 1003.1
10032 0.8660812972488495 1003.2
10033 0.8661229189910418 1003.3
10034 0.866164068166 1003.4
10035 0.8662046073259102 1003.5
10036 0.8662449607572793 1003.6
10037 0.8662850426641021 1003.7
10038 0.8663210325226213 1003.8
10039 0.8663578825572248 1003.9
10040 0.8663955039085445 1004
10041 0.8664338255720457 1004.1
10042 0.8664729273770234 1004.2
10043 0.8665129746765581 1004.3
10044 0.8665539425868116 1004.4
10045 0.8665945714106721 1004.5
10046 0.8666331103717673 1004.6
10047 0.8666702437999765 1004.7
10048 0.8667060538011071 1004.8
10049 0.8667417239133967 1004.9
10050 0.86677726249294 1005
10051 0.8668123434023557 1005.1
10052 0.8668466895606728 1005.2
10053 0.8668800643653681 1005.3
10054 0.8669131585870298 1005.4
10055 0.8669470566980971 1005.5
10056 0.8669820566014316 1005.6
10057 0.8670114912002379 1005.7
10058 0.8670429466772539 1005.8
10059 0.8670788286693136 1005.9
10060 0.8671162718295128 1006
10061 0.8671520368157897 1006.1
10062 0.8671910778835227 1006.2
10063 0.8672288899309334 1006.3
10064 0.8672636088332784 1006.4
10065 0.8672952352961947 1006.5
10066 0.8673191368301197 1006.6
10067 0.8673330697708624 1006.7
10068 0.867346107143213 1006.8
10069 0.8673596486800449 1006.9
10070 0.8673746883416895 1007
10071 0.8673911318164033 1007.1
10072 0.8674099440845011 1007.2
10073 0.8674313895484752 1007.3
10074 0.8674555028934291 1007.4
10075 0.8674822397157028 1007.5
10076 0.8675113875933883 1007.6
10077 0.8675403824210839 1007.7
10078 0.867571143888185 1007.8
10079 0.8676026037979119 1007.9
10080 0.8676345456073657 1008
10081 0.8676682501145561 1008.1
10082 0.8677036209479706 1008.2
10083 0.8677405153541168 1008.3
10084 0.8677782081706826 1008.4
10085 0.8678167570499175 1008.5
10086 0.8678561744925926 1008.6
10087 0.8678962399532693 1008.7
10088 0.8679364036995069 1008.8
10089 0.8679770169907189 1008.9
10090 0.8680180174807325 1009
10091 0.8680579561764632 1009.1
10092 0.868090383768763 1009.2
10093 0.8681232226990546 1009.3
10094 0.8681564880965924 1009.4
10095 0.8681900745717818 1009.5
10096 0.8682238763573881 1009.6
10097 0.8682578995362931 1009.7
10098 0.8682920092351397 1009.8
10099 0.8683260492937636 1009.9
10100 0.8683590662325832 1010
10101 0.8683914584666171 1010.1
10102 0.8684236825948756 1010.2
10103 0.8684557206461021 1010.3
10104 0.868487565754759 1010.4
10105 0.868519218063143 1010.5
10106 0.8685506782712787 1010.6
10107 0.8685819434001427 1010.7
10108 0.8686130566780244 1010.8
10109 0.8686440509948881 1010.9
10110 0.8686749586175271 1011
10111 0.8687057161402004 1011.1
10112 0.8687363037794058 1011.2
10113 0.8687670635295518 1011.3
10114 0.8687980694781762 1011.4
10115 0.8688293527067608 1011.5
10116 0.868860816131521 1011.6
10117 0.8688915779509232 1011.7
10118 0.8689226767670019 1011.8
10119 0.8689544023419254 1011.9
10120 0.8689867961671009 1012
10121 0.8690199021594687 1012.1
10122 0.8690537685008816 1012.2
10123 0.8690884461770558 1012.3
10124 0.8691239862533634 1012.4
10125 0.8691604236530178 1012.5
10126 0.8691977653879946 1012.6
10127 0.8692359739787161 1012.7
10128 0.8692749403082863 1012.8
10129 0.8693136008252288 1012.9
10130 0.8693515186334211 1013
10131 0.8693897644404922 1013.1
10132 0.8694282276338808 1013.2
10133 0.8694668180648957 1013.3
10134 0.8695054603122832 1013.4
10135 0.86954409602245 1013.5
10136 0.8695826638872304 1013.6
10137 0.8696211006457359 1013.7
10138 0.8696593025339879 1013.8
10139 0.8696971124187789 1013.9
10140 0.8697343839282785 1014
10141 0.869771034563571 1014.1
10142 0.869807052952224 1014.2
10143 0.8698424764731254 1014.3
10144 0.8698773703647783 1014.4
10145 0.8699075834478285 1014.5
10146 0.8699375197643031 1014.6
10147 0.8699678098003473 1014.7
10148 0.8699982960510398 1014.8
10149 0.8700291736289982 1014.9
10150 0.8700604607043063 1015
10151 0.8700921382772586 1015.1
10152 0.8701242075742416 1015.2
10153 0.8701566769035884 1015.3
10154 0.8701895988862898 1015.4
10155 0.8702229366593121 1015.5
10156 0.870255518297106 1015.6
10157 0.8702872088477623 1015.7
10158 0.8703194184794617 1015.8
10159 0.8703521467632521 1015.9
10160 0.8703853992206688 1016
10161 0.8704191516402923 1016.1
10162 0.8704532576185763 1016.2
10163 0.8704875953897961 1016.3
10164 0.8705218636597765 1016.4
10165 0.8705554273822727 1016.5
10166 0.8705890132253467 1016.6
10167 0.8706225643975884 1016.7
10168 0.8706560564200263 1016.8
10169 0.8706895052878281 1016.9
10170 0.8707229352660196 1017
10171 0.8707563341694784 1017.1
10172 0.8707897369441654 1017.2
10173 0.870823189676446 1017.3
10174 0.8708567455116728 1017.4
10175 0.8708902333599668 1017.5
10176 0.8709237945449015 1017.6
10177 0.8709577419190482 1017.7
10178 0.8709922179981475 1017.8
10179 0.8710273484054489 1017.9
10180 0.8710632654768249 1018
10181 0.871100142478038 1018.1
10182 0.8711371456334316 1018.2
10183 0.8711745685636332 1018.3
10184 0.8712131121033759 1018.4
10185 0.8712526436363728 1018.5
10186 0.8712928174341131 1018.6
10187 0.871333135483513 1018.7
10188 0.8713731342957431 1018.8
10189 0.871412160859465 1018.9
10190 0.8714500762676058 1019
10191 0.8714870891564226 1019.1
10192 0.8715232922651319 1019.2
10193 0.8715540352546682 1019.3
10194 0.8715848676283994 1019.4
10195 0.8716158367829783 1019.5
10196 0.8716469732533216 1019.6
10197 0.8716783345541657 1019.7
10198 0.8717099574638787 1019.8
10199 0.8717417662891432 1019.9
10200 0.8717738424942469 1020
10201 0.871806371553824 1020.1
10202 0.8718389294957178 1020.2
10203 0.8718718544000403 1020.3
10204 0.8719054133460741 1020.4
10205 0.8719387299653059 1020.5
10206 0.8719706642077504 1020.6
10207 0.872003186871939 1020.7
10208 0.8720364897242711 1020.8
10209 0.8720704924988915 1020.9
10210 0.8721050904157863 1021
10211 0.8721401751581059 1021.1
10212 0.8721756103313915 1021.2
10213 0.8722113410915918 1021.3
10214 0.8722458559565419 1021.4
10215 0.8722807169142012 1021.5
10216 0.8723159367510946 1021.6
10217 0.8723515576713974 1021.7
10218 0.8723876806392972 1021.8
10219 0.8724243945379189 1021.9
10220 0.8724618727177269 1022
10221 0.8725002876173288 1022.1
10222 0.8725397701427587 1022.2
10223 0.8725804383018918 1022.3
10224 0.8726207567479838 1022.4
10225 0.8726604444032673 1022.5
10226 0.872701285703934 1022.6
10227 0.8727427496394572 1022.7
10228 0.8727843678882082 1022.8
10229 0.8728256753145559 1022.9
10230 0.8728662665440016 1023
10231 0.872905816070483 1023.1
10232 0.8729443611911182 1023.2
10233 0.8729819845808164 1023.3
10234 0.8730145491005646 1023.4
10235 0.8730467223691362 1023.5
10236 0.8730794344554493 1023.6
10237 0.8731129040908757 1023.7
10238 0.8731472997830294 1023.8
10239 0.8731827650382873 1023.9
10240 0.8732194016578598 1024
10241 0.8732554822744879 1024.1
10242 0.8732896274902305 1024.2
10243 0.8733243776681371 1024.3
10244 0.8733593117538322 1024.4
10245 0.8733942361067374 1024.5
10246 0.8734293290262896 1024.6
10247 0.8734647139074507 1024.7
10248 0.8735007115990454 1024.8
10249 0.8735378538679965 1024.9
10250 0.8735765369913957 1025
10251 0.8736163231928987 1025.1
10252 0.8736502588319363 1025.2
10253 0.8736852677388415 1025.3
10254 0.873721631592088 1025.4
10255 0.8737597447670954 1025.5
10256 0.8737938520570997 1025.6
10257 0.8738291885274128 1025.7
10258 0.8738657530305554 1025.8
10259 0.8739015751091572 1025.9
10260 0.8739337517549165 1026
10261 0.8739658847627629 1026.1
10262 0.8739969269944997 1026.2
10263 0.8740306904447617 1026.3
10264 0.8740590872963867 1026.4
10265 0.8740883537708388 1026.5
10266 0.8741186654645013 1026.6
10267 0.874149825075187 1026.7
10268 0.8741819510700349 1026.8
10269 0.8742119527911603 1026.9
10270 0.8742390563296141 1027
10271 0.8742667451749266 1027.1
10272 0.8742913476390876 1027.2
10273 0.8743158910043766 1027.3
10274 0.8743411873063949 1027.4
10275 0.8743682461160479 1027.5
10276 0.8743971896512315 1027.6
10277 0.8744261506185581 1027.7
10278 0.874452883630974 1027.8
10279 0.8744807272613098 1027.9
10280 0.874509372312081 1028
10281 0.8745388048962299 1028.1
10282 0.8745692271198128 1028.2
10283 0.8746009487740971 1028.3
10284 0.8746340675778022 1028.4
10285 0.8746668084657006 1028.5
10286 0.8746964157708562 1028.6
10287 0.8747267436502594 1028.7
10288 0.8747574575243579 1028.8
10289 0.8747886715605853 1028.9
10290 0.8748207989734758 1029
10291 0.8748541117322954 1029.1
10292 0.8748890376218332 1029.2
10293 0.8749248376006701 1029.3
10294 0.8749574524447468 1029.4
10295 0.8749914316919489 1029.5
10296 0.8750263294885563 1029.6
10297 0.8750618358808556 1029.7
10298 0.8750977871126062 1029.8
10299 0.8751341594981911 1029.9
10300 0.8751710333095691 1030
10301 0.8752084701669604 1030.1
10302 0.8752461807173342 1030.2
10303 0.8752795988398346 1030.3
10304 0.8753085020168487 1030.4
10305 0.8753373954150679 1030.5
10306 0.8753664711906789 1030.6
10307 0.8753956474560469 1030.7
10308 0.8754248548986745 1030.8
10309 0.8754545275746506 1030.9
10310 0.8754849529276799 1031
10311 0.8755163929051123 1031.1
10312 0.8755490031373353 1031.2
10313 0.8755818356405463 1031.3
10314 0.875612155906636 1031.4
10315 0.875642972440499 1031.5
10316 0.8756740114483781 1031.6
10317 0.875705201552237 1031.7
10318 0.8757366210595983 1031.8
10319 0.8757684376422584 1031.9
10320 0.8758011511482757 1032
10321 0.8758351268219835 1032.1
10322 0.8758706593616731 1032.2
10323 0.8759078426339316 1032.3
10324 0.8759461248403706 1032.4
10325 0.8759814426744698 1032.5
10326 0.8760171842664485 1032.6
10327 0.8760527730616364 1032.7
10328 0.8760878346758428 1032.8
10329 0.8761222287973015 1032.9
10330 0.8761560251619559 1033
10331 0.8761861277298322 1033.1
10332 0.8762147904722707 1033.2
10333 0.8762440859327261 1033.3
10334 0.8762743299850763 1033.4
10335 0.8763056820481209 1033.5
10336 0.8763381689288039 1033.6
10337 0.8763706657633129 1033.7
10338 0.8764014260395955 1033.8
10339 0.8764325285611198 1033.9
10340 0.8764636471283902 1034
10341 0.8764946268927054 1034.1
10342 0.876525508993981 1034.2
10343 0.8765564635933496 1034.3
10344 0.8765878508935567 1034.4
10345 0.8766199601626514 1034.5
10346 0.8766530209499931 1034.6
10347 0.8766871674596173 1034.7
10348 0.8767224271554321 1034.8
10349 0.8767587186895827 1034.9
10350 0.8767958588668234 1035
10351 0.8768335552463664 1035.1
10352 0.8768683373582219 1035.2
10353 0.8769024456476202 1035.3
10354 0.8769360424374104 1035.4
10355 0.8769646070162508 1035.5
10356 0.8769922584781007 1035.6
10357 0.8770198513315401 1035.7
10358 0.8770475843633312 1035.8
10359 0.8770756616742054 1035.9
10360 0.8771042858356141 1036
10361 0.8771336430190069 1036.1
10362 0.8771638916106258 1036.2
10363 0.8771952096062007 1036.3
10364 0.8772277852984178 1036.4
10365 0.8772615463895042 1036.5
10366 0.8772966009933856 1036.6
10367 0.8773329176367134 1036.7
10368 0.8773701750928231 1036.8
10369 0.877406037386731 1036.9
10370 0.8774406674675576 1037
10371 0.8774747635894977 1037.1
10372 0.8775081221872946 1037.2
10373 0.8775407418710738 1037.3
10374 0.8775727936066894 1037.4
10375 0.8776010749590881 1037.5
10376 0.8776277886295595 1037.6
10377 0.8776551709755019 1037.7
10378 0.877683380673744 1037.8
10379 0.8777125543116118 1037.9
10380 0.8777428120835818 1038
10381 0.8777742555614365 1038.1
10382 0.8778069186703416 1038.2
10383 0.8778407663448821 1038.3
10384 0.8778756772989411 1038.4
10385 0.8779114694075572 1038.5
10386 0.8779472746358277 1038.6
10387 0.8779837173798536 1038.7
10388 0.8780204948917398 1038.8
10389 0.8780572516976848 1038.9
10390 0.8780911651475374 1039
10391 0.8781246296920452 1039.1
10392 0.8781523748347319 1039.2
10393 0.8781795421395603 1039.3
10394 0.878207085493856 1039.4
10395 0.8782351804955144 1039.5
10396 0.878263573474265 1039.6
10397 0.8782925663076659 1039.7
10398 0.878322363528077 1039.8
10399 0.8783529252414487 1039.9
10400 0.8783841246683721 1040
10401 0.8784157531442327 1040.1
10402 0.8784476386068224 1040.2
10403 0.8784797015425878 1040.3
10404 0.8785119732874794 1040.4
10405 0.8785446030768076 1040.5
10406 0.8785725319498495 1040.6
10407 0.8786005275302688 1040.7
10408 0.8786297106603943 1040.8
10409 0.8786600618016767 1040.9
10410 0.8786916106860453 1041
10411 0.878724195533798 1041.1
10412 0.8787575461968365 1041.2
10413 0.878791494250753 1041.3
10414 0.8788257556521498 1041.4
10415 0.8788601059693356 1041.5
10416 0.8788940888139339 1041.6
10417 0.8789259682067063 1041.7
10418 0.8789523670015531 1041.8
10419 0.8789783078819349 1041.9
10420 0.8790052093018318 1042
10421 0.8790331549862122 1042.1
10422 0.8790621007934942 1042.2
10423 0.8790918680090092 1042.3
10424 0.879122163090884 1042.4
10425 0.8791528173253963 1042.5
10426 0.8791832100233159 1042.6
10427 0.8792140360225641 1042.7
10428 0.8792452789667359 1042.8
10429 0.8792706774377673 1042.9
10430 0.8792974063335585 1043
10431 0.879325442773793 1043.1
10432 0.879354659623228 1043.2
10433 0.8793847957864119 1043.3
10434 0.8794155446095558 1043.4
10435 0.8794466505545041 1043.5
10436 0.879478001718327 1043.6
10437 0.8795096564390892 1043.7
10438 0.8795418283708946 1043.8
10439 0.8795677205555323 1043.9
10440 0.8795947984695593 1044
10441 0.8796230778540289 1044.1
10442 0.8796524104396226 1044.2
10443 0.8796825284322326 1044.3
10444 0.879713135689162 1044.4
10445 0.8797440084972155 1044.5
10446 0.8797750703537957 1044.6
10447 0.8798064098830256 1044.7
10448 0.879836607041496 1044.8
10449 0.8798624042755758 1044.9
10450 0.8798891535280398 1045
10451 0.8799170504882265 1045.1
10452 0.8799459455884573 1045.2
10453 0.8799755511102101 1045.3
10454 0.8800055916228245 1045.4
10455 0.8800358624057674 1045.5
10456 0.8800663011034535 1045.6
10457 0.8800969791159822 1045.7
10458 0.8801255299231422 1045.8
10459 0.8801491412753215 1045.9
10460 0.8801734823380808 1046
10461 0.8801990456901049 1046.1
10462 0.8802256644884048 1046.2
10463 0.8802530843436145 1046.3
10464 0.8802810469056001 1046.4
10465 0.880309370842445 1046.5
10466 0.8803380054536792 1046.6
10467 0.8803670390920468 1046.7
10468 0.8803953070592239 1046.8
10469 0.8804189702582131 1046.9
10470 0.8804432922265851 1047
10471 0.8804688064948117 1047.1
10472 0.8804953655771091 1047.2
10473 0.8805227159368988 1047.3
10474 0.8805505827642682 1047.4
10475 0.8805787401944535 1047.5
10476 0.8806070834707291 1047.6
10477 0.8806356459893777 1047.7
10478 0.8806646296062731 1047.8
10479 0.8806895862844738 1047.9
10480 0.8807138064927487 1048
10481 0.8807391076093387 1048.1
10482 0.8807654412928858 1048.2
10483 0.8807926417206465 1048.3
10484 0.8808204624041723 1048.4
10485 0.8808486523034967 1048.5
10486 0.8808770444583637 1048.6
10487 0.8809055875727995 1048.7
10488 0.8809343377437784 1048.8
10489 0.8809634528138202 1048.9
10490 0.8809872959982474 1049
10491 0.8810115383286236 1049.1
10492 0.8810368497002414 1049.2
10493 0.8810631907328265 1049.3
10494 0.8810904088884481 1049.4
10495 0.8811182189233872 1049.5
10496 0.8811461944071414 1049.6
10497 0.8811743299133744 1049.7
10498 0.8812025169876838 1049.8
10499 0.8812307689030303 1049.9
10500 0.8812592408867188 1050
10501 0.8812842393391033 1050.1
10502 0.8813078240316473 1050.2
10503 0.8813322231474779 1050.3
10504 0.8813574293406695 1050.4
10505 0.8813834086581837 1050.5
10506 0.8814100364093308 1050.6
10507 0.8814370902030102 1050.7
10508 0.8814643458426933 1050.8
10509 0.8814916496361013 1050.9
10510 0.8815189564011849 1051
10511 0.88154617853367 1051.1
10512 0.8815736535066231 1051.2
10513 0.8815966449778041 1051.3
10514 0.8816192711224827 1051.4
10515 0.8816428206873864 1051.5
10516 0.8816673497399637 1051.6
10517 0.8816928362169788 1051.7
10518 0.8817191522340846 1051.8
10519 0.8817460837701192 1051.9
10520 0.8817734056221707 1052
10521 0.8818009444976201 1052.1
10522 0.8818285945949748 1052.2
10523 0.8818563385373411 1052.3
10524 0.8818840400234281 1052.4
10525 0.8819103474117417 1052.5
10526 0.8819332439732079 1052.6
10527 0.881956998271355 1052.7
10528 0.8819813672338277 1052.8
10529 0.8820050983502449 1052.9
10530 0.8820297036405842 1053
10531 0.88205506078574 1053.1
10532 0.8820809300607211 1053.2
10533 0.8821067277593944 1053.3
10534 0.8821321849779629 1053.4
10535 0.8821574519024853 1053.5
10536 0.8821825329574065 1053.6
10537 0.8822074711777492 1053.7
10538 0.8822324008969282 1053.8
10539 0.8822546567948123 1053.9
10540 0.8822751092548169 1054
10541 0.8822963042145838 1054.1
10542 0.8823182966309963 1054.2
10543 0.8823410750832195 1054.3
10544 0.88236464624911 1054.4
10545 0.8823887092735689 1054.5
10546 0.8824134549613607 1054.6
10547 0.8824387378565305 1054.7
10548 0.8824643648194831 1054.8
10549 0.8824901423828562 1054.9
10550 0.8825159157033948 1055
10551 0.8825415937594911 1055.1
10552 0.8825670727893419 1055.2
10553 0.8825922712775386 1055.3
10554 0.88261750022737 1055.4
10555 0.8826381556459936 1055.5
10556 0.8826593559158054 1055.6
10557 0.8826811603618713 1055.7
10558 0.8827036017297621 1055.8
10559 0.8827267009740891 1055.9
10560 0.8827504189792658 1056
10561 0.8827747214633686 1056.1
10562 0.8827995723934585 1056.2
10563 0.882824946766594 1056.3
10564 0.8828507467206519 1056.4
10565 0.8828759340168646 1056.5
10566 0.882901192554714 1056.6
10567 0.882926423365358 1056.7
10568 0.882951523206841 1056.8
10569 0.8829764583784523 1056.9
10570 0.8830012340270399 1057
10571 0.8830258935141712 1057.1
10572 0.8830504122770644 1057.2
10573 0.8830707640826091 1057.3
10574 0.8830916546872997 1057.4
10575 0.8831131034927429 1057.5
10576 0.8831348819640675 1057.6
10577 0.8831572023737909 1057.7
10578 0.8831802072603872 1057.8
10579 0.8832039189048526 1057.9
10580 0.883228341533711 1058
10581 0.8832534372946724 1058.1
10582 0.8832788185939742 1058.2
10583 0.883304174059111 1058.3
10584 0.8833300828679262 1058.4
10585 0.8833564022358901 1058.5
10586 0.8833829485304888 1058.6
10587 0.8834095256833431 1058.7
10588 0.8834359603915259 1058.8
10589 0.8834621299855305 1058.9
10590 0.88348797248394 1059
10591 0.8835134848380528 1059.1
10592 0.8835387124141983 1059.2
10593 0.8835637211931496 1059.3
10594 0.8835853793328772 1059.4
10595 0.8836064525097888 1059.5
10596 0.883627940018449 1059.6
10597 0.8836498772946374 1059.7
10598 0.8836722946096299 1059.8
10599 0.8836952405310878 1059.9
10600 0.8837186748829731 1060
10601 0.8837426784319877 1060.1
10602 0.8837672889778387 1060.2
10603 0.8837914458464436 1060.3
10604 0.8838155662471694 1060.4
10605 0.8838402860637876 1060.5
10606 0.883865590262864 1060.6
10607 0.8838914644064195 1060.7
10608 0.8839178709259048 1060.8
10609 0.8839447402078008 1060.9
10610 0.8839719596714323 1061
10611 0.8839993764098525 1061.1
10612 0.8840268196545262 1061.2
10613 0.8840541277119237 1061.3
10614 0.8840811519074596 1061.4
10615 0.8841078183426883 1061.5
10616 0.8841341073503556 1061.6
10617 0.8841600307452163 1061.7
10618 0.884185616294315 1061.8
10619 0.8842091171494065 1061.9
10620 0.8842304707965792 1062
10621 0.8842521788078407 1062.1
10622 0.8842742853294876 1062.2
10623 0.8842965419175468 1062.3
10624 0.8843189617686336 1062.4
10625 0.8843418155171093 1062.5
10626 0.8843643994462431 1062.6
10627 0.8843865252211802 1062.7
10628 0.8844078975712013 1062.8
10629 0.8844297914346936 1062.9
10630 0.8844521960767905 1063
10631 0.8844751079676086 1063.1
10632 0.8844985055081301 1063.2
10633 0.8845223813282004 1063.3
10634 0.884546734710564 1063.4
10635 0.8845715321090059 1063.5
10636 0.8845967605565563 1063.6
10637 0.8846223699843472 1063.7
10638 0.8846483098184166 1063.8
10639 0.8846744917765793 1063.9
10640 0.8847007970467855 1064
10641 0.8847268015230301 1064.1
10642 0.8847515840682953 1064.2
10643 0.8847760422226815 1064.3
10644 0.8848000293855243 1064.4
10645 0.8848234949668798 1064.5
10646 0.8848464684331553 1064.6
10647 0.8848689943111417 1064.7
10648 0.8848911416378533 1064.8
10649 0.8849129945915128 1064.9
10650 0.8849314167123803 1065
10651 0.884949609916412 1065.1
10652 0.8849681870560125 1065.2
10653 0.8849871698598807 1065.3
10654 0.885006570911136 1065.4
10655 0.8850263952667898 1065.5
10656 0.8850466418351095 1065.6
10657 0.8850672720917763 1065.7
10658 0.8850882971036248 1065.8
10659 0.885109711220451 1065.9
10660 0.8851315000129334 1066
10661 0.8851536509259073 1066.1
10662 0.8851761535071775 1066.2
10663 0.8851989975511831 1066.3
10664 0.8852221781897671 1066.4
10665 0.8852456952256905 1066.5
10666 0.8852694636627257 1066.6
10667 0.8852934092541708 1066.7
10668 0.8853177346704036 1066.8
10669 0.8853424553894895 1066.9
10670 0.8853675903852023 1067
10671 0.8853931595311233 1067.1
10672 0.8854191953081604 1067.2
10673 0.8854441769179947 1067.3
10674 0.8854694717437737 1067.4
10675 0.8854952355940907 1067.5
10676 0.8855213617451048 1067.6
10677 0.8855480201612131 1067.7
10678 0.8855752042872997 1067.8
10679 0.8856028713051072 1067.9
10680 0.8856308833895183 1068
10681 0.8856589303544838 1068.1
10682 0.885687128137217 1068.2
10683 0.885715288560264 1068.3
10684 0.8857432241083939 1068.4
10685 0.8857707433903733 1068.5
10686 0.8857968280877445 1068.6
10687 0.8858218825340641 1068.7
10688 0.8858463255142924 1068.8
10689 0.8858702094259296 1068.9
10690 0.8858936329125451 1069
10691 0.8859166836576606 1069.1
10692 0.8859359291063778 1069.2
10693 0.8859545221467268 1069.3
10694 0.8859733649732935 1069.4
10695 0.8859925913479445 1069.5
10696 0.8860122805450873 1069.6
10697 0.8860324586190479 1069.7
10698 0.8860531346122957 1069.8
10699 0.8860743019854717 1069.9
10700 0.8860957331569945 1070
10701 0.8861172927573342 1070.1
10702 0.8861393351332357 1070.2
10703 0.8861618615114891 1070.3
10704 0.8861836412504719 1070.4
10705 0.8862054421299694 1070.5
10706 0.8862275540453354 1070.6
10707 0.8862498118922043 1070.7
10708 0.8862723231376471 1070.8
10709 0.8862950528406176 1070.9
10710 0.8863179758503158 1071
10711 0.8863410762900239 1071.1
10712 0.8863634362103114 1071.2
10713 0.8863856912840268 1071.3
10714 0.886408143991482 1071.4
10715 0.8864307929966477 1071.5
10716 0.8864535393046042 1071.6
10717 0.8864764743013422 1071.7
10718 0.8864996308584298 1071.8
10719 0.8865230263172774 1071.9
10720 0.8865466679033712 1072
10721 0.8865705933951579 1072.1
10722 0.8865948449822857 1072.2
10723 0.886619457423748 1072.3
10724 0.8866444600837431 1072.4
10725 0.886669854742914 1072.5
10726 0.8866956447442002 1072.6
10727 0.8867218004179693 1072.7
10728 0.8867481666249107 1072.8
10729 0.8867747618674456 1072.9
10730 0.8868003190384621 1073
10731 0.886825231445889 1073.1
10732 0.8868502091807768 1073.2
10733 0.8868751767869111 1073.3
10734 0.8869000465995993 1073.4
10735 0.8869247289556166 1073.5
10736 0.8869491328993527 1073.6
10737 0.8869731609092149 1073.7
10738 0.886996774197681 1073.8
10739 0.8870200585056612 1073.9
10740 0.8870430608808653 1074
10741 0.8870658457462465 1074.1
10742 0.8870884882532234 1074.2
10743 0.8871110598636037 1074.3
10744 0.8871306467559517 1074.4
10745 0.8871499610827243 1074.5
10746 0.8871698376138137 1074.6
10747 0.8871902324521684 1074.7
10748 0.8872111702447288 1074.8
10749 0.8872326217399882 1074.9
10750 0.8872545412617351 1075
10751 0.8872769031574769 1075.1
10752 0.8872996837020449 1075.2
10753 0.8873228610320052 1075.3
10754 0.8873464081687978 1075.4
10755 0.8873703102170047 1075.5
10756 0.8873945609682213 1075.6
10757 0.8874189491645594 1075.7
10758 0.8874435879892971 1075.8
10759 0.8874685449432281 1075.9
10760 0.8874938217411283 1076
10761 0.8875194400670336 1076.1
10762 0.8875454242821439 1076.2
10763 0.8875717985878088 1076.3
10764 0.8875970173256227 1076.4
10765 0.8876224982536314 1076.5
10766 0.8876483535727876 1076.6
10767 0.887674541928996 1076.7
10768 0.8877009823311175 1076.8
10769 0.8877269533846985 1076.9
10770 0.8877519739148061 1077
10771 0.8877766358065162 1077.1
10772 0.8878010806127424 1077.2
10773 0.8878253025486978 1077.3
10774 0.8878482793963663 1077.4
10775 0.8878709699483239 1077.5
10776 0.8878935021998406 1077.6
10777 0.8879159042799362 1077.7
10778 0.8879382837671169 1077.8
10779 0.887960389901004 1077.9
10780 0.8879826860987307 1078
10781 0.8880051464303826 1078.1
10782 0.8880279230832843 1078.2
10783 0.8880510438549332 1078.3
10784 0.8880737962568397 1078.4
10785 0.8880964069773756 1078.5
10786 0.888119455022652 1078.6
10787 0.8881412527301655 1078.7
10788 0.8881633351661861 1078.8
10789 0.8881857732459593 1078.9
10790 0.8882085328653198 1079
10791 0.888231209685473 1079.1
10792 0.8882541183533699 1079.2
10793 0.8882772237584349 1079.3
10794 0.8883004595767908 1079.4
10795 0.8883235744533339 1079.5
10796 0.8883467700631983 1079.6
10797 0.8883701155087522 1079.7
10798 0.8883935940539052 1079.8
10799 0.8884172255855306 1079.9
10800 0.8884409527571945 1080
10801 0.8884645635019542 1080.1
10802 0.8884883597490373 1080.2
10803 0.8885122955026439 1080.3
10804 0.888536327015002 1080.4
10805 0.8885604372776484 1080.5
10806 0.8885846006234387 1080.6
10807 0.8886089586620478 1080.7
10808 0.8886334695006588 1080.8
10809 0.888658084827576 1080.9
10810 0.8886827412369932 1081
10811 0.8887072298756498 1081.1
10812 0.8887283751463462 1081.2
10813 0.8887484114921383 1081.3
10814 0.888767590434684 1081.4
10815 0.8887869816815775 1081.5
10816 0.8888065206214421 1081.6
10817 0.8888261209853935 1081.7
10818 0.8888457007372729 1081.8
10819 0.8888653773234183 1081.9
10820 0.8888851739726686 1082
10821 0.8889051060372892 1082.1
10822 0.8889251893882216 1082.2
10823 0.8889454275235444 1082.3
10824 0.8889656531047323 1082.4
10825 0.8889860431655088 1082.5
10826 0.8890066162580452 1082.6
10827 0.8890273877933688 1082.7
10828 0.8890483705572177 1082.8
10829 0.8890695699933242 1082.9
10830 0.8890909893106557 1083
10831 0.8891126309478956 1083.1
10832 0.8891344972480705 1083.2
10833 0.8891565912744976 1083.3
10834 0.8891782136585501 1083.4
10835 0.8891997387817018 1083.5
10836 0.8892215487315284 1083.6
10837 0.8892436467068058 1083.7
10838 0.8892660271692736 1083.8
10839 0.8892886877911136 1083.9
10840 0.8893116421228976 1084
10841 0.8893349072974355 1084.1
10842 0.889358504383436 1084.2
10843 0.8893824582803005 1084.3
10844 0.889406798494208 1084.4
10845 0.8894315553161656 1084.5
10846 0.8894567648281957 1084.6
10847 0.8894824586850982 1084.7
10848 0.8895086618216025 1084.8
10849 0.8895353878715455 1084.9
10850 0.8895626289176159 1085
10851 0.8895903486863176 1085.1
10852 0.8896184676256267 1085.2
10853 0.8896463767953851 1085.3
10854 0.8896724738300931 1085.4
10855 0.8896976657804587 1085.5
10856 0.8897227468181557 1085.6
10857 0.8897474622351143 1085.7
10858 0.8897716735933939 1085.8
10859 0.8897955581961611 1085.9
10860 0.8898192150428862 1086
10861 0.8898426561249808 1086.1
10862 0.8898658873163837 1086.2
10863 0.8898889146279733 1086.3
10864 0.8899118362664318 1086.4
10865 0.8899347035999989 1086.5
10866 0.8899575451668406 1086.6
10867 0.8899803514699732 1086.7
10868 0.8900031597250874 1086.8
10869 0.8900260113998576 1086.9
10870 0.8900489348449246 1087
10871 0.8900719680946028 1087.1
10872 0.8900951367104023 1087.2
10873 0.8901184225372433 1087.3
10874 0.8901418392374771 1087.4
10875 0.8901654161654949 1087.5
10876 0.8901891972959196 1087.6
10877 0.8902131906613717 1087.7
10878 0.8902373848655353 1087.8
10879 0.8902617519341032 1087.9
10880 0.8902862999223237 1088
10881 0.890311117819689 1088.1
10882 0.890336271172439 1088.2
10883 0.8903617807909144 1088.3
10884 0.8903876472402676 1088.4
10885 0.8904132715027483 1088.5
10886 0.8904377425302771 1088.6
10887 0.8904623043176775 1088.7
10888 0.8904868777691086 1088.8
10889 0.890511388306818 1088.9
10890 0.890535840491993 1089
10891 0.8905603196620038 1089.1
10892 0.8905847564360798 1089.2
10893 0.8906091073989314 1089.3
10894 0.8906333367683694 1089.4
10895 0.8906574185024335 1089.5
10896 0.8906786877820556 1089.6
10897 0.890699164338417 1089.7
10898 0.8907200954662512 1089.8
10899 0.8907414183149974 1089.9
10900 0.8907630918957012 1090
10901 0.8907851021141177 1090.1
10902 0.890807441040898 1090.2
10903 0.890830057398566 1090.3
10904 0.8908528792096226 1090.4
10905 0.8908755989502397 1090.5
10906 0.8908968451249634 1090.6
10907 0.8909181679118762 1090.7
10908 0.8909396038828897 1090.8
10909 0.890961195576962 1090.9
10910 0.8909829684690984 1091
10911 0.8910049526640703 1091.1
10912 0.8910270470473337 1091.2
10913 0.8910487350162136 1091.3
10914 0.8910706780177311 1091.4
10915 0.8910929194879541 1091.5
10916 0.8911154870947879 1091.6
10917 0.8911384012973729 1091.7
10918 0.8911616778702951 1091.8
10919 0.8911853298996166 1091.9
10920 0.8912093642674976 1092
10921 0.8912337746014879 1092.1
10922 0.8912569907806113 1092.2
10923 0.8912793149531864 1092.3
10924 0.8913018016007306 1092.4
10925 0.8913229492875873 1092.5
10926 0.8913439318405204 1092.6
10927 0.8913649515742484 1092.7
10928 0.8913859848836811 1092.8
10929 0.8914070145073201 1092.9
10930 0.8914280336712712 1093
10931 0.8914490472059444 1093.1
10932 0.89147006981391 1093.2
10933 0.8914911060550845 1093.3
10934 0.8915121751546117 1093.4
10935 0.8915333032268167 1093.5
10936 0.8915545159253544 1093.6
10937 0.8915758365226927 1093.7
10938 0.8915972868207579 1093.8
10939 0.891618885840941 1093.9
10940 0.8916406336474095 1094
10941 0.8916625415516664 1094.1
10942 0.8916846186177069 1094.2
10943 0.8917068672773437 1094.3
10944 0.8917292926221108 1094.4
10945 0.8917518916160992 1094.5
10946 0.8917746634462305 1094.6
10947 0.891797606928275 1094.7
10948 0.8918207208331618 1094.8
10949 0.8918440066992939 1094.9
10950 0.8918674722523615 1095
10951 0.8918911317046716 1095.1
10952 0.891915005940477 1095.2
10953 0.8919391039184144 1095.3
10954 0.8919634320374862 1095.4
10955 0.8919880233345419 1095.5
10956 0.8920129034483399 1095.6
10957 0.8920380938667335 1095.7
10958 0.8920636311951632 1095.8
10959 0.8920895342296208 1095.9
10960 0.8921158039631314 1096
10961 0.8921424119485774 1096.1
10962 0.8921693659651951 1096.2
10963 0.8921966627562395 1096.3
10964 0.8922242841698189 1096.4
10965 0.8922521902479791 1096.5
10966 0.8922803418370449 1096.6
10967 0.8923086801493531 1096.7
10968 0.8923364071038925 1096.8
10969 0.892362658416436 1096.9
10970 0.8923887642656885 1097
10971 0.8924133903521589 1097.1
10972 0.8924379245032007 1097.2
10973 0.8924623599642985 1097.3
10974 0.8924866646966438 1097.4
10975 0.8925107673670107 1097.5
10976 0.8925345413601101 1097.6
10977 0.8925580035327972 1097.7
10978 0.8925813835196684 1097.8
10979 0.8926047140952004 1097.9
10980 0.8926280228122307 1098
10981 0.8926513069474276 1098.1
10982 0.8926744886611897 1098.2
10983 0.8926973370742721 1098.3
10984 0.892719977532315 1098.4
10985 0.8927424995423501 1098.5
10986 0.8927649259743801 1098.6
10987 0.8927872704108587 1098.7
10988 0.8928095569881639 1098.8
10989 0.8928318122579204 1098.9
10990 0.8928540628713045 1099
10991 0.892876336414704 1099.1
10992 0.8928986611992705 1099.2
10993 0.8929210646538714 1099.3
10994 0.8929435694783148 1099.4
10995 0.8929661968591941 1099.5
10996 0.8929866199688014 1099.6
10997 0.8930070115811126 1099.7
10998 0.893027872125063 1099.8
10999 0.8930492193511527 1099.9
11000 0.8930711144073659 1100
11001 0.8930935656767396 1100.1
11002 0.8931165911376981 1100.2
11003 0.893140184345721 1100.3
11004 0.8931630284821727 1100.4
11005 0.8931859048316391 1100.5
11006 0.8932091036356566 1100.6
11007 0.8932325387683228 1100.7
11008 0.8932558933984567 1100.8
11009 0.8932790547015309 1100.9
11010 0.8933022117611146 1101
11011 0.893325300534148 1101.1
11012 0.8933482599749077 1101.2
11013 0.8933711057545606 1101.3
11014 0.8933938747854107 1101.4
11015 0.893416588344509 1101.5
11016 0.8934391032572522 1101.6
11017 0.8934613811729418 1101.7
11018 0.8934837546334667 1101.8
11019 0.8935062868602676 1101.9
11020 0.8935290211868152 1102
11021 0.8935519873694485 1102.1
11022 0.8935751925423703 1102.2
11023 0.8935986461346268 1102.3
11024 0.8936223282594175 1102.4
11025 0.8936455030303523 1102.5
11026 0.8936671436578856 1102.6
11027 0.8936887794801601 1102.7
11028 0.8937103613618438 1102.8
11029 0.8937318889320415 1102.9
11030 0.8937532594622235 1103
11031 0.8937744890012044 1103.1
11032 0.8937956798385418 1103.2
11033 0.8938168525562683 1103.3
11034 0.8938380354035558 1103.4
11035 0.8938592610471684 1103.5
11036 0.8938801674401784 1103.6
11037 0.8939006253743372 1103.7
11038 0.8939213026085761 1103.8
11039 0.8939422265773366 1103.9
11040 0.8939634235683183 1104
11041 0.8939849008473073 1104.1
11042 0.894005502743585 1104.2
11043 0.8940263719937306 1104.3
11044 0.894047566126554 1104.4
11045 0.8940689646732615 1104.5
11046 0.8940907056597127 1104.6
11047 0.8941127978256941 1104.7
11048 0.8941352398017985 1104.8
11049 0.894158026737166 1104.9
11050 0.8941811485366877 1105
11051 0.894204588489419 1105.1
11052 0.8942283205912787 1105.2
11053 0.8942523047253331 1105.3
11054 0.8942764836867164 1105.4
11055 0.89430073961823 1105.5
11056 0.894323726266182 1105.6
11057 0.8943467562059383 1105.7
11058 0.8943698901515493 1105.8
11059 0.894392932769066 1105.9
11060 0.8944159451277292 1106
11061 0.8944390740378009 1106.1
11062 0.8944623360886776 1106.2
11063 0.8944857585822661 1106.3
11064 0.8945093456020918 1106.4
11065 0.8945331189572595 1106.5
11066 0.8945571221543248 1106.6
11067 0.8945813909251187 1106.7
11068 0.894605954725285 1106.8
11069 0.8946308399635884 1106.9
11070 0.8946560493305119 1107
11071 0.894681558026139 1107.1
11072 0.8947073298003959 1107.2
11073 0.8947331885798442 1107.3
11074 0.8947577258084896 1107.4
11075 0.8947824034161515 1107.5
11076 0.8948072181472629 1107.6
11077 0.8948321278960968 1107.7
11078 0.8948547755291811 1107.8
11079 0.8948773948912987 1107.9
11080 0.8948999493882308 1108
11081 0.8949224014933134 1108.1
11082 0.894944757186117 1108.2
11083 0.8949670073567563 1108.3
11084 0.8949892110220986 1108.4
11085 0.8950113811362875 1108.5
11086 0.8950335265088369 1108.6
11087 0.8950556545927014 1108.7
11088 0.8950777591815593 1108.8
11089 0.8950998228769215 1108.9
11090 0.8951218615146699 1109
11091 0.8951438796776234 1109.1
11092 0.8951658715392213 1109.2
11093 0.8951878364403958 1109.3
11094 0.8952097769526677 1109.4
11095 0.8952316992529623 1109.5
11096 0.8952530747019235 1109.6
11097 0.8952741298946039 1109.7
11098 0.8952952702671994 1109.8
11099 0.8953165080884781 1109.9
11100 0.8953378453592774 1110
11101 0.8953586549206302 1110.1
11102 0.8953775710983072 1110.2
11103 0.8953968695755191 1110.3
11104 0.895416612731041 1110.4
11105 0.8954368138282369 1110.5
11106 0.8954574790294875 1110.6
11107 0.8954786131117337 1110.7
11108 0.8955002087326983 1110.8
11109 0.8955222700332356 1110.9
11110 0.8955448173503706 1111
11111 0.8955676454527915 1111.1
11112 0.8955889141868262 1111.2
11113 0.895610017989446 1111.3
11114 0.8956312143524764 1111.4
11115 0.8956527817464097 1111.5
11116 0.8956746713291325 1111.6
11117 0.895696872679517 1111.7
11118 0.8957193509609275 1111.8
11119 0.8957420572051165 1111.9
11120 0.8957649715140928 1112
11121 0.8957880770357124 1112.1
11122 0.8958113446734279 1112.2
11123 0.8958347479245649 1112.3
11124 0.89585827788886 1112.4
11125 0.8958819228522101 1112.5
11126 0.8959056748456127 1112.6
11127 0.8959295141778042 1112.7
11128 0.895953419140907 1112.8
11129 0.8959773721161433 1112.9
11130 0.8960013436013113 1113
11131 0.896025306243964 1113.1
11132 0.8960490576952754 1113.2
11133 0.8960710648931488 1113.3
11134 0.8960929536997644 1113.4
11135 0.8961147571217042 1113.5
11136 0.8961364564852379 1113.6
11137 0.8961581377210909 1113.7
11138 0.896179838384622 1113.8
11139 0.8962015953987561 1113.9
11140 0.8962233963830104 1114
11141 0.8962453564646415 1114.1
11142 0.8962675295717513 1114.2
11143 0.8962899600307263 1114.3
11144 0.8963126907313546 1114.4
11145 0.8963356678170843 1114.5
11146 0.8963588369890654 1114.6
11147 0.8963823394493365 1114.7
11148 0.8964043022314693 1114.8
11149 0.8964261080962378 1114.9
11150 0.8964480043335411 1115
11151 0.8964699543871112 1115.1
11152 0.8964919140435819 1115.2
11153 0.8965138769407101 1115.3
11154 0.8965358112315673 1115.4
11155 0.8965576924948192 1115.5
11156 0.8965794965377162 1115.6
11157 0.8966011970720192 1115.7
11158 0.8966225272037457 1115.8
11159 0.8966436170724872 1115.9
11160 0.896664608878773 1116
11161 0.8966855181440013 1116.1
11162 0.8967063613219974 1116.2
11163 0.8967271637202102 1116.3
11164 0.8967479555338123 1116.4
11165 0.8967687836477111 1116.5
11166 0.8967897250982531 1116.6
11167 0.8968107829160211 1116.7
11168 0.8968319707769788 1116.8
11169 0.8968533004387499 1116.9
11170 0.8968747712081938 1117
11171 0.8968963726356521 1117.1
11172 0.8969181207230099 1117.2
11173 0.8969400285838356 1117.3
11174 0.8969621063446898 1117.4
11175 0.8969843611323938 1117.5
11176 0.8970067970814921 1117.6
11177 0.8970293839776218 1117.7
11178 0.8970512337216907 1117.8
11179 0.897073038323535 1117.9
11180 0.897095174497318 1118
11181 0.897117616207294 1118.1
11182 0.8971403273427958 1118.2
11183 0.8971628596300507 1118.3
11184 0.8971848621757917 1118.4
11185 0.8972071191146835 1118.5
11186 0.8972296204071942 1118.6
11187 0.8972523622347571 1118.7
11188 0.897275348446145 1118.8
11189 0.897298590143906 1118.9
11190 0.8973221047816773 1119
11191 0.8973459148311416 1119.1
11192 0.8973700185626124 1119.2
11193 0.8973944392368641 1119.3
11194 0.8974192047350659 1119.4
11195 0.897444341522851 1119.5
11196 0.8974698708617358 1119.6
11197 0.8974958027874471 1119.7
11198 0.8975221308303983 1119.8
11199 0.8975487178747051 1119.9
11200 0.8975751960789728 1120
11201 0.8976017910622506 1120.1
11202 0.8976271870999978 1120.2
11203 0.8976525885606744 1120.3
11204 0.8976778807061421 1120.4
11205 0.8977029757310948 1120.5
11206 0.8977273092149964 1120.6
11207 0.8977513343335137 1120.7
11208 0.8977751283139275 1120.8
11209 0.8977986676759286 1120.9
11210 0.8978219431050214 1121
11211 0.8978449764108054 1121.1
11212 0.8978677950144022 1121.2
11213 0.8978904183154928 1121.3
11214 0.8979128471183153 1121.4
11215 0.8979351770933642 1121.5
11216 0.8979574779141003 1121.6
11217 0.8979783177124082 1121.7
11218 0.8979981153591595 1121.8
11219 0.898018221754402 1121.9
11220 0.8980385007216709 1122
11221 0.8980571579905371 1122.1
11222 0.898075732866483 1122.2
11223 0.8980943970718409 1122.3
11224 0.8981131336301218 1122.4
11225 0.8981319418977659 1122.5
11226 0.8981508115887251 1122.6
11227 0.8981697294993967 1122.7
11228 0.8981886853690834 1122.8
11229 0.8982076737730792 1122.9
11230 0.8982266944235405 1123
11231 0.8982457515200408 1123.1
11232 0.8982648514536695 1123.2
11233 0.898284002755346 1123.3
11234 0.8983032137211275 1123.4
11235 0.8983224925354897 1123.5
11236 0.8983418469501973 1123.6
11237 0.8983612842766067 1123.7
11238 0.8983808112838662 1123.8
11239 0.8984004319634927 1123.9
11240 0.8984201509985971 1124
11241 0.898439974215998 1124.1
11242 0.8984599066213952 1124.2
11243 0.8984799525593092 1124.3
11244 0.8985001160167748 1124.4
11245 0.898520400848975 1124.5
11246 0.8985402793696443 1124.6
11247 0.8985603198586178 1124.7
11248 0.8985805263582319 1124.8
11249 0.8986009034544581 1124.9
11250 0.8986214411305204 1125
11251 0.89864210339477 1125.1
11252 0.8986629615379814 1125.2
11253 0.8986840253731951 1125.3
11254 0.8987053073308962 1125.4
11255 0.8987268230994859 1125.5
11256 0.8987485908245809 1125.6
11257 0.8987706315490209 1125.7
11258 0.8987929681679864 1125.8
11259 0.8988156233046711 1125.9
11260 0.898838616542573 1126
11261 0.898860611623149 1126.1
11262 0.8988825145903233 1126.2
11263 0.8989046165377651 1126.3
11264 0.8989268690830313 1126.4
11265 0.8989492003873758 1126.5
11266 0.8989715706942233 1126.6
11267 0.8989939546955047 1126.7
11268 0.8990163458169761 1126.8
11269 0.8990387314363298 1126.9
11270 0.8990610906123907 1127
11271 0.8990834485716315 1127.1
11272 0.8991058277199464 1127.2
11273 0.8991282608092372 1127.3
11274 0.8991507889579269 1127.4
11275 0.899173458562019 1127.5
11276 0.8991961248633658 1127.6
11277 0.8992184794352058 1127.7
11278 0.8992410576640318 1127.8
11279 0.8992638979868189 1127.9
11280 0.8992870302154412 1128
11281 0.8993104681479056 1128.1
11282 0.8993342455256238 1128.2
11283 0.8993583530360383 1128.3
11284 0.8993827930754705 1128.4
11285 0.8994075331928467 1128.5
11286 0.8994325015543999 1128.6
11287 0.8994576394213079 1128.7
11288 0.8994828995502047 1128.8
11289 0.8995082537393407 1128.9
11290 0.8995336780828811 1129
11291 0.899559116368975 1129.1
11292 0.8995845151763473 1129.2
11293 0.8996098535310064 1129.3
11294 0.8996351182265065 1129.4
11295 0.8996602864555751 1129.5
11296 0.8996853402659261 1129.6
11297 0.8997097971514003 1129.7
11298 0.8997334335063532 1129.8
11299 0.8997569297281106 1129.9
11300 0.8997802765904902 1130
11301 0.8998034596452646 1130.1
11302 0.8998264711721609 1130.2
11303 0.8998494047219289 1130.3
11304 0.8998722799910686 1130.4
11305 0.8998950918137344 1130.5
11306 0.8999178487903755 1130.6
11307 0.8999405711922135 1130.7
11308 0.8999632819952821 1130.8
11309 0.8999860026679083 1130.9
11310 0.9000087501584906 1131
11311 0.9000315400719835 1131.1
11312 0.9000543681650212 1131.2
11313 0.9000772725504911 1131.3
11314 0.9001002619537029 1131.4
11315 0.9001233517714105 1131.5
11316 0.9001465448448351 1131.6
11317 0.9001698613538064 1131.7
11318 0.9001933347885752 1131.8
11319 0.900216985673832 1131.9
11320 0.9002408353975272 1132
11321 0.9002649060132007 1132.1
11322 0.9002892206930712 1132.2
11323 0.9003137884254993 1132.3
11324 0.9003382830185821 1132.4
11325 0.9003631264378584 1132.5
11326 0.9003883158671245 1132.6
11327 0.9004138457043246 1132.7
11328 0.9004397151365422 1132.8
11329 0.9004659176615695 1132.9
11330 0.9004924450905869 1133
11331 0.9005192815020547 1133.1
11332 0.9005463837052374 1133.2
11333 0.900570567767578 1133.3
11334 0.9005947269061245 1133.4
11335 0.9006188445944043 1133.5
11336 0.9006428756016832 1133.6
11337 0.9006667839335546 1133.7
11338 0.9006905207644823 1133.8
11339 0.9007140457958904 1133.9
11340 0.9007373456485999 1134
11341 0.9007580505319739 1134.1
11342 0.900778411470375 1134.2
11343 0.9007988249884857 1134.3
11344 0.9008193063880441 1134.4
11345 0.9008398729815095 1134.5
11346 0.9008605412732004 1134.6
11347 0.9008813260833203 1134.7
11348 0.9009022411615579 1134.8
11349 0.9009233007571045 1134.9
11350 0.9009445184505774 1135
11351 0.9009659089905917 1135.1
11352 0.9009874869867006 1135.2
11353 0.9010092672072734 1135.3
11354 0.9010312650175011 1135.4
11355 0.9010534969328731 1135.5
11356 0.9010759793012518 1135.6
11357 0.9010987293619854 1135.7
11358 0.901121766345659 1135.8
11359 0.9011451164995834 1135.9
11360 0.9011688134523937 1136
11361 0.9011921088320676 1136.1
11362 0.90121421125608 1136.2
11363 0.9012356883001564 1136.3
11364 0.9012574621636584 1136.4
11365 0.901279466501543 1136.5
11366 0.9013016073569932 1136.6
11367 0.9013238235078875 1136.7
11368 0.9013460996599497 1136.8
11369 0.9013684007057425 1136.9
11370 0.9013906802495707 1137
11371 0.901412900076352 1137.1
11372 0.9014346175648597 1137.2
11373 0.9014556072205923 1137.3
11374 0.901476315862662 1137.4
11375 0.9014970270320091 1137.5
11376 0.9015177468728274 1137.6
11377 0.9015384918927267 1137.7
11378 0.9015592852673153 1137.8
11379 0.9015801384123681 1137.9
11380 0.9016010652826807 1138
11381 0.901622078978854 1138.1
11382 0.9016431915214144 1138.2
11383 0.901664411805266 1138.3
11384 0.9016857414356553 1138.4
11385 0.9017072016594774 1138.5
11386 0.9017288023974206 1138.6
11387 0.901750395258312 1138.7
11388 0.9017719277009661 1138.8
11389 0.9017936501987467 1138.9
11390 0.9018155710646019 1139
11391 0.9018376988853731 1139.1
11392 0.901860048072567 1139.2
11393 0.9018826289982226 1139.3
11394 0.9019054559055428 1139.4
11395 0.901928441381892 1139.5
11396 0.9019516793815093 1139.6
11397 0.9019752061324579 1139.7
11398 0.9019990353078847 1139.8
11399 0.9020231823426442 1139.9
11400 0.9020476631874929 1140
11401 0.9020724926794216 1140.1
11402 0.9020976830933172 1140.2
11403 0.9021232333132191 1140.3
11404 0.9021483857304821 1140.4
11405 0.9021731647868021 1140.5
11406 0.902198171204447 1140.6
11407 0.9022233638122253 1140.7
11408 0.9022486880240753 1140.8
11409 0.9022741004549688 1140.9
11410 0.9022995730480198 1141
11411 0.902325043068542 1141.1
11412 0.9023504803369379 1141.2
11413 0.9023758900276065 1141.3
11414 0.9024012576370235 1141.4
11415 0.9024265761019039 1141.5
11416 0.9024518506946655 1141.6
11417 0.9024770960716072 1141.7
11418 0.9025023341856913 1141.8
11419 0.9025275923880868 1141.9
11420 0.9025528994696681 1142
11421 0.902578281019293 1142.1
11422 0.9026037594148451 1142.2
11423 0.9026293435278596 1142.3
11424 0.9026550208309274 1142.4
11425 0.902680681501581 1142.5
11426 0.9027063903164331 1142.6
11427 0.9027321947542937 1142.7
11428 0.9027579338369655 1142.8
11429 0.9027831265782617 1142.9
11430 0.9028085325638547 1143
11431 0.9028339579567045 1143.1
11432 0.9028576863843957 1143.2
11433 0.9028809804929847 1143.3
11434 0.9029041918195591 1143.4
11435 0.9029272782588109 1143.5
11436 0.9029501998560351 1143.6
11437 0.9029729288704298 1143.7
11438 0.9029954432465032 1143.8
11439 0.9030177390334859 1143.9
11440 0.9030398418199308 1144
11441 0.9030617833021671 1144.1
11442 0.9030835982762341 1144.2
11443 0.903105233224211 1144.3
11444 0.903126731461442 1144.4
11445 0.9031482143506753 1144.5
11446 0.903169704328335 1144.6
11447 0.9031912214605395 1144.7
11448 0.9032127835583889 1144.8
11449 0.9032344062131753 1144.9
11450 0.9032561020516331 1145
11451 0.9032778825183561 1145.1
11452 0.9032997554986627 1145.2
11453 0.9033217254822075 1145.3
11454 0.9033437918490101 1145.4
11455 0.90336595054561 1145.5
11456 0.9033874790369389 1145.6
11457 0.9034090590923336 1145.7
11458 0.9034307229983526 1145.8
11459 0.9034524459778538 1145.9
11460 0.9034741989894092 1146
11461 0.9034957785039346 1146.1
11462 0.903517161933466 1146.2
11463 0.9035384772196015 1146.3
11464 0.9035597849329321 1146.4
11465 0.9035810817034867 1146.5
11466 0.9036023684851286 1146.6
11467 0.9036236479947736 1146.7
11468 0.9036449224659795 1146.8
11469 0.9036643374274628 1146.9
11470 0.9036830591317789 1147
11471 0.9037020589567556 1147.1
11472 0.9037210868455466 1147.2
11473 0.9037403855850125 1147.3
11474 0.9037599704547598 1147.4
11475 0.9037798317396151 1147.5
11476 0.9037999586277946 1147.6
11477 0.9038203420937829 1147.7
11478 0.9038409770656483 1147.8
11479 0.9038618593186366 1147.9
11480 0.9038829877207062 1148
11481 0.9039043643745784 1148.1
11482 0.9039257570357905 1148.2
11483 0.9039473778945942 1148.3
11484 0.9039692587195179 1148.4
11485 0.9039914391977107 1148.5
11486 0.9040139414785163 1148.6
11487 0.9040367855093298 1148.7
11488 0.9040593424434765 1148.8
11489 0.9040814201608226 1148.9
11490 0.9041038202673326 1149
11491 0.9041265442912892 1149.1
11492 0.9041495821245573 1149.2
11493 0.904172923865448 1149.3
11494 0.9041965525010353 1149.4
11495 0.9042201430885153 1149.5
11496 0.904243347250468 1149.6
11497 0.9042666183420606 1149.7
11498 0.9042900689612211 1149.8
11499 0.9043136574860842 1149.9
11500 0.904337340988646 1150
11501 0.9043610696415326 1150.1
11502 0.9043848101506839 1150.2
11503 0.9044085485069435 1150.3
11504 0.9044322645850785 1150.4
11505 0.9044540107557638 1150.5
11506 0.9044756207994709 1150.6
11507 0.9044969921604616 1150.7
11508 0.9045182843124269 1150.8
11509 0.904539582582582 1150.9
11510 0.9045609330804626 1151
11511 0.904582358217305 1151.1
11512 0.9046029366067371 1151.2
11513 0.9046228404664607 1151.3
11514 0.9046425635698987 1151.4
11515 0.904662321796721 1151.5
11516 0.9046820462415489 1151.6
11517 0.9047018342320654 1151.7
11518 0.9047217244587961 1151.8
11519 0.9047417348646554 1151.9
11520 0.9047618758742171 1152
11521 0.9047821502800838 1152.1
11522 0.9048025460170828 1152.2
11523 0.9048230298934725 1152.3
11524 0.9048435830401871 1152.4
11525 0.9048641723521085 1152.5
11526 0.9048846512592917 1152.6
11527 0.9049051584234494 1152.7
11528 0.9049256801394676 1152.8
11529 0.9049461976648273 1152.9
11530 0.9049666970979378 1153
11531 0.9049871698748417 1153.1
11532 0.9050076207670628 1153.2
11533 0.9050280632448184 1153.3
11534 0.9050485151367357 1153.4
11535 0.9050689966363474 1153.5
11536 0.9050895285367816 1153.6
11537 0.9051101313820716 1153.7
11538 0.9051307987301546 1153.8
11539 0.9051515078691642 1153.9
11540 0.9051723034604577 1154
11541 0.9051931889971707 1154.1
11542 0.9052141679993019 1154.2
11543 0.9052353026239964 1154.3
11544 0.9052566090480694 1154.4
11545 0.9052780951701364 1154.5
11546 0.9052997766900356 1154.6
11547 0.9053216704450356 1154.7
11548 0.9053437912797025 1154.8
11549 0.9053661398983721 1154.9
11550 0.9053887085247453 1155
11551 0.9054114893094874 1155.1
11552 0.9054344787788611 1155.2
11553 0.90545768348394 1155.3
11554 0.9054810864228525 1155.4
11555 0.9055046528886319 1155.5
11556 0.9055283402131289 1155.6
11557 0.9055521077578038 1155.7
11558 0.9055759464166894 1155.8
11559 0.9055998448380014 1155.9
11560 0.9056238338798982 1156
11561 0.9056479729863334 1156.1
11562 0.9056721431118561 1156.2
11563 0.9056964265450178 1156.3
11564 0.9057207863895513 1156.4
11565 0.9057452344756035 1156.5
11566 0.90576977922012 1156.6
11567 0.9057942801026294 1156.7
11568 0.9058188709299346 1156.8
11569 0.9058436095934023 1156.9
11570 0.9058684992362657 1157
11571 0.9058924621509887 1157.1
11572 0.9059152279374675 1157.2
11573 0.9059376032357445 1157.3
11574 0.9059600509120622 1157.4
11575 0.9059825732026715 1157.5
11576 0.9060051550288072 1157.6
11577 0.9060276388124603 1157.7
11578 0.9060495163137297 1157.8
11579 0.9060714160001792 1157.9
11580 0.9060933157408257 1158
11581 0.9061149626404331 1158.1
11582 0.9061365331893753 1158.2
11583 0.9061581176846997 1158.3
11584 0.9061797342799311 1158.4
11585 0.9062013934327332 1158.5
11586 0.9062230632020357 1158.6
11587 0.906244793619814 1158.7
11588 0.9062653648920665 1158.8
11589 0.906284973223117 1158.9
11590 0.9063045750283832 1159
11591 0.9063220413617217 1159.1
11592 0.9063390232841507 1159.2
11593 0.9063562105437648 1159.3
11594 0.9063735863803534 1159.4
11595 0.9063911421411456 1159.5
11596 0.9064088752293187 1159.6
11597 0.9064267873347018 1159.7
11598 0.9064448837725334 1159.8
11599 0.9064631724385591 1159.9
11600 0.9064816630265981 1160
11601 0.9065002331032594 1160.1
11602 0.9065189512991263 1160.2
11603 0.9065378951878633 1160.3
11604 0.9065569138450278 1160.4
11605 0.9065748118009455 1160.5
11606 0.9065929455738553 1160.6
11607 0.9066113221626073 1160.7
11608 0.9066299477008951 1160.8
11609 0.9066487852941679 1160.9
11610 0.9066678781399086 1161
11611 0.9066872282229047 1161.1
11612 0.9067068342101974 1161.2
11613 0.9067266914563797 1161.3
11614 0.9067467883095072 1161.4
11615 0.9067671039531504 1161.5
11616 0.9067876122724365 1161.6
11617 0.9068082745726648 1161.7
11618 0.9068291183498208 1161.8
11619 0.9068501355427937 1161.9
11620 0.9068713053139756 1162
11621 0.9068926031176847 1162.1
11622 0.9069140077348907 1162.2
11623 0.9069355071822948 1162.3
11624 0.9069570891214008 1162.4
11625 0.9069787209232345 1162.5
11626 0.9070003035943675 1162.6
11627 0.9070206151305045 1162.7
11628 0.9070409461245247 1162.8
11629 0.9070612750566686 1162.9
11630 0.9070815876668261 1163
11631 0.9071018943776592 1163.1
11632 0.9071221929647654 1163.2
11633 0.9071424884894074 1163.3
11634 0.9071627932058924 1163.4
11635 0.9071831249695052 1163.5
11636 0.9072034972706745 1163.6
11637 0.9072238865865309 1163.7
11638 0.9072443628108863 1163.8
11639 0.9072649597707165 1163.9
11640 0.9072857156608239 1164
11641 0.9073066383784998 1164.1
11642 0.907327401257046 1164.2
11643 0.9073470877869629 1164.3
11644 0.9073669857263803 1164.4
11645 0.9073871001296937 1164.5
11646 0.9074074232598532 1164.6
11647 0.9074279404234381 1164.7
11648 0.9074486193604524 1164.8
11649 0.9074694191388704 1164.9
11650 0.9074903403907189 1165
11651 0.907511353729036 1165.1
11652 0.9075324320311782 1165.2
11653 0.9075535557768306 1165.3
11654 0.9075747133076343 1165.4
11655 0.9075959183936674 1165.5
11656 0.9076171929432661 1165.6
11657 0.9076385528946863 1165.7
11658 0.9076600208332694 1165.8
11659 0.9076815966187588 1165.9
11660 0.9077032958834252 1166
11661 0.9077251309171219 1166.1
11662 0.9077471028689855 1166.2
11663 0.9077689374154655 1166.3
11664 0.9077901705013871 1166.4
11665 0.9078115544253967 1166.5
11666 0.9078330770461901 1166.6
11667 0.9078547014372198 1166.7
11668 0.9078763959524735 1166.8
11669 0.907898116179192 1166.9
11670 0.9079198567652282 1167
11671 0.9079416187654479 1167.1
11672 0.9079634113845484 1167.2
11673 0.9079852490370878 1167.3
11674 0.9080072493490189 1167.4
11675 0.9080294249553487 1167.5
11676 0.9080517663172487 1167.6
11677 0.9080734673799911 1167.7
11678 0.9080945649329367 1167.8
11679 0.9081157295152545 1167.9
11680 0.9081369307590091 1168
11681 0.9081581457464077 1168.1
11682 0.9081793764591948 1168.2
11683 0.908200578880195 1168.3
11684 0.9082217664538819 1168.4
11685 0.9082429585378176 1168.5
11686 0.9082641772565478 1168.6
11687 0.9082854424692521 1168.7
11688 0.9083064403897 1168.8
11689 0.9083276330853211 1168.9
11690 0.908349014452722 1169
11691 0.9083705732055162 1169.1
11692 0.9083923126397632 1169.2
11693 0.908414224631849 1169.3
11694 0.9084363000434578 1169.4
11695 0.90845852949257 1169.5
11696 0.9084798821996364 1169.6
11697 0.9085011037970862 1169.7
11698 0.9085223040944924 1169.8
11699 0.908543450467425 1169.9
11700 0.9085645108209922 1170
11701 0.9085854421430406 1170.1
11702 0.9086062338939134 1170.2
11703 0.9086268932165597 1170.3
11704 0.9086474171104661 1170.4
11705 0.9086677957220131 1170.5
11706 0.9086880174987708 1170.6
11707 0.9087080761986326 1170.7
11708 0.9087252405776608 1170.8
11709 0.908742464128086 1170.9
11710 0.9087597985816565 1171
11711 0.9087772558296181 1171.1
11712 0.9087948475518486 1171.2
11713 0.9088125845853641 1171.3
11714 0.9088304697975526 1171.4
11715 0.908848499008892 1171.5
11716 0.9088666978040899 1171.6
11717 0.9088850695663291 1171.7
11718 0.9089036171146846 1171.8
11719 0.908922343476298 1171.9
11720 0.9089412523647 1172
11721 0.9089603485597585 1172.1
11722 0.9089796380068927 1172.2
11723 0.9089991283462862 1172.3
11724 0.9090188295035767 1172.4
11725 0.909038754013614 1172.5
11726 0.9090589189671896 1172.6
11727 0.9090793433280802 1172.7
11728 0.9091000459350054 1172.8
11729 0.9091210125304037 1172.9
11730 0.9091406485811767 1173
11731 0.9091602449892863 1173.1
11732 0.9091800795432173 1173.2
11733 0.909200135576547 1173.3
11734 0.9092203840140836 1173.4
11735 0.9092407762829213 1173.5
11736 0.9092612947897043 1173.6
11737 0.9092819155525917 1173.7
11738 0.9093026014708603 1173.8
11739 0.9093233259418213 1173.9
11740 0.9093440600992089 1174
11741 0.9093647993370454 1174.1
11742 0.9093855549246828 1174.2
11743 0.9094060831179819 1174.3
11744 0.9094265078412659 1174.4
11745 0.909447049382303 1174.5
11746 0.9094677252178255 1174.6
11747 0.9094885359969813 1174.7
11748 0.9095094965250324 1174.8
11749 0.9095306288927507 1174.9
11750 0.90955192935577 1175
11751 0.9095734358355874 1175.1
11752 0.909595178296987 1175.2
11753 0.9096171721365717 1175.3
11754 0.9096394306385825 1175.4
11755 0.909661968927821 1175.5
11756 0.9096848020533707 1175.6
11757 0.9097079435898006 1175.7
11758 0.9097314043677062 1175.8
11759 0.9097551699481359 1175.9
11760 0.909779236140614 1176
11761 0.9098022675744112 1176.1
11762 0.909825361522007 1176.2
11763 0.909848798351343 1176.3
11764 0.9098725692414035 1176.4
11765 0.9098966345687013 1176.5
11766 0.9099209334553514 1176.6
11767 0.9099454006912149 1176.7
11768 0.9099695390761757 1176.8
11769 0.909993071423434 1176.9
11770 0.9100164462008542 1177
11771 0.9100396221521828 1177.1
11772 0.9100625714947094 1177.2
11773 0.9100852546587118 1177.3
11774 0.910107651559683 1177.4
11775 0.9101297666684675 1177.5
11776 0.9101516283228536 1177.6
11777 0.9101732864640409 1177.7
11778 0.9101947882402085 1177.8
11779 0.910216178452544 1177.9
11780 0.9102375012736482 1178
11781 0.9102587962153916 1178.1
11782 0.9102801010034077 1178.2
11783 0.9103014518802672 1178.3
11784 0.9103228835425713 1178.4
11785 0.9103444277842613 1178.5
11786 0.9103661071832297 1178.6
11787 0.9103879465153862 1178.7
11788 0.9104099728098822 1178.8
11789 0.9104318298154368 1178.9
11790 0.910453409788871 1179
11791 0.9104743205436482 1179.1
11792 0.9104945985350871 1179.2
11793 0.9105151516152393 1179.3
11794 0.9105359647141034 1179.4
11795 0.9105570078845422 1179.5
11796 0.9105782492158282 1179.6
11797 0.9105996620574256 1179.7
11798 0.9106212291883591 1179.8
11799 0.9106429398406818 1179.9
11800 0.910664787918835 1180
11801 0.9106867698408765 1180.1
11802 0.9107088812958993 1180.2
11803 0.9107311194888502 1180.3
11804 0.9107534803596178 1180.4
11805 0.910775957614877 1180.5
11806 0.9107985422010738 1180.6
11807 0.9108212228469298 1180.7
11808 0.9108439877713359 1180.8
11809 0.9108668249749442 1180.9
11810 0.910889723169813 1181
11811 0.9109126685379285 1181.1
11812 0.9109356559699802 1181.2
11813 0.9109587052081306 1181.3
11814 0.9109818272796193 1181.4
11815 0.911005037439898 1181.5
11816 0.9110283565032611 1181.6
11817 0.9110518090415799 1181.7
11818 0.9110754165972947 1181.8
11819 0.9110991985322805 1181.9
11820 0.9111224395185425 1182
11821 0.9111453173115781 1182.1
11822 0.9111669222589407 1182.2
11823 0.9111871474202038 1182.3
11824 0.9112076237305073 1182.4
11825 0.9112278808621894 1182.5
11826 0.9112474632415836 1182.6
11827 0.9112672439263506 1182.7
11828 0.9112871693384392 1182.8
11829 0.911307206302239 1182.9
11830 0.9113273349587232 1183
11831 0.9113475385512562 1183.1
11832 0.9113678123633123 1183.2
11833 0.9113881595594505 1183.3
11834 0.9114085867094112 1183.4
11835 0.9114290921564929 1183.5
11836 0.9114496965885897 1183.6
11837 0.9114704092219743 1183.7
11838 0.9114912400854128 1183.8
11839 0.9115122025257931 1183.9
11840 0.9115333107095339 1184
11841 0.9115545790198277 1184.1
11842 0.9115760204536996 1184.2
11843 0.9115971169563117 1184.3
11844 0.9116179118208414 1184.4
11845 0.9116389219925779 1184.5
11846 0.9116601572887104 1184.6
11847 0.9116816274488504 1184.7
11848 0.911703340829999 1184.8
11849 0.9117253029498965 1184.9
11850 0.9117475155330295 1185
11851 0.9117699753526439 1185.1
11852 0.9117926727713327 1185.2
11853 0.9118155862602407 1185.3
11854 0.9118386724967036 1185.4
11855 0.9118619096754147 1185.5
11856 0.9118853028380264 1185.6
11857 0.9119088140156287 1185.7
11858 0.9119323954536593 1185.8
11859 0.9119560086009703 1185.9
11860 0.9119796106046408 1186
11861 0.9120031381882563 1186.1
11862 0.9120262624309231 1186.2
11863 0.9120486218059584 1186.3
11864 0.9120707717999135 1186.4
11865 0.9120927816975817 1186.5
11866 0.912114627858124 1186.6
11867 0.9121363050658534 1186.7
11868 0.9121578269630968 1186.8
11869 0.9121792191028522 1186.9
11870 0.9122005086833217 1187
11871 0.9122217258046909 1187.1
11872 0.912242900705321 1187.2
11873 0.9122640581463007 1187.3
11874 0.9122852140664348 1187.4
11875 0.9123063057966054 1187.5
11876 0.912327017837184 1187.6
11877 0.9123478142681847 1187.7
11878 0.9123686932852467 1187.8
11879 0.9123896481715853 1187.9
11880 0.9124106714081855 1188
11881 0.9124317451427417 1188.1
11882 0.9124528529468366 1188.2
11883 0.91247399155051 1188.3
11884 0.912494371946417 1188.4
11885 0.9125142889040235 1188.5
11886 0.9125337924847616 1188.6
11887 0.9125534498165722 1188.7
11888 0.9125732563345279 1188.8
11889 0.9125931942604238 1188.9
11890 0.9126132732495494 1189
11891 0.9126332887610058 1189.1
11892 0.9126533685088488 1189.2
11893 0.9126736259919404 1189.3
11894 0.9126940617029857 1189.4
11895 0.9127146962319485 1189.5
11896 0.91273552627708 1189.6
11897 0.9127565507743085 1189.7
11898 0.9127777683528776 1189.8
11899 0.9127991769187296 1189.9
11900 0.9128207754661551 1190
11901 0.9128425845696121 1190.1
11902 0.9128646148693172 1190.2
11903 0.9128868759630587 1190.3
11904 0.9129089983681606 1190.4
11905 0.9129313773687399 1190.5
11906 0.9129540278807331 1190.6
11907 0.9129769484864679 1190.7
11908 0.9130001370626848 1190.8
11909 0.9130234011398406 1190.9
11910 0.9130459558862447 1191
11911 0.9130687668574142 1191.1
11912 0.9130918340255787 1191.2
11913 0.9131151524425876 1191.3
11914 0.9131386137873667 1191.4
11915 0.9131617359726508 1191.5
11916 0.9131850374384077 1191.6
11917 0.9132082951212965 1191.7
11918 0.9132314887134175 1191.8
11919 0.9132548091333056 1191.9
11920 0.9132782173369903 1192
11921 0.9133016681391516 1192.1
11922 0.9133251118169773 1192.2
11923 0.9133484927839903 1192.3
11924 0.9133717670604486 1192.4
11925 0.9133948839566289 1192.5
11926 0.9134178303837724 1192.6
11927 0.9134405888470026 1192.7
11928 0.9134630685656325 1192.8
11929 0.9134852769691442 1192.9
11930 0.9135073090973362 1193
11931 0.9135291931928157 1193.1
11932 0.9135499384170842 1193.2
11933 0.9135684386088426 1193.3
11934 0.9135862943285827 1193.4
11935 0.9136044106968233 1193.5
11936 0.9136228177865106 1193.6
11937 0.9136415438089278 1193.7
11938 0.9136606154135379 1193.8
11939 0.913679579208738 1193.9
11940 0.9136972891458929 1194
11941 0.9137152790002383 1194.1
11942 0.9137335307501567 1194.2
11943 0.9137520219214412 1194.3
11944 0.9137707605268766 1194.4
11945 0.9137897198204015 1194.5
11946 0.9138088622228824 1194.6
11947 0.9138281509450983 1194.7
11948 0.9138475482950889 1194.8
11949 0.9138670142173595 1194.9
11950 0.9138865116613111 1195
11951 0.9139060019910633 1195.1
11952 0.9139254470527023 1195.2
11953 0.9139447997348111 1195.3
11954 0.9139640546573334 1195.4
11955 0.9139832006544018 1195.5
11956 0.9140021420401997 1195.6
11957 0.9140209374300504 1195.7
11958 0.9140396161589421 1195.8
11959 0.9140581939374683 1195.9
11960 0.9140766927285667 1196
11961 0.9140951394049419 1196.1
11962 0.9141135609056726 1196.2
11963 0.9141319808786686 1196.3
11964 0.914150420308131 1196.4
11965 0.914168898191742 1196.5
11966 0.9141874319727968 1196.6
11967 0.9142060376958534 1196.7
11968 0.9142247305038348 1196.8
11969 0.9142435248411577 1196.9
11970 0.9142623711328886 1197
11971 0.914281333328917 1197.1
11972 0.9143004328413766 1197.2
11973 0.9143196686525925 1197.3
11974 0.9143390267224063 1197.4
11975 0.9143585220277092 1197.5
11976 0.914378154025114 1197.6
11977 0.9143979174072379 1197.7
11978 0.9144168127311448 1197.8
11979 0.9144351689911699 1197.9
11980 0.9144532687979881 1198
11981 0.9144710011900754 1198.1
11982 0.9144888479299819 1198.2
11983 0.9145067998454083 1198.3
11984 0.9145248402411452 1198.4
11985 0.9145429682741114 1198.5
11986 0.914561185443997 1198.6
11987 0.9145794963482868 1198.7
11988 0.9145979007087582 1198.8
11989 0.9146163962642442 1198.9
11990 0.914634994144842 1199
11991 0.9146537006469879 1199.1
11992 0.9146725352898257 1199.2
11993 0.9146914892559499 1199.3
11994 0.9147103747482684 1199.4
11995 0.9147290820928674 1199.5
11996 0.9147479150659472 1199.6
11997 0.914766497590742 1199.7
11998 0.9147842340289375 1199.8
11999 0.9148020855346796 1199.9
12000 0.9148200494468052 1200
12001 0.9148381238318257 1200.1
12002 0.9148562903583516 1200.2
12003 0.9148745543901242 1200.3
12004 0.9148929245251997 1200.4
12005 0.9149114079134645 1200.5
12006 0.9149300337081304 1200.6
12007 0.9149488149251391 1200.7
12008 0.9149677515833599 1200.8
12009 0.9149868544244831 1200.9
12010 0.9150061220568698 1201
12011 0.9150255540783186 1201.1
12012 0.9150451509843475 1201.2
12013 0.9150649139519579 1201.3
12014 0.915084849775385 1201.4
12015 0.9151049618899466 1201.5
12016 0.9151252509011379 1201.6
12017 0.915145717235051 1201.7
12018 0.9151663604574509 1201.8
12019 0.9151869264747785 1201.9
12020 0.9152075495045833 1202
12021 0.9152283117065911 1202.1
12022 0.9152492097385483 1202.2
12023 0.9152702362282433 1202.3
12024 0.9152913798902518 1202.4
12025 0.915312625629033 1202.5
12026 0.9153339551111429 1202.6
12027 0.915355347756055 1202.7
12028 0.9153767825065258 1202.8
12029 0.9153982395443216 1202.9
12030 0.9154196584330941 1203
12031 0.9154409558113807 1203.1
12032 0.9154621279776937 1203.2
12033 0.9154832183399849 1203.3
12034 0.915504122323556 1203.4
12035 0.9155241024977059 1203.5
12036 0.9155439741643604 1203.6
12037 0.9155637659599815 1203.7
12038 0.9155810542741724 1203.8
12039 0.9155977455032115 1203.9
12040 0.915614716883725 1204
12041 0.9156319789717119 1204.1
12042 0.9156495299491783 1204.2
12043 0.9156673535103138 1204.3
12044 0.9156854248278753 1204.4
12045 0.9157037032504746 1204.5
12046 0.915722141228455 1204.6
12047 0.915740701138021 1204.7
12048 0.9157593715355746 1204.8
12049 0.91577815794196 1204.9
12050 0.9157970503972415 1205
12051 0.9158155514117836 1205.1
12052 0.9158325426781496 1205.2
12053 0.9158496139991125 1205.3
12054 0.9158667523774843 1205.4
12055 0.9158838804268711 1205.5
12056 0.9159009560682128 1205.6
12057 0.9159180533246877 1205.7
12058 0.9159351061953646 1205.8
12059 0.9159521930142829 1205.9
12060 0.9159693240503325 1206
12061 0.9159865039308492 1206.1
12062 0.9160037406294037 1206.2
12063 0.9160210412807631 1206.3
12064 0.9160384187269883 1206.4
12065 0.9160558853770205 1206.5
12066 0.9160734526280592 1206.6
12067 0.9160911353761042 1206.7
12068 0.9161089270334011 1206.8
12069 0.9161268603432899 1206.9
12070 0.9161449303867729 1207
12071 0.9161631871774638 1207.1
12072 0.9161816472477071 1207.2
12073 0.9162003168202383 1207.3
12074 0.9162170874724386 1207.4
12075 0.9162339796733192 1207.5
12076 0.9162509969331258 1207.6
12077 0.916267752838607 1207.7
12078 0.9162844531202904 1207.8
12079 0.9163013137173641 1207.9
12080 0.9163183014667521 1208
12081 0.916335399702819 1208.1
12082 0.9163525952729215 1208.2
12083 0.916369879783298 1208.3
12084 0.9163872498149147 1208.4
12085 0.9164047067948234 1208.5
12086 0.9164222550933456 1208.6
12087 0.9164398627246392 1208.7
12088 0.9164574471938703 1208.8
12089 0.9164747880470588 1208.9
12090 0.9164922773630674 1209
12091 0.9165099130279224 1209.1
12092 0.9165276982686251 1209.2
12093 0.9165456394507697 1209.3
12094 0.9165637480522829 1209.4
12095 0.9165820272672577 1209.5
12096 0.9166004807509182 1209.6
12097 0.9166191063303417 1209.7
12098 0.9166378706347926 1209.8
12099 0.9166555483429626 1209.9
12100 0.9166734037319785 1210
12101 0.9166914413207724 1210.1
12102 0.9167096699759714 1210.2
12103 0.9167281022047168 1210.3
12104 0.9167467557882737 1210.4
12105 0.9167656397626675 1210.5
12106 0.9167847724702993 1210.6
12107 0.9168029786325889 1210.7
12108 0.9168210091992191 1210.8
12109 0.9168392962603972 1210.9
12110 0.9168578501040541 1211
12111 0.9168766639403785 1211.1
12112 0.9168957191742517 1211.2
12113 0.9169149964280343 1211.3
12114 0.9169342995686792 1211.4
12115 0.9169535216281686 1211.5
12116 0.9169728383189738 1211.6
12117 0.9169922333159722 1211.7
12118 0.9170116953772607 1211.8
12119 0.9170312197576246 1211.9
12120 0.9170508120203585 1212
12121 0.9170704462273609 1212.1
12122 0.9170901001477971 1212.2
12123 0.9171097997010241 1212.3
12124 0.9171295552853859 1212.4
12125 0.9171493662505372 1212.5
12126 0.9171692189462711 1212.6
12127 0.9171891311178708 1212.7
12128 0.9172090534738381 1212.8
12129 0.9172289488066719 1212.9
12130 0.9172487898202824 1213
12131 0.9172685794163863 1213.1
12132 0.9172883049103562 1213.2
12133 0.9173079189903921 1213.3
12134 0.9173274513364152 1213.4
12135 0.917346894310722 1213.5
12136 0.9173662709986811 1213.6
12137 0.9173855933154137 1213.7
12138 0.9174046219361527 1213.8
12139 0.9174203662742427 1213.9
12140 0.9174364453799538 1214
12141 0.9174528770873934 1214.1
12142 0.9174696439008847 1214.2
12143 0.9174866992949826 1214.3
12144 0.9175040068109086 1214.4
12145 0.9175215494264155 1214.5
12146 0.9175393145142285 1214.6
12147 0.917557287465119 1214.7
12148 0.9175754640723945 1214.8
12149 0.9175938465086291 1214.9
12150 0.9176124302794666 1215
12151 0.9176312224778826 1215.1
12152 0.9176502456712429 1215.2
12153 0.9176679812109727 1215.3
12154 0.9176848077068424 1215.4
12155 0.917701855323237 1215.5
12156 0.9177191144611575 1215.6
12157 0.9177365359986428 1215.7
12158 0.9177540956188553 1215.8
12159 0.9177717746899917 1215.9
12160 0.9177895415375361 1216
12161 0.9178073701430501 1216.1
12162 0.9178252402211763 1216.2
12163 0.9178431369507982 1216.3
12164 0.9178610515789496 1216.4
12165 0.9178789802013951 1216.5
12166 0.9178969234179487 1216.6
12167 0.9179148848235711 1216.7
12168 0.9179328685380815 1216.8
12169 0.9179508645250757 1216.9
12170 0.9179688764708077 1217
12171 0.9179868504692176 1217.1
12172 0.9180041525795363 1217.2
12173 0.9180215750054744 1217.3
12174 0.918039126824015 1217.4
12175 0.9180568170415582 1217.5
12176 0.9180746555201282 1217.6
12177 0.918092626659036 1217.7
12178 0.9181106782207578 1217.8
12179 0.9181287788663106 1217.9
12180 0.9181470660068134 1218
12181 0.9181655550701633 1218.1
12182 0.9181836925964427 1218.2
12183 0.9182007843876709 1218.3
12184 0.9182180922629235 1218.4
12185 0.9182356135089595 1218.5
12186 0.9182533413929008 1218.6
12187 0.9182712650977741 1218.7
12188 0.9182893671974753 1218.8
12189 0.9183076121866376 1218.9
12190 0.9183259958381224 1219
12191 0.9183445006647666 1219.1
12192 0.9183631088137529 1219.2
12193 0.9183817998715164 1219.3
12194 0.9184005561771764 1219.4
12195 0.9184193708890169 1219.5
12196 0.918438242998456 1219.6
12197 0.9184571770920573 1219.7
12198 0.918475950376656 1219.8
12199 0.9184947347846891 1219.9
12200 0.9185136709411917 1220
12201 0.9185327318567493 1220.1
12202 0.9185519377544532 1220.2
12203 0.9185713142414312 1220.3
12204 0.9185908780795202 1220.4
12205 0.9186106399099078 1220.5
12206 0.9186305986524073 1220.6
12207 0.9186507842058205 1220.7
12208 0.9186706844840169 1220.8
12209 0.9186899141444567 1220.9
12210 0.9187093421597121 1221
12211 0.9187289634088371 1221.1
12212 0.918748740573984 1221.2
12213 0.9187684239645487 1221.3
12214 0.9187882704277159 1221.4
12215 0.9188082855573895 1221.5
12216 0.9188284799703987 1221.6
12217 0.9188488633599309 1221.7
12218 0.9188694001637008 1221.8
12219 0.9188901104110628 1221.9
12220 0.9189109551884513 1222
12221 0.918931973262852 1222.1
12222 0.9189528458370423 1222.2
12223 0.9189729516945577 1222.3
12224 0.9189932799151573 1222.4
12225 0.9190138161300572 1222.5
12226 0.9190345371771134 1222.6
12227 0.9190554141058511 1222.7
12228 0.9190764130268995 1222.8
12229 0.9190974973153698 1222.9
12230 0.9191186321586405 1223
12231 0.9191397661865834 1223.1
12232 0.9191608600875719 1223.2
12233 0.9191819104196386 1223.3
12234 0.919202898181563 1223.4
12235 0.9192238125331638 1223.5
12236 0.9192446519695612 1223.6
12237 0.919265425545742 1223.7
12238 0.9192850015199485 1223.8
12239 0.9193026037914422 1223.9
12240 0.919320476100511 1224
12241 0.9193385875810731 1224.1
12242 0.9193569339847333 1224.2
12243 0.9193755117814756 1224.3
12244 0.9193943054779988 1224.4
12245 0.9194132918813829 1224.5
12246 0.9194324192407051 1224.6
12247 0.9194516623054941 1224.7
12248 0.9194709892833512 1224.8
12249 0.9194903949401133 1224.9
12250 0.9195098709307473 1225
12251 0.9195294148675839 1225.1
12252 0.9195489378602548 1225.2
12253 0.9195684846047415 1225.3
12254 0.9195880873160951 1225.4
12255 0.919607762032571 1225.5
12256 0.9196275228385316 1225.6
12257 0.9196473790772112 1225.7
12258 0.9196673388145046 1225.8
12259 0.9196874350190897 1225.9
12260 0.919707674254357 1226
12261 0.9197280503385911 1226.1
12262 0.9197485595008711 1226.2
12263 0.9197691992437887 1226.3
12264 0.9197893254015664 1226.4
12265 0.9198094753448178 1226.5
12266 0.9198297956612469 1226.6
12267 0.9198502061304262 1226.7
12268 0.919869962256731 1226.8
12269 0.9198898914233955 1226.9
12270 0.9199099806417489 1227
12271 0.919930220773662 1227.1
12272 0.9199506076743919 1227.2
12273 0.9199706936384057 1227.3
12274 0.9199893059951674 1227.4
12275 0.9200079749639416 1227.5
12276 0.920026870496518 1227.6
12277 0.9200459814491001 1227.7
12278 0.9200653015450971 1227.8
12279 0.9200840904435905 1227.9
12280 0.9201030029304768 1228
12281 0.9201221531730299 1228.1
12282 0.9201415210801481 1228.2
12283 0.9201610822937182 1228.3
12284 0.9201808304463912 1228.4
12285 0.920200752278069 1228.5
12286 0.9202208285024525 1228.6
12287 0.920241049356154 1228.7
12288 0.9202613998555369 1228.8
12289 0.9202818605827116 1228.9
12290 0.9203024106242877 1229
12291 0.9203230291965709 1229.1
12292 0.920342960811155 1229.2
12293 0.9203628386928995 1229.3
12294 0.920382809932647 1229.4
12295 0.9204028641902061 1229.5
12296 0.9204229976570358 1229.6
12297 0.9204432009809788 1229.7
12298 0.9204634518918395 1229.8
12299 0.9204837779664004 1229.9
12300 0.9205042109562789 1230
12301 0.9205247776329466 1230.1
12302 0.9205454967701531 1230.2
12303 0.9205663820490438 1230.3
12304 0.9205874469237816 1230.4
12305 0.9206085660346151 1230.5
12306 0.9206292561960931 1230.6
12307 0.9206502011289162 1230.7
12308 0.9206713891960826 1230.8
12309 0.9206927966693905 1230.9
12310 0.9207144250559761 1231
12311 0.9207360328283953 1231.1
12312 0.9207573077677468 1231.2
12313 0.9207784247859022 1231.3
12314 0.9207987019614552 1231.4
12315 0.9208191551833935 1231.5
12316 0.9208397806674133 1231.6
12317 0.9208605676940541 1231.7
12318 0.9208814921912001 1231.8
12319 0.9209025379773307 1231.9
12320 0.9209236751417441 1232
12321 0.9209448589848314 1232.1
12322 0.9209656507978047 1232.2
12323 0.9209864131297101 1232.3
12324 0.9210072376218622 1232.4
12325 0.9210276443824308 1232.5
12326 0.9210477116352925 1232.6
12327 0.9210677505494342 1232.7
12328 0.9210878010009453 1232.8
12329 0.9211078540142951 1232.9
12330 0.9211279066958206 1233
12331 0.9211479624419774 1233.1
12332 0.9211679933257004 1233.2
12333 0.9211879694379908 1233.3
12334 0.9212078546944513 1233.4
12335 0.9212276280675629 1233.5
12336 0.9212472552414627 1233.6
12337 0.921266723540491 1233.7
12338 0.921286041608305 1233.8
12339 0.9213051925462427 1233.9
12340 0.921322630727434 1234
12341 0.9213387559457857 1234.1
12342 0.9213549923307213 1234.2
12343 0.9213713507560345 1234.3
12344 0.92138783176596 1234.4
12345 0.9214044356542083 1234.5
12346 0.9214211209545431 1234.6
12347 0.921437906338281 1234.7
12348 0.9214546700230143 1234.8
12349 0.9214713864875725 1234.9
12350 0.9214882643934068 1235
12351 0.9215052899297355 1235.1
12352 0.9215224521856124 1235.2
12353 0.9215397392310154 1235.3
12354 0.9215571376998692 1235.4
12355 0.9215746405567619 1235.5
12356 0.9215922382270294 1235.6
12357 0.9216099035587771 1235.7
12358 0.9216276265370076 1235.8
12359 0.9216453899354667 1235.9
12360 0.9216631670452057 1236
12361 0.9216809472110903 1236.1
12362 0.9216987118892265 1236.2
12363 0.9217164428499918 1236.3
12364 0.9217341192971301 1236.4
12365 0.921751724412801 1236.5
12366 0.9217692587724285 1236.6
12367 0.9217867211221219 1236.7
12368 0.9218041156952834 1236.8
12369 0.921821394529268 1236.9
12370 0.9218385821946701 1237
12371 0.9218557100842214 1237.1
12372 0.9218728043503989 1237.2
12373 0.9218899229676361 1237.3
12374 0.9219070629564753 1237.4
12375 0.9219241938699874 1237.5
12376 0.921941243479147 1237.6
12377 0.9219583372178181 1237.7
12378 0.9219754783168074 1237.8
12379 0.9219926711016427 1237.9
12380 0.9220099211976662 1238
12381 0.9220272310805994 1238.1
12382 0.9220446066854372 1238.2
12383 0.9220619706677763 1238.3
12384 0.9220793702850059 1238.4
12385 0.9220968722446242 1238.5
12386 0.9221144828421305 1238.6
12387 0.9221313774519615 1238.7
12388 0.922148217711932 1238.8
12389 0.9221652722559803 1238.9
12390 0.9221813193596335 1239
12391 0.9221974243160074 1239.1
12392 0.9222136674435152 1239.2
12393 0.9222300531520626 1239.3
12394 0.9222465704497355 1239.4
12395 0.9222632138110282 1239.5
12396 0.9222799540049499 1239.6
12397 0.9222967772063497 1239.7
12398 0.9223135096394551 1239.8
12399 0.9223303395304777 1239.9
12400 0.9223472940335802 1240
12401 0.9223643596334763 1240.1
12402 0.9223812465808903 1240.2
12403 0.9223978743037123 1240.3
12404 0.9224146077086596 1240.4
12405 0.9224314718631642 1240.5
12406 0.9224484982698804 1240.6
12407 0.9224648767134961 1240.7
12408 0.9224814353051636 1240.8
12409 0.9224981888602878 1240.9
12410 0.9225151245604614 1241
12411 0.9225322500479289 1241.1
12412 0.9225495740503638 1241.2
12413 0.9225670947436818 1241.3
12414 0.9225848114702364 1241.4
12415 0.9226027185177731 1241.5
12416 0.9226207370970375 1241.6
12417 0.9226388250730919 1241.7
12418 0.9226570407567569 1241.8
12419 0.9226753767278266 1241.9
12420 0.9226938310308975 1242
12421 0.922712395413846 1242.1
12422 0.9227310546375358 1242.2
12423 0.9227497933498967 1242.3
12424 0.9227686151340132 1242.4
12425 0.9227875123288762 1242.5
12426 0.9228064675593237 1242.6
12427 0.9228254714912021 1242.7
12428 0.9228445129336821 1242.8
12429 0.9228635408860284 1242.9
12430 0.922882523553762 1243
12431 0.922901444033806 1243.1
12432 0.9229202841103493 1243.2
12433 0.9229390024535795 1243.3
12434 0.9229575439892336 1243.4
12435 0.9229759006816448 1243.5
12436 0.9229940422263846 1243.6
12437 0.9230119575343154 1243.7
12438 0.9230296436233283 1243.8
12439 0.9230471037374889 1243.9
12440 0.9230643218802368 1244
12441 0.9230813007757145 1244.1
12442 0.9230980545279097 1244.2
12443 0.9231145817530397 1244.3
12444 0.9231309492734376 1244.4
12445 0.9231471760834306 1244.5
12446 0.9231632880323101 1244.6
12447 0.9231793005966116 1244.7
12448 0.9231925424591455 1244.8
12449 0.9232058772940707 1244.9
12450 0.9232193770685088 1245
12451 0.9232330492057033 1245.1
12452 0.9232468983502634 1245.2
12453 0.9232609260032555 1245.3
12454 0.9232751309035495 1245.4
12455 0.9232895095830701 1245.5
12456 0.9233040564839808 1245.6
12457 0.9233187653596908 1245.7
12458 0.9233336305876367 1245.8
12459 0.9233486471183433 1245.9
12460 0.9233638105346653 1246
12461 0.923379117177747 1246.1
12462 0.9233945643637033 1246.2
12463 0.9234101505279795 1246.3
12464 0.9234258790041654 1246.4
12465 0.9234417503115711 1246.5
12466 0.923457765831517 1246.6
12467 0.9234739280385433 1246.7
12468 0.9234902244936691 1246.8
12469 0.9235065290674702 1246.9
12470 0.9235230099892975 1247
12471 0.9235396715573225 1247.1
12472 0.9235565142204644 1247.2
12473 0.9235729281309309 1247.3
12474 0.9235886495852983 1247.4
12475 0.9236045187849043 1247.5
12476 0.9236205300092774 1247.6
12477 0.9236366431581322 1247.7
12478 0.9236528545937266 1247.8
12479 0.9236691730822748 1247.9
12480 0.9236855949488972 1248
12481 0.9237021170866726 1248.1
12482 0.9237187399608425 1248.2
12483 0.9237354605242538 1248.3
12484 0.9237522565906719 1248.4
12485 0.9237691281191382 1248.5
12486 0.9237860340795105 1248.6
12487 0.9238029567169963 1248.7
12488 0.9238198971679878 1248.8
12489 0.9238368294526946 1248.9
12490 0.9238537355144044 1249
12491 0.9238706418629462 1249.1
12492 0.9238875176442929 1249.2
12493 0.9239043476249874 1249.3
12494 0.9239211029003155 1249.4
12495 0.9239377786852498 1249.5
12496 0.9239544210804103 1249.6
12497 0.923971061405532 1249.7
12498 0.9239876993342423 1249.8
12499 0.924004315529617 1249.9
12500 0.9240209988790024 1250
12501 0.9240377884486092 1250.1
12502 0.9240546932382204 1250.2
12503 0.9240717254009934 1250.3
12504 0.924088895902161 1250.4
12505 0.924106088775633 1250.5
12506 0.9241221472925952 1250.6
12507 0.9241382141650899 1250.7
12508 0.924154203195372 1250.8
12509 0.9241702687093655 1250.9
12510 0.9241864043954833 1251
12511 0.9242025998833986 1251.1
12512 0.9242183177525429 1251.2
12513 0.9242334629971399 1251.3
12514 0.9242487489355995 1251.4
12515 0.9242641916589455 1251.5
12516 0.9242797674623047 1251.6
12517 0.9242954562256916 1251.7
12518 0.9243112245417151 1251.8
12519 0.9243270458982197 1251.9
12520 0.9243429397659894 1252
12521 0.924358876270567 1252.1
12522 0.9243748735891861 1252.2
12523 0.9243909461229047 1252.3
12524 0.9244071138178321 1252.4
12525 0.9244234021342852 1252.5
12526 0.9244397956532332 1252.6
12527 0.9244562757199469 1252.7
12528 0.9244728399087051 1252.8
12529 0.9244894916818001 1252.9
12530 0.9245062308495956 1253
12531 0.924523009125631 1253.1
12532 0.9245397788624057 1253.2
12533 0.9245566211695764 1253.3
12534 0.9245735394338476 1253.4
12535 0.9245905344383083 1253.5
12536 0.9246076112878097 1253.6
12537 0.9246247735530563 1253.7
12538 0.9246420235297583 1253.8
12539 0.9246593622224323 1253.9
12540 0.9246767797621815 1254
12541 0.9246942567192626 1254.1
12542 0.9247117935772341 1254.2
12543 0.9247293892396531 1254.3
12544 0.9247470269440524 1254.4
12545 0.9247647049546353 1254.5
12546 0.9247824213954493 1254.6
12547 0.9248001743302977 1254.7
12548 0.9248179547173915 1254.8
12549 0.9248357159448329 1254.9
12550 0.9248535113734387 1255
12551 0.9248713462147854 1255.1
12552 0.9248885929104614 1255.2
12553 0.9249053563682131 1255.3
12554 0.9249221658851695 1255.4
12555 0.9249390152972097 1255.5
12556 0.9249558820573029 1255.6
12557 0.9249727336558216 1255.7
12558 0.9249895555694754 1255.8
12559 0.9250063277265868 1255.9
12560 0.9250230479594552 1256
12561 0.9250397127268173 1256.1
12562 0.9250541532888584 1256.2
12563 0.9250682640540229 1256.3
12564 0.9250824252112678 1256.4
12565 0.925096582771874 1256.5
12566 0.9251109017766619 1256.6
12567 0.9251253732347585 1256.7
12568 0.9251399898383643 1256.8
12569 0.925154724557285 1256.9
12570 0.9251695759550931 1257
12571 0.9251845464186993 1257.1
12572 0.9251996417182736 1257.2
12573 0.9252148605220777 1257.3
12574 0.9252302102254107 1257.4
12575 0.9252456878383258 1257.5
12576 0.9252612928056947 1257.6
12577 0.9252770238393735 1257.7
12578 0.9252928805616394 1257.8
12579 0.9253080052746135 1257.9
12580 0.9253230300533047 1258
12581 0.9253381896104431 1258.1
12582 0.9253534697753806 1258.2
12583 0.9253688907438532 1258.3
12584 0.9253844524146227 1258.4
12585 0.9254001524863342 1258.5
12586 0.9254159885744278 1258.6
12587 0.9254319582287464 1258.7
12588 0.9254480516823117 1258.8
12589 0.9254642579771115 1258.9
12590 0.9254804206655224 1259
12591 0.925496693567132 1259.1
12592 0.9255130614556319 1259.2
12593 0.9255295142573073 1259.3
12594 0.9255460460378734 1259.4
12595 0.925562660104056 1259.5
12596 0.9255793521852065 1259.6
12597 0.9255961110324664 1259.7
12598 0.9256129314717151 1259.8
12599 0.9256298108610304 1259.9
12600 0.9256467378345612 1260
12601 0.9256637012761031 1260.1
12602 0.9256806970020133 1260.2
12603 0.9256977225073204 1260.3
12604 0.9257147823151457 1260.4
12605 0.9257318839680677 1260.5
12606 0.9257490355957154 1260.6
12607 0.9257662225526538 1260.7
12608 0.9257834454487305 1260.8
12609 0.9258007211131555 1260.9
12610 0.9258180647192027 1261
12611 0.9258354860857363 1261.1
12612 0.9258529981018256 1261.2
12613 0.9258706269588063 1261.3
12614 0.9258883700461924 1261.4
12615 0.925906203924067 1261.5
12616 0.9259241392219674 1261.6
12617 0.9259421866728953 1261.7
12618 0.9259603573774203 1261.8
12619 0.9259786626169285 1261.9
12620 0.9259971137207159 1262
12621 0.9260157238911367 1262.1
12622 0.9260345062053906 1262.2
12623 0.9260534610692817 1262.3
12624 0.9260725901536941 1262.4
12625 0.9260919026337489 1262.5
12626 0.9261114083966772 1262.6
12627 0.9261311299123349 1262.7
12628 0.9261510157533066 1262.8
12629 0.9261710152867372 1262.9
12630 0.9261912236555627 1263
12631 0.9262112644593953 1263.1
12632 0.9262314142728808 1263.2
12633 0.9262508778514124 1263.3
12634 0.9262703521708568 1263.4
12635 0.9262899246953076 1263.5
12636 0.9263095815654928 1263.6
12637 0.9263293175689901 1263.7
12638 0.9263491423141261 1263.8
12639 0.926369127276311 1263.9
12640 0.9263891904018018 1264
12641 0.926409328472107 1264.1
12642 0.9264295015354491 1264.2
12643 0.9264497023124265 1264.3
12644 0.9264699157361406 1264.4
12645 0.9264901383086741 1264.5
12646 0.9265102513981532 1264.6
12647 0.9265299237697012 1264.7
12648 0.9265492846137939 1264.8
12649 0.9265683987980503 1264.9
12650 0.9265875241439486 1265
12651 0.9266066538632992 1265.1
12652 0.9266257855606603 1265.2
12653 0.9266444594990573 1265.3
12654 0.9266631310234121 1265.4
12655 0.9266819877498935 1265.5
12656 0.9267010132285343 1265.6
12657 0.9267201946006469 1265.7
12658 0.9267394580679831 1265.8
12659 0.926758798345971 1265.9
12660 0.9267782738337851 1266
12661 0.9267978189248349 1266.1
12662 0.9268174151495194 1266.2
12663 0.9268371093535608 1266.3
12664 0.9268568843525212 1266.4
12665 0.9268767219119682 1266.5
12666 0.9268966028612037 1266.6
12667 0.9269165076391924 1266.7
12668 0.9269364174465088 1266.8
12669 0.9269562622479092 1266.9
12670 0.9269753853985314 1267
12671 0.9269944953945511 1267.1
12672 0.9270135686919189 1267.2
12673 0.9270325888194128 1267.3
12674 0.9270515458120644 1267.4
12675 0.9270704378213261 1267.5
12676 0.9270892663340093 1267.6
12677 0.9271080329308167 1267.7
12678 0.9271267423755858 1267.8
12679 0.9271453998327678 1267.9
12680 0.9271640138701379 1268
12681 0.9271821434996116 1268.1
12682 0.9271981149412758 1268.2
12683 0.9272143108586023 1268.3
12684 0.9272307377749636 1268.4
12685 0.9272473986151553 1268.5
12686 0.9272642922035937 1268.6
12687 0.9272807777399049 1268.7
12688 0.9272972500251095 1268.8
12689 0.92731399682224 1268.9
12690 0.927331000909807 1269
12691 0.9273482436245337 1269.1
12692 0.9273657097406967 1269.2
12693 0.9273833906782115 1269.3
12694 0.9274012801198251 1269.4
12695 0.9274193786762767 1269.5
12696 0.9274376838021043 1269.6
12697 0.9274556841994281 1269.7
12698 0.9274732362158028 1269.8
12699 0.9274909352226487 1269.9
12700 0.9275087755056822 1270
12701 0.9275267380146044 1270.1
12702 0.9275446744072356 1270.2
12703 0.9275619156776197 1270.3
12704 0.9275792196298496 1270.4
12705 0.9275966239681409 1270.5
12706 0.9276138803480368 1270.6
12707 0.9276306285244627 1270.7
12708 0.9276475318550736 1270.8
12709 0.9276645598578777 1270.9
12710 0.9276816909636741 1271
12711 0.9276983608818746 1271.1
12712 0.927715093270136 1271.2
12713 0.9277318975828993 1271.3
12714 0.9277487745872601 1271.4
12715 0.9277657083226294 1271.5
12716 0.9277826875869359 1271.6
12717 0.9277997433978259 1271.7
12718 0.9278168724237755 1271.8
12719 0.9278340617946558 1271.9
12720 0.9278512904979499 1272
12721 0.9278685411046841 1272.1
12722 0.9278858003040991 1272.2
12723 0.9279030558169513 1272.3
12724 0.9279203005712631 1272.4
12725 0.9279375318149781 1272.5
12726 0.9279547529595924 1272.6
12727 0.9279719734721605 1272.7
12728 0.9279891983915496 1272.8
12729 0.9280064078238048 1272.9
12730 0.9280236249895765 1273
12731 0.9280408558457459 1273.1
12732 0.9280578187794976 1273.2
12733 0.9280744260301336 1273.3
12734 0.9280911476939513 1273.4
12735 0.9281079652215041 1273.5
12736 0.9281248618315205 1273.6
12737 0.9281418237881417 1273.7
12738 0.9281588404002398 1273.8
12739 0.9281758964816117 1273.9
12740 0.9281929704553064 1274
12741 0.928210063000361 1274.1
12742 0.9282271529418725 1274.2
12743 0.9282442521718066 1274.3
12744 0.9282613809778616 1274.4
12745 0.9282785413102288 1274.5
12746 0.9282957358677312 1274.6
12747 0.9283129685217669 1274.7
12748 0.928330238119832 1274.8
12749 0.9283475538050535 1274.9
12750 0.9283649264735643 1275
12751 0.9283823674178844 1275.1
12752 0.928399865751377 1275.2
12753 0.9284162027448 1275.3
12754 0.9284325955126502 1275.4
12755 0.9284490524207117 1275.5
12756 0.9284655800442354 1275.6
12757 0.9284821672456729 1275.7
12758 0.9284987965826959 1275.8
12759 0.9285154685164956 1275.9
12760 0.92853217400382 1276
12761 0.9285489053321796 1276.1
12762 0.9285656742835028 1276.2
12763 0.9285824834795778 1276.3
12764 0.9285993515721299 1276.4
12765 0.9286162808716095 1276.5
12766 0.9286332497488183 1276.6
12767 0.9286502269247943 1276.7
12768 0.9286669004867761 1276.8
12769 0.9286836245714012 1276.9
12770 0.9287003872440117 1277
12771 0.9287171871645438 1277.1
12772 0.9287340146341508 1277.2
12773 0.9287508797491201 1277.3
12774 0.9287677648498059 1277.4
12775 0.9287846564110751 1277.5
12776 0.9288015065325596 1277.6
12777 0.9288183437266165 1277.7
12778 0.9288351698116849 1277.8
12779 0.9288519620545143 1277.9
12780 0.9288687157082333 1278
12781 0.9288854316443115 1278.1
12782 0.9289021170936276 1278.2
12783 0.9289187928865932 1278.3
12784 0.9289354745480438 1278.4
12785 0.9289521696315935 1278.5
12786 0.9289688864483615 1278.6
12787 0.9289856321873184 1278.7
12788 0.9290024114425421 1278.8
12789 0.9290192069438654 1278.9
12790 0.9290360286809523 1279
12791 0.9290528811485421 1279.1
12792 0.9290697687083901 1279.2
12793 0.9290866937893622 1279.3
12794 0.9291036608029026 1279.4
12795 0.9291206729199376 1279.5
12796 0.9291377306666672 1279.6
12797 0.9291548144105793 1279.7
12798 0.9291719183877284 1279.8
12799 0.9291890489512692 1279.9
12800 0.9292061736324482 1280
12801 0.9292233170482355 1280.1
12802 0.9292404790657064 1280.2
12803 0.9292573666575533 1280.3
12804 0.9292736678418534 1280.4
12805 0.9292900048656618 1280.5
12806 0.9293063603963374 1280.6
12807 0.9293227118854196 1280.7
12808 0.9293390398494288 1280.8
12809 0.9293553296011458 1280.9
12810 0.9293715713131488 1281
12811 0.9293877608773184 1281.1
12812 0.9294038983899494 1281.2
12813 0.9294199870265077 1281.3
12814 0.9294360311610159 1281.4
12815 0.9294520395336796 1281.5
12816 0.9294660163563316 1281.6
12817 0.9294795983993617 1281.7
12818 0.9294934136635632 1281.8
12819 0.9295074718351696 1281.9
12820 0.9295217792627424 1282
12821 0.9295363393139708 1282.1
12822 0.9295511502463092 1282.2
12823 0.9295662079618499 1282.3
12824 0.9295806332972673 1282.4
12825 0.9295945382014575 1282.5
12826 0.9296083895764936 1282.6
12827 0.9296223989101979 1282.7
12828 0.9296365301912509 1282.8
12829 0.9296507703169248 1282.9
12830 0.9296651056634199 1283
12831 0.9296795161151401 1283.1
12832 0.9296939860209038 1283.2
12833 0.9297085004407745 1283.3
12834 0.9297229388726967 1283.4
12835 0.9297372701855748 1283.5
12836 0.9297516637177409 1283.6
12837 0.9297660307377488 1283.7
12838 0.9297802582558555 1283.8
12839 0.9297945334641866 1283.9
12840 0.9298088592215263 1284
12841 0.9298232524111046 1284.1
12842 0.9298377043649073 1284.2
12843 0.929852208132536 1284.3
12844 0.9298667575184594 1284.4
12845 0.9298812417180571 1284.5
12846 0.9298951850440438 1284.6
12847 0.9299092002234371 1284.7
12848 0.9299232848101286 1284.8
12849 0.929937430569772 1284.9
12850 0.9299516302316919 1285
12851 0.9299658986563465 1285.1
12852 0.9299802297686982 1285.2
12853 0.9299946182631276 1285.3
12854 0.9300090597263491 1285.4
12855 0.9300235495242319 1285.5
12856 0.9300380837350084 1285.6
12857 0.9300526590735613 1285.7
12858 0.9300672728428783 1285.8
12859 0.930081814530426 1285.9
12860 0.9300962997151081 1286
12861 0.9301108349684385 1286.1
12862 0.9301254179912819 1286.2
12863 0.9301398888145497 1286.3
12864 0.9301540334710123 1286.4
12865 0.9301682318430307 1286.5
12866 0.9301824821821894 1286.6
12867 0.9301965378927003 1286.7
12868 0.9302106252191535 1286.8
12869 0.9302247786175385 1286.9
12870 0.9302389793019912 1287
12871 0.9302531777436667 1287.1
12872 0.9302674455275894 1287.2
12873 0.9302817812708675 1287.3
12874 0.9302961838753057 1287.4
12875 0.9303106595711534 1287.5
12876 0.9303252143782818 1287.6
12877 0.9303398475364109 1287.7
12878 0.9303545579929799 1287.8
12879 0.9303693460690144 1287.9
12880 0.9303842119212259 1288
12881 0.9303991357960514 1288.1
12882 0.9304141005768881 1288.2
12883 0.9304290802928986 1288.3
12884 0.9304441028802712 1288.4
12885 0.9304591642031562 1288.5
12886 0.9304742749351369 1288.6
12887 0.9304894381514498 1288.7
12888 0.9305046484487628 1288.8
12889 0.9305198855866037 1288.9
12890 0.9305351346233465 1289
12891 0.9305503958722582 1289.1
12892 0.9305656584485579 1289.2
12893 0.9305809314644035 1289.3
12894 0.9305962203410918 1289.4
12895 0.9306115304823787 1289.5
12896 0.9306268724657233 1289.6
12897 0.9306422600762203 1289.7
12898 0.9306577017739625 1289.8
12899 0.9306731782277378 1289.9
12900 0.9306887154041737 1290
12901 0.9307043347591875 1290.1
12902 0.930720052394405 1290.2
12903 0.9307358871039439 1290.3
12904 0.9307518501974001 1290.4
12905 0.9307676428590373 1290.5
12906 0.9307834379048872 1290.6
12907 0.9307992680600848 1290.7
12908 0.9308151266920004 1290.8
12909 0.9308310183231211 1290.9
12910 0.9308469415586978 1291
12911 0.9308628912831018 1291.1
12912 0.930878864536123 1291.2
12913 0.9308948657049182 1291.3
12914 0.9309108919591819 1291.4
12915 0.9309269387443307 1291.5
12916 0.9309430023278957 1291.6
12917 0.9309590781084575 1291.7
12918 0.9309751621851572 1291.8
12919 0.9309912529786269 1291.9
12920 0.931007349333675 1292
12921 0.9310234646529878 1292.1
12922 0.93103959932473 1292.2
12923 0.9310557492338084 1292.3
12924 0.9310719140574952 1292.4
12925 0.9310880957859188 1292.5
12926 0.9311042951841636 1292.6
12927 0.9311205025275093 1292.7
12928 0.9311367189263778 1292.8
12929 0.931152952164795 1292.9
12930 0.9311692102675801 1293
12931 0.9311855071852331 1293.1
12932 0.9312018351866723 1293.2
12933 0.9312181279252473 1293.3
12934 0.9312344908536982 1293.4
12935 0.9312509317975561 1293.5
12936 0.9312674589887936 1293.6
12937 0.9312840740539974 1293.7
12938 0.9313007851288474 1293.8
12939 0.9313168924865948 1293.9
12940 0.9313326575913147 1294
12941 0.9313484876220898 1294.1
12942 0.9313643831843487 1294.2
12943 0.9313803399816013 1294.3
12944 0.9313963526315002 1294.4
12945 0.9314124013275672 1294.5
12946 0.9314284692027766 1294.6
12947 0.9314445546135336 1294.7
12948 0.9314606437856339 1294.8
12949 0.9314767252677489 1294.9
12950 0.9314927936250637 1295
12951 0.9315081588966345 1295.1
12952 0.9315232223396961 1295.2
12953 0.9315383200741634 1295.3
12954 0.9315534493051545 1295.4
12955 0.9315686069657479 1295.5
12956 0.9315837838932631 1295.6
12957 0.9315989549142409 1295.7
12958 0.931613945381936 1295.8
12959 0.9316289241233142 1295.9
12960 0.9316439570516004 1296
12961 0.9316590478769232 1296.1
12962 0.9316741944126038 1296.2
12963 0.9316887004797868 1296.3
12964 0.931701974615727 1296.4
12965 0.931715424969341 1296.5
12966 0.9317290549369157 1296.6
12967 0.9317428678594601 1296.7
12968 0.9317568698040286 1296.8
12969 0.9317710672592162 1296.9
12970 0.9317854613721679 1297
12971 0.9318000482323506 1297.1
12972 0.9318148307270535 1297.2
12973 0.9318298093792661 1297.3
12974 0.9318449834118805 1297.4
12975 0.9318603132283032 1297.5
12976 0.9318757718068235 1297.6
12977 0.93189142890959 1297.7
12978 0.9319072140737295 1297.8
12979 0.9319231075131142 1297.9
12980 0.9319391413744141 1298
12981 0.9319552950675625 1298.1
12982 0.9319715476520037 1298.2
12983 0.9319878669052649 1298.3
12984 0.9320041038865788 1298.4
12985 0.9320202938472789 1298.5
12986 0.9320365558800017 1298.6
12987 0.9320529006019619 1298.7
12988 0.9320693383734178 1298.8
12989 0.932085852798066 1298.9
12990 0.9321024399387463 1299
12991 0.9321191575813784 1299.1
12992 0.9321360408985205 1299.2
12993 0.932153092191447 1299.3
12994 0.9321703130286503 1299.4
12995 0.9321873458893768 1299.5
12996 0.9322040580791497 1299.6
12997 0.9322209715457934 1299.7
12998 0.9322380686776134 1299.8
12999 0.9322553324080145 1299.9
13000 0.9322727507299637 1300
13001 0.9322903166960799 1300.1
13002 0.9323080267400718 1300.2
13003 0.9323258741640522 1300.3
13004 0.9323438529963674 1300.4
13005 0.9323619584301783 1300.5
13006 0.9323791961248952 1300.6
13007 0.9323966066688315 1300.7
13008 0.9324141808707803 1300.8
13009 0.9324319031761658 1300.9
13010 0.932449762630925 1301
13011 0.932466895484874 1301.1
13012 0.9324841956863775 1301.2
13013 0.93250169712077 1301.3
13014 0.9325193920106943 1301.4
13015 0.9325372774132572 1301.5
13016 0.9325553478986983 1301.6
13017 0.9325727041125539 1301.7
13018 0.9325899183289341 1301.8
13019 0.9326072204521482 1301.9
13020 0.9326245295099227 1302
13021 0.9326419437864069 1302.1
13022 0.932659459558475 1302.2
13023 0.9326770674659474 1302.3
13024 0.9326946838655905 1302.4
13025 0.93271218265447 1302.5
13026 0.9327292106340386 1302.6
13027 0.9327463573211955 1302.7
13028 0.9327635787820826 1302.8
13029 0.9327808574615931 1302.9
13030 0.9327981815550805 1303
13031 0.9328155427772472 1303.1
13032 0.9328329369683519 1303.2
13033 0.9328503651886865 1303.3
13034 0.9328678307962128 1303.4
13035 0.9328853480155168 1303.5
13036 0.9329029287897825 1303.6
13037 0.9329205938427904 1303.7
13038 0.9329383357775608 1303.8
13039 0.9329561113575936 1303.9
13040 0.9329738877237156 1304
13041 0.9329917390940249 1304.1
13042 0.9330096748209143 1304.2
13043 0.9330277061080929 1304.3
13044 0.9330454956296442 1304.4
13045 0.9330630600903079 1304.5
13046 0.9330807345412777 1304.6
13047 0.9330977005603924 1304.7
13048 0.9331147069597139 1304.8
13049 0.9331318759193514 1304.9
13050 0.9331491933851364 1305
13051 0.9331666458690892 1305.1
13052 0.9331842218749842 1305.2
13053 0.9332019111408223 1305.3
13054 0.9332197118077299 1305.4
13055 0.9332376155566576 1305.5
13056 0.9332556046352027 1305.6
13057 0.9332736690761316 1305.7
13058 0.9332918017190264 1305.8
13059 0.9333099970244846 1305.9
13060 0.9333282227706767 1306
13061 0.9333464666352629 1306.1
13062 0.9333647002572049 1306.2
13063 0.9333828038803961 1306.3
13064 0.9334008368158121 1306.4
13065 0.9334188231134514 1306.5
13066 0.9334368178270132 1306.6
13067 0.9334548240608493 1306.7
13068 0.9334728288139914 1306.8
13069 0.9334908373111762 1306.9
13070 0.933507989254738 1307
13071 0.9335251789982796 1307.1
13072 0.9335424345362545 1307.2
13073 0.933559745204764 1307.3
13074 0.93357709938383 1307.4
13075 0.9335944432334262 1307.5
13076 0.9336118121163887 1307.6
13077 0.9336292227194135 1307.7
13078 0.9336466716070476 1307.8
13079 0.9336641538586145 1307.9
13080 0.9336816571317962 1308
13081 0.9336991848625652 1308.1
13082 0.9337167306227538 1308.2
13083 0.9337342899509515 1308.3
13084 0.9337518585577474 1308.4
13085 0.9337694306621733 1308.5
13086 0.9337870015085448 1308.6
13087 0.9338045762737036 1308.7
13088 0.9338221592026051 1308.8
13089 0.9338397451547805 1308.9
13090 0.9338573297689241 1309
13091 0.9338749089586834 1309.1
13092 0.9338924591041168 1309.2
13093 0.9339099750451594 1309.3
13094 0.9339274578429438 1309.4
13095 0.933944907466707 1309.5
13096 0.9339623120954641 1309.6
13097 0.9339796827076943 1309.7
13098 0.9339968950734509 1309.8
13099 0.9340134995156043 1309.9
13100 0.9340301366503267 1310
13101 0.9340467969307875 1310.1
13102 0.934063472142817 1310.2
13103 0.934080155084921 1310.3
13104 0.9340968401691276 1310.4
13105 0.9341135243889954 1310.5
13106 0.9341302048126532 1310.6
13107 0.9341467592623853 1310.7
13108 0.934162375343915 1310.8
13109 0.9341780579530826 1310.9
13110 0.9341938183495156 1311
13111 0.9342096628772359 1311.1
13112 0.934225578224735 1311.2
13113 0.9342415378669606 1311.3
13114 0.934257526293954 1311.4
13115 0.9342735410633369 1311.5
13116 0.9342895752681152 1311.6
13117 0.9343056165442001 1311.7
13118 0.9343216543910069 1311.8
13119 0.9343369936695739 1311.9
13120 0.9343511086185974 1312
13121 0.9343653356186093 1312.1
13122 0.934379671420746 1312.2
13123 0.9343941088886826 1312.3
13124 0.9344086152335709 1312.4
13125 0.934423176291295 1312.5
13126 0.9344378155748481 1312.6
13127 0.9344525315239494 1312.7
13128 0.9344673219955226 1312.8
13129 0.9344821862599686 1312.9
13130 0.9344971262042712 1313
13131 0.9345121439486501 1313.1
13132 0.9345272462053272 1313.2
13133 0.9345424438205843 1313.3
13134 0.9345577420654168 1313.4
13135 0.9345731394578738 1313.5
13136 0.9345885628679046 1313.6
13137 0.934603184365269 1313.7
13138 0.9346178923081452 1313.8
13139 0.9346326889148509 1313.9
13140 0.9346471412327494 1314
13141 0.9346614386447275 1314.1
13142 0.9346756333849021 1314.2
13143 0.934689978483061 1314.3
13144 0.9347042765186911 1314.4
13145 0.9347185671566161 1314.5
13146 0.9347329875348914 1314.6
13147 0.9347475305057585 1314.7
13148 0.9347621914118873 1314.8
13149 0.9347769582806472 1314.9
13150 0.934791812681758 1315
13151 0.9348067340110154 1315.1
13152 0.9348217084694355 1315.2
13153 0.9348367272440257 1315.3
13154 0.9348517864575896 1315.4
13155 0.9348668836776511 1315.5
13156 0.934881854690526 1315.6
13157 0.9348968607798912 1315.7
13158 0.9349119151575127 1315.8
13159 0.9349270025467078 1315.9
13160 0.9349421389371739 1316
13161 0.9349573345902787 1316.1
13162 0.934972595649845 1316.2
13163 0.9349879370584421 1316.3
13164 0.9350033323657221 1316.4
13165 0.9350187750301531 1316.5
13166 0.9350342686438263 1316.6
13167 0.935049812585395 1316.7
13168 0.9350654042391594 1316.8
13169 0.9350810383451169 1316.9
13170 0.935096714638181 1317
13171 0.9351124210752391 1317.1
13172 0.9351281438546579 1317.2
13173 0.9351438681511346 1317.3
13174 0.9351595793685464 1317.4
13175 0.9351752631628204 1317.5
13176 0.9351908884731902 1317.6
13177 0.9352064571537823 1317.7
13178 0.93522198104958 1317.8
13179 0.9352374528855161 1317.9
13180 0.9352528651021097 1318
13181 0.9352680448806489 1318.1
13182 0.9352831644160132 1318.2
13183 0.9352982081755985 1318.3
13184 0.9353131867669143 1318.4
13185 0.9353281066134392 1318.5
13186 0.9353429722246487 1318.6
13187 0.9353578023212091 1318.7
13188 0.9353726041536908 1318.8
13189 0.9353873918977561 1318.9
13190 0.9354021743511388 1319
13191 0.9354169581621146 1319.1
13192 0.935431747639892 1319.2
13193 0.9354465458540592 1319.3
13194 0.9354613537704647 1319.4
13195 0.9354761696465905 1319.5
13196 0.9354909885526353 1319.6
13197 0.9355057984358957 1319.7
13198 0.9355205893486378 1319.8
13199 0.9355353369466944 1319.9
13200 0.9355500160817337 1320
13201 0.9355646186207603 1320.1
13202 0.9355791379823826 1320.2
13203 0.9355935700037654 1320.3
13204 0.9356075424143947 1320.4
13205 0.9356203176279245 1320.5
13206 0.9356331727083251 1320.6
13207 0.9356461083919124 1320.7
13208 0.9356590928382801 1320.8
13209 0.9356721426671734 1320.9
13210 0.93568525238267 1321
13211 0.9356984636736412 1321.1
13212 0.9357117547276728 1321.2
13213 0.9357251226258426 1321.3
13214 0.9357385638524826 1321.4
13215 0.9357520748606351 1321.5
13216 0.9357656640782758 1321.6
13217 0.935779326578403 1321.7
13218 0.9357930570130901 1321.8
13219 0.9358068508151606 1321.9
13220 0.9358207043715466 1322
13221 0.935834621791188 1322.1
13222 0.9358486020873283 1322.2
13223 0.9358626443959513 1322.3
13224 0.9358767492238422 1322.4
13225 0.9358909159169945 1322.5
13226 0.9359051427254281 1322.6
13227 0.9359194285764254 1322.7
13228 0.9359337450743597 1322.8
13229 0.9359479471199947 1322.9
13230 0.9359622202400887 1323
13231 0.9359765621751162 1323.1
13232 0.9359909693502957 1323.2
13233 0.9360054147866359 1323.3
13234 0.9360197880816263 1323.4
13235 0.93603421104326 1323.5
13236 0.9360486779747551 1323.6
13237 0.9360631826433777 1323.7
13238 0.936077717994559 1323.8
13239 0.9360922760651138 1323.9
13240 0.9361068357601777 1324
13241 0.9361213868414806 1324.1
13242 0.936135923256158 1324.2
13243 0.9361504407428457 1324.3
13244 0.9361649356758821 1324.4
13245 0.9361794162920725 1324.5
13246 0.936193884893061 1324.6
13247 0.9362083251422301 1324.7
13248 0.9362227333016807 1324.8
13249 0.9362370528801927 1324.9
13250 0.9362512989236088 1325
13251 0.9362653760861848 1325.1
13252 0.9362794116899503 1325.2
13253 0.9362934473351254 1325.3
13254 0.9363074785928288 1325.4
13255 0.9363215096504294 1325.5
13256 0.9363355422888389 1325.6
13257 0.9363495795054246 1325.7
13258 0.9363636248977 1325.8
13259 0.9363776821741594 1325.9
13260 0.9363917536143479 1326
13261 0.9364058291224826 1326.1
13262 0.9364199219593756 1326.2
13263 0.9364340430390092 1326.3
13264 0.9364481938681523 1326.4
13265 0.9364623750155157 1326.5
13266 0.9364765869321906 1326.6
13267 0.9364908293731672 1326.7
13268 0.9365050989953533 1326.8
13269 0.9365193911786021 1326.9
13270 0.9365337017702837 1327
13271 0.9365480297276371 1327.1
13272 0.936562373424957 1327.2
13273 0.9365767309019919 1327.3
13274 0.9365911001183003 1327.4
13275 0.9366054791846019 1327.5
13276 0.9366197366646142 1327.6
13277 0.9366340086877069 1327.7
13278 0.936648299777709 1327.8
13279 0.9366616857446912 1327.9
13280 0.9366750176295509 1328
13281 0.9366884651686246 1328.1
13282 0.9367020200678082 1328.2
13283 0.9367156716491839 1328.3
13284 0.9367294091691056 1328.4
13285 0.936743222279642 1328.5
13286 0.9367571016125381 1328.6
13287 0.9367710392534936 1328.7
13288 0.9367850289946662 1328.8
13289 0.9367990651435837 1328.9
13290 0.9368111695092917 1329
13291 0.9368233915231238 1329.1
13292 0.9368357637378844 1329.2
13293 0.9368482843667513 1329.3
13294 0.9368609523355989 1329.4
13295 0.9368737300463161 1329.5
13296 0.9368866309392436 1329.6
13297 0.9368996647807671 1329.7
13298 0.9369128241369145 1329.8
13299 0.936926101173075 1329.9
13300 0.9369394899244896 1330
13301 0.9369529824232895 1330.1
13302 0.9369665702855408 1330.2
13303 0.9369802454506754 1330.3
13304 0.9369940002217315 1330.4
13305 0.9370078290529809 1330.5
13306 0.9370217261614017 1330.6
13307 0.9370356857060061 1330.7
13308 0.9370497025135721 1330.8
13309 0.9370637722292989 1330.9
13310 0.9370778913169401 1331
13311 0.93709205702233 1331.1
13312 0.9371062673231385 1331.2
13313 0.9371204481243754 1331.3
13314 0.9371341910769784 1331.4
13315 0.9371480154666633 1331.5
13316 0.9371619211073021 1331.6
13317 0.9371759077172489 1331.7
13318 0.9371897936306394 1331.8
13319 0.9372035503673931 1331.9
13320 0.9372174432521194 1332
13321 0.9372314694938467 1332.1
13322 0.9372456253805027 1332.2
13323 0.9372599082568783 1332.3
13324 0.9372743166760744 1332.4
13325 0.9372888431619902 1332.5
13326 0.9373033698781441 1332.6
13327 0.9373179655658911 1332.7
13328 0.9373327073535007 1332.8
13329 0.9373475999408503 1332.9
13330 0.9373624079596791 1333
13331 0.9373769525010841 1333.1
13332 0.9373916686576048 1333.2
13333 0.9374065542914501 1333.3
13334 0.9374216082612712 1333.4
13335 0.9374368298928939 1333.5
13336 0.9374522191565455 1333.6
13337 0.9374677766203359 1333.7
13338 0.9374835033199332 1333.8
13339 0.9374994036583696 1333.9
13340 0.9375154782876939 1334
13341 0.9375317300206845 1334.1
13342 0.9375481623538222 1334.2
13343 0.9375647787844317 1334.3
13344 0.9375815829355292 1334.4
13345 0.9375983491591638 1334.5
13346 0.9376150062697688 1334.6
13347 0.9376317796018359 1334.7
13348 0.9376479011875393 1334.8
13349 0.9376642492715822 1334.9
13350 0.9376808156169896 1335
13351 0.9376975922744392 1335.1
13352 0.9377145638721374 1335.2
13353 0.9377317204545237 1335.3
13354 0.937749038779302 1335.4
13355 0.9377665231197763 1335.5
13356 0.9377841702987645 1335.6
13357 0.9378017565176123 1335.7
13358 0.9378194410632184 1335.8
13359 0.9378372279691056 1335.9
13360 0.9378551044150347 1336
13361 0.9378730590479171 1336.1
13362 0.9378910781773747 1336.2
13363 0.9379091486933385 1336.3
13364 0.9379272592278313 1336.4
13365 0.9379454013786186 1336.5
13366 0.9379635710613466 1336.6
13367 0.9379817616282746 1336.7
13368 0.9379993092193868 1336.8
13369 0.9380166502148513 1336.9
13370 0.9380340614138436 1337
13371 0.9380515301480582 1337.1
13372 0.9380690488266251 1337.2
13373 0.9380866055369388 1337.3
13374 0.9381042063391606 1337.4
13375 0.9381218620241317 1337.5
13376 0.9381395852052599 1337.6
13377 0.938157141380748 1337.7
13378 0.9381745245697195 1337.8
13379 0.9381919160962925 1337.9
13380 0.9382093221098809 1338
13381 0.9382267474815704 1338.1
13382 0.9382441936836264 1338.2
13383 0.938261665135671 1338.3
13384 0.9382791674002801 1338.4
13385 0.9382966985381211 1338.5
13386 0.9383142464988885 1338.6
13387 0.9383318181788014 1338.7
13388 0.9383494177837916 1338.8
13389 0.9383670491072874 1338.9
13390 0.9383847126264596 1339
13391 0.9384022438382973 1339.1
13392 0.9384192523821333 1339.2
13393 0.9384363414899499 1339.3
13394 0.9384534967207568 1339.4
13395 0.9384707073500501 1339.5
13396 0.9384878985782411 1339.6
13397 0.9385044075598205 1339.7
13398 0.9385210034802819 1339.8
13399 0.9385376013499582 1339.9
13400 0.938554288280157 1340
13401 0.9385710881480841 1340.1
13402 0.9385879822667479 1340.2
13403 0.9386049612227942 1340.3
13404 0.938622019867093 1340.4
13405 0.9386391530518263 1340.5
13406 0.9386563561774104 1340.6
13407 0.9386736238566434 1340.7
13408 0.9386909522593894 1340.8
13409 0.9387083396697878 1340.9
13410 0.9387257864334082 1341
13411 0.9387432957327007 1341.1
13412 0.9387608714079813 1341.2
13413 0.9387785180488466 1341.3
13414 0.9387962401139139 1341.4
13415 0.9388140436996472 1341.5
13416 0.9388317268726851 1341.6
13417 0.938849301642925 1341.7
13418 0.9388667296259993 1341.8
13419 0.9388837762957245 1341.9
13420 0.9389009925744124 1342
13421 0.9389183643984329 1342.1
13422 0.9389358769089168 1342.2
13423 0.9389535165029091 1342.3
13424 0.9389711663432487 1342.4
13425 0.9389888086749145 1342.5
13426 0.939006539608591 1342.6
13427 0.9390243514821784 1342.7
13428 0.939042236865815 1342.8
13429 0.9390601872212827 1342.9
13430 0.9390782087759119 1343
13431 0.9390962935887383 1343.1
13432 0.9391144250966711 1343.2
13433 0.939132573052983 1343.3
13434 0.9391507107664736 1343.4
13435 0.9391688258867922 1343.5
13436 0.9391868984277225 1343.6
13437 0.9392049087250118 1343.7
13438 0.9392227011078745 1343.8
13439 0.9392401613926875 1343.9
13440 0.9392574939862859 1344
13441 0.9392746874327317 1344.1
13442 0.9392917416815854 1344.2
13443 0.9393086630445914 1344.3
13444 0.9393254469480345 1344.4
13445 0.9393421412177884 1344.5
13446 0.9393587559527496 1344.6
13447 0.9393753017450865 1344.7
13448 0.9393917887632471 1344.8
13449 0.9394081489382891 1344.9
13450 0.9394239217988438 1345
13451 0.939439751172187 1345.1
13452 0.939455621415858 1345.2
13453 0.9394715277294172 1345.3
13454 0.9394874650838143 1345.4
13455 0.9395034449880874 1345.5
13456 0.9395194503834069 1345.6
13457 0.9395354747764268 1345.7
13458 0.9395515118177079 1345.8
13459 0.9395675486102464 1345.9
13460 0.9395835772309562 1346
13461 0.9395996038065267 1346.1
13462 0.9396156285863176 1346.2
13463 0.9396316497100401 1346.3
13464 0.9396476656912672 1346.4
13465 0.9396629966670593 1346.5
13466 0.9396778864455108 1346.6
13467 0.939692894106814 1346.7
13468 0.9397080104469171 1346.8
13469 0.939723224503014 1346.9
13470 0.9397385086292297 1347
13471 0.9397538610715696 1347.1
13472 0.9397692674129732 1347.2
13473 0.9397847124254046 1347.3
13474 0.9398001818758013 1347.4
13475 0.9398140614467169 1347.5
13476 0.9398277978597747 1347.6
13477 0.9398416354736169 1347.7
13478 0.9398555670886719 1347.8
13479 0.9398695872208739 1347.9
13480 0.9398836853452172 1348
13481 0.9398978459266633 1348.1
13482 0.9399120368284948 1348.2
13483 0.9399262499233257 1348.3
13484 0.9399404811583121 1348.4
13485 0.9399547142853779 1348.5
13486 0.9399689571945291 1348.6
13487 0.9399832037470187 1348.7
13488 0.939997449268503 1348.8
13489 0.9400116902301412 1348.9
13490 0.9400259241370243 1349
13491 0.9400401494011313 1349.1
13492 0.9400543652582897 1349.2
13493 0.9400685716970348 1349.3
13494 0.9400827689577064 1349.4
13495 0.9400969265399532 1349.5
13496 0.9401110670000677 1349.6
13497 0.9401249713686626 1349.7
13498 0.9401385564818545 1349.8
13499 0.9401521830032402 1349.9
13500 0.9401658443793447 1350
13501 0.940179086364867 1350.1
13502 0.9401922313983142 1350.2
13503 0.9402054352782203 1350.3
13504 0.9402186925811317 1350.4
13505 0.9402319980272837 1350.5
13506 0.9402451033253418 1350.6
13507 0.9402582193860294 1350.7
13508 0.9402713876760758 1350.8
13509 0.9402846007712388 1350.9
13510 0.940297851785421 1351
13511 0.9403111348396478 1351.1
13512 0.940324445197152 1351.2
13513 0.9403377787698574 1351.3
13514 0.9403511321942578 1351.4
13515 0.9403645031361048 1351.5
13516 0.9403778904563684 1351.6
13517 0.9403912932091379 1351.7
13518 0.9404047097525464 1351.8
13519 0.9404181389528542 1351.9
13520 0.9404315801160362 1352
13521 0.9404450329217807 1352.1
13522 0.9404584973693028 1352.2
13523 0.9404719737384579 1352.3
13524 0.9404854284504703 1352.4
13525 0.9404988644187939 1352.5
13526 0.9405123175392158 1352.6
13527 0.9405257888337499 1352.7
13528 0.9405392794884658 1352.8
13529 0.9405527909059608 1352.9
13530 0.940566324722544 1353
13531 0.9405797303537461 1353.1
13532 0.9405931387142684 1353.2
13533 0.9406065847188575 1353.3
13534 0.9406200692716103 1353.4
13535 0.9406335934751191 1353.5
13536 0.9406471586724243 1353.6
13537 0.9406607663880617 1353.7
13538 0.940674418211217 1353.8
13539 0.9406881156427236 1353.9
13540 0.9407018599242289 1354
13541 0.9407156518959499 1354.1
13542 0.9407294918437095 1354.2
13543 0.9407433793796572 1354.3
13544 0.9407573133221978 1354.4
13545 0.9407712918497373 1354.5
13546 0.9407853129517595 1354.6
13547 0.9407993741055467 1354.7
13548 0.9408134717916889 1354.8
13549 0.9408276016811548 1354.9
13550 0.9408417587719059 1355
13551 0.9408559375960225 1355.1
13552 0.9408701268457046 1355.2
13553 0.9408843132831719 1355.3
13554 0.9408984898255767 1355.4
13555 0.940912653347982 1355.5
13556 0.9409268035705847 1355.6
13557 0.9409409326950715 1355.7
13558 0.9409550301686299 1355.8
13559 0.9409690729318332 1355.9
13560 0.9409829586656187 1356
13561 0.9409967196139466 1356.1
13562 0.9410096301601099 1356.2
13563 0.9410225291202233 1356.3
13564 0.94103541267295 1356.4
13565 0.941048272376137 1356.5
13566 0.9410610000938187 1356.6
13567 0.9410736791002748 1356.7
13568 0.9410863190282921 1356.8
13569 0.9410989159856742 1356.9
13570 0.9411113841602197 1357
13571 0.9411237036503575 1357.1
13572 0.9411359606706872 1357.2
13573 0.9411481634725403 1357.3
13574 0.9411603207659536 1357.4
13575 0.9411724406493827 1357.5
13576 0.9411845195795836 1357.6
13577 0.9411965707641095 1357.7
13578 0.9412086137459735 1357.8
13579 0.9412206593691 1357.9
13580 0.9412327145661017 1358
13581 0.9412447836506722 1358.1
13582 0.9412568698191109 1358.2
13583 0.9412689696946779 1358.3
13584 0.9412810831312651 1358.4
13585 0.9412932145545783 1358.5
13586 0.9413053668084621 1358.6
13587 0.9413175429448979 1358.7
13588 0.9413297467632477 1358.8
13589 0.9413419800981583 1358.9
13590 0.9413542440244994 1359
13591 0.9413665391291777 1359.1
13592 0.9413788668050185 1359.2
13593 0.9413911371618606 1359.3
13594 0.9414033357348193 1359.4
13595 0.941415219026089 1359.5
13596 0.9414268625864105 1359.6
13597 0.9414386492712795 1359.7
13598 0.9414505742180731 1359.8
13599 0.9414626325108895 1359.9
13600 0.9414748193707261 1360
13601 0.9414871301961031 1360.1
13602 0.9414995605837866 1360.2
13603 0.9415121063142737 1360.3
13604 0.9415247631805079 1360.4
13605 0.9415375269520102 1360.5
13606 0.9415503938748792 1360.6
13607 0.9415633609545585 1360.7
13608 0.9415764228546138 1360.8
13609 0.9415895736630174 1360.9
13610 0.9416027763034548 1361
13611 0.9416160295847752 1361.1
13612 0.9416293497414909 1361.2
13613 0.9416427310664331 1361.3
13614 0.9416561575028197 1361.4
13615 0.9416694496623137 1361.5
13616 0.9416827987556954 1361.6
13617 0.9416962054213338 1361.7
13618 0.9417096703037964 1361.8
13619 0.9417231944732963 1361.9
13620 0.9417367790655349 1362
13621 0.941750423743242 1362.1
13622 0.941764127800641 1362.2
13623 0.9417778902442413 1362.3
13624 0.9417917099092501 1362.4
13625 0.9418055856002353 1362.5
13626 0.9418195162545362 1362.6
13627 0.9418334983589848 1362.7
13628 0.9418475308838296 1362.8
13629 0.9418616152761535 1362.9
13630 0.9418757535283483 1363
13631 0.941889948156755 1363.1
13632 0.9419042022445753 1363.2
13633 0.9419184868001326 1363.3
13634 0.9419325302453336 1363.4
13635 0.9419466536124129 1363.5
13636 0.9419608682143653 1363.6
13637 0.9419751831529706 1363.7
13638 0.941989606074373 1363.8
13639 0.9420041435569096 1363.9
13640 0.9420188013035706 1364
13641 0.9420335842055479 1364.1
13642 0.9420484963076775 1364.2
13643 0.9420635424206779 1364.3
13644 0.9420787262689858 1364.4
13645 0.942094048436826 1364.5
13646 0.9421095087588869 1364.6
13647 0.9421251062124111 1364.7
13648 0.9421408388006085 1364.8
13649 0.942156703625639 1364.9
13650 0.942172686495941 1365
13651 0.9421887835300349 1365.1
13652 0.942205002341433 1365.2
13653 0.9422213363032413 1365.3
13654 0.9422377794505299 1365.4
13655 0.9422543262030423 1365.5
13656 0.9422709713052257 1365.6
13657 0.942287709757911 1365.7
13658 0.9423045368495289 1365.8
13659 0.9423214474524187 1365.9
13660 0.9423384361842242 1366
13661 0.9423554981924752 1366.1
13662 0.9423720714187208 1366.2
13663 0.9423882027176274 1366.3
13664 0.9424044902465546 1366.4
13665 0.9424209231875759 1366.5
13666 0.9424374880422544 1366.6
13667 0.9424541714148357 1366.7
13668 0.9424709614107499 1366.8
13669 0.9424878382593037 1366.9
13670 0.9425047941295259 1367
13671 0.9425215123896419 1367.1
13672 0.9425360362838546 1367.2
13673 0.9425506491926243 1367.3
13674 0.9425655052008374 1367.4
13675 0.9425805664176422 1367.5
13676 0.9425956724942326 1367.6
13677 0.942610383095011 1367.7
13678 0.9426254030654878 1367.8
13679 0.9426406287965854 1367.9
13680 0.9426560952026755 1368
13681 0.9426717662211385 1368.1
13682 0.9426876486008393 1368.2
13683 0.9427037491643477 1368.3
13684 0.9427196656441452 1368.4
13685 0.9427351261791301 1368.5
13686 0.9427508223854389 1368.6
13687 0.9427667326737775 1368.7
13688 0.9427828538932481 1368.8
13689 0.9427991738045657 1368.9
13690 0.9428156867305497 1369
13691 0.9428323914006823 1369.1
13692 0.9428491776773427 1369.2
13693 0.9428661299305423 1369.3
13694 0.9428827269121203 1369.4
13695 0.9428989393913698 1369.5
13696 0.9429153068432727 1369.6
13697 0.9429318119469836 1369.7
13698 0.9429484547049692 1369.8
13699 0.9429652246455857 1369.9
13700 0.9429821233612143 1370
13701 0.9429983301808531 1370.1
13702 0.9430146131614395 1370.2
13703 0.943031053856874 1370.3
13704 0.9430476293632375 1370.4
13705 0.9430643196924147 1370.5
13706 0.9430811045736088 1370.6
13707 0.9430979655490681 1370.7
13708 0.9431148849979103 1370.8
13709 0.9431318392729983 1370.9
13710 0.9431488537505562 1371
13711 0.9431656945315209 1371.1
13712 0.9431821785814699 1371.2
13713 0.9431987085502774 1371.3
13714 0.9432152627043129 1371.4
13715 0.9432318142841143 1371.5
13716 0.9432483442722137 1371.6
13717 0.9432647154727513 1371.7
13718 0.9432809979547736 1371.8
13719 0.9432972241344119 1371.9
13720 0.9433133973069625 1372
13721 0.9433295338182421 1372.1
13722 0.9433456541997962 1372.2
13723 0.943361627205406 1372.3
13724 0.9433770785534182 1372.4
13725 0.9433926458004294 1372.5
13726 0.9434083179652683 1372.6
13727 0.9434240777003159 1372.7
13728 0.9434399044352773 1372.8
13729 0.943455794774269 1372.9
13730 0.9434717384893145 1373
13731 0.9434877260795488 1373.1
13732 0.9435037485389628 1373.2
13733 0.9435197972591491 1373.3
13734 0.9435358641874412 1373.4
13735 0.9435519420970004 1373.5
13736 0.9435680252565458 1373.6
13737 0.9435841108449308 1373.7
13738 0.9436001969471395 1373.8
13739 0.9436162795525572 1373.9
13740 0.9436323451948347 1374
13741 0.9436483474741604 1374.1
13742 0.9436643380537477 1374.2
13743 0.9436803171641663 1374.3
13744 0.9436962865748737 1374.4
13745 0.9437122503100313 1374.5
13746 0.9437282116005127 1374.6
13747 0.9437441747910699 1374.7
13748 0.9437596458238818 1374.8
13749 0.9437747288891053 1374.9
13750 0.9437898986566844 1375
13751 0.9438051471837253 1375.1
13752 0.9438204676604666 1375.2
13753 0.9438358549067519 1375.3
13754 0.943851305334542 1375.4
13755 0.9438668167390807 1375.5
13756 0.9438823879933237 1375.6
13757 0.9438980186594723 1375.7
13758 0.9439137085732346 1375.8
13759 0.943929458165213 1375.9
13760 0.9439452664259583 1376
13761 0.9439611307223786 1376.1
13762 0.9439770470697608 1376.2
13763 0.9439929926151942 1376.3
13764 0.9440089595047423 1376.4
13765 0.9440249375462482 1376.5
13766 0.944040913921313 1376.6
13767 0.9440568746677761 1376.7
13768 0.9440728047591254 1376.8
13769 0.9440886890413529 1376.9
13770 0.944104513108875 1377
13771 0.944120263157093 1377.1
13772 0.9441359176117623 1377.2
13773 0.9441514632856136 1377.3
13774 0.944166896169375 1377.4
13775 0.9441822177603296 1377.5
13776 0.9441974324536625 1377.6
13777 0.9442125467851553 1377.7
13778 0.9442275640374195 1377.8
13779 0.9442424755196783 1377.9
13780 0.9442571089311175 1378
13781 0.9442708083019375 1378.1
13782 0.9442845118789794 1378.2
13783 0.9442982411350028 1378.3
13784 0.9443119964892367 1378.4
13785 0.9443257779613851 1378.5
13786 0.9443395819879797 1378.6
13787 0.9443534069982329 1378.7
13788 0.9443672567288511 1378.8
13789 0.9443811331808744 1378.9
13790 0.944395037596012 1379
13791 0.9444089707312394 1379.1
13792 0.9444228295668083 1379.2
13793 0.9444365519718139 1379.3
13794 0.9444503135182497 1379.4
13795 0.9444641138234028 1379.5
13796 0.9444779517798494 1379.6
13797 0.9444918263938648 1379.7
13798 0.9445057370772877 1379.8
13799 0.9445196553007899 1379.9
13800 0.9445335521553418 1380
13801 0.9445474921520003 1380.1
13802 0.944561469293647 1380.2
13803 0.9445754951628359 1380.3
13804 0.9445893291701587 1380.4
13805 0.9446031714546141 1380.5
13806 0.9446171599449336 1380.6
13807 0.9446312927118266 1380.7
13808 0.944645527002684 1380.8
13809 0.9446598699356673 1380.9
13810 0.9446743413139074 1381
13811 0.9446889293461269 1381.1
13812 0.9447036413569027 1381.2
13813 0.9447184694871612 1381.3
13814 0.9447334058946458 1381.4
13815 0.9447483809189319 1381.5
13816 0.9447633336737361 1381.6
13817 0.9447783664786528 1381.7
13818 0.9447934719888618 1381.8
13819 0.9448086409452665 1381.9
13820 0.9448238623386953 1382
13821 0.9448391237596359 1382.1
13822 0.9448544118619178 1382.2
13823 0.9448697122208966 1382.3
13824 0.9448850101231773 1382.4
13825 0.9449002920003839 1382.5
13826 0.9449155466197866 1382.6
13827 0.9449307617563132 1382.7
13828 0.9449459284091383 1382.8
13829 0.9449609714402309 1382.9
13830 0.9449754304784034 1383
13831 0.9449892033627771 1383.1
13832 0.9450029784273999 1383.2
13833 0.9450167490031469 1383.3
13834 0.9450305082366856 1383.4
13835 0.9450442503073542 1383.5
13836 0.9450579710434664 1383.6
13837 0.9450715436044297 1383.7
13838 0.9450848808803488 1383.8
13839 0.9450982109134887 1383.9
13840 0.9451115376776892 1384
13841 0.9451248634759132 1384.1
13842 0.945138189620144 1384.2
13843 0.945151516794602 1384.3
13844 0.9451648452156002 1384.4
13845 0.9451781747760739 1384.5
13846 0.9451915052092977 1384.6
13847 0.9452048361047858 1384.7
13848 0.9452181669111344 1384.8
13849 0.9452314972509923 1384.9
13850 0.9452448266030542 1385
13851 0.9452581539156613 1385.1
13852 0.9452714779518244 1385.2
13853 0.945284797319375 1385.3
13854 0.9452981106423562 1385.4
13855 0.9453114167251048 1385.5
13856 0.9453244670176646 1385.6
13857 0.9453375152911636 1385.7
13858 0.9453505747628265 1385.8
13859 0.9453636430441299 1385.9
13860 0.9453767178462247 1386
13861 0.9453897971676719 1386.1
13862 0.9454028793926149 1386.2
13863 0.9454159565736905 1386.3
13864 0.9454287976060005 1386.4
13865 0.9454416166576886 1386.5
13866 0.9454535992918595 1386.6
13867 0.9454655116311448 1386.7
13868 0.9454775294661726 1386.8
13869 0.9454896459023235 1386.9
13870 0.9455018531785457 1387
13871 0.9455141439675038 1387.1
13872 0.9455265121499231 1387.2
13873 0.9455388693695534 1387.3
13874 0.94555130073008 1387.4
13875 0.9455637147967605 1387.5
13876 0.9455747756290934 1387.6
13877 0.945585982866448 1387.7
13878 0.945597338345833 1387.8
13879 0.9456088446872077 1387.9
13880 0.945620504952417 1388
13881 0.9456323226555139 1388.1
13882 0.9456443008454524 1388.2
13883 0.9456564396427045 1388.3
13884 0.9456687371053109 1388.4
13885 0.9456811891156099 1388.5
13886 0.9456937892648486 1388.6
13887 0.9457064095927999 1388.7
13888 0.9457191599595943 1388.8
13889 0.9457320390743592 1388.9
13890 0.9457450316376367 1389
13891 0.9457581209384512 1389.1
13892 0.9457712902186263 1389.2
13893 0.9457845233924832 1389.3
13894 0.9457974556110296 1389.4
13895 0.9458100144852359 1389.5
13896 0.9458225900717893 1389.6
13897 0.9458351737157127 1389.7
13898 0.9458477568266412 1389.8
13899 0.9458603094387871 1389.9
13900 0.9458728455420398 1390
13901 0.9458853665596808 1390.1
13902 0.9458978620506538 1390.2
13903 0.945909586888242 1390.3
13904 0.9459213201715568 1390.4
13905 0.9459331005341201 1390.5
13906 0.9459449287973747 1390.6
13907 0.9459568030388196 1390.7
13908 0.9459687213178957 1390.8
13909 0.9459806626886971 1390.9
13910 0.9459926049890059 1391
13911 0.9460045966717344 1391.1
13912 0.946016638522216 1391.2
13913 0.9460287274288808 1391.3
13914 0.9460408605591635 1391.4
13915 0.9460530353407305 1391.5
13916 0.9460652494372683 1391.6
13917 0.946077500692416 1391.7
13918 0.9460897871235109 1391.8
13919 0.9461021068932076 1391.9
13920 0.946114458302999 1392
13921 0.9461268398460883 1392.1
13922 0.9461392501739766 1392.2
13923 0.9461516880646457 1392.3
13924 0.9461641524208223 1392.4
13925 0.9461766422490856 1392.5
13926 0.9461891566461607 1392.6
13927 0.9462016947883126 1392.7
13928 0.9462142559257873 1392.8
13929 0.9462268393795285 1392.9
13930 0.946239444537929 1393
13931 0.9462519636624637 1393.1
13932 0.946263978987555 1393.2
13933 0.946276063815482 1393.3
13934 0.9462882161671178 1393.4
13935 0.9463004340661574 1393.5
13936 0.9463127154658109 1393.6
13937 0.9463250582473618 1393.7
13938 0.9463374602487752 1393.8
13939 0.9463499193020601 1393.9
13940 0.9463624332942352 1394
13941 0.9463750002196071 1394.1
13942 0.9463876182163244 1394.2
13943 0.9464002855935898 1394.3
13944 0.9464130008540127 1394.4
13945 0.9464257627087431 1394.5
13946 0.9464385700932837 1394.6
13947 0.946451422169055 1394.7
13948 0.9464642893700059 1394.8
13949 0.9464772011227511 1394.9
13950 0.9464901577283926 1395
13951 0.9465031593118365 1395.1
13952 0.9465162062706894 1395.2
13953 0.9465292992943729 1395.3
13954 0.9465424393776112 1395.4
13955 0.9465556277980504 1395.5
13956 0.9465688661807736 1395.6
13957 0.9465821565055565 1395.7
13958 0.946595501117672 1395.8
13959 0.9466089027569553 1395.9
13960 0.9466223645837442 1396
13961 0.9466358901964471 1396.1
13962 0.9466494836676157 1396.2
13963 0.9466631495804342 1396.3
13964 0.9466768930735816 1396.4
13965 0.9466907198839295 1396.5
13966 0.9467046049182373 1396.6
13967 0.9467185750971646 1396.7
13968 0.9467326514021752 1396.8
13969 0.9467468419387322 1396.9
13970 0.9467611538877302 1397
13971 0.9467754289033989 1397.1
13972 0.9467898456591596 1397.2
13973 0.9468044021472503 1397.3
13974 0.946819107885667 1397.4
13975 0.9468339712066836 1397.5
13976 0.9468489988309284 1397.6
13977 0.946864195221884 1397.7
13978 0.9468795619264115 1397.8
13979 0.9468950970526334 1397.9
13980 0.9469107950170733 1398
13981 0.9469266466721392 1398.1
13982 0.9469426390308997 1398.2
13983 0.9469587564779547 1398.3
13984 0.9469749286418101 1398.4
13985 0.9469911435648218 1398.5
13986 0.947007439527335 1398.6
13987 0.9470236983112016 1398.7
13988 0.9470392876051651 1398.8
13989 0.9470549214059525 1398.9
13990 0.9470705868390391 1399
13991 0.9470862765740697 1399.1
13992 0.9471019840384061 1399.2
13993 0.9471177032390132 1399.3
13994 0.94713342982622 1399.4
13995 0.9471491622221732 1399.5
13996 0.9471648026173258 1399.6
13997 0.9471804189104047 1399.7
13998 0.9471959357061407 1399.8
13999 0.9472114958157553 1399.9
14000 0.947227112071957 1400
14001 0.9472427880437687 1400.1
14002 0.9472585319321699 1400.2
14003 0.9472743526093272 1400.3
14004 0.9472902592750778 1400.4
14005 0.9473062613164027 1400.5
14006 0.9473223661281673 1400.6
14007 0.9473385799067915 1400.7
14008 0.9473549074898923 1400.8
14009 0.9473713526602096 1400.9
14010 0.9473879186089716 1401
14011 0.9474037619106673 1401.1
14012 0.9474193329700635 1401.2
14013 0.9474350230291588 1401.3
14014 0.9474508239797037 1401.4
14015 0.9474667322823388 1401.5
14016 0.9474827353067929 1401.6
14017 0.9474988269318999 1401.7
14018 0.9475149912753482 1401.8
14019 0.9475312656538416 1401.9
14020 0.9475476660173114 1402
14021 0.9475641979270158 1402.1
14022 0.9475808663297314 1402.2
14023 0.9475976460930423 1402.3
14024 0.9476137489898147 1402.4
14025 0.9476294686280046 1402.5
14026 0.9476453670515359 1402.6
14027 0.9476614260554141 1402.7
14028 0.9476776298472708 1402.8
14029 0.9476939648780478 1402.9
14030 0.9477104203157998 1403
14031 0.9477269866213943 1403.1
14032 0.9477436530830309 1403.2
14033 0.9477604089679666 1403.3
14034 0.9477772442592164 1403.4
14035 0.9477941482951561 1403.5
14036 0.9478109482137811 1403.6
14037 0.9478278039026696 1403.7
14038 0.9478446805749338 1403.8
14039 0.9478615650966586 1403.9
14040 0.9478784899504984 1404
14041 0.9478954559283687 1404.1
14042 0.9479111567356746 1404.2
14043 0.9479269885672374 1404.3
14044 0.9479429365085664 1404.4
14045 0.9479589837910355 1404.5
14046 0.9479751161912144 1404.6
14047 0.9479913140374858 1404.7
14048 0.9480074923074031 1404.8
14049 0.9480237241342611 1404.9
14050 0.9480400026964796 1405
14051 0.9480560311222638 1405.1
14052 0.9480720239727984 1405.2
14053 0.9480880721108051 1405.3
14054 0.9481041672137793 1405.4
14055 0.9481202978739101 1405.5
14056 0.9481364510266733 1405.6
14057 0.9481526128853032 1405.7
14058 0.9481687696520948 1405.8
14059 0.9481849082333702 1405.9
14060 0.948201016996067 1406
14061 0.9482170890358039 1406.1
14062 0.9482331178778434 1406.2
14063 0.948249097082671 1406.3
14064 0.9482650223268465 1406.4
14065 0.9482808888997436 1406.5
14066 0.9482958932894455 1406.6
14067 0.9483105645207226 1406.7
14068 0.9483252771383498 1406.8
14069 0.9483400218773841 1406.9
14070 0.948354790189238 1407
14071 0.9483695601577928 1407.1
14072 0.9483842612144896 1407.2
14073 0.948398968111858 1407.3
14074 0.9484136765142336 1407.4
14075 0.9484282878055771 1407.5
14076 0.9484428623903982 1407.6
14077 0.9484574368762141 1407.7
14078 0.9484713851334432 1407.8
14079 0.9484850143317908 1407.9
14080 0.9484987324502394 1408
14081 0.9485125340957246 1408.1
14082 0.9485264128457951 1408.2
14083 0.9485403625503281 1408.3
14084 0.9485543776272154 1408.4
14085 0.9485684538485101 1408.5
14086 0.9485825869783368 1408.6
14087 0.9485967715526209 1408.7
14088 0.9486097167703834 1408.8
14089 0.9486225829532655 1408.9
14090 0.9486355514338145 1409
14091 0.9486486132311769 1409.1
14092 0.9486617584641782 1409.2
14093 0.9486749766438525 1409.3
14094 0.9486882569408074 1409.4
14095 0.9487013519987719 1409.5
14096 0.9487144633340525 1409.6
14097 0.9487276268796577 1409.7
14098 0.9487408386867652 1409.8
14099 0.9487540921271355 1409.9
14100 0.9487673819238227 1410
14101 0.948780704661804 1410.1
14102 0.9487933050415288 1410.2
14103 0.9488056769311465 1410.3
14104 0.9488180861462606 1410.4
14105 0.9488305914430523 1410.5
14106 0.9488431388237688 1410.6
14107 0.9488557828480678 1410.7
14108 0.9488685149717347 1410.8
14109 0.9488813264967679 1410.9
14110 0.9488942120004665 1411
14111 0.9489071672407691 1411.1
14112 0.9489201886776263 1411.2
14113 0.9489332731904089 1411.3
14114 0.9489464177995361 1411.4
14115 0.9489595904541882 1411.5
14116 0.9489728019493286 1411.6
14117 0.9489860658216229 1411.7
14118 0.9489993766898103 1411.8
14119 0.9490127279240231 1411.9
14120 0.9490261169779507 1412
14121 0.9490395369954322 1412.1
14122 0.9490529752513305 1412.2
14123 0.9490664232227612 1412.3
14124 0.9490798698180164 1412.4
14125 0.9490933102756707 1412.5
14126 0.9491067435831703 1412.6
14127 0.9491201678044705 1412.7
14128 0.9491335824900863 1412.8
14129 0.9491469880511771 1412.9
14130 0.9491603802644041 1413
14131 0.9491737616219449 1413.1
14132 0.9491871384864623 1413.2
14133 0.9492005182911484 1413.3
14134 0.9492139094090415 1413.4
14135 0.9492273208690331 1413.5
14136 0.9492407619280094 1413.6
14137 0.9492542404771851 1413.7
14138 0.9492677622838119 1413.8
14139 0.9492813339967848 1413.9
14140 0.949294961383648 1414
14141 0.9493086459276692 1414.1
14142 0.9493223850377887 1414.2
14143 0.9493361811661188 1414.3
14144 0.9493500316011975 1414.4
14145 0.9493639305584903 1414.5
14146 0.9493778727487976 1414.6
14147 0.9493918530837691 1414.7
14148 0.9494058581040263 1414.8
14149 0.949419873106677 1414.9
14150 0.9494338426155104 1415
14151 0.9494477656000359 1415.1
14152 0.9494616539315296 1415.2
14153 0.9494754972004168 1415.3
14154 0.9494892876614475 1415.4
14155 0.9495030200034025 1415.5
14156 0.9495160041213992 1415.6
14157 0.9495287004348053 1415.7
14158 0.9495414137136461 1415.8
14159 0.9495541418716041 1415.9
14160 0.949566882412111 1416
14161 0.9495796358380711 1416.1
14162 0.9495924003826681 1416.2
14163 0.9496051742849282 1416.3
14164 0.9496173258036453 1416.4
14165 0.9496295070297019 1416.5
14166 0.949641751535494 1416.6
14167 0.9496540563138832 1416.7
14168 0.9496664184255779 1416.8
14169 0.9496788348878681 1416.9
14170 0.9496913026342944 1417
14171 0.9497036780650967 1417.1
14172 0.9497160516430498 1417.2
14173 0.9497284694185439 1417.3
14174 0.9497409287899522 1417.4
14175 0.9497534272129092 1417.5
14176 0.9497659623259036 1417.6
14177 0.9497785320304362 1417.7
14178 0.9497911345368525 1417.8
14179 0.9498034904983184 1417.9
14180 0.9498158537286023 1418
14181 0.9498282729680178 1418.1
14182 0.9498407450328469 1418.2
14183 0.9498532670425646 1418.3
14184 0.9498658364922418 1418.4
14185 0.9498784513603377 1418.5
14186 0.9498911101440257 1418.6
14187 0.9499038118593689 1418.7
14188 0.9499164920187142 1418.8
14189 0.9499290802595418 1418.9
14190 0.9499417410257777 1419
14191 0.9499544745081286 1419.1
14192 0.9499672800486774 1419.2
14193 0.9499801108932233 1419.3
14194 0.9499930125508645 1419.4
14195 0.9500059840680092 1419.5
14196 0.9500190251636647 1419.6
14197 0.9500321355565956 1419.7
14198 0.9500453148133375 1419.8
14199 0.9500583667133684 1419.9
14200 0.9500714908140365 1420
14201 0.9500846960088853 1420.1
14202 0.9500979791209142 1420.2
14203 0.9501113361973665 1420.3
14204 0.9501247630186813 1420.4
14205 0.9501380209874831 1420.5
14206 0.9501512195898105 1420.6
14207 0.9501644838971247 1420.7
14208 0.9501778170191246 1420.8
14209 0.9501910535893296 1420.9
14210 0.9502043661013644 1421
14211 0.9502177585847902 1421.1
14212 0.9502312293175178 1421.2
14213 0.9502447754249953 1421.3
14214 0.9502583889188946 1421.4
14215 0.9502720565591042 1421.5
14216 0.9502856789944759 1421.6
14217 0.9502990981838593 1421.7
14218 0.9503125304772805 1421.8
14219 0.9503259771729071 1421.9
14220 0.9503394388029721 1422
14221 0.9503529150161034 1422.1
14222 0.9503664044799265 1422.2
14223 0.9503799054256971 1422.3
14224 0.9503934179125697 1422.4
14225 0.9504069392787033 1422.5
14226 0.9504204669962933 1422.6
14227 0.9504339990807081 1422.7
14228 0.9504475266353344 1422.8
14229 0.9504610539171096 1422.9
14230 0.9504742134402415 1423
14231 0.9504867312265891 1423.1
14232 0.9504993345429079 1423.2
14233 0.950512020460647 1423.3
14234 0.9505247837204608 1423.4
14235 0.9505376178435063 1423.5
14236 0.9505505057462362 1423.6
14237 0.9505634366373517 1423.7
14238 0.9505764043218237 1423.8
14239 0.9505894024531027 1423.9
14240 0.950602425481221 1424
14241 0.9506154635458812 1424.1
14242 0.9506283445851599 1424.2
14243 0.9506412475389874 1424.3
14244 0.9506533863937268 1424.4
14245 0.9506654708878125 1424.5
14246 0.9506776481762937 1424.6
14247 0.9506899018195377 1424.7
14248 0.9507022137688821 1424.8
14249 0.9507145857540151 1424.9
14250 0.9507270421212116 1425
14251 0.9507395804976936 1425.1
14252 0.9507521980176525 1425.2
14253 0.950764891051087 1425.3
14254 0.9507776625783042 1425.4
14255 0.9507905079901484 1425.5
14256 0.9508034235056421 1425.6
14257 0.95081641208534 1425.7
14258 0.9508294700900531 1425.8
14259 0.9508425917259923 1425.9
14260 0.9508557712841883 1426
14261 0.9508690032813496 1426.1
14262 0.9508822824852542 1426.2
14263 0.9508956038613217 1426.3
14264 0.950908962647353 1426.4
14265 0.9509223545622524 1426.5
14266 0.9509357110387432 1426.6
14267 0.9509490968067084 1426.7
14268 0.9509625110549714 1426.8
14269 0.9509759513176024 1426.9
14270 0.9509894156477382 1427
14271 0.9510029026041708 1427.1
14272 0.9510164112277892 1427.2
14273 0.9510299410345099 1427.3
14274 0.9510434920067832 1427.4
14275 0.9510570645507124 1427.5
14276 0.9510705161300702 1427.6
14277 0.9510837166740138 1427.7
14278 0.9510969820445309 1427.8
14279 0.9511103139414477 1427.9
14280 0.9511237117735639 1428
14281 0.9511371738559231 1428.1
14282 0.9511506981263 1428.2
14283 0.9511642825728708 1428.3
14284 0.9511779254911006 1428.4
14285 0.9511916256736473 1428.5
14286 0.9512053823661595 1428.6
14287 0.9512191952853808 1428.7
14288 0.9512330647049811 1428.8
14289 0.9512469915344413 1428.9
14290 0.9512609774915048 1429
14291 0.9512750251214136 1429.1
14292 0.9512891376763249 1429.2
14293 0.9513033189755222 1429.3
14294 0.9513175736200786 1429.4
14295 0.9513319068590017 1429.5
14296 0.9513463243555359 1429.6
14297 0.9513607950070662 1429.7
14298 0.9513753578043972 1429.8
14299 0.9513900217616651 1429.9
14300 0.9514046851425799 1430
14301 0.95141856853113 1430.1
14302 0.951432647357605 1430.2
14303 0.9514469120100151 1430.3
14304 0.9514613473117648 1430.4
14305 0.9514759354321342 1430.5
14306 0.9514906586664686 1430.6
14307 0.9515055004660831 1430.7
14308 0.9515204489557612 1430.8
14309 0.9515354915865677 1430.9
14310 0.9515496521263258 1431
14311 0.9515634600621898 1431.1
14312 0.9515768867554609 1431.2
14313 0.9515896891412153 1431.3
14314 0.951602282779186 1431.4
14315 0.95161499675044 1431.5
14316 0.9516278509720211 1431.6
14317 0.9516408363647965 1431.7
14318 0.9516539440364711 1431.8
14319 0.9516671656585556 1431.9
14320 0.9516804935569256 1432
14321 0.9516939206296938 1432.1
14322 0.951707440870819 1432.2
14323 0.9517210495356313 1432.3
14324 0.9517345939019093 1432.4
14325 0.9517479297443793 1432.5
14326 0.9517613746933309 1432.6
14327 0.9517749272457542 1432.7
14328 0.9517885860807784 1432.8
14329 0.9518023502790146 1432.9
14330 0.951816219480483 1433
14331 0.9518301900475427 1433.1
14332 0.9518442095561128 1433.2
14333 0.951858334103488 1433.3
14334 0.9518724872320617 1433.4
14335 0.9518866766926154 1433.5
14336 0.9519009416424681 1433.6
14337 0.9519153003584335 1433.7
14338 0.9519297488417822 1433.8
14339 0.9519442817333376 1433.9
14340 0.9519588004853725 1434
14341 0.9519732168802455 1434.1
14342 0.9519876969983936 1434.2
14343 0.9520020870937785 1434.3
14344 0.9520165602696716 1434.4
14345 0.9520311078280745 1434.5
14346 0.9520457229348669 1434.6
14347 0.9520596503074173 1434.7
14348 0.9520732117103715 1434.8
14349 0.9520868942715182 1434.9
14350 0.952100691082024 1435
14351 0.9521145975436841 1435.1
14352 0.9521286103407043 1435.2
14353 0.9521427273615374 1435.3
14354 0.9521569474018955 1435.4
14355 0.9521712699603569 1435.5
14356 0.9521856945176644 1435.6
14357 0.9522002199103141 1435.7
14358 0.9522148444857237 1435.8
14359 0.9522295657158901 1435.9
14360 0.9522443796451788 1436
14361 0.9522592802095433 1436.1
14362 0.9522742585137874 1436.2
14363 0.9522893035987332 1436.3
14364 0.9523044019135298 1436.4
14365 0.952319537292915 1436.5
14366 0.9523346913010703 1436.6
14367 0.952349843930702 1436.7
14368 0.9523649275993209 1436.8
14369 0.9523799641313044 1436.9
14370 0.9523949401538916 1437
14371 0.9524098385768497 1437.1
14372 0.9524246367084923 1437.2
14373 0.9524393274107437 1437.3
14374 0.9524539185629424 1437.4
14375 0.9524684073439441 1437.5
14376 0.9524827943638168 1437.6
14377 0.9524966931352522 1437.7
14378 0.952509810917992 1437.8
14379 0.9525229421528444 1437.9
14380 0.9525360840277088 1438
14381 0.9525492173578634 1438.1
14382 0.9525623597493527 1438.2
14383 0.9525755135845396 1438.3
14384 0.9525886814991062 1438.4
14385 0.9526018660902882 1438.5
14386 0.9526150699204735 1438.6
14387 0.9526282955036643 1438.7
14388 0.9526415452825364 1438.8
14389 0.9526547270847516 1438.9
14390 0.9526678617081089 1439
14391 0.9526810441253044 1439.1
14392 0.952694274920133 1439.2
14393 0.9527075549503333 1439.3
14394 0.9527208855032767 1439.4
14395 0.9527342682791912 1439.5
14396 0.9527477052930196 1439.6
14397 0.9527611989093454 1439.7
14398 0.9527747513513944 1439.8
14399 0.9527883641221611 1439.9
14400 0.9528020377326212 1440
14401 0.9528157713795063 1440.1
14402 0.952829562677258 1440.2
14403 0.9528434074965394 1440.3
14404 0.9528566830394312 1440.4
14405 0.9528700473692714 1440.5
14406 0.9528835082173722 1440.6
14407 0.9528970532142153 1440.7
14408 0.9529106693287742 1440.8
14409 0.9529243438859628 1440.9
14410 0.9529380646889113 1441
14411 0.9529518204447017 1441.1
14412 0.9529656022282633 1441.2
14413 0.9529794042942071 1441.3
14414 0.9529932194666382 1441.4
14415 0.9530065714446186 1441.5
14416 0.953019330302953 1441.6
14417 0.9530321493752681 1441.7
14418 0.9530450556671448 1441.8
14419 0.9530580442093346 1441.9
14420 0.9530711090179089 1442
14421 0.9530842450818814 1442.1
14422 0.9530974484730298 1442.2
14423 0.953110716359417 1442.3
14424 0.9531240429534682 1442.4
14425 0.9531374249794544 1442.5
14426 0.953150860506357 1442.6
14427 0.9531643479576682 1442.7
14428 0.9531777253766344 1442.8
14429 0.9531911617807031 1442.9
14430 0.9532046758081124 1443
14431 0.9532182640483678 1443.1
14432 0.9532319223595027 1443.2
14433 0.9532456458139499 1443.3
14434 0.9532594287307232 1443.4
14435 0.9532731476750088 1443.5
14436 0.9532868510070047 1443.6
14437 0.9533006145091378 1443.7
14438 0.9533144376181145 1443.8
14439 0.9533283193490182 1443.9
14440 0.953342258227696 1444
14441 0.9533562519480632 1444.1
14442 0.9533701865508019 1444.2
14443 0.9533841351980954 1444.3
14444 0.9533981194926543 1444.4
14445 0.9534121380006596 1444.5
14446 0.9534261893877867 1444.6
14447 0.9534402727264881 1444.7
14448 0.9534543877764199 1444.8
14449 0.9534681694054216 1444.9
14450 0.9534819640638075 1445
14451 0.9534957854999008 1445.1
14452 0.953509644189848 1445.2
14453 0.9535235499499869 1445.3
14454 0.9535375119098332 1445.4
14455 0.9535515386663294 1445.5
14456 0.9535656392211119 1445.6
14457 0.9535798171836443 1445.7
14458 0.9535940727126928 1445.8
14459 0.9536084039093752 1445.9
14460 0.953622806155613 1446
14461 0.9536372718466815 1446.1
14462 0.9536517922871965 1446.2
14463 0.9536663550172706 1446.3
14464 0.9536809444331652 1446.4
14465 0.9536955450904696 1446.5
14466 0.9537101275876724 1446.6
14467 0.9537246952019761 1446.7
14468 0.9537392353672995 1446.8
14469 0.9537537378086581 1446.9
14470 0.9537681950257416 1447
14471 0.9537816463085683 1447.1
14472 0.9537950943268886 1447.2
14473 0.9538085703446861 1447.3
14474 0.953822073469318 1447.4
14475 0.9538356029603252 1447.5
14476 0.953849159196912 1447.6
14477 0.9538627429225239 1447.7
14478 0.9538763555319979 1447.8
14479 0.9538899990424969 1447.9
14480 0.9539036759114031 1448
14481 0.9539173767585674 1448.1
14482 0.9539311025582812 1448.2
14483 0.9539448581291359 1448.3
14484 0.9539586469312108 1448.4
14485 0.9539724710194701 1448.5
14486 0.9539863358791127 1448.6
14487 0.9540002424950461 1448.7
14488 0.9540141886392564 1448.8
14489 0.9540281705451881 1448.9
14490 0.954042183639275 1449
14491 0.9540562213211252 1449.1
14492 0.9540701011757176 1449.2
14493 0.9540837947898823 1449.3
14494 0.9540975150371858 1449.4
14495 0.9541112507374045 1449.5
14496 0.9541248897685501 1449.6
14497 0.9541384889606835 1449.7
14498 0.9541520839139037 1449.8
14499 0.9541650706353394 1449.9
14500 0.9541779074243799 1450
14501 0.9541907820333886 1450.1
14502 0.9542036834420491 1450.2
14503 0.9542166052339999 1450.3
14504 0.9542295442101194 1450.4
14505 0.9542424999289387 1450.5
14506 0.9542554723740291 1450.6
14507 0.9542683679678975 1450.7
14508 0.9542811852391334 1450.8
14509 0.9542938059699858 1450.9
14510 0.9543062717972463 1451
14511 0.9543188256668476 1451.1
14512 0.9543314630083233 1451.2
14513 0.9543441774192527 1451.3
14514 0.9543569621802845 1451.4
14515 0.9543698110533336 1451.5
14516 0.9543827184238949 1451.6
14517 0.954395679490148 1451.7
14518 0.9544086092983627 1451.8
14519 0.9544215385362915 1451.9
14520 0.954434520821574 1452
14521 0.9544475548330882 1452.1
14522 0.9544606399028389 1452.2
14523 0.9544737758003367 1452.3
14524 0.954486962453705 1452.4
14525 0.9545001996334912 1452.5
14526 0.9545134866068701 1452.6
14527 0.9545268218407417 1452.7
14528 0.954540202324354 1452.8
14529 0.9545536236731357 1452.9
14530 0.9545670801911252 1453
14531 0.9545798234582105 1453.1
14532 0.9545924068919578 1453.2
14533 0.9546050874296497 1453.3
14534 0.9546178492250649 1453.4
14535 0.9546306742644568 1453.5
14536 0.9546435465109862 1453.6
14537 0.9546564482749204 1453.7
14538 0.9546693620840948 1453.8
14539 0.9546822720973274 1453.9
14540 0.954694490306874 1454
14541 0.9547060062420369 1454.1
14542 0.9547175490150389 1454.2
14543 0.9547291118947623 1454.3
14544 0.9547406795125617 1454.4
14545 0.9547522513608953 1454.5
14546 0.9547638330462318 1454.6
14547 0.9547749402204936 1454.7
14548 0.9547857612036045 1454.8
14549 0.9547966686924712 1454.9
14550 0.9548076553241278 1455
14551 0.9548187107581866 1455.1
14552 0.9548298235699857 1455.2
14553 0.9548409773074336 1455.3
14554 0.9548521725104403 1455.4
14555 0.9548633993798779 1455.5
14556 0.9548746720544954 1455.6
14557 0.9548859863639982 1455.7
14558 0.954897338661654 1455.8
14559 0.9549087257680079 1455.9
14560 0.9549201449376479 1456
14561 0.9549315121001529 1456.1
14562 0.9549428715410156 1456.2
14563 0.9549540050930615 1456.3
14564 0.9549649971037889 1456.4
14565 0.9549760431326946 1456.5
14566 0.9549871413663529 1456.6
14567 0.9549982901443137 1456.7
14568 0.9550094879056904 1456.8
14569 0.9550207332275343 1456.9
14570 0.9550320248483606 1457
14571 0.9550433616746009 1457.1
14572 0.9550547427958792 1457.2
14573 0.9550661674963958 1457.3
14574 0.9550776352893372 1457.4
14575 0.9550891459371491 1457.5
14576 0.9551006994788935 1457.6
14577 0.9551122962597677 1457.7
14578 0.9551239369618179 1457.8
14579 0.9551356226365989 1457.9
14580 0.9551473547355792 1458
14581 0.9551591351389628 1458.1
14582 0.9551709661035106 1458.2
14583 0.9551828503383468 1458.3
14584 0.9551947870349722 1458.4
14585 0.9552066613456054 1458.5
14586 0.9552186076779862 1458.6
14587 0.9552306288447134 1458.7
14588 0.9552427304610235 1458.8
14589 0.9552549175575618 1458.9
14590 0.9552671904678525 1459
14591 0.9552795480542067 1459.1
14592 0.9552919848948002 1459.2
14593 0.9553045000458508 1459.3
14594 0.9553170901520062 1459.4
14595 0.9553297354873407 1459.5
14596 0.9553424314560413 1459.6
14597 0.9553551736172029 1459.7
14598 0.9553679580347813 1459.8
14599 0.9553807139417034 1459.9
14600 0.9553933050329493 1460
14601 0.9554053597303125 1460.1
14602 0.9554174810415178 1460.2
14603 0.9554296733618204 1460.3
14604 0.9554419293556434 1460.4
14605 0.9554542466308443 1460.5
14606 0.9554666287302017 1460.6
14607 0.9554790649590239 1460.7
14608 0.955491566299921 1460.8
14609 0.9555041365929476 1460.9
14610 0.9555167525414988 1461
14611 0.9555293624618452 1461.1
14612 0.9555420052560955 1461.2
14613 0.9555547504759986 1461.3
14614 0.9555675969034946 1461.4
14615 0.9555804886225902 1461.5
14616 0.955593360651762 1461.6
14617 0.9556062621811968 1461.7
14618 0.955619190082769 1461.8
14619 0.9556321431401749 1461.9
14620 0.9556451218755031 1462
14621 0.9556581283387795 1462.1
14622 0.9556711432908743 1462.2
14623 0.9556841981994283 1462.3
14624 0.955697298769189 1462.4
14625 0.9557104509264276 1462.5
14626 0.9557236601094784 1462.6
14627 0.9557369301237677 1462.7
14628 0.9557502642446709 1462.8
14629 0.9557636653846256 1462.9
14630 0.9557771353937773 1463
14631 0.9557906747036367 1463.1
14632 0.9558042059281826 1463.2
14633 0.9558177943424023 1463.3
14634 0.9558314372525827 1463.4
14635 0.9558451279791058 1463.5
14636 0.955858858878871 1463.6
14637 0.9558725604688946 1463.7
14638 0.9558861010005687 1463.8
14639 0.955899634505941 1463.9
14640 0.9559131734782185 1464
14641 0.955926716900278 1464.1
14642 0.9559402644266721 1464.2
14643 0.95595381655824 1464.3
14644 0.9559673747444409 1464.4
14645 0.9559809413451431 1464.5
14646 0.9559945195308082 1464.6
14647 0.9560081130873713 1464.7
14648 0.9560217266533939 1464.8
14649 0.9560353655339163 1464.9
14650 0.9560490354630111 1465
14651 0.9560625330159629 1465.1
14652 0.9560757441636721 1465.2
14653 0.9560887263471703 1465.3
14654 0.9561015924355288 1465.4
14655 0.9561146341402562 1465.5
14656 0.9561278467123887 1465.6
14657 0.9561412237131142 1465.7
14658 0.9561547567908005 1465.8
14659 0.9561684364213553 1465.9
14660 0.9561822519329098 1466
14661 0.9561961917905722 1466.1
14662 0.9562102304354821 1466.2
14663 0.9562243028642842 1466.3
14664 0.9562384598817552 1466.4
14665 0.9562526873958417 1466.5
14666 0.9562669744055234 1466.6
14667 0.9562813113030213 1466.7
14668 0.9562956224253033 1466.8
14669 0.9563089659414306 1466.9
14670 0.9563224114148487 1467
14671 0.9563359532639951 1467.1
14672 0.9563495826758983 1467.2
14673 0.9563631779409791 1467.3
14674 0.9563767630526824 1467.4
14675 0.9563904150865893 1467.5
14676 0.9564041299474947 1467.6
14677 0.9564179033720586 1467.7
14678 0.9564317307201073 1467.8
14679 0.9564456066441376 1467.9
14680 0.9564595253245486 1468
14681 0.956473480682669 1468.1
14682 0.9564874665042087 1468.2
14683 0.9565014764663663 1468.3
14684 0.9565155042372565 1468.4
14685 0.9565295435266526 1468.5
14686 0.9565435884653909 1468.6
14687 0.9565576337399452 1468.7
14688 0.9565716747454892 1468.8
14689 0.9565853566237059 1468.9
14690 0.9565986475603671 1469
14691 0.9566119424286008 1469.1
14692 0.9566252456305778 1469.2
14693 0.9566385002670781 1469.3
14694 0.956651751897633 1469.4
14695 0.9566650229378063 1469.5
14696 0.9566783189768111 1469.6
14697 0.9566916464614041 1469.7
14698 0.9567050121595665 1469.8
14699 0.9567184229457285 1469.9
14700 0.9567318862849394 1470
14701 0.9567454096885971 1470.1
14702 0.956759000353991 1470.2
14703 0.9567726646199979 1470.3
14704 0.9567864077943461 1470.4
14705 0.9568002334688466 1470.5
14706 0.9568141425007241 1470.6
14707 0.9568281328667378 1470.7
14708 0.9568421997242562 1470.8
14709 0.9568562945589366 1470.9
14710 0.9568703312678537 1471
14711 0.9568844355376656 1471.1
14712 0.9568985948716873 1471.2
14713 0.956912796363545 1471.3
14714 0.9569270274510174 1471.4
14715 0.9569412776703584 1471.5
14716 0.956955540622303 1471.6
14717 0.9569698072056899 1471.7
14718 0.9569840707436738 1471.8
14719 0.9569977465091521 1471.9
14720 0.9570109795290233 1472
14721 0.957024290127038 1472.1
14722 0.9570376726815112 1472.2
14723 0.9570511201496298 1472.3
14724 0.9570646253116327 1472.4
14725 0.9570781813562743 1472.5
14726 0.9570917821026586 1472.6
14727 0.9571054220784813 1472.7
14728 0.957119096538895 1472.8
14729 0.9571328014565331 1472.9
14730 0.9571465335041216 1473
14731 0.9571602900433971 1473.1
14732 0.9571740689839452 1473.2
14733 0.9571878688499534 1473.3
14734 0.9572016888824731 1473.4
14735 0.9572155291003607 1473.5
14736 0.9572293901551182 1473.6
14737 0.9572432736427503 1473.7
14738 0.9572571820106544 1473.8
14739 0.9572710965232697 1473.9
14740 0.9572850386713216 1474
14741 0.9572990191898665 1474.1
14742 0.9573128419792606 1474.2
14743 0.9573267223383332 1474.3
14744 0.9573406677451208 1474.4
14745 0.957354683291099 1474.5
14746 0.9573687745280677 1474.6
14747 0.9573829466464372 1474.7
14748 0.9573972044814302 1474.8
14749 0.9574115522736504 1474.9
14750 0.9574259935280992 1475
14751 0.9574401968994463 1475.1
14752 0.9574543197030769 1475.2
14753 0.9574685698084451 1475.3
14754 0.9574829464542759 1475.4
14755 0.9574974456230371 1475.5
14756 0.957512060542184 1475.6
14757 0.9575267830751237 1475.7
14758 0.9575416044204952 1475.8
14759 0.9575565150162282 1475.9
14760 0.9575715042265567 1476
14761 0.9575865596398471 1476.1
14762 0.9576016670718349 1476.2
14763 0.9576160440084768 1476.3
14764 0.9576304040595722 1476.4
14765 0.9576448170570611 1476.5
14766 0.9576592268125917 1476.6
14767 0.9576736637239426 1476.7
14768 0.9576881020703957 1476.8
14769 0.9577025222979552 1476.9
14770 0.9577169017047605 1477
14771 0.9577303786267679 1477.1
14772 0.9577437029415279 1477.2
14773 0.9577570235032595 1477.3
14774 0.9577702797157925 1477.4
14775 0.9577834900946121 1477.5
14776 0.957796647701484 1477.6
14777 0.9578097467515472 1477.7
14778 0.9578227833618574 1477.8
14779 0.9578352785569085 1477.9
14780 0.9578460256923337 1478
14781 0.9578568581984833 1478.1
14782 0.9578677698887985 1478.2
14783 0.9578787540153665 1478.3
14784 0.9578898040466827 1478.4
14785 0.9579009139627147 1478.5
14786 0.9579120783174209 1478.6
14787 0.9579232925670814 1478.7
14788 0.9579345525378643 1478.8
14789 0.957945854174044 1478.9
14790 0.957957193709326 1479
14791 0.9579685677279842 1479.1
14792 0.9579799731572742 1479.2
14793 0.9579914072494565 1479.3
14794 0.9580028675398995 1479.4
14795 0.9580143518120694 1479.5
14796 0.958025804096106 1479.6
14797 0.9580372121763315 1479.7
14798 0.9580486429677332 1479.8
14799 0.9580600942505177 1479.9
14800 0.9580715640107452 1480
14801 0.9580827929267947 1480.1
14802 0.9580940074275353 1480.2
14803 0.9581052591238762 1480.3
14804 0.9581165444395 1480.4
14805 0.9581278598667315 1480.5
14806 0.9581392021512204 1480.6
14807 0.9581505683778663 1480.7
14808 0.9581619559940817 1480.8
14809 0.9581733628266489 1480.9
14810 0.9581847164690944 1481
14811 0.9581956788214729 1481.1
14812 0.9582066905778766 1481.2
14813 0.9582177011511172 1481.3
14814 0.9582284886378261 1481.4
14815 0.958239338989589 1481.5
14816 0.9582502496909057 1481.6
14817 0.9582612179909928 1481.7
14818 0.9582722411232846 1481.8
14819 0.9582833164811656 1481.9
14820 0.9582944417313322 1482
14821 0.9583055263379284 1482.1
14822 0.9583166446741478 1482.2
14823 0.9583278129116831 1482.3
14824 0.958339029522766 1482.4
14825 0.9583502933961674 1482.5
14826 0.9583616039238111 1482.6
14827 0.9583729610328962 1482.7
14828 0.9583843426877058 1482.8
14829 0.9583955314168587 1482.9
14830 0.9584067956669998 1483
14831 0.9584181366438003 1483.1
14832 0.9584295557547424 1483.2
14833 0.9584410546887826 1483.3
14834 0.9584526354212023 1483.4
14835 0.9584643001419003 1483.5
14836 0.9584760511554645 1483.6
14837 0.9584878907133397 1483.7
14838 0.9584998207631028 1483.8
14839 0.9585118430751344 1483.9
14840 0.9585239584986117 1484
14841 0.9585360873831155 1484.1
14842 0.9585482955963055 1484.2
14843 0.9585605997778534 1484.3
14844 0.9585729955361023 1484.4
14845 0.9585854773268513 1484.5
14846 0.9585980386605695 1484.6
14847 0.9586106474157563 1484.7
14848 0.9586232739880093 1484.8
14849 0.9586359546140824 1484.9
14850 0.9586486792161661 1485
14851 0.9586614527227362 1485.1
14852 0.9586742697869678 1485.2
14853 0.9586871244653995 1485.3
14854 0.9587000118342457 1485.4
14855 0.9587122636545874 1485.5
14856 0.9587241436390891 1485.6
14857 0.9587360888356299 1485.7
14858 0.9587480967268547 1485.8
14859 0.9587601612748706 1485.9
14860 0.9587721030103393 1486
14861 0.9587840662943263 1486.1
14862 0.9587960868351267 1486.2
14863 0.9588081664525456 1486.3
14864 0.9588203067134752 1486.4
14865 0.9588324927338694 1486.5
14866 0.9588447174581575 1486.6
14867 0.9588569982343688 1486.7
14868 0.9588693514057882 1486.8
14869 0.9588817796375771 1486.9
14870 0.9588942842974268 1487
14871 0.9589068652431535 1487.1
14872 0.9589195205775632 1487.2
14873 0.9589321253813197 1487.3
14874 0.9589444630492354 1487.4
14875 0.9589568045240977 1487.5
14876 0.9589691510897523 1487.6
14877 0.9589814879990113 1487.7
14878 0.9589938141941464 1487.8
14879 0.9590061205284858 1487.9
14880 0.9590184130723116 1488
14881 0.9590306953703742 1488.1
14882 0.9590429690270786 1488.2
14883 0.9590552351422084 1488.3
14884 0.9590674880092178 1488.4
14885 0.959079710152504 1488.5
14886 0.9590918986275182 1488.6
14887 0.9591032031884548 1488.7
14888 0.9591145501676323 1488.8
14889 0.9591259434907029 1488.9
14890 0.9591373834877656 1489
14891 0.959148868155664 1489.1
14892 0.9591603960895583 1489.2
14893 0.9591719657935878 1489.3
14894 0.9591835901429778 1489.4
14895 0.9591952660660795 1489.5
14896 0.9592069896473906 1489.6
14897 0.9592187572971927 1489.7
14898 0.9592305659779984 1489.8
14899 0.9592424127685255 1489.9
14900 0.9592542953242792 1490
14901 0.9592662120319569 1490.1
14902 0.9592781619085533 1490.2
14903 0.9592901444969351 1490.3
14904 0.959302159808005 1490.4
14905 0.9593142082489705 1490.5
14906 0.9593262905806368 1490.6
14907 0.9593384078934731 1490.7
14908 0.9593505615991738 1490.8
14909 0.9593627534310856 1490.9
14910 0.9593749854562827 1491
14911 0.9593872601229569 1491.1
14912 0.9593995803314482 1491.2
14913 0.9594119389812514 1491.3
14914 0.959424332783638 1491.4
14915 0.959436778699541 1491.5
14916 0.9594492802674471 1491.6
14917 0.9594618412514365 1491.7
14918 0.959474465584264 1491.8
14919 0.959487157294028 1491.9
14920 0.9594999204168283 1492
14921 0.9595127589056243 1492.1
14922 0.9595256765375528 1492.2
14923 0.9595386768284323 1492.3
14924 0.9595517629625816 1492.4
14925 0.9595648637758424 1492.5
14926 0.9595780424048803 1492.6
14927 0.9595913187923465 1492.7
14928 0.9596046833470191 1492.8
14929 0.959618079536937 1492.9
14930 0.959631567407887 1493
14931 0.9596451464912329 1493.1
14932 0.959658815547962 1493.2
14933 0.9596725725252158 1493.3
14934 0.9596864144584504 1493.4
14935 0.9597003374680066 1493.5
14936 0.9597143360494091 1493.6
14937 0.9597284037346667 1493.7
14938 0.9597425332848495 1493.8
14939 0.9597567166240245 1493.9
14940 0.95977064704489 1494
14941 0.9597844345955338 1494.1
14942 0.9597980797618499 1494.2
14943 0.9598117520486001 1494.3
14944 0.9598254483720614 1494.4
14945 0.9598391643988529 1494.5
14946 0.9598528048122384 1494.6
14947 0.95986643879045 1494.7
14948 0.9598800691327977 1494.8
14949 0.9598936645366142 1494.9
14950 0.9599072631647159 1495
14951 0.9599208655470931 1495.1
14952 0.9599344732249152 1495.2
14953 0.9599480892829482 1495.3
14954 0.9599617167354145 1495.4
14955 0.9599752315566791 1495.5
14956 0.9599880506534504 1495.6
14957 0.9600009334658092 1495.7
14958 0.960013913237805 1495.8
14959 0.9600269902788505 1495.9
14960 0.9600401643429221 1496
14961 0.9600534351464726 1496.1
14962 0.9600668025842427 1496.2
14963 0.9600802670272311 1496.3
14964 0.9600938285393827 1496.4
14965 0.9601074867018502 1496.5
14966 0.9601212401574434 1496.6
14967 0.9601350861277065 1496.7
14968 0.9601490202950659 1496.8
14969 0.9601630364306438 1496.9
14970 0.960177119834664 1497
14971 0.9601911670690479 1497.1
14972 0.9602052721829638 1497.2
14973 0.9602194219860495 1497.3
14974 0.9602336024930014 1497.4
14975 0.9602477996639238 1497.5
14976 0.9602619997084 1497.6
14977 0.9602761898204961 1497.7
14978 0.9602903571340063 1497.8
14979 0.9603044679337904 1497.9
14980 0.9603181827348158 1498
14981 0.9603318755568359 1498.1
14982 0.9603449817869334 1498.2
14983 0.9603577149653912 1498.3
14984 0.9603704963667086 1498.4
14985 0.960383320108933 1498.5
14986 0.9603961793147781 1498.6
14987 0.9604090673600403 1498.7
14988 0.960421978319275 1498.8
14989 0.9604349071650322 1498.9
14990 0.9604478498386126 1499
14991 0.9604608031059095 1499.1
14992 0.9604737644083876 1499.2
14993 0.9604867317234292 1499.3
14994 0.9604997034406909 1499.4
14995 0.9605126782163436 1499.5
14996 0.9605256547904888 1499.6
14997 0.9605386321905337 1499.7
14998 0.9605515911300907 1499.8
14999 0.9605644335073203 1499.9
15000 0.9605768409865216 1500
15001 0.9605891366865061 1500.1
15002 0.9606014914942712 1500.2
15003 0.9606139022914721 1500.3
15004 0.9606263644353153 1500.4
15005 0.9606388726828763 1500.5
15006 0.9606514217312638 1500.6
15007 0.9606640067465335 1500.7
15008 0.960676623684706 1500.8
15009 0.9606892694609989 1500.9
15010 0.9607019419160883 1501
15011 0.960714639785575 1501.1
15012 0.9607273626581477 1501.2
15013 0.9607399286892725 1501.3
15014 0.9607524811422652 1501.4
15015 0.9607650726775918 1501.5
15016 0.9607777035240287 1501.6
15017 0.9607903738704092 1501.7
15018 0.9608030838948354 1501.8
15019 0.9608158335422412 1501.9
15020 0.9608277764561743 1502
15021 0.9608397595829178 1502.1
15022 0.9608518509511732 1502.2
15023 0.9608640409549729 1502.3
15024 0.9608763183928378 1502.4
15025 0.9608886719827733 1502.5
15026 0.9609010900228351 1502.6
15027 0.9609135205819693 1502.7
15028 0.9609259247140797 1502.8
15029 0.9609371134396844 1502.9
15030 0.9609483636615486 1503
15031 0.9609596815175724 1503.1
15032 0.9609710142289938 1503.2
15033 0.9609820502040569 1503.3
15034 0.9609925293634467 1503.4
15035 0.9610031150995633 1503.5
15036 0.9610138098910729 1503.6
15037 0.9610246142218752 1503.7
15038 0.9610355273626698 1503.8
15039 0.9610465488573098 1503.9
15040 0.9610576797779364 1504
15041 0.9610689219814237 1504.1
15042 0.9610802780639668 1504.2
15043 0.9610917504768348 1504.3
15044 0.9611033410854977 1504.4
15045 0.9611150512132375 1504.5
15046 0.961126881424316 1504.6
15047 0.9611388310259132 1504.7
15048 0.9611508976176761 1504.8
15049 0.9611630775874354 1504.9
15050 0.9611753660584705 1505
15051 0.9611877572372333 1505.1
15052 0.9612002444830151 1505.2
15053 0.9612128204155771 1505.3
15054 0.9612253871874018 1505.4
15055 0.9612379314490702 1505.5
15056 0.9612505613468372 1505.6
15057 0.9612632666243013 1505.7
15058 0.9612760357727377 1505.8
15059 0.9612888577542372 1505.9
15060 0.9613016120007676 1506
15061 0.9613142769736432 1506.1
15062 0.961326955518518 1506.2
15063 0.9613396307927163 1506.3
15064 0.9613517909308492 1506.4
15065 0.9613634877999506 1506.5
15066 0.9613752565975642 1506.6
15067 0.9613870903837233 1506.7
15068 0.9613989788084059 1506.8
15069 0.9614109113018551 1506.9
15070 0.9614228781500122 1507
15071 0.961434870412562 1507.1
15072 0.9614468795974128 1507.2
15073 0.9614588493278892 1507.3
15074 0.9614703680184802 1507.4
15075 0.9614819223724083 1507.5
15076 0.9614934999833306 1507.6
15077 0.9615051040469226 1507.7
15078 0.9615167289913999 1507.8
15079 0.9615283699666783 1507.9
15080 0.9615400227783739 1508
15081 0.9615516838384367 1508.1
15082 0.9615633501135086 1508.2
15083 0.9615749900198637 1508.3
15084 0.9615866158215062 1508.4
15085 0.9615982459989484 1508.5
15086 0.9616098787015522 1508.6
15087 0.9616215124517913 1508.7
15088 0.9616331461337198 1508.8
15089 0.9616447789578861 1508.9
15090 0.9616564104311426 1509
15091 0.9616680403232687 1509.1
15092 0.9616796575037552 1509.2
15093 0.9616907743630871 1509.3
15094 0.9617019397036309 1509.4
15095 0.9617131497767878 1509.5
15096 0.9617243832053394 1509.6
15097 0.961735386799611 1509.7
15098 0.9617464493695999 1509.8
15099 0.9617575671472004 1509.9
15100 0.9617687368640926 1510
15101 0.9617799558177658 1510.1
15102 0.9617912219020479 1510.2
15103 0.961802271494663 1510.3
15104 0.9618132941265923 1510.4
15105 0.9618243797938184 1510.5
15106 0.9618355272679499 1510.6
15107 0.9618467354674134 1510.7
15108 0.9618580036502931 1510.8
15109 0.9618693314727632 1510.9
15110 0.9618807189423643 1511
15111 0.961892166344769 1511.1
15112 0.9619036743274582 1511.2
15113 0.9619152437491945 1511.3
15114 0.961926875522 1511.4
15115 0.9619385704442137 1511.5
15116 0.9619503290370518 1511.6
15117 0.9619621513510868 1511.7
15118 0.9619740361960869 1511.8
15119 0.9619857577597329 1511.9
15120 0.961997542069539 1512
15121 0.9620093740854392 1512.1
15122 0.962021181774788 1512.2
15123 0.9620330716265596 1512.3
15124 0.9620450464391307 1512.4
15125 0.9620571083325038 1512.5
15126 0.9620691868893847 1512.6
15127 0.9620812238072253 1512.7
15128 0.9620933381610111 1512.8
15129 0.962105531310518 1512.9
15130 0.9621178038190424 1513
15131 0.9621301553932886 1513.1
15132 0.9621425333121972 1513.2
15133 0.9621549401300544 1513.3
15134 0.962167424611007 1513.4
15135 0.9621799804808743 1513.5
15136 0.962192511943651 1513.6
15137 0.9622047004490227 1513.7
15138 0.9622169261339822 1513.8
15139 0.9622291846816007 1513.9
15140 0.9622414691543951 1514
15141 0.9622537706125497 1514.1
15142 0.9622660807504899 1514.2
15143 0.9622783946844761 1514.3
15144 0.9622907043031913 1514.4
15145 0.9623030035839327 1514.5
15146 0.9623152888792437 1514.6
15147 0.9623275585831848 1514.7
15148 0.9623398128043841 1514.8
15149 0.9623520530632974 1514.9
15150 0.9623635713262305 1515
15151 0.9623750998301125 1515.1
15152 0.9623867033993467 1515.2
15153 0.9623983823707914 1515.3
15154 0.9624101358021371 1515.4
15155 0.9624219619481976 1515.5
15156 0.9624338584477504 1515.6
15157 0.9624458221906641 1515.7
15158 0.9624578491979484 1515.8
15159 0.9624699347392928 1515.9
15160 0.9624820734020958 1516
15161 0.9624942592279742 1516.1
15162 0.962506485895663 1516.2
15163 0.9625187475227822 1516.3
15164 0.9625310375038421 1516.4
15165 0.9625433494064228 1516.5
15166 0.9625556774173738 1516.6
15167 0.9625680143775001 1516.7
15168 0.962580313313016 1516.8
15169 0.9625926191926328 1516.9
15170 0.9626043828442385 1517
15171 0.9626159201288746 1517.1
15172 0.9626275150978683 1517.2
15173 0.9626391682090708 1517.3
15174 0.9626508783293706 1517.4
15175 0.9626626421196495 1517.5
15176 0.9626744571405965 1517.6
15177 0.962686296532437 1517.7
15178 0.9626981896570501 1517.8
15179 0.9627101358756133 1517.9
15180 0.9627221344117404 1518
15181 0.9627341842315189 1518.1
15182 0.9627462839503452 1518.2
15183 0.9627584315967385 1518.3
15184 0.9627706246792677 1518.4
15185 0.9627828604557055 1518.5
15186 0.9627951358330799 1518.6
15187 0.9628074473942413 1518.7
15188 0.9628197913122875 1518.8
15189 0.9628321635102596 1518.9
15190 0.9628445597740231 1519
15191 0.9628569758690194 1519.1
15192 0.962869407668676 1519.2
15193 0.9628818512630754 1519.3
15194 0.9628943030539091 1519.4
15195 0.9629067598785377 1519.5
15196 0.9629192191181042 1519.6
15197 0.9629316787183333 1519.7
15198 0.9629441372168251 1519.8
15199 0.9629565766037298 1519.9
15200 0.9629686794515986 1520
15201 0.9629806157018763 1520.1
15202 0.9629925884780893 1520.2
15203 0.9630046024531197 1520.3
15204 0.9630166606859288 1520.4
15205 0.9630287653579085 1520.5
15206 0.9630409139501068 1520.6
15207 0.9630530897003288 1520.7
15208 0.9630653125659264 1520.8
15209 0.9630775349356767 1520.9
15210 0.9630897795793687 1521
15211 0.9631020700471362 1521.1
15212 0.9631144081754219 1521.2
15213 0.9631267955895528 1521.3
15214 0.9631392339437681 1521.4
15215 0.9631517249249684 1521.5
15216 0.9631642702505147 1521.6
15217 0.963176871691653 1521.7
15218 0.9631895311130243 1521.8
15219 0.9632022504196581 1521.9
15220 0.9632150315919602 1522
15221 0.9632278767939475 1522.1
15222 0.9632407884141533 1522.2
15223 0.9632537690221554 1522.3
15224 0.9632668213645246 1522.4
15225 0.9632799483346861 1522.5
15226 0.9632931529211189 1522.6
15227 0.9633064381821878 1522.7
15228 0.9633198068475576 1522.8
15229 0.9633332609526136 1522.9
15230 0.9633468019475414 1523
15231 0.9633604304993832 1523.1
15232 0.9633741462120124 1523.2
15233 0.9633879473211346 1523.3
15234 0.9634018303809432 1523.4
15235 0.9634157903000894 1523.5
15236 0.9634298209187648 1523.6
15237 0.9634437676997173 1523.7
15238 0.9634576912624341 1523.8
15239 0.9634716478409321 1523.9
15240 0.9634856288682083 1524
15241 0.9634996256376795 1524.1
15242 0.9635136309644869 1524.2
15243 0.9635275394008185 1524.3
15244 0.9635413218213768 1524.4
15245 0.9635550817761395 1524.5
15246 0.9635688151200804 1524.6
15247 0.9635825185768906 1524.7
15248 0.9635961895079707 1524.8
15249 0.9636098257741491 1524.9
15250 0.9636234261565363 1525
15251 0.9636369894020668 1525.1
15252 0.9636502190840598 1525.2
15253 0.963662957137998 1525.3
15254 0.9636757330512026 1525.4
15255 0.9636885420877602 1525.5
15256 0.9637013786844566 1525.6
15257 0.9637142375300181 1525.7
15258 0.9637269160243578 1525.8
15259 0.963739375406849 1525.9
15260 0.963751854770075 1526
15261 0.963764350934181 1526.1
15262 0.9637765177551023 1526.2
15263 0.9637887094271326 1526.3
15264 0.963800946927878 1526.4
15265 0.9638132247947391 1526.5
15266 0.963825538031836 1526.6
15267 0.9638378826292817 1526.7
15268 0.9638502557718039 1526.8
15269 0.9638626558511972 1526.9
15270 0.9638750823461444 1527
15271 0.9638875359987215 1527.1
15272 0.9639000183500878 1527.2
15273 0.9639125314453274 1527.3
15274 0.9639250776374682 1527.4
15275 0.9639376591786085 1527.5
15276 0.9639502778170417 1527.6
15277 0.9639627756371288 1527.7
15278 0.9639746269642497 1527.8
15279 0.9639865847038431 1527.9
15280 0.9639986410017055 1528
15281 0.9640107843245687 1528.1
15282 0.9640227556399351 1528.2
15283 0.9640347339702556 1528.3
15284 0.9640467069116332 1528.4
15285 0.9640586023045791 1528.5
15286 0.9640705331155581 1528.6
15287 0.9640813737577777 1528.7
15288 0.9640922890387791 1528.8
15289 0.9641032660638262 1528.9
15290 0.9641142937520412 1529
15291 0.9641253649300749 1529.1
15292 0.9641364731267954 1529.2
15293 0.9641476127357056 1529.3
15294 0.9641582595719332 1529.4
15295 0.9641687243513484 1529.5
15296 0.9641792905001965 1529.6
15297 0.9641899559933262 1529.7
15298 0.9642007178006586 1529.8
15299 0.9642115720575508 1529.9
15300 0.9642225143678147 1530
15301 0.9642335080083719 1530.1
15302 0.9642445561336631 1530.2
15303 0.9642556775928275 1530.3
15304 0.964266654046288 1530.4
15305 0.9642776929086316 1530.5
15306 0.9642887961373817 1530.6
15307 0.9642999530217474 1530.7
15308 0.9643111187172233 1530.8
15309 0.9643222536173987 1530.9
15310 0.9643334124719233 1531
15311 0.9643445852336119 1531.1
15312 0.9643554636492246 1531.2
15313 0.9643659595980654 1531.3
15314 0.9643764599584926 1531.4
15315 0.9643869642220999 1531.5
15316 0.9643974709630103 1531.6
15317 0.9644079786891755 1531.7
15318 0.9644184856227206 1531.8
15319 0.9644289905670611 1531.9
15320 0.9644394936857826 1532
15321 0.964449938307448 1532.1
15322 0.9644603089511454 1532.2
15323 0.9644706931150915 1532.3
15324 0.964481091308319 1532.4
15325 0.9644915040041291 1532.5
15326 0.9645019316595675 1532.6
15327 0.9645123747118508 1532.7
15328 0.9645228331843158 1532.8
15329 0.9645333072011407 1532.9
15330 0.9645437970633756 1533
15331 0.964554303155399 1533.1
15332 0.9645648258932824 1533.2
15333 0.9645753657488774 1533.3
15334 0.9645859231478223 1533.4
15335 0.9645964985179556 1533.5
15336 0.9646070923246466 1533.6
15337 0.9646177050849264 1533.7
15338 0.9646282949070212 1533.8
15339 0.9646388332083651 1533.9
15340 0.9646493999917876 1534
15341 0.9646599955298401 1534.1
15342 0.9646706201180866 1534.2
15343 0.964681274148126 1534.3
15344 0.964691958154374 1534.4
15345 0.964702672843036 1534.5
15346 0.9647134191096107 1534.6
15347 0.9647241980517902 1534.7
15348 0.9647349543847871 1534.8
15349 0.9647457344018614 1534.9
15350 0.9647565542692358 1535
15351 0.9647674137585255 1535.1
15352 0.9647778368477627 1535.2
15353 0.9647883474021396 1535.3
15354 0.9647989379098937 1535.4
15355 0.9648095508841091 1535.5
15356 0.9648202411100703 1535.6
15357 0.9648310220647078 1535.7
15358 0.9648418919452344 1535.8
15359 0.9648528483683116 1535.9
15360 0.9648638882685582 1536
15361 0.9648750080293079 1536.1
15362 0.9648862035109022 1536.2
15363 0.9648974700400568 1536.3
15364 0.9649088027612381 1536.4
15365 0.9649201963721278 1536.5
15366 0.9649316450368258 1536.6
15367 0.9649431425361814 1536.7
15368 0.9649546824216101 1536.8
15369 0.9649662594548976 1536.9
15370 0.964977867319098 1537
15371 0.964989499262351 1537.1
15372 0.9650011491262473 1537.2
15373 0.9650127831922473 1537.3
15374 0.9650244157885175 1537.4
15375 0.9650360555828088 1537.5
15376 0.9650476998083378 1537.6
15377 0.9650593465935502 1537.7
15378 0.9650709949640157 1537.8
15379 0.9650826447912811 1537.9
15380 0.9650942967401266 1538
15381 0.9651059521945333 1538.1
15382 0.9651176131463141 1538.2
15383 0.9651291397665298 1538.3
15384 0.9651402146859344 1538.4
15385 0.9651513630662726 1538.5
15386 0.9651625848881397 1538.6
15387 0.9651738794073038 1538.7
15388 0.9651850704907868 1538.8
15389 0.9651962842274504 1538.9
15390 0.9652075693835033 1539
15391 0.9652189311405618 1539.1
15392 0.9652303238189724 1539.2
15393 0.9652418035258135 1539.3
15394 0.9652533771687354 1539.4
15395 0.9652650470773799 1539.5
15396 0.9652768140959684 1539.6
15397 0.9652886772400087 1539.7
15398 0.9653006333045984 1539.8
15399 0.9653126765389328 1539.9
15400 0.965324798488078 1540
15401 0.965336988457869 1540.1
15402 0.9653492337997615 1540.2
15403 0.9653615203299677 1540.3
15404 0.9653738328647422 1540.4
15405 0.9653861559386233 1540.5
15406 0.9653984743919386 1540.6
15407 0.9654107737380097 1540.7
15408 0.965423042749508 1540.8
15409 0.965435219143247 1540.9
15410 0.965446898218619 1541
15411 0.9654585296256925 1541.1
15412 0.9654700875353899 1541.2
15413 0.9654809194477526 1541.3
15414 0.9654916432535752 1541.4
15415 0.9655023849745458 1541.5
15416 0.9655131454652917 1541.6
15417 0.9655239245706888 1541.7
15418 0.9655347219070795 1541.8
15419 0.9655455371816509 1541.9
15420 0.9655563702740831 1542
15421 0.9655672212655394 1542.1
15422 0.9655780904343213 1542.2
15423 0.9655889783664029 1542.3
15424 0.9655998858267422 1542.4
15425 0.965610813603251 1542.5
15426 0.9656217625653284 1542.6
15427 0.9656327336898035 1542.7
15428 0.9656437280579141 1542.8
15429 0.9656547467876659 1542.9
15430 0.9656657911158508 1543
15431 0.9656768624697879 1543.1
15432 0.965687962497211 1543.2
15433 0.9656990930654723 1543.3
15434 0.9657102562282791 1543.4
15435 0.9657214542347258 1543.5
15436 0.9657326895525317 1543.6
15437 0.9657439648502909 1543.7
15438 0.9657552829887047 1543.8
15439 0.9657666469408683 1543.9
15440 0.965778059852308 1544
15441 0.965789525054681 1544.1
15442 0.9658010460442049 1544.2
15443 0.9658126264235274 1544.3
15444 0.965824270252255 1544.4
15445 0.9658359811005331 1544.5
15446 0.9658477621770494 1544.6
15447 0.9658596165307792 1544.7
15448 0.965871547041788 1544.8
15449 0.965883556344344 1544.9
15450 0.9658956467268708 1545
15451 0.9659078199831491 1545.1
15452 0.9659200773789832 1545.2
15453 0.9659324190739386 1545.3
15454 0.9659448442213587 1545.4
15455 0.965957350757449 1545.5
15456 0.9659699352122108 1545.6
15457 0.9659825561167664 1545.7
15458 0.965995234696653 1545.8
15459 0.96600796956695 1545.9
15460 0.9660207521087385 1546
15461 0.9660335728657358 1546.1
15462 0.9660464219363155 1546.2
15463 0.9660592893254788 1546.3
15464 0.9660721652201639 1546.4
15465 0.966085040430654 1546.5
15466 0.966097906686657 1546.6
15467 0.9661107572608068 1546.7
15468 0.9661235862595905 1546.8
15469 0.9661363889577991 1546.9
15470 0.9661491619209278 1547
15471 0.9661619029820653 1547.1
15472 0.9661741561326347 1547.2
15473 0.966186206152414 1547.3
15474 0.9661980839306333 1547.4
15475 0.9662097370819727 1547.5
15476 0.9662214511069155 1547.6
15477 0.9662332254120267 1547.7
15478 0.966245057888231 1547.8
15479 0.9662569457893866 1547.9
15480 0.9662688862538055 1548
15481 0.9662808770990589 1548.1
15482 0.9662929160596848 1548.2
15483 0.9663050009489769 1548.3
15484 0.9663171297699279 1548.4
15485 0.9663293007662886 1548.5
15486 0.9663415124697798 1548.6
15487 0.9663536517637143 1548.7
15488 0.9663658113341359 1548.8
15489 0.9663780016801162 1548.9
15490 0.966390223264011 1549
15491 0.9664024766586853 1549.1
15492 0.9664147624796915 1549.2
15493 0.966427081430228 1549.3
15494 0.966439434346822 1549.4
15495 0.9664518222390976 1549.5
15496 0.9664642464294183 1549.6
15497 0.9664767084276641 1549.7
15498 0.9664892099430182 1549.8
15499 0.9665017529097369 1549.9
15500 0.9665143395884034 1550
15501 0.9665269725412086 1550.1
15502 0.9665396545799078 1550.2
15503 0.9665523886385583 1550.3
15504 0.9665651777956551 1550.4
15505 0.9665780248213913 1550.5
15506 0.9665909319728234 1550.6
15507 0.9666039011365811 1550.7
15508 0.9666169335469957 1550.8
15509 0.9666300293676205 1550.9
15510 0.9666431872913744 1551
15511 0.9666564044093907 1551.1
15512 0.9666696761383033 1551.2
15513 0.9666829969372049 1551.3
15514 0.9666963592768338 1551.4
15515 0.9667097539790723 1551.5
15516 0.9667231706788492 1551.6
15517 0.9667365982694344 1551.7
15518 0.9667500251462376 1551.8
15519 0.9667634397926407 1551.9
15520 0.966776698023155 1552
15521 0.9667899192046151 1552.1
15522 0.9668031038895314 1552.2
15523 0.9668162448227926 1552.3
15524 0.966829335794102 1552.4
15525 0.9668422375124601 1552.5
15526 0.9668550623978173 1552.6
15527 0.96686784229871 1552.7
15528 0.9668805639642067 1552.8
15529 0.966892512957688 1552.9
15530 0.9669039757216374 1553
15531 0.9669155093998539 1553.1
15532 0.966927107452334 1553.2
15533 0.966938760833959 1553.3
15534 0.9669504594489182 1553.4
15535 0.9669621928687009 1553.5
15536 0.9669739511594876 1553.6
15537 0.966985725245077 1553.7
15538 0.9669975070601775 1553.8
15539 0.9670092672138891 1553.9
15540 0.9670208012397036 1554
15541 0.9670323176852615 1554.1
15542 0.9670438138739462 1554.2
15543 0.967055286868574 1554.3
15544 0.9670667339414961 1554.4
15545 0.9670781323058348 1554.5
15546 0.9670894714000566 1554.6
15547 0.9670999559162993 1554.7
15548 0.9671104799115193 1554.8
15549 0.9671210385378027 1554.9
15550 0.9671314875243872 1555
15551 0.9671419509613527 1555.1
15552 0.9671524318975872 1555.2
15553 0.9671629245139662 1555.3
15554 0.967173423521158 1555.4
15555 0.9671839245921399 1555.5
15556 0.9671934463006311 1555.6
15557 0.9672028829870606 1555.7
15558 0.9672123579787385 1555.8
15559 0.9672218701285525 1555.9
15560 0.9672314184722377 1556
15561 0.9672410021852802 1556.1
15562 0.9672506205434152 1556.2
15563 0.9672598916758784 1556.3
15564 0.9672691865466256 1556.4
15565 0.967278551401017 1556.5
15566 0.9672879823465377 1556.6
15567 0.9672974753084361 1556.7
15568 0.9673070263043502 1556.8
15569 0.9673166315984447 1556.9
15570 0.9673262877924178 1557
15571 0.967335991866097 1557.1
15572 0.9673457411953538 1557.2
15573 0.9673555335490306 1557.3
15574 0.9673653670779354 1557.4
15575 0.9673750841311038 1557.5
15576 0.9673847302311412 1557.6
15577 0.9673944477335058 1557.7
15578 0.9674042350392555 1557.8
15579 0.9674140903263142 1557.9
15580 0.9674240003749349 1558
15581 0.9674339297512917 1558.1
15582 0.9674438882255531 1558.2
15583 0.967453894322982 1558.3
15584 0.9674639482320527 1558.4
15585 0.9674740505522629 1558.5
15586 0.967484202283152 1558.6
15587 0.9674943974712743 1558.7
15588 0.9675046364686521 1558.8
15589 0.9675149304675348 1558.9
15590 0.9675252815487193 1559
15591 0.9675355600685641 1559.1
15592 0.9675458360635485 1559.2
15593 0.967556190097915 1559.3
15594 0.9675666232594741 1559.4
15595 0.9675771362854547 1559.5
15596 0.9675877295959692 1559.6
15597 0.9675984035124809 1559.7
15598 0.9676091575710201 1559.8
15599 0.9676199495895113 1559.9
15600 0.9676307381140629 1560
15601 0.9676416094791228 1560.1
15602 0.9676525611567519 1560.2
15603 0.9676635902059799 1560.3
15604 0.9676746932182491 1560.4
15605 0.9676858662427626 1560.5
15606 0.9676971047346258 1560.6
15607 0.9677084035322091 1560.7
15608 0.967719740109496 1560.8
15609 0.9677305748630108 1560.9
15610 0.9677414535521044 1561
15611 0.9677523748049534 1561.1
15612 0.9677633346575016 1561.2
15613 0.9677743276749035 1561.3
15614 0.9677853478174838 1561.4
15615 0.9677963888740949 1561.5
15616 0.9678074455525172 1561.6
15617 0.967818489412721 1561.7
15618 0.9678295217118471 1561.8
15619 0.9678405231605687 1561.9
15620 0.9678514936255945 1562
15621 0.9678624761188136 1562.1
15622 0.9678734699858488 1562.2
15623 0.9678844749068518 1562.3
15624 0.9678954910665902 1562.4
15625 0.9679065191993964 1562.5
15626 0.967917204332448 1562.6
15627 0.9679275470533882 1562.7
15628 0.967937960664898 1562.8
15629 0.9679484438731221 1562.9
15630 0.9679589943679743 1563
15631 0.967969609810953 1563.1
15632 0.9679802878517634 1563.2
15633 0.9679910261138348 1563.3
15634 0.9680018216559928 1563.4
15635 0.968012671347998 1563.5
15636 0.9680235722702319 1563.6
15637 0.9680345215970956 1563.7
15638 0.9680455165062818 1563.8
15639 0.9680565542319203 1563.9
15640 0.9680676311787617 1564
15641 0.9680787432204467 1564.1
15642 0.9680898858215999 1564.2
15643 0.9681010541206461 1564.3
15644 0.9681122430450934 1564.4
15645 0.9681234474355849 1564.5
15646 0.968134566596065 1564.6
15647 0.9681456801547874 1564.7
15648 0.9681568049355253 1564.8
15649 0.9681677868899179 1564.9
15650 0.9681785927951944 1565
15651 0.9681894445569168 1565.1
15652 0.9682003376434763 1565.2
15653 0.968211267938806 1565.3
15654 0.9682222317011338 1565.4
15655 0.9682332255778766 1565.5
15656 0.9682442466236748 1565.6
15657 0.9682552923286547 1565.7
15658 0.9682663397058243 1565.8
15659 0.9682773670263415 1565.9
15660 0.9682884100826379 1566
15661 0.9682994685989311 1566.1
15662 0.9683105426097027 1566.2
15663 0.9683210360581652 1566.3
15664 0.9683313726288982 1566.4
15665 0.9683417743295383 1566.5
15666 0.9683522387329959 1566.6
15667 0.9683627630204356 1566.7
15668 0.9683733443100793 1566.8
15669 0.9683839797493164 1566.9
15670 0.9683945915717513 1567
15671 0.9684050874434554 1567.1
15672 0.9684156187161699 1567.2
15673 0.968426187001822 1567.3
15674 0.9684367940701921 1567.4
15675 0.9684474415872729 1567.5
15676 0.9684581311308604 1567.6
15677 0.9684688634490222 1567.7
15678 0.9684796385085724 1567.8
15679 0.968490455475374 1567.9
15680 0.9685013128627507 1568
15681 0.968512208580006 1568.1
15682 0.9685231399097126 1568.2
15683 0.9685341035393661 1568.3
15684 0.968545095633955 1568.4
15685 0.9685561119293189 1568.5
15686 0.9685671478348837 1568.6
15687 0.9685781985505298 1568.7
15688 0.9685892591890631 1568.8
15689 0.9686003249048857 1568.9
15690 0.9686113910167553 1569
15691 0.9686224531206259 1569.1
15692 0.9686335071828953 1569.2
15693 0.9686445496142446 1569.3
15694 0.9686555773293449 1569.4
15695 0.9686665877820665 1569.5
15696 0.9686775790091847 1569.6
15697 0.9686880630797379 1569.7
15698 0.9686985378778603 1569.8
15699 0.9687090152299261 1569.9
15700 0.9687194971816112 1570
15701 0.9687299848170718 1570.1
15702 0.9687404789071852 1570.2
15703 0.9687509801534752 1570.3
15704 0.9687614892978264 1570.4
15705 0.9687720071511497 1570.5
15706 0.9687825345936038 1570.6
15707 0.9687930725656153 1570.7
15708 0.9688036220830863 1570.8
15709 0.9688141844170595 1570.9
15710 0.9688247607482003 1571
15711 0.9688353522355478 1571.1
15712 0.9688459600553072 1571.2
15713 0.9688565854260607 1571.3
15714 0.968867229618793 1571.4
15715 0.968877893979853 1571.5
15716 0.9688885799424299 1571.6
15717 0.9688992890283903 1571.7
15718 0.9689100228519273 1571.8
15719 0.9689207831178284 1571.9
15720 0.9689315716047338 1572
15721 0.9689423901426401 1572.1
15722 0.9689532405962891 1572.2
15723 0.9689641248557688 1572.3
15724 0.9689750448108235 1572.4
15725 0.968986002315305 1572.5
15726 0.9689969991719419 1572.6
15727 0.9690080374288996 1572.7
15728 0.96901911888563 1572.8
15729 0.9690302449144388 1572.9
15730 0.9690414167477029 1573
15731 0.9690525901097095 1573.1
15732 0.9690637776134299 1573.2
15733 0.9690750130926045 1573.3
15734 0.9690863025667502 1573.4
15735 0.9690976470072816 1573.5
15736 0.9691090475571823 1573.6
15737 0.9691205055686087 1573.7
15738 0.9691320225938803 1573.8
15739 0.969143600374861 1573.9
15740 0.9691552407872724 1574
15741 0.9691669458046634 1574.1
15742 0.9691787173488167 1574.2
15743 0.9691905571180603 1574.3
15744 0.9692024663938321 1574.4
15745 0.9692144458218002 1574.5
15746 0.9692264950998427 1574.6
15747 0.9692386128421422 1574.7
15748 0.9692507966763216 1574.8
15749 0.9692630431292882 1574.9
15750 0.9692752964195288 1575
15751 0.9692875298116056 1575.1
15752 0.9692998201414458 1575.2
15753 0.9693121602065221 1575.3
15754 0.9693245421580842 1575.4
15755 0.9693369580369824 1575.5
15756 0.9693494003520496 1575.6
15757 0.9693618645945896 1575.7
15758 0.969374345098246 1575.8
15759 0.9693867602194738 1575.9
15760 0.9693990435025056 1576
15761 0.9694113158153487 1576.1
15762 0.969423577875336 1576.2
15763 0.9694358314322441 1576.3
15764 0.9694480791106241 1576.4
15765 0.9694603242744159 1576.5
15766 0.9694723030339422 1576.6
15767 0.9694842985829053 1576.7
15768 0.9694963401241049 1576.8
15769 0.9695084301703792 1576.9
15770 0.9695203500862759 1577
15771 0.969532189643602 1577.1
15772 0.9695441348177133 1577.2
15773 0.9695561790549111 1577.3
15774 0.9695683146607312 1577.4
15775 0.9695805330404367 1577.5
15776 0.9695928249378968 1577.6
15777 0.9696051527685605 1577.7
15778 0.9696174962989805 1577.8
15779 0.9696298879289694 1577.9
15780 0.9696423171383635 1578
15781 0.9696547736206447 1578.1
15782 0.9696672475527688 1578.2
15783 0.9696797297706342 1578.3
15784 0.9696922119564564 1578.4
15785 0.9697046869715206 1578.5
15786 0.9697171482221301 1578.6
15787 0.9697295899607805 1578.7
15788 0.9697420074530725 1578.8
15789 0.9697543966996965 1578.9
15790 0.9697665250031738 1579
15791 0.9697781279315295 1579.1
15792 0.9697897279326479 1579.2
15793 0.9698013374566563 1579.3
15794 0.969812953749258 1579.4
15795 0.9698245735173072 1579.5
15796 0.9698361850286976 1579.6
15797 0.9698477958601635 1579.7
15798 0.9698594038081199 1579.8
15799 0.9698710066966689 1579.9
15800 0.9698826024570434 1580
15801 0.9698941891684354 1580.1
15802 0.9699057649520532 1580.2
15803 0.9699173279083847 1580.3
15804 0.9699288761081178 1580.4
15805 0.9699404075525572 1580.5
15806 0.9699519204158854 1580.6
15807 0.9699634133401887 1580.7
15808 0.9699748839353279 1580.8
15809 0.9699863298057094 1580.9
15810 0.9699977487926973 1581
15811 0.9700091386568468 1581.1
15812 0.9700204974579473 1581.2
15813 0.9700318234662719 1581.3
15814 0.9700431148266303 1581.4
15815 0.9700542994787876 1581.5
15816 0.9700650188043837 1581.6
15817 0.9700757406037601 1581.7
15818 0.9700864633504457 1581.8
15819 0.9700971834396517 1581.9
15820 0.9701078963251684 1582
15821 0.9701185973656423 1582.1
15822 0.9701292822154575 1582.2
15823 0.9701399470796834 1582.3
15824 0.9701505887862157 1582.4
15825 0.9701612048761349 1582.5
15826 0.9701717935424139 1582.6
15827 0.9701823535227708 1582.7
15828 0.9701928839938826 1582.8
15829 0.9702033845028682 1582.9
15830 0.970213854835926 1583
15831 0.9702242949803184 1583.1
15832 0.9702337059623278 1583.2
15833 0.9702429002691875 1583.3
15834 0.9702521700290271 1583.4
15835 0.9702615065653516 1583.5
15836 0.9702709003970316 1583.6
15837 0.9702803432338352 1583.7
15838 0.970289826980723 1583.8
15839 0.970299170650698 1583.9
15840 0.9703084305373765 1584
15841 0.9703167575809419 1584.1
15842 0.9703251511338642 1584.2
15843 0.9703336072984585 1584.3
15844 0.9703421223783685 1584.4
15845 0.9703506929311952 1584.5
15846 0.9703593157541026 1584.6
15847 0.9703679879048991 1584.7
15848 0.9703767067012166 1584.8
15849 0.9703854697059087 1584.9
15850 0.9703941622781629 1585
15851 0.9704028939070186 1585.1
15852 0.9704116674354514 1585.2
15853 0.9704204807237503 1585.3
15854 0.9704293317086308 1585.4
15855 0.9704382107723101 1585.5
15856 0.9704470154437933 1585.6
15857 0.9704557411150387 1585.7
15858 0.9704645113712644 1585.8
15859 0.9704733242707052 1585.9
15860 0.9704821778879906 1586
15861 0.9704910703527617 1586.1
15862 0.9704999998793082 1586.2
15863 0.9705089647877824 1586.3
15864 0.9705178731651335 1586.4
15865 0.9705266751927842 1586.5
15866 0.9705355294538633 1586.6
15867 0.9705444343383138 1586.7
15868 0.9705533883717158 1586.8
15869 0.9705623902452759 1586.9
15870 0.9705714388013587 1587
15871 0.9705805330280965 1587.1
15872 0.970589672056592 1587.2
15873 0.9705988551644931 1587.3
15874 0.9706080817801251 1587.4
15875 0.9706173514880694 1587.5
15876 0.9706266640271346 1587.6
15877 0.9706360192933657 1587.7
15878 0.9706453572841967 1587.8
15879 0.970654716976037 1587.9
15880 0.9706641264797577 1588
15881 0.970673586016932 1588.1
15882 0.9706830959102363 1588.2
15883 0.9706926566205331 1588.3
15884 0.9707022687690151 1588.4
15885 0.9707119331500333 1588.5
15886 0.9707216507349598 1588.6
15887 0.9707314226692166 1588.7
15888 0.970741250262248 1588.8
15889 0.9707511349741322 1588.9
15890 0.9707610783909751 1589
15891 0.9707710821941837 1589.1
15892 0.9707810546010677 1589.2
15893 0.9707910258664709 1589.3
15894 0.9708010543618785 1589.4
15895 0.9708111441879317 1589.5
15896 0.9708212996789669 1589.6
15897 0.9708315252864937 1589.7
15898 0.9708418254322057 1589.8
15899 0.9708522043381559 1589.9
15900 0.9708626658726357 1590
15901 0.9708732132786335 1590.1
15902 0.9708838489525737 1590.2
15903 0.970894574301876 1590.3
15904 0.9709053895852549 1590.4
15905 0.9709162937125267 1590.5
15906 0.9709272841149672 1590.6
15907 0.9709383568970741 1590.7
15908 0.9709495064010338 1590.8
15909 0.9709607253106753 1590.9
15910 0.9709720051442471 1591
15911 0.9709833222683896 1591.1
15912 0.9709946563861807 1591.2
15913 0.9710060242541941 1591.3
15914 0.9710174147826655 1591.4
15915 0.9710288186876379 1591.5
15916 0.9710402261053975 1591.6
15917 0.9710516268370309 1591.7
15918 0.9710630116853769 1591.8
15919 0.9710743709344372 1591.9
15920 0.9710856391329663 1592
15921 0.9710964118466214 1592.1
15922 0.971107161131941 1592.2
15923 0.9711178722448847 1592.3
15924 0.9711284864320234 1592.4
15925 0.9711390727963328 1592.5
15926 0.9711496331131234 1592.6
15927 0.9711601695071977 1592.7
15928 0.9711706655963538 1592.8
15929 0.9711806890018279 1592.9
15930 0.9711907466101081 1593
15931 0.971200839033565 1593.1
15932 0.9712109662146647 1593.2
15933 0.9712211278625842 1593.3
15934 0.9712313237850226 1593.4
15935 0.9712415540489334 1593.5
15936 0.9712518190541959 1593.6
15937 0.9712621193470468 1593.7
15938 0.9712724556066535 1593.8
15939 0.9712828286148528 1593.9
15940 0.9712932391745431 1594
15941 0.9713036880311109 1594.1
15942 0.9713141758362062 1594.2
15943 0.9713247029867164 1594.3
15944 0.9713352695847495 1594.4
15945 0.971345875401523 1594.5
15946 0.9713565195908384 1594.6
15947 0.9713672006441626 1594.7
15948 0.9713779164192261 1594.8
15949 0.9713886641524951 1594.9
15950 0.9713994405001052 1595
15951 0.9714102416013886 1595.1
15952 0.971421063160932 1595.2
15953 0.9714319005425086 1595.3
15954 0.9714427489084422 1595.4
15955 0.9714536033711834 1595.5
15956 0.9714644591075124 1595.6
15957 0.9714753114874427 1595.7
15958 0.971486156191075 1595.8
15959 0.9714969893064221 1595.9
15960 0.9715078074152257 1596
15961 0.9715186076627449 1596.1
15962 0.9715293879306398 1596.2
15963 0.9715401465324551 1596.3
15964 0.9715503115887534 1596.4
15965 0.9715604076139835 1596.5
15966 0.971570525885207 1596.6
15967 0.971580664998273 1596.7
15968 0.9715908232960643 1596.8
15969 0.9716009998971871 1596.9
15970 0.971611194576403 1597
15971 0.9716214076943417 1597.1
15972 0.9716316401092961 1597.2
15973 0.9716418710070617 1597.3
15974 0.9716520933671872 1597.4
15975 0.9716623429585308 1597.5
15976 0.9716726207837506 1597.6
15977 0.9716829276739396 1597.7
15978 0.9716932641933337 1597.8
15979 0.9717036308232384 1597.9
15980 0.9717140274179372 1598
15981 0.9717244530191377 1598.1
15982 0.9717349062642806 1598.2
15983 0.9717453854406117 1598.3
15984 0.9717558882791801 1598.4
15985 0.9717664121237506 1598.5
15986 0.971776953974131 1598.6
15987 0.971787510564149 1598.7
15988 0.9717980784412891 1598.8
15989 0.9718086516048657 1598.9
15990 0.9718190810432606 1599
15991 0.9718295209097937 1599.1
15992 0.971839967230316 1599.2
15993 0.9718504160774605 1599.3
15994 0.9718608637466358 1599.4
15995 0.9718713068747371 1599.5
15996 0.9718817425147268 1599.6
15997 0.9718921681775782 1599.7
15998 0.9719025818484786 1599.8
15999 0.9719129819827946 1599.9
16000 0.9719233674912479 1600
16001 0.9719337377106825 1600.1
16002 0.9719439643358176 1600.2
16003 0.9719537281663116 1600.3
16004 0.9719635205377729 1600.4
16005 0.9719733436992544 1600.5
16006 0.9719831980716821 1600.6
16007 0.9719930833910585 1600.7
16008 0.9720029991548006 1600.8
16009 0.9720129448921007 1600.9
16010 0.9720229202859011 1601
16011 0.9720329251789405 1601.1
16012 0.9720429596365622 1601.2
16013 0.9720530238484906 1601.3
16014 0.9720631181081378 1601.4
16015 0.9720732428325481 1601.5
16016 0.9720833985491176 1601.6
16017 0.9720935858668662 1601.7
16018 0.9721038054382215 1601.8
16019 0.9721140579231733 1601.9
16020 0.9721242613911041 1602
16021 0.9721344614311742 1602.1
16022 0.972144691233039 1602.2
16023 0.9721549522545273 1602.3
16024 0.9721652457260416 1602.4
16025 0.972175572620279 1602.5
16026 0.9721859336431298 1602.6
16027 0.9721963296689459 1602.7
16028 0.9722067610479093 1602.8
16029 0.972217227548661 1602.9
16030 0.9722277286726831 1603
16031 0.9722382637047265 1603.1
16032 0.9722488317292819 1603.2
16033 0.9722594315653954 1603.3
16034 0.9722700620276588 1603.4
16035 0.9722807217812337 1603.5
16036 0.9722914092607061 1603.6
16037 0.9723021226692228 1603.7
16038 0.9723128600004451 1603.8
16039 0.9723236180099523 1603.9
16040 0.9723343663336396 1604
16041 0.9723451350107528 1604.1
16042 0.9723559214073788 1604.2
16043 0.9723667228277721 1604.3
16044 0.9723775366274687 1604.4
16045 0.9723883601998599 1604.5
16046 0.9723991909548956 1604.6
16047 0.9724100263869521 1604.7
16048 0.9724208641248601 1604.8
16049 0.9724317019625267 1604.9
16050 0.9724425071304509 1605
16051 0.9724532880914351 1605.1
16052 0.9724640640575349 1605.2
16053 0.9724748345208896 1605.3
16054 0.9724855991742608 1605.4
16055 0.9724963579037497 1605.5
16056 0.9725071107828379 1605.6
16057 0.9725178580517244 1605.7
16058 0.972528600183063 1605.8
16059 0.9725393378666413 1605.9
16060 0.9725500719637543 1606
16061 0.9725608035040342 1606.1
16062 0.9725715336894734 1606.2
16063 0.972582263897311 1606.3
16064 0.9725929956730247 1606.4
16065 0.9726037227805319 1606.5
16066 0.9726144396841648 1606.6
16067 0.9726249641109753 1606.7
16068 0.9726354937931615 1606.8
16069 0.9726460335674331 1606.9
16070 0.9726566021940731 1607
16071 0.9726672030883246 1607.1
16072 0.9726778372380542 1607.2
16073 0.9726885055652778 1607.3
16074 0.9726991286907557 1607.4
16075 0.9727096940117188 1607.5
16076 0.9727203181294959 1607.6
16077 0.9727309996908509 1607.7
16078 0.9727417364832239 1607.8
16079 0.9727525257782299 1607.9
16080 0.972763364573897 1608
16081 0.9727742497891805 1608.1
16082 0.9727851780149095 1608.2
16083 0.9727961456330572 1608.3
16084 0.9728071489179256 1608.4
16085 0.972818184016403 1608.5
16086 0.9728292474040985 1608.6
16087 0.9728403364840863 1608.7
16088 0.9728514473265353 1608.8
16089 0.9728625397840899 1608.9
16090 0.9728736275299091 1609
16091 0.9728847303208391 1609.1
16092 0.9728958453158137 1609.2
16093 0.9729069702052608 1609.3
16094 0.972918103240661 1609.4
16095 0.9729292432397695 1609.5
16096 0.9729403895599101 1609.6
16097 0.9729515420013125 1609.7
16098 0.9729627008732629 1609.8
16099 0.972973866900221 1609.9
16100 0.9729850411305137 1610
16101 0.972996224926379 1610.1
16102 0.9730074196892461 1610.2
16103 0.9730186268308233 1610.3
16104 0.9730298476978401 1610.4
16105 0.9730410835949669 1610.5
16106 0.9730523357310361 1610.6
16107 0.9730636050875749 1610.7
16108 0.9730748923512018 1610.8
16109 0.973086197884158 1610.9
16110 0.9730975217090927 1611
16111 0.973108863544179 1611.1
16112 0.9731202227343136 1611.2
16113 0.9731315981400314 1611.3
16114 0.9731429883962788 1611.4
16115 0.9731543918058656 1611.5
16116 0.9731658063640138 1611.6
16117 0.9731772297708277 1611.7
16118 0.9731886593969032 1611.8
16119 0.9732000924171286 1611.9
16120 0.9732115258781623 1612
16121 0.9732229566499743 1612.1
16122 0.9732340744286683 1612.2
16123 0.9732450087645647 1612.3
16124 0.9732559695691758 1612.4
16125 0.9732669522616044 1612.5
16126 0.9732779509461468 1612.6
16127 0.973288958776116 1612.7
16128 0.973299968623754 1612.8
16129 0.9733109737924946 1612.9
16130 0.9733215508524105 1613
16131 0.9733318696201657 1613.1
16132 0.9733422157651507 1613.2
16133 0.9733525828126721 1613.3
16134 0.9733629634804301 1613.4
16135 0.973373350440664 1613.5
16136 0.9733836983213829 1613.6
16137 0.9733933085850515 1613.7
16138 0.9734029666408803 1613.8
16139 0.9734126645350323 1613.9
16140 0.9734223933114269 1614
16141 0.9734321446539397 1614.1
16142 0.9734419120770533 1614.2
16143 0.9734516891837399 1614.3
16144 0.9734614702251143 1614.4
16145 0.9734706752384581 1614.5
16146 0.9734794934888577 1614.6
16147 0.9734883181057551 1614.7
16148 0.9734965768285261 1614.8
16149 0.9735049133712425 1614.9
16150 0.9735132976683331 1615
16151 0.9735217346905012 1615.1
16152 0.9735299552370955 1615.2
16153 0.9735382379258566 1615.3
16154 0.9735465787188776 1615.4
16155 0.9735549735113236 1615.5
16156 0.9735634183261851 1615.6
16157 0.9735718474172693 1615.7
16158 0.9735802483538701 1615.8
16159 0.9735886905800289 1615.9
16160 0.9735971718729639 1616
16161 0.9736056900154881 1616.1
16162 0.9736142428373891 1616.2
16163 0.9736228282358299 1616.3
16164 0.973631444186435 1616.4
16165 0.973640088759639 1616.5
16166 0.9736487601419592 1616.6
16167 0.9736574566768473 1616.7
16168 0.9736661768117904 1616.8
16169 0.9736749190967984 1616.9
16170 0.973683682178523 1617
16171 0.9736924647961132 1617.1
16172 0.9737012657683546 1617.2
16173 0.9737100839746436 1617.3
16174 0.9737189183478853 1617.4
16175 0.9737277678731175 1617.5
16176 0.9737366315830401 1617.6
16177 0.9737455085568373 1617.7
16178 0.9737543979286157 1617.8
16179 0.9737632778195524 1617.9
16180 0.9737721280127727 1618
16181 0.9737809925468137 1618.1
16182 0.9737898701517048 1618.2
16183 0.9737987596128123 1618.3
16184 0.9738076598138408 1618.4
16185 0.97381656974945 1618.5
16186 0.9738252789580636 1618.6
16187 0.9738339608816172 1618.7
16188 0.9738426739509315 1618.8
16189 0.973851414568892 1618.9
16190 0.9738601841772146 1619
16191 0.9738689815212817 1619.1
16192 0.9738778054523026 1619.2
16193 0.9738866549195164 1619.3
16194 0.9738955289643983 1619.4
16195 0.9739044267412859 1619.5
16196 0.9739133474995431 1619.6
16197 0.973922290592345 1619.7
16198 0.9739312554808913 1619.8
16199 0.9739402417361496 1619.9
16200 0.973949249038025 1620
16201 0.9739582771742479 1620.1
16202 0.9739673260360957 1620.2
16203 0.973976395614807 1620.3
16204 0.9739854859963814 1620.4
16205 0.9739945973560075 1620.5
16206 0.974003729950307 1620.6
16207 0.9740128841106379 1620.7
16208 0.9740220602310626 1620.8
16209 0.9740312587587564 1620.9
16210 0.974040480174945 1621
16211 0.9740497249595792 1621.1
16212 0.9740589205987573 1621.2
16213 0.9740680346861836 1621.3
16214 0.974077183910762 1621.4
16215 0.9740862940254553 1621.5
16216 0.9740953567363921 1621.6
16217 0.9741044439070854 1621.7
16218 0.974113556341069 1621.8
16219 0.9741226949854761 1621.9
16220 0.9741318608918934 1622
16221 0.9741410446555293 1622.1
16222 0.9741501232243337 1622.2
16223 0.9741591564888379 1622.3
16224 0.9741682335559182 1622.4
16225 0.9741773544410821 1622.5
16226 0.9741865187815286 1622.6
16227 0.9741957258815562 1622.7
16228 0.9742049746897977 1622.8
16229 0.9742142637803469 1622.9
16230 0.9742235913461763 1623
16231 0.9742329552278074 1623.1
16232 0.974242353087018 1623.2
16233 0.9742517820565627 1623.3
16234 0.9742612389317519 1623.4
16235 0.9742707202944023 1623.5
16236 0.9742802225984557 1623.6
16237 0.9742897342293947 1623.7
16238 0.9742991366470702 1623.8
16239 0.9743085591031403 1623.9
16240 0.9743179978324729 1624
16241 0.9743274492099837 1624.1
16242 0.9743369098227068 1624.2
16243 0.9743463765030076 1624.3
16244 0.9743558164377095 1624.4
16245 0.9743652153726086 1624.5
16246 0.9743746164062319 1624.6
16247 0.9743840174230599 1624.7
16248 0.9743934165853961 1624.8
16249 0.974402601818342 1624.9
16250 0.9744115226821485 1625
16251 0.9744204604665071 1625.1
16252 0.9744294160258272 1625.2
16253 0.9744383893825 1625.3
16254 0.9744473801843051 1625.4
16255 0.9744563879673552 1625.5
16256 0.9744654122938547 1625.6
16257 0.9744744528187598 1625.7
16258 0.9744835094387803 1625.8
16259 0.9744925822354031 1625.9
16260 0.9745016712889948 1626
16261 0.974510776738244 1626.1
16262 0.9745198988036392 1626.2
16263 0.9745290377989807 1626.3
16264 0.9745381941338445 1626.4
16265 0.9745473683055439 1626.5
16266 0.9745565609065451 1626.6
16267 0.974565772627432 1626.7
16268 0.9745750042470164 1626.8
16269 0.9745842486240172 1626.9
16270 0.9745934502732788 1627
16271 0.9746026785680929 1627.1
16272 0.9746119341402587 1627.2
16273 0.9746212176747973 1627.3
16274 0.9746305299775264 1627.4
16275 0.9746398720082933 1627.5
16276 0.974649244883145 1627.6
16277 0.9746586498781726 1627.7
16278 0.974668082250991 1627.8
16279 0.9746774992490445 1627.9
16280 0.9746869583551974 1628
16281 0.974696461293455 1628.1
16282 0.9747060099104606 1628.2
16283 0.9747156062126708 1628.3
16284 0.9747252523903892 1628.4
16285 0.9747349508329769 1628.5
16286 0.9747447041380042 1628.6
16287 0.9747545151254767 1628.7
16288 0.9747643868323775 1628.8
16289 0.9747743224937221 1628.9
16290 0.9747843255576246 1629
16291 0.9747943996758359 1629.1
16292 0.9748045486593919 1629.2
16293 0.9748147764401822 1629.3
16294 0.974825087018411 1629.4
16295 0.974835484381806 1629.5
16296 0.9748459723496089 1629.6
16297 0.9748565543690312 1629.7
16298 0.9748672336117493 1629.8
16299 0.9748779897777725 1629.9
16300 0.974888842050788 1630
16301 0.974899652970273 1630.1
16302 0.9749104528909297 1630.2
16303 0.9749213388439215 1630.3
16304 0.9749323123181298 1630.4
16305 0.9749433739491342 1630.5
16306 0.9749544605763621 1630.6
16307 0.9749655886452461 1630.7
16308 0.9749767908758087 1630.8
16309 0.9749880634866861 1630.9
16310 0.9749994016452294 1631
16311 0.9750107997780326 1631.1
16312 0.9750222519281929 1631.2
16313 0.9750337517796308 1631.3
16314 0.9750452927218736 1631.4
16315 0.9750568677553063 1631.5
16316 0.9750684695477854 1631.6
16317 0.9750800905794841 1631.7
16318 0.9750917232072169 1631.8
16319 0.9751033598997433 1631.9
16320 0.9751149935216793 1632
16321 0.9751266177358099 1632.1
16322 0.9751382266319223 1632.2
16323 0.9751497566865075 1632.3
16324 0.9751611363224681 1632.4
16325 0.9751724777316216 1632.5
16326 0.9751837790245872 1632.6
16327 0.9751950387798072 1632.7
16328 0.9752062560025947 1632.8
16329 0.9752174300574795 1632.9
16330 0.9752285606083531 1633
16331 0.9752396475699736 1633.1
16332 0.9752505792178654 1633.2
16333 0.9752608208057653 1633.3
16334 0.97527090185662 1633.4
16335 0.9752809421547843 1633.5
16336 0.9752910151103681 1633.6
16337 0.9753011175005049 1633.7
16338 0.9753112457621033 1633.8
16339 0.9753213964349751 1633.9
16340 0.9753315663801306 1634
16341 0.9753417529721438 1634.1
16342 0.9753519538856428 1634.2
16343 0.9753621670847187 1634.3
16344 0.9753723908268264 1634.4
16345 0.9753826234752783 1634.5
16346 0.9753928635405832 1634.6
16347 0.9754031096560328 1634.7
16348 0.9754133605355441 1634.8
16349 0.9754233627921827 1634.9
16350 0.9754331970725031 1635
16351 0.9754430712053769 1635.1
16352 0.9754529808498011 1635.2
16353 0.975462921229058 1635.3
16354 0.9754728874950818 1635.4
16355 0.9754828749745492 1635.5
16356 0.9754928792994745 1635.6
16357 0.97550289644202 1635.7
16358 0.9755129227325604 1635.8
16359 0.9755227383958918 1635.9
16360 0.9755324558465661 1636
16361 0.9755421951277079 1636.1
16362 0.9755519516791737 1636.2
16363 0.9755617209753236 1636.3
16364 0.9755714987962384 1636.4
16365 0.9755812813728529 1636.5
16366 0.9755910654430943 1636.6
16367 0.9756008482526499 1636.7
16368 0.9756106275268951 1636.8
16369 0.9756204014236943 1636.9
16370 0.9756301684810024 1637
16371 0.97563992756433 1637.1
16372 0.9756496778191963 1637.2
16373 0.9756592679533685 1637.3
16374 0.9756687341327761 1637.4
16375 0.9756782110113073 1637.5
16376 0.9756876974955113 1637.6
16377 0.9756971924133024 1637.7
16378 0.9757066755172659 1637.8
16379 0.9757161626877956 1637.9
16380 0.9757256561152008 1638
16381 0.9757351550172967 1638.1
16382 0.9757446586907749 1638.2
16383 0.975754166520758 1638.3
16384 0.9757636779896639 1638.4
16385 0.9757731926710485 1638.5
16386 0.975782710228109 1638.6
16387 0.9757922303821309 1638.7
16388 0.9758017529563815 1638.8
16389 0.9758112778728482 1638.9
16390 0.9758208051304269 1639
16391 0.9758303347860414 1639.1
16392 0.9758398669404763 1639.2
16393 0.9758494017261898 1639.3
16394 0.9758589392990461 1639.4
16395 0.9758684798314762 1639.5
16396 0.9758780235064818 1639.6
16397 0.9758875705143936 1639.7
16398 0.9758970773178469 1639.8
16399 0.9759065417653028 1639.9
16400 0.975916015095059 1640
16401 0.9759254968018494 1640.1
16402 0.9759349863643563 1640.2
16403 0.9759444833366319 1640.3
16404 0.9759539676302182 1640.4
16405 0.9759633326647307 1640.5
16406 0.9759726702440882 1640.6
16407 0.9759820284393302 1640.7
16408 0.9759914060233826 1640.8
16409 0.9760008013936996 1640.9
16410 0.9760102128407715 1641
16411 0.9760196386953314 1641.1
16412 0.9760290774169491 1641.2
16413 0.9760385276244843 1641.3
16414 0.9760479880779108 1641.4
16415 0.9760574576842254 1641.5
16416 0.9760669354544983 1641.6
16417 0.9760764205084634 1641.7
16418 0.9760859121110463 1641.8
16419 0.9760954096418817 1641.9
16420 0.9761049125751383 1642
16421 0.976114420478581 1642.1
16422 0.9761239329835303 1642.2
16423 0.9761334497614126 1642.3
16424 0.9761429705204473 1642.4
16425 0.9761524949941646 1642.5
16426 0.9761620229305326 1642.6
16427 0.9761715540853879 1642.7
16428 0.9761810882256571 1642.8
16429 0.976190625138729 1642.9
16430 0.9762001646263466 1643
16431 0.9762097064997398 1643.1
16432 0.9762192505846805 1643.2
16433 0.9762287967153499 1643.3
16434 0.9762383447409146 1643.4
16435 0.9762478945314637 1643.5
16436 0.9762574459839858 1643.6
16437 0.9762669990289373 1643.7
16438 0.9762765536341629 1643.8
16439 0.9762861097984965 1643.9
16440 0.9762956675285146 1644
16441 0.9763052269113274 1644.1
16442 0.9763147881112022 1644.2
16443 0.9763243513665878 1644.3
16444 0.9763339169914058 1644.4
16445 0.976343485375222 1644.5
16446 0.9763530569831115 1644.6
16447 0.9763623685525938 1644.7
16448 0.9763715113436958 1644.8
16449 0.9763806934149427 1644.9
16450 0.9763899138480883 1645
16451 0.9763991704349357 1645.1
16452 0.9764083417859902 1645.2
16453 0.9764175125072153 1645.3
16454 0.9764267170266853 1645.4
16455 0.9764359530616405 1645.5
16456 0.9764452185520794 1645.6
16457 0.9764545117243544 1645.7
16458 0.9764638310351224 1645.8
16459 0.9764731750531122 1645.9
16460 0.9764825424565496 1646
16461 0.9764919320521201 1646.1
16462 0.9765010403172208 1646.2
16463 0.9765098201496296 1646.3
16464 0.9765186660550258 1646.4
16465 0.9765274221379147 1646.5
16466 0.9765361578808065 1646.6
16467 0.9765449523069986 1646.7
16468 0.9765537897857017 1646.8
16469 0.976562654374956 1646.9
16470 0.9765715369472441 1647
16471 0.9765800006254832 1647.1
16472 0.976588115425241 1647.2
16473 0.9765962860443398 1647.3
16474 0.9766045074045879 1647.4
16475 0.9766127746255864 1647.5
16476 0.9766210830758858 1647.6
16477 0.9766294284066276 1647.7
16478 0.9766378065665314 1647.8
16479 0.9766462138337016 1647.9
16480 0.9766546468244508 1648
16481 0.9766630285354543 1648.1
16482 0.9766713974921651 1648.2
16483 0.976679795140034 1648.3
16484 0.976688218834276 1648.4
16485 0.9766966663449576 1648.5
16486 0.9767051356372158 1648.6
16487 0.9767136247154099 1648.7
16488 0.9767221317538497 1648.8
16489 0.9767306551551215 1648.9
16490 0.976739193570421 1649
16491 0.9767475182698666 1649.1
16492 0.9767555144694471 1649.2
16493 0.9767635622706168 1649.3
16494 0.9767716604298043 1649.4
16495 0.9767798068972874 1649.5
16496 0.9767879993272995 1649.6
16497 0.9767962355450985 1649.7
16498 0.9768045133424729 1649.8
16499 0.9768128306535255 1649.9
16500 0.9768211855991491 1650
16501 0.9768295765539661 1650.1
16502 0.9768380021748316 1650.2
16503 0.9768464613935577 1650.3
16504 0.9768549534058606 1650.4
16505 0.9768634775970678 1650.5
16506 0.9768720335803639 1650.6
16507 0.9768806211722938 1650.7
16508 0.9768892403564742 1650.8
16509 0.9768978912622391 1650.9
16510 0.9769065741375232 1651
16511 0.9769152893291931 1651.1
16512 0.9769240372832444 1651.2
16513 0.9769328185250168 1651.3
16514 0.9769416336403065 1651.4
16515 0.9769504832565384 1651.5
16516 0.9769593680232824 1651.6
16517 0.9769682885924589 1651.7
16518 0.9769772455988283 1651.8
16519 0.9769862396402459 1651.9
16520 0.9769952712580278 1652
16521 0.9770043409156772 1652.1
16522 0.9770134489790543 1652.2
16523 0.9770225956954194 1652.3
16524 0.9770317812087138 1652.4
16525 0.9770410055408738 1652.5
16526 0.9770502685293394 1652.6
16527 0.9770595698005852 1652.7
16528 0.9770689087737972 1652.8
16529 0.9770782219691234 1652.9
16530 0.9770874576868798 1653
16531 0.97709672003241 1653.1
16532 0.9771060090087897 1653.2
16533 0.9771152934153707 1653.3
16534 0.9771245748092894 1653.4
16535 0.9771338775179091 1653.5
16536 0.9771432011503702 1653.6
16537 0.9771525452498004 1653.7
16538 0.9771619093041605 1653.8
16539 0.9771712927393686 1653.9
16540 0.9771806949181329 1654
16541 0.9771901151426571 1654.1
16542 0.977199552690442 1654.2
16543 0.977209006821617 1654.3
16544 0.977218476716862 1654.4
16545 0.9772279614980766 1654.5
16546 0.9772374602591009 1654.6
16547 0.9772469720739324 1654.7
16548 0.9772564960031591 1654.8
16549 0.9772660310987848 1654.9
16550 0.9772755764084963 1655
16551 0.9772851309816958 1655.1
16552 0.9772946938498713 1655.2
16553 0.9773042640669068 1655.3
16554 0.9773138408401638 1655.4
16555 0.9773234233735815 1655.5
16556 0.9773325794456131 1655.6
16557 0.9773416946581115 1655.7
16558 0.9773508512253023 1655.8
16559 0.9773600464438723 1655.9
16560 0.977369277080557 1656
16561 0.977378539757595 1656.1
16562 0.9773878312301755 1656.2
16563 0.9773971485413872 1656.3
16564 0.9774064890895693 1656.4
16565 0.9774158227526154 1656.5
16566 0.9774251446573156 1656.6
16567 0.9774344873106909 1656.7
16568 0.9774438503552086 1656.8
16569 0.9774532335625801 1656.9
16570 0.9774626367727256 1657
16571 0.9774720598388027 1657.1
16572 0.9774815025779011 1657.2
16573 0.9774909647229284 1657.3
16574 0.9775004459204556 1657.4
16575 0.9775099457107109 1657.5
16576 0.9775194633879063 1657.6
16577 0.9775289980054237 1657.7
16578 0.9775385483497006 1657.8
16579 0.9775481070652017 1657.9
16580 0.9775573684697436 1658
16581 0.977566659730072 1658.1
16582 0.9775759774895678 1658.2
16583 0.9775853176578119 1658.3
16584 0.9775946704521181 1658.4
16585 0.9776040323441649 1658.5
16586 0.9776134017660126 1658.6
16587 0.9776227741542689 1658.7
16588 0.9776321452606346 1658.8
16589 0.9776415111902577 1658.9
16590 0.9776508684225514 1659
16591 0.9776602138156142 1659.1
16592 0.9776695446001781 1659.2
16593 0.9776788583696275 1659.3
16594 0.977688153063703 1659.4
16595 0.9776972449543195 1659.5
16596 0.9777062034040261 1659.6
16597 0.9777151647684419 1659.7
16598 0.9777241267730905 1659.8
16599 0.9777330872006237 1659.9
16600 0.9777420439506167 1660
16601 0.9777509950850941 1660.1
16602 0.9777599388628047 1660.2
16603 0.9777684856321434 1660.3
16604 0.9777769227247837 1660.4
16605 0.9777853812418119 1660.5
16606 0.9777938605075295 1660.6
16607 0.9778023591372172 1660.7
16608 0.9778108755071001 1660.8
16609 0.9778194080078852 1660.9
16610 0.9778279554078176 1661
16611 0.9778365165684343 1661.1
16612 0.9778450904888103 1661.2
16613 0.9778536763506581 1661.3
16614 0.9778622735305675 1661.4
16615 0.9778708815955155 1661.5
16616 0.9778795002858552 1661.6
16617 0.9778881295091721 1661.7
16618 0.9778967693209916 1661.8
16619 0.9779054199071987 1661.9
16620 0.9779140815648988 1662
16621 0.9779227546908429 1662.1
16622 0.9779314397779841 1662.2
16623 0.9779401127881739 1662.3
16624 0.9779487531494188 1662.4
16625 0.9779574120961544 1662.5
16626 0.977966090039469 1662.6
16627 0.9779747873981275 1662.7
16628 0.9779835046314588 1662.8
16629 0.9779922422540901 1662.9
16630 0.9780010008346905 1663
16631 0.97800978099173 1663.1
16632 0.9780185833852783 1663.2
16633 0.9780274087062578 1663.3
16634 0.978036257665005 1663.4
16635 0.9780451309672102 1663.5
16636 0.9780539616250206 1663.6
16637 0.9780628154246448 1663.7
16638 0.9780716990230769 1663.8
16639 0.9780806123952389 1663.9
16640 0.9780895554344798 1664
16641 0.9780985279656795 1664.1
16642 0.978107529735158 1664.2
16643 0.9781165604012978 1664.3
16644 0.978125619519939 1664.4
16645 0.9781347065605217 1664.5
16646 0.9781438207726147 1664.6
16647 0.9781529612584221 1664.7
16648 0.9781621270035732 1664.8
16649 0.9781713042884276 1664.9
16650 0.9781804853685144 1665
16651 0.9781896809741253 1665.1
16652 0.9781988752842927 1665.2
16653 0.9782080906012306 1665.3
16654 0.9782173258476347 1665.4
16655 0.9782265797312908 1665.5
16656 0.9782358507979543 1665.6
16657 0.9782451375241683 1665.7
16658 0.9782544383881177 1665.8
16659 0.9782637519050987 1665.9
16660 0.9782730766488656 1666
16661 0.9782824112671423 1666.1
16662 0.9782917544940641 1666.2
16663 0.9783011051654965 1666.3
16664 0.9783104622309444 1666.4
16665 0.9783198247663348 1666.5
16666 0.978329191963114 1666.6
16667 0.9783385631405873 1666.7
16668 0.9783479377570321 1666.8
16669 0.9783573153933071 1666.9
16670 0.978366695762079 1667
16671 0.9783760787083021 1667.1
16672 0.9783854642006565 1667.2
16673 0.9783948523261242 1667.3
16674 0.9784042249328107 1667.4
16675 0.9784135383205628 1667.5
16676 0.9784228525684039 1667.6
16677 0.9784321684582558 1667.7
16678 0.978441486655222 1667.8
16679 0.978450807872903 1667.9
16680 0.9784601329227561 1668
16681 0.978469462726465 1668.1
16682 0.9784787982923725 1668.2
16683 0.9784881406989407 1668.3
16684 0.9784974910858816 1668.4
16685 0.9785068506501339 1668.5
16686 0.9785162206016065 1668.6
16687 0.9785256021477182 1668.7
16688 0.9785349964621952 1668.8
16689 0.9785444046634807 1668.9
16690 0.978553827843343 1669
16691 0.9785632611678664 1669.1
16692 0.9785727042033429 1669.2
16693 0.9785821671679122 1669.3
16694 0.9785916263156564 1669.4
16695 0.9786009776315169 1669.5
16696 0.978610170309664 1669.6
16697 0.9786194179816375 1669.7
16698 0.9786287177259297 1669.8
16699 0.9786380658162392 1669.9
16700 0.9786474583497768 1670
16701 0.9786568911772323 1670.1
16702 0.9786663599194284 1670.2
16703 0.9786758601580372 1670.3
16704 0.9786853837529276 1670.4
16705 0.9786949219112788 1670.5
16706 0.9787044770773924 1670.6
16707 0.9787140453741421 1670.7
16708 0.9787236231499367 1670.8
16709 0.9787332070017156 1670.9
16710 0.9787427937970272 1671
16711 0.9787523806327312 1671.1
16712 0.9787619648821362 1671.2
16713 0.9787715448864274 1671.3
16714 0.9787811184364921 1671.4
16715 0.9787906833299561 1671.5
16716 0.9788002376192899 1671.6
16717 0.978809779672894 1671.7
16718 0.978819308172815 1671.8
16719 0.9788288220957198 1671.9
16720 0.9788383203735469 1672
16721 0.9788477656282478 1672.1
16722 0.9788572005140497 1672.2
16723 0.9788666243315182 1672.3
16724 0.9788760365617724 1672.4
16725 0.9788854368991163 1672.5
16726 0.9788948252196831 1672.6
16727 0.978904201556577 1672.7
16728 0.978913566074424 1672.8
16729 0.978922919048591 1672.9
16730 0.9789322608570955 1673
16731 0.9789415919547277 1673.1
16732 0.9789509128622177 1673.2
16733 0.9789600791048687 1673.3
16734 0.9789689938447442 1673.4
16735 0.9789779318415068 1673.5
16736 0.978986892241812 1673.6
16737 0.9789958738078544 1673.7
16738 0.9790048751954551 1673.8
16739 0.9790138950635732 1673.9
16740 0.9790229321399573 1674
16741 0.9790319852621172 1674.1
16742 0.979041053384742 1674.2
16743 0.9790501356025757 1674.3
16744 0.9790592311487537 1674.4
16745 0.9790683393829921 1674.5
16746 0.9790774597785366 1674.6
16747 0.9790865919080807 1674.7
16748 0.979095735428931 1674.8
16749 0.9791048900716977 1674.9
16750 0.9791140556279989 1675
16751 0.9791232319412205 1675.1
16752 0.9791324188969192 1675.2
16753 0.9791416164138822 1675.3
16754 0.9791508244366404 1675.4
16755 0.9791600429281269 1675.5
16756 0.9791692718616247 1675.6
16757 0.979178511213159 1675.7
16758 0.9791877609512979 1675.8
16759 0.9791970210321987 1675.9
16760 0.9792062913907235 1676
16761 0.9792155719311407 1676.1
16762 0.9792248625179452 1676.2
16763 0.9792341629665365 1676.3
16764 0.9792434730261506 1676.4
16765 0.9792527923648185 1676.5
16766 0.9792621205845501 1676.6
16767 0.9792713254985621 1676.7
16768 0.9792804816087692 1676.8
16769 0.979289643405285 1676.9
16770 0.979298811983744 1677
16771 0.9793079957870773 1677.1
16772 0.9793171792764025 1677.2
16773 0.9793263183081055 1677.3
16774 0.9793354664694695 1677.4
16775 0.9793446228429936 1677.5
16776 0.9793537865160732 1677.6
16777 0.9793629565618901 1677.7
16778 0.9793721320302251 1677.8
16779 0.9793813119442117 1677.9
16780 0.9793904954297875 1678
16781 0.9793996814300796 1678.1
16782 0.9794088688548318 1678.2
16783 0.9794180565792666 1678.3
16784 0.9794272434338996 1678.4
16785 0.9794364282002173 1678.5
16786 0.9794456096147685 1678.6
16787 0.9794547863841883 1678.7
16788 0.9794639571975028 1678.8
16789 0.979473120738053 1678.9
16790 0.9794822756815484 1679
16791 0.9794914207553503 1679.1
16792 0.9795005547796687 1679.2
16793 0.9795096765851321 1679.3
16794 0.9795187850088751 1679.4
16795 0.979527878913431 1679.5
16796 0.9795368154587417 1679.6
16797 0.9795457156744106 1679.7
16798 0.9795545949667467 1679.8
16799 0.9795632221362701 1679.9
16800 0.9795715362368799 1680
16801 0.9795798446985637 1680.1
16802 0.9795881685094509 1680.2
16803 0.9795965046996619 1680.3
16804 0.9796048497547911 1680.4
16805 0.9796131996795761 1680.5
16806 0.9796215510223403 1680.6
16807 0.9796299003306608 1680.7
16808 0.9796382440332639 1680.8
16809 0.9796465817003766 1680.9
16810 0.9796549120691748 1681
16811 0.9796632342385394 1681.1
16812 0.9796715476003839 1681.2
16813 0.9796796595771621 1681.3
16814 0.9796873517460898 1681.4
16815 0.9796950775485326 1681.5
16816 0.9797027090866598 1681.6
16817 0.9797100782117557 1681.7
16818 0.9797174981529566 1681.8
16819 0.9797249127737671 1681.9
16820 0.9797323765670894 1682
16821 0.979739884613374 1682.1
16822 0.9797471999284724 1682.2
16823 0.9797540308119405 1682.3
16824 0.9797609172111164 1682.4
16825 0.9797678564524019 1682.5
16826 0.979774846112205 1682.6
16827 0.9797818839840778 1682.7
16828 0.9797889680719972 1682.8
16829 0.979796096587736 1682.9
16830 0.9798032679464916 1683
16831 0.9798104807419066 1683.1
16832 0.979817733727273 1683.2
16833 0.9798250258166294 1683.3
16834 0.979832356078989 1683.4
16835 0.9798397237047245 1683.5
16836 0.9798471280077968 1683.6
16837 0.9798545684080249 1683.7
16838 0.9798620444313327 1683.8
16839 0.9798695557067115 1683.9
16840 0.9798771019603976 1684
16841 0.9798846830058882 1684.1
16842 0.9798922987333505 1684.2
16843 0.9798999490981741 1684.3
16844 0.9799076341225565 1684.4
16845 0.9799153538581609 1684.5
16846 0.9799231083776716 1684.6
16847 0.979930897762579 1684.7
16848 0.979938722081928 1684.8
16849 0.9799465813724749 1684.9
16850 0.9799544756349171 1685
16851 0.9799624048401224 1685.1
16852 0.9799703688643502 1685.2
16853 0.9799783226022927 1685.3
16854 0.979986279967677 1685.4
16855 0.9799942754032738 1685.5
16856 0.9800023077062174 1685.6
16857 0.9800103755134901 1685.7
16858 0.9800184773389755 1685.8
16859 0.9800266115935381 1685.9
16860 0.9800347766027987 1686
16861 0.9800429706182666 1686.1
16862 0.9800511677517653 1686.2
16863 0.9800593756720509 1686.3
16864 0.9800676093544715 1686.4
16865 0.9800758667069509 1686.5
16866 0.9800841455975483 1686.6
16867 0.9800924438933668 1686.7
16868 0.9801007594957903 1686.8
16869 0.9801090903640217 1686.9
16870 0.9801174345359709 1687
16871 0.9801257901430566 1687.1
16872 0.9801341554216315 1687.2
16873 0.9801425287164737 1687.3
16874 0.9801509084877781 1687.4
16875 0.9801592933938421 1687.5
16876 0.9801676821986807 1687.6
16877 0.9801760737040893 1687.7
16878 0.9801844668249119 1687.8
16879 0.9801928606467201 1687.9
16880 0.9802012542465013 1688
16881 0.9802096467490546 1688.1
16882 0.9802180373559566 1688.2
16883 0.9802264253651003 1688.3
16884 0.9802348101767996 1688.4
16885 0.9802431812697812 1688.5
16886 0.9802510902590058 1688.6
16887 0.9802590249637578 1688.7
16888 0.9802669847890508 1688.8
16889 0.9802749684120767 1688.9
16890 0.9802829741805129 1689
16891 0.9802910005803487 1689.1
16892 0.9802990459543095 1689.2
16893 0.9803071086292939 1689.3
16894 0.9803151870008465 1689.4
16895 0.9803232795588134 1689.5
16896 0.9803313849182291 1689.6
16897 0.9803395018246386 1689.7
16898 0.9803476291671904 1689.8
16899 0.9803557659829021 1689.9
16900 0.980363911439659 1690
16901 0.9803720648221615 1690.1
16902 0.9803802255207555 1690.2
16903 0.9803883930203221 1690.3
16904 0.9803965668927302 1690.4
16905 0.9804047467825797 1690.5
16906 0.9804129140111545 1690.6
16907 0.9804210478861298 1690.7
16908 0.9804291851461517 1690.8
16909 0.9804373261125763 1690.9
16910 0.9804454710988422 1691
16911 0.9804536204058547 1691.1
16912 0.9804617743183096 1691.2
16913 0.98046993310438 1691.3
16914 0.9804780970184344 1691.4
16915 0.980486266303795 1691.5
16916 0.9804944411977828 1691.6
16917 0.9805026219360408 1691.7
16918 0.9805108087574796 1691.8
16919 0.9805190018873701 1691.9
16920 0.9805272016084182 1692
16921 0.9805354082089491 1692.1
16922 0.9805436219858075 1692.2
16923 0.9805518432486141 1692.3
16924 0.9805600723231772 1692.4
16925 0.9805683095404135 1692.5
16926 0.9805765468870539 1692.6
16927 0.9805845783565618 1692.7
16928 0.9805926327893979 1692.8
16929 0.9806007101751754 1692.9
16930 0.9806088102056461 1693
16931 0.9806169325464681 1693.1
16932 0.9806250769165568 1693.2
16933 0.9806332427672675 1693.3
16934 0.9806414296307373 1693.4
16935 0.9806496371250011 1693.5
16936 0.9806578649873171 1693.6
16937 0.9806661130832381 1693.7
16938 0.9806743814095114 1693.8
16939 0.9806826700934699 1693.9
16940 0.9806909793893792 1694
16941 0.9806993096717346 1694.1
16942 0.9807076614269089 1694.2
16943 0.9807159112807109 1694.3
16944 0.9807241381053214 1694.4
16945 0.9807324031803992 1694.5
16946 0.9807407067440745 1694.6
16947 0.9807490490249399 1694.7
16948 0.9807574302701554 1694.8
16949 0.9807658507473973 1694.9
16950 0.980774310735809 1695
16951 0.9807828105095245 1695.1
16952 0.9807913503214216 1695.2
16953 0.9807999303873851 1695.3
16954 0.9808085508673122 1695.4
16955 0.9808172118506971 1695.5
16956 0.980825913355433 1695.6
16957 0.9808346552945932 1695.7
16958 0.980843437475255 1695.8
16959 0.9808522595095139 1695.9
16960 0.9808611208083378 1696
16961 0.9808700205771372 1696.1
16962 0.9808789578139024 1696.2
16963 0.9808879312955374 1696.3
16964 0.9808969395661222 1696.4
16965 0.9809059809353821 1696.5
16966 0.9809150534525423 1696.6
16967 0.9809241549263833 1696.7
16968 0.9809332829543821 1696.8
16969 0.9809424349440818 1696.9
16970 0.9809516080888715 1697
16971 0.9809607994043137 1697.1
16972 0.9809700057582981 1697.2
16973 0.9809792238946781 1697.3
16974 0.9809884506419241 1697.4
16975 0.9809976826456274 1697.5
16976 0.9810069164329202 1697.6
16977 0.9810161484783122 1697.7
16978 0.9810253752918882 1697.8
16979 0.9810345934739861 1697.9
16980 0.9810437997620974 1698
16981 0.9810529910582941 1698.1
16982 0.9810621648984889 1698.2
16983 0.9810713188687252 1698.3
16984 0.981080419316793 1698.4
16985 0.9810895030141898 1698.5
16986 0.981098573336614 1698.6
16987 0.9811076289502386 1698.7
16988 0.9811166684530743 1698.8
16989 0.9811256904061204 1698.9
16990 0.9811346511542232 1699
16991 0.9811435666475223 1699.1
16992 0.9811524468712371 1699.2
16993 0.9811612914932479 1699.3
16994 0.9811701003649217 1699.4
16995 0.9811788735256121 1699.5
16996 0.9811876111995859 1699.6
16997 0.981196218484427 1699.7
16998 0.9812045544249255 1699.8
16999 0.981212872964153 1699.9
17000 0.9812211869621408 1700
17001 0.9812294906170883 1700.1
17002 0.9812377966867589 1700.2
17003 0.981246104759264 1700.3
17004 0.9812544143989991 1700.4
17005 0.9812627252433774 1700.5
17006 0.9812710370278315 1700.6
17007 0.9812793495874503 1700.7
17008 0.9812876628718736 1700.8
17009 0.9812959035156701 1700.9
17010 0.9813040872901517 1701
17011 0.9813122789901071 1701.1
17012 0.9813204783829296 1701.2
17013 0.9813286669312622 1701.3
17014 0.9813368546852167 1701.4
17015 0.9813450026466759 1701.5
17016 0.9813528813663344 1701.6
17017 0.9813607910859551 1701.7
17018 0.9813687307668755 1701.8
17019 0.9813766991132454 1701.9
17020 0.9813846947229382 1702
17021 0.9813927160764401 1702.1
17022 0.9814007617041781 1702.2
17023 0.9814087766825336 1702.3
17024 0.9814167558299203 1702.4
17025 0.9814247623876315 1702.5
17026 0.981432794631665 1702.6
17027 0.981440850835407 1702.7
17028 0.9814489292546273 1702.8
17029 0.9814570281413815 1702.9
17030 0.9814651457639357 1703
17031 0.9814732804247119 1703.1
17032 0.9814814304757844 1703.2
17033 0.9814895943301801 1703.3
17034 0.981497739413047 1703.4
17035 0.9815058586030539 1703.5
17036 0.9815139348244341 1703.6
17037 0.9815220071428012 1703.7
17038 0.9815300929155746 1703.8
17039 0.9815381918715999 1703.9
17040 0.9815463023923664 1704
17041 0.9815544230002674 1704.1
17042 0.9815625523651735 1704.2
17043 0.9815706893079119 1704.3
17044 0.981578832799969 1704.4
17045 0.9815869819559478 1704.5
17046 0.981595136028016 1704.6
17047 0.981603294403352 1704.7
17048 0.9816114565731933 1704.8
17049 0.9816196221338038 1704.9
17050 0.9816277907803862 1705
17051 0.9816359623040276 1705.1
17052 0.9816441365885892 1705.2
17053 0.9816523136005451 1705.3
17054 0.9816604933808679 1705.4
17055 0.9816686760416067 1705.5
17056 0.981676861764145 1705.6
17057 0.9816850507911535 1705.7
17058 0.9816932434232226 1705.8
17059 0.9817014400146965 1705.9
17060 0.981709640967047 1706
17061 0.9817178467302685 1706.1
17062 0.9817260577980361 1706.2
17063 0.9817342747036456 1706.3
17064 0.981742498014943 1706.4
17065 0.981750728328905 1706.5
17066 0.9817589662657652 1706.6
17067 0.9817672124634351 1706.7
17068 0.9817754675719023 1706.8
17069 0.981783732248095 1706.9
17070 0.9817920071509157 1707
17071 0.9818002929354008 1707.1
17072 0.9818085902479641 1707.2
17073 0.981816899721316 1707.3
17074 0.9818252219694162 1707.4
17075 0.9818335575829076 1707.5
17076 0.9818418635873839 1707.6
17077 0.9818501619307393 1707.7
17078 0.9818584706422765 1707.8
17079 0.9818667906236552 1707.9
17080 0.9818751227583753 1708
17081 0.9818834678714652 1708.1
17082 0.9818918267353917 1708.2
17083 0.9819002000739133 1708.3
17084 0.9819085885519521 1708.4
17085 0.9819169927721254 1708.5
17086 0.9819254132743874 1708.6
17087 0.9819338506479981 1708.7
17088 0.9819423055204158 1708.8
17089 0.9819507782104054 1708.9
17090 0.9819592689927038 1709
17091 0.9819677780978723 1709.1
17092 0.9819763057110013 1709.2
17093 0.9819848519712415 1709.3
17094 0.9819934169753974 1709.4
17095 0.98200200077922 1709.5
17096 0.9820106034038378 1709.6
17097 0.9820192248301738 1709.7
17098 0.9820278649896561 1709.8
17099 0.9820365237634039 1709.9
17100 0.9820452009827991 1710
17101 0.9820538964282381 1710.1
17102 0.9820626098277586 1710.2
17103 0.9820713408565362 1710.3
17104 0.9820800891399113 1710.4
17105 0.9820888047871515 1710.5
17106 0.9820974621889571 1710.6
17107 0.9821061418855909 1710.7
17108 0.9821148449475782 1710.8
17109 0.9821235713156331 1710.9
17110 0.9821322798589823 1711
17111 0.9821409786550174 1711.1
17112 0.9821496924942343 1711.2
17113 0.982158420595317 1711.3
17114 0.9821671622502752 1711.4
17115 0.982175916812279 1711.5
17116 0.9821846836892598 1711.6
17117 0.982193462340744 1711.7
17118 0.9822022522746927 1711.8
17119 0.9822110530455133 1711.9
17120 0.9822198642508856 1712
17121 0.9822286855343136 1712.1
17122 0.9822375165720287 1712.2
17123 0.9822463570643312 1712.3
17124 0.9822552066903203 1712.4
17125 0.9822640651720791 1712.5
17126 0.9822729322627551 1712.6
17127 0.9822818077359028 1712.7
17128 0.9822906914109643 1712.8
17129 0.9822995830696533 1712.9
17130 0.9823084824696681 1713
17131 0.9823173893298713 1713.1
17132 0.9823263032651707 1713.2
17133 0.9823352240334102 1713.3
17134 0.9823441513821554 1713.4
17135 0.9823530849589727 1713.5
17136 0.9823619849570745 1713.6
17137 0.9823708444103946 1713.7
17138 0.9823797059378259 1713.8
17139 0.9823885695359832 1713.9
17140 0.9823974350390946 1714
17141 0.9824063021027025 1714.1
17142 0.982415170237146 1714.2
17143 0.9824240388126128 1714.3
17144 0.9824329070805907 1714.4
17145 0.9824417741843797 1714.5
17146 0.9824506391722184 1714.6
17147 0.9824595010139621 1714.7
17148 0.9824682848020416 1714.8
17149 0.9824769838062495 1714.9
17150 0.9824856887707613 1715
17151 0.9824943978069112 1715.1
17152 0.9825031088434424 1715.2
17153 0.9825118197135148 1715.3
17154 0.9825205282614791 1715.4
17155 0.9825292323826561 1715.5
17156 0.9825379303118883 1715.6
17157 0.9825466204569132 1715.7
17158 0.9825553008854863 1715.8
17159 0.9825639697771061 1715.9
17160 0.9825726254901392 1716
17161 0.9825812160751608 1716.1
17162 0.9825896061923297 1716.2
17163 0.9825979952019712 1716.3
17164 0.9826063819716112 1716.4
17165 0.9826147647543345 1716.5
17166 0.9826231415574392 1716.6
17167 0.982631510349139 1716.7
17168 0.9826398691868237 1716.8
17169 0.9826482163008946 1716.9
17170 0.9826565501299065 1717
17171 0.982664869475209 1717.1
17172 0.9826731732836212 1717.2
17173 0.9826814606738536 1717.3
17174 0.9826897309100379 1717.4
17175 0.982697983350453 1717.5
17176 0.9827062174950808 1717.6
17177 0.9827144329830786 1717.7
17178 0.9827226295648961 1717.8
17179 0.9827308070137423 1717.9
17180 0.9827389652173211 1718
17181 0.9827471041802762 1718.1
17182 0.9827552239796827 1718.2
17183 0.9827633247459364 1718.3
17184 0.9827711708664806 1718.4
17185 0.9827787677377979 1718.5
17186 0.9827863264159116 1718.6
17187 0.9827936581036776 1718.7
17188 0.9828008238184824 1718.8
17189 0.9828080324880916 1718.9
17190 0.9828152805444508 1719
17191 0.9828225634254192 1719.1
17192 0.9828298762773729 1719.2
17193 0.9828372144729733 1719.3
17194 0.9828445738733289 1719.4
17195 0.9828519508836845 1719.5
17196 0.9828593424281364 1719.6
17197 0.9828667458984258 1719.7
17198 0.9828741590841049 1719.8
17199 0.982881580109664 1719.9
17200 0.98288869747222 1720
17201 0.9828955873970546 1720.1
17202 0.9829025181496146 1720.2
17203 0.9829094859992951 1720.3
17204 0.9829164869964585 1720.4
17205 0.9829235173825258 1720.5
17206 0.9829305733510268 1720.6
17207 0.9829376514930908 1720.7
17208 0.9829447489030118 1720.8
17209 0.9829513451455519 1720.9
17210 0.9829578112107544 1721
17211 0.982964309436135 1721.1
17212 0.9829708385986154 1721.2
17213 0.9829773976544761 1721.3
17214 0.9829839858099171 1721.4
17215 0.9829906019943294 1721.5
17216 0.9829971381851713 1721.6
17217 0.9830036313901687 1721.7
17218 0.9830101522285541 1721.8
17219 0.9830167064563715 1721.9
17220 0.9830232922656388 1722
17221 0.9830299078519305 1722.1
17222 0.9830365514740913 1722.2
17223 0.9830432215022669 1722.3
17224 0.9830499164358706 1722.4
17225 0.9830566349114418 1722.5
17226 0.9830633756992456 1722.6
17227 0.9830701377006016 1722.7
17228 0.9830769199440489 1722.8
17229 0.9830836111178854 1722.9
17230 0.983090266720549 1723
17231 0.983096950129668 1723.1
17232 0.9831036601516039 1723.2
17233 0.9831103955643866 1723.3
17234 0.9831171551730484 1723.4
17235 0.9831239378418396 1723.5
17236 0.9831307139496647 1723.6
17237 0.9831374054141213 1723.7
17238 0.9831441249159067 1723.8
17239 0.9831508713719253 1723.9
17240 0.9831576437004577 1724
17241 0.983164440859738 1724.1
17242 0.9831712618799348 1724.2
17243 0.9831781058385143 1724.3
17244 0.983184971880487 1724.4
17245 0.9831918592195398 1724.5
17246 0.9831987671358506 1724.6
17247 0.9832056949745048 1724.7
17248 0.983212642143081 1724.8
17249 0.9832196081103119 1724.9
17250 0.9832265924026486 1725
17251 0.9832335946015308 1725.1
17252 0.9832406143415954 1725.2
17253 0.9832476513081666 1725.3
17254 0.9832547052350761 1725.4
17255 0.9832617759030938 1725.5
17256 0.9832688631382234 1725.6
17257 0.9832759668101015 1725.7
17258 0.983283086830388 1725.8
17259 0.9832902152312897 1725.9
17260 0.9832972949551997 1726
17261 0.9833043967561554 1726.1
17262 0.9833115204697479 1726.2
17263 0.9833186659460634 1726.3
17264 0.9833258330694457 1726.4
17265 0.9833330217684431 1726.5
17266 0.9833402320200292 1726.6
17267 0.9833474563979243 1726.7
17268 0.9833546999383351 1726.8
17269 0.9833619653537325 1726.9
17270 0.983369252801888 1727
17271 0.9833765624847163 1727.1
17272 0.9833838946488935 1727.2
17273 0.9833912495831761 1727.3
17274 0.9833986276160438 1727.4
17275 0.983406029112616 1727.5
17276 0.9834134544707799 1727.6
17277 0.9834209041165896 1727.7
17278 0.9834283784959429 1727.8
17279 0.9834358780693787 1727.9
17280 0.9834434033100997 1728
17281 0.9834509546947691 1728.1
17282 0.9834585326939345 1728.2
17283 0.9834661377623044 1728.3
17284 0.9834737703297866 1728.4
17285 0.983481430799359 1728.5
17286 0.9834891195448637 1728.6
17287 0.9834968368901038 1728.7
17288 0.9835045831097818 1728.8
17289 0.9835123583985862 1728.9
17290 0.9835201628704577 1729
17291 0.9835279965505064 1729.1
17292 0.983535859370831 1729.2
17293 0.9835437511670496 1729.3
17294 0.9835516716773547 1729.4
17295 0.9835596205428039 1729.5
17296 0.9835675973078241 1729.6
17297 0.9835756014028967 1729.7
17298 0.9835836321529816 1729.8
17299 0.9835916887771846 1729.9
17300 0.9835997703902014 1730
17301 0.983607875997196 1730.1
17302 0.9836160044796889 1730.2
17303 0.9836241546305264 1730.3
17304 0.983632325150788 1730.4
17305 0.9836405146697399 1730.5
17306 0.9836487217462258 1730.6
17307 0.9836568002166618 1730.7
17308 0.9836648351633023 1730.8
17309 0.9836728743811167 1730.9
17310 0.9836809183016728 1731
17311 0.9836889673894721 1731.1
17312 0.9836970220770578 1731.2
17313 0.983705082698393 1731.3
17314 0.9837131494167686 1731.4
17315 0.9837212222659336 1731.5
17316 0.9837293011372026 1731.6
17317 0.983737385742302 1731.7
17318 0.9837454756655293 1731.8
17319 0.9837535704018611 1731.9
17320 0.9837616695298897 1732
17321 0.9837697725868885 1732.1
17322 0.9837778789663416 1732.2
17323 0.9837859880503177 1732.3
17324 0.9837940992745058 1732.4
17325 0.9838022119844165 1732.5
17326 0.983810325480016 1732.6
17327 0.9838184390321765 1732.7
17328 0.9838265452576321 1732.8
17329 0.983834602941092 1732.9
17330 0.9838426618997499 1733
17331 0.9838507016156851 1733.1
17332 0.9838587306743314 1733.2
17333 0.9838664877971465 1733.3
17334 0.9838741775486426 1733.4
17335 0.9838818901197649 1733.5
17336 0.9838896237988443 1733.6
17337 0.9838973352528434 1733.7
17338 0.9839049956985876 1733.8
17339 0.983912666664965 1733.9
17340 0.9839203471825513 1734
17341 0.9839280363722256 1734.1
17342 0.9839357334554457 1734.2
17343 0.9839434377086221 1734.3
17344 0.9839511484491918 1734.4
17345 0.9839588650675283 1734.5
17346 0.9839665870733183 1734.6
17347 0.983974314067428 1734.7
17348 0.9839820457240553 1734.8
17349 0.9839897817925938 1734.9
17350 0.9839975220849589 1735
17351 0.9840052664500923 1735.1
17352 0.9840130147859789 1735.2
17353 0.9840207670351117 1735.3
17354 0.9840285231830775 1735.4
17355 0.9840362832572589 1735.5
17356 0.9840439663993094 1735.6
17357 0.9840514948067248 1735.7
17358 0.9840590406150609 1735.8
17359 0.9840666036542864 1735.9
17360 0.9840741833543987 1736
17361 0.9840817789539712 1736.1
17362 0.9840893896491151 1736.2
17363 0.9840970146480599 1736.3
17364 0.9841046532256862 1736.4
17365 0.9841123047578736 1736.5
17366 0.9841199687377894 1736.6
17367 0.9841276085593055 1736.7
17368 0.9841352424062664 1736.8
17369 0.9841428888364939 1736.9
17370 0.984150548170842 1737
17371 0.9841582207167122 1737.1
17372 0.9841659067452966 1737.2
17373 0.9841735526333812 1737.3
17374 0.9841810420565286 1737.4
17375 0.9841885642790645 1737.5
17376 0.9841961186311633 1737.6
17377 0.9842037042228684 1737.7
17378 0.9842113200501341 1737.8
17379 0.9842189650069638 1737.9
17380 0.984226628822035 1738
17381 0.9842343170022384 1738.1
17382 0.9842420307975579 1738.2
17383 0.9842497688297641 1738.3
17384 0.9842575296906472 1738.4
17385 0.9842653119384123 1738.5
17386 0.9842731141212734 1738.6
17387 0.9842809347886008 1738.7
17388 0.9842887724994692 1738.8
17389 0.9842966260153564 1738.9
17390 0.9843044939635605 1739
17391 0.9843123717562514 1739.1
17392 0.9843202354326868 1739.2
17393 0.9843281135913293 1739.3
17394 0.9843360047552276 1739.4
17395 0.9843439074641768 1739.5
17396 0.9843518203474629 1739.6
17397 0.9843597421084676 1739.7
17398 0.9843676715258356 1739.8
17399 0.9843756074562308 1739.9
17400 0.9843835488359224 1740
17401 0.9843914946807142 1740.1
17402 0.9843994440852005 1740.2
17403 0.9844073962217175 1740.3
17404 0.9844153503423971 1740.4
17405 0.9844233057746326 1740.5
17406 0.9844312619170816 1740.6
17407 0.9844392182361362 1740.7
17408 0.984447174274015 1740.8
17409 0.9844550438657779 1740.9
17410 0.9844628937996801 1741
17411 0.9844707435834137 1741.1
17412 0.984478592632631 1741.2
17413 0.9844864403095817 1741.3
17414 0.9844942691224867 1741.4
17415 0.9845020931620169 1741.5
17416 0.984509912994704 1741.6
17417 0.9845177284212093 1741.7
17418 0.9845255393313509 1741.8
17419 0.9845333456991224 1741.9
17420 0.9845411475804708 1742
17421 0.9845489451061958 1742.1
17422 0.9845567384729522 1742.2
17423 0.9845645279381769 1742.3
17424 0.9845723138149683 1742.4
17425 0.9845800964663562 1742.5
17426 0.9845878763002557 1742.6
17427 0.9845956537629004 1742.7
17428 0.9846034293177692 1742.8
17429 0.9846112034653207 1742.9
17430 0.9846189767402808 1743
17431 0.9846267496980158 1743.1
17432 0.9846345228546072 1743.2
17433 0.9846422307017342 1743.3
17434 0.9846498348114587 1743.4
17435 0.9846574520225254 1743.5
17436 0.9846650823276888 1743.6
17437 0.9846727255548647 1743.7
17438 0.9846803814750821 1743.8
17439 0.9846880498476946 1743.9
17440 0.9846957304334969 1744
17441 0.9847034230315198 1744.1
17442 0.984711127485387 1744.2
17443 0.984718821916452 1744.3
17444 0.9847264199386656 1744.4
17445 0.9847340392352038 1744.5
17446 0.9847416794279872 1744.6
17447 0.9847493400925316 1744.7
17448 0.9847570207859208 1744.8
17449 0.984764721065382 1744.9
17450 0.9847724405102427 1745
17451 0.9847801787150551 1745.1
17452 0.9847879352849789 1745.2
17453 0.9847957098326412 1745.3
17454 0.9848035019727568 1745.4
17455 0.9848113113086374 1745.5
17456 0.9848191374313009 1745.6
17457 0.9848269799266617 1745.7
17458 0.9848348383705239 1745.8
17459 0.9848427123238267 1745.9
17460 0.9848506013293692 1746
17461 0.9848585049049375 1746.1
17462 0.9848663781957061 1746.2
17463 0.9848742185707086 1746.3
17464 0.9848820672693731 1746.4
17465 0.9848899246143512 1746.5
17466 0.9848977909568537 1746.6
17467 0.9849056666144822 1746.7
17468 0.9849135518580728 1746.8
17469 0.9849214469113454 1746.9
17470 0.9849293519296358 1747
17471 0.9849372669831058 1747.1
17472 0.984945192059057 1747.2
17473 0.9849531270744732 1747.3
17474 0.9849610718841503 1747.4
17475 0.9849690262833241 1747.5
17476 0.9849769900153181 1747.6
17477 0.9849849627736156 1747.7
17478 0.9849929442369668 1747.8
17479 0.9850008969882535 1747.9
17480 0.9850088218317615 1748
17481 0.9850167577609583 1748.1
17482 0.985024704027852 1748.2
17483 0.9850326600886085 1748.3
17484 0.9850405369002834 1748.4
17485 0.985048411363543 1748.5
17486 0.9850562990140045 1748.6
17487 0.9850641990873039 1748.7
17488 0.9850721105604452 1748.8
17489 0.9850800322569466 1748.9
17490 0.9850879629862005 1749
17491 0.9850959015361697 1749.1
17492 0.9851038466704847 1749.2
17493 0.9851117971246237 1749.3
17494 0.9851197517344994 1749.4
17495 0.9851277094274733 1749.5
17496 0.9851356692154528 1749.6
17497 0.9851436301891706 1749.7
17498 0.985151591511465 1749.8
17499 0.9851595524102373 1749.9
17500 0.9851675121409764 1750
17501 0.9851754700087509 1750.1
17502 0.9851834253952192 1750.2
17503 0.9851913777408218 1750.3
17504 0.9851993265361667 1750.4
17505 0.9852072713164527 1750.5
17506 0.9852152116567737 1750.6
17507 0.9852231471630899 1750.7
17508 0.9852310774739322 1750.8
17509 0.985239002258279 1750.9
17510 0.9852469212001589 1751
17511 0.9852548340175696 1751.1
17512 0.985262720803629 1751.2
17513 0.9852705371841795 1751.3
17514 0.9852782991606525 1751.4
17515 0.9852860507554826 1751.5
17516 0.9852937959147969 1751.6
17517 0.9853015345945516 1751.7
17518 0.985309266796609 1751.8
17519 0.9853169925559536 1751.9
17520 0.9853245215073211 1752
17521 0.9853320178551603 1752.1
17522 0.985339519428164 1752.2
17523 0.9853470259402812 1752.3
17524 0.9853545368583773 1752.4
17525 0.9853620515192121 1752.5
17526 0.9853695692086267 1752.6
17527 0.9853770892174908 1752.7
17528 0.9853846108861321 1752.8
17529 0.9853921336395004 1752.9
17530 0.9853996569485391 1753
17531 0.9854071803560206 1753.1
17532 0.9854147035252011 1753.2
17533 0.9854222262190601 1753.3
17534 0.9854297482855997 1753.4
17535 0.9854372696464242 1753.5
17536 0.9854447902853652 1753.6
17537 0.9854523102502796 1753.7
17538 0.9854596276181933 1753.8
17539 0.985466941647681 1753.9
17540 0.9854742710962127 1754
17541 0.9854816153170323 1754.1
17542 0.9854889736170849 1754.2
17543 0.9854963452705379 1754.3
17544 0.9855037295458035 1754.4
17545 0.9855111257252335 1754.5
17546 0.9855185331001028 1754.6
17547 0.9855259509914103 1754.7
17548 0.9855333416864801 1754.8
17549 0.9855406937091417 1754.9
17550 0.985548060866042 1755
17551 0.9855554061338883 1755.1
17552 0.985562653226472 1755.2
17553 0.9855699235819345 1755.3
17554 0.9855772160871679 1755.4
17555 0.9855845292633756 1755.5
17556 0.9855918614599195 1755.6
17557 0.9855992110525609 1755.7
17558 0.9856065765082349 1755.8
17559 0.9856139564158032 1755.9
17560 0.9856213494991385 1756
17561 0.9856287546141678 1756.1
17562 0.9856361707443367 1756.2
17563 0.9856435969874741 1756.3
17564 0.9856510325485646 1756.4
17565 0.9856584767243015 1756.5
17566 0.9856659288860012 1756.6
17567 0.9856733884652141 1756.7
17568 0.985680854937803 1756.8
17569 0.9856883278124384 1756.9
17570 0.9856958066232197 1757
17571 0.9857032909540387 1757.1
17572 0.9857107804200632 1757.2
17573 0.9857182746130631 1757.3
17574 0.985725773127954 1757.4
17575 0.9857332755669838 1757.5
17576 0.9857407815403922 1757.6
17577 0.9857482906641154 1757.7
17578 0.9857558025644336 1757.8
17579 0.9857633168770699 1757.9
17580 0.9857708332476668 1758
17581 0.9857783513344931 1758.1
17582 0.9857858707938 1758.2
17583 0.985793391268513 1758.3
17584 0.9858009123768368 1758.4
17585 0.9858084337883964 1758.5
17586 0.9858159552062863 1758.6
17587 0.9858234763573182 1758.7
17588 0.9858309969868484 1758.8
17589 0.9858385168555281 1758.9
17590 0.9858460357374268 1759
17591 0.9858535534184857 1759.1
17592 0.9858610696959006 1759.2
17593 0.9858685843671047 1759.3
17594 0.9858760972518388 1759.4
17595 0.9858836081806173 1759.5
17596 0.9858911169936957 1759.6
17597 0.9858985293092666 1759.7
17598 0.9859057908633573 1759.8
17599 0.9859130663418973 1759.9
17600 0.9859203551175041 1760
17601 0.9859276558871479 1760.1
17602 0.9859349670535759 1760.2
17603 0.9859422869637189 1760.3
17604 0.9859496140301339 1760.4
17605 0.9859569468008899 1760.5
17606 0.9859642839734433 1760.6
17607 0.9859716244542656 1760.7
17608 0.9859789673372977 1760.8
17609 0.9859863118814087 1760.9
17610 0.9859936574815575 1761
17611 0.9860009185766809 1761.1
17612 0.9860080975957499 1761.2
17613 0.986015285012602 1761.3
17614 0.9860224801692761 1761.4
17615 0.98602968227222 1761.5
17616 0.9860368904616356 1761.6
17617 0.9860441038905576 1761.7
17618 0.9860513217682011 1761.8
17619 0.9860585434267327 1761.9
17620 0.9860657508900014 1762
17621 0.9860725919234712 1762.1
17622 0.9860794089831042 1762.2
17623 0.986086135619716 1762.3
17624 0.9860928984170194 1762.4
17625 0.9860996942616497 1762.5
17626 0.9861065198954315 1762.6
17627 0.9861133722734104 1762.7
17628 0.9861202486922296 1762.8
17629 0.9861271407392066 1762.9
17630 0.9861339933598449 1763
17631 0.9861408669811772 1763.1
17632 0.9861477598682099 1763.2
17633 0.9861546029338083 1763.3
17634 0.9861610523468007 1763.4
17635 0.9861675237144872 1763.5
17636 0.9861740377513925 1763.6
17637 0.9861805917465418 1763.7
17638 0.9861871824525623 1763.8
17639 0.9861938065440509 1763.9
17640 0.9862004608884121 1764
17641 0.9862071427395981 1764.1
17642 0.9862137312639844 1764.2
17643 0.9862198343170273 1764.3
17644 0.98622594527091 1764.4
17645 0.9862320985294311 1764.5
17646 0.9862382924646895 1764.6
17647 0.9862445254572191 1764.7
17648 0.9862507959069848 1764.8
17649 0.9862571022317735 1764.9
17650 0.9862634428676141 1765
17651 0.9862698162702082 1765.1
17652 0.9862762209153002 1765.2
17653 0.9862826552971962 1765.3
17654 0.9862891179275859 1765.4
17655 0.9862956073447788 1765.5
17656 0.9863021221023819 1765.6
17657 0.9863086607692707 1765.7
17658 0.986315221933506 1765.8
17659 0.9863218042046448 1765.9
17660 0.9863284062097069 1766
17661 0.9863350266151678 1766.1
17662 0.9863416641239032 1766.2
17663 0.9863483174774615 1766.3
17664 0.986354985459359 1766.4
17665 0.9863616668959332 1766.5
17666 0.9863683606573296 1766.6
17667 0.986375035789452 1766.7
17668 0.9863817155953956 1766.8
17669 0.9863884080227001 1766.9
17670 0.9863951118645573 1767
17671 0.986401825967623 1767.1
17672 0.9864085491988358 1767.2
17673 0.9864152804725503 1767.3
17674 0.9864220187683247 1767.4
17675 0.9864287631408033 1767.5
17676 0.9864355127172195 1767.6
17677 0.9864422666858181 1767.7
17678 0.9864490242968916 1767.8
17679 0.9864557848608432 1767.9
17680 0.9864625477453676 1768
17681 0.9864693123727817 1768.1
17682 0.9864760782166523 1768.2
17683 0.9864828447986532 1768.3
17684 0.9864896116878031 1768.4
17685 0.9864963784972606 1768.5
17686 0.9865031448812718 1768.6
17687 0.9865099105340207 1768.7
17688 0.986516675188192 1768.8
17689 0.9865234386133026 1768.9
17690 0.9865302006138627 1769
17691 0.9865369610281307 1769.1
17692 0.9865437197298035 1769.2
17693 0.9865504766203685 1769.3
17694 0.9865572316281461 1769.4
17695 0.9865639847067538 1769.5
17696 0.9865707358334609 1769.6
17697 0.9865774850073279 1769.7
17698 0.9865842243965041 1769.8
17699 0.9865909489916423 1769.9
17700 0.9865976707961792 1770
17701 0.9866043899877307 1770.1
17702 0.986611106773124 1770.2
17703 0.9866178213757636 1770.3
17704 0.9866245340278329 1770.4
17705 0.9866312449624944 1770.5
17706 0.9866379534812383 1770.6
17707 0.9866442478054327 1770.7
17708 0.9866505471384756 1770.8
17709 0.9866568739371862 1770.9
17710 0.986663226843411 1771
17711 0.9866696042780541 1771.1
17712 0.9866760046253935 1771.2
17713 0.9866824263205376 1771.3
17714 0.9866888678899574 1771.4
17715 0.9866953279783499 1771.5
17716 0.9867018053760684 1771.6
17717 0.986708298996164 1771.7
17718 0.9867148078831065 1771.8
17719 0.9867213311907096 1771.9
17720 0.9867277662640203 1772
17721 0.9867341968211536 1772.1
17722 0.9867406460706426 1772.2
17723 0.9867471141152335 1772.3
17724 0.9867536000622544 1772.4
17725 0.986760103090789 1772.5
17726 0.9867666224595556 1772.6
17727 0.9867731575044557 1772.7
17728 0.986779705892184 1772.8
17729 0.9867862665916947 1772.9
17730 0.9867928416962253 1773
17731 0.986799384541181 1773.1
17732 0.9868059155685618 1773.2
17733 0.986812465245833 1773.3
17734 0.9868190331722415 1773.4
17735 0.9868256190594707 1773.5
17736 0.9868322225300297 1773.6
17737 0.9868388432363879 1773.7
17738 0.9868454808634797 1773.8
17739 0.9868521351281722 1773.9
17740 0.9868588057822125 1774
17741 0.9868654926069688 1774.1
17742 0.9868721954020013 1774.2
17743 0.9868789139876613 1774.3
17744 0.9868856482069941 1774.4
17745 0.9868923948683898 1774.5
17746 0.986899151192937 1774.6
17747 0.9869059218356362 1774.7
17748 0.9869127066898351 1774.8
17749 0.9869195056711368 1774.9
17750 0.9869263187193933 1775
17751 0.9869331457842715 1775.1
17752 0.9869399868285381 1775.2
17753 0.9869468418240472 1775.3
17754 0.9869537107488848 1775.4
17755 0.9869605935848269 1775.5
17756 0.9869674903197334 1775.6
17757 0.9869744009408563 1775.7
17758 0.9869813254304862 1775.8
17759 0.9869882637672301 1775.9
17760 0.9869952159226477 1776
17761 0.9870021818631348 1776.1
17762 0.9870091615463731 1776.2
17763 0.9870161549391112 1776.3
17764 0.9870231620566333 1776.4
17765 0.9870301828718578 1776.5
17766 0.9870372173116684 1776.6
17767 0.9870442652576835 1776.7
17768 0.9870513265496573 1776.8
17769 0.9870584009885436 1776.9
17770 0.9870654883393649 1777
17771 0.9870725883314835 1777.1
17772 0.98707970066571 1777.2
17773 0.9870868250239184 1777.3
17774 0.987093961137285 1777.4
17775 0.9871011086854202 1777.5
17776 0.9871082672748988 1777.6
17777 0.9871154364694172 1777.7
17778 0.9871226158009508 1777.8
17779 0.9871298047699959 1777.9
17780 0.9871369871663388 1778
17781 0.9871441790621303 1778.1
17782 0.9871513813563957 1778.2
17783 0.9871585936801586 1778.3
17784 0.9871658156042504 1778.4
17785 0.9871730466384779 1778.5
17786 0.9871802862322946 1778.6
17787 0.9871875040866526 1778.7
17788 0.9871947063583359 1778.8
17789 0.9872019118830696 1778.9
17790 0.987209120423331 1779
17791 0.9872163315265667 1779.1
17792 0.9872235447222156 1779.2
17793 0.9872307430772591 1779.3
17794 0.987237927243397 1779.4
17795 0.987245108634482 1779.5
17796 0.9872522868972353 1779.6
17797 0.9872594616062258 1779.7
17798 0.9872666323402552 1779.8
17799 0.9872737987241433 1779.9
17800 0.9872809068985389 1780
17801 0.9872879427897422 1780.1
17802 0.9872949789830008 1780.2
17803 0.9873020145903511 1780.3
17804 0.9873090487535991 1780.4
17805 0.9873160806711699 1780.5
17806 0.9873231096517385 1780.6
17807 0.9873301351102179 1780.7
17808 0.987337156536784 1780.8
17809 0.9873441734732303 1780.9
17810 0.9873511855231568 1781
17811 0.9873581923562379 1781.1
17812 0.9873651937051328 1781.2
17813 0.9873721893631522 1781.3
17814 0.9873791791844375 1781.4
17815 0.9873861630641664 1781.5
17816 0.9873931409372206 1781.6
17817 0.9874001128041344 1781.7
17818 0.9874070786855057 1781.8
17819 0.9874140385994781 1781.9
17820 0.9874209381820588 1782
17821 0.9874278275123324 1782.1
17822 0.9874347101007039 1782.2
17823 0.9874415382084258 1782.3
17824 0.9874482663046157 1782.4
17825 0.987454998931098 1782.5
17826 0.987461736247326 1782.6
17827 0.9874684782952643 1782.7
17828 0.9874752250399237 1782.8
17829 0.9874819763999615 1782.9
17830 0.9874887322697267 1783
17831 0.9874954925909354 1783.1
17832 0.9875022572718875 1783.2
17833 0.9875090262093834 1783.3
17834 0.9875157993198138 1783.4
17835 0.9875225765292621 1783.5
17836 0.9875293574254 1783.6
17837 0.987536110837656 1783.7
17838 0.9875428721655037 1783.8
17839 0.9875496411708724 1783.9
17840 0.9875564176312644 1784
17841 0.9875632013605196 1784.1
17842 0.9875699922169925 1784.2
17843 0.9875767901066663 1784.3
17844 0.9875835949758326 1784.4
17845 0.9875904068148853 1784.5
17846 0.9875972256380727 1784.6
17847 0.9876040514846532 1784.7
17848 0.987610884415667 1784.8
17849 0.9876177245076156 1784.9
17850 0.9876245718496888 1785
17851 0.9876314265457284 1785.1
17852 0.987638288708705 1785.2
17853 0.9876451584555659 1785.3
17854 0.9876520359036968 1785.4
17855 0.9876589211683964 1785.5
17856 0.9876658143603183 1785.6
17857 0.9876727155830036 1785.7
17858 0.9876796249303591 1785.8
17859 0.9876865424836812 1785.9
17860 0.9876934558277116 1786
17861 0.9877003765381213 1786.1
17862 0.987707306387426 1786.2
17863 0.9877142431038868 1786.3
17864 0.9877211739803318 1786.4
17865 0.9877281124837626 1786.5
17866 0.9877350586277487 1786.6
17867 0.9877420124162073 1786.7
17868 0.9877489738353674 1786.8
17869 0.9877559428504546 1786.9
17870 0.9877629194056503 1787
17871 0.9877699034261778 1787.1
17872 0.9877768948199124 1787.2
17873 0.9877838934817285 1787.3
17874 0.9877908992940989 1787.4
17875 0.9877979121281174 1787.5
17876 0.9878049318444942 1787.6
17877 0.987811958294492 1787.7
17878 0.9878189913216643 1787.8
17879 0.9878260307632554 1787.9
17880 0.9878330764517175 1788
17881 0.9878401282163581 1788.1
17882 0.9878471858846094 1788.2
17883 0.9878542492837791 1788.3
17884 0.9878613182423492 1788.4
17885 0.9878683925910869 1788.5
17886 0.9878754721642524 1788.6
17887 0.9878825568005182 1788.7
17888 0.9878896463437127 1788.8
17889 0.9878967311178342 1788.9
17890 0.9879037224044392 1789
17891 0.9879107227906431 1789.1
17892 0.9879177319164459 1789.2
17893 0.9879247492861027 1789.3
17894 0.9879317743523056 1789.4
17895 0.9879388065763656 1789.5
17896 0.9879458454332111 1789.6
17897 0.9879528904291552 1789.7
17898 0.9879599411113831 1789.8
17899 0.9879669970665673 1789.9
17900 0.9879740579224058 1790
17901 0.9879811233868937 1790.1
17902 0.9879881931784156 1790.2
17903 0.987995267046912 1790.3
17904 0.9880023447731676 1790.4
17905 0.9880094261689397 1790.5
17906 0.9880165110691959 1790.6
17907 0.9880235993228601 1790.7
17908 0.9880306907847957 1790.8
17909 0.9880377852878165 1790.9
17910 0.9880447798010954 1791
17911 0.9880517796040733 1791.1
17912 0.9880587896885711 1791.2
17913 0.9880658094683353 1791.3
17914 0.9880728383203403 1791.4
17915 0.9880798756077389 1791.5
17916 0.9880869009763175 1791.6
17917 0.9880938674818875 1791.7
17918 0.9881008466186069 1791.8
17919 0.9881078379058547 1791.9
17920 0.9881148406554616 1792
17921 0.9881218540598741 1792.1
17922 0.9881288107261361 1792.2
17923 0.9881357744487517 1792.3
17924 0.9881427460915702 1792.4
17925 0.9881497255797758 1792.5
17926 0.9881567128332751 1792.6
17927 0.988163707742584 1792.7
17928 0.9881707101550729 1792.8
17929 0.9881777198715972 1792.9
17930 0.9881847366507003 1793
17931 0.9881917602125747 1793.1
17932 0.9881987902444873 1793.2
17933 0.9882058264067045 1793.3
17934 0.9882128683380752 1793.4
17935 0.9882199156449024 1793.5
17936 0.9882269679252723 1793.6
17937 0.9882340247968496 1793.7
17938 0.9882410858763937 1793.8
17939 0.9882481507721323 1793.9
17940 0.9882552190874053 1794
17941 0.9882622904226456 1794.1
17942 0.9882693643769703 1794.2
17943 0.9882764405458763 1794.3
17944 0.9882835185434514 1794.4
17945 0.9882905979633589 1794.5
17946 0.9882976783785133 1794.6
17947 0.9883047594010228 1794.7
17948 0.9883118406737891 1794.8
17949 0.9883189218641447 1794.9
17950 0.9883260026601108 1795
17951 0.9883330827677996 1795.1
17952 0.988340161909957 1795.2
17953 0.988347239825305 1795.3
17954 0.9883543162563396 1795.4
17955 0.9883613909682541 1795.5
17956 0.9883684637448019 1795.6
17957 0.9883755343846791 1795.7
17958 0.9883826027099787 1795.8
17959 0.9883896685603629 1795.9
17960 0.9883967317823609 1796
17961 0.9884037922357634 1796.1
17962 0.9884108497915757 1796.2
17963 0.9884179043345261 1796.3
17964 0.9884249181429492 1796.4
17965 0.9884318990963143 1796.5
17966 0.9884388490643452 1796.6
17967 0.9884456762425405 1796.7
17968 0.9884524931567166 1796.8
17969 0.9884593135903784 1796.9
17970 0.9884661370549302 1797
17971 0.9884729629462732 1797.1
17972 0.9884797906328298 1797.2
17973 0.9884866194760571 1797.3
17974 0.9884934488718812 1797.4
17975 0.9885002782744075 1797.5
17976 0.988507107202395 1797.6
17977 0.9885139352450542 1797.7
17978 0.9885207620666319 1797.8
17979 0.9885275874512816 1797.9
17980 0.9885343886828237 1798
17981 0.988541164036713 1798.1
17982 0.9885479364469363 1798.2
17983 0.9885546835851755 1798.3
17984 0.9885612719085657 1798.4
17985 0.9885678698166561 1798.5
17986 0.9885744771653616 1798.6
17987 0.988581093649846 1798.7
17988 0.9885877188753337 1798.8
17989 0.9885943523929717 1798.9
17990 0.988600993723545 1799
17991 0.9886076423926383 1799.1
17992 0.9886142979363578 1799.2
17993 0.9886209598976561 1799.3
17994 0.9886276278369756 1799.4
17995 0.9886343013371075 1799.5
17996 0.9886409800091885 1799.6
17997 0.9886476634939453 1799.7
17998 0.9886543514619943 1799.8
17999 0.9886610436141106 1799.9
18000 0.9886677396802783 1800
18001 0.9886744205254707 1800.1
18002 0.9886810095156796 1800.2
18003 0.9886876097175866 1800.3
18004 0.9886942208081241 1800.4
18005 0.9887008421878282 1800.5
18006 0.9887074731320676 1800.6
18007 0.9887141128797358 1800.7
18008 0.9887206874971826 1800.8
18009 0.9887272543585406 1800.9
18010 0.9887338354703694 1801
18011 0.9887404255363657 1801.1
18012 0.9887470186523198 1801.2
18013 0.9887536248904358 1801.3
18014 0.9887602434509499 1801.4
18015 0.9887668735964094 1801.5
18016 0.9887735146477212 1801.6
18017 0.9887801659796479 1801.7
18018 0.9887868270149551 1801.8
18019 0.9887934972187665 1801.9
18020 0.9888001760945652 1802
18021 0.988806863179795 1802.1
18022 0.9888135580417875 1802.2
18023 0.9888202602750615 1802.3
18024 0.9888269695045925 1802.4
18025 0.9888336853815687 1802.5
18026 0.9888404075810348 1802.6
18027 0.9888471357990737 1802.7
18028 0.9888538697513183 1802.8
18029 0.988860609171278 1802.9
18030 0.9888673538094161 1803
18031 0.9888741034320542 1803.1
18032 0.9888808578204668 1803.2
18033 0.9888876167707964 1803.3
18034 0.9888943800932999 1803.4
18035 0.9889011474223495 1803.5
18036 0.9889079109947299 1803.6
18037 0.9889146779076858 1803.7
18038 0.9889214480599583 1803.8
18039 0.9889282213689748 1803.9
18040 0.9889349977664564 1804
18041 0.9889417771957731 1804.1
18042 0.9889485596097084 1804.2
18043 0.9889553449687243 1804.3
18044 0.9889621332396991 1804.4
18045 0.9889688703177973 1804.5
18046 0.988975562257462 1804.6
18047 0.9889822605063204 1804.7
18048 0.9889889648162834 1804.8
18049 0.9889956748264375 1804.9
18050 0.9890023901299164 1805
18051 0.9890091103156307 1805.1
18052 0.9890158349913353 1805.2
18053 0.9890225637987529 1805.3
18054 0.9890292964183246 1805.4
18055 0.9890360325690141 1805.5
18056 0.9890427720056811 1805.6
18057 0.9890494849954292 1805.7
18058 0.9890560750854018 1805.8
18059 0.9890626313519965 1805.9
18060 0.9890691969157007 1806
18061 0.9890757712686498 1806.1
18062 0.989082353790935 1806.2
18063 0.9890889437872479 1806.3
18064 0.98909551728512 1806.4
18065 0.9891019814596377 1806.5
18066 0.9891084593401467 1806.6
18067 0.9891149501883357 1806.7
18068 0.989121453125296 1806.8
18069 0.9891279673004095 1806.9
18070 0.9891344919038054 1807
18071 0.9891410261895834 1807.1
18072 0.9891475694704084 1807.2
18073 0.9891541211133785 1807.3
18074 0.9891606052915688 1807.4
18075 0.9891670633933262 1807.5
18076 0.9891735352888079 1807.6
18077 0.9891800202303258 1807.7
18078 0.9891865174847974 1807.8
18079 0.9891930263347861 1807.9
18080 0.9891995460742574 1808
18081 0.9892060760183821 1808.1
18082 0.9892126155074267 1808.2
18083 0.9892191639074303 1808.3
18084 0.989225720602952 1808.4
18085 0.9892322849998906 1808.5
18086 0.9892388565216527 1808.6
18087 0.9892454346087454 1808.7
18088 0.9892520187169341 1808.8
18089 0.9892586083157422 1808.9
18090 0.9892652029269994 1809
18091 0.9892718021105351 1809.1
18092 0.989278387001277 1809.2
18093 0.9892849609381864 1809.3
18094 0.9892913540686759 1809.4
18095 0.9892977003304206 1809.5
18096 0.9893040014680502 1809.6
18097 0.9893103234598215 1809.7
18098 0.9893166672596073 1809.8
18099 0.9893230304938418 1809.9
18100 0.9893294106800296 1810
18101 0.9893358054005327 1810.1
18102 0.9893422124628859 1810.2
18103 0.989348629964154 1810.3
18104 0.9893550561994394 1810.4
18105 0.9893614896532921 1810.5
18106 0.9893679289847104 1810.6
18107 0.9893743730237585 1810.7
18108 0.9893808207598274 1810.8
18109 0.9893872693377326 1810.9
18110 0.9893936957453605 1811
18111 0.9894001232237264 1811.1
18112 0.9894065510806598 1811.2
18113 0.9894129642949331 1811.3
18114 0.9894191493416388 1811.4
18115 0.9894252120853996 1811.5
18116 0.9894312928586863 1811.6
18117 0.9894373903198248 1811.7
18118 0.9894435023975826 1811.8
18119 0.9894496267711941 1811.9
18120 0.9894557611991694 1812
18121 0.9894619037033455 1812.1
18122 0.9894680525862327 1812.2
18123 0.989474206408526 1812.3
18124 0.9894803639401217 1812.4
18125 0.9894865241629848 1812.5
18126 0.9894925039054152 1812.6
18127 0.9894982585362285 1812.7
18128 0.989504038166921 1812.8
18129 0.9895098407504652 1812.9
18130 0.9895156640432855 1813
18131 0.9895215057647903 1813.1
18132 0.9895273636471406 1813.2
18133 0.9895332356336799 1813.3
18134 0.9895391199549834 1813.4
18135 0.98954469763016 1813.5
18136 0.9895500644746528 1813.6
18137 0.9895554515332771 1813.7
18138 0.989560861491373 1813.8
18139 0.9895661522577778 1813.9
18140 0.9895714089434892 1814
18141 0.9895766953701423 1814.1
18142 0.9895820103245437 1814.2
18143 0.9895873524958033 1814.3
18144 0.9895927205783004 1814.4
18145 0.98959811329147 1814.5
18146 0.9896035294098342 1814.6
18147 0.9896089677773897 1814.7
18148 0.989614427315803 1814.8
18149 0.989619907025583 1814.9
18150 0.989625405982786 1815
18151 0.9896309233371745 1815.1
18152 0.9896364583083305 1815.2
18153 0.9896420007115009 1815.3
18154 0.9896475272226318 1815.4
18155 0.9896530707813723 1815.5
18156 0.989658630803628 1815.6
18157 0.9896641624789307 1815.7
18158 0.9896695477543663 1815.8
18159 0.9896749623615783 1815.9
18160 0.9896804052894269 1816
18161 0.9896858753946108 1816.1
18162 0.9896913715055562 1816.2
18163 0.9896968924781466 1816.3
18164 0.989702437227117 1816.4
18165 0.9897080047336104 1816.5
18166 0.9897135940452725 1816.6
18167 0.989719204270993 1816.7
18168 0.9897248173044568 1816.8
18169 0.9897304409036871 1816.9
18170 0.9897360827976794 1817
18171 0.989741742484873 1817.1
18172 0.9897474194968706 1817.2
18173 0.9897531133872112 1817.3
18174 0.9897588237242244 1817.4
18175 0.9897645500873322 1817.5
18176 0.9897702920653063 1817.6
18177 0.9897760492553468 1817.7
18178 0.9897818212634649 1817.8
18179 0.9897876077051252 1817.9
18180 0.9897934082054264 1818
18181 0.9897992223992838 1818.1
18182 0.9898050499317672 1818.2
18183 0.9898108904582608 1818.3
18184 0.9898167436457469 1818.4
18185 0.9898226091703625 1818.5
18186 0.9898284867157693 1818.6
18187 0.9898343759751915 1818.7
18188 0.9898402766521801 1818.8
18189 0.9898461884603643 1818.9
18190 0.9898521111228621 1819
18191 0.9898580443717164 1819.1
18192 0.9898639879478253 1819.2
18193 0.9898699416001471 1819.3
18194 0.9898759050854739 1819.4
18195 0.9898818781684945 1819.5
18196 0.9898878606217514 1819.6
18197 0.9898938522257426 1819.7
18198 0.9898998527674465 1819.8
18199 0.9899058620412188 1819.9
18200 0.9899118798483164 1820
18201 0.9899179059966605 1820.1
18202 0.9899239402998784 1820.2
18203 0.9899299825773226 1820.3
18204 0.9899360326542671 1820.4
18205 0.9899420903616231 1820.5
18206 0.9899481555358891 1820.6
18207 0.9899542280182613 1820.7
18208 0.9899603076545622 1820.8
18209 0.9899663942943865 1820.9
18210 0.9899724877905108 1821
18211 0.9899785879983258 1821.1
18212 0.9899846947748409 1821.2
18213 0.9899908079783577 1821.3
18214 0.9899969274673222 1821.4
18215 0.9900030530996295 1821.5
18216 0.9900091847317436 1821.6
18217 0.9900153222177144 1821.7
18218 0.9900214654086441 1821.8
18219 0.9900276141514888 1821.9
18220 0.9900337682883643 1822
18221 0.9900399276560261 1822.1
18222 0.9900460920849864 1822.2
18223 0.9900522613990198 1822.3
18224 0.9900584354155744 1822.4
18225 0.9900646139448382 1822.5
18226 0.990070796789311 1822.6
18227 0.9900769837383877 1822.7
18228 0.9900831552622974 1822.8
18229 0.9900892787814112 1822.9
18230 0.9900954072624085 1823
18231 0.9901015404878802 1823.1
18232 0.9901076781503563 1823.2
18233 0.9901138198906633 1823.3
18234 0.9901199653315004 1823.4
18235 0.9901261140714005 1823.5
18236 0.9901322656956246 1823.6
18237 0.9901384197836742 1823.7
18238 0.9901445759148844 1823.8
18239 0.9901507336726643 1823.9
18240 0.9901568602156059 1824
18241 0.9901629876288324 1824.1
18242 0.990169115633072 1824.2
18243 0.9901752438154926 1824.3
18244 0.9901813717665795 1824.4
18245 0.9901874990784397 1824.5
18246 0.990193625346369 1824.6
18247 0.9901997501619735 1824.7
18248 0.9902058731177628 1824.8
18249 0.9902119938312761 1824.9
18250 0.9902181119364336 1825
18251 0.990224227083905 1825.1
18252 0.9902303253159629 1825.2
18253 0.9902363129146748 1825.3
18254 0.9902423040033288 1825.4
18255 0.9902482980464429 1825.5
18256 0.9902542889845694 1825.6
18257 0.9902602638996524 1825.7
18258 0.9902662416276536 1825.8
18259 0.9902721571530563 1825.9
18260 0.990278069792692 1826
18261 0.9902839879247815 1826.1
18262 0.9902899109884167 1826.2
18263 0.9902958383942301 1826.3
18264 0.9903017695668558 1826.4
18265 0.9903077039609471 1826.5
18266 0.9903136410670315 1826.6
18267 0.9903195804144143 1826.7
18268 0.9903255215700257 1826.8
18269 0.9903314641370783 1826.9
18270 0.990337407754869 1827
18271 0.9903433520952295 1827.1
18272 0.9903492968601151 1827.2
18273 0.990355241778744 1827.3
18274 0.9903611514641208 1827.4
18275 0.9903670495249056 1827.5
18276 0.9903729491925617 1827.6
18277 0.9903787989301395 1827.7
18278 0.9903846283501703 1827.8
18279 0.9903904433551819 1827.9
18280 0.99039626162873 1828
18281 0.9904020830350984 1828.1
18282 0.9904079073957266 1828.2
18283 0.9904137345401479 1828.3
18284 0.9904195643199618 1828.4
18285 0.9904253965992356 1828.5
18286 0.9904312312633747 1828.6
18287 0.9904370682241279 1828.7
18288 0.9904429074212493 1828.8
18289 0.9904487488225178 1828.9
18290 0.990454592423179 1829
18291 0.990460438245561 1829.1
18292 0.990466286348612 1829.2
18293 0.9904721368173278 1829.3
18294 0.9904779897475537 1829.4
18295 0.9904838452497305 1829.5
18296 0.9904897034489925 1829.6
18297 0.9904955644983034 1829.7
18298 0.9905014285636548 1829.8
18299 0.9905072958206551 1829.9
18300 0.9905131664524672 1830
18301 0.9905190406748797 1830.1
18302 0.9905249157895437 1830.2
18303 0.9905307709867586 1830.3
18304 0.990536628183968 1830.4
18305 0.9905424877120043 1830.5
18306 0.9905483499296951 1830.6
18307 0.9905542152095633 1830.7
18308 0.9905600839288423 1830.8
18309 0.9905659564638739 1830.9
18310 0.99057183318738 1831
18311 0.9905777144658444 1831.1
18312 0.9905836006569909 1831.2
18313 0.9905894921083933 1831.3
18314 0.990595389158621 1831.4
18315 0.9906012921356596 1831.5
18316 0.9906072013575166 1831.6
18317 0.9906131171320856 1831.7
18318 0.9906190397591063 1831.8
18319 0.990624969526078 1831.9
18320 0.9906309067209383 1832
18321 0.9906368516278835 1832.1
18322 0.9906428045039043 1832.2
18323 0.9906487655874658 1832.3
18324 0.9906547350982843 1832.4
18325 0.9906607132400757 1832.5
18326 0.9906667002016679 1832.6
18327 0.9906726961575337 1832.7
18328 0.9906787012709541 1832.8
18329 0.9906847156877916 1832.9
18330 0.9906907395383387 1833
18331 0.9906967729396237 1833.1
18332 0.990702815985812 1833.2
18333 0.9907088687581225 1833.3
18334 0.9907149313227223 1833.4
18335 0.9907210037296108 1833.5
18336 0.9907270860131414 1833.6
18337 0.9907331781891995 1833.7
18338 0.9907392802526284 1833.8
18339 0.9907453921745076 1833.9
18340 0.9907515138955301 1834
18341 0.9907576453290372 1834.1
18342 0.9907637863621653 1834.2
18343 0.9907699368556109 1834.3
18344 0.9907760966444126 1834.4
18345 0.9907822655382668 1834.5
18346 0.9907884433233988 1834.6
18347 0.9907946297641367 1834.7
18348 0.9908008246032117 1834.8
18349 0.9908070275628106 1834.9
18350 0.990813238345649 1835
18351 0.9908194566358339 1835.1
18352 0.9908256820995244 1835.2
18353 0.9908319143860174 1835.3
18354 0.9908381531302229 1835.4
18355 0.9908443979470769 1835.5
18356 0.9908506484381355 1835.6
18357 0.9908569041943497 1835.7
18358 0.9908631647966011 1835.8
18359 0.9908694298154468 1835.9
18360 0.9908756988136184 1836
18361 0.9908819489470531 1836.1
18362 0.9908881987767564 1836.2
18363 0.9908944519774067 1836.3
18364 0.99090070837605 1836.4
18365 0.9909069677804196 1836.5
18366 0.9909132299730294 1836.6
18367 0.9909194947080977 1836.7
18368 0.9909257617125464 1836.8
18369 0.9909320306884122 1836.9
18370 0.9909383013161968 1837
18371 0.9909445732581016 1837.1
18372 0.9909508461615792 1837.2
18373 0.9909571196629983 1837.3
18374 0.9909633698596418 1837.4
18375 0.9909696192359354 1837.5
18376 0.9909758678441465 1837.6
18377 0.9909821152935991 1837.7
18378 0.9909883611880878 1837.8
18379 0.9909946051439547 1837.9
18380 0.9910008467882424 1838
18381 0.9910070857601742 1838.1
18382 0.9910133217128242 1838.2
18383 0.9910195543145585 1838.3
18384 0.9910257832492285 1838.4
18385 0.9910320082172382 1838.5
18386 0.9910382289361959 1838.6
18387 0.9910444451416627 1838.7
18388 0.9910506565875753 1838.8
18389 0.9910568630462082 1838.9
18390 0.9910630643076734 1839
18391 0.9910692601821675 1839.1
18392 0.9910754504991433 1839.2
18393 0.9910816351072325 1839.3
18394 0.9910877831559189 1839.4
18395 0.9910939024807977 1839.5
18396 0.991100015580174 1839.6
18397 0.991106122488296 1839.7
18398 0.991112223198735 1839.8
18399 0.9911183176875944 1839.9
18400 0.9911244059278526 1840
18401 0.9911304474322082 1840.1
18402 0.9911364774286785 1840.2
18403 0.9911425024590765 1840.3
18404 0.9911485223713868 1840.4
18405 0.9911545370176068 1840.5
18406 0.9911605462779939 1840.6
18407 0.9911665500696498 1840.7
18408 0.9911725483504161 1840.8
18409 0.9911785411182902 1840.9
18410 0.9911845284095957 1841
18411 0.9911905102951075 1841.1
18412 0.9911964868835833 1841.2
18413 0.9912024583165813 1841.3
18414 0.9912084247626129 1841.4
18415 0.9912143864054962 1841.5
18416 0.991220343442903 1841.6
18417 0.9912262960967068 1841.7
18418 0.9912322445945456 1841.8
18419 0.9912381891364643 1841.9
18420 0.9912441299300301 1842
18421 0.9912500671779755 1842.1
18422 0.9912560011037438 1842.2
18423 0.9912619319393777 1842.3
18424 0.9912678267203189 1842.4
18425 0.9912736561290209 1842.5
18426 0.9912794901408267 1842.6
18427 0.991285328733948 1842.7
18428 0.9912911718201481 1842.8
18429 0.9912969796150107 1842.9
18430 0.9913027872212973 1843
18431 0.9913086027096604 1843.1
18432 0.9913144156831951 1843.2
18433 0.9913202231684075 1843.3
18434 0.9913260386912834 1843.4
18435 0.9913318618251168 1843.5
18436 0.9913376921608646 1843.6
18437 0.9913435293201552 1843.7
18438 0.9913493729611756 1843.8
18439 0.991355222789096 1843.9
18440 0.9913610785455296 1844
18441 0.9913669400031926 1844.1
18442 0.9913728069661931 1844.2
18443 0.9913786792689325 1844.3
18444 0.9913845567878178 1844.4
18445 0.9913904394144443 1844.5
18446 0.9913963270570711 1844.6
18447 0.9914022196468717 1844.7
18448 0.9914081171340993 1844.8
18449 0.9914140194843478 1844.9
18450 0.9914199266743281 1845
18451 0.9914258386895963 1845.1
18452 0.9914317555271983 1845.2
18453 0.9914376772010046 1845.3
18454 0.9914436037350599 1845.4
18455 0.9914495351523459 1845.5
18456 0.99145547147544 1845.6
18457 0.991461412726652 1845.7
18458 0.9914673589278648 1845.8
18459 0.9914733100999872 1845.9
18460 0.9914792662610681 1846
18461 0.9914852274281373 1846.1
18462 0.9914911936163058 1846.2
18463 0.9914971648508359 1846.3
18464 0.9915031411503528 1846.4
18465 0.9915091225253574 1846.5
18466 0.9915151089803981 1846.6
18467 0.9915211005156591 1846.7
18468 0.991527097128819 1846.8
18469 0.9915330987885134 1846.9
18470 0.9915391054707953 1847
18471 0.9915451171557526 1847.1
18472 0.9915511338192613 1847.2
18473 0.99155715543214 1847.3
18474 0.991563181960069 1847.4
18475 0.9915692133667172 1847.5
18476 0.9915752496085685 1847.6
18477 0.991581290631282 1847.7
18478 0.9915873363675836 1847.8
18479 0.9915933867358967 1847.9
18480 0.9915994416387464 1848
18481 0.9916055009657733 1848.1
18482 0.9916115645949034 1848.2
18483 0.9916176323916343 1848.3
18484 0.991623704200863 1848.4
18485 0.9916297798590237 1848.5
18486 0.9916358591937757 1848.6
18487 0.9916419420233984 1848.7
18488 0.9916480281584628 1848.8
18489 0.9916541174010518 1848.9
18490 0.9916602095448053 1849
18491 0.9916663043748765 1849.1
18492 0.9916724016688251 1849.2
18493 0.9916785011971569 1849.3
18494 0.9916846027236514 1849.4
18495 0.9916907060066266 1849.5
18496 0.9916967933607117 1849.6
18497 0.9917028712997299 1849.7
18498 0.9917089504068329 1849.8
18499 0.9917150307306684 1849.9
18500 0.991721112317414 1850
18501 0.9917271951878716 1850.1
18502 0.9917332793348642 1850.2
18503 0.9917393647216973 1850.3
18504 0.9917454512832509 1850.4
18505 0.9917515389272944 1850.5
18506 0.9917576275370616 1850.6
18507 0.9917637169739996 1850.7
18508 0.9917698070762225 1850.8
18509 0.9917758976696827 1850.9
18510 0.9917819885647042 1851
18511 0.9917880795574419 1851.1
18512 0.9917941704356187 1851.2
18513 0.9918002609713548 1851.3
18514 0.9918063509429934 1851.4
18515 0.9918124401295461 1851.5
18516 0.9918185283111006 1851.6
18517 0.991824615269763 1851.7
18518 0.9918307007909262 1851.8
18519 0.9918367846645191 1851.9
18520 0.9918428666849032 1852
18521 0.9918489466514259 1852.1
18522 0.9918550243691888 1852.2
18523 0.9918610996493258 1852.3
18524 0.9918671723091376 1852.4
18525 0.9918732421740365 1852.5
18526 0.9918793090774902 1852.6
18527 0.9918853728609808 1852.7
18528 0.9918914150944254 1852.8
18529 0.9918973838516814 1852.9
18530 0.9919033546416719 1853
18531 0.9919093272282991 1853.1
18532 0.9919153011919416 1853.2
18533 0.9919212760287331 1853.3
18534 0.991927194182027 1853.4
18535 0.9919331042749999 1853.5
18536 0.9919390138197262 1853.6
18537 0.9919449224334255 1853.7
18538 0.9919508297055382 1853.8
18539 0.9919567352428248 1853.9
18540 0.9919626386827065 1854
18541 0.9919684965480799 1854.1
18542 0.9919743355597103 1854.2
18543 0.9919801735234774 1854.3
18544 0.9919860099753007 1854.4
18545 0.9919918444607675 1854.5
18546 0.9919976765695327 1854.6
18547 0.9920035059510951 1854.7
18548 0.9920093323174409 1854.8
18549 0.9920151554411477 1854.9
18550 0.9920209751491056 1855
18551 0.9920267913141222 1855.1
18552 0.9920326038442246 1855.2
18553 0.9920384126634351 1855.3
18554 0.9920442177144246 1855.4
18555 0.9920500189695307 1855.5
18556 0.9920558164430454 1855.6
18557 0.9920616101691202 1855.7
18558 0.992067346952437 1855.8
18559 0.992072997264274 1855.9
18560 0.9920786520722885 1856
18561 0.9920843111293179 1856.1
18562 0.9920899741206752 1856.2
18563 0.9920956406992771 1856.3
18564 0.9921013105223169 1856.4
18565 0.9921069832862554 1856.5
18566 0.9921126587308468 1856.6
18567 0.9921183365957881 1856.7
18568 0.9921240166367171 1856.8
18569 0.9921296986358101 1856.9
18570 0.9921353824056338 1857
18571 0.9921410677884441 1857.1
18572 0.9921467546537598 1857.2
18573 0.9921524428956161 1857.3
18574 0.9921581324543459 1857.4
18575 0.9921638232915805 1857.5
18576 0.9921694427768323 1857.6
18577 0.9921750571777473 1857.7
18578 0.9921806796523479 1857.8
18579 0.9921863098818857 1857.9
18580 0.9921919475284898 1858
18581 0.9921975922602416 1858.1
18582 0.9922032437639823 1858.2
18583 0.9922089017510687 1858.3
18584 0.9922145659589826 1858.4
18585 0.9922202361527853 1858.5
18586 0.9922259121206553 1858.6
18587 0.9922315936716001 1858.7
18588 0.9922372464846788 1858.8
18589 0.9922428147949602 1858.9
18590 0.9922483962945887 1859
18591 0.992253990620196 1859.1
18592 0.9922595971769157 1859.2
18593 0.9922652152680739 1859.3
18594 0.9922708441697619 1859.4
18595 0.9922764831758142 1859.5
18596 0.9922821034008357 1859.6
18597 0.9922877246097408 1859.7
18598 0.9922933572655679 1859.8
18599 0.9922990006622815 1859.9
18600 0.9923046541376811 1860
18601 0.9923103170872457 1860.1
18602 0.9923159889671709 1860.2
18603 0.9923216692943002 1860.3
18604 0.9923273576382328 1860.4
18605 0.9923330326608005 1860.5
18606 0.9923387075142703 1860.6
18607 0.9923443889787783 1860.7
18608 0.992350076760466 1860.8
18609 0.992355770583691 1860.9
18610 0.9923614701903304 1861
18611 0.9923671753383181 1861.1
18612 0.9923728857996679 1861.2
18613 0.9923786013583089 1861.3
18614 0.9923843218078976 1861.4
18615 0.9923900469497207 1861.5
18616 0.9923957765906882 1861.6
18617 0.9924015105411877 1861.7
18618 0.9924072486147839 1861.8
18619 0.9924129906239649 1861.9
18620 0.992418736378166 1862
18621 0.9924244856828899 1862.1
18622 0.9924302383393768 1862.2
18623 0.9924359941447666 1862.3
18624 0.9924417528910118 1862.4
18625 0.9924475143595273 1862.5
18626 0.9924532783416329 1862.6
18627 0.9924590446568199 1862.7
18628 0.9924648002784792 1862.8
18629 0.9924705370122096 1862.9
18630 0.9924762740086097 1863
18631 0.9924820112987274 1863.1
18632 0.992487748932207 1863.2
18633 0.992493366335247 1863.3
18634 0.9924989403041786 1863.4
18635 0.9925045253185453 1863.5
18636 0.992510120920023 1863.6
18637 0.9925157263478419 1863.7
18638 0.992521340676135 1863.8
18639 0.9925269628901788 1863.9
18640 0.9925325921408792 1864
18641 0.9925382275892269 1864.1
18642 0.9925438684068291 1864.2
18643 0.9925495012077328 1864.3
18644 0.9925550880135109 1864.4
18645 0.9925606800378642 1864.5
18646 0.9925662766886248 1864.6
18647 0.9925718774023015 1864.7
18648 0.9925774816479025 1864.8
18649 0.9925830889270036 1864.9
18650 0.9925886987686797 1865
18651 0.992594310726888 1865.1
18652 0.992599924373844 1865.2
18653 0.9926055392962307 1865.3
18654 0.9926111551133293 1865.4
18655 0.9926167714616431 1865.5
18656 0.9926223879898508 1865.6
18657 0.9926280043582729 1865.7
18658 0.9926336202407176 1865.8
18659 0.9926392353222291 1865.9
18660 0.9926448492992788 1866
18661 0.9926504618782623 1866.1
18662 0.9926559811693506 1866.2
18663 0.9926613496984563 1866.3
18664 0.9926667311157182 1866.4
18665 0.992672124393989 1866.5
18666 0.99267752830478 1866.6
18667 0.9926829414494764 1866.7
18668 0.9926883623051405 1866.8
18669 0.9926937893765656 1866.9
18670 0.9926992212596734 1867
18671 0.9927046567175668 1867.1
18672 0.9927100946855181 1867.2
18673 0.9927155342469542 1867.3
18674 0.9927209746110918 1867.4
18675 0.9927264150927525 1867.5
18676 0.9927318550946883 1867.6
18677 0.9927372940926332 1867.7
18678 0.9927427316229744 1867.8
18679 0.9927481672730115 1867.9
18680 0.992753466333563 1868
18681 0.9927585951639434 1868.1
18682 0.9927637396151165 1868.2
18683 0.9927688986664747 1868.3
18684 0.9927740706571054 1868.4
18685 0.9927792537107545 1868.5
18686 0.992784445995841 1868.6
18687 0.9927896458361593 1868.7
18688 0.992794851781563 1868.8
18689 0.9928000625875181 1868.9
18690 0.9928052771893169 1869
18691 0.9928104194567359 1869.1
18692 0.9928152533784519 1869.2
18693 0.9928200298765126 1869.3
18694 0.9928248294937988 1869.4
18695 0.9928296503074067 1869.5
18696 0.9928344902520692 1869.6
18697 0.9928393472523435 1869.7
18698 0.992844219311471 1869.8
18699 0.9928491046774867 1869.9
18700 0.9928539843568297 1870
18701 0.9928584853186991 1870.1
18702 0.9928630036355804 1870.2
18703 0.9928675385239695 1870.3
18704 0.9928720892399717 1870.4
18705 0.9928766550816688 1870.5
18706 0.992881200777975 1870.6
18707 0.9928857067747501 1870.7
18708 0.992890230559706 1870.8
18709 0.9928947713126228 1870.9
18710 0.9928993281899504 1871
18711 0.9929037829536076 1871.1
18712 0.9929082188563979 1871.2
18713 0.9929126776828319 1871.3
18714 0.9929171583054445 1871.4
18715 0.9929216595693182 1871.5
18716 0.9929261803527738 1871.6
18717 0.992930719597622 1871.7
18718 0.9929352763266275 1871.8
18719 0.9929398496371905 1871.9
18720 0.9929444386960509 1872
18721 0.9929490427036485 1872.1
18722 0.9929536609451126 1872.2
18723 0.992958292779748 1872.3
18724 0.9929629376130523 1872.4
18725 0.9929675948964567 1872.5
18726 0.9929722641244496 1872.6
18727 0.9929769448274263 1872.7
18728 0.9929816365684733 1872.8
18729 0.9929863389399196 1872.9
18730 0.9929910515610478 1873
18731 0.9929957740762392 1873.1
18732 0.9930005061526053 1873.2
18733 0.993005247478302 1873.3
18734 0.9930099713044407 1873.4
18735 0.9930146265786253 1873.5
18736 0.9930192943514095 1873.6
18737 0.9930239741697634 1873.7
18738 0.9930286655470889 1873.8
18739 0.9930333679930787 1873.9
18740 0.9930380810321101 1874
18741 0.9930428042124659 1874.1
18742 0.993047537110491 1874.2
18743 0.9930522793319192 1874.3
18744 0.9930570305112933 1874.4
18745 0.9930617903108706 1874.5
18746 0.9930665584192827 1874.6
18747 0.9930713345413609 1874.7
18748 0.9930761184200675 1874.8
18749 0.993080909820978 1874.9
18750 0.9930857085273983 1875
18751 0.9930905143442171 1875.1
18752 0.9930953270961254 1875.2
18753 0.9931001413207606 1875.3
18754 0.9931049584520892 1875.4
18755 0.9931097864479881 1875.5
18756 0.99311462494737 1875.6
18757 0.9931194735920036 1875.7
18758 0.9931243320393327 1875.8
18759 0.9931291965624627 1875.9
18760 0.9931340608525735 1876
18761 0.9931389312261764 1876.1
18762 0.9931438076326272 1876.2
18763 0.9931486582354693 1876.3
18764 0.9931534707403703 1876.4
18765 0.9931582913626378 1876.5
18766 0.9931631200528955 1876.6
18767 0.9931679567449059 1876.7
18768 0.9931728013705476 1876.8
18769 0.9931776538593237 1876.9
18770 0.9931825141356525 1877
18771 0.9931873821432514 1877.1
18772 0.993192257844855 1877.2
18773 0.9931971412032693 1877.3
18774 0.9932020321831241 1877.4
18775 0.9932069307509915 1877.5
18776 0.9932118368777745 1877.6
18777 0.9932167505398296 1877.7
18778 0.9932216717075222 1877.8
18779 0.993226600350666 1877.9
18780 0.9932315364376212 1878
18781 0.9932364799339839 1878.1
18782 0.9932414308017337 1878.2
18783 0.9932463889982849 1878.3
18784 0.9932513544757136 1878.4
18785 0.9932563271804242 1878.5
18786 0.9932613070640578 1878.6
18787 0.9932662940678393 1878.7
18788 0.9932712881235854 1878.8
18789 0.9932762891536774 1878.9
18790 0.9932812970716088 1879
18791 0.9932863117807469 1879.1
18792 0.9932913331767231 1879.2
18793 0.9932963611484512 1879.3
18794 0.9933013955782909 1879.4
18795 0.9933064363422514 1879.5
18796 0.9933114833099264 1879.6
18797 0.993316536344119 1879.7
18798 0.993321595300789 1879.8
18799 0.9933266600307751 1879.9
18800 0.9933317303782833 1880
18801 0.9933368061780431 1880.1
18802 0.9933418872566888 1880.2
18803 0.99334697343302 1880.3
18804 0.9933520645192042 1880.4
18805 0.9933571603212898 1880.5
18806 0.9933622606400269 1880.6
18807 0.9933673652711292 1880.7
18808 0.9933724740056599 1880.8
18809 0.993377586626086 1880.9
18810 0.993382702913731 1881
18811 0.9933878226484806 1881.1
18812 0.9933929456087836 1881.2
18813 0.9933980715717741 1881.3
18814 0.9934032003134182 1881.4
18815 0.9934083316088919 1881.5
18816 0.9934134652327523 1881.6
18817 0.9934186009593403 1881.7
18818 0.9934237385653152 1881.8
18819 0.9934288778263652 1881.9
18820 0.9934340185181625 1882
18821 0.9934391604173084 1882.1
18822 0.9934443033022715 1882.2
18823 0.9934494469537382 1882.3
18824 0.9934545911549718 1882.4
18825 0.9934597356923376 1882.5
18826 0.9934648803554258 1882.6
18827 0.9934700249376934 1882.7
18828 0.9934751692363205 1882.8
18829 0.9934803130527721 1882.9
18830 0.9934854561930259 1883
18831 0.9934905984679018 1883.1
18832 0.9934957396930438 1883.2
18833 0.9935008796893527 1883.3
18834 0.993506018286325 1883.4
18835 0.9935111553184192 1883.5
18836 0.9935162906249547 1883.6
18837 0.9935214240504473 1883.7
18838 0.9935265554447864 1883.8
18839 0.993531684663878 1883.9
18840 0.9935368115696378 1884
18841 0.9935419360335065 1884.1
18842 0.9935470579354382 1884.2
18843 0.9935521609458062 1884.3
18844 0.9935572512993811 1884.4
18845 0.9935623383187963 1884.5
18846 0.9935674218857041 1884.6
18847 0.9935725018816881 1884.7
18848 0.993577578193625 1884.8
18849 0.993582650715636 1884.9
18850 0.9935877193453783 1885
18851 0.993592783986225 1885.1
18852 0.9935978445545081 1885.2
18853 0.9936029009783717 1885.3
18854 0.9936079531965162 1885.4
18855 0.9936130011574374 1885.5
18856 0.9936180448189613 1885.6
18857 0.9936230841479097 1885.7
18858 0.9936281191193735 1885.8
18859 0.9936331497152503 1885.9
18860 0.993638175931566 1886
18861 0.9936431977614421 1886.1
18862 0.9936482151791414 1886.2
18863 0.9936532281776604 1886.3
18864 0.9936582367618343 1886.4
18865 0.9936632409442244 1886.5
18866 0.9936682407496643 1886.6
18867 0.9936732362109609 1886.7
18868 0.9936782273654197 1886.8
18869 0.9936831509679246 1886.9
18870 0.9936880557151538 1887
18871 0.9936929624371516 1887.1
18872 0.9936978709870454 1887.2
18873 0.99370278115247 1887.3
18874 0.9937076927167234 1887.4
18875 0.9937126054371203 1887.5
18876 0.9937175190740748 1887.6
18877 0.9937224334080823 1887.7
18878 0.9937273482474493 1887.8
18879 0.9937322634311159 1887.9
18880 0.9937371788285474 1888
18881 0.9937420211431611 1888.1
18882 0.9937468508100709 1888.2
18883 0.9937516821555739 1888.3
18884 0.9937565150891716 1888.4
18885 0.9937613228039828 1888.5
18886 0.9937661057722194 1888.6
18887 0.9937708941807756 1888.7
18888 0.9937756878204874 1888.8
18889 0.9937804864787179 1888.9
18890 0.9937852899412163 1889
18891 0.9937900980052125 1889.1
18892 0.9937949104913281 1889.2
18893 0.9937997272451008 1889.3
18894 0.9938045481373018 1889.4
18895 0.9938093730604932 1889.5
18896 0.9938142019252344 1889.6
18897 0.9938190346589455 1889.7
18898 0.9938238712034912 1889.8
18899 0.9938287115126853 1889.9
18900 0.9938335555499151 1890
18901 0.9938384032861699 1890.1
18902 0.9938432546984013 1890.2
18903 0.9938481097614663 1890.3
18904 0.9938529684384079 1890.4
18905 0.9938577798864152 1890.5
18906 0.9938625972195448 1890.6
18907 0.9938674210420446 1890.7
18908 0.9938722513005575 1890.8
18909 0.9938770879571213 1890.9
18910 0.9938819309607199 1891
18911 0.9938867802556652 1891.1
18912 0.9938916357965175 1891.2
18913 0.9938964975253479 1891.3
18914 0.9939013653763126 1891.4
18915 0.9939062392784904 1891.5
18916 0.9939111191570585 1891.6
18917 0.9939160049346537 1891.7
18918 0.9939208965314078 1891.8
18919 0.993925793857134 1891.9
18920 0.9939306968094997 1892
18921 0.9939356052961626 1892.1
18922 0.9939405192278526 1892.2
18923 0.9939454385154327 1892.3
18924 0.9939503630633498 1892.4
18925 0.9939552927725667 1892.5
18926 0.9939602275429245 1892.6
18927 0.9939651672723849 1892.7
18928 0.99397011185678 1892.8
18929 0.9939750611893857 1892.9
18930 0.9939800151610951 1893
18931 0.9939849736604669 1893.1
18932 0.9939899365724804 1893.2
18933 0.9939949037786404 1893.3
18934 0.9939998751569337 1893.4
18935 0.9940048505818488 1893.5
18936 0.9940098299244383 1893.6
18937 0.9940148130526596 1893.7
18938 0.9940197998314753 1893.8
18939 0.994024790123158 1893.9
18940 0.9940297837874041 1894
18941 0.9940347806816215 1894.1
18942 0.9940397806612411 1894.2
18943 0.9940447835797295 1894.3
18944 0.9940497892888918 1894.4
18945 0.9940547976391407 1894.5
18946 0.9940598084797192 1894.6
18947 0.9940648216589053 1894.7
18948 0.9940698370244232 1894.8
18949 0.9940748544232836 1894.9
18950 0.9940798737018451 1895
18951 0.9940848947070045 1895.1
18952 0.9940899172861736 1895.2
18953 0.9940949412875209 1895.3
18954 0.994099966560051 1895.4
18955 0.9941049929551136 1895.5
18956 0.9941100203247665 1895.6
18957 0.9941150485221019 1895.7
18958 0.9941200774019826 1895.8
18959 0.9941251068212248 1895.9
18960 0.9941301366389683 1896
18961 0.994135166716838 1896.1
18962 0.9941401969192213 1896.2
18963 0.9941452271142593 1896.3
18964 0.9941502571748639 1896.4
18965 0.9941552869759855 1896.5
18966 0.9941603163947533 1896.6
18967 0.9941653453110176 1896.7
18968 0.9941703736078431 1896.8
18969 0.9941754011723786 1896.9
18970 0.9941804278963057 1897
18971 0.99418545367433 1897.1
18972 0.994190478404236 1897.2
18973 0.9941955019871096 1897.3
18974 0.9942005243276231 1897.4
18975 0.9942055453343233 1897.5
18976 0.9942105649198549 1897.6
18977 0.9942155830010556 1897.7
18978 0.9942205994990745 1897.8
18979 0.9942256143392489 1897.9
18980 0.9942306274513351 1898
18981 0.9942356387694182 1898.1
18982 0.9942406482321646 1898.2
18983 0.9942456557824856 1898.3
18984 0.9942506613677351 1898.4
18985 0.9942556649363216 1898.5
18986 0.9942606664396577 1898.6
18987 0.9942656658360552 1898.7
18988 0.994270663090254 1898.8
18989 0.9942756581724336 1898.9
18990 0.9942806510577832 1899
18991 0.9942856417265472 1899.1
18992 0.9942906301748522 1899.2
18993 0.9942956163973404 1899.3
18994 0.9943006003886221 1899.4
18995 0.9943055821481335 1899.5
18996 0.9943105616792486 1899.6
18997 0.9943155389891735 1899.7
18998 0.9943205140910325 1899.8
18999 0.9943254870014391 1899.9
19000 0.9943304577409772 1900
19001 0.9943354263317521 1900.1
19002 0.9943403927964192 1900.2
19003 0.9943453571311531 1900.3
19004 0.9943503193547529 1900.4
19005 0.9943552795028282 1900.5
19006 0.9943602376223469 1900.6
19007 0.9943651937674381 1900.7
19008 0.99437014799737 1900.8
19009 0.9943751003753842 1900.9
19010 0.9943800509671624 1901
19011 0.9943849998394355 1901.1
19012 0.9943899470623275 1901.2
19013 0.9943948927085791 1901.3
19014 0.9943998368526505 1901.4
19015 0.9944047795705316 1901.5
19016 0.9944097209408209 1901.6
19017 0.9944146610424464 1901.7
19018 0.9944195999577332 1901.8
19019 0.9944245377741706 1901.9
19020 0.994429474582478 1902
19021 0.994434410476284 1902.1
19022 0.99443934555449 1902.2
19023 0.9944442799143545 1902.3
19024 0.9944492136531757 1902.4
19025 0.9944541468700769 1902.5
19026 0.994459079665893 1902.6
19027 0.9944640121426224 1902.7
19028 0.9944689444027363 1902.8
19029 0.9944738765492788 1902.9
19030 0.9944788086835583 1903
19031 0.9944837409067127 1903.1
19032 0.9944886733203971 1903.2
19033 0.9944935957658767 1903.3
19034 0.9944984996338048 1903.4
19035 0.994503407424171 1903.5
19036 0.9945083190618232 1903.6
19037 0.9945132344452998 1903.7
19038 0.9945181534635085 1903.8
19039 0.9945230760051522 1903.9
19040 0.9945280019639331 1904
19041 0.994532931241363 1904.1
19042 0.9945378637477559 1904.2
19043 0.9945427994022742 1904.3
19044 0.9945477381326945 1904.4
19045 0.9945526798747261 1904.5
19046 0.9945576245706046 1904.6
19047 0.9945625721681659 1904.7
19048 0.9945675226145719 1904.8
19049 0.9945724758580854 1904.9
19050 0.9945774318521008 1905
19051 0.9945823905557537 1905.1
19052 0.9945873519299595 1905.2
19053 0.9945923159366682 1905.3
19054 0.9945972825382985 1905.4
19055 0.9946022516973347 1905.5
19056 0.9946071748969796 1905.6
19057 0.9946120972204815 1905.7
19058 0.9946170250516405 1905.8
19059 0.9946219582181506 1905.9
19060 0.9946268964816256 1906
19061 0.9946318395729055 1906.1
19062 0.9946367872132315 1906.2
19063 0.9946417391263235 1906.3
19064 0.9946466950449733 1906.4
19065 0.9946516547142333 1906.5
19066 0.9946566178930655 1906.6
19067 0.9946615843544243 1906.7
19068 0.9946665538888366 1906.8
19069 0.994671526299032 1906.9
19070 0.9946765013981526 1907
19071 0.9946814790087153 1907.1
19072 0.9946864589611301 1907.2
19073 0.9946914397018801 1907.3
19074 0.9946964191710329 1907.4
19075 0.9947014008191273 1907.5
19076 0.9947063845737588 1907.6
19077 0.99471137036305 1907.7
19078 0.9947163581133882 1907.8
19079 0.9947213477472936 1907.9
19080 0.9947263391829614 1908
19081 0.994731332333651 1908.1
19082 0.9947363271075381 1908.2
19083 0.9947413234078465 1908.3
19084 0.9947463211331158 1908.4
19085 0.9947513201746773 1908.5
19086 0.9947563204206508 1908.6
19087 0.9947613217568184 1908.7
19088 0.9947663240667717 1908.8
19089 0.9947713272312306 1908.9
19090 0.9947763311260724 1909
19091 0.9947813356284081 1909.1
19092 0.9947863303192814 1909.2
19093 0.9947913242174535 1909.3
19094 0.9947963173930153 1909.4
19095 0.994801309727305 1909.5
19096 0.9948063010945404 1909.6
19097 0.9948112913655059 1909.7
19098 0.9948162804097086 1909.8
19099 0.994821268096816 1909.9
19100 0.9948262542981898 1910
19101 0.9948312388875372 1910.1
19102 0.9948362217414299 1910.2
19103 0.9948412027398058 1910.3
19104 0.9948461817658905 1910.4
19105 0.9948511587072519 1910.5
19106 0.9948561334551793 1910.6
19107 0.9948611059049698 1910.7
19108 0.994866075956006 1910.8
19109 0.9948710435105159 1910.9
19110 0.9948760084719345 1911
19111 0.9948809707595463 1911.1
19112 0.9948859302849332 1911.2
19113 0.9948908869656174 1911.3
19114 0.9948958407236895 1911.4
19115 0.9949007914852734 1911.5
19116 0.9949057391841256 1911.6
19117 0.9949106837615178 1911.7
19118 0.9949156251643494 1911.8
19119 0.9949205633438728 1911.9
19120 0.994925498256044 1912
19121 0.9949304298607546 1912.1
19122 0.9949353580783035 1912.2
19123 0.9949402373547315 1912.3
19124 0.9949451135591955 1912.4
19125 0.9949499866834097 1912.5
19126 0.9949548567057445 1912.6
19127 0.9949597236035023 1912.7
19128 0.9949645873583375 1912.8
19129 0.9949694479587325 1912.9
19130 0.9949743054007599 1913
19131 0.9949791596886479 1913.1
19132 0.9949840107986598 1913.2
19133 0.9949888587367629 1913.3
19134 0.994993703532671 1913.4
19135 0.9949985452322088 1913.5
19136 0.9950033838916894 1913.6
19137 0.9950082195754146 1913.7
19138 0.9950130523539079 1913.8
19139 0.9950178822991605 1913.9
19140 0.9950227094932848 1914
19141 0.9950275340266407 1914.1
19142 0.9950323559954859 1914.2
19143 0.9950371032257287 1914.3
19144 0.995041844710412 1914.4
19145 0.9950465887068319 1914.5
19146 0.9950513350964901 1914.6
19147 0.9950560836777126 1914.7
19148 0.9950608342204089 1914.8
19149 0.9950655864964559 1914.9
19150 0.9950703402892088 1915
19151 0.995075095402883 1915.1
19152 0.9950798516671887 1915.2
19153 0.9950846089390621 1915.3
19154 0.9950893671023066 1915.4
19155 0.9950941260589604 1915.5
19156 0.995098885733684 1915.6
19157 0.9951036460772084 1915.7
19158 0.9951083884812776 1915.8
19159 0.9951131055185433 1915.9
19160 0.9951178271841353 1916
19161 0.9951225532960151 1916.1
19162 0.9951272836420555 1916.2
19163 0.9951320180017054 1916.3
19164 0.9951367561617895 1916.4
19165 0.99514149792166 1916.5
19166 0.9951462430932838 1916.6
19167 0.9951509915069299 1916.7
19168 0.9951557430093891 1916.8
19169 0.9951604974597995 1916.9
19170 0.9951652547293758 1917
19171 0.9951700146984438 1917.1
19172 0.99517477725249 1917.2
19173 0.9951795422883387 1917.3
19174 0.9951843097131182 1917.4
19175 0.9951890794421654 1917.5
19176 0.9951938513968677 1917.6
19177 0.9951986255040037 1917.7
19178 0.9952034016943695 1917.8
19179 0.9952081799019357 1917.9
19180 0.995212960062771 1918
19181 0.9952177421142042 1918.1
19182 0.9952225259932547 1918.2
19183 0.9952273116366194 1918.3
19184 0.9952320989803075 1918.4
19185 0.995236887955502 1918.5
19186 0.995241678487484 1918.6
19187 0.9952464704996197 1918.7
19188 0.9952512639149866 1918.8
19189 0.9952560586564069 1918.9
19190 0.9952608546459328 1919
19191 0.9952656518041059 1919.1
19192 0.9952704500495809 1919.2
19193 0.9952752492985107 1919.3
19194 0.9952800494645162 1919.4
19195 0.995284850458387 1919.5
19196 0.9952896521881593 1919.6
19197 0.9952944545588625 1919.7
19198 0.9952992574725872 1919.8
19199 0.9953040608283243 1919.9
19200 0.9953088645222794 1920
19201 0.9953136684479275 1920.1
19202 0.9953184724961247 1920.2
19203 0.9953232765553482 1920.3
19204 0.995328013549456 1920.4
19205 0.9953327136988874 1920.5
19206 0.9953374199999352 1920.6
19207 0.9953421320667378 1920.7
19208 0.9953468493662467 1920.8
19209 0.9953515712855014 1920.9
19210 0.9953562972005563 1921
19211 0.9953610265036079 1921.1
19212 0.9953657586191598 1921.2
19213 0.9953704930124806 1921.3
19214 0.9953752291981831 1921.4
19215 0.9953799667307616 1921.5
19216 0.9953847052014527 1921.6
19217 0.9953894442406126 1921.7
19218 0.9953941835122871 1921.8
19219 0.995398922706014 1921.9
19220 0.9954036615381993 1922
19221 0.9954083997479687 1922.1
19222 0.9954131370937898 1922.2
19223 0.9954178733501844 1922.3
19224 0.9954226083055795 1922.4
19225 0.9954273189925886 1922.5
19226 0.9954320184479432 1922.6
19227 0.995436715565262 1922.7
19228 0.995441410126537 1922.8
19229 0.9954461019203519 1922.9
19230 0.9954507907482053 1923
19231 0.9954554764233945 1923.1
19232 0.9954601587693769 1923.2
19233 0.9954648376195397 1923.3
19234 0.9954695128180717 1923.4
19235 0.9954741842175552 1923.5
19236 0.995478851678953 1923.6
19237 0.9954835150711264 1923.7
19238 0.9954881742711811 1923.8
19239 0.9954928291637797 1923.9
19240 0.9954974796410541 1924
19241 0.9955021256020029 1924.1
19242 0.9955067669493293 1924.2
19243 0.9955114035933831 1924.3
19244 0.9955160354502469 1924.4
19245 0.9955206624429785 1924.5
19246 0.9955252845066059 1924.6
19247 0.9955298069951442 1924.7
19248 0.9955343206187036 1924.8
19249 0.9955388339496942 1924.9
19250 0.9955433467079149 1925
19251 0.9955477506991148 1925.1
19252 0.9955521316392495 1925.2
19253 0.9955565192979501 1925.3
19254 0.9955609130185571 1925.4
19255 0.9955653119910032 1925.5
19256 0.9955697152940639 1925.6
19257 0.9955741220031592 1925.7
19258 0.9955785313672819 1925.8
19259 0.9955829426924572 1925.9
19260 0.995587355343358 1926
19261 0.9955917687572516 1926.1
19262 0.9955961824446642 1926.2
19263 0.9956005959760357 1926.3
19264 0.9956050089995709 1926.4
19265 0.9956094212275762 1926.5
19266 0.9956137580337902 1926.6
19267 0.9956180959150198 1926.7
19268 0.9956224347655714 1926.8
19269 0.9956267623236229 1926.9
19270 0.9956310171546681 1927
19271 0.9956352786828264 1927.1
19272 0.9956395465501061 1927.2
19273 0.9956438203526539 1927.3
19274 0.9956480996819875 1927.4
19275 0.9956523841502484 1927.5
19276 0.9956566733911473 1927.6
19277 0.9956609670746489 1927.7
19278 0.9956652649073425 1927.8
19279 0.9956695666429918 1927.9
19280 0.9956738720671987 1928
19281 0.9956781809836474 1928.1
19282 0.9956824932167593 1928.2
19283 0.9956868086117999 1928.3
19284 0.9956911270340797 1928.4
19285 0.9956954483673013 1928.5
19286 0.9956997725118156 1928.6
19287 0.9957039380395778 1928.7
19288 0.9957080983713629 1928.8
19289 0.995712271751399 1928.9
19290 0.9957164574335307 1929
19291 0.9957206545515951 1929.1
19292 0.9957248623129652 1929.2
19293 0.9957290798669878 1929.3
19294 0.9957333063784338 1929.4
19295 0.9957375410753124 1929.5
19296 0.9957417832729651 1929.6
19297 0.9957460323590743 1929.7
19298 0.9957502878176769 1929.8
19299 0.9957545492146155 1929.9
19300 0.995758816182029 1930
19301 0.9957630884046973 1930.1
19302 0.9957673656101439 1930.2
19303 0.9957716475533338 1930.3
19304 0.9957759340241873 1930.4
19305 0.9957802248367522 1930.5
19306 0.9957845198217152 1930.6
19307 0.9957888188219201 1930.7
19308 0.9957931216893433 1930.8
19309 0.9957974282825299 1930.9
19310 0.9958017384644925 1931
19311 0.9958060082302774 1931.1
19312 0.9958100964295074 1931.2
19313 0.9958142013600167 1931.3
19314 0.995818322321209 1931.4
19315 0.9958224584256713 1931.5
19316 0.9958266085083869 1931.6
19317 0.995830771285766 1931.7
19318 0.9958349455081613 1931.8
19319 0.9958391300236635 1931.9
19320 0.9958433237854575 1932
19321 0.9958475258708935 1932.1
19322 0.9958517354775541 1932.2
19323 0.9958559519012986 1932.3
19324 0.9958601745197637 1932.4
19325 0.9958644027776491 1932.5
19326 0.9958686361749699 1932.6
19327 0.9958728742572052 1932.7
19328 0.9958768569021864 1932.8
19329 0.9958808420395023 1932.9
19330 0.9958848461321007 1933
19331 0.9958888678586365 1933.1
19332 0.9958929056040483 1933.2
19333 0.9958969577237751 1933.3
19334 0.9959010226683027 1933.4
19335 0.9959050990113362 1933.5
19336 0.9959091854948739 1933.6
19337 0.9959132810089483 1933.7
19338 0.995917384572826 1933.8
19339 0.9959212045956959 1933.9
19340 0.9959250276721295 1934
19341 0.9959288719451669 1934.1
19342 0.995932735729501 1934.2
19343 0.9959366172784555 1934.3
19344 0.9959405148793654 1934.4
19345 0.995944426894848 1934.5
19346 0.9959483518399508 1934.6
19347 0.9959521614538213 1934.7
19348 0.9959557642957396 1934.8
19349 0.9959593424123886 1934.9
19350 0.9959629213663453 1935
19351 0.9959665143325397 1935.1
19352 0.9959701205773845 1935.2
19353 0.9959737393759069 1935.3
19354 0.9959773700225315 1935.4
19355 0.9959810118360543 1935.5
19356 0.9959846641634373 1935.6
19357 0.9959883263809823 1935.7
19358 0.9959919978912161 1935.8
19359 0.995995678120986 1935.9
19360 0.9959993665197623 1936
19361 0.9960030625584529 1936.1
19362 0.9960067657229277 1936.2
19363 0.9960104755254097 1936.3
19364 0.9960141915034919 1936.4
19365 0.9960179132168061 1936.5
19366 0.9960216402460691 1936.6
19367 0.9960253721910314 1936.7
19368 0.9960291086729858 1936.8
19369 0.9960328493336359 1936.9
19370 0.9960365938334826 1937
19371 0.9960403418509425 1937.1
19372 0.9960440930811422 1937.2
19373 0.9960478472354662 1937.3
19374 0.9960516040414984 1937.4
19375 0.9960553632426185 1937.5
19376 0.9960591245979241 1937.6
19377 0.996062840365202 1937.7
19378 0.9960665023530053 1937.8
19379 0.9960701683532357 1937.9
19380 0.9960738381126232 1938
19381 0.9960775113656529 1938.1
19382 0.9960811878521207 1938.2
19383 0.9960848673132465 1938.3
19384 0.9960885495063334 1938.4
19385 0.9960922342053927 1938.5
19386 0.9960959212017759 1938.6
19387 0.9960996103055956 1938.7
19388 0.9961033013499049 1938.8
19389 0.9961069941884502 1938.9
19390 0.9961106886929589 1939
19391 0.9961143847507153 1939.1
19392 0.9961180822632302 1939.2
19393 0.996121781143829 1939.3
19394 0.9961254813162935 1939.4
19395 0.9961291374054054 1939.5
19396 0.9961327413408338 1939.6
19397 0.9961363518080287 1939.7
19398 0.9961399685698412 1939.8
19399 0.9961435913131229 1939.9
19400 0.9961472196975081 1940
19401 0.9961508533773313 1940.1
19402 0.9961544919778939 1940.2
19403 0.996158135219402 1940.3
19404 0.9961617828406456 1940.4
19405 0.9961653906344927 1940.5
19406 0.9961689950755155 1940.6
19407 0.9961726063134353 1940.7
19408 0.9961762241316432 1940.8
19409 0.996179848314501 1940.9
19410 0.9961834786624189 1941
19411 0.9961871149951361 1941.1
19412 0.9961907571484054 1941.2
19413 0.9961944049766734 1941.3
19414 0.9961980583517869 1941.4
19415 0.9962017171612367 1941.5
19416 0.9962053813083909 1941.6
19417 0.9962090507075884 1941.7
19418 0.9962127252815224 1941.8
19419 0.9962164049624337 1941.9
19420 0.996220089690893 1942
19421 0.9962237794148253 1942.1
19422 0.9962274740883352 1942.2
19423 0.996231173670616 1942.3
19424 0.9962348781249921 1942.4
19425 0.9962385874178967 1942.5
19426 0.9962423015175546 1942.6
19427 0.9962460203937218 1942.7
19428 0.996249744019594 1942.8
19429 0.9962534723723241 1942.9
19430 0.9962572054248967 1943
19431 0.9962609431499492 1943.1
19432 0.9962646855190772 1943.2
19433 0.9962684325030629 1943.3
19434 0.9962721840713381 1943.4
19435 0.9962759401918079 1943.5
19436 0.9962797008305294 1943.6
19437 0.9962834659518488 1943.7
19438 0.9962872355181558 1943.8
19439 0.9962910094895018 1943.9
19440 0.996294787823565 1944
19441 0.996298570475174 1944.1
19442 0.996302357396578 1944.2
19443 0.9963061485390684 1944.3
19444 0.9963099438504515 1944.4
19445 0.996313743274942 1944.5
19446 0.9963175467531032 1944.6
19447 0.9963213542214149 1944.7
19448 0.9963251656123157 1944.8
19449 0.9963289808540166 1944.9
19450 0.996332799870366 1945
19451 0.9963366225810166 1945.1
19452 0.9963404488941857 1945.2
19453 0.9963442787162662 1945.3
19454 0.9963481119517186 1945.4
19455 0.9963519485018311 1945.5
19456 0.9963557882642974 1945.6
19457 0.9963596311328258 1945.7
19458 0.9963634769979769 1945.8
19459 0.9963673257471926 1945.9
19460 0.9963711772645411 1946
19461 0.9963750314315646 1946.1
19462 0.9963788881274961 1946.2
19463 0.9963827472305266 1946.3
19464 0.996386608617462 1946.4
19465 0.9963904721609825 1946.5
19466 0.9963943377314564 1946.6
19467 0.9963982051974345 1946.7
19468 0.9964020744258075 1946.8
19469 0.9964059452821931 1946.9
19470 0.996409817629216 1947
19471 0.9964136913271553 1947.1
19472 0.9964175662381005 1947.2
19473 0.9964214422251205 1947.3
19474 0.9964253191517828 1947.4
19475 0.9964291968821005 1947.5
19476 0.9964330752804552 1947.6
19477 0.9964369542119157 1947.7
19478 0.9964408335423005 1947.8
19479 0.9964447131385373 1947.9
19480 0.9964485928687514 1948
19481 0.9964524726025074 1948.1
19482 0.9964563522112295 1948.2
19483 0.9964602315681168 1948.3
19484 0.9964641105482768 1948.4
19485 0.9964679890294909 1948.5
19486 0.9964718668924686 1948.6
19487 0.9964757440212965 1948.7
19488 0.9964796203025549 1948.8
19489 0.9964834956259464 1948.9
19490 0.996487369885015 1949
19491 0.996491242977215 1949.1
19492 0.9964951148075368 1949.2
19493 0.9964989852826143 1949.3
19494 0.9965028543120302 1949.4
19495 0.9965067218092239 1949.5
19496 0.9965105876912851 1949.6
19497 0.996514451879625 1949.7
19498 0.9965183142997455 1949.8
19499 0.9965221748812402 1949.9
19500 0.9965260335576331 1950
19501 0.9965298902662035 1950.1
19502 0.9965337449479919 1950.2
19503 0.9965375975479104 1950.3
19504 0.9965414480139102 1950.4
19505 0.9965452962983835 1950.5
19506 0.9965490669504634 1950.6
19507 0.9965527935992614 1950.7
19508 0.9965565203091832 1950.8
19509 0.9965602480702752 1950.9
19510 0.9965639767738956 1951
19511 0.9965677062831749 1951.1
19512 0.9965714364544458 1951.2
19513 0.9965751671469421 1951.3
19514 0.9965788982391319 1951.4
19515 0.9965826296307795 1951.5
19516 0.9965863612211758 1951.6
19517 0.9965900929294735 1951.7
19518 0.9965938246918165 1951.8
19519 0.996597556459497 1951.9
19520 0.9966012881975941 1952
19521 0.996605019884219 1952.1
19522 0.9966087515091242 1952.2
19523 0.9966124830727493 1952.3
19524 0.9966162145850059 1952.4
19525 0.9966199460642873 1952.5
19526 0.9966236775364724 1952.6
19527 0.9966274090285052 1952.7
19528 0.996631140570284 1952.8
19529 0.9966348721984647 1952.9
19530 0.9966386039557562 1953
19531 0.9966423358896682 1953.1
19532 0.9966460680521645 1953.2
19533 0.9966498004983025 1953.3
19534 0.9966535332881714 1953.4
19535 0.9966572664864924 1953.5
19536 0.9966610001628763 1953.6
19537 0.996664734391739 1953.7
19538 0.9966684692501694 1953.8
19539 0.9966722048169003 1953.9
19540 0.9966759411718988 1954
19541 0.9966796783958675 1954.1
19542 0.9966834165691122 1954.2
19543 0.9966871557726764 1954.3
19544 0.9966908960878754 1954.4
19545 0.9966946375961299 1954.5
19546 0.9966983803785727 1954.6
19547 0.9967021245158444 1954.7
19548 0.9967058700878167 1954.8
19549 0.9967096171733272 1954.9
19550 0.9967133658498508 1955
19551 0.996717116193224 1955.1
19552 0.9967208682774072 1955.2
19553 0.996724622176631 1955.3
19554 0.9967283779630327 1955.4
19555 0.9967321357051675 1955.5
19556 0.9967358954677062 1955.6
19557 0.9967396573110499 1955.7
19558 0.9967434212914389 1955.8
19559 0.9967471874607556 1955.9
19560 0.9967509558664025 1956
19561 0.996754726551378 1956.1
19562 0.9967584995544704 1956.2
19563 0.9967622749097463 1956.3
19564 0.9967660526466856 1956.4
19565 0.9967698327899558 1956.5
19566 0.9967736153594127 1956.6
19567 0.9967774003701131 1956.7
19568 0.9967811878322383 1956.8
19569 0.9967849777510869 1956.9
19570 0.9967887701271128 1957
19571 0.9967925649557443 1957.1
19572 0.9967963622273004 1957.2
19573 0.9968001619270144 1957.3
19574 0.9968039640340477 1957.4
19575 0.9968077685215543 1957.5
19576 0.9968115753487218 1957.6
19577 0.996815384475634 1957.7
19578 0.9968191958596014 1957.8
19579 0.9968230094538466 1957.9
19580 0.9968268252073484 1958
19581 0.9968306430648137 1958.1
19582 0.9968344629666391 1958.2
19583 0.9968382848484242 1958.3
19584 0.996842108642495 1958.4
19585 0.9968459342778099 1958.5
19586 0.9968497616799056 1958.6
19587 0.9968535907705204 1958.7
19588 0.9968574214688367 1958.8
19589 0.9968612536912892 1958.9
19590 0.9968650873520155 1959
19591 0.9968689223627052 1959.1
19592 0.9968727586329653 1959.2
19593 0.9968765960705158 1959.3
19594 0.9968804345813523 1959.4
19595 0.9968842740699611 1959.5
19596 0.9968881144396599 1959.6
19597 0.9968919555928263 1959.7
19598 0.9968957974312834 1959.8
19599 0.996899639856594 1959.9
19600 0.9969034827708015 1960
19601 0.9969073260753749 1960.1
19602 0.9969111696719939 1960.2
19603 0.9969150134646326 1960.3
19604 0.9969188573563154 1960.4
19605 0.9969227012505987 1960.5
19606 0.9969265450521065 1960.6
19607 0.9969303886665893 1960.7
19608 0.9969342320011718 1960.8
19609 0.9969380749646932 1960.9
19610 0.9969419174669616 1961
19611 0.9969457594198131 1961.1
19612 0.9969496007381164 1961.2
19613 0.9969534413408185 1961.3
19614 0.996957281148659 1961.4
19615 0.9969611200850161 1961.5
19616 0.9969649580758403 1961.6
19617 0.9969687950496309 1961.7
19618 0.9969726309366548 1961.8
19619 0.9969764656702658 1961.9
19620 0.9969802991864584 1962
19621 0.9969841314246157 1962.1
19622 0.9969879623271738 1962.2
19623 0.9969917918396946 1962.3
19624 0.9969956199097069 1962.4
19625 0.996999446487705 1962.5
19626 0.9970032715280902 1962.6
19627 0.9970070595804454 1962.7
19628 0.9970108229202908 1962.8
19629 0.9970145858123541 1962.9
19630 0.9970183482468783 1963
19631 0.9970221101904474 1963.1
19632 0.9970258716024933 1963.2
19633 0.997029632443415 1963.3
19634 0.9970333926791889 1963.4
19635 0.9970371522830466 1963.5
19636 0.9970409112381106 1963.6
19637 0.9970446695341253 1963.7
19638 0.9970484271676164 1963.8
19639 0.997052184140966 1963.9
19640 0.9970559404612046 1964
19641 0.9970596961397087 1964.1
19642 0.9970634511916988 1964.2
19643 0.9970672056358838 1964.3
19644 0.9970709594881862 1964.4
19645 0.9970747127746561 1964.5
19646 0.9970784655274563 1964.6
19647 0.9970822177826886 1964.7
19648 0.9970859695792761 1964.8
19649 0.9970896870642759 1964.9
19650 0.9970933976855003 1965
19651 0.9970971105773648 1965.1
19652 0.997100825673555 1965.2
19653 0.9971045428633595 1965.3
19654 0.997108262017411 1965.4
19655 0.9971119830033135 1965.5
19656 0.9971157056947259 1965.6
19657 0.9971194299760855 1965.7
19658 0.9971231557452225 1965.8
19659 0.997126882914019 1965.9
19660 0.9971306114061438 1966
19661 0.9971343411570134 1966.1
19662 0.9971380721145978 1966.2
19663 0.9971418042381447 1966.3
19664 0.9971455374970579 1966.4
19665 0.9971492718700509 1966.5
19666 0.9971530073434474 1966.6
19667 0.9971567439102307 1966.7
19668 0.9971604815686538 1966.8
19669 0.9971642203213329 1966.9
19670 0.9971679601744937 1967
19671 0.9971717011369834 1967.1
19672 0.9971754432195171 1967.2
19673 0.9971791864339282 1967.3
19674 0.9971829307928097 1967.4
19675 0.9971866763089352 1967.5
19676 0.9971904229947219 1967.6
19677 0.9971941708622226 1967.7
19678 0.9971979199225058 1967.8
19679 0.997201670185437 1967.9
19680 0.9972054216597082 1968
19681 0.9972091743527829 1968.1
19682 0.997212928270359 1968.2
19683 0.9972166834163811 1968.3
19684 0.997220439792959 1968.4
19685 0.997224197400012 1968.5
19686 0.9972279562353265 1968.6
19687 0.9972317162943564 1968.7
19688 0.9972354775701404 1968.8
19689 0.9972392400533521 1968.9
19690 0.9972430037326551 1969
19691 0.9972467685944594 1969.1
19692 0.9972505346178778 1969.2
19693 0.9972543017785772 1969.3
19694 0.9972580700535854 1969.4
19695 0.9972618394182172 1969.5
19696 0.9972656098452228 1969.6
19697 0.9972693813044146 1969.7
19698 0.9972731537628257 1969.8
19699 0.9972769271845058 1969.9
19700 0.9972807015313553 1970
19701 0.9972844767625043 1970.1
19702 0.9972882528342486 1970.2
19703 0.9972920297002451 1970.3
19704 0.9972958073116502 1970.4
19705 0.9972995856187077 1970.5
19706 0.9973033645693683 1970.6
19707 0.9973071441091736 1970.7
19708 0.9973109241812725 1970.8
19709 0.997314704726759 1970.9
19710 0.9973184856848293 1971
19711 0.9973222669931642 1971.1
19712 0.9973260485878864 1971.2
19713 0.9973298304036303 1971.3
19714 0.9973336123736315 1971.4
19715 0.997337394429168 1971.5
19716 0.9973411764992691 1971.6
19717 0.9973449585160092 1971.7
19718 0.997348740407358 1971.8
19719 0.9973525220987262 1971.9
19720 0.9973563035166796 1972
19721 0.9973600845883932 1972.1
19722 0.9973638652415584 1972.2
19723 0.9973676454044188 1972.3
19724 0.997371425005574 1972.4
19725 0.9973752039728813 1972.5
19726 0.9973789822346369 1972.6
19727 0.9973827597199888 1972.7
19728 0.9973865363594506 1972.8
19729 0.9973903120848487 1972.9
19730 0.9973940868294757 1973
19731 0.9973978605279814 1973.1
19732 0.9974016331166752 1973.2
19733 0.9974054045334201 1973.3
19734 0.9974091747172873 1973.4
19735 0.9974129436090922 1973.5
19736 0.9974167111513166 1973.6
19737 0.9974204772887089 1973.7
19738 0.9974242419683013 1973.8
19739 0.9974280051391733 1973.9
19740 0.9974317667527201 1974
19741 0.9974355267623456 1974.1
19742 0.9974392851231964 1974.2
19743 0.9974430417927701 1974.3
19744 0.9974467967312513 1974.4
19745 0.9974505498988402 1974.5
19746 0.9974543012555481 1974.6
19747 0.997458050763491 1974.7
19748 0.9974617983867554 1974.8
19749 0.9974655440916078 1974.9
19750 0.99746928784662 1975
19751 0.9974729783985146 1975.1
19752 0.9974766541814513 1975.2
19753 0.9974803295992399 1975.3
19754 0.9974840046285227 1975.4
19755 0.997487679227288 1975.5
19756 0.9974913533464299 1975.6
19757 0.9974950269391837 1975.7
19758 0.9974986999646985 1975.8
19759 0.9975023723885197 1975.9
19760 0.9975060232845789 1976
19761 0.9975096381098003 1976.1
19762 0.9975132556031334 1976.2
19763 0.9975168756479592 1976.3
19764 0.99752049805262 1976.4
19765 0.9975241225917425 1976.5
19766 0.9975277490296707 1976.6
19767 0.9975313771290216 1976.7
19768 0.9975350066735645 1976.8
19769 0.997538637468765 1976.9
19770 0.9975422693424014 1977
19771 0.9975459021437285 1977.1
19772 0.9975495357425727 1977.2
19773 0.9975531700272319 1977.3
19774 0.9975568049034339 1977.4
19775 0.9975604402926969 1977.5
19776 0.9975640761304674 1977.6
19777 0.9975677123640777 1977.7
19778 0.9975713489516175 1977.8
19779 0.9975749858603025 1977.9
19780 0.9975786230655092 1978
19781 0.9975822605491131 1978.1
19782 0.9975858982987428 1978.2
19783 0.9975895363068312 1978.3
19784 0.997593174569753 1978.4
19785 0.9975968130872304 1978.5
19786 0.997600451860962 1978.6
19787 0.9976040908970486 1978.7
19788 0.9976077302038251 1978.8
19789 0.9976113697904549 1978.9
19790 0.9976150096670634 1979
19791 0.9976186498443431 1979.1
19792 0.9976222903330475 1979.2
19793 0.9976259311438321 1979.3
19794 0.9976295722869094 1979.4
19795 0.9976332137699491 1979.5
19796 0.9976368555976477 1979.6
19797 0.9976404977759445 1979.7
19798 0.9976441403094642 1979.8
19799 0.9976477832013856 1979.9
19800 0.9976514264553975 1980
19801 0.9976550700747919 1980.1
19802 0.9976587140618058 1980.2
19803 0.9976623584167261 1980.3
19804 0.9976660031382969 1980.4
19805 0.9976696482230268 1980.5
19806 0.9976732936651083 1980.6
19807 0.997676939456339 1980.7
19808 0.9976805855861336 1980.8
19809 0.997684232041246 1980.9
19810 0.9976878788059248 1981
19811 0.9976915258619332 1981.1
19812 0.997695173188519 1981.2
19813 0.9976988207615238 1981.3
19814 0.9977024685405559 1981.4
19815 0.9977061164905106 1981.5
19816 0.9977097645768408 1981.6
19817 0.9977134127631643 1981.7
19818 0.9977170610107673 1981.8
19819 0.9977207092784969 1981.9
19820 0.9977243575226485 1982
19821 0.9977280056970942 1982.1
19822 0.9977316537531655 1982.2
19823 0.9977353016398476 1982.3
19824 0.9977389493035945 1982.4
19825 0.9977425966884714 1982.5
19826 0.9977462437401269 1982.6
19827 0.9977498904020251 1982.7
19828 0.9977535366117373 1982.8
19829 0.997757182304588 1982.9
19830 0.9977608274138497 1983
19831 0.997764471871122 1983.1
19832 0.997768115606619 1983.2
19833 0.997771758549265 1983.3
19834 0.9977754006269983 1983.4
19835 0.9977790417669041 1983.5
19836 0.9977826818954674 1983.6
19837 0.9977863209386094 1983.7
19838 0.9977899452161008 1983.8
19839 0.99779350628562 1983.9
19840 0.9977970705345379 1984
19841 0.9978006377634224 1984.1
19842 0.9978042076526262 1984.2
19843 0.9978077798262319 1984.3
19844 0.9978113538893142 1984.4
19845 0.9978149294501969 1984.5
19846 0.9978185061322372 1984.6
19847 0.9978220835843651 1984.7
19848 0.9978256614828537 1984.8
19849 0.9978292395288644 1984.9
19850 0.9978328174484433 1985
19851 0.9978363949921606 1985.1
19852 0.9978399719327733 1985.2
19853 0.9978435441417355 1985.3
19854 0.9978470457878942 1985.4
19855 0.9978505472923492 1985.5
19856 0.9978540485321302 1985.6
19857 0.9978575493445805 1985.7
19858 0.9978610495680215 1985.8
19859 0.9978645490471288 1985.9
19860 0.997868047635591 1986
19861 0.9978715452017579 1986.1
19862 0.9978750416282658 1986.2
19863 0.9978785368104242 1986.3
19864 0.9978820306535094 1986.4
19865 0.9978855230721783 1986.5
19866 0.99788901398261 1986.6
19867 0.9978925033123713 1986.7
19868 0.9978959910049048 1986.8
19869 0.9978994770152052 1986.9
19870 0.9979029613073631 1987
19871 0.9979064438528129 1987.1
19872 0.9979099246288801 1987.2
19873 0.9979134036189313 1987.3
19874 0.9979168808116248 1987.4
19875 0.9979203562003477 1987.5
19876 0.9979238297831159 1987.6
19877 0.9979273015624227 1987.7
19878 0.9979307715445723 1987.8
19879 0.9979342397394383 1987.9
19880 0.9979377061601717 1988
19881 0.9979411708230181 1988.1
19882 0.9979446337467762 1988.2
19883 0.997948094953118 1988.3
19884 0.9979515544626084 1988.4
19885 0.9979550122896984 1988.5
19886 0.9979584684518628 1988.6
19887 0.9979619229693926 1988.7
19888 0.9979653758664885 1988.8
19889 0.9979688271708865 1988.9
19890 0.9979722769134819 1989
19891 0.997975725128045 1989.1
19892 0.9979791718509877 1989.2
19893 0.9979826171210068 1989.3
19894 0.9979860609787095 1989.4
19895 0.9979895034666645 1989.5
19896 0.9979929446295573 1989.6
19897 0.9979963845138309 1989.7
19898 0.9979998231671786 1989.8
19899 0.9980031705229626 1989.9
19900 0.9980065152140655 1990
19901 0.9980098644232405 1990.1
19902 0.9980132179144833 1990.2
19903 0.9980165753629099 1990.3
19904 0.9980199364066676 1990.4
19905 0.998023300678324 1990.5
19906 0.9980266678262242 1990.6
19907 0.9980300375220698 1990.7
19908 0.9980334094499527 1990.8
19909 0.9980367833769166 1990.9
19910 0.9980401590909955 1991
19911 0.9980435364053937 1991.1
19912 0.9980469151622849 1991.2
19913 0.9980502952276556 1991.3
19914 0.998053676486798 1991.4
19915 0.998057058841005 1991.5
19916 0.9980604422048218 1991.6
19917 0.9980638265033895 1991.7
19918 0.9980671952158964 1991.8
19919 0.9980705597446859 1991.9
19920 0.9980739260491175 1992
19921 0.9980772939799656 1992.1
19922 0.998080663380532 1992.2
19923 0.9980840340924041 1992.3
19924 0.9980874059592387 1992.4
19925 0.9980907788282475 1992.5
19926 0.9980941525505141 1992.6
19927 0.998097526981054 1992.7
19928 0.9981009019784214 1992.8
19929 0.9981042774046545 1992.9
19930 0.9981076531247024 1993
19931 0.9981110290064065 1993.1
19932 0.9981144049200029 1993.2
19933 0.9981177807380528 1993.3
19934 0.9981211563352337 1993.4
19935 0.9981245315881495 1993.5
19936 0.9981279063729914 1993.6
19937 0.9981312805625753 1993.7
19938 0.9981346540357487 1993.8
19939 0.9981380266746819 1993.9
19940 0.9981413983639413 1994
19941 0.9981447689902895 1994.1
19942 0.998148138442619 1994.2
19943 0.9981515066121032 1994.3
19944 0.9981548733921819 1994.4
19945 0.9981582386787221 1994.5
19946 0.9981615458809376 1994.6
19947 0.9981647914011952 1994.7
19948 0.9981680421472069 1994.8
19949 0.9981712977606363 1994.9
19950 0.9981745577222354 1995
19951 0.9981778213861228 1995.1
19952 0.9981810880822144 1995.2
19953 0.9981843572418908 1995.3
19954 0.9981876283451584 1995.4
19955 0.9981909008931233 1995.5
19956 0.9981941744210787 1995.6
19957 0.9981974485044577 1995.7
19958 0.9982007227550106 1995.8
19959 0.998203996821486 1995.9
19960 0.9982072703997864 1996
19961 0.9982105432270368 1996.1
19962 0.9982138150743139 1996.2
19963 0.9982170857411433 1996.3
19964 0.998220355047054 1996.4
19965 0.9982236228285581 1996.5
19966 0.9982268889364501 1996.6
19967 0.9982301532344489 1996.7
19968 0.9982334155983511 1996.8
19969 0.9982366759158419 1996.9
19970 0.9982399340843017 1997
19971 0.9982431900096614 1997.1
19972 0.9982464436059817 1997.2
19973 0.9982496947947043 1997.3
19974 0.9982529435035208 1997.4
19975 0.9982561896663249 1997.5
19976 0.9982594332230776 1997.6
19977 0.9982626741191171 1997.7
19978 0.9982659123051536 1997.8
19979 0.9982691477360993 1997.9
19980 0.9982723803702417 1998
19981 0.998275610172301 1998.1
19982 0.9982788371130795 1998.2
19983 0.9982820611645025 1998.3
19984 0.99828524269643 1998.4
19985 0.9982883167293634 1998.5
19986 0.9982913963055968 1998.6
19987 0.998294481100282 1998.7
19988 0.9982975057003886 1998.8
19989 0.9983005063576037 1998.9
19990 0.9983035137977073 1999
19991 0.9983065273571351 1999.1
19992 0.998309546346803 1999.2
19993 0.998312570105961 1999.3
19994 0.998315598031326 1999.4
19995 0.9983186295866087 1999.5
19996 0.9983216643005317 1999.6
19997 0.9983247017470553 1999.7
19998 0.9983277415610271 1999.8
19999 0.9983307834235006 1999.9
20000 0.9983338270687567 2000
20001 0.9983368722721983 2000.1
20002 0.9983399188396027 2000.2
20003 0.9983429666018128 2000.3
20004 0.9983460154106818 2000.4
20005 0.9983490651362148 2000.5
20006 0.9983521156633608 2000.6
20007 0.9983551668899685 2000.7
20008 0.9983582187252437 2000.8
20009 0.9983612710875973 2000.9
20010 0.9983643239046643 2001
20011 0.9983673771111795 2001.1
20012 0.9983704306483449 2001.2
20013 0.9983734844630643 2001.3
20014 0.998376416538748 2001.4
20015 0.9983792953171193 2001.5
20016 0.998382184559011 2001.6
20017 0.9983850836404048 2001.7
20018 0.9983879918727873 2001.8
20019 0.9983909084747189 2001.9
20020 0.9983938326085975 2002
20021 0.9983967634499713 2002.1
20022 0.9983997002380057 2002.2
20023 0.9984026422966321 2002.3
20024 0.9984055890294893 2002.4
20025 0.9984085399108106 2002.5
20026 0.9984114944950713 2002.6
20027 0.9984144524013566 2002.7
20028 0.9984174133014664 2002.8
20029 0.998420376909774 2002.9
20030 0.9984233429752349 2003
20031 0.9984263112749212 2003.1
20032 0.9984292816096203 2003.2
20033 0.9984322537987416 2003.3
20034 0.9984352276762024 2003.4
20035 0.9984380980175666 2003.5
20036 0.9984408586791448 2003.6
20037 0.9984436329417601 2003.7
20038 0.9984464201634794 2003.8
20039 0.9984492194619853 2003.9
20040 0.9984520297396886 2004
20041 0.9984548498620459 2004.1
20042 0.9984576787582079 2004.2
20043 0.998460515459762 2004.3
20044 0.9984633590941541 2004.4
20045 0.9984662088926453 2004.5
20046 0.9984690641907926 2004.6
20047 0.9984719244104621 2004.7
20048 0.9984747890427526 2004.8
20049 0.9984776576364737 2004.9
20050 0.998480281524769 2005
20051 0.9984829154152666 2005.1
20052 0.9984855657738733 2005.2
20053 0.9984882314297711 2005.3
20054 0.9984909109980916 2005.4
20055 0.9984936030891354 2005.5
20056 0.9984963064014145 2005.6
20057 0.9984990197442856 2005.7
20058 0.9985017420545724 2005.8
20059 0.998504472423611 2005.9
20060 0.998506951299399 2006
20061 0.9985094293488621 2006.1
20062 0.9985119264761516 2006.2
20063 0.9985144412490435 2006.3
20064 0.9985169721761004 2006.4
20065 0.9985195178232072 2006.5
20066 0.9985220768214761 2006.6
20067 0.998524647976429 2006.7
20068 0.9985269860666158 2006.8
20069 0.9985292741847569 2006.9
20070 0.9985315764567166 2007
20071 0.9985338922794363 2007.1
20072 0.9985362210748168 2007.2
20073 0.9985385622880082 2007.3
20074 0.9985409153861581 2007.4
20075 0.9985432798571999 2007.5
20076 0.9985456552089955 2007.6
20077 0.9985479698929636 2007.7
20078 0.9985502859013486 2007.8
20079 0.9985526126093838 2007.9
20080 0.9985549495852216 2008
20081 0.9985572963801458 2008.1
20082 0.9985596525447881 2008.2
20083 0.9985620176415849 2008.3
20084 0.9985643912513096 2008.4
20085 0.9985667729748116 2008.5
20086 0.9985691624378507 2008.6
20087 0.9985715592908341 2008.7
20088 0.9985739631961631 2008.8
20089 0.9985763738287913 2008.9
20090 0.9985787908684998 2009
20091 0.9985812140219944 2009.1
20092 0.9985836430201318 2009.2
20093 0.9985860776083879 2009.3
20094 0.9985885175458805 2009.4
20095 0.9985909626027747 2009.5
20096 0.9985934125605057 2009.6
20097 0.9985958672114854 2009.7
20098 0.9985983263594119 2009.8
20099 0.9986007898177846 2009.9
20100 0.9986032574088204 2010
20101 0.9986057289564544 2010.1
20102 0.9986082042854229 2010.2
20103 0.9986106832294706 2010.3
20104 0.9986131656315237 2010.4
20105 0.9986156513426389 2010.5
20106 0.9986181402215256 2010.6
20107 0.9986206321342466 2010.7
20108 0.9986231269537307 2010.8
20109 0.9986256245596989 2010.9
20110 0.9986281248381175 2011
20111 0.9986306276802773 2011.1
20112 0.9986331329831787 2011.2
20113 0.9986356406498885 2011.3
20114 0.9986381505891767 2011.4
20115 0.9986406627150846 2011.5
20116 0.9986431769468075 2011.6
20117 0.9986456932078456 2011.7
20118 0.9986482114271845 2011.8
20119 0.9986507315384174 2011.9
20120 0.9986532534793469 2012
20121 0.9986557771916724 2012.1
20122 0.9986583026208526 2012.2
20123 0.9986608297163087 2012.3
20124 0.9986633584300242 2012.4
20125 0.9986658887177119 2012.5
20126 0.9986684205391033 2012.6
20127 0.9986709538573839 2012.7
20128 0.9986734886444704 2012.8
20129 0.9986759816570961 2012.9
20130 0.9986784492573521 2013
20131 0.9986809217173714 2013.1
20132 0.9986833989300282 2013.2
20133 0.9986858807392515 2013.3
20134 0.9986883669675952 2013.4
20135 0.998690857431522 2013.5
20136 0.9986933519494307 2013.6
20137 0.9986958503458565 2013.7
20138 0.9986983524524716 2013.8
20139 0.9987008581092248 2013.9
20140 0.9987033671643475 2014
20141 0.998705879474215 2014.1
20142 0.9987083949030293 2014.2
20143 0.9987109133219663 2014.3
20144 0.9987134346089049 2014.4
20145 0.9987159586476155 2014.5
20146 0.9987184853275057 2014.6
20147 0.9987210145429136 2014.7
20148 0.9987235461906865 2014.8
20149 0.9987260801718707 2014.9
20150 0.9987286163919866 2015
20151 0.9987311547602169 2015.1
20152 0.9987336951888913 2015.2
20153 0.9987362375929877 2015.3
20154 0.9987387818842196 2015.4
20155 0.9987413279792087 2015.5
20156 0.9987438757988155 2015.6
20157 0.9987464252663599 2015.7
20158 0.9987489763069741 2015.8
20159 0.9987515288470321 2015.9
20160 0.9987540828139656 2016
20161 0.9987566381360465 2016.1
20162 0.9987591947424578 2016.2
20163 0.9987617525630963 2016.3
20164 0.9987643115286732 2016.4
20165 0.9987668715706073 2016.5
20166 0.9987694326210451 2016.6
20167 0.9987719946130318 2016.7
20168 0.9987745574805668 2016.8
20169 0.9987771211583767 2016.9
20170 0.9987796855817913 2017
20171 0.9987822506866608 2017.1
20172 0.9987848164095761 2017.2
20173 0.998787382688066 2017.3
20174 0.9987899494604827 2017.4
20175 0.9987925166657933 2017.5
20176 0.9987950842438945 2017.6
20177 0.9987976521357652 2017.7
20178 0.9988002202833984 2017.8
20179 0.998802788629887 2017.9
20180 0.9988053571193495 2018
20181 0.9988079256970537 2018.1
20182 0.9988104943093931 2018.2
20183 0.998813062903924 2018.3
20184 0.9988156314294883 2018.4
20185 0.9988181998362368 2018.5
20186 0.9988207680756173 2018.6
20187 0.9988233361003435 2018.7
20188 0.998825903864359 2018.8
20189 0.9988284713231033 2018.9
20190 0.9988310384332854 2019
20191 0.9988336051529764 2019.1
20192 0.9988361714417323 2019.2
20193 0.998838737260566 2019.3
20194 0.9988413025720199 2019.4
20195 0.9988438673401676 2019.5
20196 0.998846431530522 2019.6
20197 0.9988489951102419 2019.7
20198 0.9988515580525328 2019.8
20199 0.9988541203335599 2019.9
20200 0.9988566819294808 2020
20201 0.9988592428168471 2020.1
20202 0.9988618029731221 2020.2
20203 0.9988643623766276 2020.3
20204 0.9988669210062143 2020.4
20205 0.9988694788436476 2020.5
20206 0.998872035872481 2020.6
20207 0.9988745920775476 2020.7
20208 0.9988771474450157 2020.8
20209 0.998879701962152 2020.9
20210 0.9988822556177603 2021
20211 0.9988848084018079 2021.1
20212 0.9988873603056213 2021.2
20213 0.9988899113223647 2021.3
20214 0.9988924614466396 2021.4
20215 0.9988950106744735 2021.5
20216 0.9988975590038029 2021.6
20217 0.998900106434069 2021.7
20218 0.9989026529665311 2021.8
20219 0.998905198603959 2021.9
20220 0.9989077374984876 2022
20221 0.9989102064251115 2022.1
20222 0.9989126776591105 2022.2
20223 0.9989151512044329 2022.3
20224 0.9989176269857055 2022.4
20225 0.998920104890817 2022.5
20226 0.9989225847938693 2022.6
20227 0.9989250665672647 2022.7
20228 0.9989275500881304 2022.8
20229 0.998930035240896 2022.9
20230 0.9989325219189 2023
20231 0.9989350100241388 2023.1
20232 0.9989374994666279 2023.2
20233 0.9989399901636934 2023.3
20234 0.9989424820399682 2023.4
20235 0.9989449750263075 2023.5
20236 0.9989474690590333 2023.6
20237 0.9989499640796505 2023.7
20238 0.9989524600341733 2023.8
20239 0.9989549568725028 2023.9
20240 0.9989574545478561 2024
20241 0.9989599530154963 2024.1
20242 0.9989624522320636 2024.2
20243 0.9989649521554638 2024.3
20244 0.998967452741456 2024.4
20245 0.9989699539527845 2024.5
20246 0.9989724557561113 2024.6
20247 0.9989749581203603 2024.7
20248 0.9989774610158416 2024.8
20249 0.9989799644138041 2024.9
20250 0.9989824682859021 2025
20251 0.998984972604232 2025.1
20252 0.9989874773410767 2025.2
20253 0.9989899824689383 2025.3
20254 0.9989924879603642 2025.4
20255 0.9989949937880173 2025.5
20256 0.998997499924641 2025.6
20257 0.9990000063429778 2025.7
20258 0.9990025130158362 2025.8
20259 0.9990050199158764 2025.9
20260 0.999007527015891 2026
20261 0.9990100342888156 2026.1
20262 0.9990125417073417 2026.2
20263 0.999015049244385 2026.3
20264 0.9990175568727857 2026.4
20265 0.9990200645653847 2026.5
20266 0.9990225722951253 2026.6
20267 0.999025080035023 2026.7
20268 0.9990275877575084 2026.8
20269 0.9990300954352128 2026.9
20270 0.9990326030409774 2027
20271 0.9990351105479469 2027.1
20272 0.9990376179296802 2027.2
20273 0.999040125159759 2027.3
20274 0.9990426322120243 2027.4
20275 0.9990451390605409 2027.5
20276 0.9990476456871263 2027.6
20277 0.9990501520725799 2027.7
20278 0.9990526581963338 2027.8
20279 0.9990551640369234 2027.9
20280 0.999057669572481 2028
20281 0.9990601747806619 2028.1
20282 0.9990626796389552 2028.2
20283 0.9990651841247946 2028.3
20284 0.9990676882157443 2028.4
20285 0.9990701918893629 2028.5
20286 0.9990726951235316 2028.6
20287 0.9990751978962927 2028.7
20288 0.9990777001860537 2028.8
20289 0.9990802019716924 2028.9
20290 0.9990827032324128 2029
20291 0.9990852039481196 2029.1
20292 0.9990877040991369 2029.2
20293 0.9990902036663162 2029.3
20294 0.9990927026310814 2029.4
20295 0.9990952009753922 2029.5
20296 0.999097698681828 2029.6
20297 0.9991001957335447 2029.7
20298 0.9991026921142998 2029.8
20299 0.99910518780865 2029.9
20300 0.999107682801738 2030
20301 0.9991101770794225 2030.1
20302 0.9991126706274379 2030.2
20303 0.9991151634326897 2030.3
20304 0.9991176554832598 2030.4
20305 0.9991201467683104 2030.5
20306 0.9991226372777868 2030.6
20307 0.9991251270020932 2030.7
20308 0.999127615932205 2030.8
20309 0.9991301040594539 2030.9
20310 0.9991325913758102 2031
20311 0.9991350778736361 2031.1
20312 0.9991375635459038 2031.2
20313 0.9991400483861292 2031.3
20314 0.9991425323884024 2031.4
20315 0.9991450155473859 2031.5
20316 0.9991474978585057 2031.6
20317 0.9991499793180639 2031.7
20318 0.9991524599228963 2031.8
20319 0.999154939670494 2031.9
20320 0.9991574185589097 2032
20321 0.9991598965867037 2032.1
20322 0.9991623737530099 2032.2
20323 0.9991648500575468 2032.3
20324 0.9991673255003778 2032.4
20325 0.9991698000820881 2032.5
20326 0.999172214233239 2032.6
20327 0.9991746223830563 2032.7
20328 0.9991770321997825 2032.8
20329 0.9991794436193745 2032.9
20330 0.9991818565335184 2033
20331 0.9991842708159548 2033.1
20332 0.9991866863363035 2033.2
20333 0.999189102967415 2033.3
20334 0.9991915205888979 2033.4
20335 0.9991939390887579 2033.5
20336 0.9991963583635699 2033.6
20337 0.9991987783184151 2033.7
20338 0.9992011988662047 2033.8
20339 0.9992036199271032 2033.9
20340 0.9992060414278743 2034
20341 0.9992084633010108 2034.1
20342 0.9992108854843591 2034.2
20343 0.9992133079202427 2034.3
20344 0.9992157305546993 2034.4
20345 0.9992181533369097 2034.5
20346 0.9992205762189673 2034.6
20347 0.9992229991556111 2034.7
20348 0.999225422103576 2034.8
20349 0.9992278450216326 2034.9
20350 0.99923026787022 2035
20351 0.9992326906085245 2035.1
20352 0.9992351131915083 2035.2
20353 0.999237535581498 2035.3
20354 0.9992399577453188 2035.4
20355 0.9992423796526124 2035.5
20356 0.99924480127458 2035.6
20357 0.999247222583501 2035.7
20358 0.9992496435523556 2035.8
20359 0.9992520641548354 2035.9
20360 0.9992544843664513 2036
20361 0.9992569041666755 2036.1
20362 0.9992593235344538 2036.2
20363 0.9992617424486637 2036.3
20364 0.9992641608880104 2036.4
20365 0.9992665788333412 2036.5
20366 0.9992689962690509 2036.6
20367 0.9992714131777357 2036.7
20368 0.9992738295407534 2036.8
20369 0.9992762453383112 2036.9
20370 0.9992786605501612 2037
20371 0.9992810751562647 2037.1
20372 0.9992834891367661 2037.2
20373 0.9992859024721228 2037.3
20374 0.9992883151430011 2037.4
20375 0.9992907271305601 2037.5
20376 0.9992931384163238 2037.6
20377 0.9992955489822164 2037.7
20378 0.9992979588104675 2037.8
20379 0.9993003678836628 2037.9
20380 0.9993027761847542 2038
20381 0.9993051836970067 2038.1
20382 0.9993075904041984 2038.2
20383 0.9993099962904258 2038.3
20384 0.9993124013399198 2038.4
20385 0.9993148055365927 2038.5
20386 0.9993172088648467 2038.6
20387 0.9993196113097108 2038.7
20388 0.9993220128566425 2038.8
20389 0.9993244134915495 2038.9
20390 0.9993268132007661 2039
20391 0.9993292119708286 2039.1
20392 0.9993316097886996 2039.2
20393 0.9993340066416986 2039.3
20394 0.9993364025174267 2039.4
20395 0.9993387974037728 2039.5
20396 0.9993411912889458 2039.6
20397 0.9993435841613897 2039.7
20398 0.9993459760098923 2039.8
20399 0.9993483668235944 2039.9
20400 0.9993507565913438 2040
20401 0.9993531453026366 2040.1
20402 0.999355532947766 2040.2
20403 0.9993579195174241 2040.3
20404 0.9993603050022825 2040.4
20405 0.9993626893930885 2040.5
20406 0.99936507268092 2040.6
20407 0.9993674548569466 2040.7
20408 0.9993698359125057 2040.8
20409 0.9993722158390463 2040.9
20410 0.9993745946281274 2041
20411 0.9993769722715365 2041.1
20412 0.999379348761208 2041.2
20413 0.9993817240894874 2041.3
20414 0.9993840982493176 2041.4
20415 0.9993864712339713 2041.5
20416 0.9993888430371085 2041.6
20417 0.9993912136526832 2041.7
20418 0.9993935830749748 2041.8
20419 0.9993959512985753 2041.9
20420 0.9993982697058484 2042
20421 0.9994005582588569 2042.1
20422 0.9994028484184789 2042.2
20423 0.9994051401294684 2042.3
20424 0.999407433268968 2042.4
20425 0.9994097276844548 2042.5
20426 0.9994120232146984 2042.6
20427 0.9994143197009542 2042.7
20428 0.9994166169922757 2042.8
20429 0.9994189149479037 2042.9
20430 0.9994212134378205 2043
20431 0.9994235123424845 2043.1
20432 0.9994258115523215 2043.2
20433 0.9994281109666751 2043.3
20434 0.9994304104929689 2043.4
20435 0.9994327100521722 2043.5
20436 0.9994350095705342 2043.6
20437 0.9994373089788328 2043.7
20438 0.9994396082119782 2043.8
20439 0.9994419072086875 2043.9
20440 0.9994442059054616 2044
20441 0.9994465042404829 2044.1
20442 0.9994488021615348 2044.2
20443 0.9994510996297445 2044.3
20444 0.9994533966081773 2044.4
20445 0.9994556930604295 2044.5
20446 0.9994579889506253 2044.6
20447 0.9994602842436232 2044.7
20448 0.9994625789047902 2044.8
20449 0.9994648728983877 2044.9
20450 0.9994671661892727 2045
20451 0.9994694587427748 2045.1
20452 0.99947175052517 2045.2
20453 0.9994740415033903 2045.3
20454 0.9994763316450809 2045.4
20455 0.9994786209191597 2045.5
20456 0.9994809092957425 2045.6
20457 0.9994831967458949 2045.7
20458 0.9994854832415924 2045.8
20459 0.9994877687557384 2045.9
20460 0.9994900532621118 2046
20461 0.9994923367352941 2046.1
20462 0.9994946191505678 2046.2
20463 0.9994969004840207 2046.3
20464 0.9994991807123262 2046.4
20465 0.9995014598127386 2046.5
20466 0.9995037377630767 2046.6
20467 0.9995060145417864 2046.7
20468 0.9995082901276882 2046.8
20469 0.999510564500238 2046.9
20470 0.9995128376392477 2047
20471 0.9995151095251058 2047.1
20472 0.9995173801385504 2047.2
20473 0.9995196494596211 2047.3
20474 0.9995219174692931 2047.4
20475 0.9995241841493124 2047.5
20476 0.9995264494820684 2047.6
20477 0.9995287134504385 2047.7
20478 0.9995309760376049 2047.8
20479 0.9995332372272242 2047.9
20480 0.9995354970032263 2048
20481 0.9995377553498157 2048.1
20482 0.9995400122513304 2048.2
20483 0.9995422676933211 2048.3
20484 0.9995445216617078 2048.4
20485 0.9995467741422951 2048.5
20486 0.9995490251209083 2048.6
20487 0.9995512745833822 2048.7
20488 0.9995535225157466 2048.8
20489 0.9995557689042853 2048.9
20490 0.9995580137356106 2049
20491 0.999560256996629 2049.1
20492 0.999562498674625 2049.2
20493 0.999564738757877 2049.3
20494 0.9995669772351259 2049.4
20495 0.9995692140958533 2049.5
20496 0.9995714445401269 2049.6
20497 0.9995735806060881 2049.7
20498 0.9995757184757015 2049.8
20499 0.9995778581470348 2049.9
20500 0.9995799995145712 2050
20501 0.9995821424112662 2050.1
20502 0.9995842866449959 2050.2
20503 0.9995864320183485 2050.3
20504 0.999588578338746 2050.4
20505 0.9995907254229011 2050.5
20506 0.9995928730986424 2050.6
20507 0.9995950212053236 2050.7
20508 0.9995971696046316 2050.8
20509 0.9995993181662364 2050.9
20510 0.9996014667678462 2051
20511 0.9996036152930623 2051.1
20512 0.9996057636242653 2051.2
20513 0.9996079116618596 2051.3
20514 0.9996100593180341 2051.4
20515 0.9996122065134705 2051.5
20516 0.9996143531752505 2051.6
20517 0.9996164992354782 2051.7
20518 0.999618644630608 2051.8
20519 0.999620789300726 2051.9
20520 0.9996229331890772 2052
20521 0.9996250762402124 2052.1
20522 0.9996272184015167 2052.2
20523 0.9996293596229018 2052.3
20524 0.9996314998565901 2052.4
20525 0.9996336390568961 2052.5
20526 0.9996357771798906 2052.6
20527 0.9996379141800632 2052.7
20528 0.9996400500121984 2052.8
20529 0.9996421846322727 2052.9
20530 0.9996443179981034 2053
20531 0.999646450069234 2053.1
20532 0.9996485808068846 2053.2
20533 0.9996507101736659 2053.3
20534 0.9996528381335031 2053.4
20535 0.9996549646516464 2053.5
20536 0.9996570896944593 2053.6
20537 0.9996592132293056 2053.7
20538 0.9996613352246029 2053.8
20539 0.9996634556496932 2053.9
20540 0.9996655744747432 2054
20541 0.9996676916706304 2054.1
20542 0.9996698072089432 2054.2
20543 0.9996719210606569 2054.3
20544 0.9996740331983185 2054.4
20545 0.9996761435960577 2054.5
20546 0.9996782522288478 2054.6
20547 0.9996803590717787 2054.7
20548 0.9996824641009675 2054.8
20549 0.9996845672939488 2054.9
20550 0.9996866686285897 2055
20551 0.9996887680832217 2055.1
20552 0.9996908656364438 2055.2
20553 0.9996929612673945 2055.3
20554 0.9996950549557302 2055.4
20555 0.9996971466817145 2055.5
20556 0.9996992364261318 2055.6
20557 0.9997013241714748 2055.7
20558 0.9997033813421949 2055.8
20559 0.9997053462358149 2055.9
20560 0.9997073133156291 2056
20561 0.9997092825475277 2056.1
20562 0.9997112537652681 2056.2
20563 0.9997132267583733 2056.3
20564 0.9997152012983256 2056.4
20565 0.9997171771483849 2056.5
20566 0.9997191540717847 2056.6
20567 0.9997211318366814 2056.7
20568 0.999723110219688 2056.8
20569 0.999725089005095 2056.9
20570 0.999727067985403 2057
20571 0.9997290469838658 2057.1
20572 0.9997310258457724 2057.2
20573 0.9997330044331149 2057.3
20574 0.999734982621068 2057.4
20575 0.9997369602943368 2057.5
20576 0.9997389373467109 2057.6
20577 0.9997409136799237 2057.7
20578 0.9997428892025719 2057.8
20579 0.9997448638292319 2057.9
20580 0.9997468374807159 2058
20581 0.9997488100823726 2058.1
20582 0.9997507815637138 2058.2
20583 0.9997527518580994 2058.3
20584 0.9997547209024217 2058.4
20585 0.9997566886367356 2058.5
20586 0.9997586550041119 2058.6
20587 0.9997606199501834 2058.7
20588 0.999762583419035 2058.8
20589 0.9997645453532866 2058.9
20590 0.9997665056978633 2059
20591 0.9997684643987775 2059.1
20592 0.9997704214043024 2059.2
20593 0.999772376664719 2059.3
20594 0.9997743301322358 2059.4
20595 0.9997762817609461 2059.5
20596 0.9997782315069594 2059.6
20597 0.9997801793275457 2059.7
20598 0.9997821251810878 2059.8
20599 0.9997840690256247 2059.9
20600 0.9997860108200727 2060
20601 0.99978795052587 2060.1
20602 0.9997898881060115 2060.2
20603 0.9997918235241705 2060.3
20604 0.9997937567447631 2060.4
20605 0.9997956877331501 2060.5
20606 0.9997976164555221 2060.6
20607 0.999799542878871 2060.7
20608 0.9998014313672975 2060.8
20609 0.9998032093838694 2060.9
20610 0.9998049900447985 2061
20611 0.9998067733142449 2061.1
20612 0.9998085589989989 2061.2
20613 0.999810346833417 2061.3
20614 0.9998121365257707 2061.4
20615 0.9998139277718487 2061.5
20616 0.999815720257914 2061.6
20617 0.9998175136622028 2061.7
20618 0.9998193076929272 2061.8
20619 0.9998211020926614 2061.9
20620 0.9998228966327811 2062
20621 0.9998246911079894 2062.1
20622 0.9998264853329765 2062.2
20623 0.9998282791404215 2062.3
20624 0.9998300723784151 2062.4
20625 0.9998318649082153 2062.5
20626 0.9998336566024817 2062.6
20627 0.999835447343991 2062.7
20628 0.9998372370242774 2062.8
20629 0.9998390255426053 2062.9
20630 0.9998408128046777 2063
20631 0.9998425987218925 2063.1
20632 0.9998443832109529 2063.2
20633 0.9998461661933261 2063.3
20634 0.9998479475952328 2063.4
20635 0.9998497273464068 2063.5
20636 0.9998515053794961 2063.6
20637 0.9998532816221889 2063.7
20638 0.9998550560012741 2063.8
20639 0.999856828445039 2063.9
20640 0.9998585988801675 2064
20641 0.9998603672376924 2064.1
20642 0.9998621334528945 2064.2
20643 0.9998638974644696 2064.3
20644 0.9998656592146613 2064.4
20645 0.9998674186478039 2064.5
20646 0.9998691757100548 2064.6
20647 0.9998709303493886 2064.7
20648 0.9998726825154367 2064.8
20649 0.9998742994850958 2064.9
20650 0.9998758795028649 2065
20651 0.9998774627817472 2065.1
20652 0.9998790491541109 2065.2
20653 0.9998806383252273 2065.3
20654 0.9998822299352828 2065.4
20655 0.9998838235938219 2065.5
20656 0.9998854188867298 2065.6
20657 0.9998870154259718 2065.7
20658 0.9998886128562302 2065.8
20659 0.9998902108552388 2065.9
20660 0.9998918091336328 2066
20661 0.9998934074328286 2066.1
20662 0.9998950055220615 2066.2
20663 0.9998966031946819 2066.3
20664 0.999898200264803 2066.4
20665 0.9998997965642739 2066.5
20666 0.9999013919399302 2066.6
20667 0.999902986250053 2066.7
20668 0.9999045793636223 2066.8
20669 0.9999061711507208 2066.9
20670 0.9999077614937026 2067
20671 0.9999093502848648 2067.1
20672 0.999910937424512 2067.2
20673 0.9999125228196608 2067.3
20674 0.9999141063828872 2067.4
20675 0.9999156880312645 2067.5
20676 0.9999172676857581 2067.6
20677 0.9999188452666372 2067.7
20678 0.999920420685766 2067.8
20679 0.9999219938571096 2067.9
20680 0.9999235646978498 2068
20681 0.9999251031586731 2068.1
20682 0.9999264683685625 2068.2
20683 0.9999278376086561 2068.3
20684 0.9999292108228004 2068.4
20685 0.9999305877180199 2068.5
20686 0.9999319678715117 2068.6
20687 0.9999333507760322 2068.7
20688 0.9999347359108133 2068.8
20689 0.9999361227755637 2068.9
20690 0.999937510907928 2069
20691 0.9999388998876577 2069.1
20692 0.999940289339594 2069.2
20693 0.9999416789320295 2069.3
20694 0.9999430683619028 2069.4
20695 0.9999444573616668 2069.5
20696 0.99994584569598 2069.6
20697 0.9999472331554342 2069.7
20698 0.9999486195520235 2069.8
20699 0.9999500047154001 2069.9
20700 0.9999513884900256 2070
20701 0.9999527707327401 2070.1
20702 0.9999541513110975 2070.2
20703 0.999955530101534 2070.3
20704 0.9999569069881676 2070.4
20705 0.9999582818618301 2070.5
20706 0.999959616504464 2070.6
20707 0.9999607500618546 2070.7
20708 0.999961888655159 2070.8
20709 0.9999630321797746 2070.9
20710 0.999964180200665 2071
20711 0.9999653321430335 2071.1
20712 0.9999664874023609 2071.2
20713 0.9999676452922361 2071.3
20714 0.9999688051740822 2071.4
20715 0.9999699664659225 2071.5
20716 0.9999711286632819 2071.6
20717 0.9999722913306586 2071.7
20718 0.999973454087825 2071.8
20719 0.9999746166015198 2071.9
20720 0.9999757785775744 2072
20721 0.9999769397548842 2072.1
20722 0.9999780999000841 2072.2
20723 0.9999792588035407 2072.3
20724 0.9999803312963234 2072.4
20725 0.9999812143479642 2072.5
20726 0.9999821038911569 2072.6
20727 0.999982999561973 2072.7
20728 0.9999839008438169 2072.8
20729 0.9999848070310379 2072.9
20730 0.9999857173040567 2073
20731 0.9999866308324661 2073.1
20732 0.9999875468753739 2073.2
20733 0.999988464794154 2073.3
20734 0.9999893840370223 2073.4
20735 0.9999903041267422 2073.5
20736 0.9999912246476532 2073.6
20737 0.9999919404644957 2073.7
20738 0.9999925595755275 2073.8
20739 0.9999931869681099 2073.9
20740 0.9999938222087774 2074
20741 0.9999944644685382 2074.1
20742 0.999995112783411 2074.2
20743 0.9999957662091652 2074.3
20744 0.999996423866783 2074.4
20745 0.9999970849833961 2074.5
20746 0.9999976561402958 2074.6
20747 0.9999979890291438 2074.7
20748 0.9999983318753837 2074.8
20749 0.999998684067763 2074.9
20750 0.9999990447870938 2075
20751 0.9999994131440593 2075.1
20752 0.9999997881605851 2075.2
20753 1 2075.3
20754 1 2075.4
20755 1 2075.5
20756 1 2075.6
20757 1 2075.7
20758 1 2075.8
20759 1 2075.9
20760 1 2076
20761 1 2076.1
20762 1 2076.2
20763 1 2076.3
20764 1 2076.4
20765 1 2076.5
20766 1 2076.6
20767 1 2076.7
20768 1 2076.8
20769 1 2076.9
20770 1 2077
20771 1 2077.1
20772 1 2077.2
20773 1 2077.3
20774 1 2077.4
20775 1 2077.5
20776 1 2077.6
20777 1 2077.7
20778 1 2077.8
20779 1 2077.9
20780 1 2078
20781 1 2078.1
20782 1 2078.2
20783 1 2078.3
20784 1 2078.4
20785 1 2078.5
20786 1 2078.6
20787 1 2078.7
20788 1 2078.8
20789 1 2078.9
20790 1 2079
20791 1 2079.1
20792 1 2079.2
20793 1 2079.3
20794 1 2079.4
20795 1 2079.5
20796 1 2079.6
20797 1 2079.7
20798 1 2079.8
20799 1 2079.9
20800 1 2080
20801 1 2080.1
20802 1 2080.2
20803 1 2080.3
20804 1 2080.4
