"liquid-fraction-rfile"
"Time Step" "liquid-fraction etc.."
("Time Step" "liquid-fraction" "flow-time")
0 0 0
1 0.0001291047179822014 0.1
2 0.0003917858734749325 0.2
3 0.0006761555422394466 0.3
4 0.000978186039852662 0.4
5 0.001295228083937761 0.5
6 0.001624435615797894 0.6000000000000001
7 0.00196247899052073 0.7000000000000001
8 0.002307331408763925 0.8
9 0.002657776491064639 0.9
10 0.003014994779131379 1
11 0.003381830784209755 1.1
12 0.003756397464427901 1.2
13 0.004138456579837579 1.3
14 0.004527082190855995 1.4
15 0.004922986100245828 1.5
16 0.005327050873831013 1.6
17 0.005736459040265931 1.7
18 0.00615061328289585 1.8
19 0.006569163285600367 1.9
20 0.006991517378300108 2
21 0.007413303820591713 2.1
22 0.007822656349011784 2.2
23 0.008235742848895737 2.3
24 0.008651308922680545 2.4
25 0.009067443732631969 2.5
26 0.009473977241037788 2.6
27 0.009881974874576352 2.7
28 0.01029292151585623 2.8
29 0.01070636222653538 2.9
30 0.01112192348327354 3
31 0.0115392983909852 3.1
32 0.01195823049228592 3.2
33 0.01237849702947616 3.3
34 0.01279991238567886 3.4
35 0.01322231752514332 3.5
36 0.01364557523407932 3.6
37 0.01406956615166082 3.7
38 0.01449418848552994 3.8
39 0.01491936403702465 3.9
40 0.01534499665556615 4
41 0.01576570501109681 4.100000000000001
42 0.01618160490439095 4.2
43 0.01659821232036105 4.3
44 0.01701549401025191 4.4
45 0.01743354891033025 4.5
46 0.01785219076680233 4.600000000000001
47 0.01826939199223759 4.7
48 0.01868656739997812 4.800000000000001
49 0.01910419719393938 4.9
50 0.01952223081026881 5
51 0.01993910580549453 5.100000000000001
52 0.02035022832650872 5.2
53 0.02076221863581478 5.300000000000001
54 0.02117496667087566 5.4
55 0.02158783359217063 5.5
56 0.02199964155868849 5.600000000000001
57 0.02240681849629295 5.7
58 0.02281432137187927 5.800000000000001
59 0.02322293830964921 5.9
60 0.02363215154116979 6
61 0.02403429389430746 6.100000000000001
62 0.02443564346755033 6.2
63 0.02483827391481239 6.300000000000001
64 0.02524060675480239 6.4
65 0.02564238194123861 6.5
66 0.02604411207139118 6.600000000000001
67 0.02643950699439771 6.7
68 0.02683346912421983 6.800000000000001
69 0.02722815012122562 6.9
70 0.02762344873357016 7
71 0.02801716066318752 7.100000000000001
72 0.02841062459993124 7.2
73 0.02880442681977154 7.300000000000001
74 0.02919669596699529 7.4
75 0.02958638917695557 7.5
76 0.02996849900441602 7.600000000000001
77 0.03034804670636914 7.7
78 0.03072692947018564 7.800000000000001
79 0.03110105227002409 7.9
80 0.03147049616421457 8
81 0.03183721077575438 8.1
82 0.0322023533035064 8.200000000000001
83 0.03256751711803796 8.300000000000001
84 0.03293271315203494 8.4
85 0.03329800877505908 8.5
86 0.03366234907284168 8.6
87 0.03402384803147689 8.700000000000001
88 0.03437771984725992 8.800000000000001
89 0.03472469794024858 8.9
90 0.03506824418823509 9
91 0.03540767203845918 9.1
92 0.03573754335701565 9.200000000000001
93 0.03606193074026495 9.300000000000001
94 0.03637749203480798 9.4
95 0.03666786901937867 9.5
96 0.03694813707311343 9.600000000000001
97 0.03722347714349676 9.700000000000001
98 0.03749752069398601 9.800000000000001
99 0.03776316300051836 9.9
100 0.03802593510648942 10
101 0.03828415043154706 10.1
102 0.03853872900661016 10.2
103 0.03878666091231461 10.3
104 0.039028030500816 10.4
105 0.03926852633044634 10.5
106 0.03951152866661307 10.6
107 0.03975684440927481 10.7
108 0.04000343580298939 10.8
109 0.04025001054256386 10.9
110 0.04049818668666787 11
111 0.04074816835681808 11.1
112 0.04099898899491505 11.2
113 0.04124833809979848 11.3
114 0.04149863377106499 11.4
115 0.04174956833837197 11.5
116 0.0420015672189019 11.6
117 0.04225378855053033 11.7
118 0.04250689227198171 11.8
119 0.04275743303225103 11.9
120 0.04300657466891426 12
121 0.04325676847693433 12.1
122 0.04350737633604358 12.2
123 0.04375899207856195 12.3
124 0.04400756566932357 12.4
125 0.04425661569860703 12.5
126 0.04450403901737026 12.6
127 0.04475298118467219 12.7
128 0.04500294379229516 12.8
129 0.04525210327509908 12.9
130 0.04550003977648259 13
131 0.04574859155083524 13.1
132 0.04599670090771955 13.2
133 0.04624367258173487 13.3
134 0.04648923615938472 13.4
135 0.04673373347983954 13.5
136 0.04697900580238979 13.6
137 0.04722453662133797 13.7
138 0.04746905297047434 13.8
139 0.04771288300003799 13.9
140 0.04795614575370682 14
141 0.04820067343309688 14.1
142 0.0484448340407008 14.2
143 0.04868661740132699 14.3
144 0.04892791331929968 14.4
145 0.04917009335634992 14.5
146 0.04941356979387466 14.6
147 0.0496571382671741 14.7
148 0.04989900150896836 14.8
149 0.05014063903382741 14.9
150 0.05038174682631248 15
151 0.05062264567901247 15.1
152 0.05086504898051109 15.2
153 0.05110883700820704 15.3
154 0.05135261202743534 15.4
155 0.05159608704864017 15.5
156 0.05184024497359906 15.6
157 0.05208242535736351 15.7
158 0.05232367835947963 15.8
159 0.05256512379993424 15.9
160 0.05280820646427053 16
161 0.05305222180632558 16.1
162 0.05329791917126817 16.2
163 0.05354480178492657 16.3
164 0.05379123061117883 16.4
165 0.05403890679644913 16.5
166 0.05428603385653299 16.6
167 0.05453211306197029 16.7
168 0.05477658866064541 16.8
169 0.05501749298626444 16.9
170 0.05525688033164177 17
171 0.05549557254912996 17.1
172 0.05572966587082246 17.2
173 0.05596354446327245 17.3
174 0.05619729196020209 17.4
175 0.05642787593915031 17.5
176 0.05665691638071439 17.6
177 0.05688477700320912 17.7
178 0.05711307913692668 17.8
179 0.0573428352696548 17.9
180 0.05757377110702274 18
181 0.05780150855187557 18.1
182 0.058029501620132 18.2
183 0.05825901803842802 18.3
184 0.05848865479168003 18.4
185 0.05871687430111761 18.5
186 0.05894554170930068 18.6
187 0.05917543089273238 18.7
188 0.05940667621354852 18.8
189 0.05963915058601327 18.9
190 0.05987178657554822 19
191 0.06010572134052712 19.1
192 0.06033979637848812 19.2
193 0.06057445358235949 19.3
194 0.06081042037099053 19.4
195 0.06104700670068407 19.5
196 0.06128431257072992 19.6
197 0.06152170860175537 19.7
198 0.06175923237932804 19.8
199 0.06199602622685296 19.9
200 0.06223345650119768 20
201 0.06247125119293695 20.1
202 0.06270902185795234 20.2
203 0.06294739430272313 20.3
204 0.06318563967545558 20.4
205 0.06342433579117311 20.5
206 0.06366285087023273 20.6
207 0.06390194941931765 20.7
208 0.06414101435253269 20.8
209 0.06437970455868268 20.9
210 0.06461815483035221 21
211 0.06485540331061299 21.1
212 0.06509255867615384 21.2
213 0.06532993060087419 21.3
214 0.06556621376652678 21.4
215 0.06580212315672417 21.5
216 0.06603595827490712 21.6
217 0.06627053043359976 21.7
218 0.06650488463315644 21.8
219 0.06673942475853745 21.9
220 0.06697447016975776 22
221 0.0672098651816842 22.1
222 0.06744573065674367 22.2
223 0.06768154645255922 22.3
224 0.06791672768282947 22.4
225 0.06814759211418331 22.5
226 0.0683778502952665 22.6
227 0.06860876923106254 22.7
228 0.06883965306493735 22.8
229 0.0690703846177694 22.9
230 0.0693017833766261 23
231 0.06953341357950457 23.1
232 0.06976284665403015 23.2
233 0.06999120162378374 23.3
234 0.07021777797241371 23.4
235 0.07044366290743775 23.5
236 0.0706704973383116 23.6
237 0.07089839651423124 23.7
238 0.0711162155558913 23.8
239 0.07133355666003259 23.9
240 0.07155240816216758 24
241 0.07177235468632977 24.1
242 0.07199300023097663 24.2
243 0.07221462124176022 24.3
244 0.07243510990799767 24.4
245 0.07265587399900024 24.5
246 0.07287668385870952 24.6
247 0.07309361329876959 24.7
248 0.07330349942435767 24.8
249 0.07351617166479119 24.9
250 0.07372944309778971 25
251 0.07394492101169105 25.1
252 0.07416223469128326 25.2
253 0.07437169294658737 25.3
254 0.07458231036377304 25.4
255 0.07479581431256611 25.5
256 0.07500749022232367 25.6
257 0.07522035293700748 25.7
258 0.07543111279702985 25.8
259 0.07563714143846488 25.9
260 0.07584586025765613 26
261 0.07605717514823163 26.1
262 0.07626884608980887 26.2
263 0.07647869616751737 26.3
264 0.07668112270646413 26.4
265 0.0768852551240112 26.5
266 0.07708866088939245 26.6
267 0.07729127876136499 26.7
268 0.07749436328833816 26.8
269 0.07769126817460606 26.9
270 0.0778850174766087 27
271 0.07808209885913353 27.1
272 0.07828260950702935 27.2
273 0.0784854283828649 27.3
274 0.07868669965946054 27.4
275 0.07888140335723663 27.5
276 0.07907720590396357 27.6
277 0.07927381741081822 27.7
278 0.07947213591196274 27.8
279 0.07966927618874464 27.9
280 0.0798676560604384 28
281 0.08006628980165537 28.1
282 0.08025980950349725 28.2
283 0.08045161138412273 28.3
284 0.0806465763973415 28.4
285 0.08084413459095532 28.5
286 0.08104139463213211 28.6
287 0.08123694846771302 28.7
288 0.08143360848321127 28.8
289 0.08163095441760201 28.9
290 0.08182459362183718 29
291 0.08201764254360773 29.1
292 0.0822126224040779 29.2
293 0.08240960014236892 29.3
294 0.08260768966959538 29.4
295 0.08280453803746524 29.5
296 0.08300062775056531 29.6
297 0.0831976902989702 29.7
298 0.08339083978250375 29.8
299 0.08358386023311909 29.9
300 0.08377609947850646 30
301 0.08396875535438122 30.1
302 0.08416127665137127 30.2
303 0.08435553541229546 30.3
304 0.08454811227628699 30.4
305 0.08474033183363164 30.5
306 0.08493300649758705 30.6
307 0.08512693853739335 30.7
308 0.08531772653538638 30.8
309 0.08550295256362377 30.9
310 0.08568932378930075 31
311 0.08587676462697623 31.1
312 0.08606488970022461 31.2
313 0.08625397044514008 31.3
314 0.0864417117619854 31.4
315 0.0866298836948823 31.5
316 0.08681767481204351 31.6
317 0.08700568499869116 31.7
318 0.08719264671535847 31.8
319 0.08737736267366729 31.9
320 0.08755741551056399 32
321 0.08773741788950662 32.1
322 0.08791701879955283 32.2
323 0.08809381124796253 32.3
324 0.08826786675444742 32.4
325 0.08844264326846135 32.5
326 0.0886147475991834 32.6
327 0.08878311698850784 32.7
328 0.08895166386630161 32.8
329 0.08912000686281471 32.9
330 0.08928782877269162 33
331 0.08945602707652524 33.1
332 0.08962241535680339 33.2
333 0.08978418348333635 33.3
334 0.08994392920492929 33.4
335 0.09010337373325517 33.5
336 0.09026378171367548 33.6
337 0.09042505327101616 33.7
338 0.0905865472597407 33.8
339 0.09074848365178745 33.9
340 0.09090977540228687 34
341 0.09106796388240541 34.1
342 0.09122531692690836 34.2
343 0.09138251386721295 34.3
344 0.09154007513540641 34.4
345 0.09169863187817331 34.5
346 0.09185803307099236 34.6
347 0.09201613094161827 34.7
348 0.09217473084837262 34.8
349 0.09233381177623866 34.9
350 0.0924940101947022 35
351 0.09265512360632934 35.1
352 0.09281550120691322 35.2
353 0.09297612342670881 35.3
354 0.09313696883811125 35.4
355 0.09329580564195754 35.5
356 0.09345274488441775 35.6
357 0.09361053483360837 35.7
358 0.09376866154898175 35.8
359 0.09392760987647102 35.9
360 0.09408730161620653 36
361 0.09424775422460353 36.1
362 0.09440861212526409 36.2
363 0.09456973120061364 36.3
364 0.09473024164733267 36.4
365 0.09489137174634996 36.5
366 0.09505231636415376 36.6
367 0.09521281893335952 36.7
368 0.0953744731864697 36.8
369 0.09553717726583269 36.9
370 0.09570054729640448 37
371 0.09586396458308394 37.1
372 0.09602816843602857 37.2
373 0.09619338060993458 37.3
374 0.09635717110784774 37.4
375 0.09651934278121874 37.5
376 0.09668174550190084 37.6
377 0.09684508771601316 37.7
378 0.0970067589069238 37.8
379 0.09716823586861299 37.9
380 0.09732874322545396 38
381 0.09748861400420271 38.1
382 0.09764691501940639 38.2
383 0.09780539668481275 38.3
384 0.09796334018285636 38.40000000000001
385 0.09812081341514312 38.5
386 0.09827803168410684 38.6
387 0.09843360176597063 38.7
388 0.09858975206205484 38.8
389 0.09874491746132705 38.90000000000001
390 0.09889960830995592 39
391 0.09905413135801328 39.1
392 0.09920964435597059 39.2
393 0.09936616826232077 39.3
394 0.09952343268582424 39.40000000000001
395 0.09968128677165161 39.5
396 0.09983972864695778 39.6
397 0.09999903230091661 39.7
398 0.1001590571157359 39.8
399 0.1003196235098249 39.90000000000001
400 0.1004809998512358 40
401 0.1006429478824565 40.1
402 0.10080281211057 40.2
403 0.1009614396367374 40.3
404 0.1011211502515133 40.40000000000001
405 0.1012821999346115 40.5
406 0.1014446629950049 40.6
407 0.1016069054070107 40.7
408 0.101769128579661 40.8
409 0.1019323669302138 40.90000000000001
410 0.102095424163703 41
411 0.1022597696468081 41.1
412 0.1024252945947286 41.2
413 0.1025893868202718 41.3
414 0.1027541279073734 41.40000000000001
415 0.1029195367183227 41.5
416 0.1030855354504239 41.6
417 0.1032512696179303 41.7
418 0.1034167898025209 41.8
419 0.1035824747279244 41.90000000000001
420 0.1037480092653701 42
421 0.1039133478166534 42.1
422 0.1040775757290194 42.2
423 0.1042417475884311 42.3
424 0.1044058778909049 42.40000000000001
425 0.1045689604847045 42.5
426 0.1047314029849531 42.6
427 0.1048928636590724 42.7
428 0.1050545005164928 42.8
429 0.1052162496984288 42.90000000000001
430 0.1053778268817467 43
431 0.1055370777818711 43.1
432 0.1056951445944108 43.2
433 0.1058532358862957 43.3
434 0.1060109915266271 43.40000000000001
435 0.1061689742532664 43.5
436 0.1063260204145061 43.6
437 0.1064824915347199 43.7
438 0.1066395880336229 43.8
439 0.1067969328841604 43.90000000000001
440 0.1069543619096683 44
441 0.1071111926211125 44.1
442 0.107267405458896 44.2
443 0.1074241010867378 44.3
444 0.1075798859239765 44.40000000000001
445 0.1077315289047429 44.5
446 0.1078828191123759 44.6
447 0.1080330178825551 44.7
448 0.1081828703206111 44.8
449 0.1083333453654178 44.90000000000001
450 0.1084842043996665 45
451 0.1086353293195693 45.1
452 0.1087870428352277 45.2
453 0.1089393675471468 45.3
454 0.1090919532172463 45.40000000000001
455 0.1092437502915598 45.5
456 0.109391698145199 45.6
457 0.1095396095895213 45.7
458 0.1096866166333011 45.8
459 0.1098331591584771 45.90000000000001
460 0.1099800705327 46
461 0.1101272879182339 46.1
462 0.1102748263205538 46.2
463 0.1104226465552461 46.3
464 0.1105709918935099 46.40000000000001
465 0.1107199704903568 46.5
466 0.1108696517925984 46.6
467 0.1110199633351538 46.7
468 0.1111711760307241 46.8
469 0.1113217098049489 46.90000000000001
470 0.1114730545532707 47
471 0.1116251706911476 47.1
472 0.1117777899965436 47.2
473 0.1119314575037272 47.3
474 0.1120859409453369 47.40000000000001
475 0.112241618670718 47.5
476 0.1123981812902925 47.6
477 0.1125509560808267 47.7
478 0.1127045620760612 47.8
479 0.112858736611642 47.90000000000001
480 0.1130122390163977 48
481 0.1131665153740958 48.1
482 0.1133216726110721 48.2
483 0.1134771996994146 48.3
484 0.1136328094790921 48.40000000000001
485 0.1137886639223941 48.5
486 0.1139449174729312 48.6
487 0.1141009469193401 48.7
488 0.1142571855790775 48.8
489 0.1144135973358546 48.90000000000001
490 0.1145696167263966 49
491 0.1147256805541395 49.1
492 0.1148821194461434 49.2
493 0.1150388893499932 49.3
494 0.1151958535716654 49.40000000000001
495 0.1153526453038411 49.5
496 0.11551001497893 49.6
497 0.1156683437368433 49.7
498 0.1158276177175015 49.8
499 0.1159880358699925 49.90000000000001
500 0.1161496728248675 50
501 0.1163118565712541 50.1
502 0.1164741008310483 50.2
503 0.1166339474640716 50.3
504 0.1167934785258679 50.40000000000001
505 0.1169545915070052 50.5
506 0.1171172952045548 50.6
507 0.1172812470307003 50.7
508 0.1174459276976049 50.8
509 0.1176114672658568 50.90000000000001
510 0.117777513765216 51
511 0.1179427860363639 51.1
512 0.1181062298827378 51.2
513 0.1182702462995494 51.3
514 0.1184349404109064 51.40000000000001
515 0.1185999927485931 51.5
516 0.1187650630846558 51.6
517 0.1189299825392456 51.7
518 0.1190945282936818 51.8
519 0.1192585592586585 51.90000000000001
520 0.119421991615567 52
521 0.1195849583589246 52.1
522 0.119747165319027 52.2
523 0.1199087134051789 52.3
524 0.1200692387258423 52.40000000000001
525 0.1202278109591327 52.5
526 0.1203835537331169 52.6
527 0.1205382735056902 52.7
528 0.1206912439764851 52.8
529 0.1208431904307767 52.90000000000001
530 0.1209958158350498 53
531 0.1211486449288782 53.1
532 0.1213018257874111 53.2
533 0.1214549964974776 53.3
534 0.1216070658675731 53.40000000000001
535 0.1217581805723963 53.5
536 0.1219088431904625 53.6
537 0.1220593641232819 53.7
538 0.1222107250513826 53.8
539 0.1223617847349891 53.90000000000001
540 0.1225129841919128 54
541 0.1226650000263567 54.1
542 0.1228163645474185 54.2
543 0.1229675071418142 54.3
544 0.1231199302158003 54.40000000000001
545 0.1232739336838415 54.5
546 0.1234296992061318 54.6
547 0.1235867966447809 54.7
548 0.1237446041982759 54.8
549 0.1239007031433405 54.90000000000001
550 0.1240527295710984 55
551 0.124204159697771 55.1
552 0.1243557156719477 55.2
553 0.1245075883680233 55.3
554 0.1246598715656462 55.40000000000001
555 0.1248122769893399 55.5
556 0.1249633341624315 55.6
557 0.1251131885834085 55.7
558 0.1252625042996734 55.8
559 0.1254115631947918 55.90000000000001
560 0.1255590181667836 56
561 0.1257054772993055 56.1
562 0.1258504035873997 56.2
563 0.1259937550673006 56.3
564 0.1261375580788691 56.40000000000001
565 0.126281386587736 56.5
566 0.1264249617084705 56.6
567 0.1265660564379258 56.7
568 0.1267073414784181 56.8
569 0.1268475544544538 56.90000000000001
570 0.126987431348073 57
571 0.1271281332251155 57.1
572 0.1272700157864862 57.2
573 0.1274110966796983 57.3
574 0.1275533279982978 57.40000000000001
575 0.127696358428546 57.5
576 0.1278395735529617 57.6
577 0.1279826469770209 57.7
578 0.1281266716162142 57.8
579 0.1282721995938316 57.90000000000001
580 0.1284187798132216 58
581 0.1285665843748596 58.1
582 0.128716036528054 58.2
583 0.1288671515886156 58.3
584 0.1290196161132277 58.40000000000001
585 0.1291707636585216 58.5
586 0.1293222316812332 58.6
587 0.1294735792652924 58.7
588 0.129625479855277 58.8
589 0.1297774445006046 58.90000000000001
590 0.1299282221792778 59
591 0.1300799018173193 59.1
592 0.130230841732032 59.2
593 0.1303812820136156 59.3
594 0.130531023530295 59.40000000000001
595 0.1306796666776406 59.5
596 0.1308284634974215 59.6
597 0.1309780332067511 59.7
598 0.1311278160019601 59.8
599 0.1312758542503164 59.90000000000001
600 0.1314237981312062 60
601 0.1315722883214859 60.1
602 0.1317205641887639 60.2
603 0.1318684995491894 60.3
604 0.1320161913557414 60.40000000000001
605 0.1321639361301707 60.5
606 0.132311296083477 60.6
607 0.1324587057751106 60.7
608 0.1326048181372951 60.8
609 0.132750567312002 60.90000000000001
610 0.1328962460028995 61
611 0.1330426146263863 61.1
612 0.1331894061488118 61.2
613 0.133336325883699 61.3
614 0.1334835078393904 61.40000000000001
615 0.1336311393124445 61.5
616 0.1337790520340615 61.6
617 0.1339268079231714 61.7
618 0.1340745439355107 61.8
619 0.1342218403220422 61.90000000000001
620 0.1343685048442369 62
621 0.1345157106718984 62.1
622 0.1346636057309299 62.2
623 0.1348084175621993 62.3
624 0.1349528799290939 62.40000000000001
625 0.1350971012101826 62.5
626 0.135240003148784 62.6
627 0.1353826551845991 62.7
628 0.1355261134659734 62.8
629 0.1356699703645801 62.90000000000001
630 0.1358147018703169 63
631 0.1359606465218182 63.1
632 0.1361073447309795 63.2
633 0.1362552508605498 63.3
634 0.1364038902377561 63.40000000000001
635 0.1365532724940609 63.5
636 0.136703930197215 63.6
637 0.1368558568485492 63.7
638 0.1370075314371175 63.8
639 0.1371588428968794 63.90000000000001
640 0.1373113223096278 64
641 0.1374649466916661 64.10000000000001
642 0.1376194960436537 64.2
643 0.1377738915197634 64.3
644 0.1379290010216011 64.40000000000001
645 0.1380843035969185 64.5
646 0.1382395246617815 64.60000000000001
647 0.13839335417655 64.7
648 0.1385472506261051 64.8
649 0.1387014422660184 64.90000000000001
650 0.1388558725887165 65
651 0.1390098439340885 65.10000000000001
652 0.1391638143312767 65.2
653 0.1393179667774997 65.3
654 0.1394721244471305 65.40000000000001
655 0.1396250813642815 65.5
656 0.1397766530396372 65.60000000000001
657 0.1399287772305594 65.7
658 0.140080797144829 65.8
659 0.1402321421238441 65.90000000000001
660 0.1403840390426282 66
661 0.1405365892841386 66.10000000000001
662 0.1406896788067884 66.2
663 0.1408425444619495 66.3
664 0.140995778142386 66.40000000000001
665 0.1411488692869526 66.5
666 0.141301614399525 66.60000000000001
667 0.1414549616863708 66.7
668 0.1416088550021332 66.8
669 0.1417627313789121 66.90000000000001
670 0.1419163994236068 67
671 0.1420693179645105 67.10000000000001
672 0.1422217441056064 67.2
673 0.1423744175999113 67.3
674 0.1425273442111092 67.40000000000001
675 0.1426802493712928 67.5
676 0.1428333772523067 67.60000000000001
677 0.1429861648321341 67.7
678 0.1431394732823728 67.8
679 0.1432930866854545 67.90000000000001
680 0.143447186131729 68
681 0.1436015051714847 68.10000000000001
682 0.1437556944496883 68.2
683 0.1439100220912396 68.3
684 0.1440657095443919 68.40000000000001
685 0.1442219553981991 68.5
686 0.1443779132489977 68.60000000000001
687 0.1445326157485727 68.7
688 0.1446880616170081 68.8
689 0.1448440288131678 68.90000000000001
690 0.1450014738003192 69
691 0.145159214519867 69.10000000000001
692 0.1453162167332786 69.2
693 0.1454731293656297 69.3
694 0.1456292661567434 69.40000000000001
695 0.1457863712240726 69.5
696 0.1459439989494082 69.60000000000001
697 0.1461017940274688 69.7
698 0.1462603377023056 69.8
699 0.1464200728414641 69.90000000000001
700 0.1465809271443738 70
701 0.1467429447425852 70.10000000000001
702 0.1469049186756689 70.2
703 0.1470658807499784 70.3
704 0.1472251168776027 70.40000000000001
705 0.1473841886642315 70.5
706 0.1475432693544526 70.60000000000001
707 0.1477025924937091 70.7
708 0.1478621210933187 70.8
709 0.1480215928612887 70.90000000000001
710 0.1481802933681818 71
711 0.1483385495136888 71.10000000000001
712 0.1484963330166058 71.2
713 0.1486532625671838 71.3
714 0.1488076681904204 71.40000000000001
715 0.1489590824453838 71.5
716 0.1491084445217583 71.60000000000001
717 0.149255996184436 71.7
718 0.1494022847887442 71.8
719 0.1495478339163613 71.90000000000001
720 0.149692187882398 72
721 0.1498349362836828 72.10000000000001
722 0.1499752781553244 72.2
723 0.1501136546669472 72.3
724 0.1502506863190086 72.40000000000001
725 0.150387248232664 72.5
726 0.1505232434814572 72.60000000000001
727 0.1506580382305006 72.7
728 0.1507926961060251 72.8
729 0.1509264136954861 72.90000000000001
730 0.1510579923185304 73
731 0.1511871507009629 73.10000000000001
732 0.1513158985727 73.2
733 0.151443358544148 73.3
734 0.1515712280042685 73.40000000000001
735 0.151699429486618 73.5
736 0.15182840707859 73.60000000000001
737 0.1519584378277387 73.7
738 0.1520895794936136 73.8
739 0.1522218050134435 73.90000000000001
740 0.1523543616040873 74
741 0.15248648727882 74.10000000000001
742 0.1526181078282353 74.2
743 0.1527505687485699 74.3
744 0.1528836456836989 74.40000000000001
745 0.1530177043708255 74.5
746 0.1531517523226188 74.60000000000001
747 0.1532856569898328 74.7
748 0.1534193793567961 74.8
749 0.1535536509967549 74.90000000000001
750 0.1536890196263727 75
751 0.1538256085880167 75.10000000000001
752 0.1539632480241951 75.2
753 0.1541022719297774 75.3
754 0.1542426624824604 75.40000000000001
755 0.1543847724161427 75.5
756 0.1545288969397352 75.60000000000001
757 0.1546745253777386 75.7
758 0.1548206385134477 75.8
759 0.1549672967114099 75.90000000000001
760 0.1551150396418187 76
761 0.1552618003655291 76.10000000000001
762 0.1554093294763541 76.2
763 0.1555586658756478 76.3
764 0.1557087354547971 76.40000000000001
765 0.1558609101186137 76.5
766 0.1560153061384637 76.60000000000001
767 0.1561704587179691 76.7
768 0.1563259637461185 76.80000000000001
769 0.156482233221784 76.90000000000001
770 0.1566389143034918 77
771 0.156796058460112 77.10000000000001
772 0.1569533672724053 77.2
773 0.1571098192674088 77.30000000000001
774 0.1572648606146703 77.40000000000001
775 0.157420626297672 77.5
776 0.1575773135031009 77.60000000000001
777 0.1577346504376892 77.7
778 0.1578919133924172 77.80000000000001
779 0.1580493505199561 77.90000000000001
780 0.1582068083556876 78
781 0.1583646352527489 78.10000000000001
782 0.1585220141316291 78.2
783 0.1586789428042878 78.30000000000001
784 0.1588360116355342 78.40000000000001
785 0.1589927269911889 78.5
786 0.1591493886448758 78.60000000000001
787 0.1593043646910794 78.7
788 0.1594594144574221 78.80000000000001
789 0.159612788399124 78.90000000000001
790 0.1597633110642732 79
791 0.1599134314232702 79.10000000000001
792 0.1600620439196835 79.2
793 0.1602114142014224 79.30000000000001
794 0.1603619125330439 79.40000000000001
795 0.160511461715346 79.5
796 0.1606581536870048 79.60000000000001
797 0.1608037722184503 79.7
798 0.1609510391135451 79.80000000000001
799 0.1610987779464832 79.90000000000001
800 0.1612478295608799 80
801 0.1613982488830469 80.10000000000001
802 0.1615503480410916 80.2
803 0.1617030330184553 80.30000000000001
804 0.1618564862433411 80.40000000000001
805 0.1620109334525882 80.5
806 0.1621666187176481 80.60000000000001
807 0.162323581603157 80.7
808 0.16248165616285 80.80000000000001
809 0.162638787895986 80.90000000000001
810 0.1627951259393079 81
811 0.1629520982919906 81.10000000000001
812 0.1631094588274602 81.2
813 0.163267225183323 81.30000000000001
814 0.1634242729778672 81.40000000000001
815 0.1635810189551035 81.5
816 0.1637378397976549 81.60000000000001
817 0.1638955589666839 81.7
818 0.1640525532987496 81.80000000000001
819 0.1642075425717205 81.90000000000001
820 0.1643605123712625 82
821 0.1645119240105195 82.10000000000001
822 0.1646633190105192 82.2
823 0.1648130334419846 82.30000000000001
824 0.1649630784255096 82.40000000000001
825 0.1651144258582729 82.5
826 0.1652656069344399 82.60000000000001
827 0.1654143031934119 82.7
828 0.1655622297351063 82.80000000000001
829 0.1657090044855836 82.90000000000001
830 0.1658564447211441 83
831 0.1660049866829374 83.10000000000001
832 0.1661535075660127 83.2
833 0.1663017444222182 83.30000000000001
834 0.1664502626133726 83.40000000000001
835 0.1665994472363582 83.5
836 0.1667491144769128 83.60000000000001
837 0.1668982456338897 83.7
838 0.1670460904629181 83.80000000000001
839 0.1671931845871489 83.90000000000001
840 0.1673396632042541 84
841 0.1674862029906191 84.10000000000001
842 0.1676328621316317 84.2
843 0.1677791268458939 84.30000000000001
844 0.1679246273362892 84.40000000000001
845 0.168069468835682 84.5
846 0.168213314809414 84.60000000000001
847 0.1683561821766907 84.7
848 0.1684984068587737 84.80000000000001
849 0.1686398796307634 84.90000000000001
850 0.1687812710276714 85
851 0.1689215995102378 85.10000000000001
852 0.1690618722069719 85.2
853 0.1692017602534022 85.30000000000001
854 0.1693409600769861 85.40000000000001
855 0.1694795836293549 85.5
856 0.1696179765708932 85.60000000000001
857 0.1697550509419425 85.7
858 0.1698922863756403 85.80000000000001
859 0.1700300676072054 85.90000000000001
860 0.1701675588976935 86
861 0.1703043988793181 86.10000000000001
862 0.1704404478716773 86.2
863 0.1705753484585354 86.30000000000001
864 0.1707111186270624 86.40000000000001
865 0.1708468183051691 86.5
866 0.170981778587617 86.60000000000001
867 0.1711170871725531 86.7
868 0.1712526408081161 86.80000000000001
869 0.1713880705742409 86.90000000000001
870 0.1715222449124242 87
871 0.1716562412031188 87.10000000000001
872 0.171789942888973 87.2
873 0.1719232300693987 87.30000000000001
874 0.1720564831400518 87.40000000000001
875 0.1721896404733668 87.5
876 0.1723223305977203 87.60000000000001
877 0.1724538344257748 87.7
878 0.172584696678582 87.80000000000001
879 0.1727155646927149 87.90000000000001
880 0.172845922099973 88
881 0.1729766898405494 88.10000000000001
882 0.1731080168843867 88.2
883 0.1732398130923578 88.30000000000001
884 0.1733715665271369 88.40000000000001
885 0.173501464101311 88.5
886 0.1736292799548446 88.60000000000001
887 0.1737566014013582 88.7
888 0.1738837328884612 88.80000000000001
889 0.1740117318931657 88.90000000000001
890 0.1741410407065495 89
891 0.1742710615565286 89.10000000000001
892 0.1744021102162026 89.2
893 0.1745346922138585 89.30000000000001
894 0.1746682170260974 89.40000000000001
895 0.1748029062232067 89.5
896 0.1749390741609536 89.60000000000001
897 0.1750767202451605 89.7
898 0.1752155152962665 89.80000000000001
899 0.1753523876228713 89.90000000000001
900 0.1754903049367708 90
901 0.1756277548374119 90.10000000000001
902 0.1757646472518216 90.2
903 0.1759021014818504 90.30000000000001
904 0.1760400954560183 90.40000000000001
905 0.1761780997602324 90.5
906 0.1763160295735954 90.60000000000001
907 0.1764539215546306 90.7
908 0.1765917552271453 90.80000000000001
909 0.1767290406233236 90.90000000000001
910 0.1768652003830429 91
911 0.1770005819587681 91.10000000000001
912 0.1771353956018298 91.2
913 0.1772696231610022 91.30000000000001
914 0.1774037574716117 91.40000000000001
915 0.1775376259461459 91.5
916 0.1776710667420169 91.60000000000001
917 0.1778041321831675 91.7
918 0.1779365310400808 91.80000000000001
919 0.1780692917446333 91.90000000000001
920 0.1782019700027915 92
921 0.1783350530071712 92.10000000000001
922 0.1784678554328625 92.2
923 0.1786002034334914 92.30000000000001
924 0.1787333567807506 92.40000000000001
925 0.1788674765422582 92.5
926 0.1790016981916353 92.60000000000001
927 0.1791353482921954 92.7
928 0.1792702785550319 92.80000000000001
929 0.1794064973497894 92.90000000000001
930 0.1795433957476213 93
931 0.1796801448019402 93.10000000000001
932 0.179815888306548 93.2
933 0.1799511992733947 93.30000000000001
934 0.1800878927124384 93.40000000000001
935 0.1802250149838178 93.5
936 0.1803621855376117 93.60000000000001
937 0.1805003519441142 93.7
938 0.1806394019458717 93.80000000000001
939 0.1807795905635959 93.90000000000001
940 0.1809208345365394 94
941 0.1810618318405993 94.10000000000001
942 0.1812023623857557 94.2
943 0.1813424319290067 94.30000000000001
944 0.1814824080038168 94.40000000000001
945 0.181622465408444 94.5
946 0.18176297840342 94.60000000000001
947 0.1819038521610182 94.7
948 0.1820449539227998 94.80000000000001
949 0.1821864183032031 94.90000000000001
950 0.1823284124988191 95
951 0.1824709996445864 95.10000000000001
952 0.1826136565791845 95.2
953 0.1827563982336151 95.30000000000001
954 0.1828983393578978 95.40000000000001
955 0.1830396934475938 95.5
956 0.183181629537233 95.60000000000001
957 0.1833241053038566 95.7
958 0.183465959812073 95.80000000000001
959 0.1836042965713448 95.90000000000001
960 0.1837426662605307 96
961 0.1838812884014673 96.10000000000001
962 0.1840203299244128 96.2
963 0.1841603384553397 96.30000000000001
964 0.1843011912232501 96.40000000000001
965 0.1844424733094542 96.5
966 0.1845834148767624 96.60000000000001
967 0.1847248704236023 96.7
968 0.1848647590162887 96.80000000000001
969 0.1850053311527687 96.90000000000001
970 0.185147027957504 97
971 0.1852899620601345 97.10000000000001
972 0.1854343391177549 97.2
973 0.1855799832473443 97.30000000000001
974 0.1857259432465499 97.40000000000001
975 0.1858726280140909 97.5
976 0.1860205150174705 97.60000000000001
977 0.1861683597920585 97.7
978 0.1863144373736096 97.80000000000001
979 0.1864607096325688 97.90000000000001
980 0.1866057897840151 98
981 0.1867505050824892 98.10000000000001
982 0.1868960036147596 98.2
983 0.1870424294140901 98.30000000000001
984 0.1871899155719553 98.40000000000001
985 0.1873383278743148 98.5
986 0.1874868798841387 98.60000000000001
987 0.1876327472351428 98.7
988 0.1877774720183623 98.80000000000001
989 0.1879215047897014 98.90000000000001
990 0.1880657036803303 99
991 0.1882090594709759 99.10000000000001
992 0.1883525188359617 99.2
993 0.1884947732135717 99.30000000000001
994 0.1886356709212716 99.40000000000001
995 0.1887759260606629 99.5
996 0.1889162010381128 99.60000000000001
997 0.189056654409107 99.7
998 0.1891968673494302 99.80000000000001
999 0.1893370275533842 99.90000000000001
1000 0.1894765459409726 100
1001 0.1896154234063901 100.1
1002 0.1897544297448023 100.2
1003 0.1898933277864597 100.3
1004 0.1900316159730554 100.4
1005 0.1901702255694831 100.5
1006 0.1903090238240755 100.6
1007 0.1904493750291859 100.7
1008 0.1905915383580957 100.8
1009 0.1907349048193246 100.9
1010 0.1908795838402635 101
1011 0.1910253614403155 101.1
1012 0.191172028162324 101.2
1013 0.1913201525123068 101.3
1014 0.1914703336696907 101.4
1015 0.1916218711236606 101.5
1016 0.1917746595559936 101.6
1017 0.1919275912613476 101.7
1018 0.192079952772585 101.8
1019 0.1922343754399089 101.9
1020 0.1923876752397848 102
1021 0.1925392026318689 102.1
1022 0.1926916142467666 102.2
1023 0.1928468549664081 102.3
1024 0.1930025881947066 102.4
1025 0.1931591527933756 102.5
1026 0.1933144502603566 102.6
1027 0.193469806740095 102.7
1028 0.1936245583017361 102.8
1029 0.193776981595025 102.9
1030 0.1939279025747321 103
1031 0.1940792727499848 103.1
1032 0.1942300995858056 103.2
1033 0.1943823788779361 103.3
1034 0.1945369232464209 103.4
1035 0.1946937332983442 103.5
1036 0.194852777574769 103.6
1037 0.1950134121682369 103.7
1038 0.1951746307156872 103.8
1039 0.195334960855236 103.9
1040 0.1954934767037189 104
1041 0.1956475839125157 104.1
1042 0.195796543882592 104.2
1043 0.195937877584019 104.3
1044 0.1960792153100801 104.4
1045 0.1962206207040268 104.5
1046 0.1963596874268929 104.6
1047 0.1964971502073289 104.7
1048 0.1966341488752263 104.8
1049 0.1967697129495121 104.9
1050 0.1969021292822023 105
1051 0.1970336285294547 105.1
1052 0.1971645391110075 105.2
1053 0.197295449759149 105.3
1054 0.19742652875748 105.4
1055 0.1975578975725141 105.5
1056 0.1976876271831721 105.6
1057 0.197817324932877 105.7
1058 0.1979459261822235 105.8
1059 0.198074910379497 105.9
1060 0.1982040843646939 106
1061 0.1983336634493041 106.1
1062 0.1984641073767362 106.2
1063 0.1985950209397859 106.3
1064 0.1987265747818796 106.4
1065 0.1988587840312261 106.5
1066 0.1989910573963079 106.6
1067 0.1991243316215851 106.7
1068 0.1992567237448125 106.8
1069 0.1993872428375966 106.9
1070 0.1995183056811157 107
1071 0.1996493660431151 107.1
1072 0.1997786677268447 107.2
1073 0.1999091420702773 107.3
1074 0.2000406850821846 107.4
1075 0.2001725394537749 107.5
1076 0.2003021411750709 107.6
1077 0.2004304722750227 107.7
1078 0.2005594825111245 107.8
1079 0.2006894200477163 107.9
1080 0.2008202009193117 108
1081 0.2009515579346738 108.1
1082 0.201082650708965 108.2
1083 0.2012126267371679 108.3
1084 0.2013420942831216 108.4
1085 0.2014717470306649 108.5
1086 0.2016001391077018 108.6
1087 0.201727230870619 108.7
1088 0.2018514045525974 108.8
1089 0.20197527462675 108.9
1090 0.2020997191100427 109
1091 0.2022244822813187 109.1
1092 0.2023496283836481 109.2
1093 0.2024758761374297 109.3
1094 0.2026022589044647 109.4
1095 0.2027281012047599 109.5
1096 0.2028550776903627 109.6
1097 0.2029832270981204 109.7
1098 0.2031118137351598 109.8
1099 0.2032415883829123 109.9
1100 0.2033726215969252 110
1101 0.2035049078663248 110.1
1102 0.2036375362742633 110.2
1103 0.2037698670249202 110.3
1104 0.2039032295966358 110.4
1105 0.2040374392785249 110.5
1106 0.204171190153944 110.6
1107 0.2043054384925019 110.7
1108 0.2044398916742511 110.8
1109 0.2045745075209352 110.9
1110 0.204710724625555 111
1111 0.2048486058883273 111.1
1112 0.2049873705022236 111.2
1113 0.2051262832319968 111.3
1114 0.2052658242881937 111.4
1115 0.2054060975300052 111.5
1116 0.2055456424698929 111.6
1117 0.205686633746743 111.7
1118 0.2058296421763892 111.8
1119 0.205974622231458 111.9
1120 0.2061205902017477 112
1121 0.2062640914412948 112.1
1122 0.2064065158887338 112.2
1123 0.206548816451358 112.3
1124 0.2066909846556046 112.4
1125 0.2068337234258522 112.5
1126 0.2069767974002497 112.6
1127 0.2071204893161111 112.7
1128 0.2072649023465575 112.8
1129 0.2074107182851897 112.9
1130 0.207559115388403 113
1131 0.2077084458580729 113.1
1132 0.2078597120652567 113.2
1133 0.2080119727301707 113.3
1134 0.2081643296812996 113.4
1135 0.2083147854833543 113.5
1136 0.2084648688710245 113.6
1137 0.2086161454588574 113.7
1138 0.208766400821953 113.8
1139 0.2089172462720642 113.9
1140 0.2090673347395111 114
1141 0.2092165321364635 114.1
1142 0.2093657495348489 114.2
1143 0.2095141767974099 114.3
1144 0.2096622075778971 114.4
1145 0.2098091255443747 114.5
1146 0.2099550487421731 114.6
1147 0.2100986784826688 114.7
1148 0.21024032352858 114.8
1149 0.2103810073057917 114.9
1150 0.2105203926839136 115
1151 0.2106582911602133 115.1
1152 0.2107955540283269 115.2
1153 0.210931454877761 115.3
1154 0.2110685479943463 115.4
1155 0.2112073485677337 115.5
1156 0.2113470878033085 115.6
1157 0.2114889202316738 115.7
1158 0.2116319591321442 115.8
1159 0.2117760855950213 115.9
1160 0.2119201159035331 116
1161 0.2120662871751486 116.1
1162 0.2122144556608464 116.2
1163 0.2123641666656663 116.3
1164 0.2125145282445371 116.4
1165 0.2126664473383211 116.5
1166 0.212817491265571 116.6
1167 0.212967227531604 116.7
1168 0.2131163983671342 116.8
1169 0.2132631391902846 116.9
1170 0.2134068226816274 117
1171 0.2135500255371141 117.1
1172 0.2136931555775373 117.2
1173 0.2138366855650998 117.3
1174 0.2139777493513921 117.4
1175 0.2141161513430566 117.5
1176 0.2142518050834742 117.6
1177 0.2143866139584277 117.7
1178 0.2145178590515877 117.8
1179 0.2146486214666922 117.9
1180 0.2147796617676507 118
1181 0.2149092001871214 118.1
1182 0.2150367963637703 118.2
1183 0.2151622927649192 118.3
1184 0.2152873624266385 118.4
1185 0.215412356157376 118.5
1186 0.2155381026989031 118.6
1187 0.2156649151315424 118.7
1188 0.2157917568405161 118.8
1189 0.2159189159304742 118.9
1190 0.216046555811502 119
1191 0.216175967656694 119.1
1192 0.2163065662219938 119.2
1193 0.2164377292270061 119.3
1194 0.2165695729115564 119.4
1195 0.2167012141157012 119.5
1196 0.2168337900834095 119.6
1197 0.2169659276530224 119.7
1198 0.2170975270576642 119.8
1199 0.2172297417588093 119.9
1200 0.2173606810733518 120
1201 0.21748980582849 120.1
1202 0.2176185432771894 120.2
1203 0.2177469727401203 120.3
1204 0.2178753302970529 120.4
1205 0.2180049713027831 120.5
1206 0.2181351371996749 120.6
1207 0.2182657136493991 120.7
1208 0.2183965914740837 120.8
1209 0.2185251356793136 120.9
1210 0.2186530672735175 121
1211 0.2187807067244233 121.1
1212 0.2189091878804784 121.2
1213 0.2190377888505121 121.3
1214 0.2191663036464771 121.4
1215 0.2192949273049184 121.5
1216 0.2194241307765734 121.6
1217 0.2195513685582869 121.7
1218 0.2196778484334494 121.8
1219 0.2198044163602434 121.9
1220 0.2199298919430497 122
1221 0.2200549982783273 122.1
1222 0.2201799835482899 122.2
1223 0.2203051462792501 122.3
1224 0.220429267076956 122.4
1225 0.2205530355303101 122.5
1226 0.2206759311088175 122.6
1227 0.2207978652646323 122.7
1228 0.2209190866026557 122.8
1229 0.2210403373449136 122.9
1230 0.221162033821427 123
1231 0.2212841539148615 123.1
1232 0.2214063029252652 123.2
1233 0.2215284290954717 123.3
1234 0.2216504364732009 123.4
1235 0.2217724399377368 123.5
1236 0.2218937223347112 123.6
1237 0.2220155736753144 123.7
1238 0.22213798586577 123.8
1239 0.222260944932106 123.9
1240 0.2223841036858312 124
1241 0.2225077696795055 124.1
1242 0.2226320807271335 124.2
1243 0.2227565740558954 124.3
1244 0.2228813661766365 124.4
1245 0.2230065024418529 124.5
1246 0.2231315898638568 124.6
1247 0.2232570283317132 124.7
1248 0.2233807195333401 124.8
1249 0.2235023551313161 124.9
1250 0.2236226247416213 125
1251 0.2237421232618441 125.1
1252 0.2238613283482907 125.2
1253 0.2239809566783638 125.3
1254 0.2241010441504673 125.4
1255 0.224221002919554 125.5
1256 0.2243417248891043 125.6
1257 0.2244630007373237 125.7
1258 0.2245849338438616 125.8
1259 0.2247077160173976 125.9
1260 0.224831378872258 126
1261 0.2249560717995358 126.1
1262 0.2250821314346291 126.2
1263 0.2252097518427327 126.3
1264 0.2253387229477049 126.4
1265 0.2254688264619103 126.5
1266 0.2256005668025331 126.6
1267 0.2257324555951735 126.7
1268 0.2258656723610516 126.8
1269 0.2260001030027804 126.9
1270 0.226134848111857 127
1271 0.226271360172947 127.1
1272 0.2264080577806105 127.2
1273 0.2265448490185784 127.3
1274 0.2266817610095796 127.4
1275 0.2268208518574288 127.5
1276 0.2269607047156868 127.6
1277 0.2271016465961777 127.7
1278 0.2272453833517613 127.8
1279 0.2273924000642092 127.9
1280 0.2275429528207446 128
1281 0.227695942612461 128.1
1282 0.2278520677892231 128.2
1283 0.2280105163707447 128.3
1284 0.2281704635562979 128.4
1285 0.2283327013370675 128.5
1286 0.2284960484608354 128.6
1287 0.2286617435262095 128.7
1288 0.2288291760604087 128.8
1289 0.2289979945043203 128.9
1290 0.229163676481441 129
1291 0.2293247894439319 129.1
1292 0.2294817362056784 129.2
1293 0.2296395521891781 129.3
1294 0.2297974887872106 129.4
1295 0.2299559065579652 129.5
1296 0.2301130249112023 129.6
1297 0.2302693903658698 129.7
1298 0.2304257482907793 129.8
1299 0.2305800752298341 129.9
1300 0.2307340981599035 130
1301 0.2308879553594708 130.1
1302 0.2310417878499241 130.2
1303 0.2311955256835722 130.3
1304 0.231348944269185 130.4
1305 0.2315020739410591 130.5
1306 0.2316559487154783 130.6
1307 0.2318106718066508 130.7
1308 0.2319660230649328 130.8
1309 0.232122210067169 130.9
1310 0.2322793797537858 131
1311 0.2324372706431117 131.1
1312 0.2325959281424425 131.2
1313 0.2327546698600955 131.3
1314 0.2329135100611383 131.4
1315 0.2330711962586165 131.5
1316 0.233227524619157 131.6
1317 0.2333827742801019 131.7
1318 0.2335367203525624 131.8
1319 0.2336853427491622 131.9
1320 0.2338321486321408 132
1321 0.2339773730028686 132.1
1322 0.2341199928753089 132.2
1323 0.2342606175093731 132.3
1324 0.2343988128910232 132.4
1325 0.2345341145959764 132.5
1326 0.2346682165340795 132.6
1327 0.2348021461985882 132.7
1328 0.2349335001385346 132.8
1329 0.2350632158181452 132.9
1330 0.2351919155582528 133
1331 0.2353204622053087 133.1
1332 0.2354476881506976 133.2
1333 0.2355731203233433 133.3
1334 0.2356981548879448 133.4
1335 0.2358223841166156 133.5
1336 0.2359467164869791 133.6
1337 0.2360713532390045 133.7
1338 0.236196527747433 133.8
1339 0.2363224268409573 133.9
1340 0.2364485338912558 134
1341 0.2365758159977661 134.1
1342 0.2367041698839393 134.2
1343 0.2368334536392124 134.3
1344 0.2369640445078951 134.4
1345 0.2370960424857045 134.5
1346 0.2372289523413998 134.6
1347 0.2373630661908347 134.7
1348 0.2374977383753137 134.8
1349 0.2376324536426348 134.9
1350 0.2377671688144918 135
1351 0.2379022384046117 135.1
1352 0.2380368509163568 135.2
1353 0.2381717900052787 135.3
1354 0.2383071154874188 135.4
1355 0.2384416621717816 135.5
1356 0.2385763439664232 135.6
1357 0.2387104286455214 135.7
1358 0.2388444312672979 135.8
1359 0.2389766848356826 135.9
1360 0.2391062875537909 136
1361 0.2392355792599048 136.1
1362 0.2393628455318098 136.2
1363 0.2394843477651582 136.3
1364 0.2396046866160345 136.4
1365 0.2397257386430612 136.5
1366 0.2398470991113224 136.6
1367 0.2399694916492804 136.7
1368 0.2400931982528884 136.8
1369 0.2402179414816235 136.9
1370 0.2403439787763744 137
1371 0.2404700398329643 137.1
1372 0.2405969705164689 137.2
1373 0.2407241642380383 137.3
1374 0.2408524037056413 137.4
1375 0.2409812767734877 137.5
1376 0.2411096535958181 137.6
1377 0.2412365611372952 137.7
1378 0.2413604437401976 137.8
1379 0.2414803253268177 137.9
1380 0.2415976425495233 138
1381 0.2417142357989729 138.1
1382 0.241830252541054 138.2
1383 0.2419468242744691 138.3
1384 0.2420639395799616 138.4
1385 0.2421818012539574 138.5
1386 0.2423008267247235 138.6
1387 0.2424210558512935 138.7
1388 0.2425429021941345 138.8
1389 0.2426656329526151 138.9
1390 0.2427893964099096 139
1391 0.2429152684397148 139.1
1392 0.2430430478998319 139.2
1393 0.2431732169757721 139.3
1394 0.2432997568803716 139.4
1395 0.243428987819352 139.5
1396 0.2435588867990562 139.6
1397 0.2436920140971285 139.7
1398 0.2438272856971933 139.8
1399 0.2439621122997953 139.9
1400 0.2440953304825347 140
1401 0.2442265512996366 140.1
1402 0.2443580184080844 140.2
1403 0.2444890534245111 140.3
1404 0.24461996243805 140.4
1405 0.2447513668299849 140.5
1406 0.2448826040275447 140.6
1407 0.2450133500345665 140.7
1408 0.2451443317832276 140.8
1409 0.2452766546428191 140.9
1410 0.2454091833555945 141
1411 0.2455432198936703 141.1
1412 0.2456816603891298 141.2
1413 0.2458232765054232 141.3
1414 0.2459661565244522 141.4
1415 0.2461152121483922 141.5
1416 0.2462723068803574 141.6
1417 0.246428919043399 141.7
1418 0.2465856531561883 141.8
1419 0.2467447788316384 141.9
1420 0.2469065699696566 142
1421 0.24707226908878 142.1
1422 0.2472376130808188 142.2
1423 0.2474021495205357 142.3
1424 0.2475700111117057 142.4
1425 0.2477363991039422 142.5
1426 0.2478995615327211 142.6
1427 0.2480581647765154 142.7
1428 0.2482163871819339 142.8
1429 0.2483736196786002 142.9
1430 0.2485340920120433 143
1431 0.2486967772626902 143.1
1432 0.248860258530515 143.2
1433 0.2490208861378531 143.3
1434 0.2491785910186938 143.4
1435 0.2493360687420605 143.5
1436 0.2494921884085311 143.6
1437 0.2496467334931915 143.7
1438 0.2497966026548221 143.8
1439 0.2499473501805926 143.9
1440 0.2501001452838157 144
1441 0.2502510223161886 144.1
1442 0.2504057030815143 144.2
1443 0.250560071926897 144.3
1444 0.2507142637626616 144.4
1445 0.2508655493966689 144.5
1446 0.2510183637081433 144.6
1447 0.2511712969193233 144.7
1448 0.2513222653376275 144.8
1449 0.2514741450158396 144.9
1450 0.2516281800127183 145
1451 0.2517826276289385 145.1
1452 0.2519343146945033 145.2
1453 0.2520854731525541 145.3
1454 0.2522391181755 145.4
1455 0.2523922891206258 145.5
1456 0.2525458108218862 145.6
1457 0.2527027464290144 145.7
1458 0.2528577805732277 145.8
1459 0.2530083681755583 145.9
1460 0.253162032832148 146
1461 0.2533184362926568 146.1
1462 0.2534793984783041 146.2
1463 0.2536399883626301 146.3
1464 0.2538033394607552 146.4
1465 0.2539674655200341 146.5
1466 0.2541283699798441 146.6
1467 0.2542879834940402 146.7
1468 0.2544483456978346 146.8
1469 0.2546100100568401 146.9
1470 0.2547729766638234 147
1471 0.2549380047422978 147.1
1472 0.2551031356216076 147.2
1473 0.2552658546453838 147.3
1474 0.2554266804149687 147.4
1475 0.2555885154628588 147.5
1476 0.2557521900819106 147.6
1477 0.2559176767450603 147.7
1478 0.2560859326609361 147.8
1479 0.2562553070262739 147.9
1480 0.2564227698748505 148
1481 0.2565932519837949 148.1
1482 0.2567640038287879 148.2
1483 0.256935684676468 148.3
1484 0.2571035935038437 148.4
1485 0.2572669984725436 148.5
1486 0.2574280866064831 148.6
1487 0.2575907308075408 148.7
1488 0.2577554102201725 148.8
1489 0.2579205627228288 148.9
1490 0.2580840516153123 149
1491 0.2582438260415561 149.1
1492 0.2584015588364595 149.2
1493 0.2585582538871101 149.3
1494 0.2587148856232858 149.4
1495 0.2588719055338325 149.5
1496 0.2590278497226835 149.6
1497 0.2591837362498129 149.7
1498 0.2593394604469295 149.8
1499 0.2594948322453487 149.9
1500 0.2596492405529534 150
1501 0.2598028013065352 150.1
1502 0.2599557137209565 150.2
1503 0.2601060647105569 150.3
1504 0.2602555413387462 150.4
1505 0.2604037091262696 150.5
1506 0.2605508612198197 150.6
1507 0.2606987155039392 150.7
1508 0.2608484847270635 150.8
1509 0.2609987459206021 150.9
1510 0.2611482041772231 151
1511 0.2612963505183473 151.1
1512 0.2614444360112865 151.2
1513 0.2615924967713074 151.3
1514 0.2617402352542695 151.4
1515 0.2618885538314298 151.5
1516 0.2620364432552713 151.6
1517 0.2621844832033951 151.7
1518 0.2623314632563563 151.8
1519 0.2624753268482746 151.9
1520 0.2626183360899213 152
1521 0.2627579380780549 152.1
1522 0.2628905249303409 152.2
1523 0.2630182719040442 152.3
1524 0.26314041764322 152.4
1525 0.2632625338444433 152.5
1526 0.2633850055713642 152.6
1527 0.2635082665309177 152.7
1528 0.263630878438863 152.8
1529 0.2637509039957958 152.9
1530 0.2638716822362696 153
1531 0.2639920404512222 153.1
1532 0.2641116501565719 153.2
1533 0.2642295422798432 153.3
1534 0.2643468124834972 153.4
1535 0.2644603667713546 153.5
1536 0.2645736640927922 153.6
1537 0.2646876355921275 153.7
1538 0.2648027890323921 153.8
1539 0.2649175784817231 153.9
1540 0.2650314923955843 154
1541 0.2651445638619703 154.1
1542 0.265257715044719 154.2
1543 0.265372042919355 154.3
1544 0.2654862966913019 154.4
1545 0.265599024445505 154.5
1546 0.2657113292601247 154.6
1547 0.2658231217805635 154.7
1548 0.2659362448400058 154.8
1549 0.2660508060182565 154.9
1550 0.2661681193068865 155
1551 0.2662879519289291 155.1
1552 0.2664099673720334 155.2
1553 0.2665316469297038 155.3
1554 0.2666551565675304 155.4
1555 0.2667781334483811 155.5
1556 0.2669012484183119 155.6
1557 0.2670273056612887 155.7
1558 0.2671558711740959 155.8
1559 0.2672847956705113 155.9
1560 0.26741351820829 156
1561 0.267542926507824 156.1
1562 0.2676729839381177 156.2
1563 0.2678039222392332 156.3
1564 0.2679340792546719 156.4
1565 0.2680629835633431 156.5
1566 0.2681906728747892 156.6
1567 0.2683190955130629 156.7
1568 0.2684463220863473 156.8
1569 0.2685722748806894 156.9
1570 0.2686969927065096 157
1571 0.2688223846772448 157.1
1572 0.2689473975516962 157.2
1573 0.2690726306705869 157.3
1574 0.2691973645244625 157.4
1575 0.2693217327255497 157.5
1576 0.2694452084686143 157.6
1577 0.2695677849603735 157.7
1578 0.2696905142313281 157.8
1579 0.2698107741374522 157.9
1580 0.2699288347133728 158
1581 0.2700454497483497 158.1
1582 0.2701607429824485 158.2
1583 0.270276689416877 158.3
1584 0.2703929329909453 158.4
1585 0.270509731391314 158.5
1586 0.2706272674492118 158.6
1587 0.2707457837518612 158.7
1588 0.2708635852547896 158.8
1589 0.2709798963023716 158.9
1590 0.2710953519855043 159
1591 0.2712104478016663 159.1
1592 0.271323946858205 159.2
1593 0.2714377944055869 159.3
1594 0.2715524245812156 159.4
1595 0.2716673929948591 159.5
1596 0.271782890239338 159.6
1597 0.2718985627208281 159.7
1598 0.2720144076446958 159.8
1599 0.2721318041174114 159.9
1600 0.2722500346775341 160
1601 0.2723704723720821 160.1
1602 0.2724932053024338 160.2
1603 0.2726169050745912 160.3
1604 0.2727411561207639 160.4
1605 0.2728661088534455 160.5
1606 0.2729919817330624 160.6
1607 0.2731152376755203 160.7
1608 0.2732397059123119 160.8
1609 0.2733674774077897 160.9
1610 0.2734941584604263 161
1611 0.2736172392063821 161.1
1612 0.2737379320159353 161.2
1613 0.2738521593148329 161.3
1614 0.27396907291849 161.4
1615 0.2740904556221836 161.5
1616 0.2742138848447762 161.6
1617 0.2743395297343396 161.7
1618 0.2744688764077059 161.8
1619 0.2745999580963007 161.9
1620 0.274732741099618 162
1621 0.2748671990055401 162.1
1622 0.2750023125510476 162.2
1623 0.2751356128157143 162.3
1624 0.2752660452554175 162.4
1625 0.2753961856106268 162.5
1626 0.2755256186518704 162.6
1627 0.2756535847819086 162.7
1628 0.2757802209978218 162.8
1629 0.2759025355941017 162.9
1630 0.276025016826258 163
1631 0.2761481586045822 163.1
1632 0.2762707205163231 163.2
1633 0.2763924292106273 163.3
1634 0.2765123627094875 163.4
1635 0.2766296474164326 163.5
1636 0.2767400880050559 163.6
1637 0.2768440965222153 163.7
1638 0.2769414199318852 163.8
1639 0.2770413640419933 163.9
1640 0.2771440793506652 164
1641 0.2772498773921151 164.1
1642 0.2773552015161746 164.2
1643 0.2774637136507727 164.3
1644 0.2775731990086333 164.4
1645 0.2776761675176141 164.5
1646 0.277776450766777 164.6
1647 0.2778746447486686 164.7
1648 0.2779775385753189 164.8
1649 0.2780856924484547 164.9
1650 0.2781963342388064 165
1651 0.27831016586695 165.1
1652 0.278427587411757 165.2
1653 0.2785495790631285 165.3
1654 0.2786744982949805 165.4
1655 0.2787994538725447 165.5
1656 0.2789273350584694 165.6
1657 0.2790549990807242 165.7
1658 0.2791826316014417 165.8
1659 0.2793105548365469 165.9
1660 0.279436809393947 166
1661 0.2795638507236026 166.1
1662 0.279693279256499 166.2
1663 0.2798255413861371 166.3
1664 0.279959480238405 166.4
1665 0.2800964545824444 166.5
1666 0.2802344725762684 166.6
1667 0.2803686196002059 166.7
1668 0.2805069070129405 166.8
1669 0.2806469418715655 166.9
1670 0.2807892868131479 167
1671 0.2809286467574598 167.1
1672 0.2810735919156603 167.2
1673 0.2812140685820544 167.3
1674 0.2813596928064435 167.4
1675 0.2815090309819832 167.5
1676 0.2816552805300182 167.6
1677 0.2818039386738965 167.7
1678 0.2819535981773805 167.8
1679 0.2820971491330965 167.9
1680 0.2822341183747045 168
1681 0.2823704775376305 168.1
1682 0.2825034677213261 168.2
1683 0.2826341386354813 168.3
1684 0.282768058549499 168.4
1685 0.2828996630945689 168.5
1686 0.2830317783813945 168.6
1687 0.2831626171337344 168.7
1688 0.2832934946882246 168.8
1689 0.2834243224058711 168.9
1690 0.2835559813839894 169
1691 0.28368655206104 169.1
1692 0.2838170225825101 169.2
1693 0.2839478343503404 169.3
1694 0.2840780414470041 169.4
1695 0.2842080746884171 169.5
1696 0.284338968379155 169.6
1697 0.2844726366090795 169.7
1698 0.2846068864130412 169.8
1699 0.2847417401991604 169.9
1700 0.2848803487720371 170
1701 0.285020968210907 170.1
1702 0.285161219641182 170.2
1703 0.285296832430579 170.3
1704 0.2854242434023807 170.4
1705 0.2855508805763867 170.5
1706 0.2856779607256138 170.6
1707 0.2858155601195034 170.7
1708 0.2859587063401067 170.8
1709 0.2861064761941916 170.9
1710 0.2862569654663247 171
1711 0.2864039463891297 171.1
1712 0.2865519296246018 171.2
1713 0.2867020087056963 171.3
1714 0.2868516399036719 171.4
1715 0.2870034078845454 171.5
1716 0.2871534566777185 171.6
1717 0.2872879067351933 171.7
1718 0.2874146811246164 171.8
1719 0.2875423953546276 171.9
1720 0.2876670801618402 172
1721 0.2877897863478006 172.1
1722 0.2879019985651093 172.2
1723 0.288011554046351 172.3
1724 0.2881168217332658 172.4
1725 0.2882150535130005 172.5
1726 0.2883071443009012 172.6
1727 0.288395965093877 172.7
1728 0.2884845608899391 172.8
1729 0.2885721148824235 172.9
1730 0.2886597657085169 173
1731 0.2887457986986562 173.1
1732 0.2888328114597538 173.2
1733 0.2889181185188139 173.3
1734 0.2890036275566952 173.4
1735 0.2890889313080118 173.5
1736 0.2891733724828312 173.6
1737 0.2892535051868416 173.7
1738 0.2893291986152055 173.8
1739 0.2894040193636954 173.9
1740 0.2894796931046069 174
1741 0.2895572524022682 174.1
1742 0.2896347444915087 174.2
1743 0.289714324295709 174.3
1744 0.2897957291745927 174.4
1745 0.2898785586253901 174.5
1746 0.289962572493543 174.6
1747 0.2900473517446747 174.7
1748 0.290131693540138 174.8
1749 0.2902149438379072 174.9
1750 0.2902969062119599 175
1751 0.290379531887666 175.1
1752 0.2904630437009298 175.2
1753 0.290548675720726 175.3
1754 0.2906379112313022 175.4
1755 0.2907317062103503 175.5
1756 0.2908262229766812 175.6
1757 0.2909143665053519 175.7
1758 0.2910031937536014 175.8
1759 0.2910894987747437 175.9
1760 0.2911650851755423 176
1761 0.2912370441597317 176.1
1762 0.2913115145289024 176.2
1763 0.2913894836444437 176.3
1764 0.2914705790621728 176.4
1765 0.2915523889510205 176.5
1766 0.2916346313592171 176.6
1767 0.2917173274496312 176.7
1768 0.2917977355698189 176.8
1769 0.2918746668075219 176.9
1770 0.2919503303639844 177
1771 0.2920220642508036 177.1
1772 0.2920927287471362 177.2
1773 0.2921616283722137 177.3
1774 0.2922262744007167 177.4
1775 0.2922903822616801 177.5
1776 0.2923546997745623 177.6
1777 0.2924188848792659 177.7
1778 0.2924833790539924 177.8
1779 0.2925472511824657 177.9
1780 0.2926116762396657 178
1781 0.2926767409879887 178.1
1782 0.2927405571121044 178.2
1783 0.2928042403817361 178.3
1784 0.2928684953785136 178.4
1785 0.2929328775480675 178.5
1786 0.2929977811716215 178.6
1787 0.2930632197804703 178.7
1788 0.2931291443238526 178.8
1789 0.2931956652460523 178.9
1790 0.2932629608880197 179
1791 0.2933310881911653 179.1
1792 0.2933994773738589 179.2
1793 0.2934669694081924 179.3
1794 0.2935336566922133 179.4
1795 0.2936005878198186 179.5
1796 0.2936675055566835 179.6
1797 0.2937337889056255 179.7
1798 0.2937991156250937 179.8
1799 0.2938631089618428 179.9
1800 0.2939257808122594 180
1801 0.2939880657548788 180.1
1802 0.2940500224300444 180.2
1803 0.2941113478899023 180.3
1804 0.2941729686191166 180.4
1805 0.2942349768899004 180.5
1806 0.294297423465565 180.6
1807 0.2943605309579889 180.7
1808 0.2944237771698015 180.8
1809 0.2944885498068716 180.9
1810 0.2945548656204384 181
1811 0.2946207238480461 181.1
1812 0.2946891629514264 181.2
1813 0.2947613336655967 181.3
1814 0.2948361605886008 181.4
1815 0.2949075583664388 181.5
1816 0.2949818451610565 181.6
1817 0.2950604766753597 181.7
1818 0.295142921005743 181.8
1819 0.2952268530183396 181.9
1820 0.2953077413084783 182
1821 0.2953885211703946 182.1
1822 0.2954665779278976 182.2
1823 0.2955418916711131 182.3
1824 0.2956156828874723 182.4
1825 0.2956868624649779 182.5
1826 0.2957572325947604 182.6
1827 0.2958261018156644 182.7
1828 0.2958925734123716 182.8
1829 0.2959594123229414 182.9
1830 0.2960262806152457 183
1831 0.2960929086601653 183.1
1832 0.2961586032964342 183.2
1833 0.2962232797130489 183.3
1834 0.2962877211715143 183.4
1835 0.2963507020636569 183.5
1836 0.2964142954117025 183.6
1837 0.2964773920336688 183.7
1838 0.296539598569196 183.8
1839 0.2966013216402216 183.9
1840 0.2966627164416815 184
1841 0.2967240443645289 184.1
1842 0.2967848047316908 184.2
1843 0.2968475912633873 184.3
1844 0.2969116760526155 184.4
1845 0.2969779450276463 184.5
1846 0.2970441364594004 184.6
1847 0.2971100195043575 184.7
1848 0.2971776559410901 184.8
1849 0.2972457471410514 184.9
1850 0.2973127584818672 185
1851 0.2973803799450992 185.1
1852 0.2974501307516213 185.2
1853 0.297523323648721 185.3
1854 0.2975947643266316 185.4
1855 0.2976659664933947 185.5
1856 0.2977419860386343 185.6
1857 0.2978186399506119 185.7
1858 0.2978853569053864 185.8
1859 0.2979559891740268 185.9
1860 0.298029838217068 186
1861 0.298106746292728 186.1
1862 0.2981846856000401 186.2
1863 0.2982606195319378 186.3
1864 0.2983315715685699 186.4
1865 0.2983990155025487 186.5
1866 0.2984615733898731 186.6
1867 0.2985259730526357 186.7
1868 0.2985913924667979 186.8
1869 0.2986567592369773 186.9
1870 0.2987229141902607 187
1871 0.298785207142455 187.1
1872 0.2988437273901453 187.2
1873 0.2989016722182479 187.3
1874 0.2989594353141286 187.4
1875 0.2990158949736549 187.5
1876 0.2990717148869555 187.6
1877 0.2991270051906449 187.7
1878 0.2991805632910092 187.8
1879 0.2992338487636819 187.9
1880 0.2992858157505899 188
1881 0.2993385024780981 188.1
1882 0.299391985446091 188.2
1883 0.2994455534200875 188.3
1884 0.2994992893489665 188.4
1885 0.299553289180905 188.5
1886 0.2996068615723561 188.6
1887 0.2996602310268606 188.7
1888 0.2997126992981594 188.8
1889 0.2997656101878119 188.9
1890 0.2998190802640008 189
1891 0.2998730969698312 189.1
1892 0.2999275515668313 189.2
1893 0.2999822901645427 189.3
1894 0.3000358755496511 189.4
1895 0.3000897023332265 189.5
1896 0.3001438416018982 189.6
1897 0.3001983336113108 189.7
1898 0.3002530878686104 189.8
1899 0.3003082607159865 189.9
1900 0.3003638982208954 190
1901 0.3004198403445364 190.1
1902 0.3004759349070725 190.2
1903 0.3005304698470105 190.3
1904 0.3005852770804677 190.4
1905 0.3006406298257683 190.5
1906 0.3006966469928808 190.6
1907 0.3007529055024852 190.7
1908 0.300808498555028 190.8
1909 0.3008633565135199 190.9
1910 0.3009185663774858 191
1911 0.3009732425703588 191.1
1912 0.3010273728118316 191.2
1913 0.3010810760881021 191.3
1914 0.3011349540367333 191.4
1915 0.3011886670202378 191.5
1916 0.3012422137487052 191.6
1917 0.3012952853433331 191.7
1918 0.3013479777964312 191.8
1919 0.3014008883360337 191.9
1920 0.3014540918716945 192
1921 0.3015075425479859 192.1
1922 0.301561204284955 192.2
1923 0.3016149930995407 192.3
1924 0.301668884547226 192.4
1925 0.3017229847859907 192.5
1926 0.3017772136901258 192.6
1927 0.301831248212966 192.7
1928 0.3018855314364331 192.8
1929 0.3019402431244361 192.9
1930 0.3019954486742955 193
1931 0.302051201113424 193.1
1932 0.3021075282705799 193.2
1933 0.3021639024341365 193.3
1934 0.3022200378888466 193.4
1935 0.3022761463345223 193.5
1936 0.3023326384934045 193.6
1937 0.3023886550581893 193.7
1938 0.3024443785396404 193.8
1939 0.3025000645344127 193.9
1940 0.3025557570609659 194
1941 0.3026110110875139 194.1
1942 0.3026660549212039 194.2
1943 0.3027211283840245 194.3
1944 0.3027761348731746 194.4
1945 0.3028299510618404 194.5
1946 0.3028840105580626 194.6
1947 0.3029384912947367 194.7
1948 0.3029932660119711 194.8
1949 0.3030487254840345 194.9
1950 0.303104926144935 195
1951 0.3031608982340522 195.1
1952 0.3032179680038941 195.2
1953 0.3032762847454504 195.3
1954 0.3033361573061354 195.4
1955 0.3033980975990367 195.5
1956 0.3034633568599413 195.6
1957 0.303528453824123 195.7
1958 0.3035959355670673 195.8
1959 0.3036681482780779 195.9
1960 0.3037394860713132 196
1961 0.3038093982339723 196.1
1962 0.3038787286066131 196.2
1963 0.3039464882307567 196.3
1964 0.3040127056655562 196.4
1965 0.3040761616484223 196.5
1966 0.3041389402902768 196.6
1967 0.3042014561334818 196.7
1968 0.3042619333679172 196.8
1969 0.3043209318653006 196.9
1970 0.3043791937334363 197
1971 0.3044368786900131 197.1
1972 0.3044938606219858 197.2
1973 0.3045495633375855 197.3
1974 0.3046049870067177 197.4
1975 0.3046604600994892 197.5
1976 0.3047157143708363 197.6
1977 0.3047701578901373 197.7
1978 0.3048247436009505 197.8
1979 0.3048794266762341 197.9
1980 0.3049330661664387 198
1981 0.304986431319155 198.1
1982 0.3050400127445828 198.2
1983 0.3050937695164887 198.3
1984 0.3051477334155583 198.4
1985 0.3052020238457481 198.5
1986 0.3052559205256484 198.6
1987 0.3053089715458778 198.7
1988 0.3053610831306499 198.8
1989 0.3054128778507985 198.9
1990 0.3054644844978928 199
1991 0.3055153754560833 199.1
1992 0.3055663413932647 199.2
1993 0.3056174169718414 199.3
1994 0.305668636493708 199.4
1995 0.305720029193612 199.5
1996 0.3057713611066804 199.6
1997 0.3058226461486943 199.7
1998 0.3058739139964287 199.8
1999 0.3059253899808364 199.9
2000 0.3059769900623927 200
2001 0.306028792137286 200.1
2002 0.3060808210340353 200.2
2003 0.3061330731565475 200.3
2004 0.306185532643565 200.4
2005 0.3062377966174095 200.5
2006 0.3062898785736832 200.6
2007 0.3063421651076081 200.7
2008 0.3063946176088811 200.8
2009 0.3064472503225683 200.9
2010 0.3065000817599324 201
2011 0.3065530528869177 201.1
2012 0.3066061230219748 201.2
2013 0.3066589459352043 201.3
2014 0.3067109930536312 201.4
2015 0.306762647262568 201.5
2016 0.306813900933805 201.6
2017 0.3068655086097336 201.7
2018 0.3069175495499908 201.8
2019 0.3069698444759452 201.9
2020 0.3070227361893764 202
2021 0.3070762619549377 202.1
2022 0.3071295716281188 202.2
2023 0.3071829757659894 202.3
2024 0.3072370642719573 202.4
2025 0.3072918350751614 202.5
2026 0.3073472747764722 202.6
2027 0.3074034492577346 202.7
2028 0.3074603150889591 202.8
2029 0.3075164778321131 202.9
2030 0.3075729090146508 203
2031 0.3076281176220733 203.1
2032 0.3076832827979306 203.2
2033 0.3077384393821401 203.3
2034 0.3077930927717845 203.4
2035 0.307847951057429 203.5
2036 0.3079032628247678 203.6
2037 0.3079582807640042 203.7
2038 0.3080135589854824 203.8
2039 0.308069351638695 203.9
2040 0.3081254859917335 204
2041 0.308181950890788 204.1
2042 0.3082389253075761 204.2
2043 0.3082965912943682 204.3
2044 0.308354015507925 204.4
2045 0.308411861340359 204.5
2046 0.3084705645847028 204.6
2047 0.3085303149611123 204.7
2048 0.30859135642822 204.8
2049 0.3086541176258238 204.9
2050 0.3087193496446563 205
2051 0.3087850655070379 205.1
2052 0.3088511852402058 205.2
2053 0.3089161223786785 205.3
2054 0.3089833676609587 205.4
2055 0.3090508095724659 205.5
2056 0.3091212290644737 205.6
2057 0.3091928044323563 205.7
2058 0.3092657064680967 205.8
2059 0.3093413164048022 205.9
2060 0.3094162125146175 206
2061 0.3094933721763123 206.1
2062 0.3095742284330631 206.2
2063 0.3096516779366039 206.3
2064 0.3097285123968679 206.4
2065 0.3097917581487455 206.5
2066 0.3098549139935834 206.6
2067 0.3099148438065459 206.7
2068 0.309977803897291 206.8
2069 0.3100420676864818 206.9
2070 0.310102804728429 207
2071 0.310163282121701 207.1
2072 0.3102232094102431 207.2
2073 0.3102798766586049 207.3
2074 0.3103326897273893 207.4
2075 0.3103870165657653 207.5
2076 0.3104417971887384 207.6
2077 0.3104966766230124 207.7
2078 0.3105503256705369 207.8
2079 0.310601614177458 207.9
2080 0.3106499077353757 208
2081 0.3106985594415897 208.1
2082 0.3107472447682129 208.2
2083 0.3107961378684687 208.3
2084 0.3108439903941673 208.4
2085 0.3108921328325904 208.5
2086 0.3109409367693967 208.6
2087 0.3109900080963618 208.7
2088 0.3110377708007882 208.8
2089 0.3110855692617653 208.9
2090 0.3111343258645586 209
2091 0.3111838161030577 209.1
2092 0.3112335788500484 209.2
2093 0.3112840519319342 209.3
2094 0.3113349645997381 209.4
2095 0.3113858481842603 209.5
2096 0.3114359423713937 209.6
2097 0.3114865088267565 209.7
2098 0.3115375519367293 209.8
2099 0.3115891618782978 209.9
2100 0.3116409163823095 210
2101 0.3116909523528608 210.1
2102 0.3117413851577683 210.2
2103 0.3117918760238205 210.3
2104 0.3118420757323341 210.4
2105 0.311892591883663 210.5
2106 0.311942655885151 210.6
2107 0.3119927171765741 210.7
2108 0.3120433149367618 210.8
2109 0.3120931866210426 210.9
2110 0.3121433319995834 211
2111 0.3121940377071198 211.1
2112 0.3122452586007635 211.2
2113 0.3122966530461513 211.3
2114 0.3123483810266147 211.4
2115 0.3124004699726323 211.5
2116 0.3124528688104654 211.6
2117 0.3125054857150418 211.7
2118 0.3125583848148245 211.8
2119 0.3126115566335318 211.9
2120 0.3126649753631842 212
2121 0.3127185157997212 212.1
2122 0.3127719868274246 212.2
2123 0.3128252696793603 212.3
2124 0.3128776789652651 212.4
2125 0.3129303245434046 212.5
2126 0.3129830253497918 212.6
2127 0.3130357853541491 212.7
2128 0.313088678705648 212.8
2129 0.3131418132166371 212.9
2130 0.3131948115559203 213
2131 0.3132480914087704 213.1
2132 0.3133017448292821 213.2
2133 0.3133557243011015 213.3
2134 0.313409608470385 213.4
2135 0.3134638281020167 213.5
2136 0.3135181368062974 213.6
2137 0.313571403956486 213.7
2138 0.3136250397938812 213.8
2139 0.3136790820746688 213.9
2140 0.3137335536217074 214
2141 0.3137884470081971 214.1
2142 0.3138437275372575 214.2
2143 0.3138994880525307 214.3
2144 0.3139558356822323 214.4
2145 0.3140129032143636 214.5
2146 0.3140707891727887 214.6
2147 0.3141296075683 214.7
2148 0.3141892496104049 214.8
2149 0.314248827821435 214.9
2150 0.3143088949416811 215
2151 0.3143687468225399 215.1
2152 0.3144297080590421 215.2
2153 0.3144917810174996 215.3
2154 0.314555447433273 215.4
2155 0.3146210021956383 215.5
2156 0.3146862058681211 215.6
2157 0.3147553711355866 215.7
2158 0.3148334078446452 215.8
2159 0.3149132523924426 215.9
2160 0.3149916467963858 216
2161 0.3150654077767361 216.1
2162 0.3151319924023191 216.2
2163 0.3151915796513219 216.3
2164 0.3152494243683597 216.4
2165 0.3153037988738311 216.5
2166 0.3153598121250118 216.6
2167 0.3154158939753205 216.7
2168 0.3154698447010366 216.8
2169 0.3155243373787199 216.9
2170 0.3155777032327577 217
2171 0.3156271252600803 217.1
2172 0.315680421376545 217.2
2173 0.3157373215350878 217.3
2174 0.3157967856370227 217.4
2175 0.315856822636897 217.5
2176 0.3159171101972429 217.6
2177 0.3159747106044178 217.7
2178 0.3160242379678453 217.8
2179 0.3160735607331737 217.9
2180 0.3161237457210535 218
2181 0.3161749455191985 218.1
2182 0.3162279581047653 218.2
2183 0.3162824300562207 218.3
2184 0.3163383599903435 218.4
2185 0.3163960043606756 218.5
2186 0.3164509351966161 218.6
2187 0.3165049627014829 218.7
2188 0.3165601758628954 218.8
2189 0.3166159748959692 218.9
2190 0.3166723317269049 219
2191 0.3167299193126986 219.1
2192 0.3167867255704249 219.2
2193 0.3168432874292228 219.3
2194 0.316898678391191 219.4
2195 0.3169552759209778 219.5
2196 0.3170129353389561 219.6
2197 0.317071250576744 219.7
2198 0.3171307129311787 219.8
2199 0.3171910362211965 219.9
2200 0.3172518832721828 220
2201 0.3173127067410094 220.1
2202 0.317372903658122 220.2
2203 0.3174317029172066 220.3
2204 0.3174904474528431 220.4
2205 0.3175494038236487 220.5
2206 0.3176089551166094 220.6
2207 0.3176694395317767 220.7
2208 0.317730304318848 220.8
2209 0.3177905048640944 220.9
2210 0.3178503480443562 221
2211 0.3179113126006865 221.1
2212 0.3179735903707766 221.2
2213 0.318037665161315 221.3
2214 0.3181015014073343 221.4
2215 0.3181658050122331 221.5
2216 0.3182288168354204 221.6
2217 0.3182914159239208 221.7
2218 0.3183529432168267 221.8
2219 0.3184135919215719 221.9
2220 0.3184736206718288 222
2221 0.3185325571788249 222.1
2222 0.3185918481302726 222.2
2223 0.3186512591111386 222.3
2224 0.318710140341874 222.4
2225 0.3187696526652211 222.5
2226 0.3188302031482804 222.6
2227 0.3188921338133365 222.7
2228 0.3189537693761175 222.8
2229 0.3190145742923227 222.9
2230 0.3190709067634381 223
2231 0.3191299800685309 223.1
2232 0.3191912471774799 223.2
2233 0.3192523200861966 223.3
2234 0.3193120797022508 223.4
2235 0.3193698926426904 223.5
2236 0.3194245215481688 223.6
2237 0.3194749562018391 223.7
2238 0.3195256128968318 223.8
2239 0.3195773624725246 223.9
2240 0.3196300188747808 224
2241 0.3196839214454195 224.1
2242 0.3197380610152428 224.2
2243 0.3197933460448809 224.3
2244 0.31984802224562 224.4
2245 0.3199021774243235 224.5
2246 0.319956016195489 224.6
2247 0.3200097146960721 224.7
2248 0.3200721057664148 224.8
2249 0.3201396601653532 224.9
2250 0.3202054173737748 225
2251 0.3202533916895054 225.1
2252 0.3202997351795844 225.2
2253 0.320348305435071 225.3
2254 0.3203988180662697 225.4
2255 0.3204510047868134 225.5
2256 0.3205036882073865 225.6
2257 0.320557090277661 225.7
2258 0.3206084950648636 225.8
2259 0.3206610799188975 225.9
2260 0.3207143771358634 226
2261 0.3207662674361025 226.1
2262 0.3208192541691327 226.2
2263 0.3208726459860888 226.3
2264 0.3209267190130771 226.4
2265 0.3209815180502474 226.5
2266 0.3210368613111046 226.6
2267 0.3210925177907884 226.7
2268 0.3211482039957932 226.8
2269 0.321204121455844 226.9
2270 0.3212603262489783 227
2271 0.3213159401589766 227.1
2272 0.3213694729594497 227.2
2273 0.3214224189266747 227.3
2274 0.321475513741998 227.4
2275 0.321528355460546 227.5
2276 0.3215813431293897 227.6
2277 0.3216345420148229 227.7
2278 0.3216879215822063 227.8
2279 0.3217414970953792 227.9
2280 0.3217950456381417 228
2281 0.3218488610365131 228.1
2282 0.3219026783181986 228.2
2283 0.321956849808371 228.3
2284 0.3220117524341946 228.4
2285 0.3220675211499038 228.5
2286 0.3221237759296872 228.6
2287 0.3221795846600695 228.7
2288 0.3222351128781165 228.8
2289 0.3222899610727333 228.9
2290 0.3223427533502761 229
2291 0.3223947823859145 229.1
2292 0.3224459308513705 229.2
2293 0.3224974193608665 229.3
2294 0.3225491256975663 229.4
2295 0.3226014513697186 229.5
2296 0.3226545030805068 229.6
2297 0.3227083657606611 229.7
2298 0.3227629513144278 229.8
2299 0.3228183650769065 229.9
2300 0.322874628046435 230
2301 0.3229318694240915 230.1
2302 0.3229887915379045 230.2
2303 0.3230441306729022 230.3
2304 0.323100427056822 230.4
2305 0.3231583511846975 230.5
2306 0.3232173637935968 230.6
2307 0.3232774958642105 230.7
2308 0.3233392139867985 230.8
2309 0.3234020278895222 230.9
2310 0.3234667321248912 231
2311 0.3235319040423332 231.1
2312 0.3235981513262948 231.2
2313 0.3236661352730463 231.3
2314 0.3237337287459895 231.4
2315 0.323801808870741 231.5
2316 0.3238706880878799 231.6
2317 0.3239370472138006 231.7
2318 0.3240029003836131 231.8
2319 0.3240677337595226 231.9
2320 0.3241297402345527 232
2321 0.3241892121956709 232.1
2322 0.3242482401647898 232.2
2323 0.3243082811514574 232.3
2324 0.324369015326729 232.4
2325 0.3244272174712347 232.5
2326 0.3244855673036445 232.6
2327 0.3245449101792219 232.7
2328 0.3246065623551077 232.8
2329 0.3246697668453444 232.9
2330 0.3247327534855242 233
2331 0.3247973944528841 233.1
2332 0.3248642014244587 233.2
2333 0.3249325210690522 233.3
2334 0.3250011699836828 233.4
2335 0.325070021229257 233.5
2336 0.3251344049094936 233.6
2337 0.3251930869995711 233.7
2338 0.3252514281426443 233.8
2339 0.3253131660916903 233.9
2340 0.3253821745435844 234
2341 0.3254434484013137 234.1
2342 0.3255102925467499 234.2
2343 0.3255730617719254 234.3
2344 0.3256266534022641 234.4
2345 0.3256736889319636 234.5
2346 0.3257217832981391 234.6
2347 0.3257704016855458 234.7
2348 0.3258201524384838 234.8
2349 0.3258711124066815 234.9
2350 0.3259208830346116 235
2351 0.3259658674959066 235.1
2352 0.3260103387306583 235.2
2353 0.3260565127757251 235.3
2354 0.3261041034565478 235.4
2355 0.3261533986129631 235.5
2356 0.3262046223334384 235.6
2357 0.3262562999351823 235.7
2358 0.3263092548445546 235.8
2359 0.3263608383910601 235.9
2360 0.326413494703744 236
2361 0.3264673289141551 236.1
2362 0.3265229538790583 236.2
2363 0.3265755571479542 236.3
2364 0.3266285481775082 236.4
2365 0.3266825512468263 236.5
2366 0.3267340206843488 236.6
2367 0.3267813386011486 236.7
2368 0.3268313115456673 236.8
2369 0.3268848202714608 236.9
2370 0.3269394345520217 237
2371 0.3269923567511994 237.1
2372 0.3270470883685663 237.2
2373 0.327100827319743 237.3
2374 0.3271548742573717 237.4
2375 0.3272103142128178 237.5
2376 0.3272567844088621 237.6
2377 0.3273039313368409 237.7
2378 0.327352910092704 237.8
2379 0.3274041389712683 237.9
2380 0.3274545388705229 238
2381 0.327506504726727 238.1
2382 0.3275578091117647 238.2
2383 0.3276079789883904 238.3
2384 0.3276580341060638 238.4
2385 0.3277083983641071 238.5
2386 0.3277588650112336 238.6
2387 0.3278079369348688 238.7
2388 0.3278551900905071 238.8
2389 0.3279031169347052 238.9
2390 0.3279527747497714 239
2391 0.3280041644124355 239.1
2392 0.3280568454199441 239.2
2393 0.3281109920466131 239.3
2394 0.3281668457553644 239.4
2395 0.3282242403335963 239.5
2396 0.328283851324437 239.6
2397 0.3283455907951816 239.7
2398 0.328408947200352 239.8
2399 0.3284724584154609 239.9
2400 0.3285370310005713 240
2401 0.3286024474787724 240.1
2402 0.3286685686043345 240.2
2403 0.328733442216404 240.3
2404 0.3287960473058572 240.4
2405 0.3288559095402468 240.5
2406 0.3289155367298203 240.6
2407 0.328976490150058 240.7
2408 0.3290374922998439 240.8
2409 0.3290988993325024 240.9
2410 0.3291598596088103 241
2411 0.3292209981683555 241.1
2412 0.3292808611935908 241.2
2413 0.3293377997864746 241.3
2414 0.3293948355214368 241.4
2415 0.3294517216844496 241.5
2416 0.3295093787939229 241.6
2417 0.3295675156905762 241.7
2418 0.3296250950048126 241.8
2419 0.3296836323357306 241.9
2420 0.3297403104982604 242
2421 0.3297970303263062 242.1
2422 0.329854246660062 242.2
2423 0.3299121938528113 242.3
2424 0.3299702503312348 242.4
2425 0.3300286654825288 242.5
2426 0.3300875506730159 242.6
2427 0.3301469385257662 242.7
2428 0.3302071751536874 242.8
2429 0.3302644452257745 242.9
2430 0.3303247305602485 243
2431 0.3303877044450222 243.1
2432 0.3304477514852343 243.2
2433 0.330507960063663 243.3
2434 0.3305654581220517 243.4
2435 0.3306204691583508 243.5
2436 0.3306690730613468 243.6
2437 0.3307143575315037 243.7
2438 0.3307603444913282 243.8
2439 0.3308064396343895 243.9
2440 0.3308539350399313 244
2441 0.3308999594323264 244.1
2442 0.3309458734731964 244.2
2443 0.3309931174941125 244.3
2444 0.3310415053982693 244.4
2445 0.3310907796060242 244.5
2446 0.3311405669486494 244.6
2447 0.3311891109127343 244.7
2448 0.3312386325389403 244.8
2449 0.3312891233999247 244.9
2450 0.3313404050720427 245
2451 0.3313923132203742 245.1
2452 0.3314439848236599 245.2
2453 0.331495881285832 245.3
2454 0.3315483463428011 245.4
2455 0.3316005878051183 245.5
2456 0.3316539609794687 245.6
2457 0.3317096380511732 245.7
2458 0.3317667968465707 245.8
2459 0.3318228413090692 245.9
2460 0.3318778779582403 246
2461 0.3319412635800185 246.1
2462 0.3320097421412014 246.2
2463 0.3320685778850981 246.3
2464 0.3321143345078568 246.4
2465 0.3321624921230348 246.5
2466 0.3322123662814901 246.6
2467 0.3322620337365884 246.7
2468 0.3323128876690544 246.8
2469 0.3323639122152503 246.9
2470 0.3324136684590769 247
2471 0.3324618685929972 247.1
2472 0.3325101047895208 247.2
2473 0.3325584812931056 247.3
2474 0.3326069913060112 247.4
2475 0.3326554395193368 247.5
2476 0.3327040866037517 247.6
2477 0.3327532771856812 247.7
2478 0.332802968159792 247.8
2479 0.3328533117253799 247.9
2480 0.3329044388798673 248
2481 0.3329565619187652 248.1
2482 0.3330093233005121 248.2
2483 0.3330627616773029 248.3
2484 0.3331167376942456 248.4
2485 0.3331710946683819 248.5
2486 0.3332220357337648 248.6
2487 0.3332733559905116 248.7
2488 0.3333250654403714 248.8
2489 0.3333770826333924 248.9
2490 0.3334300982092809 249
2491 0.3334850279471548 249.1
2492 0.3335381691325129 249.2
2493 0.3335919211791981 249.3
2494 0.3336481687176683 249.4
2495 0.3337089028749841 249.5
2496 0.3337733841509991 249.6
2497 0.3338387871841031 249.7
2498 0.3339020328275332 249.8
2499 0.3339644681343247 249.9
2500 0.3340238664361529 250
2501 0.3340791867558726 250.1
2502 0.3341329326697386 250.2
2503 0.3341878136163997 250.3
2504 0.3342400157856585 250.4
2505 0.3342933137923461 250.5
2506 0.3343444663277712 250.6
2507 0.3343943589878281 250.7
2508 0.3344392912293928 250.8
2509 0.3344842467740484 250.9
2510 0.3345316351937792 251
2511 0.3345815504923049 251.1
2512 0.3346349009010875 251.2
2513 0.3346880626328714 251.3
2514 0.3347417529536242 251.4
2515 0.3347965942908411 251.5
2516 0.3348506069449876 251.6
2517 0.3349027457280722 251.7
2518 0.3349549182845611 251.8
2519 0.3350051775031803 251.9
2520 0.3350557508756847 252
2521 0.3351064475609187 252.1
2522 0.3351576912794573 252.2
2523 0.3352098893681444 252.3
2524 0.3352621836465606 252.4
2525 0.3353132509756443 252.5
2526 0.3353654092401765 252.6
2527 0.3354192276911513 252.7
2528 0.3354748500869718 252.8
2529 0.3355317754027609 252.9
2530 0.3355898999823314 253
2531 0.3356490311290306 253.1
2532 0.3357067364872935 253.2
2533 0.3357621674349272 253.3
2534 0.3358178168070022 253.4
2535 0.3358735259256731 253.5
2536 0.3359301455189987 253.6
2537 0.3359875251428163 253.7
2538 0.3360453882890073 253.8
2539 0.3361008891221073 253.9
2540 0.3361537836626937 254
2541 0.336206605197193 254.1
2542 0.3362588276240653 254.2
2543 0.3363106707037358 254.3
2544 0.3363624480137704 254.4
2545 0.3364140913612674 254.5
2546 0.3364655733039554 254.6
2547 0.3365174210510854 254.7
2548 0.3365694637037528 254.8
2549 0.3366217075774845 254.9
2550 0.3366740600166689 255
2551 0.3367257993579043 255.1
2552 0.3367775595721585 255.2
2553 0.3368298701681329 255.3
2554 0.3368828309748478 255.4
2555 0.3369362763071413 255.5
2556 0.3369902182086843 255.6
2557 0.3370454658698203 255.7
2558 0.3371001945928677 255.8
2559 0.337156406498979 255.9
2560 0.3372150935063107 256
2561 0.3372762343133415 256.1
2562 0.3373381254662751 256.2
2563 0.3374013652707221 256.3
2564 0.337463640313505 256.4
2565 0.3375229881363377 256.5
2566 0.337580794717486 256.6
2567 0.3376394401472048 256.7
2568 0.3377003606575479 256.8
2569 0.3377632776524068 256.9
2570 0.3378286065029542 257
2571 0.3378953501701903 257.1
2572 0.3379650750399522 257.2
2573 0.3380379190106028 257.3
2574 0.3381168799263803 257.4
2575 0.3381981231107141 257.5
2576 0.3382787454702401 257.6
2577 0.3383695471699782 257.7
2578 0.3384546424942477 257.8
2579 0.3385293773375683 257.9
2580 0.3385816606926157 258
2581 0.3386326825924201 258.1
2582 0.3386842603253332 258.2
2583 0.3387330185537441 258.3
2584 0.3387820854808538 258.4
2585 0.3388303995698426 258.5
2586 0.3388796858837502 258.6
2587 0.338929316909213 258.7
2588 0.338979445864118 258.8
2589 0.3390303760968301 258.9
2590 0.3390811833071766 259
2591 0.3391319087229958 259.1
2592 0.3391821390602333 259.2
2593 0.3392331424631645 259.3
2594 0.3392851554430275 259.4
2595 0.3393379117662848 259.5
2596 0.3393920304500332 259.6
2597 0.3394475451922494 259.7
2598 0.3395041463058067 259.8
2599 0.3395594293339449 259.9
2600 0.3396155670535241 260
2601 0.3396731733219267 260.1
2602 0.3397317594869455 260.2
2603 0.3397878459819569 260.3
2604 0.339843870612685 260.4
2605 0.3399018035089488 260.5
2606 0.3399606951040745 260.6
2607 0.3400210066587855 260.7
2608 0.3400829608894896 260.8
2609 0.3401463506331892 260.9
2610 0.3402091991905616 261
2611 0.3402712325638162 261.1
2612 0.3403317765355449 261.2
2613 0.3403932825239437 261.3
2614 0.3404558123274464 261.4
2615 0.3405189234132993 261.5
2616 0.3405822002757121 261.6
2617 0.340646170523789 261.7
2618 0.3407098633320283 261.8
2619 0.340772467638107 261.9
2620 0.3408315434129904 262
2621 0.340890709204337 262.1
2622 0.3409521324005669 262.2
2623 0.3410141988023063 262.3
2624 0.3410788525395649 262.4
2625 0.3411471088609128 262.5
2626 0.3412169737351831 262.6
2627 0.3412880927173611 262.7
2628 0.3413605982652481 262.8
2629 0.3414342168195862 262.9
2630 0.341508442451871 263
2631 0.3415834597883489 263.1
2632 0.3416591274806554 263.2
2633 0.3417348502762648 263.3
2634 0.3418049711737208 263.4
2635 0.3418767489795667 263.5
2636 0.3419512699665633 263.6
2637 0.3420203647414217 263.7
2638 0.3420905896448522 263.8
2639 0.3421557798678704 263.9
2640 0.3422183785489611 264
2641 0.3422791689905434 264.1
2642 0.3423361342027293 264.2
2643 0.3423879710048699 264.3
2644 0.3424427738207206 264.4
2645 0.3425016261305789 264.5
2646 0.3425603201954189 264.6
2647 0.3426187388786285 264.7
2648 0.3426767921919159 264.8
2649 0.342735024825137 264.9
2650 0.3427941888515462 265
2651 0.3428524672824612 265.1
2652 0.3429077245149673 265.2
2653 0.3429616454622077 265.3
2654 0.3430119788183706 265.4
2655 0.3430636143570842 265.5
2656 0.3431165482418131 265.6
2657 0.3431716796661471 265.7
2658 0.3432285227105682 265.8
2659 0.3432841545269463 265.9
2660 0.3433372720739604 266
2661 0.3433903870118333 266.1
2662 0.3434450224804279 266.2
2663 0.3435011665838776 266.3
2664 0.3435588754547382 266.4
2665 0.3436157309536359 266.5
2666 0.3436702352205046 266.6
2667 0.3437187287991296 266.7
2668 0.3437663537248651 266.8
2669 0.3438125185952312 266.9
2670 0.3438573466202455 267
2671 0.3439022945162206 267.1
2672 0.3439481321404143 267.2
2673 0.3439955129675744 267.3
2674 0.3440450384042682 267.4
2675 0.3440967966270698 267.5
2676 0.34415140305929 267.6
2677 0.3442088831891975 267.7
2678 0.3442690039822133 267.8
2679 0.3443313010674353 267.9
2680 0.344395246944917 268
2681 0.344461067735406 268.1
2682 0.3445283925050385 268.2
2683 0.3445961805606479 268.3
2684 0.3446644089503844 268.4
2685 0.3447348334187472 268.5
2686 0.3448130402530254 268.6
2687 0.3448980427871823 268.7
2688 0.3449833877094252 268.8
2689 0.3450668292854891 268.9
2690 0.3451498113637892 269
2691 0.3452278813068144 269.1
2692 0.3452967246506616 269.2
2693 0.3453575127377376 269.3
2694 0.3454158664182889 269.4
2695 0.3454732002588367 269.5
2696 0.3455298294958991 269.6
2697 0.3455851193625592 269.7
2698 0.3456403809554388 269.8
2699 0.3456957594483144 269.9
2700 0.3457504554661481 270
2701 0.3458045347106241 270.1
2702 0.3458597419856494 270.2
2703 0.3459147992700257 270.3
2704 0.3459700416188995 270.4
2705 0.3460256758467786 270.5
2706 0.3460816124876742 270.6
2707 0.346138011834649 270.7
2708 0.3461928540679796 270.8
2709 0.3462469311464536 270.9
2710 0.3462983503532324 271
2711 0.3463474181212791 271.1
2712 0.3463929545998543 271.2
2713 0.3464365719755069 271.3
2714 0.3464795806178793 271.4
2715 0.3465235404982181 271.5
2716 0.3465671687282403 271.6
2717 0.3466114082578962 271.7
2718 0.3466561315301063 271.8
2719 0.3467020502707856 271.9
2720 0.3467493357374644 272
2721 0.3467977662836953 272.1
2722 0.3468470731931014 272.2
2723 0.3468967215650987 272.3
2724 0.3469460073266699 272.4
2725 0.3469934346855539 272.5
2726 0.3470410124124736 272.6
2727 0.3470887580506314 272.7
2728 0.347136949206911 272.8
2729 0.347185663254744 272.9
2730 0.3472348266452031 273
2731 0.3472841387608015 273.1
2732 0.3473335435439371 273.2
2733 0.3473831764997952 273.3
2734 0.3474329219932494 273.4
2735 0.3474829279960429 273.5
2736 0.3475332002415462 273.6
2737 0.3475834736076142 273.7
2738 0.3476341029401371 273.8
2739 0.3476853959887732 273.9
2740 0.3477375877082733 274
2741 0.3477902877180618 274.1
2742 0.3478401253959749 274.2
2743 0.3478915103823584 274.3
2744 0.3479454523738557 274.4
2745 0.3480019790192947 274.5
2746 0.3480620605607598 274.6
2747 0.3481250323575562 274.7
2748 0.3481895840543546 274.8
2749 0.348251324955279 274.9
2750 0.3483126478459156 275
2751 0.3483740287472843 275.1
2752 0.3484310598828668 275.2
2753 0.3484856721031028 275.3
2754 0.3485422046521797 275.4
2755 0.3485999644863591 275.5
2756 0.3486591472860888 275.6
2757 0.348720462731667 275.7
2758 0.348778676717364 275.8
2759 0.3488370269940215 275.9
2760 0.3488965850896778 276
2761 0.3489507557394644 276.1
2762 0.3489999141274857 276.2
2763 0.3490528379583272 276.3
2764 0.3491085603316768 276.4
2765 0.3491638617043643 276.5
2766 0.3492178073711766 276.6
2767 0.3492694796140689 276.7
2768 0.3493206722238725 276.8
2769 0.3493728065155275 276.9
2770 0.3494256834214414 277
2771 0.3494788093797201 277.1
2772 0.3495323071398528 277.2
2773 0.3495866251335895 277.3
2774 0.3496419993600434 277.4
2775 0.3496985334850673 277.5
2776 0.3497567447671631 277.6
2777 0.3498169527264426 277.7
2778 0.3498795965344955 277.8
2779 0.3499451793831712 277.9
2780 0.3500131118092887 278
2781 0.3500838020472719 278.1
2782 0.3501553504526198 278.2
2783 0.3502280134330346 278.3
2784 0.350302291395752 278.4
2785 0.3503755634044864 278.5
2786 0.3504519801869939 278.6
2787 0.3505299228414047 278.7
2788 0.3506108599371096 278.8
2789 0.350692649890595 278.9
2790 0.3507745678711509 279
2791 0.3508553355818688 279.1
2792 0.3509378066473594 279.2
2793 0.3510231903028105 279.3
2794 0.3511130746773985 279.4
2795 0.3512009984548896 279.5
2796 0.351280581835253 279.6
2797 0.3513483170804528 279.7
2798 0.3514009608699778 279.8
2799 0.3514555742112305 279.9
2800 0.3515125351666407 280
2801 0.3515714132434027 280.1
2802 0.3516308004757119 280.2
2803 0.3516899475750824 280.3
2804 0.3517495821521212 280.4
2805 0.3518099306726336 280.5
2806 0.3518704649952818 280.6
2807 0.3519287497805287 280.7
2808 0.3519852720501603 280.8
2809 0.3520416278477341 280.9
2810 0.3520986713352479 281
2811 0.3521569083425348 281.1
2812 0.3522159165301331 281.2
2813 0.3522711024913652 281.3
2814 0.3523256035647364 281.4
2815 0.352380426823798 281.5
2816 0.3524373167705002 281.6
2817 0.3524963707113993 281.7
2818 0.3525560416582244 281.8
2819 0.3526174445536382 281.9
2820 0.352680122974209 282
2821 0.3527458787934664 282.1
2822 0.3528101424826958 282.2
2823 0.3528731781748989 282.3
2824 0.3529342321459296 282.4
2825 0.3529857902413779 282.5
2826 0.3530318393070809 282.6
2827 0.3530790057368051 282.7
2828 0.3531267219217395 282.8
2829 0.3531760306117006 282.9
2830 0.3532274100620305 283
2831 0.3532799914630448 283.1
2832 0.3533339149316977 283.2
2833 0.353386935497883 283.3
2834 0.3534384648545528 283.4
2835 0.3534891112802006 283.5
2836 0.3535392373952933 283.6
2837 0.3535884148948628 283.7
2838 0.3536368211310164 283.8
2839 0.3536856581191882 283.9
2840 0.3537339238870343 284
2841 0.3537821551208901 284.1
2842 0.3538285220072261 284.2
2843 0.3538674650952226 284.3
2844 0.3539074948614778 284.4
2845 0.3539488054993296 284.5
2846 0.3539913941589993 284.6
2847 0.3540362015323202 284.7
2848 0.3540834340351358 284.8
2849 0.3541332634554059 284.9
2850 0.3541855272292223 285
2851 0.3542380184252881 285.1
2852 0.3542916615406771 285.2
2853 0.3543432408987925 285.3
2854 0.3543954388002631 285.4
2855 0.3544498995682245 285.5
2856 0.3545061493754824 285.6
2857 0.3545659532125816 285.7
2858 0.3546263048516084 285.8
2859 0.3546807173401647 285.9
2860 0.3547356126230468 286
2861 0.3547873219724303 286.1
2862 0.3548397673794946 286.2
2863 0.3548919025539107 286.3
2864 0.354942801053885 286.4
2865 0.3549895889915393 286.5
2866 0.3550319394047428 286.6
2867 0.3550687255847367 286.7
2868 0.3551056494780885 286.8
2869 0.3551450587875771 286.9
2870 0.3551869801348102 287
2871 0.3552313112129574 287.1
2872 0.3552781561821001 287.2
2873 0.3553276151031398 287.3
2874 0.3553754087889984 287.4
2875 0.3554238887298209 287.5
2876 0.355473612633061 287.6
2877 0.3555232376585375 287.7
2878 0.3555747143585328 287.8
2879 0.3556283306407417 287.9
2880 0.3556836957716892 288
2881 0.3557380406239649 288.1
2882 0.3557914463877901 288.2
2883 0.3558460210084 288.3
2884 0.3559004181431496 288.4
2885 0.355955001067867 288.5
2886 0.3560118443964324 288.6
2887 0.3560705208773225 288.7
2888 0.3561307285127702 288.8
2889 0.3561922615662234 288.9
2890 0.3562530283318795 289
2891 0.3563153117518472 289.1
2892 0.3563807279291217 289.2
2893 0.3564503640098489 289.3
2894 0.3565222525583176 289.4
2895 0.3565941604226729 289.5
2896 0.3566623865385116 289.6
2897 0.3567127989967933 289.7
2898 0.3567539242448321 289.8
2899 0.356798274601401 289.9
2900 0.3568457013917281 290
2901 0.356896242426796 290.1
2902 0.3569513573582089 290.2
2903 0.357007625182991 290.3
2904 0.3570631209380399 290.4
2905 0.3571148557649401 290.5
2906 0.3571691987869941 290.6
2907 0.3572253821688189 290.7
2908 0.3572848946130703 290.8
2909 0.3573459910067398 290.9
2910 0.3574053660044801 291
2911 0.3574641261897131 291.1
2912 0.357519903172717 291.2
2913 0.3575745706691529 291.3
2914 0.3576277048256927 291.4
2915 0.3576785195648921 291.5
2916 0.3577295713518017 291.6
2917 0.357779947519078 291.7
2918 0.3578305476621519 291.8
2919 0.3578810411138615 291.9
2920 0.3579326507626471 292
2921 0.3579856205212621 292.1
2922 0.3580384592437118 292.2
2923 0.3580923691680142 292.3
2924 0.3581475695342847 292.4
2925 0.3582019682277526 292.5
2926 0.3582562838552572 292.6
2927 0.358310430424781 292.7
2928 0.3583641487813968 292.8
2929 0.3584167259195646 292.9
2930 0.3584670314234231 293
2931 0.3585149746737116 293.1
2932 0.3585600408429536 293.2
2933 0.3586018390345843 293.3
2934 0.3586429716920635 293.4
2935 0.3586842309164857 293.5
2936 0.3587263824538207 293.6
2937 0.3587693931674158 293.7
2938 0.358813135275465 293.8
2939 0.3588572640216825 293.9
2940 0.3589010563099523 294
2941 0.3589453340659003 294.1
2942 0.3589899217965597 294.2
2943 0.3590342894450267 294.3
2944 0.3590790315807819 294.4
2945 0.3591241510200727 294.5
2946 0.3591698118387991 294.6
2947 0.3592159861153346 294.7
2948 0.359261896343198 294.8
2949 0.3593091309708648 294.9
2950 0.3593576178795821 295
2951 0.359407162007842 295.1
2952 0.3594561542357637 295.2
2953 0.3595028161145543 295.3
2954 0.3595506531897818 295.4
2955 0.359600640650686 295.5
2956 0.3596524684848836 295.6
2957 0.359704061942082 295.7
2958 0.3597529855066492 295.8
2959 0.3598009735375829 295.9
2960 0.3598491672268356 296
2961 0.3598963823241149 296.1
2962 0.3599438744718912 296.2
2963 0.3599930743151066 296.3
2964 0.3600438651768489 296.4
2965 0.3600953163378448 296.5
2966 0.3601452568185879 296.6
2967 0.3601934375527643 296.7
2968 0.3602379379838776 296.8
2969 0.3602834450699557 296.9
2970 0.3603297141577871 297
2971 0.3603765591252058 297.1
2972 0.3604242097696825 297.2
2973 0.3604726490825401 297.3
2974 0.3605211583004956 297.4
2975 0.3605698124823979 297.5
2976 0.3606181945007974 297.6
2977 0.3606670986515292 297.7
2978 0.3607164086070551 297.8
2979 0.3607662548297704 297.9
2980 0.3608169334023986 298
2981 0.3608683188397694 298.1
2982 0.36092101003643 298.2
2983 0.3609749428644004 298.3
2984 0.3610296939563057 298.4
2985 0.3610851348046009 298.5
2986 0.3611413033837075 298.6
2987 0.361197673174205 298.7
2988 0.361254299709223 298.8
2989 0.3613128411678836 298.9
2990 0.3613740484367055 299
2991 0.3614362149278374 299.1
2992 0.3615005147160383 299.2
2993 0.3615667142557976 299.3
2994 0.3616331146822429 299.4
2995 0.3616992304438539 299.5
2996 0.3617463620280844 299.6
2997 0.3617800690025166 299.7
2998 0.3618161480054772 299.8
2999 0.3618546877544549 299.9
3000 0.3618958276771639 300
3001 0.361939734943198 300.1
3002 0.3619853445175495 300.2
3003 0.3620334100628432 300.3
3004 0.3620851473546414 300.4
3005 0.362138796696931 300.5
3006 0.3621940322922139 300.6
3007 0.362248990457136 300.7
3008 0.3622999380055181 300.8
3009 0.3623513290098975 300.9
3010 0.3624047708193692 301
3011 0.3624516582850127 301.1
3012 0.3624953712602215 301.2
3013 0.3625378367519446 301.3
3014 0.362580563004028 301.4
3015 0.3626243658438749 301.5
3016 0.3626694060000342 301.6
3017 0.3627167273756665 301.7
3018 0.3627660554670376 301.8
3019 0.3628171267135091 301.9
3020 0.3628683368315118 302
3021 0.3629186363207764 302.1
3022 0.362969581204135 302.2
3023 0.3630211268689352 302.3
3024 0.3630729917207888 302.4
3025 0.3631248578512462 302.5
3026 0.3631765466674214 302.6
3027 0.363228238579229 302.7
3028 0.3632805107040472 302.8
3029 0.3633337090764561 302.9
3030 0.3633877482335844 303
3031 0.3634431452218654 303.1
3032 0.3634996128262527 303.2
3033 0.3635566906042785 303.3
3034 0.3636138672018799 303.4
3035 0.3636696596892947 303.5
3036 0.3637229873688543 303.6
3037 0.3637769182405332 303.7
3038 0.3638313235275584 303.8
3039 0.3638858944065085 303.9
3040 0.3639401380177596 304
3041 0.3639935475661684 304.1
3042 0.364045859201931 304.2
3043 0.3640986025217066 304.3
3044 0.3641518269460246 304.4
3045 0.3642050276094432 304.5
3046 0.3642584353806981 304.6
3047 0.3643121656867898 304.7
3048 0.3643651055297007 304.8
3049 0.3644179394224271 304.9
3050 0.3644708610490936 305
3051 0.364517438362914 305.1
3052 0.3645622659131015 305.2
3053 0.3646067746427626 305.3
3054 0.3646518111013589 305.4
3055 0.364698541445274 305.5
3056 0.364745670864936 305.6
3057 0.3647934870505721 305.7
3058 0.364841400896967 305.8
3059 0.3648908084369366 305.9
3060 0.364940200689905 306
3061 0.3649898359527228 306.1
3062 0.3650409566506511 306.2
3063 0.3650948569206405 306.3
3064 0.3651514532467361 306.4
3065 0.3652096821932862 306.5
3066 0.3652692681214531 306.6
3067 0.3653253573290374 306.7
3068 0.3653826274853093 306.8
3069 0.3654412454772854 306.9
3070 0.365499710801578 307
3071 0.3655557878361599 307.1
3072 0.3656128372377995 307.2
3073 0.3656717714616988 307.3
3074 0.3657332911399908 307.4
3075 0.3657980861888058 307.5
3076 0.3658656144309455 307.6
3077 0.365935197317695 307.7
3078 0.3660021795597394 307.8
3079 0.366070359941172 307.9
3080 0.366136464797795 308
3081 0.3662014982691394 308.1
3082 0.3662654194292859 308.2
3083 0.3663267761296716 308.3
3084 0.366390195637481 308.4
3085 0.3664547558578723 308.5
3086 0.3665185995175427 308.6
3087 0.366584632085859 308.7
3088 0.3666520485518803 308.8
3089 0.3667145185704219 308.9
3090 0.366753323667582 309
3091 0.3667947389707856 309.1
3092 0.3668403583334781 309.2
3093 0.3668876762533543 309.3
3094 0.3669339382597607 309.4
3095 0.3669790044163526 309.5
3096 0.3670244236246197 309.6
3097 0.367068640501211 309.7
3098 0.3671111928642923 309.8
3099 0.3671548250597974 309.9
3100 0.3672011059962553 310
3101 0.3672502505011503 310.1
3102 0.3673018390818606 310.2
3103 0.3673551837931424 310.3
3104 0.3674042548709173 310.4
3105 0.3674492010622433 310.5
3106 0.3674943485662128 310.6
3107 0.3675403247486565 310.7
3108 0.3675877254336938 310.8
3109 0.3676341251680317 310.9
3110 0.367680717721858 311
3111 0.3677273996735099 311.1
3112 0.3677748387855724 311.2
3113 0.3678232166522327 311.3
3114 0.3678720036784827 311.4
3115 0.3679194707786421 311.5
3116 0.3679657117276305 311.6
3117 0.3680111305308642 311.7
3118 0.3680564415897195 311.8
3119 0.3681016652980764 311.9
3120 0.3681467341110286 312
3121 0.3681915881661907 312.1
3122 0.3682359073014668 312.2
3123 0.3682794927646995 312.3
3124 0.368322442429695 312.4
3125 0.3683647610203331 312.5
3126 0.3684068187585586 312.6
3127 0.3684489801347938 312.7
3128 0.3684912345395423 312.8
3129 0.3685335734518664 312.9
3130 0.3685758078288807 313
3131 0.3686179476240312 313.1
3132 0.3686602179624406 313.2
3133 0.368702406736463 313.3
3134 0.3687446098703404 313.4
3135 0.3687870952559965 313.5
3136 0.3688298290573703 313.6
3137 0.3688723998602752 313.7
3138 0.3689153959019553 313.8
3139 0.3689587942369883 313.9
3140 0.369002667982213 314
3141 0.3690470781766809 314.1
3142 0.3690920998232163 314.2
3143 0.3691378124261082 314.3
3144 0.3691841437933768 314.4
3145 0.3692314806274196 314.5
3146 0.3692800258351034 314.6
3147 0.3693300926960615 314.7
3148 0.3693816327179547 314.8
3149 0.3694343222164973 314.9
3150 0.3694872347021759 315
3151 0.3695374627869194 315.1
3152 0.369586497446328 315.2
3153 0.36963540449661 315.3
3154 0.3696835982247864 315.4
3155 0.3697318788242401 315.5
3156 0.369779774146929 315.6
3157 0.3698290967582825 315.7
3158 0.3698800995943503 315.8
3159 0.3699319637223137 315.9
3160 0.3699848621241093 316
3161 0.3700378985430512 316.1
3162 0.3700865293949645 316.2
3163 0.3701345135761644 316.3
3164 0.3701826326136562 316.4
3165 0.3702313107529545 316.5
3166 0.3702809632903954 316.6
3167 0.3703321282087376 316.7
3168 0.3703849881769363 316.8
3169 0.3704398343688723 316.9
3170 0.3704966427850018 317
3171 0.3705549400635876 317.1
3172 0.3706133895511234 317.2
3173 0.3706716927229932 317.3
3174 0.3707298206772691 317.4
3175 0.3707875180659881 317.5
3176 0.3708475903238515 317.6
3177 0.3709097623874588 317.7
3178 0.370974960830204 317.8
3179 0.3710442279230107 317.9
3180 0.3711167222050261 318
3181 0.3711901516080285 318.1
3182 0.3712456429022561 318.2
3183 0.3712863039378909 318.3
3184 0.3713302395034604 318.4
3185 0.371377381456006 318.5
3186 0.3714265238044598 318.6
3187 0.3714783211659189 318.7
3188 0.371533080713381 318.8
3189 0.3715894503264767 318.9
3190 0.3716481311233103 319
3191 0.3717074384746113 319.1
3192 0.3717661661279518 319.2
3193 0.3718249044772207 319.3
3194 0.3718820207609578 319.4
3195 0.3719383020926313 319.5
3196 0.3719943793751062 319.6
3197 0.3720512661974286 319.7
3198 0.3721052828759045 319.8
3199 0.372157544729498 319.9
3200 0.3722077214153846 320
3201 0.3722540241102839 320.1
3202 0.3723029557558781 320.2
3203 0.372353137904638 320.3
3204 0.3724050714469306 320.4
3205 0.3724597181890414 320.5
3206 0.3725152539557425 320.6
3207 0.372571243311224 320.7
3208 0.3726273722136487 320.8
3209 0.3726832572332267 320.9
3210 0.3727366322658079 321
3211 0.372786189129897 321.1
3212 0.3728355804891004 321.2
3213 0.3728851998831553 321.3
3214 0.3729352324388855 321.4
3215 0.3729859039573284 321.5
3216 0.373036642684458 321.6
3217 0.3730873233459822 321.7
3218 0.3731388358635453 321.8
3219 0.37319080152813 321.9
3220 0.3732436523916652 322
3221 0.3732969357241931 322.1
3222 0.3733486193981493 322.2
3223 0.3734005026055932 322.3
3224 0.3734525791783305 322.4
3225 0.3735055697985081 322.5
3226 0.3735591918141732 322.6
3227 0.3736128401025676 322.7
3228 0.3736638410442695 322.8
3229 0.3737115532746916 322.9
3230 0.3737585489157282 323
3231 0.3738056050490206 323.1
3232 0.3738532085809497 323.2
3233 0.3739018196241425 323.3
3234 0.373951273526687 323.4
3235 0.3740018642777868 323.5
3236 0.3740518937639488 323.6
3237 0.3741029314591393 323.7
3238 0.3741547427302395 323.8
3239 0.3742073245538103 323.9
3240 0.3742609707919813 324
3241 0.3743144753139147 324.1
3242 0.3743685651082505 324.2
3243 0.374423583524354 324.3
3244 0.3744794566084207 324.4
3245 0.374535784845645 324.5
3246 0.3745919294067568 324.6
3247 0.3746484586469752 324.7
3248 0.3747050901315453 324.8
3249 0.3747623510904324 324.9
3250 0.3748217570808202 325
3251 0.374882651888361 325.1
3252 0.3749427524582268 325.2
3253 0.3750056181534536 325.3
3254 0.3750716196317603 325.4
3255 0.3751397414416808 325.5
3256 0.3752082501907477 325.6
3257 0.3752742269408342 325.7
3258 0.3753323606302077 325.8
3259 0.3753870753837331 325.9
3260 0.3754421362872123 326
3261 0.3754982929874398 326.1
3262 0.3755562110544033 326.2
3263 0.3756159025654282 326.3
3264 0.3756765339928769 326.4
3265 0.3757380255795645 326.5
3266 0.3757995544121719 326.6
3267 0.37586329515019 326.7
3268 0.3759284490072176 326.8
3269 0.3759943802562286 326.9
3270 0.3760610875856578 327
3271 0.3761290038229484 327.1
3272 0.3761980805702201 327.2
3273 0.3762678142827952 327.3
3274 0.3763380851934433 327.4
3275 0.3764099328598886 327.5
3276 0.3764698669182804 327.6
3277 0.3765083530835732 327.7
3278 0.3765473418307265 327.8
3279 0.3765885105795905 327.9
3280 0.376630192032448 328
3281 0.3766720147626161 328.1
3282 0.3767152273215202 328.2
3283 0.3767602561682085 328.3
3284 0.3768066244047075 328.4
3285 0.3768540859473946 328.5
3286 0.3769022250303933 328.6
3287 0.3769514784434992 328.7
3288 0.3769997421428222 328.8
3289 0.3770478684398872 328.9
3290 0.3770964372944196 329
3291 0.3771457741908846 329.1
3292 0.3771962806508957 329.2
3293 0.3772470833357773 329.3
3294 0.3772981695907576 329.4
3295 0.3773508409454485 329.5
3296 0.3774040896781064 329.6
3297 0.3774587755364016 329.7
3298 0.377512404544801 329.8
3299 0.3775643893710074 329.9
3300 0.3776139193980962 330
3301 0.3776613274498105 330.1
3302 0.3777070694092504 330.2
3303 0.3777524818111258 330.3
3304 0.3777980696839716 330.4
3305 0.3778441467462128 330.5
3306 0.3778912059019971 330.6
3307 0.3779374725891571 330.7
3308 0.3779847761127338 330.8
3309 0.378033416713505 330.9
3310 0.3780834917844171 331
3311 0.3781349438156533 331.1
3312 0.3781879403209056 331.2
3313 0.378243552161887 331.3
3314 0.3782962749855791 331.4
3315 0.3783497885590064 331.5
3316 0.3784004819241983 331.6
3317 0.3784500762812822 331.7
3318 0.3784980428719517 331.8
3319 0.3785437407197414 331.9
3320 0.3785868029716603 332
3321 0.3786282449482221 332.1
3322 0.3786696301974484 332.2
3323 0.3787105279925514 332.3
3324 0.3787533399979038 332.4
3325 0.3788000077934139 332.5
3326 0.3788481328003174 332.6
3327 0.3788951930815863 332.7
3328 0.3789427576816161 332.8
3329 0.3789912492285182 332.9
3330 0.379040798394698 333
3331 0.3790912743586441 333.1
3332 0.3791419406854096 333.2
3333 0.3791931431365624 333.3
3334 0.3792443751135719 333.4
3335 0.379296981589752 333.5
3336 0.3793513939849114 333.6
3337 0.3794057935402211 333.7
3338 0.3794572429152469 333.8
3339 0.3795067416498425 333.9
3340 0.3795559644551428 334
3341 0.3796050837114699 334.1
3342 0.3796542580811212 334.2
3343 0.3797036534867023 334.3
3344 0.3797509435973419 334.4
3345 0.3797981533414423 334.5
3346 0.3798423336256488 334.6
3347 0.3798867103768044 334.7
3348 0.3799315984888469 334.8
3349 0.3799766847648095 334.9
3350 0.3800222992742083 335
3351 0.3800688297743319 335.1
3352 0.3801164579934525 335.2
3353 0.3801647483902098 335.3
3354 0.3802136653795875 335.4
3355 0.3802641425180454 335.5
3356 0.380316443174856 335.6
3357 0.3803708761925792 335.7
3358 0.3804275863478611 335.8
3359 0.380486469116129 335.9
3360 0.3805471307518743 336
3361 0.3806089337990556 336.1
3362 0.3806718253656681 336.2
3363 0.3807360047985386 336.3
3364 0.3808015565375997 336.4
3365 0.3808677669692041 336.5
3366 0.3809344098452759 336.6
3367 0.3810019391519239 336.7
3368 0.3810704763232557 336.8
3369 0.3811407348421391 336.9
3370 0.3812139638144065 337
3371 0.3812874069868092 337.1
3372 0.3813490545852791 337.2
3373 0.3813930798739939 337.3
3374 0.3814315831891011 337.4
3375 0.3814733921061695 337.5
3376 0.3815183806802899 337.6
3377 0.3815645864656436 337.7
3378 0.3816127769402264 337.8
3379 0.381660986684793 337.9
3380 0.3817092674230668 338
3381 0.3817584103187923 338.1
3382 0.381808173675786 338.2
3383 0.3818583072753028 338.3
3384 0.3819082962139533 338.4
3385 0.3819578706326319 338.5
3386 0.382006915607264 338.6
3387 0.3820557441892218 338.7
3388 0.382104188034075 338.8
3389 0.3821513690451765 338.9
3390 0.382198407233547 339
3391 0.3822450163836859 339.1
3392 0.3822916680691941 339.2
3393 0.3823390771428526 339.3
3394 0.3823871999541692 339.4
3395 0.3824357714270988 339.5
3396 0.3824843198950799 339.6
3397 0.3825305308821826 339.7
3398 0.3825752740591248 339.8
3399 0.3826202299333042 339.9
3400 0.382665754344543 340
3401 0.3827120667287854 340.1
3402 0.3827591089994173 340.2
3403 0.3828073879563601 340.3
3404 0.3828563508068727 340.4
3405 0.3829057303659463 340.5
3406 0.3829563160567448 340.6
3407 0.383008134305218 340.7
3408 0.3830597938488219 340.8
3409 0.3831120641165007 340.9
3410 0.3831644775306486 341
3411 0.3832138457614764 341.1
3412 0.3832630214405495 341.2
3413 0.3833131245755316 341.3
3414 0.383363986407918 341.4
3415 0.3834147653054948 341.5
3416 0.383466014284506 341.6
3417 0.3835173000751093 341.7
3418 0.3835658976857206 341.8
3419 0.3836122750911796 341.9
3420 0.3836578091169335 342
3421 0.3837023784127119 342.1
3422 0.3837465754781753 342.2
3423 0.3837920348055796 342.3
3424 0.3838384177521277 342.4
3425 0.3838846463257295 342.5
3426 0.3839312915858781 342.6
3427 0.383978349236536 342.7
3428 0.3840255564534399 342.8
3429 0.3840729861148529 342.9
3430 0.3841203969833913 343
3431 0.3841670631198659 343.1
3432 0.3842138260852085 343.2
3433 0.3842609449698858 343.3
3434 0.3843092662893264 343.4
3435 0.3843580277998846 343.5
3436 0.3844084473477138 343.6
3437 0.3844598184482132 343.7
3438 0.384510662812473 343.8
3439 0.3845659350870253 343.9
3440 0.3846226259291747 344
3441 0.3846795224760303 344.1
3442 0.3847374577054058 344.2
3443 0.3847953907102685 344.3
3444 0.3848493699715281 344.4
3445 0.384897844660028 344.5
3446 0.3849445101189466 344.6
3447 0.3849958007631462 344.7
3448 0.3850507761761092 344.8
3449 0.3851091110329241 344.9
3450 0.3851677428790354 345
3451 0.3852276271012979 345.1
3452 0.3852877270914351 345.2
3453 0.3853495028766998 345.3
3454 0.3854116310158245 345.4
3455 0.3854757205857574 345.5
3456 0.3855414948521214 345.6
3457 0.3856083917208708 345.7
3458 0.3856749744995428 345.8
3459 0.3857386428179316 345.9
3460 0.3857983922993677 346
3461 0.3858573991880096 346.1
3462 0.3859165811739705 346.2
3463 0.3859763650721334 346.3
3464 0.386037446739907 346.4
3465 0.3861010330311407 346.5
3466 0.3861683155636632 346.6
3467 0.3862394101139883 346.7
3468 0.3863128138088021 346.8
3469 0.3863853763112279 346.9
3470 0.3864477215260945 347
3471 0.3864897991270719 347.1
3472 0.3865262761073369 347.2
3473 0.3865658054845279 347.3
3474 0.3866100432540989 347.4
3475 0.3866587183868181 347.5
3476 0.3867095288306561 347.6
3477 0.3867623764157406 347.7
3478 0.3868161035726679 347.8
3479 0.3868684294720902 347.9
3480 0.3869168595673644 348
3481 0.3869663888747591 348.1
3482 0.387017094831871 348.2
3483 0.3870673707835193 348.3
3484 0.3871165039963853 348.4
3485 0.3871627263221136 348.5
3486 0.3872088008557651 348.6
3487 0.3872555227250489 348.7
3488 0.3873021523808173 348.8
3489 0.3873484361537374 348.9
3490 0.387394939466589 349
3491 0.3874417379848359 349.1
3492 0.3874876092457711 349.2
3493 0.3875337696815895 349.3
3494 0.3875798118431519 349.4
3495 0.3876257149433029 349.5
3496 0.3876715952500833 349.6
3497 0.3877174859267239 349.7
3498 0.3877633638262152 349.8
3499 0.3878093369789535 349.9
3500 0.3878548756327178 350
3501 0.3879009232033056 350.1
3502 0.387947205243098 350.2
3503 0.3879941538422229 350.3
3504 0.3880418005682391 350.4
3505 0.3880905823780699 350.5
3506 0.3881405932200379 350.6
3507 0.3881916130247781 350.7
3508 0.3882434600071469 350.8
3509 0.3882959263131713 350.9
3510 0.3883471381598249 351
3511 0.3883982591225268 351.1
3512 0.3884486697487206 351.2
3513 0.3884978543549967 351.3
3514 0.3885453028588141 351.4
3515 0.3885918919254534 351.5
3516 0.3886370270521488 351.6
3517 0.3886814863631771 351.7
3518 0.3887264538520452 351.8
3519 0.3887719008976822 351.9
3520 0.3888179659627778 352
3521 0.3888643770785651 352.1
3522 0.3889099984470805 352.2
3523 0.3889550728648858 352.3
3524 0.3890001820729165 352.4
3525 0.3890459160420583 352.5
3526 0.389092776122347 352.6
3527 0.3891401014134271 352.7
3528 0.3891886820571666 352.8
3529 0.3892389981537938 352.9
3530 0.3892916011074742 353
3531 0.3893457241456918 353.1
3532 0.3894021103961694 353.2
3533 0.3894613121968419 353.3
3534 0.3895233303549512 353.4
3535 0.3895875163214547 353.5
3536 0.389653142584797 353.6
3537 0.3897192731389321 353.7
3538 0.3897843592228944 353.8
3539 0.3898456325525347 353.9
3540 0.3899043279183376 354
3541 0.389961338163116 354.1
3542 0.3900169287344346 354.2
3543 0.390072031209213 354.3
3544 0.390126674933216 354.4
3545 0.3901809936719894 354.5
3546 0.3902353460024538 354.6
3547 0.3902900848057507 354.7
3548 0.3903457143279777 354.8
3549 0.3904020465867267 354.9
3550 0.3904591644165241 355
3551 0.3905180057668639 355.1
3552 0.390578069561599 355.2
3553 0.3906387672785405 355.3
3554 0.3906996800363903 355.4
3555 0.3907606852277906 355.5
3556 0.3908206408655314 355.6
3557 0.3908813903940744 355.7
3558 0.3909441443459916 355.8
3559 0.3910083813874357 355.9
3560 0.3910732125482385 356
3561 0.391136735406641 356.1
3562 0.391200026016399 356.2
3563 0.3912636072956822 356.3
3564 0.3913282702127187 356.4
3565 0.3913947653029247 356.5
3566 0.391462564554393 356.6
3567 0.3915328872872396 356.7
3568 0.3916068082803331 356.8
3569 0.3916820141047232 356.9
3570 0.3917526202906575 357
3571 0.3918133571572301 357.1
3572 0.3918517971796929 357.2
3573 0.391889008642324 357.3
3574 0.3919268482240953 357.4
3575 0.3919648702340474 357.5
3576 0.3920027442651344 357.6
3577 0.3920423311429572 357.7
3578 0.3920837225900208 357.8
3579 0.3921269035735884 357.9
3580 0.3921709464205396 358
3581 0.3922153166319153 358.1
3582 0.3922605617770489 358.2
3583 0.3923064019910313 358.3
3584 0.3923526168462653 358.4
3585 0.3923989208361792 358.5
3586 0.3924435232782214 358.6
3587 0.3924872299660211 358.7
3588 0.3925304201604038 358.8
3589 0.3925728065507635 358.9
3590 0.3926158019725797 359
3591 0.3926597197875382 359.1
3592 0.3927047998615094 359.2
3593 0.3927503209611825 359.3
3594 0.3927975134275248 359.4
3595 0.3928460554038046 359.5
3596 0.3928960504473494 359.6
3597 0.3929474393033549 359.7
3598 0.3929973022188527 359.8
3599 0.3930467225953004 359.9
3600 0.3930968858249617 360
3601 0.3931478212783727 360.1
3602 0.3931997648476534 360.2
3603 0.3932529512954794 360.3
3604 0.3933082362348735 360.4
3605 0.393364818086693 360.5
3606 0.3934216211775379 360.6
3607 0.3934742859498881 360.7
3608 0.3935263275539013 360.8
3609 0.3935781977316514 360.9
3610 0.3936306678559497 361
3611 0.3936792819773084 361.1
3612 0.3937319247106285 361.2
3613 0.3937856388894655 361.3
3614 0.3938410208362394 361.4
3615 0.3938961380439946 361.5
3616 0.393948605607187 361.6
3617 0.3939960235701475 361.7
3618 0.3940438249928014 361.8
3619 0.3940908373241203 361.9
3620 0.3941409218946307 362
3621 0.3941922683097875 362.1
3622 0.3942455194448243 362.2
3623 0.3942998622563511 362.3
3624 0.3943514084411046 362.4
3625 0.3944005907583374 362.5
3626 0.3944469372262383 362.6
3627 0.3944925719750664 362.7
3628 0.3945379428232778 362.8
3629 0.3945831626854331 362.9
3630 0.3946283906994767 363
3631 0.3946738943494547 363.1
3632 0.3947197754981376 363.2
3633 0.394765559643817 363.3
3634 0.3948110711176008 363.4
3635 0.3948570300944484 363.5
3636 0.394904065640566 363.6
3637 0.3949520928512825 363.7
3638 0.395001060005429 363.8
3639 0.3950507495515092 363.9
3640 0.3951008714116352 364
3641 0.3951510180433748 364.1
3642 0.3952003600295942 364.2
3643 0.3952493268234569 364.3
3644 0.3952972809836607 364.4
3645 0.3953450070707401 364.5
3646 0.3953916452083393 364.6
3647 0.3954387850447845 364.7
3648 0.3954859551586907 364.8
3649 0.3955342966134802 364.9
3650 0.3955842659567245 365
3651 0.3956363006107954 365.1
3652 0.3956892947739874 365.2
3653 0.3957447220669694 365.3
3654 0.3958015495425159 365.4
3655 0.3958586220531817 365.5
3656 0.3959151093230611 365.6
3657 0.39597040079328 365.7
3658 0.3960242513511559 365.8
3659 0.3960795710598814 365.9
3660 0.3961363655760171 366
3661 0.3961939691758888 366.1
3662 0.3962517634021234 366.2
3663 0.3963095273658811 366.3
3664 0.3963676465579839 366.4
3665 0.3964262999005063 366.5
3666 0.3964859493445484 366.6
3667 0.3965477098569491 366.7
3668 0.3966111500556278 366.8
3669 0.3966759508031563 366.9
3670 0.3967417673062015 367
3671 0.3968080643166526 367.1
3672 0.3968760004516984 367.2
3673 0.3969461280641127 367.3
3674 0.3970193919798973 367.4
3675 0.3970964455540817 367.5
3676 0.3971667807879371 367.6
3677 0.3972338591098295 367.7
3678 0.3972917589878681 367.8
3679 0.3973262238138284 367.9
3680 0.3973603321571276 368
3681 0.3973956674265491 368.1
3682 0.3974318423837675 368.2
3683 0.3974698787860985 368.3
3684 0.3975100699260872 368.4
3685 0.3975526805921281 368.5
3686 0.3975967767234489 368.6
3687 0.3976419427717916 368.7
3688 0.3976879664383008 368.8
3689 0.3977347228631207 368.9
3690 0.3977818932208761 369
3691 0.3978290610177476 369.1
3692 0.3978750531456621 369.2
3693 0.3979170858744821 369.3
3694 0.3979586951902824 369.4
3695 0.3980007989896859 369.5
3696 0.3980431063309767 369.6
3697 0.398086381252267 369.7
3698 0.398130467373183 369.8
3699 0.3981750817781008 369.9
3700 0.3982198932987535 370
3701 0.3982648361825839 370.1
3702 0.3983101419926553 370.2
3703 0.3983563247173227 370.3
3704 0.3984031683425322 370.4
3705 0.3984505960047548 370.5
3706 0.3984989662354719 370.6
3707 0.3985483283123361 370.7
3708 0.3985984818062134 370.8
3709 0.3986481253411667 370.9
3710 0.3986990790724947 371
3711 0.398751478368036 371.1
3712 0.3988059438689571 371.2
3713 0.3988622703442551 371.3
3714 0.3989183824170955 371.4
3715 0.398972260407797 371.5
3716 0.3990258495897716 371.6
3717 0.3990794193288967 371.7
3718 0.3991330351432206 371.8
3719 0.3991866049912196 371.9
3720 0.3992399425511786 372
3721 0.3992926886713327 372.1
3722 0.3993445921588481 372.2
3723 0.3993956586847495 372.3
3724 0.3994452707649169 372.4
3725 0.3994920511410515 372.5
3726 0.3995379775753451 372.6
3727 0.3995834467448174 372.7
3728 0.3996289304836076 372.8
3729 0.3996747619500364 372.9
3730 0.3997191680679008 373
3731 0.399763410388117 373.1
3732 0.3998080982631358 373.2
3733 0.3998532713997084 373.3
3734 0.3998990127601256 373.4
3735 0.3999454088377289 373.5
3736 0.3999927756077576 373.6
3737 0.4000406321237722 373.7
3738 0.4000899173356773 373.8
3739 0.4001403945016624 373.9
3740 0.4001924695359674 374
3741 0.4002436874430494 374.1
3742 0.4002961950725559 374.2
3743 0.400349932325875 374.3
3744 0.4004015825381088 374.4
3745 0.4004504125254378 374.5
3746 0.4004989109235412 374.6
3747 0.4005462521789822 374.7
3748 0.400594469846933 374.8
3749 0.4006414385280109 374.9
3750 0.4006884238380158 375
3751 0.4007358825355827 375.1
3752 0.4007852066875622 375.2
3753 0.4008352093691925 375.3
3754 0.4008890861915383 375.4
3755 0.4009461950780533 375.5
3756 0.401004390579518 375.6
3757 0.4010626025453989 375.7
3758 0.4011167302774547 375.8
3759 0.4011711427475123 375.9
3760 0.4012265759151645 376
3761 0.4012839026345904 376.1
3762 0.4013419778279937 376.2
3763 0.4014013395041918 376.3
3764 0.4014625353506076 376.4
3765 0.4015245832952333 376.5
3766 0.4015873830497156 376.6
3767 0.4016501737382032 376.7
3768 0.4017122294249502 376.8
3769 0.4017736245433725 376.9
3770 0.4018338492059832 377
3771 0.4018934999058142 377.1
3772 0.4019529268222534 377.2
3773 0.40201163069338 377.3
3774 0.4020697792476149 377.4
3775 0.4021277442405797 377.5
3776 0.4021859823585704 377.6
3777 0.4022452250797546 377.7
3778 0.4023058439690321 377.8
3779 0.4023675416251709 377.9
3780 0.4024294899396277 378
3781 0.4024918704599158 378.1
3782 0.4025550388451688 378.2
3783 0.4026198734375357 378.3
3784 0.4026871662238042 378.4
3785 0.402750459413019 378.5
3786 0.4028196078709336 378.6
3787 0.4028811438149034 378.7
3788 0.4029359714315282 378.8
3789 0.4029707285475943 378.9
3790 0.4030020764555141 379
3791 0.4030355662982839 379.1
3792 0.403071894728156 379.2
3793 0.4031108648506508 379.3
3794 0.4031530298850412 379.4
3795 0.4031958672107238 379.5
3796 0.4032389428844065 379.6
3797 0.4032808194752632 379.7
3798 0.4033229618071221 379.8
3799 0.4033661596085671 379.9
3800 0.4034096127133033 380
3801 0.4034542204762056 380.1
3802 0.4034997019309636 380.2
3803 0.4035449976497653 380.3
3804 0.4035909676620145 380.4
3805 0.4036371603840424 380.5
3806 0.4036835824263691 380.6
3807 0.403730172531078 380.7
3808 0.4037769104558973 380.8
3809 0.4038239877979375 380.9
3810 0.4038709168090125 381
3811 0.4039176070606044 381.1
3812 0.403964881299591 381.2
3813 0.4040118660308524 381.3
3814 0.4040575144947254 381.4
3815 0.4041040140067005 381.5
3816 0.4041511289549146 381.6
3817 0.4041975382278616 381.7
3818 0.4042422363109393 381.8
3819 0.4042864153217803 381.9
3820 0.4043305762465956 382
3821 0.4043746376036838 382.1
3822 0.4044184391836241 382.2
3823 0.4044620839883159 382.3
3824 0.4045056243986649 382.4
3825 0.4045488520555685 382.5
3826 0.4045914870014021 382.6
3827 0.4046342820881618 382.7
3828 0.4046769624818663 382.8
3829 0.4047201128022659 382.9
3830 0.4047639278897854 383
3831 0.4048085155392301 383.1
3832 0.404854036113179 383.2
3833 0.4049006089516144 383.3
3834 0.4049483325831106 383.4
3835 0.4049973106903805 383.5
3836 0.4050476227119049 383.6
3837 0.4050993303633947 383.7
3838 0.4051524554072781 383.8
3839 0.4052050208779919 383.9
3840 0.4052576647459945 384
3841 0.4053109644420035 384.1
3842 0.4053644859188548 384.2
3843 0.4054179223137847 384.3
3844 0.4054705444840693 384.4
3845 0.4055232559032559 384.5
3846 0.4055763120943873 384.6
3847 0.4056295869184377 384.7
3848 0.40568411070282 384.8
3849 0.4057401546278951 384.9
3850 0.4057977027767382 385
3851 0.4058557653129378 385.1
3852 0.4059114164439864 385.2
3853 0.4059642093996566 385.3
3854 0.4060141754910955 385.4
3855 0.4060611442317276 385.5
3856 0.4061074608896182 385.6
3857 0.4061539856392203 385.7
3858 0.4062018152069453 385.8
3859 0.4062509025243318 385.9
3860 0.4063010613172127 386
3861 0.4063518856478071 386.1
3862 0.4064035124018154 386.2
3863 0.406456219941598 386.3
3864 0.4065098012503243 386.4
3865 0.4065641033993356 386.5
3866 0.4066190841786436 386.6
3867 0.4066743432176698 386.7
3868 0.4067285612615677 386.8
3869 0.4067840956488261 386.9
3870 0.4068412754916092 387
3871 0.4068994774538727 387.1
3872 0.4069574476122698 387.2
3873 0.4070143692087739 387.3
3874 0.4070697331142372 387.4
3875 0.4071235079315493 387.5
3876 0.4071788596564777 387.6
3877 0.4072361526974346 387.7
3878 0.4072958481000312 387.8
3879 0.4073558106070554 387.9
3880 0.4074155599885127 388
3881 0.4074759323063066 388.1
3882 0.4075361687504327 388.2
3883 0.4075963151910646 388.3
3884 0.407657832197828 388.4
3885 0.4077203481040074 388.5
3886 0.4077829490053788 388.6
3887 0.4078462792711737 388.7
3888 0.4079102970836604 388.8
3889 0.4079742519277709 388.9
3890 0.4080382440841292 389
3891 0.4081023578302614 389.1
3892 0.4081657809490551 389.2
3893 0.4082272276168938 389.3
3894 0.4082886299848791 389.4
3895 0.4083521795351344 389.5
3896 0.408413936195474 389.6
3897 0.4084763276132789 389.7
3898 0.4085450859678845 389.8
3899 0.4086066008301392 389.9
3900 0.4086664030157043 390
3901 0.4087112958139789 390.1
3902 0.4087436369173902 390.2
3903 0.4087769619342818 390.3
3904 0.4088103346692141 390.4
3905 0.4088422896705421 390.5
3906 0.4088753649496249 390.6
3907 0.408910342882002 390.7
3908 0.4089474366778955 390.8
3909 0.4089864996163929 390.9
3910 0.4090274190851929 391
3911 0.4090700349314135 391.1
3912 0.4091141249921886 391.2
3913 0.409157650874028 391.3
3914 0.4092023270352401 391.4
3915 0.4092477958872497 391.5
3916 0.4092934418880674 391.6
3917 0.4093381685879192 391.7
3918 0.4093816158662614 391.8
3919 0.4094249531057315 391.9
3920 0.4094682311582933 392
3921 0.4095116752784425 392.1
3922 0.4095524574739854 392.2
3923 0.4095937635428925 392.3
3924 0.4096357426980752 392.4
3925 0.4096782262368076 392.5
3926 0.4097210907040438 392.6
3927 0.4097640542039275 392.7
3928 0.4098069452124497 392.8
3929 0.409849502258968 392.9
3930 0.4098922466743727 393
3931 0.409935146499295 393.1
3932 0.4099775416918341 393.2
3933 0.4100201066138532 393.3
3934 0.4100632493262329 393.4
3935 0.4101069818585316 393.5
3936 0.4101514841928851 393.6
3937 0.4101968684406573 393.7
3938 0.4102433011234132 393.8
3939 0.4102910583657521 393.9
3940 0.4103403515797773 394
3941 0.4103914253307647 394.1
3942 0.4104443840206653 394.2
3943 0.4104994072166046 394.3
3944 0.4105558111767691 394.4
3945 0.4106139352984217 394.5
3946 0.4106720653605083 394.6
3947 0.410731928628266 394.7
3948 0.4107917014995025 394.8
3949 0.4108507889411389 394.9
3950 0.4109085274438855 395
3951 0.4109640206944697 395.1
3952 0.4110124875771762 395.2
3953 0.41105860568137 395.3
3954 0.4111034548672558 395.4
3955 0.411147614268446 395.5
3956 0.411191889677635 395.6
3957 0.4112363809699261 395.7
3958 0.4112814337254101 395.8
3959 0.4113274757086027 395.9
3960 0.4113743601777258 396
3961 0.4114216584751549 396.1
3962 0.4114693998133309 396.2
3963 0.4115170554177277 396.3
3964 0.4115650461106971 396.4
3965 0.4116128164100855 396.5
3966 0.4116594388570725 396.6
3967 0.4117060439542464 396.7
3968 0.4117525579329225 396.8
3969 0.4117990763908629 396.9
3970 0.4118463645865889 397
3971 0.4118939575219431 397.1
3972 0.4119423601904406 397.2
3973 0.411991838340016 397.3
3974 0.412042608258885 397.4
3975 0.4120949485528246 397.5
3976 0.4121491530220985 397.6
3977 0.4122031868370747 397.7
3978 0.4122587417854611 397.8
3979 0.4123150613348538 397.9
3980 0.4123714704127951 398
3981 0.4124263338514322 398.1
3982 0.4124785122105964 398.2
3983 0.4125311324515472 398.3
3984 0.4125852590921616 398.4
3985 0.4126412879000644 398.5
3986 0.4126996730216934 398.6
3987 0.4127606150669686 398.7
3988 0.4128236331820949 398.8
3989 0.4128872348960023 398.9
3990 0.4129500993642906 399
3991 0.4130117717193335 399.1
3992 0.4130717941293591 399.2
3993 0.4131313145910303 399.3
3994 0.4131912612597796 399.4
3995 0.4132518318291471 399.5
3996 0.4133119039248912 399.6
3997 0.4133714174598409 399.7
3998 0.4134289538152891 399.8
3999 0.4134858420474808 399.9
4000 0.4135432291472854 400
4001 0.4136013080619711 400.1
4002 0.4136596754240914 400.2
4003 0.4137170945179167 400.3
4004 0.4137745511144339 400.4
4005 0.413832626303861 400.5
4006 0.4138916729805502 400.6
4007 0.4139516671342007 400.7
4008 0.4140123132286335 400.8
4009 0.4140724245749002 400.9
4010 0.4141265417407003 401
4011 0.4141830257934908 401.1
4012 0.4142437495679475 401.2
4013 0.4143031352932192 401.3
4014 0.4143628989798436 401.4
4015 0.4144146336846135 401.5
4016 0.414452307073211 401.6
4017 0.4144790415359736 401.7
4018 0.4145069076389061 401.8
4019 0.4145379067829599 401.9
4020 0.4145721401441534 402
4021 0.4146086300919793 402.1
4022 0.4146464460155691 402.2
4023 0.4146878673062059 402.3
4024 0.4147274781999909 402.4
4025 0.4147685896978645 402.5
4026 0.4148099408361186 402.6
4027 0.4148508885747899 402.7
4028 0.4148920844727698 402.8
4029 0.4149338448099003 402.9
4030 0.4149757051540018 403
4031 0.4150172642475647 403.1
4032 0.4150584929805125 403.2
4033 0.4151002819797315 403.3
4034 0.4151425592903132 403.4
4035 0.4151866321399809 403.5
4036 0.4152335188675076 403.6
4037 0.4152819677417958 403.7
4038 0.4153307704194788 403.8
4039 0.4153805280714365 403.9
4040 0.4154318102939485 404
4041 0.4154829982810732 404.1
4042 0.4155329386531068 404.2
4043 0.4155827944411784 404.3
4044 0.4156325507095845 404.4
4045 0.4156797136837647 404.5
4046 0.4157259866914463 404.6
4047 0.4157728955201671 404.7
4048 0.4158206575281274 404.8
4049 0.4158688019861542 404.9
4050 0.4159163555683941 405
4051 0.4159642678987218 405.1
4052 0.416011862737419 405.2
4053 0.4160594722418473 405.3
4054 0.4161072402579519 405.4
4055 0.4161556390065481 405.5
4056 0.4162045941249539 405.6
4057 0.4162534284986043 405.7
4058 0.4163015320983636 405.8
4059 0.4163501913956027 405.9
4060 0.4163989453412283 406
4061 0.4164481096038941 406.1
4062 0.4164976565942153 406.2
4063 0.4165472562732356 406.3
4064 0.4165965921788455 406.4
4065 0.4166449441742353 406.5
4066 0.4166937013423879 406.6
4067 0.4167427355066696 406.7
4068 0.4167922028284989 406.8
4069 0.4168401795697227 406.9
4070 0.416885949039912 407
4071 0.4169278529763349 407.1
4072 0.4169697615571613 407.2
4073 0.4170119802091613 407.3
4074 0.4170541725994077 407.4
4075 0.4170966807397833 407.5
4076 0.4171393649338963 407.6
4077 0.4171822052849423 407.7
4078 0.4172255174779852 407.8
4079 0.4172695695454919 407.9
4080 0.4173143855991067 408
4081 0.4173599946331952 408.1
4082 0.4174064339157081 408.2
4083 0.417453726289184 408.3
4084 0.417501823582699 408.4
4085 0.4175503585126591 408.5
4086 0.4175987493562704 408.6
4087 0.4176476549427848 408.7
4088 0.4176975419650213 408.8
4089 0.4177487568687551 408.9
4090 0.4178018973456588 409
4091 0.4178567709048994 409.1
4092 0.417913011402672 409.2
4093 0.4179680869687795 409.3
4094 0.4180225814351404 409.4
4095 0.418076888150663 409.5
4096 0.4181280371147937 409.6
4097 0.4181799153505594 409.7
4098 0.4182327454608433 409.8
4099 0.4182866906551584 409.9
4100 0.418342181722874 410
4101 0.4183992652088123 410.1
4102 0.4184578090415269 410.2
4103 0.4185171841333755 410.3
4104 0.4185767214528815 410.4
4105 0.4186361090560501 410.5
4106 0.418695560036452 410.6
4107 0.4187557259214106 410.7
4108 0.4188170313835938 410.8
4109 0.4188788734887151 410.9
4110 0.4189398316609556 411
4111 0.4190004935481063 411.1
4112 0.4190607256283124 411.2
4113 0.4191212981535907 411.3
4114 0.4191826262074559 411.4
4115 0.4192452593390664 411.5
4116 0.41930980819319 411.6
4117 0.4193749139009821 411.7
4118 0.4194408813633017 411.8
4119 0.4195075783772725 411.9
4120 0.4195741529526444 412
4121 0.4196402854851428 412.1
4122 0.4197054115566263 412.2
4123 0.4197694690721864 412.3
4124 0.4198315570587935 412.4
4125 0.419892974437812 412.5
4126 0.4199509163179168 412.6
4127 0.4200085150402678 412.7
4128 0.4200669691673878 412.8
4129 0.4201260081544892 412.9
4130 0.4201870007847442 413
4131 0.4202445357373611 413.1
4132 0.4203019135977862 413.2
4133 0.4203548886843877 413.3
4134 0.4203999424371614 413.4
4135 0.4204288286712519 413.5
4136 0.4204548106807066 413.6
4137 0.4204850785281939 413.7
4138 0.4205200425714969 413.8
4139 0.4205574433148349 413.9
4140 0.4205941826227018 414
4141 0.420632859593245 414.1
4142 0.4206733405245068 414.2
4143 0.4207154462873381 414.3
4144 0.4207574230185707 414.4
4145 0.420799293581772 414.5
4146 0.4208420761364576 414.6
4147 0.42088559429431 414.7
4148 0.4209288891205413 414.8
4149 0.4209715938908425 414.9
4150 0.4210146820694333 415
4151 0.421057952128271 415.1
4152 0.4211005778620243 415.2
4153 0.4211434188652818 415.3
4154 0.4211867052849513 415.4
4155 0.4212297838012412 415.5
4156 0.4212726145072944 415.6
4157 0.4213160332826367 415.7
4158 0.4213600796596313 415.8
4159 0.4214047973631181 415.9
4160 0.4214502566152337 416
4161 0.4214951858105764 416.1
4162 0.4215404248561202 416.2
4163 0.4215864590723808 416.3
4164 0.4216333176653353 416.4
4165 0.4216810183605267 416.5
4166 0.4217295623934961 416.6
4167 0.4217789252533923 416.7
4168 0.4218289535945988 416.8
4169 0.421879869809664 416.9
4170 0.4219317119504698 417
4171 0.4219845168210686 417.1
4172 0.4220383295333668 417.2
4173 0.4220931095597599 417.3
4174 0.4221483109038802 417.4
4175 0.4222042085328929 417.5
4176 0.4222601907344412 417.6
4177 0.4223147939691226 417.7
4178 0.4223671798810684 417.8
4179 0.4224190823684551 417.9
4180 0.4224704201499461 418
4181 0.4225207756377746 418.1
4182 0.4225700701477362 418.2
4183 0.4226190076607264 418.3
4184 0.4226673287751644 418.4
4185 0.4227141805616109 418.5
4186 0.4227595408560763 418.6
4187 0.4228036281782175 418.7
4188 0.4228473312189611 418.8
4189 0.4228906727395114 418.9
4190 0.4229340517546474 419
4191 0.4229778600684957 419.1
4192 0.4230219648120272 419.2
4193 0.4230666935201084 419.3
4194 0.4231121290214991 419.4
4195 0.4231579208849348 419.5
4196 0.4232047572644706 419.6
4197 0.4232528688417915 419.7
4198 0.423302673225991 419.8
4199 0.4233542365988863 419.9
4200 0.4234075047935851 420
4201 0.4234618877270866 420.1
4202 0.4235166063144344 420.2
4203 0.4235722541979436 420.3
4204 0.4236271869725811 420.4
4205 0.4236812571080276 420.5
4206 0.4237354175146186 420.6
4207 0.4237884259341939 420.7
4208 0.423840606099808 420.8
4209 0.4238925010878489 420.9
4210 0.4239433859076993 421
4211 0.4239941163076398 421.1
4212 0.4240450370454238 421.2
4213 0.4240964488742045 421.3
4214 0.4241483381765572 421.4
4215 0.4242005854829142 421.5
4216 0.4242521508108254 421.6
4217 0.4243038633626676 421.7
4218 0.4243563613184011 421.8
4219 0.4244084873497718 421.9
4220 0.4244607599263535 422
4221 0.4245131175067818 422.1
4222 0.4245645751974847 422.2
4223 0.4246161749326468 422.3
4224 0.4246679018103194 422.4
4225 0.4247195877523363 422.5
4226 0.4247709956484406 422.6
4227 0.424821819070016 422.7
4228 0.4248720525124133 422.8
4229 0.424921945240363 422.9
4230 0.4249717232110277 423
4231 0.4250221067886474 423.1
4232 0.4250729680699048 423.2
4233 0.4251245756890371 423.3
4234 0.4251769188009844 423.4
4235 0.4252300878195248 423.5
4236 0.4252839663551457 423.6
4237 0.4253387070174884 423.7
4238 0.4253935877758624 423.8
4239 0.4254475828852869 423.9
4240 0.4255025480509519 424
4241 0.4255581360561858 424.1
4242 0.4256133698897869 424.2
4243 0.4256677724301119 424.3
4244 0.4257213056804946 424.4
4245 0.4257702631561854 424.5
4246 0.425817562504394 424.6
4247 0.4258651391909227 424.7
4248 0.4259132202265448 424.8
4249 0.4259616280297522 424.9
4250 0.4260106400936025 425
4251 0.4260603953569654 425.1
4252 0.4261109536334441 425.2
4253 0.4261623840910522 425.3
4254 0.4262147649024245 425.4
4255 0.426268178714806 425.5
4256 0.4263226427501609 425.6
4257 0.4263782560824013 425.7
4258 0.4264349977430512 425.8
4259 0.4264931276727698 425.9
4260 0.4265489733119822 426
4261 0.4266045838614862 426.1
4262 0.426661151994246 426.2
4263 0.426717862994226 426.3
4264 0.4267742521376143 426.4
4265 0.4268295509001193 426.5
4266 0.426884971390788 426.6
4267 0.4269404289053724 426.7
4268 0.4269952517039018 426.8
4269 0.4270502781325055 426.9
4270 0.4271057310396433 427
4271 0.4271616664035423 427.1
4272 0.4272156408475293 427.2
4273 0.4272652608076173 427.3
4274 0.4273138633286931 427.4
4275 0.4273620142194145 427.5
4276 0.4274090433119351 427.6
4277 0.4274554626033004 427.7
4278 0.4275017095482293 427.8
4279 0.4275479169044006 427.9
4280 0.4275950631544334 428
4281 0.4276438413582803 428.1
4282 0.4276937147191204 428.2
4283 0.4277395917799909 428.3
4284 0.4277878362026821 428.4
4285 0.4278378693426318 428.5
4286 0.427889364640293 428.6
4287 0.4279421550203366 428.7
4288 0.4279958489341887 428.8
4289 0.4280497205863751 428.9
4290 0.4281020983549228 429
4291 0.4281562329163232 429.1
4292 0.4282063728782378 429.2
4293 0.428258289671131 429.3
4294 0.4283084106330602 429.4
4295 0.4283596821345865 429.5
4296 0.4284086512812955 429.6
4297 0.4284576737200226 429.7
4298 0.4285064296035938 429.8
4299 0.42855645870452 429.9
4300 0.4286039749305808 430
4301 0.4286477263779251 430.1
4302 0.4286920559409128 430.2
4303 0.4287354341993415 430.3
4304 0.4287797634544395 430.4
4305 0.4288242649164852 430.5
4306 0.4288698666826331 430.6
4307 0.4289182106086502 430.7
4308 0.4289685429317048 430.8
4309 0.4290165221363446 430.9
4310 0.4290659414317246 431
4311 0.4291144963902931 431.1
4312 0.4291636849106586 431.2
4313 0.4292123132563875 431.3
4314 0.4292614749351303 431.4
4315 0.4293103361407224 431.5
4316 0.429360208186446 431.6
4317 0.429410058852914 431.7
4318 0.4294562953687784 431.8
4319 0.4295034034428317 431.9
4320 0.4295511015384202 432
4321 0.4295995051614642 432.1
4322 0.4296480604079075 432.2
4323 0.4296966487518238 432.3
4324 0.4297453957795389 432.4
4325 0.4297940215143868 432.5
4326 0.4298420064250429 432.6
4327 0.4298906487804143 432.7
4328 0.4299387203170119 432.8
4329 0.4299836530224728 432.9
4330 0.4300293998232003 433
4331 0.4300756283400148 433.1
4332 0.4301222625109284 433.2
4333 0.4301689516099129 433.3
4334 0.430215666986346 433.4
4335 0.4302624124247751 433.5
4336 0.4303093152911968 433.6
4337 0.4303562251576962 433.7
4338 0.4304028928052128 433.8
4339 0.4304497652559167 433.9
4340 0.4304963686152664 434
4341 0.4305433851933954 434.1
4342 0.4305870839738958 434.2
4343 0.4306304573236239 434.3
4344 0.4306741251201904 434.4
4345 0.4307179872254516 434.5
4346 0.4307619070490676 434.6
4347 0.430805810446406 434.7
4348 0.4308496961895413 434.8
4349 0.4308938701898758 434.9
4350 0.4309381209054733 435
4351 0.430982912482704 435.1
4352 0.4310285663488987 435.2
4353 0.4310753070195661 435.3
4354 0.4311226785053324 435.4
4355 0.4311711643691252 435.5
4356 0.4312193593542512 435.6
4357 0.4312686254990907 435.7
4358 0.4313213521237226 435.8
4359 0.4313723008926477 435.9
4360 0.4314246076646773 436
4361 0.4314779721300994 436.1
4362 0.4315333922452997 436.2
4363 0.4315883059051464 436.3
4364 0.4316423091108967 436.4
4365 0.4316949524434673 436.5
4366 0.4317424764651973 436.6
4367 0.4317844319469312 436.7
4368 0.431824388206791 436.8
4369 0.43186579049996 436.9
4370 0.4319089870107922 437
4371 0.431953885476463 437.1
4372 0.4320004361854341 437.2
4373 0.4320483674791406 437.3
4374 0.4320974445517786 437.4
4375 0.4321465407479214 437.5
4376 0.4321962127108075 437.6
4377 0.4322454795451141 437.7
4378 0.4322934936515381 437.8
4379 0.4323413288548206 437.9
4380 0.4323904108869456 438
4381 0.4324405990606718 438.1
4382 0.4324898480266936 438.2
4383 0.4325397396103308 438.3
4384 0.4325904999824062 438.4
4385 0.4326416835932915 438.5
4386 0.4326926507647943 438.6
4387 0.4327430974685373 438.7
4388 0.4327928629007888 438.8
4389 0.4328419612529426 438.9
4390 0.4328902710777822 439
4391 0.4329374295267352 439.1
4392 0.4329826592891372 439.2
4393 0.4330272712676496 439.3
4394 0.4330718909206145 439.4
4395 0.4331166995364966 439.5
4396 0.4331618883421857 439.6
4397 0.4332074160956248 439.7
4398 0.4332499934019407 439.8
4399 0.4332934157102404 439.9
4400 0.4333375081620007 440
4401 0.4333822114622315 440.1
4402 0.4334278729319872 440.2
4403 0.4334743674267255 440.3
4404 0.4335214366534399 440.4
4405 0.4335691819010581 440.5
4406 0.4336175195171943 440.6
4407 0.4336666196053358 440.7
4408 0.4337161889261997 440.8
4409 0.4337651841104109 440.9
4410 0.4338135885332971 441
4411 0.4338625435627125 441.1
4412 0.4339123992031596 441.2
4413 0.4339633348454864 441.3
4414 0.4340156126067693 441.4
4415 0.4340656501069009 441.5
4416 0.4341170258796482 441.6
4417 0.434169797471951 441.7
4418 0.4342204253040114 441.8
4419 0.4342712989001957 441.9
4420 0.4343217225348539 442
4421 0.4343718469786875 442.1
4422 0.4344218635757827 442.2
4423 0.4344714623281636 442.3
4424 0.434520673673959 442.4
4425 0.4345693659964098 442.5
4426 0.4346180391714933 442.6
4427 0.4346666613983944 442.7
4428 0.43471428970754 442.8
4429 0.4347619614122848 442.9
4430 0.4348103287690657 443
4431 0.434855944587484 443.1
4432 0.4349018087980724 443.2
4433 0.4349486490451681 443.3
4434 0.4349965074865421 443.4
4435 0.4350453023424828 443.5
4436 0.435094760063331 443.6
4437 0.4351447783020532 443.7
4438 0.435195082581512 443.8
4439 0.4352456540721713 443.9
4440 0.4352965306562944 444
4441 0.4353466382183378 444.1
4442 0.4353960966282049 444.2
4443 0.4354459920161191 444.3
4444 0.4354962637302808 444.4
4445 0.4355473781833125 444.5
4446 0.4355982620744815 444.6
4447 0.4356474525898072 444.7
4448 0.4356975776616633 444.8
4449 0.4357476654379917 444.9
4450 0.4357970461388995 445
4451 0.4358456448392843 445.1
4452 0.4358939298178611 445.2
4453 0.4359416842856753 445.3
4454 0.4359888243767472 445.4
4455 0.4360354422710241 445.5
4456 0.43608175702513 445.6
4457 0.4361279700710656 445.7
4458 0.4361743141632412 445.8
4459 0.4362208186531301 445.9
4460 0.4362677970161757 446
4461 0.4363155992048391 446.1
4462 0.4363603359383021 446.2
4463 0.4364053391448797 446.3
4464 0.4364513989638313 446.4
4465 0.4364982330871122 446.5
4466 0.4365455472118128 446.6
4467 0.4365930647205369 446.7
4468 0.436640380970082 446.8
4469 0.4366865258541633 446.9
4470 0.4367324712979255 447
4471 0.4367781362593441 447.1
4472 0.4368240159726293 447.2
4473 0.4368703633450864 447.3
4474 0.4369173576867144 447.4
4475 0.4369650912649818 447.5
4476 0.4370138423991643 447.6
4477 0.4370614121374034 447.7
4478 0.4371068262707714 447.8
4479 0.4371535332554229 447.9
4480 0.4372013045150885 448
4481 0.4372495550233395 448.1
4482 0.4372982532238379 448.2
4483 0.4373472949577101 448.3
4484 0.4373955291143852 448.4
4485 0.4374431896057562 448.5
4486 0.4374909250044053 448.6
4487 0.4375388269352688 448.7
4488 0.4375869192655467 448.8
4489 0.4376349049384239 448.9
4490 0.4376833620658376 449
4491 0.4377319243276324 449.1
4492 0.4377808784529215 449.2
4493 0.4378300788083498 449.3
4494 0.4378775007856774 449.4
4495 0.4379243961197459 449.5
4496 0.4379711849459549 449.6
4497 0.4380188113775157 449.7
4498 0.4380670881388881 449.8
4499 0.43811427991633 449.9
4500 0.4381610781104014 450
4501 0.4382077150999872 450.1
4502 0.4382539392699808 450.2
4503 0.4383000926515896 450.3
4504 0.4383465644610469 450.4
4505 0.4383934654634234 450.5
4506 0.4384409076637487 450.6
4507 0.438488974933458 450.7
4508 0.4385377301392669 450.8
4509 0.4385873154792708 450.9
4510 0.4386378217785262 451
4511 0.4386893385691683 451.1
4512 0.4387419226372665 451.2
4513 0.4387935021813528 451.3
4514 0.4388454054257518 451.4
4515 0.4388981936453701 451.5
4516 0.4389514868089845 451.6
4517 0.4390050442499447 451.7
4518 0.4390587666839127 451.8
4519 0.439109745528226 451.9
4520 0.4391604253065053 452
4521 0.4392110752971013 452.1
4522 0.4392617801992392 452.2
4523 0.4393126283968594 452.3
4524 0.439363704399209 452.4
4525 0.4394151172956053 452.5
4526 0.4394665649437371 452.6
4527 0.439517953498734 452.7
4528 0.4395698610008836 452.8
4529 0.4396219453549895 452.9
4530 0.4396727718508661 453
4531 0.4397241635192314 453.1
4532 0.4397763130402528 453.2
4533 0.4398290266805315 453.3
4534 0.4398823629421328 453.4
4535 0.4399361819296495 453.5
4536 0.439988235876293 453.6
4537 0.4400392407623483 453.7
4538 0.4400903878999012 453.8
4539 0.4401416428524844 453.9
4540 0.4401928697633682 454
4541 0.440240476187149 454.1
4542 0.4402879217978113 454.2
4543 0.4403355064366455 454.3
4544 0.4403830766990205 454.4
4545 0.4404307159202223 454.5
4546 0.4404774849948062 454.6
4547 0.4405235955059285 454.7
4548 0.4405698042061701 454.8
4549 0.4406160389361278 454.9
4550 0.4406622041707718 455
4551 0.4407082911110094 455.1
4552 0.4407542778625729 455.2
4553 0.4407997847345702 455.3
4554 0.4408449969069839 455.4
4555 0.4408894557261549 455.5
4556 0.4409332144725453 455.6
4557 0.4409769767042124 455.7
4558 0.4410212792632663 455.8
4559 0.4410666911615184 455.9
4560 0.4411132648855265 456
4561 0.4411579410441956 456.1
4562 0.4412038218297101 456.2
4563 0.4412509320169396 456.3
4564 0.4412971097294336 456.4
4565 0.4413435248622203 456.5
4566 0.4413907245488549 456.6
4567 0.4414384502793833 456.7
4568 0.4414864892893295 456.8
4569 0.4415346103702498 456.9
4570 0.4415824721045435 457
4571 0.4416298573384482 457.1
4572 0.4416772159662833 457.2
4573 0.4417246525674786 457.3
4574 0.4417722808734533 457.4
4575 0.4418202191564046 457.5
4576 0.4418685576823223 457.6
4577 0.4419173342189453 457.7
4578 0.4419666080846946 457.8
4579 0.4420164457759682 457.9
4580 0.4420665213178241 458
4581 0.4421142559069651 458.1
4582 0.442162237126373 458.2
4583 0.4422106157383148 458.3
4584 0.4422595968358115 458.4
4585 0.4423089721657358 458.5
4586 0.4423595336553093 458.6
4587 0.4424111892435558 458.7
4588 0.442462882871654 458.8
4589 0.4425150418062874 458.9
4590 0.4425672195288725 459
4591 0.4426195209556262 459.1
4592 0.4426708596850976 459.2
4593 0.4427208004881581 459.3
4594 0.442770685496329 459.4
4595 0.44282063703818 459.5
4596 0.4428707446923131 459.6
4597 0.4429211250547584 459.7
4598 0.4429719996029985 459.8
4599 0.4430236930048131 459.9
4600 0.4430765243466693 460
4601 0.4431256446326246 460.1
4602 0.4431741892152889 460.2
4603 0.4432234669465009 460.3
4604 0.4432737531585012 460.4
4605 0.4433247771775344 460.5
4606 0.4433760331458421 460.6
4607 0.443427296106025 460.7
4608 0.4434779968713614 460.8
4609 0.4435278902571831 460.9
4610 0.4435759530545053 461
4611 0.4436222773233678 461.1
4612 0.4436675502065285 461.2
4613 0.4437112025361312 461.3
4614 0.4437530574628084 461.4
4615 0.4437944711962643 461.5
4616 0.4438359833140367 461.6
4617 0.4438782364706391 461.7
4618 0.4439213250331125 461.8
4619 0.4439659446959412 461.9
4620 0.4440123927573251 462
4621 0.4440600700545118 462.1
4622 0.4441077465195122 462.2
4623 0.4441573436147381 462.3
4624 0.4442082400386346 462.4
4625 0.4442603505781803 462.5
4626 0.4443133292685792 462.6
4627 0.4443656369654213 462.7
4628 0.444417570261678 462.8
4629 0.4444697220349775 462.9
4630 0.4445218556194375 463
4631 0.4445737679434497 463.1
4632 0.4446252973439834 463.2
4633 0.4446762681887447 463.3
4634 0.4447267556611034 463.4
4635 0.4447767879514977 463.5
4636 0.4448265796505371 463.6
4637 0.4448764802722577 463.7
4638 0.4449272808954022 463.8
4639 0.4449790359161962 463.9
4640 0.4450310586102662 464
4641 0.4450838830280551 464.1
4642 0.4451373734233773 464.2
4643 0.4451891076934932 464.3
4644 0.4452384362862148 464.4
4645 0.4452884931028321 464.5
4646 0.4453379414788757 464.6
4647 0.4453876756291286 464.7
4648 0.4454379367312675 464.8
4649 0.4454885899997477 464.9
4650 0.445539634225401 465
4651 0.445591059868259 465.1
4652 0.4456428400150495 465.2
4653 0.4456948721582863 465.3
4654 0.445747121481333 465.4
4655 0.4457994217197581 465.5
4656 0.4458501918092423 465.6
4657 0.4458998132119429 465.7
4658 0.4459475791577163 465.8
4659 0.4459948454860545 465.9
4660 0.4460422661075437 466
4661 0.446090094797056 466.1
4662 0.4461375718210404 466.2
4663 0.4461848672770291 466.3
4664 0.4462305702778907 466.4
4665 0.446277374392652 466.5
4666 0.4463256012970531 466.6
4667 0.446374704843459 466.7
4668 0.4464234966975767 466.8
4669 0.4464731374227029 466.9
4670 0.4465232014587336 467
4671 0.4465728515824952 467.1
4672 0.4466212256064615 467.2
4673 0.4466675383968416 467.3
4674 0.4467133604992585 467.4
4675 0.4467586855191115 467.5
4676 0.446803656779614 467.6
4677 0.4468484088651414 467.7
4678 0.4468932083607824 467.8
4679 0.4469381002397961 467.9
4680 0.4469830975475153 468
4681 0.4470288521454621 468.1
4682 0.4470754488625337 468.2
4683 0.4471227776349913 468.3
4684 0.4471708799411398 468.4
4685 0.4472195395709288 468.5
4686 0.4472685319224848 468.6
4687 0.4473162197424977 468.7
4688 0.4473605461184448 468.8
4689 0.4474053902381511 468.9
4690 0.4474508609941976 469
4691 0.4474971140713498 469.1
4692 0.4475443670628084 469.2
4693 0.4475928589867173 469.3
4694 0.4476427099845828 469.4
4695 0.4476939179180319 469.5
4696 0.4477423756494568 469.6
4697 0.4477913971472172 469.7
4698 0.4478409643445042 469.8
4699 0.4478906529077843 469.9
4700 0.4479399761097349 470
4701 0.4479885413846386 470.1
4702 0.4480354355756028 470.2
4703 0.4480804726959657 470.3
4704 0.4481249197554709 470.4
4705 0.4481689202473992 470.5
4706 0.4482127382205388 470.6
4707 0.4482566697229015 470.7
4708 0.4483010686075894 470.8
4709 0.4483461605389288 470.9
4710 0.4483894080883704 471
4711 0.4484335413358001 471.1
4712 0.4484791538094474 471.2
4713 0.4485263410727481 471.3
4714 0.4485753125109126 471.4
4715 0.4486261821482286 471.5
4716 0.4486785907537418 471.6
4717 0.4487323248052267 471.7
4718 0.4487876124809496 471.8
4719 0.4488435404978978 471.9
4720 0.4488973193344733 472
4721 0.4489515672106082 472.1
4722 0.4490049968559607 472.2
4723 0.449058431949611 472.3
4724 0.449107747297485 472.4
4725 0.4491569685253193 472.5
4726 0.4492062705494768 472.6
4727 0.4492553385832967 472.7
4728 0.4493021894230158 472.8
4729 0.4493474540485468 472.9
4730 0.4493925284525065 473
4731 0.4494378021437252 473.1
4732 0.4494822816108231 473.2
4733 0.4495239194368844 473.3
4734 0.4495669322344273 473.4
4735 0.4496109774546976 473.5
4736 0.4496563972935856 473.6
4737 0.449703403302979 473.7
4738 0.4497513122933174 473.8
4739 0.4498005282518292 473.9
4740 0.4498511510121586 474
4741 0.4499021938832379 474.1
4742 0.449952403641954 474.2
4743 0.4500009021607215 474.3
4744 0.4500488986251763 474.4
4745 0.4500971754133018 474.5
4746 0.4501451948838207 474.6
4747 0.4501932245982169 474.7
4748 0.450241241967945 474.8
4749 0.450288978233103 474.9
4750 0.4503364359584238 475
4751 0.4503836685023063 475.1
4752 0.4504309523776074 475.2
4753 0.450478307116419 475.3
4754 0.4505256786098447 475.4
4755 0.4505718973716375 475.5
4756 0.4506180977773471 475.6
4757 0.4506631568287393 475.7
4758 0.450709010049087 475.8
4759 0.4507557457211388 475.9
4760 0.4508032774340303 476
4761 0.4508518737654611 476.1
4762 0.4509016154649225 476.2
4763 0.4509524006636305 476.3
4764 0.4510039848939097 476.4
4765 0.4510555262111254 476.5
4766 0.4511069790273531 476.6
4767 0.4511583645047405 476.7
4768 0.4512089485276882 476.8
4769 0.45125734175856 476.9
4770 0.4513039997743403 477
4771 0.4513500714634357 477.1
4772 0.4513954159354084 477.2
4773 0.4514400466410166 477.3
4774 0.4514837073749117 477.4
4775 0.4515265631478471 477.5
4776 0.4515689877079583 477.6
4777 0.4516110886997489 477.7
4778 0.4516526558127946 477.8
4779 0.4516937671740091 477.9
4780 0.4517350773385588 478
4781 0.4517767594141211 478.1
4782 0.4518178212508233 478.2
4783 0.4518587258354583 478.3
4784 0.4519004196686534 478.4
4785 0.4519430075895154 478.5
4786 0.4519865006549358 478.6
4787 0.4520310196969376 478.7
4788 0.4520765765539917 478.8
4789 0.4521230533727364 478.9
4790 0.4521702980277498 479
4791 0.4522182440386639 479.1
4792 0.4522669127468195 479.2
4793 0.4523162738716231 479.3
4794 0.4523663007694789 479.4
4795 0.4524170007393304 479.5
4796 0.4524682084526331 479.6
4797 0.4525198362674464 479.7
4798 0.4525718289934946 479.8
4799 0.4526240566432819 479.9
4800 0.4526762386895224 480
4801 0.4527275562374776 480.1
4802 0.4527775051108511 480.2
4803 0.4528272328116852 480.3
4804 0.4528768059594624 480.4
4805 0.4529261700408972 480.5
4806 0.4529754783571976 480.6
4807 0.4530248896638996 480.7
4808 0.4530744971245185 480.8
4809 0.4531243262668005 480.9
4810 0.4531736655381208 481
4811 0.4532210912584556 481.1
4812 0.4532674294034991 481.2
4813 0.4533131164098058 481.3
4814 0.4533591957860448 481.4
4815 0.4534057168881871 481.5
4816 0.4534525399919213 481.6
4817 0.4534995448815019 481.7
4818 0.4535466805884085 481.8
4819 0.4535939112550536 481.9
4820 0.4536412438893805 482
4821 0.4536887441191971 482.1
4822 0.4537364943252107 482.2
4823 0.4537846021064342 482.3
4824 0.4538331633749811 482.4
4825 0.4538821309679043 482.5
4826 0.4539315091559194 482.6
4827 0.4539806829504432 482.7
4828 0.4540282406941348 482.8
4829 0.4540758306543094 482.9
4830 0.4541232923647791 483
4831 0.4541698778491846 483.1
4832 0.4542166499986904 483.2
4833 0.4542635948121799 483.3
4834 0.454310739791743 483.4
4835 0.4543580317451427 483.5
4836 0.4544053079732175 483.6
4837 0.454451919701324 483.7
4838 0.4544973659871546 483.8
4839 0.454543558540043 483.9
4840 0.4545906142290022 484
4841 0.4546386505301408 484.1
4842 0.4546871492153016 484.2
4843 0.4547349664067729 484.3
4844 0.4547834361494634 484.4
4845 0.4548322992084866 484.5
4846 0.4548798185893001 484.6
4847 0.4549273492514713 484.7
4848 0.454974660849712 484.8
4849 0.4550216798441793 484.9
4850 0.4550683976935229 485
4851 0.4551148351312627 485.1
4852 0.4551610689264096 485.2
4853 0.455207135597166 485.3
4854 0.4552533794538918 485.4
4855 0.4552999736385202 485.5
4856 0.4553470341082966 485.6
4857 0.4553944726658168 485.7
4858 0.4554423380064906 485.8
4859 0.4554907754638814 485.9
4860 0.4555395943941806 486
4861 0.4555878271117061 486.1
4862 0.4556339585060862 486.2
4863 0.4556802914186591 486.3
4864 0.4557273851215833 486.4
4865 0.455775201445212 486.5
4866 0.4558237081706586 486.6
4867 0.4558728534264551 486.7
4868 0.4559225337489599 486.8
4869 0.4559726429126844 486.9
4870 0.4560230650733573 487
4871 0.4560727510795834 487.1
4872 0.4561215988463099 487.2
4873 0.4561691091366777 487.3
4874 0.4562165739000724 487.4
4875 0.4562640540888533 487.5
4876 0.4563115740128812 487.6
4877 0.4563593126027604 487.7
4878 0.4564074857767216 487.8
4879 0.4564541799317261 487.9
4880 0.4565005506696967 488
4881 0.4565470535922446 488.1
4882 0.4565936159866817 488.2
4883 0.4566402671199519 488.3
4884 0.456687062763101 488.4
4885 0.4567337096268468 488.5
4886 0.4567787622524102 488.6
4887 0.4568219463627408 488.7
4888 0.4568650939395328 488.8
4889 0.4569084061613144 488.9
4890 0.4569519139675413 489
4891 0.4569956582603323 489.1
4892 0.4570396767048731 489.2
4893 0.4570839728392361 489.3
4894 0.4571285057685589 489.4
4895 0.4571733135108603 489.5
4896 0.4572184615004655 489.6
4897 0.4572639962801979 489.7
4898 0.4573099624633064 489.8
4899 0.4573563874481176 489.9
4900 0.4574021224098838 490
4901 0.4574479915396047 490.1
4902 0.4574949019796015 490.2
4903 0.4575425226347755 490.3
4904 0.4575907494992153 490.4
4905 0.4576388358481189 490.5
4906 0.4576861152593236 490.6
4907 0.4577342275056899 490.7
4908 0.4577824027346697 490.8
4909 0.4578316409976141 490.9
4910 0.4578819951464576 491
4911 0.4579326783476417 491.1
4912 0.457984075447293 491.2
4913 0.4580342129872755 491.3
4914 0.4580836857486965 491.4
4915 0.4581342318082933 491.5
4916 0.4581855093992039 491.6
4917 0.458237246854524 491.7
4918 0.4582895583105249 491.8
4919 0.4583426906323553 491.9
4920 0.4583965624556103 492
4921 0.458450942186289 492.1
4922 0.4585053696007795 492.2
4923 0.4585586069747576 492.3
4924 0.4586110420510485 492.4
4925 0.4586627263129044 492.5
4926 0.4587134564083243 492.6
4927 0.4587632856094752 492.7
4928 0.4588124673432109 492.8
4929 0.4588609614824043 492.9
4930 0.4589091811718636 493
4931 0.4589572907656295 493.1
4932 0.4590054426066795 493.2
4933 0.4590538506654498 493.3
4934 0.4591026225426422 493.4
4935 0.4591517566422738 493.5
4936 0.4592003645208471 493.6
4937 0.4592490866317108 493.7
4938 0.4592976051960276 493.8
4939 0.459344918924569 493.9
4940 0.4593912098273516 494
4941 0.4594357375687739 494.1
4942 0.4594804049337567 494.2
4943 0.4595243604658901 494.3
4944 0.4595681064121194 494.4
4945 0.4596120914272467 494.5
4946 0.4596554829368955 494.6
4947 0.459699399349875 494.7
4948 0.4597438808236523 494.8
4949 0.4597888617520425 494.9
4950 0.4598343094007668 495
4951 0.4598795578362813 495.1
4952 0.4599249552679506 495.2
4953 0.4599704245231902 495.3
4954 0.4600159714071236 495.4
4955 0.4600616843806665 495.5
4956 0.4601076105997269 495.6
4957 0.4601535879972161 495.7
4958 0.4601998604136509 495.8
4959 0.4602464956116175 495.9
4960 0.4602934689396193 496
4961 0.4603407769591444 496.1
4962 0.4603884238562556 496.2
4963 0.4604343421013395 496.3
4964 0.460477856495543 496.4
4965 0.460520719255511 496.5
4966 0.4605639506897263 496.6
4967 0.4606074509489334 496.7
4968 0.4606511303879174 496.8
4969 0.4606951162590221 496.9
4970 0.4607393847713162 497
4971 0.4607841808455837 497.1
4972 0.460829589406631 497.2
4973 0.4608756670441442 497.3
4974 0.4609222905892068 497.4
4975 0.4609697633470768 497.5
4976 0.4610180209804036 497.6
4977 0.4610672565187458 497.7
4978 0.4611176726006053 497.8
4979 0.4611693940564913 497.9
4980 0.4612217525038795 498
4981 0.4612740656654014 498.1
4982 0.4613274895055461 498.2
4983 0.4613818861283737 498.3
4984 0.4614370190486479 498.4
4985 0.4614909821570899 498.5
4986 0.4615447681070524 498.6
4987 0.4615986004856451 498.7
4988 0.4616520602318737 498.8
4989 0.4617010087095701 498.9
4990 0.4617479986696452 499
4991 0.4617945798921261 499.1
4992 0.4618408079873631 499.2
4993 0.4618867505387836 499.3
4994 0.4619315592574393 499.4
4995 0.4619755249256608 499.5
4996 0.4620186389416917 499.6
4997 0.4620618532916218 499.7
4998 0.4621055164921386 499.8
4999 0.4621497173491931 499.9
5000 0.4621944715818485 500
5001 0.4622396471476038 500.1
5002 0.4622855311855168 500.2
5003 0.4623321393008757 500.3
5004 0.4623795295718168 500.4
5005 0.4624280904269157 500.5
5006 0.4624775530389512 500.6
5007 0.4625279976224216 500.7
5008 0.4625790846935521 500.8
5009 0.4626311250341131 500.9
5010 0.4626831368836858 501
5011 0.4627343525851209 501.1
5012 0.4627862228142832 501.2
5013 0.4628385522882013 501.3
5014 0.4628894863053766 501.4
5015 0.4629394537572762 501.5
5016 0.4629885832511402 501.6
5017 0.4630369932577742 501.7
5018 0.4630846759930248 501.8
5019 0.4631315076065707 501.9
5020 0.4631790100248216 502
5021 0.463226794476169 502.1
5022 0.4632747719251283 502.2
5023 0.4633219425367213 502.3
5024 0.4633693868099975 502.4
5025 0.4634168660087951 502.5
5026 0.4634643349447999 502.6
5027 0.4635113968891135 502.7
5028 0.4635579625609469 502.8
5029 0.4636043300293202 502.9
5030 0.4636505663349433 503
5031 0.4636967503480532 503.1
5032 0.4637429538395593 503.2
5033 0.4637890567055569 503.3
5034 0.4638352303492032 503.4
5035 0.4638810226147076 503.5
5036 0.463926603147614 503.6
5037 0.4639722718481072 503.7
5038 0.4640179580921145 503.8
5039 0.4640635955966422 503.9
5040 0.4641092555850023 504
5041 0.4641530303122657 504.1
5042 0.464196088859257 504.2
5043 0.464239052872888 504.3
5044 0.4642825325388547 504.4
5045 0.4643266786453012 504.5
5046 0.4643716311775644 504.6
5047 0.464417491709775 504.7
5048 0.464464316174235 504.8
5049 0.4645120595010621 504.9
5050 0.4645605392322699 505
5051 0.4646095858136978 505.1
5052 0.4646575580614619 505.2
5053 0.4647052151349121 505.3
5054 0.464752678881362 505.4
5055 0.4647999684407809 505.5
5056 0.464847043666394 505.6
5057 0.4648944657823053 505.7
5058 0.4649426525460805 505.8
5059 0.4649913726590809 505.9
5060 0.4650409515813267 506
5061 0.4650913152729658 506.1
5062 0.4651427519664114 506.2
5063 0.4651925973968516 506.3
5064 0.4652420009015527 506.4
5065 0.4652915037271383 506.5
5066 0.4653393117412555 506.6
5067 0.4653874952906015 506.7
5068 0.4654351182982295 506.8
5069 0.4654817634033012 506.9
5070 0.4655268852254237 507
5071 0.4655704676508623 507.1
5072 0.4656134312369331 507.2
5073 0.4656557222265719 507.3
5074 0.4656982201440014 507.4
5075 0.4657405483181055 507.5
5076 0.4657841271118188 507.6
5077 0.4658285510003516 507.7
5078 0.4658746779508443 507.8
5079 0.465921443520853 507.9
5080 0.4659670942472764 508
5081 0.4660110252700875 508.1
5082 0.4660539548726442 508.2
5083 0.4660972635197629 508.3
5084 0.4661413758008388 508.4
5085 0.466186163713194 508.5
5086 0.4662315238251803 508.6
5087 0.4662773601123716 508.7
5088 0.4663235681010133 508.8
5089 0.4663696806812141 508.9
5090 0.466415759697384 509
5091 0.4664617613929044 509.1
5092 0.4665076389545024 509.2
5093 0.466552591077507 509.3
5094 0.4665973256481383 509.4
5095 0.4666419851818695 509.5
5096 0.466686737035407 509.6
5097 0.4667297888180693 509.7
5098 0.4667727447590644 509.8
5099 0.4668162151829462 509.9
5100 0.4668592523754155 510
5101 0.4669012547710149 510.1
5102 0.466944954085517 510.2
5103 0.4669888534831183 510.3
5104 0.4670336374581996 510.4
5105 0.4670792778938682 510.5
5106 0.4671260355003279 510.6
5107 0.467173837599871 510.7
5108 0.4672219323835972 510.8
5109 0.4672716066520022 510.9
5110 0.4673227545160027 511
5111 0.4673751085384852 511.1
5112 0.4674283314290872 511.2
5113 0.4674824869306264 511.3
5114 0.4675363344441911 511.4
5115 0.467588988034563 511.5
5116 0.4676396871586469 511.6
5117 0.4676899393453551 511.7
5118 0.4677397952307385 511.8
5119 0.4677890213836974 511.9
5120 0.4678367045548537 512
5121 0.4678840505443497 512.1
5122 0.4679309153923465 512.2
5123 0.4679764759907351 512.3000000000001
5124 0.4680219319978555 512.4
5125 0.468067356148005 512.5
5126 0.4681124478009175 512.6
5127 0.4681574879272964 512.7
5128 0.4682026124065594 512.8000000000001
5129 0.468247857299435 512.9
5130 0.4682932716799928 513
5131 0.4683390343541433 513.1
5132 0.4683852378506775 513.2
5133 0.4684318260717346 513.3000000000001
5134 0.4684781411997097 513.4
5135 0.4685250504416748 513.5
5136 0.4685708039656524 513.6
5137 0.468617325678131 513.7
5138 0.4686646093311811 513.8000000000001
5139 0.468712640191403 513.9
5140 0.4687615285692544 514
5141 0.4688112758098779 514.1
5142 0.4688598856514833 514.2
5143 0.4689081576798841 514.3000000000001
5144 0.4689561740872594 514.4
5145 0.4690048418290879 514.5
5146 0.469054054242548 514.6
5147 0.4691034587657666 514.7
5148 0.4691511532077079 514.8000000000001
5149 0.4691976999777241 514.9
5150 0.4692440755697979 515
5151 0.4692894769435844 515.1
5152 0.4693336927658379 515.2
5153 0.4693774724400775 515.3000000000001
5154 0.4694204335481461 515.4
5155 0.4694627441831183 515.5
5156 0.4695046053138628 515.6
5157 0.4695461062023468 515.7
5158 0.4695873306301745 515.8000000000001
5159 0.4696283922907666 515.9
5160 0.4696694080038547 516
5161 0.4697104773075046 516.1
5162 0.4697516760026675 516.2
5163 0.469792818440516 516.3000000000001
5164 0.4698341679627215 516.4
5165 0.4698758732196902 516.5
5166 0.4699178874267673 516.6
5167 0.4699603583127774 516.7
5168 0.4700024630295057 516.8000000000001
5169 0.470043878388557 516.9
5170 0.4700858803534679 517
5171 0.4701287728946654 517.1
5172 0.4701726163933971 517.2
5173 0.4702173016178354 517.3000000000001
5174 0.4702630246434827 517.4
5175 0.4703097223365581 517.5
5176 0.4703573878213969 517.6
5177 0.470406007540454 517.7
5178 0.4704554586659713 517.8000000000001
5179 0.4705054792352649 517.9
5180 0.4705558180771238 518
5181 0.470606297163954 518.1
5182 0.4706566515791946 518.2
5183 0.4707060437524953 518.3000000000001
5184 0.470755353954292 518.4
5185 0.470803240855641 518.5
5186 0.4708511945060378 518.6
5187 0.4708991488280237 518.7
5188 0.4709470603458966 518.8000000000001
5189 0.470994988059414 518.9
5190 0.4710424888456914 519
5191 0.4710892387062204 519.1
5192 0.4711359763568258 519.2
5193 0.4711826434386541 519.3000000000001
5194 0.4712294422319813 519.4
5195 0.4712764928195448 519.5
5196 0.4713236516183753 519.6
5197 0.4713696924846889 519.7
5198 0.4714163773744055 519.8000000000001
5199 0.4714639346533079 519.9
5200 0.4715114601836083 520
5201 0.4715588883184562 520.1
5202 0.4716070886079643 520.2
5203 0.4716559946968115 520.3000000000001
5204 0.4717036941305067 520.4
5205 0.4717514335544758 520.5
5206 0.4717992765595955 520.6
5207 0.4718473346962001 520.7
5208 0.4718954553006701 520.8000000000001
5209 0.4719434978022736 520.9
5210 0.4719912902909915 521
5211 0.4720387691686876 521.1
5212 0.4720860233328974 521.2
5213 0.4721331367078731 521.3000000000001
5214 0.4721801177545881 521.4
5215 0.4722271020143715 521.5
5216 0.4722739267735305 521.6
5217 0.4723207548110072 521.7
5218 0.4723675348710542 521.8000000000001
5219 0.4724127669271243 521.9
5220 0.4724573757671021 522
5221 0.4725019269986796 522.1
5222 0.472545894693461 522.2
5223 0.4725901293670896 522.3000000000001
5224 0.4726346209988567 522.4
5225 0.4726792584457105 522.5
5226 0.4727241183361395 522.6
5227 0.472769392005794 522.7
5228 0.472814673677233 522.8000000000001
5229 0.4728595467758567 522.9
5230 0.4729047195773251 523
5231 0.4729502939017433 523.1
5232 0.4729963317402844 523.2
5233 0.4730409425960217 523.3000000000001
5234 0.4730861660754861 523.4
5235 0.4731318544135635 523.5
5236 0.4731777513409307 523.6
5237 0.473224015070038 523.7
5238 0.4732702490903697 523.8000000000001
5239 0.473315438331495 523.9
5240 0.4733605570731659 524
5241 0.4734055737797033 524.1
5242 0.4734504665221095 524.2
5243 0.4734951975470799 524.3000000000001
5244 0.4735397852404352 524.4
5245 0.4735842967153592 524.5
5246 0.473628815537981 524.6
5247 0.4736733459168775 524.7
5248 0.4737180029451461 524.8000000000001
5249 0.473762849166073 524.9
5250 0.4738079774977773 525
5251 0.4738534462804823 525.1
5252 0.4738994586170792 525.2
5253 0.4739460560811892 525.3000000000001
5254 0.473993256127482 525.4
5255 0.4740410915783481 525.5
5256 0.4740895488886455 525.6
5257 0.4741385227878351 525.7
5258 0.4741879300003071 525.8000000000001
5259 0.474237866999254 525.9
5260 0.474287502105901 526
5261 0.4743373092152436 526.1
5262 0.4743872314662751 526.2
5263 0.4744372247771035 526.3000000000001
5264 0.4744874704029323 526.4
5265 0.4745382448325955 526.5
5266 0.4745890337022289 526.6
5267 0.474640471770344 526.7
5268 0.4746927553955508 526.8000000000001
5269 0.4747455444598715 526.9
5270 0.4747953107573914 527
5271 0.4748452157089272 527.1
5272 0.4748959450057052 527.2
5273 0.4749473324375386 527.3000000000001
5274 0.4749991469134648 527.4
5275 0.47505109777296 527.5
5276 0.4751019814554317 527.6
5277 0.4751521321045333 527.7
5278 0.4752016160608256 527.8000000000001
5279 0.4752495611579799 527.9
5280 0.4752963876660334 528
5281 0.4753425388967077 528.1
5282 0.4753880679904442 528.2
5283 0.4754330676961968 528.3000000000001
5284 0.4754776297010399 528.4
5285 0.4755219831722849 528.5
5286 0.4755662822399663 528.6
5287 0.4756106372032469 528.7
5288 0.4756549860895298 528.8000000000001
5289 0.475699517998186 528.9
5290 0.4757435163555628 529
5291 0.4757867032366535 529.1
5292 0.4758301381104644 529.2
5293 0.4758738583328147 529.3000000000001
5294 0.4759177346247024 529.4
5295 0.4759610145340598 529.5
5296 0.4760044943415306 529.6
5297 0.4760457393524842 529.7
5298 0.4760873643155534 529.8000000000001
5299 0.4761294036028696 529.9
5300 0.4761719280703695 530
5301 0.4762149710487201 530.1
5302 0.4762585449773606 530.2
5303 0.4763026655770827 530.3000000000001
5304 0.4763473389127229 530.4
5305 0.4763925530845028 530.5
5306 0.4764382435226671 530.6
5307 0.4764844068287006 530.7
5308 0.4765309898959464 530.8000000000001
5309 0.4765779388802387 530.9
5310 0.4766252071235219 531
5311 0.4766723176055442 531.1
5312 0.4767186011954357 531.2
5313 0.4767652369602647 531.3000000000001
5314 0.4768121713424999 531.4
5315 0.4768593387675897 531.5
5316 0.4769065679313743 531.6
5317 0.4769538215991989 531.7
5318 0.4770012248473415 531.8000000000001
5319 0.4770481439920651 531.9
5320 0.4770943226873553 532
5321 0.4771407728362188 532.1
5322 0.4771876157580708 532.2
5323 0.477234235294981 532.3000000000001
5324 0.4772797359969553 532.4
5325 0.4773249737996605 532.5
5326 0.4773703352248106 532.6
5327 0.4774166843209395 532.7
5328 0.4774640056599679 532.8000000000001
5329 0.477512230715569 532.9
5330 0.47756123161166 533
5331 0.4776107532361829 533.1
5332 0.4776606966462286 533.2
5333 0.4777107161778011 533.3000000000001
5334 0.4777599376475727 533.4
5335 0.4778088196122895 533.5
5336 0.4778575459105384 533.6
5337 0.4779062896151279 533.7
5338 0.477955045500135 533.8000000000001
5339 0.4780038381932837 533.9
5340 0.478052292672298 534
5341 0.4780997738691615 534.1
5342 0.4781468108684215 534.2
5343 0.4781941382037652 534.3000000000001
5344 0.4782417997221787 534.4
5345 0.4782898065722382 534.5
5346 0.4783380828630571 534.6
5347 0.4783865823345009 534.7
5348 0.4784350730923556 534.8000000000001
5349 0.4784835864819345 534.9
5350 0.478532137096952 535
5351 0.4785806206885508 535.1
5352 0.4786290206684022 535.2
5353 0.4786749498891117 535.3000000000001
5354 0.4787196247455608 535.4
5355 0.4787634219135343 535.5
5356 0.4788073458549115 535.6
5357 0.478851345171588 535.7
5358 0.4788955644555681 535.8000000000001
5359 0.4789400605806047 535.9
5360 0.4789850305605918 536
5361 0.4790302594596326 536.1
5362 0.4790760827979985 536.2
5363 0.4791224631132492 536.3000000000001
5364 0.4791691999741891 536.4
5365 0.4792162843780042 536.5
5366 0.4792638394798566 536.6
5367 0.4793117489396368 536.7
5368 0.4793599200496574 536.8000000000001
5369 0.4794070902402689 536.9
5370 0.4794545020970318 537
5371 0.479502124816614 537.1
5372 0.4795493771164949 537.2
5373 0.4795957058497505 537.3000000000001
5374 0.4796423959368242 537.4
5375 0.4796893213563313 537.5
5376 0.4797364676604755 537.6
5377 0.4797839058302011 537.7
5378 0.4798315066819463 537.8000000000001
5379 0.4798790604864948 537.9
5380 0.4799268745676836 538
5381 0.4799749878417496 538.1
5382 0.4800233779498346 538.2
5383 0.4800719542086274 538.3000000000001
5384 0.4801189733461381 538.4
5385 0.4801657324044499 538.5
5386 0.4802120570365551 538.6
5387 0.4802564844951355 538.7
5388 0.4802995114459276 538.8000000000001
5389 0.4803419740643267 538.9
5390 0.4803841080640217 539
5391 0.480425901597318 539.1
5392 0.4804677798425049 539.2
5393 0.4805098269849716 539.3000000000001
5394 0.4805521734763053 539.4
5395 0.480594903223778 539.5
5396 0.4806379895486672 539.6
5397 0.4806815772478431 539.7
5398 0.4807256398082229 539.8000000000001
5399 0.4807700956085675 539.9
5400 0.4808149943544821 540
5401 0.4808598711572006 540.1
5402 0.4809038560854809 540.2
5403 0.4809479810796877 540.3000000000001
5404 0.4809922572186288 540.4
5405 0.4810367752719525 540.5
5406 0.4810816254583469 540.6
5407 0.481126899187965 540.7
5408 0.4811726178894137 540.8000000000001
5409 0.4812188635328895 540.9
5410 0.4812657103514195 541
5411 0.481313226916017 541.1
5412 0.4813614495550984 541.2
5413 0.4814103646953252 541.3000000000001
5414 0.481459926926227 541.4
5415 0.481510121829785 541.5
5416 0.4815608392300986 541.6
5417 0.4816119184957729 541.7
5418 0.4816631606425556 541.8000000000001
5419 0.4817143892383363 541.9
5420 0.4817655724169181 542
5421 0.4818167027433657 542.1
5422 0.4818675322037204 542.2
5423 0.4819173896953787 542.3000000000001
5424 0.4819662254001685 542.4
5425 0.482013299181372 542.5
5426 0.4820599365363175 542.6
5427 0.4821049233568066 542.7
5428 0.4821493972520181 542.8000000000001
5429 0.4821937133393327 542.9
5430 0.4822378464094426 543
5431 0.4822818949324557 543.1
5432 0.4823259389708492 543.2
5433 0.4823698736283347 543.3000000000001
5434 0.4824136469249571 543.4
5435 0.4824574891049294 543.5
5436 0.4825015103802325 543.6
5437 0.4825457169065545 543.7
5438 0.4825903527144467 543.8000000000001
5439 0.4826355434583349 543.9
5440 0.4826807870788428 544
5441 0.4827251370645998 544.1
5442 0.4827703478182613 544.2
5443 0.4828150036113025 544.3000000000001
5444 0.4828600998970256 544.4
5445 0.4829058937643655 544.5
5446 0.4829525577950536 544.6
5447 0.4830001101941604 544.7
5448 0.483048571344569 544.8000000000001
5449 0.4830979307672247 544.9
5450 0.483148454613929 545
5451 0.4832003435195241 545.1
5452 0.483251542869341 545.2
5453 0.4833031408187646 545.3000000000001
5454 0.4833551158881321 545.4
5455 0.4834066144376742 545.5
5456 0.4834565172996346 545.6
5457 0.4835058479462043 545.7
5458 0.4835550742824032 545.8000000000001
5459 0.4836032796555591 545.9
5460 0.4836513228654423 546
5461 0.4836992519031072 546.1
5462 0.4837471951671131 546.2
5463 0.4837942309738005 546.3000000000001
5464 0.4838409835882512 546.4
5465 0.4838878033979636 546.5
5466 0.483934522899083 546.6
5467 0.4839811268593315 546.7
5468 0.4840262200943555 546.8000000000001
5469 0.4840702394316344 546.9
5470 0.4841139729538359 547
5471 0.4841572152802134 547.1
5472 0.484200560539853 547.2
5473 0.4842442380851001 547.3000000000001
5474 0.4842883099638199 547.4
5475 0.484332884491697 547.5
5476 0.4843780892296143 547.6
5477 0.484423991272046 547.7
5478 0.4844706194265661 547.8000000000001
5479 0.4845178620372668 547.9
5480 0.4845634739656361 548
5481 0.4846097285056473 548.1
5482 0.4846545233741628 548.2
5483 0.4846983938019251 548.3000000000001
5484 0.4847424303134615 548.4
5485 0.4847865224869102 548.5
5486 0.4848306536368788 548.6
5487 0.4848747461782681 548.7
5488 0.4849188692645042 548.8000000000001
5489 0.4849625998508034 548.9
5490 0.4850065737398491 549
5491 0.4850507218462052 549.1
5492 0.4850949569977229 549.2
5493 0.4851393313132481 549.3000000000001
5494 0.4851832395986515 549.4
5495 0.4852265465125677 549.5
5496 0.4852702249956247 549.6
5497 0.4853143755198451 549.7
5498 0.4853581078107266 549.8000000000001
5499 0.4854018648048997 549.9
5500 0.4854461392721668 550
5501 0.4854905393539085 550.1
5502 0.4855353886212565 550.2
5503 0.485580506405184 550.3000000000001
5504 0.4856257938078367 550.4
5505 0.4856711256973516 550.5
5506 0.4857164494850528 550.6
5507 0.4857617527583612 550.7
5508 0.4858068441235381 550.8000000000001
5509 0.4858513349911316 550.9
5510 0.4858921898155351 551
5511 0.4859334774873281 551.1
5512 0.4859753758442813 551.2
5513 0.4860180006504951 551.3000000000001
5514 0.4860615581112887 551.4
5515 0.4861062143934889 551.5
5516 0.4861519889162379 551.6
5517 0.4861982504597599 551.7
5518 0.4862453135555024 551.8000000000001
5519 0.4862938424939185 551.9
5520 0.4863437125776446 552
5521 0.4863946561695183 552.1
5522 0.4864463548088092 552.2
5523 0.4864983417426988 552.3000000000001
5524 0.4865500680917291 552.4
5525 0.4866010527542801 552.5
5526 0.4866510002815109 552.6
5527 0.4866997801255713 552.7
5528 0.4867466174108301 552.8000000000001
5529 0.4867924708778418 552.9
5530 0.4868377099252179 553
5531 0.4868826331427603 553.1
5532 0.4869274446872943 553.2
5533 0.4869721948578409 553.3000000000001
5534 0.4870165787765118 553.4
5535 0.4870603629845731 553.5
5536 0.487103989844771 553.6
5537 0.4871468640192873 553.7
5538 0.4871901002632348 553.8000000000001
5539 0.4872333467173227 553.9
5540 0.4872768917953815 554
5541 0.4873201000200459 554.1
5542 0.4873635741734599 554.2
5543 0.4874073339533148 554.3000000000001
5544 0.487451287192017 554.4
5545 0.4874952719474518 554.5
5546 0.4875388809570359 554.6
5547 0.4875816634973467 554.7
5548 0.4876223262031237 554.8000000000001
5549 0.4876627872929946 554.9
5550 0.4877037151228753 555
5551 0.4877455161989671 555.1
5552 0.4877882657869559 555.2
5553 0.4878319449488355 555.3000000000001
5554 0.4878760515225492 555.4
5555 0.4879200510936018 555.5
5556 0.4879649638656072 555.6
5557 0.4880107282981326 555.7
5558 0.4880572624272785 555.8000000000001
5559 0.4881043586416015 555.9
5560 0.4881518587639911 556
5561 0.4881995863413573 556.1
5562 0.4882472731438656 556.2
5563 0.4882948095992915 556.3000000000001
5564 0.488342138230597 556.4
5565 0.4883891178109184 556.5
5566 0.488435316107439 556.6
5567 0.4884816163101914 556.7
5568 0.488527988651263 556.8000000000001
5569 0.488574417996673 556.9
5570 0.4886207171664227 557
5571 0.4886657629827409 557.1
5572 0.488711170063362 557.2
5573 0.4887567410788989 557.3000000000001
5574 0.4888023046041053 557.4
5575 0.4888480678177363 557.5
5576 0.488894327852543 557.6
5577 0.4889410416452426 557.7
5578 0.4889878299879379 557.8000000000001
5579 0.4890346622729546 557.9
5580 0.4890805030508632 558
5581 0.4891245694029963 558.1
5582 0.4891674158497086 558.2
5583 0.4892104425175045 558.3000000000001
5584 0.4892536089577784 558.4
5585 0.4892969722634567 558.5
5586 0.4893406032768831 558.6
5587 0.489384523569072 558.7
5588 0.4894281004895674 558.8000000000001
5589 0.4894701266706878 558.9
5590 0.4895122605995914 559
5591 0.4895545274952837 559.1
5592 0.4895975445844025 559.2
5593 0.4896413142689627 559.3000000000001
5594 0.4896857763925508 559.4
5595 0.4897308470519364 559.5
5596 0.4897757433265632 559.6
5597 0.4898205907045532 559.7
5598 0.4898659083927664 559.8000000000001
5599 0.4899116300085554 559.9
5600 0.4899576258040119 560
5601 0.4900040043621373 560.1
5602 0.4900508362638014 560.2
5603 0.490098103091723 560.3000000000001
5604 0.4901458994784288 560.4
5605 0.4901942850608441 560.5
5606 0.490243331700827 560.6
5607 0.4902930929781298 560.7
5608 0.4903419027139678 560.8000000000001
5609 0.4903902816100489 560.9
5610 0.4904377816212291 561
5611 0.4904857281190871 561.1
5612 0.4905342135432186 561.2
5613 0.4905831316419912 561.3000000000001
5614 0.4906321872157307 561.4
5615 0.4906795611400701 561.5
5616 0.4907272288786229 561.6
5617 0.4907753454243205 561.7
5618 0.4908238676652832 561.8000000000001
5619 0.4908725989065969 561.9
5620 0.4909211897141815 562
5621 0.4909694282866625 562.1
5622 0.4910173458565097 562.2
5623 0.4910640607239818 562.3000000000001
5624 0.4911105605629591 562.4
5625 0.4911570567442405 562.5
5626 0.4912035721623756 562.6
5627 0.4912493105908778 562.7
5628 0.4912927707800105 562.8000000000001
5629 0.4913360762690973 562.9
5630 0.4913794451643155 563
5631 0.4914229553539823 563.1
5632 0.4914666848583391 563.2
5633 0.4915106651954382 563.3000000000001
5634 0.4915546562647596 563.4
5635 0.4915979280927653 563.5
5636 0.49163868395115 563.6
5637 0.4916798241379668 563.7
5638 0.4917213480169427 563.8000000000001
5639 0.4917631619970603 563.9
5640 0.4918052318708143 564
5641 0.4918473240791288 564.1
5642 0.4918894203459112 564.2
5643 0.4919316429274172 564.3000000000001
5644 0.4919731175894028 564.4
5645 0.4920150645233151 564.5
5646 0.4920575433357567 564.6
5647 0.4921005143241248 564.7
5648 0.4921439735183825 564.8000000000001
5649 0.4921875751439999 564.9
5650 0.4922315475006447 565
5651 0.492273843740585 565.1
5652 0.492316297578299 565.2
5653 0.4923587237188326 565.3000000000001
5654 0.4924014006910544 565.4
5655 0.4924443830631197 565.5
5656 0.492487377140135 565.6
5657 0.4925306348558935 565.7
5658 0.4925742971468844 565.8000000000001
5659 0.4926185223940276 565.9
5660 0.4926633174098393 566
5661 0.4927087206979444 566.1
5662 0.4927547094461224 566.2
5663 0.4928011183896648 566.3000000000001
5664 0.4928479634675734 566.4
5665 0.4928951860523712 566.5
5666 0.492942543118323 566.6
5667 0.4929897465004149 566.7
5668 0.4930362334757492 566.8000000000001
5669 0.493080418968431 566.9
5670 0.493124323342664 567
5671 0.4931676354702335 567.1
5672 0.4932106834847695 567.2
5673 0.4932537148674488 567.3000000000001
5674 0.493296850454713 567.4
5675 0.4933401816358828 567.5
5676 0.4933835466953215 567.6
5677 0.4934264212206189 567.7
5678 0.4934697861632024 567.8000000000001
5679 0.4935137848180435 567.9
5680 0.4935583522283399 568
5681 0.4936033195477221 568.1
5682 0.493648820808176 568.2
5683 0.4936946190665693 568.3000000000001
5684 0.4937404491304327 568.4
5685 0.4937863550404528 568.5
5686 0.4938318682150437 568.6
5687 0.493877676456119 568.7
5688 0.4939238011345805 568.8000000000001
5689 0.4939703280405141 568.9
5690 0.4940173491773552 569
5691 0.4940643188870922 569.1
5692 0.4941107354856789 569.2
5693 0.49415758233989 569.3000000000001
5694 0.4942047777764901 569.4
5695 0.4942511067461468 569.5
5696 0.4942974970051933 569.6
5697 0.4943440375174169 569.7
5698 0.4943906176975384 569.8000000000001
5699 0.4944373275293997 569.9
5700 0.4944836745413341 570
5701 0.4945297482184098 570.1
5702 0.4945760124733066 570.2
5703 0.4946224961816103 570.3000000000001
5704 0.4946692371390581 570.4
5705 0.494716249375899 570.5
5706 0.4947635101499391 570.6
5707 0.4948109559174252 570.7
5708 0.4948582734488765 570.8000000000001
5709 0.4949055597209783 570.9
5710 0.4949528371195143 571
5711 0.4950000689232859 571.1
5712 0.4950471880340254 571.2
5713 0.4950941978044721 571.3000000000001
5714 0.4951397633360323 571.4
5715 0.4951850810392263 571.5
5716 0.4952304659190261 571.6
5717 0.4952746788174149 571.7
5718 0.4953189736636846 571.8000000000001
5719 0.4953636312371711 571.9
5720 0.4954077776786233 572
5721 0.4954519614672432 572.1
5722 0.4954966399529975 572.2
5723 0.4955417964470404 572.3000000000001
5724 0.4955873865726502 572.4
5725 0.4956332053397472 572.5
5726 0.4956786356380526 572.6
5727 0.4957244195820752 572.7
5728 0.4957705426659327 572.8000000000001
5729 0.4958169974721952 572.9
5730 0.4958637655496435 573
5731 0.4959108403466888 573.1
5732 0.495958219081351 573.2
5733 0.4960059090812718 573.3000000000001
5734 0.4960538667017114 573.4
5735 0.4961019781090207 573.5
5736 0.4961494153663227 573.6
5737 0.496194414318364 573.7
5738 0.4962393956050455 573.8000000000001
5739 0.4962843708086817 573.9
5740 0.4963292609307344 574
5741 0.4963731243666221 574.1
5742 0.4964163619810918 574.2
5743 0.4964596702656611 574.3000000000001
5744 0.4965026219412702 574.4
5745 0.4965455981134465 574.5
5746 0.4965887358348429 574.6
5747 0.4966320111209421 574.7
5748 0.4966753856069831 574.8000000000001
5749 0.4967188026391512 574.9
5750 0.496762183708932 575
5751 0.4968054330466778 575.1
5752 0.4968483802247221 575.2
5753 0.4968909236116289 575.3000000000001
5754 0.4969332075156089 575.4
5755 0.4969751311730535 575.5
5756 0.4970167506112093 575.6
5757 0.4970581510656645 575.7
5758 0.4970991196505207 575.8000000000001
5759 0.4971395112322813 575.9
5760 0.4971791271159471 576
5761 0.4972188272793813 576.1
5762 0.4972585110838923 576.2
5763 0.4972983743688791 576.3000000000001
5764 0.497338506189442 576.4
5765 0.4973779242914111 576.5
5766 0.4974162707051527 576.6
5767 0.497455032618125 576.7
5768 0.4974942342476648 576.8000000000001
5769 0.4975339125041381 576.9
5770 0.4975741109914248 577
5771 0.4976148021369898 577.1
5772 0.4976557667746248 577.2
5773 0.4976971766464339 577.3000000000001
5774 0.4977389202522376 577.4
5775 0.4977808199439445 577.5
5776 0.4978228222373406 577.6
5777 0.4978649968022354 577.7
5778 0.4979072892450411 577.8000000000001
5779 0.4979496513206995 577.9
5780 0.4979922152346071 578
5781 0.4980350218761128 578.1
5782 0.4980780904766735 578.2
5783 0.4981207936256195 578.3000000000001
5784 0.4981638405772492 578.4
5785 0.4982076030947412 578.5
5786 0.4982521595631039 578.6
5787 0.4982975479878853 578.7
5788 0.4983438159396993 578.8000000000001
5789 0.4983909961472622 578.9
5790 0.4984390967759623 579
5791 0.4984880885818772 579.1
5792 0.4985378981843068 579.2
5793 0.4985884001360591 579.3000000000001
5794 0.4986378914130544 579.4
5795 0.4986868280085119 579.5
5796 0.4987345109437191 579.6
5797 0.4987820326563661 579.7
5798 0.4988284241981311 579.8000000000001
5799 0.4988742593025063 579.9
5800 0.4989197793217213 580
5801 0.4989649382001191 580.1
5802 0.4990097355263373 580.2
5803 0.4990540138146153 580.3000000000001
5804 0.4990980874076758 580.4
5805 0.4991420212834873 580.5
5806 0.4991858543175119 580.6
5807 0.499229596615261 580.7
5808 0.4992732798855535 580.8000000000001
5809 0.4993169693484318 580.9
5810 0.4993606960780616 581
5811 0.4994045105174588 581.1
5812 0.4994484618569887 581.2
5813 0.4994926134580115 581.3000000000001
5814 0.4995370060401909 581.4
5815 0.4995812706104309 581.5
5816 0.4996249690405429 581.6
5817 0.4996692434494511 581.7
5818 0.4997139865582912 581.8000000000001
5819 0.4997585320438518 581.9
5820 0.4998008349045212 582
5821 0.4998424563538619 582.1
5822 0.4998845563673029 582.2
5823 0.4999271010097157 582.3000000000001
5824 0.4999701300987918 582.4
5825 0.5000129973895241 582.5
5826 0.5000545279818722 582.6
5827 0.500096538264424 582.7
5828 0.5001390586485222 582.8000000000001
5829 0.5001820820093491 582.9
5830 0.5002248535130572 583
5831 0.5002678520817658 583.1
5832 0.5003113202147942 583.2
5833 0.5003550679435472 583.3000000000001
5834 0.5003991517353302 583.4
5835 0.5004435488339128 583.5
5836 0.5004881791358901 583.6
5837 0.5005328046699814 583.7
5838 0.5005763055163701 583.8000000000001
5839 0.5006197787796299 583.9
5840 0.5006632270084402 584
5841 0.500706632617103 584.1
5842 0.5007499919861286 584.2
5843 0.5007933617468288 584.3000000000001
5844 0.5008366832510488 584.4
5845 0.5008799822452464 584.5
5846 0.5009224894399141 584.6
5847 0.50096460661356 584.7
5848 0.5010068423406884 584.8000000000001
5849 0.5010492448394748 584.9
5850 0.5010919158385756 585
5851 0.5011348804240956 585.1
5852 0.501176567354418 585.2
5853 0.5012180554491417 585.3000000000001
5854 0.5012598745545466 585.4
5855 0.5013020417840602 585.5
5856 0.5013445790886604 585.6
5857 0.5013875121811485 585.7
5858 0.5014308636046386 585.8000000000001
5859 0.5014746331209712 585.9
5860 0.5015188456527169 586
5861 0.5015635128372944 586.1
5862 0.5016086369756328 586.2
5863 0.5016541151315028 586.3000000000001
5864 0.5016998758403047 586.4
5865 0.5017458368817853 586.5
5866 0.5017919750858076 586.6
5867 0.5018377127022565 586.7
5868 0.501882791065649 586.8000000000001
5869 0.5019251542447632 586.9
5870 0.5019672191150207 587
5871 0.5020093341684817 587.1
5872 0.5020514519284434 587.2
5873 0.5020935284212427 587.3000000000001
5874 0.5021355665134792 587.4
5875 0.5021775810589122 587.5
5876 0.5022195901290045 587.6
5877 0.5022616582577687 587.7
5878 0.502303844605051 587.8000000000001
5879 0.5023461700853598 587.9
5880 0.5023886661563099 588
5881 0.5024313277665639 588.1
5882 0.5024741288648323 588.2
5883 0.5025170421994506 588.3000000000001
5884 0.5025596387858686 588.4
5885 0.5026017655064516 588.5
5886 0.5026439674795059 588.6
5887 0.5026864057491114 588.7
5888 0.5027290854129297 588.8000000000001
5889 0.5027720142150561 588.9
5890 0.5028152004562921 589
5891 0.5028586418389102 589.1
5892 0.5029023262684633 589.2
5893 0.5029462383622453 589.3000000000001
5894 0.502990062256644 589.4
5895 0.5030319014199232 589.5
5896 0.5030741268457108 589.6
5897 0.5031162988001737 589.7
5898 0.5031582935841438 589.8000000000001
5899 0.5032007874897291 589.9
5900 0.5032436349689382 590
5901 0.5032851512961496 590.1
5902 0.5033271840085954 590.2
5903 0.5033697428527639 590.3000000000001
5904 0.5034128184220484 590.4
5905 0.5034564207692289 590.5
5906 0.5035005566109355 590.6
5907 0.5035452343505742 590.7
5908 0.5035904707071086 590.8000000000001
5909 0.5036362828722598 590.9
5910 0.5036826688121976 591
5911 0.5037295440006569 591.1
5912 0.5037770188182805 591.2
5913 0.5038250346342904 591.3000000000001
5914 0.5038735734601514 591.4
5915 0.5039224876717951 591.5
5916 0.5039715869389264 591.6
5917 0.5040195890686855 591.7
5918 0.5040644527137758 591.8000000000001
5919 0.5041080814572589 591.9
5920 0.5041516872618472 592
5921 0.5041953657725925 592.1
5922 0.5042391815823355 592.2
5923 0.504280980834011 592.3000000000001
5924 0.5043226629033859 592.4
5925 0.5043644758651075 592.5
5926 0.5044065310848621 592.6
5927 0.5044482576408532 592.7
5928 0.5044893781308709 592.8000000000001
5929 0.5045309386000936 592.9
5930 0.504572756525132 593
5931 0.5046149598979778 593.1
5932 0.5046576288345261 593.2
5933 0.5047007204766693 593.3000000000001
5934 0.504744222792268 593.4
5935 0.5047880858732908 593.5
5936 0.5048322479773033 593.6
5937 0.5048755589814095 593.7
5938 0.5049189057626832 593.8000000000001
5939 0.5049626523711308 593.9
5940 0.5050068323975928 594
5941 0.5050514420129081 594.1
5942 0.5050963664794751 594.2
5943 0.5051414929061008 594.3000000000001
5944 0.5051866019517418 594.4
5945 0.5052304300368339 594.5
5946 0.5052744042671496 594.6
5947 0.5053184678534691 594.7
5948 0.505361629320201 594.8000000000001
5949 0.5054048093056167 594.9
5950 0.5054481034825951 595
5951 0.5054910311391131 595.1
5952 0.5055322710876398 595.2
5953 0.5055736951159494 595.3000000000001
5954 0.5056140710240834 595.4
5955 0.5056544921358421 595.5
5956 0.5056953646549445 595.6
5957 0.5057367264475906 595.7
5958 0.5057783131950299 595.8000000000001
5959 0.5058201510039482 595.9
5960 0.5058624535143132 596
5961 0.5059051714187182 596.1
5962 0.5059482550626933 596.2
5963 0.5059911215269803 596.3000000000001
5964 0.5060337031598607 596.4
5965 0.5060767413592997 596.5
5966 0.5061202084709638 596.6
5967 0.5061640486924608 596.7
5968 0.5062082583249025 596.8000000000001
5969 0.5062527962456493 596.9
5970 0.5062976695398316 597
5971 0.5063428659645651 597.1
5972 0.5063871570502813 597.2
5973 0.5064313831990934 597.3000000000001
5974 0.5064757949371089 597.4
5975 0.506520356557203 597.5
5976 0.5065649974339309 597.6
5977 0.5066096876667806 597.7
5978 0.5066543461555789 597.8000000000001
5979 0.5066988419118594 597.9
5980 0.5067413616211865 598
5981 0.5067837097920171 598.1
5982 0.5068257850448216 598.2
5983 0.506866656877376 598.3000000000001
5984 0.5069072888471176 598.4
5985 0.5069476962130692 598.5
5986 0.5069874582403335 598.6
5987 0.5070271332109407 598.7
5988 0.5070669192553939 598.8000000000001
5989 0.5071069350241573 598.9
5990 0.5071473082328809 599
5991 0.5071881521129452 599.1
5992 0.5072295592598349 599.2
5993 0.5072715995066627 599.3000000000001
5994 0.5073143266450335 599.4
5995 0.5073577764937807 599.5
5996 0.5074017103242101 599.6
5997 0.5074459778707323 599.7
5998 0.5074910292533241 599.8000000000001
5999 0.5075367620989802 599.9
6000 0.5075830397776864 600
6001 0.5076297028767232 600.1
6002 0.5076765905249836 600.2
6003 0.5077236201588685 600.3000000000001
6004 0.5077706860799748 600.4
6005 0.5078171243037503 600.5
6006 0.5078632309577337 600.6
6007 0.5079092211783843 600.7
6008 0.5079551396536209 600.8000000000001
6009 0.5080004014365378 600.9
6010 0.5080438867069845 601
6011 0.5080873562989769 601.1
6012 0.5081309252188475 601.2
6013 0.508174693246231 601.3000000000001
6014 0.5082184204576586 601.4
6015 0.5082624126188446 601.5
6016 0.5083067019175793 601.6
6017 0.5083512646488143 601.7
6018 0.5083961821079431 601.8000000000001
6019 0.5084414806451626 601.9
6020 0.5084871251260739 602
6021 0.5085326990280878 602.1
6022 0.5085782650633082 602.2
6023 0.5086240064078874 602.3000000000001
6024 0.5086699941258832 602.4
6025 0.5087158426955664 602.5
6026 0.5087604306734952 602.6
6027 0.5088035782065498 602.7
6028 0.5088468132201109 602.8000000000001
6029 0.508890206027539 602.9
6030 0.5089337551172053 603
6031 0.5089774200982782 603.1
6032 0.5090210893339918 603.2
6033 0.5090647696896737 603.3000000000001
6034 0.5091084497222516 603.4
6035 0.5091519661829003 603.5
6036 0.5091953964712174 603.6
6037 0.5092388933451337 603.7
6038 0.5092825189332173 603.8000000000001
6039 0.5093263542841552 603.9
6040 0.5093704535657495 604
6041 0.5094136577257941 604.1
6042 0.5094556372556969 604.2
6043 0.5094982622358968 604.3000000000001
6044 0.5095416213230612 604.4
6045 0.5095844114506262 604.5
6046 0.5096276026740144 604.6
6047 0.5096713467040783 604.7
6048 0.5097143969174245 604.8000000000001
6049 0.5097574289921788 604.9
6050 0.5098009956417426 605
6051 0.5098450439750153 605.1
6052 0.5098895476661499 605.2
6053 0.5099345013710906 605.3000000000001
6054 0.5099775661184294 605.4
6055 0.5100210009033119 605.5
6056 0.5100649009995065 605.6
6057 0.5101091566096484 605.7
6058 0.5101537843163411 605.8000000000001
6059 0.5101985768450795 605.9
6060 0.5102434466840463 606
6061 0.5102883017902762 606.1
6062 0.5103330045177109 606.2
6063 0.5103775803466188 606.3000000000001
6064 0.5104220052167445 606.4
6065 0.5104662392178314 606.5
6066 0.5105099604082558 606.6
6067 0.5105531992470806 606.7
6068 0.5105964448767569 606.8000000000001
6069 0.510639724207282 606.9
6070 0.5106831085391581 607
6071 0.5107259364272528 607.1
6072 0.5107685867741197 607.2
6073 0.5108116165355067 607.3000000000001
6074 0.5108551635675733 607.4
6075 0.5108993803370374 607.5
6076 0.5109443160016525 607.6
6077 0.5109889607220347 607.7
6078 0.5110337705787219 607.8000000000001
6079 0.5110790853878117 607.9
6080 0.511124468410396 608
6081 0.5111704808364024 608.1
6082 0.5112169881560858 608.2
6083 0.5112629550995827 608.3000000000001
6084 0.5113066120662058 608.4
6085 0.5113492697451465 608.5
6086 0.5113919861069097 608.6
6087 0.5114346111493344 608.7
6088 0.5114767500410641 608.8000000000001
6089 0.5115177652803391 608.9
6090 0.5115579799160976 609
6091 0.5115979069786021 609.1
6092 0.5116374893490324 609.2
6093 0.511676153668655 609.3000000000001
6094 0.5117150209336015 609.4
6095 0.5117541957834442 609.5
6096 0.5117938576038812 609.6
6097 0.5118341369189999 609.7
6098 0.51187513929512 609.8000000000001
6099 0.5119169593746913 609.9
6100 0.5119595631122382 610
6101 0.5120031568433454 610.1
6102 0.5120472887871148 610.2
6103 0.5120905036784266 610.3000000000001
6104 0.5121345617184335 610.4
6105 0.5121795004310057 610.5
6106 0.5122251036442257 610.6
6107 0.5122711191193851 610.7
6108 0.5123173168206517 610.8000000000001
6109 0.5123638877506197 610.9
6110 0.5124107479661913 611
6111 0.512457998744812 611.1
6112 0.5125045612073875 611.2
6113 0.51255070373607 611.3000000000001
6114 0.5125968004528252 611.4
6115 0.5126427649298625 611.5
6116 0.5126871558885771 611.6
6117 0.5127313739347089 611.7
6118 0.5127753120366176 611.8000000000001
6119 0.5128181117043104 611.9
6120 0.5128600954835215 612
6121 0.5129019234885227 612.1
6122 0.5129431493124352 612.2
6123 0.5129842037559253 612.3000000000001
6124 0.5130255542461438 612.4
6125 0.5130674435447643 612.5
6126 0.5131099111155617 612.6
6127 0.5131521738800218 612.7
6128 0.5131951927302915 612.8000000000001
6129 0.5132389983116213 612.9
6130 0.5132835218792942 613
6131 0.5133285880805859 613.1
6132 0.5133742990653567 613.2
6133 0.5134206572456972 613.3000000000001
6134 0.5134675219436552 613.4
6135 0.5135147344072958 613.5
6136 0.5135623696968445 613.6
6137 0.513610146132958 613.7
6138 0.5136579203825236 613.8000000000001
6139 0.513705570558836 613.9
6140 0.5137515306228536 614
6141 0.5137958888490325 614.1
6142 0.5138401025683367 614.2
6143 0.5138840249977997 614.3000000000001
6144 0.5139276612538538 614.4000000000001
6145 0.5139709668494817 614.5
6146 0.5140136071050093 614.6
6147 0.5140550769114469 614.7
6148 0.5140962517651309 614.8000000000001
6149 0.5141371166196826 614.9000000000001
6150 0.5141777088892241 615
6151 0.514218026861152 615.1
6152 0.5142580899772926 615.2
6153 0.5142983978468375 615.3000000000001
6154 0.5143390327501497 615.4000000000001
6155 0.5143800975679916 615.5
6156 0.5144217081956377 615.6
6157 0.5144638598634543 615.7
6158 0.5145065131555804 615.8000000000001
6159 0.51454965121145 615.9000000000001
6160 0.5145930535882711 616
6161 0.5146350928482679 616.1
6162 0.5146769258890753 616.2
6163 0.5147191459931317 616.3000000000001
6164 0.514761645423037 616.4000000000001
6165 0.5148044345073901 616.5
6166 0.5148474301091814 616.6
6167 0.5148903053258899 616.7
6168 0.5149317598421158 616.8000000000001
6169 0.5149733296270698 616.9000000000001
6170 0.5150153985814772 617
6171 0.5150576230566285 617.1
6172 0.5151003267873737 617.2
6173 0.5151435210571856 617.3000000000001
6174 0.5151870800585933 617.4000000000001
6175 0.5152308161982455 617.5
6176 0.5152745046066441 617.6
6177 0.5153179254320589 617.7
6178 0.5153609976264961 617.8000000000001
6179 0.515403430077041 617.9000000000001
6180 0.5154450256189388 618
6181 0.5154858393233371 618.1
6182 0.5155262321340828 618.2
6183 0.5155667638606368 618.3000000000001
6184 0.5156075527304036 618.4000000000001
6185 0.5156487230364538 618.5
6186 0.5156903722556174 618.6
6187 0.5157325637785449 618.7
6188 0.5157752886276117 618.8000000000001
6189 0.5158184401058784 618.9000000000001
6190 0.5158620232411054 619
6191 0.5159061467330183 619.1
6192 0.5159508623505038 619.2
6193 0.5159961778407633 619.3000000000001
6194 0.5160420529707708 619.4000000000001
6195 0.5160880576426201 619.5
6196 0.516132926739398 619.6
6197 0.5161780045031628 619.7
6198 0.5162221819653889 619.8000000000001
6199 0.5162662657017089 619.9000000000001
6200 0.516310642841502 620
6201 0.5163553815407284 620.1
6202 0.5164005641638361 620.2
6203 0.5164462992302541 620.3000000000001
6204 0.5164916618191079 620.4000000000001
6205 0.5165372755258747 620.5
6206 0.5165836147632844 620.6
6207 0.5166305185740445 620.7
6208 0.5166780138180193 620.8000000000001
6209 0.5167259681084391 620.9000000000001
6210 0.5167742422389848 621
6211 0.5168226252951247 621.1
6212 0.516870953573114 621.2
6213 0.5169184524727211 621.3000000000001
6214 0.5169639247373133 621.4000000000001
6215 0.5170087846178948 621.5
6216 0.5170532148049235 621.6
6217 0.517096167622078 621.7
6218 0.517138773415324 621.8000000000001
6219 0.5171814446938484 621.9000000000001
6220 0.5172241613695103 622
6221 0.5172669170057519 622.1
6222 0.517309705424108 622.2
6223 0.5173524876157805 622.3000000000001
6224 0.5173952624044207 622.4000000000001
6225 0.5174381205724327 622.5
6226 0.5174794154901416 622.6
6227 0.5175203522138977 622.7
6228 0.5175613396973328 622.8000000000001
6229 0.517602364288723 622.9000000000001
6230 0.517643414687058 623
6231 0.5176845107329113 623.1
6232 0.5177256845454005 623.2
6233 0.5177669500909017 623.3000000000001
6234 0.5178083133672658 623.4000000000001
6235 0.5178497624236299 623.5
6236 0.5178912718313105 623.6
6237 0.5179328250047781 623.7
6238 0.5179744792303662 623.8000000000001
6239 0.518016327249546 623.9000000000001
6240 0.5180583345600851 624
6241 0.5180998744996973 624.1
6242 0.5181418413666389 624.2
6243 0.5181843063645962 624.3000000000001
6244 0.5182270218958387 624.4000000000001
6245 0.5182702246802663 624.5
6246 0.518313901538668 624.6
6247 0.5183562365689489 624.7
6248 0.5183992351014881 624.8000000000001
6249 0.5184428750550079 624.9000000000001
6250 0.5184869573330982 625
6251 0.5185313474919867 625.1
6252 0.5185759305546527 625.2
6253 0.5186205808497336 625.3000000000001
6254 0.5186647811102298 625.4000000000001
6255 0.5187088145667528 625.5
6256 0.5187516841478501 625.6
6257 0.518794391539617 625.7
6258 0.5188371276452185 625.8000000000001
6259 0.5188798819165761 625.9000000000001
6260 0.5189221973645176 626
6261 0.5189629795550023 626.1
6262 0.5190037450768979 626.2
6263 0.5190446227059614 626.3000000000001
6264 0.5190856850358114 626.4000000000001
6265 0.5191269250511857 626.5
6266 0.5191683651746019 626.6
6267 0.5192100366777056 626.7
6268 0.5192518142931355 626.8000000000001
6269 0.5192938078312178 626.9000000000001
6270 0.5193361572698771 627
6271 0.5193789019223385 627.1
6272 0.5194217163312049 627.2
6273 0.5194636067906891 627.3000000000001
6274 0.5195058883828002 627.4000000000001
6275 0.5195485209333115 627.5
6276 0.5195914771517086 627.6
6277 0.5196347170376822 627.7
6278 0.5196781715913956 627.8000000000001
6279 0.5197213775027766 627.9000000000001
6280 0.519764020740265 628
6281 0.5198069331900439 628.1
6282 0.5198498943671935 628.2
6283 0.5198927676006497 628.3000000000001
6284 0.5199358296129182 628.4000000000001
6285 0.5199785769825516 628.5
6286 0.5200210359125728 628.6
6287 0.520063894122576 628.7
6288 0.5201063575809129 628.8000000000001
6289 0.5201485936813808 628.9000000000001
6290 0.5201911088101234 629
6291 0.5202338761777318 629.1
6292 0.5202768758460861 629.2
6293 0.5203200782759287 629.3000000000001
6294 0.5203633268196736 629.4000000000001
6295 0.5204065609225186 629.5
6296 0.5204494342133056 629.6
6297 0.520492371410736 629.7
6298 0.5205355194818045 629.8000000000001
6299 0.5205789571462499 629.9000000000001
6300 0.5206225164505287 630
6301 0.5206653780158499 630.1
6302 0.5207084651218424 630.2
6303 0.520751972119452 630.3000000000001
6304 0.5207959840558589 630.4000000000001
6305 0.520840280113211 630.5
6306 0.5208851033414054 630.6
6307 0.5209298798251022 630.7
6308 0.5209733906421035 630.8000000000001
6309 0.5210169246333959 630.9000000000001
6310 0.521060674110395 631
6311 0.5211043573446731 631.1
6312 0.5211480337461285 631.2
6313 0.5211910581103149 631.3000000000001
6314 0.5212327712202456 631.4000000000001
6315 0.5212742782434099 631.5
6316 0.5213155526494867 631.6
6317 0.5213563634912349 631.7
6318 0.5213969794997022 631.8000000000001
6319 0.5214375188108283 631.9000000000001
6320 0.5214780496117041 632
6321 0.521518646446882 632.1
6322 0.5215591927852403 632.2
6323 0.5215999499718414 632.3000000000001
6324 0.5216409380794303 632.4000000000001
6325 0.5216823452145634 632.5
6326 0.5217242755338571 632.6
6327 0.5217667786935216 632.7
6328 0.5218098905119006 632.8000000000001
6329 0.5218536709637968 632.9000000000001
6330 0.5218981584510881 633
6331 0.5219433883758752 633.1
6332 0.5219893878913441 633.2
6333 0.5220360852977375 633.3000000000001
6334 0.5220835279712065 633.4000000000001
6335 0.5221301507710311 633.5
6336 0.5221765909186218 633.6
6337 0.5222233345500761 633.7
6338 0.5222708048622058 633.8000000000001
6339 0.5223175123152217 633.9000000000001
6340 0.5223631825072862 634
6341 0.5224092216560294 634.1
6342 0.5224553960881155 634.2
6343 0.5225018210829016 634.3000000000001
6344 0.5225483091220114 634.4000000000001
6345 0.5225948025037187 634.5
6346 0.5226411718967212 634.6
6347 0.5226862165614525 634.7
6348 0.5227309363916801 634.8000000000001
6349 0.5227752329766561 634.9000000000001
6350 0.5228190587396389 635
6351 0.5228624076003082 635.1
6352 0.5229052766503189 635.2
6353 0.5229477580981954 635.3000000000001
6354 0.5229898656216043 635.4000000000001
6355 0.5230316548474232 635.5
6356 0.5230731629791159 635.6
6357 0.5231145530167772 635.7
6358 0.5231558808679161 635.8000000000001
6359 0.5231971609732385 635.9000000000001
6360 0.5232384520979347 636
6361 0.5232800272075157 636.1
6362 0.5233219176734606 636.2
6363 0.5233640820610533 636.3000000000001
6364 0.5234065961709317 636.4000000000001
6365 0.5234494543534133 636.5
6366 0.5234926523909049 636.6
6367 0.5235361884878315 636.7
6368 0.5235800610304078 636.8000000000001
6369 0.5236242908776111 636.9000000000001
6370 0.5236688719749447 637
6371 0.5237137270298604 637.1
6372 0.5237587748142764 637.2
6373 0.5238039483946154 637.3000000000001
6374 0.5238492006604974 637.4000000000001
6375 0.5238945996050294 637.5
6376 0.5239401035882515 637.6
6377 0.5239846617278312 637.7
6378 0.5240292734064905 637.8000000000001
6379 0.5240728428377481 637.9000000000001
6380 0.5241146112955637 638
6381 0.5241566143972783 638.1
6382 0.5241979478168254 638.2
6383 0.5242377722849446 638.3000000000001
6384 0.5242777640493008 638.4000000000001
6385 0.5243176245640386 638.5
6386 0.5243580109040757 638.6
6387 0.5243988591607365 638.7
6388 0.5244394043478638 638.8000000000001
6389 0.5244788801900907 638.9000000000001
6390 0.5245187139882554 639
6391 0.5245588688534197 639.1
6392 0.5245993304515997 639.2
6393 0.5246400927481516 639.3000000000001
6394 0.5246811204181583 639.4000000000001
6395 0.5247224328015448 639.5
6396 0.5247639953411237 639.6
6397 0.5248058004258882 639.7
6398 0.5248478752424273 639.8000000000001
6399 0.524890200540159 639.9000000000001
6400 0.5249327280160285 640
6401 0.5249754137258695 640.1
6402 0.5250182035259189 640.2
6403 0.5250611029153618 640.3000000000001
6404 0.5251041421418612 640.4000000000001
6405 0.5251473001003629 640.5
6406 0.5251905866302924 640.6
6407 0.5252340223626543 640.7
6408 0.5252770321484874 640.8000000000001
6409 0.5253202985181394 640.9000000000001
6410 0.5253637555972562 641
6411 0.5254064698359854 641.1
6412 0.525446783793176 641.2
6413 0.5254872483776816 641.3000000000001
6414 0.5255271882105029 641.4000000000001
6415 0.5255676458013671 641.5
6416 0.5256087345310958 641.6
6417 0.5256503727965192 641.7
6418 0.5256925810820217 641.8000000000001
6419 0.5257354016267428 641.9000000000001
6420 0.5257788892615384 642
6421 0.5258230648571951 642.1
6422 0.5258679120248902 642.2
6423 0.5259134112397024 642.3000000000001
6424 0.5259595087149566 642.4000000000001
6425 0.5260053476912768 642.5
6426 0.5260506851709865 642.6
6427 0.5260964798175718 642.7
6428 0.5261426787821952 642.8000000000001
6429 0.526188890521369 642.9000000000001
6430 0.5262350945189115 643
6431 0.5262815986296403 643.1
6432 0.5263282288889826 643.2
6433 0.5263748390981767 643.3000000000001
6434 0.5264212595030783 643.4000000000001
6435 0.5264664123950699 643.5
6436 0.5265115072473892 643.6
6437 0.5265564707562538 643.7
6438 0.5266012540663758 643.8000000000001
6439 0.5266458466462622 643.9000000000001
6440 0.5266903525682833 644
6441 0.526734894908832 644.1
6442 0.5267795523900231 644.2
6443 0.5268244156559595 644.3000000000001
6444 0.5268695930960619 644.4000000000001
6445 0.5269143211273588 644.5
6446 0.5269579952609058 644.6
6447 0.5270020962977777 644.7
6448 0.5270466445698527 644.8000000000001
6449 0.5270916037122194 644.9000000000001
6450 0.5271368568531615 645
6451 0.5271822186845384 645.1
6452 0.5272276627652435 645.2
6453 0.5272722661892678 645.3000000000001
6454 0.5273166706023911 645.4000000000001
6455 0.5273610997872452 645.5
6456 0.527405452931976 645.6
6457 0.5274492690423447 645.7
6458 0.5274931348690909 645.8000000000001
6459 0.527537032408036 645.9000000000001
6460 0.5275807631570969 646
6461 0.52762252743936 646.1
6462 0.5276644748495997 646.2
6463 0.5277066849661621 646.3000000000001
6464 0.5277487523965254 646.4000000000001
6465 0.5277907089195748 646.5
6466 0.5278319747222763 646.6
6467 0.5278735957495148 646.7
6468 0.5279152304077486 646.8000000000001
6469 0.5279555397172587 646.9000000000001
6470 0.5279963460807658 647
6471 0.5280375859888891 647.1
6472 0.52807912293704 647.2
6473 0.5281210806456607 647.3000000000001
6474 0.528163332036825 647.4000000000001
6475 0.5282057217549999 647.5
6476 0.5282481840524583 647.6
6477 0.5282906455424078 647.7
6478 0.5283322890126632 647.8000000000001
6479 0.5283731724853151 647.9000000000001
6480 0.5284138392772501 648
6481 0.5284542736694345 648.1
6482 0.5284944327861616 648.2
6483 0.5285343086536269 648.3000000000001
6484 0.5285737858059742 648.4000000000001
6485 0.5286127167363898 648.5
6486 0.5286517053014224 648.6
6487 0.5286908467108146 648.7
6488 0.5287302312840995 648.8000000000001
6489 0.5287698973247842 648.9000000000001
6490 0.5288099704078661 649
6491 0.5288505486394562 649.1
6492 0.5288916726203999 649.2
6493 0.5289333915150849 649.3000000000001
6494 0.528975726762162 649.4000000000001
6495 0.5290187039769906 649.5
6496 0.5290623016333427 649.6
6497 0.5291064726002911 649.7
6498 0.5291511389334442 649.8000000000001
6499 0.5291961689457405 649.9000000000001
6500 0.52924146590549 650
6501 0.5292860445040909 650.1
6502 0.5293299984807144 650.2
6503 0.529373075577551 650.3000000000001
6504 0.5294161717881204 650.4000000000001
6505 0.5294593896365921 650.5
6506 0.5295027124204521 650.6
6507 0.5295460988270341 650.7
6508 0.5295895726672881 650.8000000000001
6509 0.5296331292370245 650.9000000000001
6510 0.5296766855453637 651
6511 0.5297201947203983 651.1
6512 0.5297634594261651 651.2
6513 0.5298049067525497 651.3000000000001
6514 0.5298462618285605 651.4000000000001
6515 0.5298874663367987 651.5
6516 0.5299285405663362 651.6
6517 0.5299692267900036 651.7
6518 0.5300095895685345 651.8000000000001
6519 0.5300501341659021 651.9000000000001
6520 0.5300909232429645 652
6521 0.5301320622213751 652.1
6522 0.5301736892737091 652.2
6523 0.5302158943112208 652.3000000000001
6524 0.5302587543015208 652.4000000000001
6525 0.530302330955273 652.5
6526 0.530346671668848 652.6
6527 0.5303918105602761 652.7
6528 0.5304377502797923 652.8000000000001
6529 0.5304844847928758 652.9000000000001
6530 0.5305319248112305 653
6531 0.5305790897024386 653.1
6532 0.5306245113695107 653.2
6533 0.5306703916382418 653.3000000000001
6534 0.5307168333669815 653.4000000000001
6535 0.5307635768688707 653.5
6536 0.5308107143762228 653.6
6537 0.5308581782675559 653.7
6538 0.5309057571610142 653.8000000000001
6539 0.5309529841462041 653.9000000000001
6540 0.5309990719633966 654
6541 0.531044965951649 654.1
6542 0.5310907891374813 654.2
6543 0.5311364280487919 654.3000000000001
6544 0.5311818009502077 654.4000000000001
6545 0.531226533245745 654.5
6546 0.5312700015563597 654.6
6547 0.5313132800131544 654.7
6548 0.5313564111910611 654.8000000000001
6549 0.5313976582381486 654.9000000000001
6550 0.5314385274512284 655
6551 0.5314795121804683 655.1
6552 0.5315206699781012 655.2
6553 0.5315619881107735 655.3000000000001
6554 0.5316035383826758 655.4000000000001
6555 0.5316453976051844 655.5
6556 0.5316876176578812 655.6
6557 0.5317301520065756 655.7
6558 0.5317724482784769 655.8000000000001
6559 0.5318145019590097 655.9000000000001
6560 0.5318568219486537 656
6561 0.5318993981259524 656.1
6562 0.5319422303218325 656.2
6563 0.5319852367727892 656.3000000000001
6564 0.5320284178640097 656.4000000000001
6565 0.5320716956885307 656.5
6566 0.532114824702282 656.6
6567 0.5321580948316499 656.7
6568 0.5322014354355702 656.8000000000001
6569 0.5322450633305434 656.9000000000001
6570 0.5322890343715063 657
6571 0.5323324926398094 657.1
6572 0.5323764802629725 657.2
6573 0.5324209741913216 657.3000000000001
6574 0.5324660281199184 657.4000000000001
6575 0.5325115601445867 657.5
6576 0.5325576178779156 657.6
6577 0.5326037145727889 657.7
6578 0.5326482173507698 657.8000000000001
6579 0.5326917311927792 657.9000000000001
6580 0.5327350974611146 658
6581 0.5327783060117502 658.1
6582 0.5328213036309444 658.2
6583 0.5328640180561997 658.3000000000001
6584 0.5329062525554148 658.4000000000001
6585 0.5329461743311266 658.5
6586 0.5329860128378597 658.6
6587 0.5330253747653377 658.7
6588 0.5330650372797847 658.8000000000001
6589 0.5331051121588246 658.9000000000001
6590 0.533145703456066 659
6591 0.5331868955313258 659.1
6592 0.5332287609312958 659.2
6593 0.5332713593091861 659.3000000000001
6594 0.5333147344930567 659.4000000000001
6595 0.5333588014302152 659.5
6596 0.5334023780367437 659.6
6597 0.5334451560744273 659.7
6598 0.5334884768126312 659.8000000000001
6599 0.5335322141260569 659.9000000000001
6600 0.5335762078479152 660
6601 0.5336204066834647 660.1
6602 0.5336647814119354 660.2
6603 0.5337092864699644 660.3000000000001
6604 0.5337538316446585 660.4000000000001
6605 0.533798299677831 660.5
6606 0.5338425679330536 660.6
6607 0.5338859166572183 660.7
6608 0.5339290108193903 660.8000000000001
6609 0.5339699972519556 660.9000000000001
6610 0.5340105150962564 661
6611 0.5340505916251973 661.1
6612 0.534090256062439 661.2
6613 0.5341296078142992 661.3000000000001
6614 0.5341687469169849 661.4000000000001
6615 0.5342077726420793 661.5
6616 0.534246165780366 661.6
6617 0.5342840537734123 661.7
6618 0.5343220549135931 661.8000000000001
6619 0.5343600133800805 661.9000000000001
6620 0.5343981267767499 662
6621 0.5344365473846444 662.1
6622 0.5344754650846211 662.2
6623 0.534513830401138 662.3000000000001
6624 0.5345522328216769 662.4000000000001
6625 0.5345912253469731 662.5
6626 0.5346307919485099 662.6
6627 0.534670909424148 662.7
6628 0.5347115600728652 662.8000000000001
6629 0.5347527347104288 662.9000000000001
6630 0.5347944143114169 663
6631 0.5348365492669237 663.1
6632 0.5348791443841543 663.2
6633 0.5349217532506177 663.3000000000001
6634 0.5349646162453335 663.4000000000001
6635 0.5350078952898192 663.5
6636 0.5350515214558674 663.6
6637 0.5350955037182958 663.7
6638 0.5351398463024013 663.8000000000001
6639 0.5351845179924986 663.9000000000001
6640 0.5352294945589734 664
6641 0.5352734781937626 664.1
6642 0.5353173613651873 664.2
6643 0.5353613813409543 664.3000000000001
6644 0.5354054978028728 664.4000000000001
6645 0.535449672879251 664.5
6646 0.535493782959358 664.6
6647 0.535537678077795 664.7
6648 0.5355812172039196 664.8000000000001
6649 0.5356243951820416 664.9000000000001
6650 0.5356673176402603 665
6651 0.5357094505306742 665.1
6652 0.5357514174908551 665.2
6653 0.5357932198972029 665.3000000000001
6654 0.5358345353797068 665.4000000000001
6655 0.5358761611419464 665.5
6656 0.5359181696203736 665.6
6657 0.5359606429030945 665.7
6658 0.5360036114057576 665.8000000000001
6659 0.5360470772426515 665.9000000000001
6660 0.5360910135005121 666
6661 0.5361353393573625 666.1
6662 0.5361799409924058 666.2
6663 0.5362245763722941 666.3000000000001
6664 0.5362692080559146 666.4000000000001
6665 0.5363135767149371 666.5
6666 0.5363568251594787 666.6
6667 0.5364002566736423 666.7
6668 0.5364438696453706 666.8000000000001
6669 0.5364863679163051 666.9000000000001
6670 0.5365281567202953 667
6671 0.5365699813348236 667.1
6672 0.5366121573727658 667.2
6673 0.5366547136550373 667.3000000000001
6674 0.5366976347717345 667.4000000000001
6675 0.5367389796211269 667.5
6676 0.53678064823532 667.6
6677 0.5368227426904781 667.7
6678 0.5368652446300278 667.8000000000001
6679 0.5369081102097603 667.9000000000001
6680 0.5369512103238524 668
6681 0.5369938916536751 668.1
6682 0.5370362833363921 668.2
6683 0.5370785923094635 668.3000000000001
6684 0.5371207142663099 668.4000000000001
6685 0.5371625728307623 668.5
6686 0.53720426365258 668.6
6687 0.537245641786108 668.7
6688 0.537286341405911 668.8000000000001
6689 0.5373270758157064 668.9000000000001
6690 0.5373677198871653 669
6691 0.5374082002836621 669.1
6692 0.5374491787162019 669.2
6693 0.5374907532891496 669.3000000000001
6694 0.5375330092822806 669.4000000000001
6695 0.5375760059158893 669.5
6696 0.5376197732970273 669.6
6697 0.537664308684872 669.7
6698 0.5377095609455255 669.8000000000001
6699 0.5377554597287956 669.9000000000001
6700 0.5378018902939385 670
6701 0.5378482658032334 670.1
6702 0.5378938212374352 670.2
6703 0.5379393881151235 670.3000000000001
6704 0.5379840822409414 670.4000000000001
6705 0.5380288064915087 670.5
6706 0.5380735454826574 670.6
6707 0.5381183021930526 670.7
6708 0.5381629611984032 670.8000000000001
6709 0.5382075013095889 670.9000000000001
6710 0.5382519803871498 671
6711 0.5382951830372978 671.1
6712 0.5383379489874853 671.2
6713 0.5383805712362713 671.3000000000001
6714 0.5384231443511065 671.4000000000001
6715 0.5384656484510544 671.5
6716 0.5385081139248502 671.6
6717 0.5385506172838909 671.7
6718 0.5385931867556289 671.8000000000001
6719 0.5386358646989184 671.9000000000001
6720 0.5386786905520207 672
6721 0.5387213862627365 672.1
6722 0.5387624769405125 672.2
6723 0.5388036275209162 672.3000000000001
6724 0.5388451296901112 672.4000000000001
6725 0.5388869981808853 672.5
6726 0.5389282041289873 672.6
6727 0.5389685448749088 672.7
6728 0.5390091136072385 672.8000000000001
6729 0.5390495165343847 672.9000000000001
6730 0.5390903586677509 673
6731 0.5391315669158766 673.1
6732 0.5391730345887461 673.2
6733 0.539214638700469 673.3000000000001
6734 0.539256281674975 673.4000000000001
6735 0.5392978254622991 673.5
6736 0.5393391834471812 673.6
6737 0.5393799820815763 673.7
6738 0.5394197382536134 673.8000000000001
6739 0.5394592706639912 673.9000000000001
6740 0.5394986527545899 674
6741 0.5395379006569134 674.1
6742 0.5395769892118063 674.2
6743 0.5396159917869429 674.3000000000001
6744 0.5396543491043202 674.4000000000001
6745 0.5396923343882126 674.5
6746 0.5397303872682016 674.6
6747 0.5397685280094865 674.7
6748 0.5398068724725177 674.8000000000001
6749 0.5398453231653624 674.9000000000001
6750 0.5398832532517993 675
6751 0.5399215030815557 675.1
6752 0.5399601415659128 675.2
6753 0.5399992338306657 675.3000000000001
6754 0.5400388362388937 675.4000000000001
6755 0.5400790732977631 675.5
6756 0.5401194941784546 675.6
6757 0.540160042913757 675.7
6758 0.5402013692640183 675.8000000000001
6759 0.5402434335171077 675.9000000000001
6760 0.5402855582931765 676
6761 0.5403285779645091 676.1
6762 0.5403724776631025 676.2
6763 0.5404171537451924 676.3000000000001
6764 0.5404618981262937 676.4000000000001
6765 0.5405060489527712 676.5
6766 0.5405496962220074 676.6
6767 0.5405938036692917 676.7
6768 0.5406379855921097 676.8000000000001
6769 0.5406811373565866 676.9000000000001
6770 0.5407245228609864 677
6771 0.5407678055020817 677.1
6772 0.5408110745606387 677.2
6773 0.540853932551611 677.3000000000001
6774 0.5408965162977309 677.4000000000001
6775 0.5409389428804773 677.5
6776 0.5409812253664661 677.6
6777 0.5410233787505422 677.7
6778 0.5410653766605599 677.8000000000001
6779 0.5411071920226328 677.9000000000001
6780 0.5411487922181806 678
6781 0.5411901557863195 678.1
6782 0.5412313261892772 678.2
6783 0.5412723332708196 678.3000000000001
6784 0.5413132710325784 678.4000000000001
6785 0.5413541690681963 678.5
6786 0.5413950979436486 678.6
6787 0.541436134283958 678.7
6788 0.5414773022431719 678.8000000000001
6789 0.5415185670440347 678.9000000000001
6790 0.5415599555761881 679
6791 0.5416012757129107 679.1
6792 0.5416424296547522 679.2
6793 0.5416837045467318 679.3000000000001
6794 0.5417253009427948 679.4000000000001
6795 0.5417672575574951 679.5
6796 0.5418096102010316 679.6
6797 0.5418523832082348 679.7
6798 0.5418955337671509 679.8000000000001
6799 0.5419390712549644 679.9000000000001
6800 0.5419829765253896 680
6801 0.5420272025343429 680.1
6802 0.5420717073920196 680.2
6803 0.5421156715797353 680.3000000000001
6804 0.5421597039562472 680.4000000000001
6805 0.5422041532885425 680.5
6806 0.5422490084780242 680.6
6807 0.5422942554416159 680.7
6808 0.542339745082662 680.8000000000001
6809 0.5423839722555822 680.9000000000001
6810 0.5424284887012875 681
6811 0.5424727017928235 681.1
6812 0.5425166581872075 681.2
6813 0.5425595145970813 681.3000000000001
6814 0.5426022933485465 681.4000000000001
6815 0.5426451308362411 681.5
6816 0.5426878749541785 681.6
6817 0.542729771722383 681.7
6818 0.5427716507773543 681.8000000000001
6819 0.542813505324643 681.9000000000001
6820 0.5428549116048568 682
6821 0.5428961014988508 682.1
6822 0.5429368600637258 682.2
6823 0.5429777541028818 682.3000000000001
6824 0.5430187208675223 682.4000000000001
6825 0.5430597580513062 682.5
6826 0.5431009511131344 682.6
6827 0.5431423037843676 682.7
6828 0.5431838275834553 682.8000000000001
6829 0.5432255755024102 682.9000000000001
6830 0.5432676555672021 683
6831 0.5433101035015712 683.1
6832 0.5433528943153746 683.2
6833 0.5433954867080666 683.3000000000001
6834 0.5434384991993155 683.4000000000001
6835 0.5434818927503816 683.5
6836 0.5435255975362782 683.6
6837 0.5435680150289225 683.7
6838 0.5436107314157361 683.8000000000001
6839 0.5436539507583221 683.9000000000001
6840 0.5436977431810553 684
6841 0.5437421132458045 684.1
6842 0.5437868005593836 684.2
6843 0.5438298407529942 684.3000000000001
6844 0.5438730282835189 684.4000000000001
6845 0.5439163984213864 684.5
6846 0.5439597874273233 684.6
6847 0.5440029910488926 684.7
6848 0.5440449618019125 684.8000000000001
6849 0.5440866481894366 684.9000000000001
6850 0.5441281307978335 685
6851 0.544169338187432 685.1
6852 0.544210321390691 685.2
6853 0.5442511493842126 685.3000000000001
6854 0.5442919098696342 685.4000000000001
6855 0.5443326814117564 685.5
6856 0.5443735484438986 685.6
6857 0.5444145502257874 685.7
6858 0.5444557686847697 685.8000000000001
6859 0.5444965990929808 685.9000000000001
6860 0.5445365284316115 686
6861 0.5445767407261596 686.1
6862 0.5446172461168699 686.2
6863 0.544658072834087 686.3000000000001
6864 0.5446992434163315 686.4000000000001
6865 0.5447407671859708 686.5
6866 0.5447826502660661 686.6
6867 0.5448248883386136 686.7
6868 0.5448674635784548 686.8000000000001
6869 0.5449103416061094 686.9000000000001
6870 0.5449534671449622 687
6871 0.5449967607399488 687.1
6872 0.5450399028618433 687.2
6873 0.5450829517433265 687.3000000000001
6874 0.5451257737917531 687.4000000000001
6875 0.5451682572124652 687.5
6876 0.545210552111792 687.6
6877 0.545251882496085 687.7
6878 0.5452926808791571 687.8000000000001
6879 0.5453332885705653 687.9000000000001
6880 0.5453737337411971 688
6881 0.5454140735672942 688.1
6882 0.5454543805002195 688.2
6883 0.5454947327288145 688.3000000000001
6884 0.545535214851659 688.4000000000001
6885 0.5455759208845831 688.5
6886 0.5456169377854181 688.6
6887 0.5456583327349209 688.7
6888 0.5457001469308228 688.8000000000001
6889 0.5457423949518804 688.9000000000001
6890 0.54578508467759 689
6891 0.5458282099501306 689.1
6892 0.5458715886511608 689.2
6893 0.5459154267146952 689.3000000000001
6894 0.5459597973271019 689.4000000000001
6895 0.5460039736438617 689.5
6896 0.5460483624879605 689.6
6897 0.5460930422716326 689.7
6898 0.5461361850060944 689.8000000000001
6899 0.5461796395165119 689.9000000000001
6900 0.5462230533712731 690
6901 0.5462658398100747 690.1
6902 0.5463083793573907 690.2
6903 0.5463499383349238 690.3000000000001
6904 0.5463917712535288 690.4000000000001
6905 0.5464340171571151 690.5
6906 0.5464767231217925 690.6
6907 0.5465198583467008 690.7
6908 0.546563293238713 690.8000000000001
6909 0.5466051672026453 690.9000000000001
6910 0.5466473644258528 691
6911 0.5466898873619842 691.1
6912 0.5467327027213252 691.2
6913 0.5467758328020129 691.3000000000001
6914 0.546819313527522 691.4000000000001
6915 0.5468631346790668 691.5
6916 0.5469072733274549 691.6
6917 0.5469516663400156 691.7
6918 0.5469962362394116 691.8000000000001
6919 0.5470408567581266 691.9000000000001
6920 0.5470831619693318 692
6921 0.547123189761344 692.1
6922 0.5471630956977329 692.2
6923 0.5472028209844554 692.3000000000001
6924 0.5472419183920193 692.4000000000001
6925 0.5472807208838858 692.5
6926 0.5473195486049287 692.6
6927 0.5473584540404002 692.7
6928 0.5473973228552748 692.8000000000001
6929 0.547436336183895 692.9000000000001
6930 0.5474756084401313 693
6931 0.547515197464569 693.1
6932 0.5475551549454971 693.2
6933 0.5475955621925805 693.3000000000001
6934 0.5476365122929202 693.4000000000001
6935 0.5476780326718695 693.5
6936 0.5477201531335794 693.6
6937 0.5477629160449367 693.7
6938 0.5478063493828648 693.8000000000001
6939 0.5478506026137593 693.9000000000001
6940 0.5478958345752544 694
6941 0.5479419483711513 694.1
6942 0.5479877309408606 694.2
6943 0.5480337591959431 694.3000000000001
6944 0.5480793259946382 694.4000000000001
6945 0.5481246720614046 694.5
6946 0.5481700030762042 694.6
6947 0.5482149884746105 694.7
6948 0.5482598465906082 694.8000000000001
6949 0.5483037055090685 694.9000000000001
6950 0.5483467222746189 695
6951 0.5483895880642409 695.1
6952 0.5484324375523479 695.2
6953 0.5484751598039291 695.3000000000001
6954 0.5485173735187285 695.4000000000001
6955 0.548557946880679 695.5
6956 0.5485987145287619 695.6
6957 0.5486395690932029 695.7
6958 0.5486804703462859 695.8000000000001
6959 0.5487212333660746 695.9000000000001
6960 0.5487617168894527 696
6961 0.5488023177076004 696.1
6962 0.5488431003839089 696.2
6963 0.5488834921711022 696.3000000000001
6964 0.5489240353673429 696.4000000000001
6965 0.5489648805540266 696.5
6966 0.5490059908568211 696.6
6967 0.5490473497693681 696.7
6968 0.5490889246806835 696.8000000000001
6969 0.5491305233967393 696.9000000000001
6970 0.5491721000603096 697
6971 0.549213652974339 697.1
6972 0.5492553361289351 697.2
6973 0.5492974347739581 697.3000000000001
6974 0.549340019681411 697.4000000000001
6975 0.5493831286652864 697.5
6976 0.5494265043945327 697.6
6977 0.5494698300292974 697.7
6978 0.5495139187670481 697.8000000000001
6979 0.5495587964411822 697.9000000000001
6980 0.5496044668270424 698
6981 0.5496497260668335 698.1
6982 0.5496943827146312 698.2
6983 0.54973949108354 698.3000000000001
6984 0.5497851380877153 698.4000000000001
6985 0.5498311997783879 698.5
6986 0.5498777923454918 698.6
6987 0.549924790093276 698.7
6988 0.5499721199142468 698.8000000000001
6989 0.5500197472875276 698.9000000000001
6990 0.5500674014627339 699
6991 0.5501150104403106 699.1
6992 0.550162613402536 699.2
6993 0.5502093608259097 699.3000000000001
6994 0.5502547315784724 699.4000000000001
6995 0.5502989077253616 699.5
6996 0.5503424928345184 699.6
6997 0.5503855075321364 699.7
6998 0.5504275815178808 699.8000000000001
6999 0.5504683847745556 699.9000000000001
7000 0.5505083681925064 700
7001 0.5505474440528735 700.1
7002 0.5505856382754591 700.2
7003 0.5506233234868575 700.3000000000001
7004 0.550660549898277 700.4000000000001
7005 0.5506972729325547 700.5
7006 0.5507336411352225 700.6
7007 0.5507694866806674 700.7
7008 0.5508055357869612 700.8000000000001
7009 0.5508418696085058 700.9000000000001
7010 0.5508785459751722 701
7011 0.550915625574028 701.1
7012 0.550953147031248 701.2
7013 0.5509911307738758 701.3000000000001
7014 0.5510295822233495 701.4000000000001
7015 0.5510684262502439 701.5
7016 0.5511074045839266 701.6
7017 0.5511465874486602 701.7
7018 0.5511862774844636 701.8000000000001
7019 0.551226467374205 701.9000000000001
7020 0.5512671511101295 702
7021 0.5513082654930901 702.1
7022 0.5513497144840863 702.2
7023 0.5513910622505722 702.3000000000001
7024 0.5514328133420902 702.4000000000001
7025 0.5514737868763312 702.5
7026 0.5515146387056901 702.6
7027 0.5515558490879592 702.7
7028 0.5515974970269499 702.8000000000001
7029 0.5516395267391505 702.9000000000001
7030 0.5516819554752612 703
7031 0.5517245145654921 703.1
7032 0.5517673583260231 703.2
7033 0.5518104561818507 703.3000000000001
7034 0.5518536897421561 703.4000000000001
7035 0.5518969831283344 703.5
7036 0.5519403179010857 703.6
7037 0.5519834870579815 703.7
7038 0.5520255378105102 703.8000000000001
7039 0.5520673554821945 703.9000000000001
7040 0.5521089081245172 704
7041 0.5521501760692517 704.1
7042 0.5521911764676637 704.2
7043 0.5522309881536858 704.3000000000001
7044 0.5522705337482697 704.4000000000001
7045 0.5523098686085374 704.5
7046 0.5523490551307251 704.6
7047 0.5523886051449831 704.7
7048 0.5524286590470535 704.8000000000001
7049 0.5524692903703194 704.9000000000001
7050 0.5525106060793222 705
7051 0.5525524269821207 705.1
7052 0.5525948963351693 705.2
7053 0.552638025350774 705.3000000000001
7054 0.5526814736230292 705.4000000000001
7055 0.5527255517212858 705.5
7056 0.5527703022060162 705.6
7057 0.5528156794385379 705.7
7058 0.5528616492913627 705.8000000000001
7059 0.5529080834881869 705.9000000000001
7060 0.5529549399374778 706
7061 0.5530022110261923 706.1
7062 0.5530490900684748 706.2
7063 0.5530964203692181 706.3000000000001
7064 0.553144144760052 706.4000000000001
7065 0.553192385497714 706.5
7066 0.553240370364628 706.6
7067 0.5532867672775372 706.7
7068 0.5533317293934532 706.8000000000001
7069 0.5533759437361407 706.9000000000001
7070 0.5534201703817676 707
7071 0.5534643331547159 707.1
7072 0.553508461547869 707.2
7073 0.5535524333235406 707.3000000000001
7074 0.5535960138003875 707.4000000000001
7075 0.5536393005683942 707.5
7076 0.5536823485187521 707.6
7077 0.5537251259124727 707.7
7078 0.5537675078077751 707.8000000000001
7079 0.5538093405054342 707.9000000000001
7080 0.5538505859543266 708
7081 0.5538914158468123 708.1
7082 0.5539318530269223 708.2
7083 0.5539719358046115 708.3000000000001
7084 0.5540116124658131 708.4000000000001
7085 0.5540508419393362 708.5
7086 0.5540898935471588 708.6
7087 0.5541289831096438 708.7
7088 0.5541684299830265 708.8000000000001
7089 0.5542084452873804 708.9000000000001
7090 0.5542490809754531 709
7091 0.5542899558685834 709.1
7092 0.5543295544850702 709.2
7093 0.5543691869823146 709.3000000000001
7094 0.5544095449616875 709.4000000000001
7095 0.5544506361012322 709.5
7096 0.5544923793122418 709.6
7097 0.5545329797772887 709.7
7098 0.5545732325107205 709.8000000000001
7099 0.5546141047145519 709.9000000000001
7100 0.5546554376719214 710
7101 0.5546972825175315 710.1
7102 0.5547396589245475 710.2
7103 0.5547825398458833 710.3000000000001
7104 0.554825186858485 710.4000000000001
7105 0.5548681237540248 710.5
7106 0.5549115891912396 710.6
7107 0.5549556120532366 710.7
7108 0.555000041943848 710.8000000000001
7109 0.5550450595051433 710.9000000000001
7110 0.5550906759994524 711
7111 0.5551367057350541 711.1
7112 0.5551831415768254 711.2
7113 0.5552300154528442 711.3000000000001
7114 0.5552771874474576 711.4000000000001
7115 0.5553244868132905 711.5
7116 0.5553717721847664 711.6
7117 0.5554188670750655 711.7
7118 0.555464424842851 711.8000000000001
7119 0.5555095704911214 711.9000000000001
7120 0.5555541659636697 712
7121 0.5555980524716113 712.1
7122 0.5556404015586709 712.2
7123 0.5556801493501391 712.3000000000001
7124 0.5557193943617286 712.4000000000001
7125 0.555758355286338 712.5
7126 0.5557972123451481 712.6
7127 0.555836133381968 712.7
7128 0.55587520127915 712.8000000000001
7129 0.5559143018491407 712.9000000000001
7130 0.5559535663002541 713
7131 0.5559932534522456 713.1
7132 0.556033398055802 713.2
7133 0.5560738861268575 713.3000000000001
7134 0.5561150211484492 713.4000000000001
7135 0.5561568641551162 713.5
7136 0.5561994611820957 713.6
7137 0.5562428174146793 713.7
7138 0.5562860724741585 713.8000000000001
7139 0.556328925596642 713.9000000000001
7140 0.5563699971614472 714
7141 0.5564104306518799 714.1
7142 0.5564508820174058 714.2
7143 0.5564913906475146 714.3000000000001
7144 0.5565323359959372 714.4000000000001
7145 0.5565735871183419 714.5
7146 0.5566142782007397 714.6
7147 0.5566549620435556 714.7
7148 0.5566959292821242 714.8000000000001
7149 0.5567368936524036 714.9000000000001
7150 0.5567779996326128 715
7151 0.5568192419924374 715.1
7152 0.5568605130999666 715.2
7153 0.5569016949324824 715.3000000000001
7154 0.5569430877653103 715.4000000000001
7155 0.5569846893348469 715.5
7156 0.5570264117191763 715.6
7157 0.5570681966297998 715.7
7158 0.557109472356114 715.8000000000001
7159 0.5571499176879613 715.9000000000001
7160 0.5571903504719686 716
7161 0.5572305692900352 716.1
7162 0.5572704426729261 716.2
7163 0.557309797846493 716.3000000000001
7164 0.5573488753067194 716.4000000000001
7165 0.5573875829130241 716.5
7166 0.5574260399405666 716.6
7167 0.5574645461527237 716.7
7168 0.5575031451688532 716.8000000000001
7169 0.5575418680320023 716.9000000000001
7170 0.5575807616551404 717
7171 0.5576198832503508 717.1
7172 0.5576592823407159 717.2
7173 0.5576988749077264 717.3000000000001
7174 0.5577387396440908 717.4000000000001
7175 0.5577785987390822 717.5
7176 0.5578187798483278 717.6
7177 0.5578592560199784 717.7
7178 0.5578999839381251 717.8000000000001
7179 0.5579409251748291 717.9000000000001
7180 0.5579820639861924 718
7181 0.5580233309669174 718.1
7182 0.5580648433670914 718.2
7183 0.5581066111195494 718.3000000000001
7184 0.55814859389813 718.4000000000001
7185 0.5581906618898623 718.5
7186 0.558232913791161 718.6
7187 0.5582753721910345 718.7
7188 0.5583181664679184 718.8000000000001
7189 0.5583613720799898 718.9000000000001
7190 0.5584050478540133 719
7191 0.5584485102045881 719.1
7192 0.5584914152612604 719.2
7193 0.5585346760481653 719.3000000000001
7194 0.5585783349309804 719.4000000000001
7195 0.5586225296274866 719.5
7196 0.5586672521542696 719.6
7197 0.5587106876908047 719.7
7198 0.5587545655121527 719.8000000000001
7199 0.5587989371135095 719.9000000000001
7200 0.5588437826853204 720
7201 0.5588890485337068 720.1
7202 0.5589345897870923 720.2
7203 0.5589793873248876 720.3000000000001
7204 0.5590243177080467 720.4000000000001
7205 0.5590694224406322 720.5
7206 0.559114675375898 720.6
7207 0.5591597114131444 720.7
7208 0.5592046369032104 720.8000000000001
7209 0.5592494017214382 720.9000000000001
7210 0.5592931110818593 721
7211 0.5593358650334138 721.1
7212 0.5593784647117105 721.2
7213 0.5594207972555988 721.3000000000001
7214 0.5594628662734175 721.4000000000001
7215 0.5595047985536283 721.5
7216 0.5595466446551147 721.6
7217 0.5595884493521475 721.7
7218 0.5596302629488038 721.8000000000001
7219 0.559671818644363 721.9000000000001
7220 0.559713623841598 722
7221 0.5597557534223435 722.1
7222 0.5597983516035223 722.2
7223 0.5598414319716424 722.3000000000001
7224 0.5598822811580408 722.4000000000001
7225 0.5599232692509351 722.5
7226 0.5599637814233572 722.6
7227 0.5600045250727688 722.7
7228 0.5600457630809716 722.8000000000001
7229 0.5600874452074679 722.9000000000001
7230 0.5601293539951624 723
7231 0.5601709888659169 723.1
7232 0.5602129999154692 723.2
7233 0.5602551180156367 723.3000000000001
7234 0.5602971867871435 723.4000000000001
7235 0.5603379983390709 723.5
7236 0.5603787394927428 723.6
7237 0.5604195936010608 723.7
7238 0.5604604743245667 723.8000000000001
7239 0.5605013251298291 723.9000000000001
7240 0.5605421452997775 724
7241 0.5605830266578705 724.1
7242 0.5606240072119543 724.2
7243 0.5606651301108845 724.3000000000001
7244 0.5607064064031629 724.4000000000001
7245 0.5607474485129622 724.5
7246 0.5607884047929586 724.6
7247 0.560827269061865 724.7
7248 0.5608664112637454 724.8000000000001
7249 0.5609056196711262 724.9000000000001
7250 0.5609444581352727 725
7251 0.5609833904992114 725.1
7252 0.5610224266054665 725.2
7253 0.5610615883677322 725.3000000000001
7254 0.5611010301510836 725.4000000000001
7255 0.56114075078366 725.5
7256 0.5611806807644844 725.6
7257 0.5612209730370954 725.7
7258 0.5612615841235072 725.8000000000001
7259 0.5613025267244139 725.9000000000001
7260 0.5613437465946826 726
7261 0.5613853152434882 726.1
7262 0.5614272411400361 726.2
7263 0.5614695197348465 726.3000000000001
7264 0.5615121348426123 726.4000000000001
7265 0.5615550289916433 726.5
7266 0.5615980325840417 726.6
7267 0.5616411626991175 726.7
7268 0.5616844790056785 726.8000000000001
7269 0.5617280552836804 726.9000000000001
7270 0.5617719413306868 727
7271 0.5618161899362888 727.1
7272 0.5618602105488102 727.2
7273 0.5619029280986028 727.3000000000001
7274 0.5619459454251922 727.4000000000001
7275 0.5619894882207265 727.5
7276 0.562033425600684 727.6
7277 0.5620777768722794 727.7
7278 0.5621224257322485 727.8000000000001
7279 0.5621674361157727 727.9000000000001
7280 0.5622128210420132 728
7281 0.5622585525727214 728.1
7282 0.562304571071749 728.2
7283 0.5623505853115236 728.3000000000001
7284 0.5623947102105387 728.4000000000001
7285 0.5624378833882393 728.5
7286 0.5624794650313011 728.6
7287 0.5625206680100372 728.7
7288 0.5625622099321986 728.8000000000001
7289 0.5626041193849391 728.9000000000001
7290 0.5626463850341481 729
7291 0.5626889987658862 729.1
7292 0.5627319345621909 729.2
7293 0.5627750887604743 729.3000000000001
7294 0.5628180220836104 729.4000000000001
7295 0.5628601035952578 729.5
7296 0.5629022280044952 729.6
7297 0.5629443059602862 729.7
7298 0.562985681956537 729.8000000000001
7299 0.5630269030797923 729.9000000000001
7300 0.5630674536541219 730
7301 0.563106861219692 730.1
7302 0.5631462293370646 730.2
7303 0.5631857124018557 730.3000000000001
7304 0.5632254106137093 730.4000000000001
7305 0.5632651888615915 730.5
7306 0.5633022382281307 730.6
7307 0.563339882878521 730.7
7308 0.5633781119630971 730.8000000000001
7309 0.5634168955374459 730.9000000000001
7310 0.5634561904107266 731
7311 0.5634960185549046 731.1
7312 0.563536395781185 731.2
7313 0.5635773308910176 731.3000000000001
7314 0.5636187797450721 731.4000000000001
7315 0.5636606889137422 731.5
7316 0.5637030068382299 731.6
7317 0.563745645776512 731.7
7318 0.5637865265323634 731.8000000000001
7319 0.5638260272863458 731.9000000000001
7320 0.5638656657115245 732
7321 0.5639054408875958 732.1
7322 0.5639453184241552 732.2
7323 0.5639852419056772 732.3000000000001
7324 0.5640251884200073 732.4000000000001
7325 0.5640650402932079 732.5
7326 0.5641040227445421 732.6
7327 0.5641431140802329 732.7
7328 0.5641824229842433 732.8000000000001
7329 0.5642218401533989 732.9000000000001
7330 0.5642611191459059 733
7331 0.5643003096018681 733.1
7332 0.5643396843414665 733.2
7333 0.5643792283589386 733.3000000000001
7334 0.5644189805767735 733.4000000000001
7335 0.5644589579181877 733.5
7336 0.564499158975484 733.6
7337 0.5645395631678616 733.7
7338 0.5645800433878084 733.8000000000001
7339 0.5646207053677532 733.9000000000001
7340 0.5646614428749547 734
7341 0.5647011922994811 734.1
7342 0.5647409273980489 734.2
7343 0.5647806515340728 734.3000000000001
7344 0.5648204918846893 734.4000000000001
7345 0.5648606423494058 734.5
7346 0.5649011527879666 734.6
7347 0.5649418865562478 734.7
7348 0.5649814150334452 734.8000000000001
7349 0.5650205624022672 734.9000000000001
7350 0.5650595309920973 735
7351 0.5650987633518378 735.1
7352 0.5651378609200566 735.2
7353 0.5651773234922131 735.3000000000001
7354 0.5652171757461772 735.4000000000001
7355 0.5652574315780448 735.5
7356 0.5652979205361494 735.6
7357 0.5653388417593495 735.7
7358 0.5653800924614444 735.8000000000001
7359 0.5654216836626296 735.9000000000001
7360 0.5654627210901378 736
7361 0.5655042469320976 736.1
7362 0.5655464784439819 736.2
7363 0.5655894082219053 736.3000000000001
7364 0.565633051803426 736.4000000000001
7365 0.5656775044717812 736.5
7366 0.5657227649399263 736.6
7367 0.5657687389068269 736.7
7368 0.5658152829609479 736.8000000000001
7369 0.5658622693617611 736.9000000000001
7370 0.5659095150579643 737
7371 0.5659569513777409 737.1
7372 0.5660023009877776 737.2
7373 0.5660471383015414 737.3000000000001
7374 0.5660919557913197 737.4000000000001
7375 0.5661364914753638 737.5
7376 0.5661804555380652 737.6
7377 0.5662242456291791 737.7
7378 0.5662678432274458 737.8000000000001
7379 0.5663105160950087 737.9000000000001
7380 0.5663492519195663 738
7381 0.56638844896134 738.1
7382 0.5664276881592509 738.2
7383 0.5664662671265963 738.3000000000001
7384 0.5665051589469734 738.4000000000001
7385 0.5665443766508074 738.5
7386 0.5665839297791916 738.6
7387 0.566623799894059 738.7
7388 0.5666639182721888 738.8000000000001
7389 0.566704172596756 738.9000000000001
7390 0.5667444404878947 739
7391 0.5667846673910112 739.1
7392 0.5668249231224466 739.2
7393 0.5668652104808234 739.3000000000001
7394 0.5669055215206357 739.4000000000001
7395 0.5669454731409359 739.5
7396 0.5669853652309869 739.6
7397 0.5670254909714776 739.7
7398 0.5670659095838887 739.8000000000001
7399 0.567106686079993 739.9000000000001
7400 0.5671464016719822 740
7401 0.567184865745143 740.1
7402 0.5672238735165419 740.2
7403 0.5672633726800564 740.3000000000001
7404 0.5673032956336371 740.4000000000001
7405 0.5673429147305433 740.5
7406 0.5673827623682548 740.6
7407 0.5674228721010168 740.7
7408 0.567463180102841 740.8000000000001
7409 0.5675035540053014 740.9000000000001
7410 0.5675439977648706 741
7411 0.5675846887833426 741.1
7412 0.5676251731126061 741.2
7413 0.5676655007435389 741.3000000000001
7414 0.5677061282747757 741.4000000000001
7415 0.5677470757008132 741.5
7416 0.5677884120058609 741.6
7417 0.5678302379776305 741.7
7418 0.5678725792593358 741.8000000000001
7419 0.5679154397932108 741.9000000000001
7420 0.5679588018392899 742
7421 0.5680026293616414 742.1
7422 0.5680468682956573 742.2
7423 0.5680908597640124 742.3000000000001
7424 0.5681346418719719 742.4000000000001
7425 0.5681788374067601 742.5
7426 0.5682216976953808 742.6
7427 0.5682644306921703 742.7
7428 0.5683073854177767 742.8000000000001
7429 0.5683501214479699 742.9000000000001
7430 0.568391982285591 743
7431 0.5684339625230405 743.1
7432 0.5684759864313563 743.2
7433 0.5685179571048863 743.3000000000001
7434 0.5685598607585188 743.4000000000001
7435 0.5686016572748618 743.5
7436 0.5686426862143155 743.6
7437 0.5686834549168787 743.7
7438 0.568724080908877 743.8000000000001
7439 0.5687646897007452 743.9000000000001
7440 0.5688054178239123 744
7441 0.5688463314645887 744.1
7442 0.5688874207845382 744.2
7443 0.5689286928367401 744.3000000000001
7444 0.5689700597034901 744.4000000000001
7445 0.5690116279246916 744.5
7446 0.5690534175525486 744.6
7447 0.5690954295865267 744.7
7448 0.5691376867677598 744.8000000000001
7449 0.5691799562543639 744.9000000000001
7450 0.5692221703769309 745
7451 0.5692645760671515 745.1
7452 0.5693071067821719 745.2
7453 0.5693496605409895 745.3000000000001
7454 0.5693906463828188 745.4000000000001
7455 0.5694316146459335 745.5
7456 0.569472624134257 745.6
7457 0.5695137785652592 745.7
7458 0.5695550708170736 745.8000000000001
7459 0.5695963910833032 745.9000000000001
7460 0.5696368612232338 746
7461 0.5696774663932185 746.1
7462 0.5697181575477848 746.2
7463 0.569755516220676 746.3000000000001
7464 0.5697930930304513 746.4000000000001
7465 0.5698310229603069 746.5
7466 0.5698692423035843 746.6
7467 0.5699071217373249 746.7
7468 0.5699450242044281 746.8000000000001
7469 0.5699819803058355 746.9000000000001
7470 0.5700187248369524 747
7471 0.5700557274542429 747.1
7472 0.570093016011641 747.2
7473 0.5701306033580346 747.3000000000001
7474 0.5701685118966412 747.4000000000001
7475 0.5702067704922287 747.5
7476 0.5702454026914955 747.6
7477 0.5702844282271656 747.7
7478 0.5703238458089079 747.8000000000001
7479 0.5703636288251894 747.9000000000001
7480 0.5704037451534063 748
7481 0.5704441358428392 748.1
7482 0.5704847464148404 748.2
7483 0.5705255064202406 748.3000000000001
7484 0.570566343253016 748.4000000000001
7485 0.5706072019664653 748.5
7486 0.5706480883546229 748.6
7487 0.5706890285828875 748.7
7488 0.5707301231900246 748.8000000000001
7489 0.5707711134164848 748.9000000000001
7490 0.5708119526489394 749
7491 0.5708531739929492 749.1
7492 0.5708947802695467 749.2
7493 0.5709351848892085 749.3000000000001
7494 0.5709758860614026 749.4000000000001
7495 0.5710170115365494 749.5
7496 0.5710583384375418 749.6
7497 0.5711000019697875 749.7
7498 0.5711417092737147 749.8000000000001
7499 0.5711826181983582 749.9000000000001
7500 0.571224032641564 750
7501 0.5712659406487642 750.1
7502 0.5713075367424749 750.2
7503 0.5713475586109106 750.3000000000001
7504 0.5713877157963649 750.4000000000001
7505 0.571427985233568 750.5
7506 0.5714683456081741 750.6
7507 0.5715088346511369 750.7
7508 0.5715494281582328 750.8000000000001
7509 0.5715900808174207 750.9000000000001
7510 0.5716306681732026 751
7511 0.5716704868082199 751.1
7512 0.5717097020252735 751.2
7513 0.5717484243983593 751.3000000000001
7514 0.5717856874521735 751.4000000000001
7515 0.5718229818426763 751.5
7516 0.5718605080165867 751.6
7517 0.5718982923143631 751.7
7518 0.5719363858318659 751.8000000000001
7519 0.5719748605907596 751.9000000000001
7520 0.5720137960112127 752
7521 0.5720532187969991 752.1
7522 0.5720932583629603 752.2
7523 0.5721332371479091 752.3000000000001
7524 0.5721738868033285 752.4000000000001
7525 0.5722152444329179 752.5
7526 0.5722573342403562 752.6
7527 0.5723001520945913 752.7
7528 0.5723436038291217 752.8000000000001
7529 0.5723876591709476 752.9000000000001
7530 0.5724322222528517 753
7531 0.5724771000286401 753.1
7532 0.5725221099602339 753.2
7533 0.5725671610434668 753.3000000000001
7534 0.5726121605071036 753.4000000000001
7535 0.5726558719553583 753.5
7536 0.5726990482371515 753.6
7537 0.5727419458624661 753.7
7538 0.572784298492905 753.8000000000001
7539 0.572826638071961 753.9000000000001
7540 0.5728687254727947 754
7541 0.5729108228683788 754.1
7542 0.5729530023059596 754.2
7543 0.5729944327656167 754.3000000000001
7544 0.5730358813793488 754.4000000000001
7545 0.5730775345769534 754.5
7546 0.5731193825347187 754.6
7547 0.5731614193428987 754.7
7548 0.5732036450015539 754.8000000000001
7549 0.5732460376065313 754.9000000000001
7550 0.5732867572886233 755
7551 0.573327497912991 755.1
7552 0.5733652260853235 755.2
7553 0.5734029841106163 755.3000000000001
7554 0.573441200778405 755.4000000000001
7555 0.5734798430084452 755.5
7556 0.5735188762611623 755.6
7557 0.5735582494383324 755.7
7558 0.5735979065080323 755.8000000000001
7559 0.5736377751097016 755.9000000000001
7560 0.5736777647908873 756
7561 0.573717854987188 756.1
7562 0.5737580830107917 756.2
7563 0.5737984153575987 756.3000000000001
7564 0.5738378586302629 756.4000000000001
7565 0.5738772491097271 756.5
7566 0.5739166574663473 756.6
7567 0.5739560989931017 756.7
7568 0.5739946943315699 756.8000000000001
7569 0.5740333022847899 756.9000000000001
7570 0.5740720378621262 757
7571 0.5741109156949309 757.1
7572 0.5741500005106961 757.2
7573 0.5741893804200878 757.3000000000001
7574 0.574229139023942 757.4000000000001
7575 0.5742671557894371 757.5
7576 0.5743054701444229 757.6
7577 0.5743440495703834 757.7
7578 0.5743828475574442 757.8000000000001
7579 0.574421822490546 757.9000000000001
7580 0.5744607825786104 758
7581 0.5744994103608477 758.1
7582 0.5745381657444515 758.2
7583 0.5745768556470104 758.3000000000001
7584 0.5746149831734869 758.4000000000001
7585 0.5746531939860503 758.5
7586 0.5746915216521589 758.6
7587 0.5747301054615697 758.7
7588 0.574769003933214 758.8000000000001
7589 0.5748082462029258 758.9000000000001
7590 0.5748478617979009 759
7591 0.574887880414776 759.1
7592 0.5749270826598085 759.2
7593 0.5749664537451946 759.3000000000001
7594 0.5750064329708935 759.4000000000001
7595 0.5750470568046777 759.5
7596 0.5750883552946795 759.6
7597 0.5751303554777124 759.7
7598 0.5751730638264736 759.8000000000001
7599 0.5752164541967256 759.9000000000001
7600 0.575260437491757 760
7601 0.5753048805972452 760.1
7602 0.5753497209259638 760.2
7603 0.5753948890724583 760.3000000000001
7604 0.5754402387391819 760.4000000000001
7605 0.5754838087655283 760.5
7606 0.5755267353452478 760.6
7607 0.5755689676386735 760.7
7608 0.5756108711414223 760.8000000000001
7609 0.5756526672887614 760.9000000000001
7610 0.5756936178645579 761
7611 0.5757334100279624 761.1
7612 0.5757731153611174 761.2
7613 0.575812764573845 761.3000000000001
7614 0.5758523845487827 761.4000000000001
7615 0.5758919800200136 761.5
7616 0.5759315742905671 761.6
7617 0.5759711880412685 761.7
7618 0.576010539086954 761.8000000000001
7619 0.5760498435807901 761.9000000000001
7620 0.5760891820947676 762
7621 0.5761278321836348 762.1
7622 0.5761657606573587 762.2
7623 0.5762040517370985 762.3000000000001
7624 0.5762427078783854 762.4000000000001
7625 0.5762816893414818 762.5
7626 0.5763210639513159 762.6
7627 0.5763607419297246 762.7
7628 0.5764006195644544 762.8000000000001
7629 0.5764406062909626 762.9000000000001
7630 0.5764806368750718 763
7631 0.5765207725648965 763.1
7632 0.576561014049934 763.2
7633 0.5766013358307289 763.3000000000001
7634 0.5766417139401433 763.4000000000001
7635 0.5766816816928823 763.5
7636 0.5767216645875929 763.6
7637 0.576761870643605 763.7
7638 0.5768023117412729 763.8000000000001
7639 0.5768429907517207 763.9000000000001
7640 0.5768839001545379 764
7641 0.57692513486563 764.1
7642 0.5769667165131109 764.2
7643 0.5770086219167511 764.3000000000001
7644 0.5770508262728599 764.4000000000001
7645 0.5770933211820116 764.5
7646 0.5771359210699224 764.6
7647 0.5771784749958889 764.7
7648 0.5772213887903813 764.8000000000001
7649 0.5772646334296814 764.9000000000001
7650 0.5773077301278712 765
7651 0.5773479651127734 765.1
7652 0.5773887537470406 765.2
7653 0.5774300458848656 765.3000000000001
7654 0.5774691978878421 765.4000000000001
7655 0.5775082652443374 765.5
7656 0.5775476090207886 765.6
7657 0.5775872036474855 765.7
7658 0.577626976468551 765.8000000000001
7659 0.5776665561514672 765.9000000000001
7660 0.5777052716097671 766
7661 0.5777433115941407 766.1
7662 0.5777813003472316 766.2
7663 0.5778189672540935 766.3000000000001
7664 0.5778564341425734 766.4000000000001
7665 0.5778938635461358 766.5
7666 0.5779312802706118 766.6
7667 0.5779687259661614 766.7
7668 0.5780062558362064 766.8000000000001
7669 0.5780439149075089 766.9000000000001
7670 0.5780799252361709 767
7671 0.5781162204166757 767.1
7672 0.5781529250123461 767.2
7673 0.5781901017290861 767.3000000000001
7674 0.5782278100546396 767.4000000000001
7675 0.5782661085500509 767.5
7676 0.578305051677902 767.6
7677 0.5783446949850937 767.7
7678 0.5783850944411038 767.8000000000001
7679 0.5784253797981704 767.9000000000001
7680 0.5784664226714656 768
7681 0.5785082680459137 768.1
7682 0.5785509074442922 768.2
7683 0.5785943072014239 768.3000000000001
7684 0.5786384107513731 768.4000000000001
7685 0.5786831134459328 768.5
7686 0.5787282603432018 768.6
7687 0.5787736774343942 768.7
7688 0.5788191722513987 768.8000000000001
7689 0.5788645814900998 768.9000000000001
7690 0.5789098121739323 769
7691 0.5789547246010318 769.1
7692 0.5789991203660555 769.2
7693 0.579042984591264 769.3000000000001
7694 0.5790856311846766 769.4000000000001
7695 0.5791268923714564 769.5
7696 0.5791678666659309 769.6
7697 0.5792071923945604 769.7
7698 0.5792460418608089 769.8000000000001
7699 0.5792848439821596 769.9000000000001
7700 0.5793237082152443 770
7701 0.5793626808972254 770.1
7702 0.5794017450875398 770.2
7703 0.5794408225399318 770.3000000000001
7704 0.5794801216469676 770.4000000000001
7705 0.5795194347219044 770.5
7706 0.5795587571283652 770.6
7707 0.5795984841192255 770.7
7708 0.5796386045291616 770.8000000000001
7709 0.5796790856514454 770.9000000000001
7710 0.5797177744613801 771
7711 0.5797566801476289 771.1
7712 0.5797958265361832 771.2
7713 0.5798351687013512 771.3000000000001
7714 0.5798746301701017 771.4000000000001
7715 0.5799140041330403 771.5
7716 0.579953163623424 771.6
7717 0.5799925317968855 771.7
7718 0.580031463103186 771.8000000000001
7719 0.5800697983254027 771.9000000000001
7720 0.5801082321610077 772
7721 0.5801467572675725 772.1
7722 0.5801853742046734 772.2
7723 0.5802240574172053 772.3000000000001
7724 0.5802627826917125 772.4000000000001
7725 0.5803015644055922 772.5
7726 0.5803404202598463 772.6
7727 0.5803793473741338 772.7
7728 0.5804183591006573 772.8000000000001
7729 0.5804574995069079 772.9000000000001
7730 0.5804967488643199 773
7731 0.5805362155244232 773.1
7732 0.5805758838349542 773.2
7733 0.5806158557650538 773.3000000000001
7734 0.5806561643180758 773.4000000000001
7735 0.580696823124202 773.5
7736 0.5807378288875439 773.6
7737 0.5807791749960864 773.7
7738 0.5808207153801487 773.8000000000001
7739 0.5808625379730734 773.9000000000001
7740 0.5809047025989681 774
7741 0.5809471578627404 774.1
7742 0.5809898190425345 774.2
7743 0.5810316892955905 774.3000000000001
7744 0.5810735863212497 774.4000000000001
7745 0.5811156652794252 774.5
7746 0.5811580027382069 774.6
7747 0.5812000819196569 774.7
7748 0.5812421155897964 774.8000000000001
7749 0.5812844267407822 774.9000000000001
7750 0.5813259832789358 775
7751 0.5813677222205051 775.1
7752 0.5814091593047009 775.2
7753 0.5814500294944933 775.3000000000001
7754 0.5814896962079896 775.4000000000001
7755 0.5815295344736375 775.5
7756 0.5815695502390794 775.6
7757 0.5816097592466419 775.7
7758 0.581650117121276 775.8000000000001
7759 0.5816906689627063 775.9000000000001
7760 0.5817305752541286 776
7761 0.5817682765187236 776.1
7762 0.5818067208187353 776.2
7763 0.5818459057152149 776.3000000000001
7764 0.5818858201639215 776.4000000000001
7765 0.5819264106212729 776.5
7766 0.5819676201550595 776.6
7767 0.5820094227831675 776.7
7768 0.5820514560177361 776.8000000000001
7769 0.582092082065878 776.9000000000001
7770 0.5821331165786801 777
7771 0.582174436716087 777.1
7772 0.5822156906162214 777.2
7773 0.5822554421798968 777.3000000000001
7774 0.5822952776589743 777.4000000000001
7775 0.5823352894798351 777.5
7776 0.5823748808246687 777.6
7777 0.5824144494618922 777.7
7778 0.5824540471213679 777.8000000000001
7779 0.582493737182055 777.9000000000001
7780 0.5825335192879708 778
7781 0.5825725959913995 778.1
7782 0.5826114143754444 778.2
7783 0.5826503742464456 778.3000000000001
7784 0.5826894498500467 778.4000000000001
7785 0.5827286256070593 778.5
7786 0.5827678280188151 778.6
7787 0.5828069303096545 778.7
7788 0.5828451011801628 778.8000000000001
7789 0.5828829542446745 778.9000000000001
7790 0.5829208652252322 779
7791 0.582958864356378 779.1
7792 0.5829969922228775 779.2
7793 0.5830352267010052 779.3000000000001
7794 0.5830731090983908 779.4000000000001
7795 0.5831112678581468 779.5
7796 0.5831497457265777 779.6
7797 0.5831885602334089 779.7
7798 0.5832276962752055 779.8000000000001
7799 0.5832671300125304 779.9000000000001
7800 0.5833069376044271 780
7801 0.5833472262808419 780.1
7802 0.5833880752154736 780.2
7803 0.5834295077899352 780.3000000000001
7804 0.5834715582242167 780.4000000000001
7805 0.583512852892154 780.5
7806 0.5835541673582766 780.6
7807 0.583595976844814 780.7
7808 0.5836382593753568 780.8000000000001
7809 0.5836809910353056 780.9000000000001
7810 0.583723128332072 781
7811 0.5837647313464166 781.1
7812 0.5838059269879619 781.2
7813 0.5838470102896649 781.3000000000001
7814 0.5838881580794947 781.4000000000001
7815 0.5839292092477008 781.5
7816 0.5839703332275393 781.6
7817 0.5840114416883878 781.7
7818 0.5840517566603146 781.8000000000001
7819 0.5840915331868387 781.9000000000001
7820 0.5841311191748677 782
7821 0.5841707165670601 782.1
7822 0.5842104584907726 782.2
7823 0.5842488421700559 782.3000000000001
7824 0.5842871914882348 782.4000000000001
7825 0.5843256070427405 782.5
7826 0.5843640929773906 782.6
7827 0.5844028408867232 782.7
7828 0.584441996634349 782.8000000000001
7829 0.5844816832621554 782.9000000000001
7830 0.5845220334995718 783
7831 0.5845631189206648 783.1
7832 0.5846026175765382 783.2
7833 0.5846421787999502 783.3000000000001
7834 0.5846825034023205 783.4000000000001
7835 0.5847235309184682 783.5
7836 0.5847651842517908 783.6
7837 0.584807360567439 783.7
7838 0.5848499260984916 783.8000000000001
7839 0.584892733610748 783.9000000000001
7840 0.5849356736560364 784
7841 0.5849784910592541 784.1
7842 0.5850211849410195 784.2
7843 0.5850637532122758 784.3000000000001
7844 0.5851062018483577 784.4000000000001
7845 0.5851485247658472 784.5
7846 0.5851907266024018 784.6
7847 0.5852326886343344 784.7
7848 0.5852745265659298 784.8000000000001
7849 0.5853161992928179 784.9000000000001
7850 0.5853577087225753 785
7851 0.5853991287182811 785.1
7852 0.5854403546933311 785.2
7853 0.585481298780565 785.3000000000001
7854 0.5855219448510637 785.4000000000001
7855 0.5855623936054062 785.5
7856 0.5856027100362056 785.6
7857 0.5856427896674844 785.7
7858 0.5856822935266442 785.8000000000001
7859 0.5857212094071735 785.9000000000001
7860 0.5857603046703281 786
7861 0.5857996011066452 786.1
7862 0.5858391594736843 786.2
7863 0.5858791723346105 786.3000000000001
7864 0.585919157616173 786.4000000000001
7865 0.5859592678503266 786.5
7866 0.5859995681412888 786.6
7867 0.586039857132352 786.7
7868 0.5860804875931019 786.8000000000001
7869 0.586121648170207 786.9000000000001
7870 0.5861632465778236 787
7871 0.586205200601091 787.1
7872 0.5862473083748149 787.2
7873 0.5862894564944755 787.3000000000001
7874 0.5863315691292432 787.4000000000001
7875 0.5863736834820569 787.5
7876 0.5864156486020656 787.6
7877 0.5864576411573801 787.7
7878 0.5864996917123623 787.8000000000001
7879 0.5865390687368048 787.9000000000001
7880 0.5865777834773218 788
7881 0.5866165578990807 788.1
7882 0.5866556643938028 788.2
7883 0.5866950031055106 788.3000000000001
7884 0.5867327331765466 788.4000000000001
7885 0.5867704063330597 788.5
7886 0.5868081321795803 788.6
7887 0.5868459467986662 788.7
7888 0.5868839008783916 788.8000000000001
7889 0.5869213339656686 788.9000000000001
7890 0.5869584157586888 789
7891 0.5869953503738944 789.1
7892 0.5870322831722524 789.2
7893 0.5870695166804073 789.3000000000001
7894 0.5871070013271775 789.4000000000001
7895 0.5871449191150403 789.5
7896 0.5871833517813493 789.6
7897 0.5872224148878736 789.7
7898 0.5872621655589899 789.8000000000001
7899 0.5873026078094919 789.9000000000001
7900 0.5873437389013176 790
7901 0.5873855121532731 790.1
7902 0.5874276331518752 790.2
7903 0.5874700011567915 790.3000000000001
7904 0.5875125177142508 790.4000000000001
7905 0.587551715652013 790.5
7906 0.5875905676869512 790.6
7907 0.5876297877566767 790.7
7908 0.5876692107012738 790.8000000000001
7909 0.5877087009623251 790.9000000000001
7910 0.5877483192241801 791
7911 0.5877880879541004 791.1
7912 0.587827710819078 791.2
7913 0.5878662238562533 791.3000000000001
7914 0.5879048003132604 791.4000000000001
7915 0.5879433911533221 791.5
7916 0.5879819562820192 791.6
7917 0.5880203318049055 791.7
7918 0.588058384403454 791.8000000000001
7919 0.5880964585607429 791.9000000000001
7920 0.5881346008171054 792
7921 0.588172820187771 792.1
7922 0.5882104664648514 792.2
7923 0.5882474390614015 792.3000000000001
7924 0.5882845107226659 792.4000000000001
7925 0.5883218472975122 792.5
7926 0.5883594125723265 792.6
7927 0.5883973922143935 792.7
7928 0.588435905082243 792.8000000000001
7929 0.5884749662369317 792.9000000000001
7930 0.588514580606991 793
7931 0.5885546587519357 793.1
7932 0.5885952991069821 793.2
7933 0.5886353797024797 793.3000000000001
7934 0.5886751784439359 793.4000000000001
7935 0.5887154039490924 793.5
7936 0.5887559123602973 793.6
7937 0.5887968467218471 793.7
7938 0.5888382053846254 793.8000000000001
7939 0.5888799170826007 793.9000000000001
7940 0.5889218668934683 794
7941 0.5889637836449918 794.1
7942 0.5890057259565535 794.2
7943 0.5890477148280971 794.3000000000001
7944 0.5890897733111563 794.4000000000001
7945 0.589131123584869 794.5
7946 0.5891722560971268 794.6
7947 0.5892134817754515 794.7
7948 0.5892548544657852 794.8000000000001
7949 0.5892952843945244 794.9000000000001
7950 0.5893348948596431 795
7951 0.5893747125726991 795.1
7952 0.5894147895362588 795.2
7953 0.5894551643394319 795.3000000000001
7954 0.5894958542155082 795.4000000000001
7955 0.5895364785173266 795.5
7956 0.5895771993099554 795.6
7957 0.589617688622501 795.7
7958 0.5896582933432066 795.8000000000001
7959 0.5896989434869936 795.9000000000001
7960 0.5897398537079914 796
7961 0.5897809771011788 796.1
7962 0.5898225159185834 796.2
7963 0.5898644296057729 796.3000000000001
7964 0.5899066389562454 796.4000000000001
7965 0.5899489711796324 796.5
7966 0.5899914041939929 796.6
7967 0.5900314063499141 796.7
7968 0.5900714164453147 796.8000000000001
7969 0.5901115400807245 796.9000000000001
7970 0.590151692283772 797
7971 0.590191678146455 797.1
7972 0.5902311543457577 797.2
7973 0.590270601223978 797.3000000000001
7974 0.5903101103307224 797.4000000000001
7975 0.5903498381694032 797.5
7976 0.5903898651161871 797.6
7977 0.5904302419000436 797.7
7978 0.5904710300225591 797.8000000000001
7979 0.5905119960175215 797.9000000000001
7980 0.5905531303857711 798
7981 0.5905948628059619 798.1
7982 0.5906372359565953 798.2
7983 0.5906802742409619 798.3000000000001
7984 0.590723860466462 798.4000000000001
7985 0.5907670657865757 798.5
7986 0.5908107765978012 798.6
7987 0.5908550655950348 798.7
7988 0.5908995989962411 798.8000000000001
7989 0.5909436283211561 798.9000000000001
7990 0.5909873026756249 799
7991 0.5910297799526009 799.1
7992 0.5910721939056717 799.2
7993 0.5911146938716362 799.3000000000001
7994 0.5911572438530392 799.4000000000001
7995 0.5911997638450915 799.5
7996 0.5912420417253452 799.6
7997 0.5912840432970016 799.7
7998 0.5913256021642408 799.8000000000001
7999 0.591366815964897 799.9000000000001
8000 0.5914078642226934 800
8001 0.5914460494408272 800.1
8002 0.5914836789763535 800.2
8003 0.5915212428826817 800.3000000000001
8004 0.5915584656777634 800.4000000000001
8005 0.5915941599647357 800.5
8006 0.5916297745406065 800.6
8007 0.5916653945190669 800.7
8008 0.591701004069943 800.8000000000001
8009 0.59173660250405 800.9000000000001
8010 0.5917722535148326 801
8011 0.5918080041560514 801.1
8012 0.5918438898132991 801.2
8013 0.5918799621750263 801.3000000000001
8014 0.5919162513349483 801.4000000000001
8015 0.5919527663295289 801.5
8016 0.5919894068195799 801.6
8017 0.5920263081015209 801.7
8018 0.5920634207659188 801.8000000000001
8019 0.5921008897809035 801.9000000000001
8020 0.5921386095983407 802
8021 0.592176496425187 802.1
8022 0.592214661765642 802.2
8023 0.5922531165156157 802.3000000000001
8024 0.5922916029585977 802.4000000000001
8025 0.5923298771039957 802.5
8026 0.5923672863100189 802.6
8027 0.5924044937574091 802.7
8028 0.5924415365717282 802.8000000000001
8029 0.5924781576310618 802.9000000000001
8030 0.5925146104052373 803
8031 0.5925511752614543 803.1
8032 0.592587915386586 803.2
8033 0.5926249022600968 803.3000000000001
8034 0.5926621862420903 803.4000000000001
8035 0.5926997866862838 803.5
8036 0.5927373856963346 803.6
8037 0.5927749954607224 803.7
8038 0.5928128485776852 803.8000000000001
8039 0.5928510637776603 803.9000000000001
8040 0.5928894589722828 804
8041 0.5929282525716052 804.1
8042 0.5929663122354505 804.2
8043 0.5930031138971669 804.3000000000001
8044 0.5930405771521178 804.4000000000001
8045 0.5930787259568658 804.5
8046 0.5931175084040441 804.6
8047 0.5931568761741796 804.7
8048 0.5931967363621513 804.8000000000001
8049 0.5932354880355001 804.9000000000001
8050 0.5932746328368249 805
8051 0.5933143296981178 805.1
8052 0.5933545510635172 805.2
8053 0.5933952774436849 805.3000000000001
8054 0.5934364877690809 805.4000000000001
8055 0.5934781595231147 805.5
8056 0.5935202667513367 805.6
8057 0.5935626811711403 805.7
8058 0.5936053862357775 805.8000000000001
8059 0.5936474029051694 805.9000000000001
8060 0.5936896311155914 806
8061 0.5937320399894854 806.1
8062 0.5937745721522367 806.2
8063 0.5938170620069153 806.3000000000001
8064 0.5938591222256516 806.4000000000001
8065 0.5939008576572603 806.5
8066 0.5939424577365796 806.6
8067 0.5939839777380129 806.7
8068 0.5940254064549754 806.8000000000001
8069 0.5940664232999483 806.9000000000001
8070 0.5941073992949515 807
8071 0.5941483357744173 807.1
8072 0.5941890889436646 807.2
8073 0.5942299410112145 807.3000000000001
8074 0.5942712808958035 807.4000000000001
8075 0.5943131808363336 807.5
8076 0.5943557381988684 807.6
8077 0.594398993191311 807.7
8078 0.5944429055036897 807.8000000000001
8079 0.5944868813503033 807.9000000000001
8080 0.5945300343508274 808
8081 0.5945729379552064 808.1
8082 0.5946161299123695 808.2
8083 0.5946595885628843 808.3000000000001
8084 0.5947028241138629 808.4000000000001
8085 0.594745181561661 808.5
8086 0.5947875683127343 808.6
8087 0.5948298085102587 808.7
8088 0.5948715450779017 808.8000000000001
8089 0.5949126889048389 808.9000000000001
8090 0.5949537033026076 809
8091 0.5949944068515091 809.1
8092 0.5950348660534509 809.2
8093 0.5950750684280715 809.3000000000001
8094 0.595114956673909 809.4000000000001
8095 0.5951544590788302 809.5
8096 0.5951936191187907 809.6
8097 0.5952326355528204 809.7
8098 0.5952711364386013 809.8000000000001
8099 0.5953087792977767 809.9000000000001
8100 0.595346442249585 810
8101 0.5953841706575134 810.1
8102 0.5954220223418012 810.2
8103 0.595459718511586 810.3000000000001
8104 0.5954976312293891 810.4000000000001
8105 0.5955357459339633 810.5
8106 0.5955742767642997 810.6
8107 0.5956130728537077 810.7
8108 0.5956522460083454 810.8000000000001
8109 0.595691872841716 810.9000000000001
8110 0.5957319087686035 811
8111 0.5957722349276393 811.1
8112 0.5958127786653122 811.2
8113 0.595853483187164 811.3000000000001
8114 0.5958927860986243 811.4000000000001
8115 0.5959319437510227 811.5
8116 0.5959713421334648 811.6
8117 0.5960102805692029 811.7
8118 0.5960490385039128 811.8000000000001
8119 0.5960881007793307 811.9000000000001
8120 0.5961274785644481 812
8121 0.5961664247416618 812.1
8122 0.5962045616815683 812.2
8123 0.5962425503636034 812.3000000000001
8124 0.5962805825785186 812.4000000000001
8125 0.5963186100751395 812.5
8126 0.596356436873573 812.6
8127 0.596393894043029 812.7
8128 0.5964310599780297 812.8000000000001
8129 0.5964653695612873 812.9000000000001
8130 0.5965001197206746 813
8131 0.596535340128002 813.1
8132 0.5965710286746446 813.2
8133 0.596607030158615 813.3000000000001
8134 0.5966432694483929 813.4000000000001
8135 0.5966791040237469 813.5
8136 0.5967142016130983 813.6
8137 0.5967498114631175 813.7
8138 0.59678615138774 813.8000000000001
8139 0.596823197736298 813.9000000000001
8140 0.5968609050133414 814
8141 0.5968992426464573 814.1
8142 0.5969378476417213 814.2
8143 0.5969760761245853 814.3000000000001
8144 0.5970148575357225 814.4000000000001
8145 0.5970541236602106 814.5
8146 0.5970938171547516 814.6
8147 0.5971330913792455 814.7
8148 0.5971720615432865 814.8000000000001
8149 0.5972112785337541 814.9000000000001
8150 0.5972507326727138 815
8151 0.5972903919881971 815.1
8152 0.597330245310388 815.2
8153 0.5973702941954115 815.3000000000001
8154 0.5974105580539557 815.4000000000001
8155 0.597451058336618 815.5
8156 0.5974917997318098 815.6
8157 0.5975327590347641 815.7
8158 0.5975737745178237 815.8000000000001
8159 0.5976147597256019 815.9000000000001
8160 0.5976556032663107 816
8161 0.5976960638404401 816.1
8162 0.5977355157930987 816.2
8163 0.5977750435066561 816.3000000000001
8164 0.5978146354732828 816.4000000000001
8165 0.5978542841673871 816.5
8166 0.5978939602286267 816.6
8167 0.5979336301291859 816.7
8168 0.5979732532163948 816.8000000000001
8169 0.598012832564135 816.9000000000001
8170 0.5980523782162321 817
8171 0.5980919038098529 817.1
8172 0.5981315100346135 817.2
8173 0.5981712559670646 817.3000000000001
8174 0.5982112123332868 817.4000000000001
8175 0.5982513561536956 817.5
8176 0.5982915749127572 817.6
8177 0.5983321768168873 817.7
8178 0.5983727647195445 817.8000000000001
8179 0.5984136055271626 817.9000000000001
8180 0.5984546392961831 818
8181 0.5984959824691922 818.1
8182 0.5985376706249486 818.2
8183 0.5985796733493348 818.3000000000001
8184 0.5986220028036937 818.4000000000001
8185 0.5986628170423463 818.5
8186 0.5987033684300064 818.6
8187 0.5987442533689292 818.7
8188 0.5987853862673683 818.8000000000001
8189 0.5988267529282267 818.9000000000001
8190 0.5988662779871733 819
8191 0.5989046923810212 819.1
8192 0.5989431437909736 819.2
8193 0.5989811875084323 819.3000000000001
8194 0.5990190550659074 819.4000000000001
8195 0.5990569792191827 819.5
8196 0.5990949416242199 819.6
8197 0.5991329386402383 819.7
8198 0.5991710125696087 819.8000000000001
8199 0.5992085038852251 819.9000000000001
8200 0.5992453751662725 820
8201 0.5992823789122548 820.1
8202 0.5993195637348137 820.2
8203 0.5993569740313912 820.3000000000001
8204 0.5993946595959777 820.4000000000001
8205 0.5994321496469868 820.5
8206 0.5994694854501575 820.6
8207 0.5995072790601894 820.7
8208 0.5995455768414486 820.8000000000001
8209 0.599584345250879 820.9000000000001
8210 0.5996237191254977 821
8211 0.5996637522629756 821.1
8212 0.5997043349413298 821.2
8213 0.5997448220245675 821.3000000000001
8214 0.5997843203507751 821.4000000000001
8215 0.5998244985640035 821.5
8216 0.5998653331698816 821.6
8217 0.5999067514662177 821.7
8218 0.5999486709936535 821.8000000000001
8219 0.5999909884815218 821.9000000000001
8220 0.6000336164802071 822
8221 0.6000764528970643 822.1
8222 0.6001193676906066 822.2
8223 0.6001622219846583 822.3000000000001
8224 0.6002048687007818 822.4000000000001
8225 0.6002460971289996 822.5
8226 0.6002867723826559 822.6
8227 0.6003271814231057 822.7
8228 0.6003673574636172 822.8000000000001
8229 0.6004072820004789 822.9000000000001
8230 0.6004469629603437 823
8231 0.6004862952584648 823.1
8232 0.600525136536716 823.2
8233 0.6005638342409793 823.3000000000001
8234 0.6006024500638951 823.4000000000001
8235 0.6006409531851697 823.5
8236 0.6006795959292635 823.6
8237 0.6007182867984413 823.7
8238 0.6007572670324164 823.8000000000001
8239 0.6007965762422192 823.9000000000001
8240 0.6008361630766608 824
8241 0.6008748155630058 824.1
8242 0.6009134872890937 824.2
8243 0.6009524402396257 824.3000000000001
8244 0.6009916062646198 824.4000000000001
8245 0.6010302248474511 824.5
8246 0.6010689018695993 824.6
8247 0.6011077445754596 824.7
8248 0.6011467331165663 824.8000000000001
8249 0.6011858284603721 824.9000000000001
8250 0.6012249889199971 825
8251 0.6012633853950679 825.1
8252 0.6013008074127335 825.2
8253 0.6013380516444989 825.3000000000001
8254 0.6013752781161424 825.4000000000001
8255 0.6014124699080352 825.5
8256 0.6014490918281823 825.6
8257 0.6014845359863102 825.7
8258 0.6015198586487018 825.8000000000001
8259 0.6015551545502439 825.9000000000001
8260 0.6015902830504656 826
8261 0.601624910387126 826.1
8262 0.6016579155547388 826.2
8263 0.6016902356012445 826.3000000000001
8264 0.6017229041409458 826.4000000000001
8265 0.6017559010237966 826.5
8266 0.601789376216833 826.6
8267 0.6018233228901124 826.7
8268 0.6018578139123137 826.8000000000001
8269 0.6018928661540575 826.9000000000001
8270 0.6019284880715674 827
8271 0.6019646771672625 827.1
8272 0.6020014232454908 827.2
8273 0.6020387167876093 827.3000000000001
8274 0.6020765430398088 827.4000000000001
8275 0.6021149014298617 827.5
8276 0.6021535652730118 827.6
8277 0.6021917336585169 827.7
8278 0.602230079835366 827.8000000000001
8279 0.6022682894773572 827.9000000000001
8280 0.6023070657365407 828
8281 0.6023461782464163 828.1
8282 0.6023856454692899 828.2
8283 0.6024257932987198 828.3000000000001
8284 0.6024666128260177 828.4000000000001
8285 0.6025080800469503 828.5
8286 0.6025501515084395 828.6
8287 0.6025927448848439 828.7
8288 0.6026357515281936 828.8000000000001
8289 0.6026790733376127 828.9000000000001
8290 0.6027225867687325 829
8291 0.602766185677438 829.1
8292 0.602809890159211 829.2
8293 0.6028530960641698 829.3000000000001
8294 0.6028958634229097 829.4000000000001
8295 0.6029384740583695 829.5
8296 0.6029811001255375 829.6
8297 0.6030234597109647 829.7
8298 0.6030644275178375 829.8000000000001
8299 0.6031052347220852 829.9000000000001
8300 0.6031458773278364 830
8301 0.6031862072557724 830.1
8302 0.6032258026926545 830.2
8303 0.6032653104654481 830.3000000000001
8304 0.603304738806682 830.4000000000001
8305 0.6033438215329999 830.5
8306 0.6033825279456713 830.6
8307 0.6034213281543039 830.7
8308 0.6034602419274138 830.8000000000001
8309 0.6034992729047454 830.9000000000001
8310 0.6035383892411071 831
8311 0.6035775232462989 831.1
8312 0.6036165983129846 831.2
8313 0.6036555502832528 831.3000000000001
8314 0.6036943387755991 831.4000000000001
8315 0.6037329348752101 831.5
8316 0.603771344968976 831.6
8317 0.6038097232432065 831.7
8318 0.603848145057696 831.8000000000001
8319 0.6038866427269988 831.9000000000001
8320 0.6039252544458344 832
8321 0.603964032723507 832.1
8322 0.6040028432467872 832.2
8323 0.6040417510095741 832.3000000000001
8324 0.604080301497661 832.4000000000001
8325 0.6041182154741065 832.5
8326 0.6041565613699947 832.6
8327 0.6041953550734771 832.7
8328 0.6042340610266635 832.8000000000001
8329 0.6042719411368613 832.9000000000001
8330 0.6043103897773715 833
8331 0.6043493886883832 833.1
8332 0.6043888569419346 833.2
8333 0.6044287086026984 833.3000000000001
8334 0.604468862183831 833.4000000000001
8335 0.6045092775004608 833.5
8336 0.6045483151516031 833.6
8337 0.6045864813203778 833.7
8338 0.60462413900403 833.8000000000001
8339 0.6046605526977817 833.9000000000001
8340 0.60469699877238 834
8341 0.6047334598985444 834.1
8342 0.6047699453471386 834.2
8343 0.6048064851181635 834.3000000000001
8344 0.6048431182588533 834.4000000000001
8345 0.6048798428714554 834.5
8346 0.604916753112416 834.6
8347 0.6049539003416381 834.7
8348 0.6049913332028483 834.8000000000001
8349 0.6050290963479199 834.9000000000001
8350 0.6050671709952568 835
8351 0.6051048690876083 835.1
8352 0.6051429875869903 835.2
8353 0.6051815604873284 835.3000000000001
8354 0.6052205890439493 835.4000000000001
8355 0.6052600581594638 835.5
8356 0.6052999040665431 835.6
8357 0.6053400283258226 835.7
8358 0.6053803484097267 835.8000000000001
8359 0.6054207811766008 835.9000000000001
8360 0.6054613177423251 836
8361 0.6055019564345769 836.1
8362 0.605542200329964 836.2
8363 0.6055816682194102 836.3000000000001
8364 0.6056208437104389 836.4000000000001
8365 0.6056600164441631 836.5
8366 0.6056994911113425 836.6
8367 0.6057381539624198 836.7
8368 0.6057752350190169 836.8000000000001
8369 0.6058123425792885 836.9000000000001
8370 0.6058495836906187 837
8371 0.6058868656374178 837.1
8372 0.6059241784294047 837.2
8373 0.6059615020142299 837.3000000000001
8374 0.6059988534123677 837.4000000000001
8375 0.6060362572302345 837.5
8376 0.6060737170641649 837.6
8377 0.6061112524322757 837.7
8378 0.606148852593814 837.8000000000001
8379 0.6061865508280823 837.9000000000001
8380 0.6062244176757614 838
8381 0.6062624418610912 838.1
8382 0.6063005942420433 838.2
8383 0.6063388413573184 838.3000000000001
8384 0.6063771437404289 838.4000000000001
8385 0.6064154584627427 838.5
8386 0.6064537497234013 838.6
8387 0.6064920328229221 838.7
8388 0.6065303860172527 838.8000000000001
8389 0.6065682457428465 838.9000000000001
8390 0.6066054155580959 839
8391 0.6066421185895673 839.1
8392 0.6066791635112688 839.2
8393 0.6067165788425782 839.3000000000001
8394 0.6067544003669292 839.4000000000001
8395 0.6067926644593393 839.5
8396 0.6068314004917726 839.6
8397 0.6068705825900728 839.7
8398 0.6069101989550815 839.8000000000001
8399 0.6069503432781266 839.9000000000001
8400 0.6069887061884354 840
8401 0.6070274929913181 840.1
8402 0.6070670356689347 840.2
8403 0.6071073580012681 840.3000000000001
8404 0.6071484377600793 840.4000000000001
8405 0.607188852346764 840.5
8406 0.6072293109976334 840.6
8407 0.6072702099672996 840.7
8408 0.6073114638168995 840.8000000000001
8409 0.6073528845756317 840.9000000000001
8410 0.6073944764443466 841
8411 0.6074361332989289 841.1
8412 0.6074777657937819 841.2
8413 0.607519300687109 841.3000000000001
8414 0.6075592201253797 841.4000000000001
8415 0.6075980717640994 841.5
8416 0.6076367858414593 841.6
8417 0.6076753703725182 841.7
8418 0.607713856899274 841.8000000000001
8419 0.607752233781486 841.9000000000001
8420 0.6077899330782223 842
8421 0.6078272300334384 842.1
8422 0.6078642295968655 842.2
8423 0.6079010256408957 842.3000000000001
8424 0.6079378047281923 842.4000000000001
8425 0.6079745566986156 842.5
8426 0.6080112736669814 842.6
8427 0.6080480365590953 842.7
8428 0.6080849018234736 842.8000000000001
8429 0.6081218793910336 842.9000000000001
8430 0.6081589840939048 843
8431 0.6081958569640026 843.1
8432 0.608232609107728 843.2
8433 0.6082696706535839 843.3000000000001
8434 0.6083070889203075 843.4000000000001
8435 0.6083448771107878 843.5
8436 0.6083830176295557 843.6
8437 0.6084215823178435 843.7
8438 0.6084605424002634 843.8000000000001
8439 0.6084993592221427 843.9000000000001
8440 0.6085372130590077 844
8441 0.6085754778287844 844.1
8442 0.6086141626433602 844.2
8443 0.6086533218572762 844.3000000000001
8444 0.6086929613969548 844.4000000000001
8445 0.6087322772645279 844.5
8446 0.6087710907118494 844.6
8447 0.6088103584041638 844.7
8448 0.6088500838238755 844.8000000000001
8449 0.6088902512310244 844.9000000000001
8450 0.6089308189508272 845
8451 0.608971720523895 845.1
8452 0.6090128621104697 845.2
8453 0.6090541168777989 845.3000000000001
8454 0.6090953625724912 845.4000000000001
8455 0.6091364527590917 845.5
8456 0.6091769993260899 845.6
8457 0.6092164545552785 845.7
8458 0.6092555846761089 845.8000000000001
8459 0.6092944264672093 845.9000000000001
8460 0.6093331432235207 846
8461 0.6093717704758645 846.1
8462 0.6094101930690417 846.2
8463 0.6094483521980054 846.3000000000001
8464 0.6094862352719769 846.4000000000001
8465 0.6095242564809507 846.5
8466 0.609562446911914 846.6
8467 0.6096008213323699 846.7
8468 0.6096393677077495 846.8000000000001
8469 0.6096780460609231 846.9000000000001
8470 0.6097167978065715 847
8471 0.609755560176752 847.1
8472 0.6097927376942144 847.2
8473 0.6098300507921733 847.3000000000001
8474 0.6098675933708629 847.4000000000001
8475 0.6099053372121087 847.5
8476 0.6099432511732346 847.6
8477 0.6099809062708015 847.7
8478 0.610018746202968 847.8000000000001
8479 0.610056864031616 847.9000000000001
8480 0.6100953496138337 848
8481 0.6101337166050178 848.1
8482 0.6101710701167293 848.2
8483 0.6102086987571891 848.3000000000001
8484 0.610246629844062 848.4000000000001
8485 0.6102848453408948 848.5
8486 0.6103232671034154 848.6
8487 0.6103618128465648 848.7
8488 0.6104004574358957 848.8000000000001
8489 0.6104383362886959 848.9000000000001
8490 0.6104761941973318 849
8491 0.6105141502152716 849.1
8492 0.6105519680405536 849.2
8493 0.6105889684878406 849.3000000000001
8494 0.6106254094407156 849.4000000000001
8495 0.6106618350203973 849.5
8496 0.6106985651091573 849.6
8497 0.610735591530231 849.7
8498 0.6107728938211691 849.8000000000001
8499 0.6108104314086966 849.9000000000001
8500 0.6108482255532569 850
8501 0.6108857491057001 850.1
8502 0.6109231430948954 850.2
8503 0.610960807216298 850.3000000000001
8504 0.6109987823906862 850.4000000000001
8505 0.6110370382547146 850.5
8506 0.6110755433275197 850.6
8507 0.611114265041973 850.7
8508 0.6111530665317909 850.8000000000001
8509 0.6111920510169269 850.9000000000001
8510 0.6112312881490122 851
8511 0.6112707705996155 851.1
8512 0.6113105031528294 851.2
8513 0.61135047957194 851.3000000000001
8514 0.6113903589780003 851.4000000000001
8515 0.6114295132970008 851.5
8516 0.6114689844566628 851.6
8517 0.6115087826268962 851.7
8518 0.6115488417710399 851.8000000000001
8519 0.6115891629764159 851.9000000000001
8520 0.6116297711109963 852
8521 0.6116706893286781 852.1
8522 0.6117119813074097 852.2
8523 0.6117536229695139 852.3000000000001
8524 0.6117955883511655 852.4000000000001
8525 0.6118378170456165 852.5
8526 0.6118800851292384 852.6
8527 0.6119224020668312 852.7
8528 0.6119647910950795 852.8000000000001
8529 0.6120062150207225 852.9000000000001
8530 0.612046552118803 853
8531 0.6120866285363328 853.1
8532 0.6121256652444428 853.2
8533 0.6121648297832116 853.3000000000001
8534 0.6122040979134776 853.4000000000001
8535 0.6122434031867058 853.5
8536 0.6122827702825029 853.6
8537 0.6123221492692849 853.7
8538 0.6123614987403598 853.8000000000001
8539 0.6124008934120228 853.9000000000001
8540 0.6124389428784187 854
8541 0.6124759013127204 854.1
8542 0.6125131420548791 854.2
8543 0.6125507011884309 854.3000000000001
8544 0.6125885228759373 854.4000000000001
8545 0.6126265724931366 854.5
8546 0.6126638430060278 854.6
8547 0.6126996495141985 854.7
8548 0.6127354492072226 854.8000000000001
8549 0.6127715666213728 854.9000000000001
8550 0.6128080483065289 855
8551 0.6128449074394905 855.1
8552 0.6128821378542691 855.2
8553 0.6129197116112866 855.3000000000001
8554 0.6129575710361514 855.4000000000001
8555 0.6129956837857212 855.5
8556 0.6130339419992892 855.6
8557 0.6130722557358983 855.7
8558 0.6131105718506884 855.8000000000001
8559 0.6131488319461058 855.9000000000001
8560 0.6131868921726628 856
8561 0.6132241961225909 856.1
8562 0.6132608081490255 856.2
8563 0.6132976761472411 856.3000000000001
8564 0.6133347793805797 856.4000000000001
8565 0.6133722171937955 856.5
8566 0.613410067016475 856.6
8567 0.613448028324331 856.7
8568 0.6134840278656719 856.8000000000001
8569 0.6135199307286932 856.9000000000001
8570 0.6135564076602525 857
8571 0.6135934555378136 857.1
8572 0.6136307874312552 857.2
8573 0.6136682934327577 857.3000000000001
8574 0.6137061553539255 857.4000000000001
8575 0.6137443793538978 857.5
8576 0.6137828865783663 857.6
8577 0.6138215930175973 857.7
8578 0.6138603710711256 857.8000000000001
8579 0.613898926883218 857.9000000000001
8580 0.6139374961617569 858
8581 0.613974737794329 858.1
8582 0.6140117202011729 858.2
8583 0.6140487782702256 858.3000000000001
8584 0.6140859568224779 858.4000000000001
8585 0.6141233179262937 858.5
8586 0.6141608971118909 858.6
8587 0.6141987435774086 858.7
8588 0.6142369274141189 858.8000000000001
8589 0.6142755295732638 858.9000000000001
8590 0.6143145701863578 859
8591 0.6143540301432586 859.1
8592 0.6143938862239152 859.2
8593 0.6144337177326317 859.3000000000001
8594 0.6144727653510749 859.4000000000001
8595 0.6145106186291998 859.5
8596 0.6145486810515924 859.6
8597 0.6145868776758868 859.7
8598 0.6146251305445475 859.8000000000001
8599 0.6146633887332219 859.9000000000001
8600 0.6147016214525414 860
8601 0.6147398308074565 860.1
8602 0.6147781043467968 860.2
8603 0.6148164980165691 860.3000000000001
8604 0.6148550022706439 860.4000000000001
8605 0.6148935487500828 860.5
8606 0.6149323125300964 860.6
8607 0.6149712243705125 860.7
8608 0.6150101990749987 860.8000000000001
8609 0.6150493580802171 860.9000000000001
8610 0.6150886508777482 861
8611 0.6151280065558025 861.1
8612 0.6151664833293096 861.2
8613 0.6152044378426176 861.3000000000001
8614 0.6152414938616646 861.4000000000001
8615 0.6152778697812256 861.5
8616 0.6153143006330711 861.6
8617 0.6153507421501797 861.7
8618 0.615387451168577 861.8000000000001
8619 0.6154244982504155 861.9000000000001
8620 0.6154619526782137 862
8621 0.6154998203613231 862.1
8622 0.6155381330407076 862.2
8623 0.6155769784543272 862.3000000000001
8624 0.6156163748085952 862.4000000000001
8625 0.6156562922060049 862.5
8626 0.6156966246185133 862.6
8627 0.6157374409124584 862.7
8628 0.6157786705305229 862.8000000000001
8629 0.6158200947329625 862.9000000000001
8630 0.6158606973345307 863
8631 0.6159002241670543 863.1
8632 0.6159395666472994 863.2
8633 0.6159787034868005 863.3000000000001
8634 0.6160164112068743 863.4000000000001
8635 0.6160543920904594 863.5
8636 0.6160924556105652 863.6
8637 0.6161307536437717 863.7
8638 0.6161693044429364 863.8000000000001
8639 0.6162081401228359 863.9000000000001
8640 0.6162466804555342 864
8641 0.6162853202214607 864.1
8642 0.6163243010632681 864.2
8643 0.6163636209119912 864.3000000000001
8644 0.6164032311129987 864.4000000000001
8645 0.616443085789614 864.5
8646 0.6164831479838891 864.6
8647 0.6165234162607078 864.7
8648 0.6165639009419919 864.8000000000001
8649 0.61660456268255 864.9000000000001
8650 0.6166451224901066 865
8651 0.6166850147010994 865.1
8652 0.6167238465951447 865.2
8653 0.6167628710992715 865.3000000000001
8654 0.6168020814967411 865.4000000000001
8655 0.6168414723048499 865.5
8656 0.6168809336817158 865.6
8657 0.6169206206192424 865.7
8658 0.616960232063564 865.8000000000001
8659 0.6169987347675668 865.9000000000001
8660 0.6170372428015751 866
8661 0.6170752919293813 866.1
8662 0.6171135726129681 866.2
8663 0.6171520840384804 866.3000000000001
8664 0.6171908336783039 866.4000000000001
8665 0.6172298334789619 866.5
8666 0.6172690993787693 866.6
8667 0.617308649089083 866.7
8668 0.6173484992303736 866.8000000000001
8669 0.6173886679837022 866.9000000000001
8670 0.6174291750626049 867
8671 0.617468815589666 867.1
8672 0.6175069386243048 867.2
8673 0.6175454621285568 867.3000000000001
8674 0.6175843668377995 867.4000000000001
8675 0.6176235333018237 867.5
8676 0.617663002022915 867.6
8677 0.6177027836172987 867.7
8678 0.6177428438321078 867.8000000000001
8679 0.6177831607897711 867.9000000000001
8680 0.6178236607441849 868
8681 0.6178640890957955 868.1
8682 0.6179023365440066 868.2
8683 0.6179409479407189 868.3000000000001
8684 0.617978602471037 868.4000000000001
8685 0.6180150602080144 868.5
8686 0.6180514228049818 868.6
8687 0.6180877806204073 868.7
8688 0.6181241922995127 868.8000000000001
8689 0.6181606313361971 868.9000000000001
8690 0.6181970664216255 869
8691 0.6182334641602912 869.1
8692 0.6182698332433945 869.2
8693 0.6183062546124822 869.3000000000001
8694 0.6183426517680108 869.4000000000001
8695 0.6183788112269485 869.5
8696 0.6184145951341745 869.6
8697 0.6184502695451564 869.7
8698 0.6184861567996018 869.8000000000001
8699 0.6185222594522155 869.9000000000001
8700 0.6185579185958302 870
8701 0.6185933617362689 870.1
8702 0.6186285708311168 870.2
8703 0.6186640123686312 870.3000000000001
8704 0.6186998212073892 870.4000000000001
8705 0.618736070665634 870.5
8706 0.6187727812980907 870.6
8707 0.6188099404775355 870.7
8708 0.6188474886007537 870.8000000000001
8709 0.6188854716103943 870.9000000000001
8710 0.6189236627821575 871
8711 0.6189620863247726 871.1
8712 0.6190006423073185 871.2
8713 0.6190388618524245 871.3000000000001
8714 0.6190769213969805 871.4000000000001
8715 0.6191141125114408 871.5
8716 0.6191515626689549 871.6
8717 0.6191891329058641 871.7
8718 0.6192268711532569 871.8000000000001
8719 0.6192648641151038 871.9000000000001
8720 0.6193030335925873 872
8721 0.6193413177032135 872.1
8722 0.6193796713197328 872.2
8723 0.6194180916048564 872.3000000000001
8724 0.619456528151216 872.4000000000001
8725 0.6194943560132742 872.5
8726 0.6195321474062061 872.6
8727 0.6195699427240385 872.7
8728 0.6196078284593255 872.8000000000001
8729 0.6196458222391334 872.9000000000001
8730 0.6196839054455673 873
8731 0.619721742302884 873.1
8732 0.6197578631572463 873.2
8733 0.6197936891689102 873.3000000000001
8734 0.6198297080888345 873.4000000000001
8735 0.6198659126732221 873.5
8736 0.61990229927009 873.6
8737 0.6199388593259996 873.7
8738 0.6199755697741088 873.8000000000001
8739 0.6200123990007567 873.9000000000001
8740 0.6200493475374637 874
8741 0.6200864288043033 874.1
8742 0.6201236743730962 874.2
8743 0.6201611267122309 874.3000000000001
8744 0.6201988944669716 874.4000000000001
8745 0.6202359557731277 874.5
8746 0.6202728834448692 874.6
8747 0.6203101141988918 874.7
8748 0.620347654945118 874.8000000000001
8749 0.6203855467327416 874.9000000000001
8750 0.6204238118881296 875
8751 0.6204624635620356 875.1
8752 0.6205014647964271 875.2
8753 0.6205406999737195 875.3000000000001
8754 0.620580349570972 875.4000000000001
8755 0.6206193323424101 875.5
8756 0.6206579631242637 875.6
8757 0.620697119024628 875.7
8758 0.6207367456775725 875.8000000000001
8759 0.6207767475319947 875.9000000000001
8760 0.6208170052506342 876
8761 0.6208574240861487 876.1
8762 0.6208976737260617 876.2
8763 0.6209350712405771 876.3000000000001
8764 0.6209721350530651 876.4000000000001
8765 0.6210093964871266 876.5
8766 0.6210469217985841 876.6
8767 0.6210847968856227 876.7
8768 0.6211228299889564 876.8000000000001
8769 0.6211612726671509 876.9000000000001
8770 0.6212002572866757 877
8771 0.6212399027213262 877.1
8772 0.6212801987552923 877.2
8773 0.6213211102299417 877.3000000000001
8774 0.6213615418664729 877.4000000000001
8775 0.6214021210904102 877.5
8776 0.6214430996060895 877.6
8777 0.6214843966611534 877.7
8778 0.6215259048555871 877.8000000000001
8779 0.6215675155811813 877.9000000000001
8780 0.6216084223534983 878
8781 0.6216491432126821 878.1
8782 0.6216896887417044 878.2
8783 0.6217302903480839 878.3000000000001
8784 0.6217709847234233 878.4000000000001
8785 0.6218117871190506 878.5
8786 0.6218527209588378 878.6
8787 0.6218935092524119 878.7
8788 0.6219344951846817 878.8000000000001
8789 0.6219758568891133 878.9000000000001
8790 0.62201590524527 879
8791 0.6220558887848284 879.1
8792 0.6220958845705069 879.2
8793 0.6221353913612615 879.3000000000001
8794 0.6221749773849392 879.4000000000001
8795 0.6222145782205372 879.5
8796 0.6222541769369103 879.6
8797 0.6222934257150833 879.7
8798 0.6223324169996034 879.8000000000001
8799 0.6223710567733439 879.9000000000001
8800 0.6224092322858857 880
8801 0.6224470456267949 880.1
8802 0.622484565911415 880.2
8803 0.6225217399390158 880.3000000000001
8804 0.622557886053803 880.4000000000001
8805 0.6225933461637437 880.5
8806 0.6226285014222126 880.6
8807 0.6226634548926721 880.7
8808 0.6226975963301384 880.8000000000001
8809 0.6227317069874397 880.9000000000001
8810 0.6227658390609676 881
8811 0.6227998721124191 881.1
8812 0.6228338190894822 881.2
8813 0.6228673616554636 881.3000000000001
8814 0.6229004566761696 881.4000000000001
8815 0.6229339072086254 881.5
8816 0.6229677192942211 881.6
8817 0.6230018928573097 881.7
8818 0.6230364268059089 881.8000000000001
8819 0.6230713216775046 881.9000000000001
8820 0.6231065820639554 882
8821 0.6231422162064703 882.1
8822 0.6231782351485247 882.2
8823 0.6232143382957053 882.3000000000001
8824 0.6232486373577134 882.4000000000001
8825 0.6232834703191867 882.5
8826 0.6233188740988508 882.6
8827 0.6233549224203914 882.7
8828 0.6233916234772819 882.8000000000001
8829 0.6234289739486574 882.9000000000001
8830 0.6234669536627877 883
8831 0.6235055157728422 883.1
8832 0.6235446101732383 883.2
8833 0.623584146864435 883.3000000000001
8834 0.6236239945479699 883.4000000000001
8835 0.6236639977897723 883.5
8836 0.6237017904765179 883.6
8837 0.6237388679658014 883.7
8838 0.6237749888775718 883.8000000000001
8839 0.6238103473159723 883.9000000000001
8840 0.6238456008865827 884
8841 0.6238809378156589 884.1
8842 0.6239162443003783 884.2
8843 0.6239516166207941 884.3000000000001
8844 0.6239870825845878 884.4000000000001
8845 0.6240227564180458 884.5
8846 0.6240586629280501 884.6
8847 0.6240948145586415 884.7
8848 0.6241312150908321 884.8000000000001
8849 0.6241678780970307 884.9000000000001
8850 0.624204790231356 885
8851 0.6242408477699003 885.1
8852 0.6242771200523884 885.2
8853 0.6243134332839554 885.3000000000001
8854 0.624349790571372 885.4000000000001
8855 0.6243860558154645 885.5
8856 0.6244225795387084 885.6
8857 0.6244593859480462 885.7
8858 0.6244964910797175 885.8000000000001
8859 0.624533909685431 885.9000000000001
8860 0.6245716262321779 886
8861 0.6246095659381656 886.1
8862 0.6246478832639715 886.2
8863 0.624686671546792 886.3000000000001
8864 0.6247252514753612 886.4000000000001
8865 0.6247634365685877 886.5
8866 0.6248020373636889 886.6
8867 0.6248410014916168 886.7
8868 0.6248803067163256 886.8000000000001
8869 0.6249199148025955 886.9000000000001
8870 0.6249597592997846 887
8871 0.6249997379262181 887.1
8872 0.6250397253238588 887.2
8873 0.6250795947668365 887.3000000000001
8874 0.6251181562516687 887.4000000000001
8875 0.6251564617142035 887.5
8876 0.6251947010588218 887.6
8877 0.6252328825687483 887.7
8878 0.6252709866689917 887.8000000000001
8879 0.6253090236559614 887.9000000000001
8880 0.6253470333265204 888
8881 0.6253850905433593 888.1
8882 0.6254232924449095 888.2
8883 0.6254615797745372 888.3000000000001
8884 0.6255000054396465 888.4000000000001
8885 0.625538915013313 888.5
8886 0.6255783865741227 888.6
8887 0.6256184703729485 888.7
8888 0.6256591940687046 888.8000000000001
8889 0.6257005655778334 888.9000000000001
8890 0.6257403999391592 889
8891 0.6257801900147283 889.1
8892 0.6258194223546846 889.2
8893 0.6258586101255007 889.3000000000001
8894 0.6258969614336337 889.4000000000001
8895 0.6259350110805124 889.5
8896 0.6259729986071824 889.6
8897 0.6260105042072874 889.7
8898 0.6260481903982281 889.8000000000001
8899 0.6260860039954227 889.9000000000001
8900 0.6261239302614156 890
8901 0.6261616262755214 890.1
8902 0.6261993034855116 890.2
8903 0.6262371298280243 890.3000000000001
8904 0.6262751800794155 890.4000000000001
8905 0.6263134934412447 890.5
8906 0.6263520474539053 890.6
8907 0.6263907542797786 890.7
8908 0.6264295861069715 890.8000000000001
8909 0.6264683719920892 890.9000000000001
8910 0.6265051681786571 891
8911 0.6265409458301174 891.1
8912 0.6265759768123406 891.2
8913 0.6266112080597641 891.3000000000001
8914 0.6266466968907684 891.4000000000001
8915 0.6266821329786142 891.5
8916 0.6267177437593195 891.6
8917 0.6267534072487597 891.7
8918 0.6267882839292442 891.8000000000001
8919 0.6268233571071647 891.9000000000001
8920 0.6268586114217652 892
8921 0.6268940254722877 892.1
8922 0.6269293115316511 892.2
8923 0.6269647381823392 892.3000000000001
8924 0.6270003083863437 892.4000000000001
8925 0.6270360088008197 892.5
8926 0.6270718326468763 892.6
8927 0.6271077698151635 892.7
8928 0.6271438111672708 892.8000000000001
8929 0.6271799479633162 892.9000000000001
8930 0.6272161360368104 893
8931 0.6272523761910969 893.1
8932 0.627288710022608 893.2
8933 0.6273251404562745 893.3000000000001
8934 0.6273616744901237 893.4000000000001
8935 0.6273983224435227 893.5
8936 0.6274350990005593 893.6
8937 0.6274720189727528 893.7
8938 0.6275090997735384 893.8000000000001
8939 0.6275463326513402 893.9000000000001
8940 0.6275837178681136 894
8941 0.6276212507125877 894.1
8942 0.6276588872083206 894.2
8943 0.6276965924298724 894.3000000000001
8944 0.6277343634327341 894.4000000000001
8945 0.6277722388463504 894.5
8946 0.6278102512779423 894.6
8947 0.6278474825416887 894.7
8948 0.6278848600387832 894.8000000000001
8949 0.6279224877301107 894.9000000000001
8950 0.6279603946699034 895
8951 0.6279986118400704 895.1
8952 0.628037157884866 895.2
8953 0.6280759484020901 895.3000000000001
8954 0.6281150196366198 895.4000000000001
8955 0.6281521421670455 895.5
8956 0.6281890892569419 895.6
8957 0.628226525879635 895.7
8958 0.6282644261791493 895.8000000000001
8959 0.6283027115116886 895.9000000000001
8960 0.628339598560517 896
8961 0.6283767455367614 896.1
8962 0.628414131483149 896.2
8963 0.6284516560968927 896.3000000000001
8964 0.6284881214550003 896.4000000000001
8965 0.6285234258113107 896.5
8966 0.6285574941446826 896.6
8967 0.6285917488765588 896.7
8968 0.6286262475532345 896.8000000000001
8969 0.6286608707698926 896.9000000000001
8970 0.6286956887717926 897
8971 0.6287294475845921 897.1
8972 0.6287633774268848 897.2
8973 0.6287973185059094 897.3000000000001
8974 0.6288315926280204 897.4000000000001
8975 0.6288662378050225 897.5
8976 0.628901286527112 897.6
8977 0.6289367617117202 897.7
8978 0.6289726260659778 897.8000000000001
8979 0.6290089100657948 897.9000000000001
8980 0.6290456046377936 898
8981 0.6290826735552301 898.1
8982 0.6291200542002411 898.2
8983 0.6291577053785163 898.3000000000001
8984 0.6291956564786302 898.4000000000001
8985 0.6292339705965312 898.5
8986 0.6292726181621375 898.6
8987 0.6293107866786025 898.7
8988 0.6293492206986065 898.8000000000001
8989 0.6293866420739872 898.9000000000001
8990 0.6294241729542625 899
8991 0.6294619259748466 899.1
8992 0.6294998174218264 899.2
8993 0.6295367441009224 899.3000000000001
8994 0.6295733067345201 899.4000000000001
8995 0.6296099177365713 899.5
8996 0.6296465443628243 899.6
8997 0.6296831985991925 899.7
8998 0.6297199132805573 899.8000000000001
8999 0.629756404418123 899.9000000000001
9000 0.6297928729032825 900
9001 0.6298296697355764 900.1
9002 0.6298668649201837 900.2
9003 0.629904530038238 900.3000000000001
9004 0.6299423517349912 900.4000000000001
9005 0.6299793642183438 900.5
9006 0.6300170180030865 900.6
9007 0.6300553338976603 900.7
9008 0.6300943080524367 900.8000000000001
9009 0.6301339023913847 900.9000000000001
9010 0.6301740408218246 901
9011 0.630214612451826 901.1
9012 0.6302554082572223 901.2
9013 0.6302962430106807 901.3000000000001
9014 0.6303366302948999 901.4000000000001
9015 0.6303758389355073 901.5
9016 0.6304141518172155 901.6
9017 0.630451570507998 901.7
9018 0.6304886655288715 901.8000000000001
9019 0.6305254451029187 901.9000000000001
9020 0.630561953802341 902
9021 0.6305983097730364 902.1
9022 0.6306346108459016 902.2
9023 0.6306709592273625 902.3000000000001
9024 0.6307074547603693 902.4000000000001
9025 0.6307441910127524 902.5
9026 0.6307812520156985 902.6
9027 0.6308187080128769 902.7
9028 0.6308555462458544 902.8000000000001
9029 0.6308913288178943 902.9000000000001
9030 0.6309273367760198 903
9031 0.6309625680767318 903.1
9032 0.6309984199399343 903.2
9033 0.6310348416359443 903.3000000000001
9034 0.6310716524893224 903.4000000000001
9035 0.6311072823065604 903.5
9036 0.6311431692006069 903.6
9037 0.6311792843719006 903.7
9038 0.6312155858464814 903.8000000000001
9039 0.6312520286740535 903.9000000000001
9040 0.631288569228141 904
9041 0.6313251633949672 904.1
9042 0.6313617630228073 904.2
9043 0.6313983481106082 904.3000000000001
9044 0.6314349390098398 904.4000000000001
9045 0.6314704653642706 904.5
9046 0.6315058704964043 904.6
9047 0.6315411990398953 904.7
9048 0.6315763536920449 904.8000000000001
9049 0.6316113475348264 904.9000000000001
9050 0.6316463076893153 905
9051 0.6316812949940898 905.1
9052 0.6317161969479909 905.2
9053 0.6317512041419439 905.3000000000001
9054 0.6317863188727277 905.4000000000001
9055 0.6318215545016016 905.5
9056 0.6318569387793005 905.6
9057 0.6318925076028639 905.7
9058 0.6319282586592555 905.8000000000001
9059 0.6319642178379664 905.9000000000001
9060 0.6320003931758252 906
9061 0.6320367723763518 906.1
9062 0.6320733400855119 906.2
9063 0.6321100740937033 906.3000000000001
9064 0.6321469451462781 906.4000000000001
9065 0.6321839673594185 906.5
9066 0.6322211409472099 906.6
9067 0.6322575131071404 906.7
9068 0.6322941834381124 906.8000000000001
9069 0.632331129185506 906.9000000000001
9070 0.6323683489364464 907
9071 0.6324058607814771 907.1
9072 0.6324436959386623 907.2
9073 0.6324818888076923 907.3000000000001
9074 0.6325204363727237 907.4000000000001
9075 0.6325593482919765 907.5
9076 0.6325975924219224 907.6
9077 0.632635342140345 907.7
9078 0.6326734864117812 907.8000000000001
9079 0.6327118986693736 907.9000000000001
9080 0.6327507332904406 908
9081 0.6327900212720258 908.1
9082 0.6328297525376129 908.2
9083 0.6328698907757173 908.3000000000001
9084 0.6329103358945375 908.4000000000001
9085 0.6329493228124436 908.5
9086 0.632988507629869 908.6
9087 0.633027802827934 908.7
9088 0.6330670982747104 908.8000000000001
9089 0.6331052345390473 908.9000000000001
9090 0.6331431450753461 909
9091 0.6331809629211373 909.1
9092 0.6332188017348966 909.2
9093 0.6332566439893923 909.3000000000001
9094 0.6332943009251302 909.4000000000001
9095 0.6333289036774961 909.5
9096 0.6333627530324937 909.6
9097 0.6333962760007319 909.7
9098 0.6334297613686105 909.8000000000001
9099 0.6334632829575848 909.9000000000001
9100 0.6334969153192697 910
9101 0.6335307027056361 910.1
9102 0.6335646690033349 910.2
9103 0.633598839214619 910.3000000000001
9104 0.6336332389150936 910.4000000000001
9105 0.6336675536877123 910.5
9106 0.6336999497328257 910.6
9107 0.6337328134077234 910.7
9108 0.633766167891506 910.8000000000001
9109 0.6338000340379228 910.9000000000001
9110 0.6338344305192357 911
9111 0.6338693520845319 911.1
9112 0.6339047902263715 911.2
9113 0.6339407286329277 911.3000000000001
9114 0.6339771366560769 911.4000000000001
9115 0.6340139688612469 911.5
9116 0.6340500883734085 911.6
9117 0.6340864351589365 911.7
9118 0.6341231560565211 911.8000000000001
9119 0.6341602334041485 911.9000000000001
9120 0.6341976495704277 912
9121 0.6342353984481452 912.1
9122 0.6342734864519836 912.2
9123 0.634311930286298 912.3000000000001
9124 0.6343507563850084 912.4000000000001
9125 0.6343881845840844 912.5
9126 0.6344255420423579 912.6
9127 0.6344632858091116 912.7
9128 0.63450140983369 912.8000000000001
9129 0.6345398987564224 912.9000000000001
9130 0.6345787323044784 913
9131 0.6346178819584309 913.1
9132 0.6346573135295616 913.2
9133 0.6346969703821886 913.3000000000001
9134 0.6347367935851589 913.4000000000001
9135 0.6347767270470048 913.5
9136 0.6348167322744224 913.6
9137 0.6348567737363877 913.7
9138 0.6348968226690195 913.8000000000001
9139 0.6349368636686128 913.9000000000001
9140 0.6349769053280697 914
9141 0.6350170090716222 914.1
9142 0.6350572077913488 914.2
9143 0.6350974866084897 914.3000000000001
9144 0.6351378110630768 914.4000000000001
9145 0.6351777827843592 914.5
9146 0.6352173426970522 914.6
9147 0.6352545974079014 914.7
9148 0.6352919790350753 914.8000000000001
9149 0.6353294939952323 914.9000000000001
9150 0.6353671225159779 915
9151 0.6354046987314255 915.1
9152 0.6354421898197612 915.2
9153 0.6354796409380963 915.3000000000001
9154 0.6355171612713976 915.4000000000001
9155 0.6355547894249264 915.5
9156 0.6355925362717975 915.6
9157 0.6356293110705761 915.7
9158 0.6356649790908667 915.8000000000001
9159 0.6357002937464775 915.9000000000001
9160 0.6357353147764958 916
9161 0.6357703607024148 916.1
9162 0.6358054843322577 916.2
9163 0.6358400932481828 916.3000000000001
9164 0.635874068568259 916.4000000000001
9165 0.6359082374088507 916.5
9166 0.6359425654472068 916.6
9167 0.6359770743622383 916.7
9168 0.6360117842465843 916.8000000000001
9169 0.6360465033349474 916.9000000000001
9170 0.636080252852662 917
9171 0.6361139457734368 917.1
9172 0.636146912348054 917.2
9173 0.6361794553037085 917.3000000000001
9174 0.6362117974997346 917.4000000000001
9175 0.6362438342310959 917.5
9176 0.6362757505771561 917.6
9177 0.6363075888724105 917.7
9178 0.6363393755457734 917.8000000000001
9179 0.6363711491636121 917.9000000000001
9180 0.6364029673754028 918
9181 0.6364349267859654 918.1
9182 0.6364669772471552 918.2
9183 0.6364989496836395 918.3000000000001
9184 0.6365310155399406 918.4000000000001
9185 0.6365633125825179 918.5
9186 0.6365961136927666 918.6
9187 0.6366294660741311 918.7
9188 0.6366633131331592 918.8000000000001
9189 0.6366977218807989 918.9000000000001
9190 0.6367327595154828 919
9191 0.6367684350061996 919.1
9192 0.6368047507861765 919.2
9193 0.6368416881024229 919.3000000000001
9194 0.636879223956229 919.4000000000001
9195 0.6369170125491537 919.5
9196 0.6369537672397976 919.6
9197 0.6369909947391107 919.7
9198 0.6370284362223063 919.8000000000001
9199 0.6370661881316971 919.9000000000001
9200 0.6371043714997642 920
9201 0.637142977570187 920.1
9202 0.6371820004072108 920.2
9203 0.637221307611038 920.3000000000001
9204 0.6372608813980873 920.4000000000001
9205 0.6373006450064126 920.5
9206 0.6373395164803815 920.6
9207 0.6373777033195187 920.7
9208 0.6374158968980945 920.8000000000001
9209 0.6374538516524819 920.9000000000001
9210 0.6374915113022025 921
9211 0.6375289405204781 921.1
9212 0.6375661173375423 921.2
9213 0.6376030348756206 921.3000000000001
9214 0.6376397435089544 921.4000000000001
9215 0.6376763230282568 921.5
9216 0.6377128748544024 921.6
9217 0.6377494996687956 921.7
9218 0.6377859728660649 921.8000000000001
9219 0.6378227108240879 921.9000000000001
9220 0.63785979683212 922
9221 0.6378972730742414 922.1
9222 0.6379351747590998 922.2
9223 0.6379735295406908 922.3000000000001
9224 0.6380123583581218 922.4000000000001
9225 0.6380516735520092 922.5
9226 0.6380914786262474 922.6
9227 0.6381317690830446 922.7
9228 0.6381725314628029 922.8000000000001
9229 0.6382137513927606 922.9000000000001
9230 0.6382553039484335 923
9231 0.6382970963074783 923.1
9232 0.6383388859155105 923.2
9233 0.6383799681508531 923.3000000000001
9234 0.638421313618322 923.4000000000001
9235 0.6384629170292752 923.5
9236 0.6385045703277926 923.6
9237 0.6385462409221213 923.7
9238 0.6385878050729847 923.8000000000001
9239 0.638629156890029 923.9000000000001
9240 0.6386701101434137 924
9241 0.6387085478758112 924.1
9242 0.6387454268075833 924.2
9243 0.6387804806247216 924.3000000000001
9244 0.6388136476781183 924.4000000000001
9245 0.6388458882260154 924.5
9246 0.6388769387389109 924.6
9247 0.6389079624734293 924.7
9248 0.6389390603927572 924.8000000000001
9249 0.6389703320638609 924.9000000000001
9250 0.6390017827889209 925
9251 0.6390333997522181 925.1
9252 0.6390654419357678 925.2
9253 0.6390979224534213 925.3000000000001
9254 0.6391308350935361 925.4000000000001
9255 0.639164188557321 925.5
9256 0.6391979879792837 925.6
9257 0.639232247652079 925.7
9258 0.6392669698655005 925.8000000000001
9259 0.6393021602215918 925.9000000000001
9260 0.639337829370472 926
9261 0.6393739130499244 926.1
9262 0.6394105056319276 926.2
9263 0.6394476581748427 926.3000000000001
9264 0.6394853934448832 926.4000000000001
9265 0.639523726133447 926.5
9266 0.6395626593743935 926.6
9267 0.6396021815164783 926.7
9268 0.6396422169074982 926.8000000000001
9269 0.6396802451757045 926.9000000000001
9270 0.6397186838358377 927
9271 0.6397573934051823 927.1
9272 0.6397962303711464 927.2
9273 0.6398350271494392 927.3000000000001
9274 0.639873666066552 927.4000000000001
9275 0.6399117232212341 927.5
9276 0.6399488999952215 927.6
9277 0.6399855977034622 927.7
9278 0.6400219895725243 927.8000000000001
9279 0.640058208307743 927.9000000000001
9280 0.6400943797214016 928
9281 0.6401305756555228 928.1
9282 0.6401667523748507 928.2
9283 0.6402014961697454 928.3000000000001
9284 0.6402351865991802 928.4000000000001
9285 0.6402689637917295 928.5
9286 0.6403027900302034 928.6
9287 0.6403365234640398 928.7
9288 0.640370449353444 928.8000000000001
9289 0.6404044333897976 928.9000000000001
9290 0.6404370811050948 929
9291 0.6404691890798039 929.1
9292 0.6405015804889695 929.2
9293 0.6405342506619109 929.3000000000001
9294 0.6405671997054498 929.4000000000001
9295 0.6406003590739344 929.5
9296 0.6406337401126225 929.6
9297 0.6406674063963862 929.7
9298 0.6407013736794428 929.8000000000001
9299 0.6407356641315735 929.9000000000001
9300 0.6407702931206426 930
9301 0.6408052745641027 930.1
9302 0.6408406158391039 930.2
9303 0.6408763062460323 930.3000000000001
9304 0.6409123188900034 930.4000000000001
9305 0.6409485987517195 930.5
9306 0.640984969022682 930.6
9307 0.6410208334161237 930.7
9308 0.6410566642884183 930.8000000000001
9309 0.6410907646038441 930.9000000000001
9310 0.6411246958711037 931
9311 0.6411585425693699 931.1
9312 0.6411922838673544 931.2
9313 0.6412259072215551 931.3000000000001
9314 0.6412594376168287 931.4000000000001
9315 0.6412929340567157 931.5
9316 0.6413264259757431 931.6
9317 0.6413599056782059 931.7
9318 0.6413931875600981 931.8000000000001
9319 0.6414261777486252 931.9000000000001
9320 0.6414594454858584 932
9321 0.6414931052790764 932.1
9322 0.6415273731922506 932.2
9323 0.6415623037626739 932.3000000000001
9324 0.6415979375380396 932.4000000000001
9325 0.6416343030463407 932.5
9326 0.6416714853809485 932.6
9327 0.6417095264571125 932.7
9328 0.6417484100888144 932.8000000000001
9329 0.6417871453143125 932.9000000000001
9330 0.6418265869652605 933
9331 0.6418655274697811 933.1
9332 0.6419048503115353 933.2
9333 0.6419447306501223 933.3000000000001
9334 0.6419847611798357 933.4000000000001
9335 0.6420249603148044 933.5
9336 0.6420654688161798 933.6
9337 0.642105051124606 933.7
9338 0.6421441859515508 933.8000000000001
9339 0.6421832022165112 933.9000000000001
9340 0.642222057300341 934
9341 0.6422606899009433 934.1
9342 0.642299060272546 934.2
9343 0.64233701716457 934.3000000000001
9344 0.6423746086730352 934.4000000000001
9345 0.6424117346200819 934.5
9346 0.6424483644978541 934.6
9347 0.6424847185622559 934.7
9348 0.6425208633940472 934.8000000000001
9349 0.6425568794286404 934.9000000000001
9350 0.6425928648194824 935
9351 0.6426289241301668 935.1
9352 0.6426649529231283 935.2
9353 0.6427009559196182 935.3000000000001
9354 0.642737353416825 935.4000000000001
9355 0.6427741990323629 935.5
9356 0.6428115309306309 935.6
9357 0.6428493689425434 935.7
9358 0.6428877125851458 935.8000000000001
9359 0.6429254816086352 935.9000000000001
9360 0.6429633115509581 936
9361 0.6430015609438956 936.1
9362 0.6430402256514771 936.2
9363 0.6430792930507108 936.3000000000001
9364 0.6431187341189617 936.4000000000001
9365 0.6431585256280056 936.5
9366 0.6431964326079228 936.6
9367 0.6432339108557212 936.7
9368 0.6432717472987091 936.8000000000001
9369 0.6433099184375635 936.9000000000001
9370 0.6433484377149742 937
9371 0.6433872713450924 937.1
9372 0.6434263562500531 937.2
9373 0.6434655942396825 937.3000000000001
9374 0.6435049754646776 937.4000000000001
9375 0.6435444708145778 937.5
9376 0.6435840416132342 937.6
9377 0.643622493745046 937.7
9378 0.64365954786777 937.8000000000001
9379 0.643696589393792 937.9000000000001
9380 0.643733624418242 938
9381 0.6437705509776845 938.1
9382 0.6438073818325576 938.2
9383 0.6438440116873494 938.3000000000001
9384 0.6438804916281843 938.4000000000001
9385 0.6439170272791728 938.5
9386 0.643953456572056 938.6
9387 0.6439893103027531 938.7
9388 0.6440253863663237 938.8000000000001
9389 0.6440616678539773 938.9000000000001
9390 0.6440980117686026 939
9391 0.6441345464924807 939.1
9392 0.6441714781852398 939.2
9393 0.6442084298398733 939.3000000000001
9394 0.6442440951949341 939.4000000000001
9395 0.644279989190232 939.5
9396 0.6443160272217521 939.6
9397 0.6443521406245791 939.7
9398 0.6443882198955665 939.8000000000001
9399 0.6444238347340331 939.9000000000001
9400 0.6444587964679019 940
9401 0.6444934166880527 940.1
9402 0.6445280954098167 940.2
9403 0.64456282051031 940.3000000000001
9404 0.6445975846314447 940.4000000000001
9405 0.6446322704290683 940.5
9406 0.6446664918648295 940.6
9407 0.6447008646394975 940.7
9408 0.6447354501139858 940.8000000000001
9409 0.6447703169369777 940.9000000000001
9410 0.6448055171410718 941
9411 0.6448393349889178 941.1
9412 0.6448725324789325 941.2
9413 0.6449060030298677 941.3000000000001
9414 0.6449387161113764 941.4000000000001
9415 0.6449715810607711 941.5
9416 0.6450047123977143 941.6
9417 0.6450380655534298 941.7
9418 0.645071552989292 941.8000000000001
9419 0.6451050196784788 941.9000000000001
9420 0.6451384438753046 942
9421 0.6451718458988124 942.1
9422 0.6452052706584747 942.2
9423 0.6452387250632824 942.3000000000001
9424 0.6452721720375962 942.4000000000001
9425 0.6453055019810721 942.5
9426 0.6453387252448497 942.6
9427 0.6453719869344476 942.7
9428 0.6454051587881344 942.8000000000001
9429 0.6454375384583156 942.9000000000001
9430 0.6454701648840382 943
9431 0.6455024714388471 943.1
9432 0.645535091185289 943.2
9433 0.6455679676717461 943.3000000000001
9434 0.6456010666504426 943.4000000000001
9435 0.6456334223809785 943.5
9436 0.6456656337069411 943.6
9437 0.6456980619172673 943.7
9438 0.6457306739582388 943.8000000000001
9439 0.6457634542207032 943.9000000000001
9440 0.6457964018589266 944
9441 0.6458295282121165 944.1
9442 0.6458628556157421 944.2
9443 0.6458964140077033 944.3000000000001
9444 0.6459302390759806 944.4000000000001
9445 0.6459643750880498 944.5
9446 0.645998912383313 944.6
9447 0.6460339001643433 944.7
9448 0.6460693704369166 944.8000000000001
9449 0.646105353078205 944.9000000000001
9450 0.6461418869715201 945
9451 0.6461790155516577 945.1
9452 0.6462167834680951 945.2
9453 0.6462552279187596 945.3000000000001
9454 0.6462943691744201 945.4000000000001
9455 0.6463327060779399 945.5
9456 0.6463709584388332 945.6
9457 0.64640981528608 945.7
9458 0.6464491742741102 945.8000000000001
9459 0.6464889335243089 945.9000000000001
9460 0.646528956634806 946
9461 0.6465690625218924 946.1
9462 0.6466082177982534 946.2
9463 0.6466466657979941 946.3000000000001
9464 0.6466850010305235 946.4000000000001
9465 0.6467231363399254 946.5
9466 0.6467611561279356 946.6
9467 0.6467989573097964 946.7
9468 0.6468366245696006 946.8000000000001
9469 0.6468741908284766 946.9000000000001
9470 0.6469117552420082 947
9471 0.6469492192213221 947.1
9472 0.646986508650204 947.2
9473 0.6470237495707281 947.3000000000001
9474 0.6470610894454262 947.4000000000001
9475 0.6470985916294074 947.5
9476 0.6471363223933699 947.6
9477 0.6471740812365061 947.7
9478 0.6472118943277322 947.8000000000001
9479 0.6472500789783313 947.9000000000001
9480 0.6472886125401859 948
9481 0.6473269901225597 948.1
9482 0.6473648874038976 948.2
9483 0.6474031945195259 948.3000000000001
9484 0.6474418819313675 948.4000000000001
9485 0.6474805783071891 948.5
9486 0.6475185033399934 948.6
9487 0.6475566780140906 948.7
9488 0.6475950798936437 948.8000000000001
9489 0.6476320995855596 948.9000000000001
9490 0.647669184717268 949
9491 0.6477064426204595 949.1
9492 0.6477438668504477 949.2
9493 0.6477814471432572 949.3000000000001
9494 0.647819173571954 949.4000000000001
9495 0.6478570207984657 949.5
9496 0.6478943786072188 949.6
9497 0.647931239312928 949.7
9498 0.64796823283725 949.8000000000001
9499 0.6480053154999333 949.9000000000001
9500 0.6480424386077349 950
9501 0.6480795588366319 950.1
9502 0.6481160384734095 950.2
9503 0.6481520593996476 950.3000000000001
9504 0.648188156353004 950.4000000000001
9505 0.6482242943316682 950.5
9506 0.6482605303049326 950.6
9507 0.6482968039867405 950.7
9508 0.6483306857098121 950.8000000000001
9509 0.6483649945897841 950.9000000000001
9510 0.6483997380755495 951
9511 0.6484348951429255 951.1
9512 0.6484702856986382 951.2
9513 0.6485059323393761 951.3000000000001
9514 0.648541762136938 951.4000000000001
9515 0.6485775436972179 951.5
9516 0.6486126214728947 951.6
9517 0.6486468549562564 951.7
9518 0.6486804464762091 951.8000000000001
9519 0.6487142014212548 951.9000000000001
9520 0.6487481111921809 952
9521 0.6487810482875357 952.1
9522 0.6488134316930195 952.2
9523 0.6488460137606071 952.3000000000001
9524 0.648878799773466 952.4000000000001
9525 0.6489115458432316 952.5
9526 0.6489444842315482 952.6
9527 0.648977609142629 952.7
9528 0.6490107433121584 952.8000000000001
9529 0.6490440290286144 952.9000000000001
9530 0.6490775538695976 953
9531 0.6491113984833571 953.1
9532 0.6491455634857072 953.2
9533 0.6491800512206256 953.3000000000001
9534 0.6492148649560102 953.4000000000001
9535 0.6492500109705942 953.5
9536 0.6492854662611433 953.6
9537 0.6493212858276795 953.7
9538 0.6493558645394161 953.8000000000001
9539 0.6493886013064663 953.9000000000001
9540 0.6494216791013283 954
9541 0.6494550245810095 954.1
9542 0.6494885528836102 954.2
9543 0.649522201153039 954.3000000000001
9544 0.6495559102095948 954.4000000000001
9545 0.6495895592896533 954.5
9546 0.6496231412360529 954.6
9547 0.6496566113768578 954.7
9548 0.6496899695201824 954.8000000000001
9549 0.6497232886216385 954.9000000000001
9550 0.6497562661666521 955
9551 0.6497885313206065 955.1
9552 0.649820357223158 955.2
9553 0.6498521176321673 955.3000000000001
9554 0.6498840386294024 955.4000000000001
9555 0.649916153857932 955.5
9556 0.6499484830547969 955.6
9557 0.6499808866607181 955.7
9558 0.6500132107862426 955.8000000000001
9559 0.6500455462280323 955.9000000000001
9560 0.6500781025105078 956
9561 0.6501109509511578 956.1
9562 0.6501441229752458 956.2
9563 0.6501776505250537 956.3000000000001
9564 0.6502115645395427 956.4000000000001
9565 0.6502458962661191 956.5
9566 0.6502806770050388 956.6
9567 0.6503158983408102 956.7
9568 0.6503515788802503 956.8000000000001
9569 0.6503877825491476 956.9000000000001
9570 0.6504245176023364 957
9571 0.6504617403940933 957.1
9572 0.6504994981257007 957.2
9573 0.6505376816645739 957.3000000000001
9574 0.6505763492584488 957.4000000000001
9575 0.6506154157873596 957.5
9576 0.6506520983123347 957.6
9577 0.6506885327827974 957.7
9578 0.650725237797093 957.8000000000001
9579 0.6507621024794634 957.9000000000001
9580 0.6507991104669703 958
9581 0.650836158165228 958.1
9582 0.6508732664231984 958.2
9583 0.6509104318206471 958.3000000000001
9584 0.6509476606004005 958.4000000000001
9585 0.6509850050073278 958.5
9586 0.6510224653488105 958.6
9587 0.6510598477721861 958.7
9588 0.6510972217771422 958.8000000000001
9589 0.6511346643573135 958.9000000000001
9590 0.6511721462135629 959
9591 0.6512092780377484 959.1
9592 0.6512456098088053 959.2
9593 0.6512818927338647 959.3000000000001
9594 0.6513181810805677 959.4000000000001
9595 0.651354709941448 959.5
9596 0.6513914908187429 959.6
9597 0.6514285410391046 959.7
9598 0.6514658834897963 959.8000000000001
9599 0.6515034941769122 959.9000000000001
9600 0.6515406794759995 960
9601 0.6515771182508121 960.1
9602 0.6516137763782223 960.2
9603 0.6516506423156332 960.3000000000001
9604 0.6516877318764802 960.4000000000001
9605 0.6517249904005228 960.5
9606 0.6517624247244335 960.6
9607 0.6518000922882808 960.7
9608 0.6518378160493888 960.8000000000001
9609 0.6518744499127277 960.9000000000001
9610 0.651911302407687 961
9611 0.6519483902550932 961.1
9612 0.6519857441907249 961.2
9613 0.6520233779344169 961.3000000000001
9614 0.6520599297397127 961.4000000000001
9615 0.6520963910093369 961.5
9616 0.6521330242456703 961.6
9617 0.6521698259531168 961.7
9618 0.6522067858968497 961.8000000000001
9619 0.6522438937576748 961.9000000000001
9620 0.6522811270545201 962
9621 0.652318461289723 962.1
9622 0.652355876531767 962.2
9623 0.6523933562153966 962.3000000000001
9624 0.6524301953629913 962.4000000000001
9625 0.6524667471520523 962.5
9626 0.6525034239376412 962.6
9627 0.6525402257252778 962.7
9628 0.6525771491021775 962.8000000000001
9629 0.652614191746169 962.9000000000001
9630 0.6526513528906215 963
9631 0.652688624936956 963.1
9632 0.6527259935798843 963.2
9633 0.6527634313615407 963.3000000000001
9634 0.652800834529646 963.4000000000001
9635 0.6528375358354787 963.5
9636 0.6528719125281005 963.6
9637 0.6529063843851124 963.7
9638 0.6529409905771808 963.8000000000001
9639 0.6529756962314875 963.9000000000001
9640 0.6530098283293414 964
9641 0.6530439503200116 964.1
9642 0.6530782789710442 964.2
9643 0.6531127767447032 964.3000000000001
9644 0.653147400778433 964.4000000000001
9645 0.6531821797454563 964.5
9646 0.6532163703131195 964.6
9647 0.6532509449324699 964.7
9648 0.6532859024468711 964.8000000000001
9649 0.6533191677967087 964.9000000000001
9650 0.6533527118086795 965
9651 0.6533865345302687 965.1
9652 0.6534206376574574 965.2
9653 0.6534550246174199 965.3000000000001
9654 0.6534896871091433 965.4000000000001
9655 0.6535246155912569 965.5
9656 0.6535598018684363 965.6
9657 0.653595242389102 965.7
9658 0.6536309527847596 965.8000000000001
9659 0.6536669636849766 965.9000000000001
9660 0.6537032745379406 966
9661 0.6537398711252037 966.1
9662 0.6537758833475322 966.2
9663 0.6538095934189124 966.3000000000001
9664 0.6538427782607507 966.4000000000001
9665 0.6538760201548918 966.5
9666 0.6539092756447967 966.6
9667 0.6539425901756493 966.7
9668 0.6539759457301617 966.8000000000001
9669 0.6540083680002304 966.9000000000001
9670 0.6540407667580903 967
9671 0.6540730993157906 967.1
9672 0.6541054928307106 967.2
9673 0.6541379644678317 967.3000000000001
9674 0.654170528524606 967.4000000000001
9675 0.6542027812561377 967.5
9676 0.6542345336822556 967.6
9677 0.6542657335979368 967.7
9678 0.6542969756081379 967.8000000000001
9679 0.6543284608843059 967.9000000000001
9680 0.6543602112454483 968
9681 0.6543922422119399 968.1
9682 0.654424556664804 968.2
9683 0.6544571469828171 968.3000000000001
9684 0.6544899972283601 968.4000000000001
9685 0.6545230812781713 968.5
9686 0.6545563764769284 968.6
9687 0.6545899330960937 968.7
9688 0.6546237718876229 968.8000000000001
9689 0.6546578826479293 968.9000000000001
9690 0.6546922561552525 969
9691 0.6547268959345729 969.1
9692 0.6547618643963796 969.2
9693 0.6547971833041144 969.3000000000001
9694 0.6548314172122203 969.4000000000001
9695 0.6548652261931223 969.5
9696 0.6548992927078898 969.6
9697 0.6549332503028059 969.7
9698 0.654967290309081 969.8000000000001
9699 0.6550017154216407 969.9000000000001
9700 0.6550365395204564 970
9701 0.6550716900882294 970.1
9702 0.6551072062964883 970.2
9703 0.6551430923394593 970.3000000000001
9704 0.6551793857078679 970.4000000000001
9705 0.6552160532956491 970.5
9706 0.6552522952914156 970.6
9707 0.6552871824416152 970.7
9708 0.6553223319924986 970.8000000000001
9709 0.6553574938319193 970.9000000000001
9710 0.6553928122163637 971
9711 0.6554282756735335 971.1
9712 0.6554639570290743 971.2
9713 0.6554998760123307 971.3000000000001
9714 0.6555360618879376 971.4000000000001
9715 0.6555725411183292 971.5
9716 0.6556092841412516 971.6
9717 0.6556462608422823 971.7
9718 0.6556834361142614 971.8000000000001
9719 0.6557207766169159 971.9000000000001
9720 0.6557583182746054 972
9721 0.6557959976516232 972.1
9722 0.6558337553244475 972.2
9723 0.6558715754789833 972.3000000000001
9724 0.655909488121851 972.4000000000001
9725 0.6559474798649838 972.5
9726 0.6559851501858869 972.6
9727 0.6560217922536281 972.7
9728 0.6560584260185578 972.8000000000001
9729 0.6560950853742482 972.9000000000001
9730 0.6561315487935113 973
9731 0.656168087585586 973.1
9732 0.6562048924680907 973.2
9733 0.6562420047811358 973.3000000000001
9734 0.6562793701210899 973.4000000000001
9735 0.6563170020503052 973.5
9736 0.6563550338475339 973.6
9737 0.6563935105510272 973.7
9738 0.6564324522249829 973.8000000000001
9739 0.656471841199464 973.9000000000001
9740 0.6565102790225809 974
9741 0.6565485406509404 974.1
9742 0.6565870857650935 974.2
9743 0.6566258890394062 974.3000000000001
9744 0.656664911244441 974.4000000000001
9745 0.656704039452176 974.5
9746 0.6567431247341571 974.6
9747 0.6567817515738474 974.7
9748 0.6568195926430553 974.8000000000001
9749 0.6568575224477029 974.9000000000001
9750 0.6568951807071195 975
9751 0.6569320066858864 975.1
9752 0.6569678055336011 975.2
9753 0.6570034428945086 975.3000000000001
9754 0.6570388883558009 975.4000000000001
9755 0.65707412803483 975.5
9756 0.6571092472770024 975.6
9757 0.6571442845286113 975.7
9758 0.6571792273956308 975.8000000000001
9759 0.6572140671408694 975.9000000000001
9760 0.6572488168633672 976
9761 0.6572831191890299 976.1
9762 0.6573139808945 976.2
9763 0.6573448320890265 976.3000000000001
9764 0.6573761629392831 976.4000000000001
9765 0.6574078539060809 976.5
9766 0.6574396053876778 976.6
9767 0.6574706468943472 976.7
9768 0.6575018002910072 976.8000000000001
9769 0.6575335226895281 976.9000000000001
9770 0.6575658847816501 977
9771 0.6575989041896195 977.1
9772 0.6576325761791878 977.2
9773 0.6576668890151934 977.3000000000001
9774 0.6576998792765136 977.4000000000001
9775 0.6577331532166409 977.5
9776 0.6577668708302863 977.6
9777 0.657800996268287 977.7
9778 0.6578354948845792 977.8000000000001
9779 0.6578703257159338 977.9000000000001
9780 0.6579054459698424 978
9781 0.657940809668854 978.1
9782 0.6579763625859439 978.2
9783 0.6580120691299682 978.3000000000001
9784 0.6580478860751827 978.4000000000001
9785 0.6580837633260476 978.5
9786 0.6581196737769039 978.6
9787 0.6581555846574088 978.7
9788 0.6581905004834314 978.8000000000001
9789 0.6582227015426145 978.9000000000001
9790 0.658254910617582 979
9791 0.6582871162466302 979.1
9792 0.6583193125112997 979.2
9793 0.658351533747782 979.3000000000001
9794 0.6583834182386166 979.4000000000001
9795 0.6584154228749131 979.5
9796 0.6584476342820417 979.6
9797 0.6584800899027603 979.7
9798 0.6585128254841054 979.8000000000001
9799 0.658545863367584 979.9000000000001
9800 0.6585792125879804 980
9801 0.6586128689213471 980.1
9802 0.6586462991467213 980.2
9803 0.6586799365330688 980.3000000000001
9804 0.6587139523007706 980.4000000000001
9805 0.6587483299651166 980.5
9806 0.6587829503127727 980.6
9807 0.6588172072693984 980.7
9808 0.6588507683619532 980.8000000000001
9809 0.6588833871560719 980.9000000000001
9810 0.6589161369404249 981
9811 0.658948998547375 981.1
9812 0.6589819493818216 981.2
9813 0.6590149659215415 981.3000000000001
9814 0.6590480245621504 981.4000000000001
9815 0.6590810931726228 981.5
9816 0.6591141296259319 981.6
9817 0.6591470721135385 981.7
9818 0.6591798523344301 981.8000000000001
9819 0.6592124362704463 981.9000000000001
9820 0.6592448424384062 982
9821 0.6592771586285201 982.1
9822 0.6593094311748396 982.2
9823 0.6593417162756787 982.3000000000001
9824 0.6593741011823335 982.4000000000001
9825 0.6594064850985131 982.5
9826 0.6594389626918996 982.6
9827 0.659471959268098 982.7
9828 0.6595055618538969 982.8000000000001
9829 0.659539848647631 982.9000000000001
9830 0.6595748759516389 983
9831 0.6596106716120069 983.1
9832 0.6596472548147224 983.2
9833 0.6596846097031255 983.3000000000001
9834 0.659722705071745 983.4000000000001
9835 0.65976147004959 983.5
9836 0.6598008219162677 983.6
9837 0.6598392032919165 983.7
9838 0.6598775501382915 983.8000000000001
9839 0.6599162666138151 983.9000000000001
9840 0.659955330581509 984
9841 0.6599946619349819 984.1
9842 0.6600328015171724 984.2
9843 0.6600711251171595 984.3000000000001
9844 0.6601091584041646 984.4000000000001
9845 0.660146391458355 984.5
9846 0.6601836189052402 984.6
9847 0.660220788325708 984.7
9848 0.660257823575269 984.8000000000001
9849 0.6602946595202746 984.9000000000001
9850 0.6603312274953359 985
9851 0.6603674633156907 985.1
9852 0.6604033236276292 985.2
9853 0.6604388409506549 985.3000000000001
9854 0.6604741054035865 985.4000000000001
9855 0.6605091667155566 985.5
9856 0.6605440786658369 985.6
9857 0.6605789177658853 985.7
9858 0.6606138167818196 985.8000000000001
9859 0.6606486602235011 985.9000000000001
9860 0.660683653602408 986
9861 0.6607190254795426 986.1
9862 0.6607548261395645 986.2
9863 0.6607911245213777 986.3000000000001
9864 0.6608277928630125 986.4000000000001
9865 0.6608642702866133 986.5
9866 0.6609004343564739 986.6
9867 0.6609371696081087 986.7
9868 0.660974464870178 986.8000000000001
9869 0.6610122964384981 986.9000000000001
9870 0.6610506339377852 987
9871 0.6610892778817851 987.1
9872 0.6611283609387262 987.2
9873 0.6611678580353068 987.3000000000001
9874 0.6612077195804161 987.4000000000001
9875 0.6612477609899693 987.5
9876 0.6612868354990702 987.6
9877 0.6613260743374916 987.7
9878 0.6613655176383552 987.8000000000001
9879 0.6614050883280419 987.9000000000001
9880 0.6614446777057356 988
9881 0.6614841443646354 988.1
9882 0.6615233250145919 988.2
9883 0.6615614173909866 988.3000000000001
9884 0.6615984747331322 988.4000000000001
9885 0.6616350208874614 988.5
9886 0.6616703158902821 988.6
9887 0.6617032898713601 988.7
9888 0.6617344298659964 988.8000000000001
9889 0.6617652820085577 988.9000000000001
9890 0.6617958046725921 989
9891 0.6618262544903876 989.1
9892 0.6618567750117353 989.2
9893 0.6618873314224206 989.3000000000001
9894 0.6619178479164675 989.4000000000001
9895 0.6619488071690729 989.5
9896 0.6619802891144506 989.6
9897 0.6620123439690295 989.7
9898 0.6620450065651214 989.8000000000001
9899 0.6620773699274005 989.9000000000001
9900 0.6621090624915201 990
9901 0.6621412450082933 990.1
9902 0.6621738900501455 990.2
9903 0.6622069503422683 990.3000000000001
9904 0.662240280001162 990.4000000000001
9905 0.6622739065379657 990.5
9906 0.6623077257056494 990.6
9907 0.6623407916470315 990.7
9908 0.6623739174145993 990.8000000000001
9909 0.6624073789162414 990.9000000000001
9910 0.6624411948283522 991
9911 0.6624753826614477 991.1
9912 0.6625092120157166 991.2
9913 0.6625413066993076 991.3000000000001
9914 0.6625726924436017 991.4000000000001
9915 0.6626043670519235 991.5
9916 0.6626362956839731 991.6
9917 0.6626684244885639 991.7
9918 0.6627006782833951 991.8000000000001
9919 0.6627329654666647 991.9000000000001
9920 0.6627651894923805 992
9921 0.6627972625262891 992.1
9922 0.662829126673294 992.2
9923 0.6628608395634953 992.3000000000001
9924 0.6628924578299192 992.4000000000001
9925 0.6629240094314098 992.5
9926 0.6629555457286601 992.6
9927 0.6629865427410631 992.7
9928 0.6630171216956541 992.8000000000001
9929 0.6630479959915807 992.9000000000001
9930 0.6630791869533843 993
9931 0.6631106937639887 993.1
9932 0.6631423342277402 993.2
9933 0.6631741213000442 993.3000000000001
9934 0.6632052658790409 993.4000000000001
9935 0.6632362514636867 993.5
9936 0.6632675578047414 993.6
9937 0.6632991706170126 993.7
9938 0.6633310880965795 993.8000000000001
9939 0.6633633193945804 993.9000000000001
9940 0.6633958832065215 994
9941 0.6634288029852764 994.1
9942 0.6634621056684628 994.2
9943 0.6634958213389281 994.3000000000001
9944 0.6635299837344975 994.4000000000001
9945 0.6635646238453966 994.5
9946 0.6635997681637135 994.6
9947 0.6636354289623574 994.7
9948 0.6636714883029324 994.8000000000001
9949 0.663708044733108 994.9000000000001
9950 0.663745087052282 995
9951 0.6637825674721801 995.1
9952 0.6638199154591516 995.2
9953 0.663856841408504 995.3000000000001
9954 0.6638942323700623 995.4000000000001
9955 0.6639320241389832 995.5
9956 0.6639689877837133 995.6
9957 0.6640054321075589 995.7
9958 0.6640418511298675 995.8000000000001
9959 0.6640781705363323 995.9000000000001
9960 0.6641144384481539 996
9961 0.6641506467519906 996.1
9962 0.6641867070760903 996.2
9963 0.6642227046734286 996.3000000000001
9964 0.6642584466397674 996.4000000000001
9965 0.6642941271839462 996.5
9966 0.6643300342093306 996.6
9967 0.6643661631785798 996.7
9968 0.6644025114920971 996.8000000000001
9969 0.6644390482146803 996.9000000000001
9970 0.664475406639207 997
9971 0.6645108611780541 997.1
9972 0.6645464746775871 997.2
9973 0.6645821971639666 997.3000000000001
9974 0.6646179853568949 997.4000000000001
9975 0.6646536594869131 997.5
9976 0.6646893902365684 997.6
9977 0.6647251853928816 997.7
9978 0.664761066703517 997.8000000000001
9979 0.6647970685224925 997.9000000000001
9980 0.664833235027032 998
9981 0.6648696185737215 998.1
9982 0.664906276856378 998.2
9983 0.6649432705717472 998.3000000000001
9984 0.6649806610533463 998.4000000000001
9985 0.6650185064006401 998.5
9986 0.6650568565210246 998.6
9987 0.6650957480583189 998.7
9988 0.665135191569462 998.8000000000001
9989 0.6651751863096168 998.9000000000001
9990 0.6652156841866892 999
9991 0.6652545329148227 999.1
9992 0.6652922554726103 999.2
9993 0.6653295062544194 999.3000000000001
9994 0.6653668539202903 999.4000000000001
9995 0.6654041838883245 999.5
9996 0.6654413614632394 999.6
9997 0.6654782570180156 999.7
9998 0.6655147633941659 999.8000000000001
9999 0.6655509043751257 999.9000000000001
10000 0.6655867117786995 1000
10001 0.6656215879880312 1000.1
10002 0.6656556997581116 1000.2
10003 0.6656893092513806 1000.3
10004 0.6657226402135251 1000.4
10005 0.6657560197617937 1000.5
10006 0.665789496521228 1000.6
10007 0.6658231117654223 1000.7
10008 0.6658568940401388 1000.8
10009 0.6658908561191443 1000.9
10010 0.6659250005070093 1001
10011 0.6659593145373631 1001.1
10012 0.6659936255047493 1001.2
10013 0.6660252646713083 1001.3
10014 0.6660572453619414 1001.4
10015 0.6660895564877581 1001.5
10016 0.6661220686457778 1001.6
10017 0.6661547908387765 1001.7
10018 0.666187759571076 1001.8
10019 0.6662209802010338 1001.9
10020 0.6662536404691614 1002
10021 0.6662863269374809 1002.1
10022 0.6663193972028747 1002.2
10023 0.6663528576582177 1002.3
10024 0.6663851796889231 1002.4
10025 0.6664172669236637 1002.5
10026 0.6664497078215599 1002.6
10027 0.6664825284825653 1002.7
10028 0.666515747478045 1002.8
10029 0.666549390550541 1002.9
10030 0.6665834626797147 1003
10031 0.666617948751312 1003.1
10032 0.6666527843878083 1003.2
10033 0.6666858936115542 1003.3
10034 0.6667191662503529 1003.4
10035 0.6667525849717069 1003.5
10036 0.6667861383071371 1003.6
10037 0.666819809850452 1003.7
10038 0.6668534723365577 1003.8
10039 0.6668865260997 1003.9
10040 0.6669189172222674 1004
10041 0.6669511784984805 1004.1
10042 0.6669832315761453 1004.2
10043 0.6670148338024308 1004.3
10044 0.6670464658370956 1004.4
10045 0.6670781396690721 1004.5
10046 0.667109854517106 1004.6
10047 0.6671416214561807 1004.7
10048 0.6671734637063979 1004.8
10049 0.6672051320145976 1004.9
10050 0.6672367091733318 1005
10051 0.6672684982904846 1005.1
10052 0.6673004823553775 1005.2
10053 0.6673321268663792 1005.3
10054 0.667364102952211 1005.4
10055 0.6673964188781091 1005.5
10056 0.6674290832342247 1005.6
10057 0.6674621262768582 1005.7
10058 0.6674955673345689 1005.8
10059 0.6675294136911482 1005.9
10060 0.6675635594725976 1006
10061 0.6675980881717892 1006.1
10062 0.6676328754534039 1006.2
10063 0.6676680056800667 1006.3
10064 0.667703443295994 1006.4
10065 0.6677387803429995 1006.5
10066 0.6677731650046338 1006.6
10067 0.6678078198830749 1006.7
10068 0.6678427252421927 1006.8
10069 0.6678759123737084 1006.9
10070 0.6679091428564524 1007
10071 0.6679425254464098 1007.1
10072 0.6679760537355955 1007.2
10073 0.6680097023379342 1007.3
10074 0.6680434678790215 1007.4
10075 0.6680769549783093 1007.5
10076 0.6681102573648565 1007.6
10077 0.6681437801105223 1007.7
10078 0.6681775723507227 1007.8
10079 0.6682116861407015 1007.9
10080 0.6682461713231286 1008
10081 0.6682807197487732 1008.1
10082 0.6683156331427179 1008.2
10083 0.6683510387214384 1008.3
10084 0.6683869545131599 1008.4
10085 0.668423296947391 1008.5
10086 0.6684597521556894 1008.6
10087 0.6684952489299016 1008.7
10088 0.6685301117823308 1008.8
10089 0.6685650935623082 1008.9
10090 0.6686000816087804 1009
10091 0.6686352970535387 1009.1
10092 0.6686706564816635 1009.2
10093 0.6687061320177649 1009.3
10094 0.6687418329252087 1009.4
10095 0.6687777684665869 1009.5
10096 0.6688137517889673 1009.6
10097 0.6688499396818437 1009.7
10098 0.6688863596261745 1009.8
10099 0.6689226955230001 1009.9
10100 0.66895928673773 1010
10101 0.6689960196419001 1010.1
10102 0.6690320944599611 1010.2
10103 0.6690679601697157 1010.3
10104 0.6691040524790896 1010.4
10105 0.6691403385972073 1010.5
10106 0.669176814225366 1010.6
10107 0.669213442723932 1010.7
10108 0.6692502003985383 1010.8
10109 0.6692870392673781 1010.9
10110 0.6693238948563321 1011
10111 0.6693605351358117 1011.1
10112 0.6693961767918631 1011.2
10113 0.6694319312163235 1011.3
10114 0.6694677852957401 1011.4
10115 0.6695037390277065 1011.5
10116 0.6695384350907962 1011.6
10117 0.6695730546464852 1011.7
10118 0.6696077770347656 1011.8
10119 0.6696426266029493 1011.9
10120 0.6696775693637074 1012
10121 0.6697126065594476 1012.1
10122 0.6697477835099009 1012.2
10123 0.6697830881163114 1012.3
10124 0.6698185165470972 1012.4
10125 0.6698540934365566 1012.5
10126 0.669889813107699 1012.6
10127 0.6699247752547175 1012.7
10128 0.6699597639660807 1012.8
10129 0.6699949595905701 1012.9
10130 0.670030365148667 1013
10131 0.6700659791408549 1013.1
10132 0.6701017946424255 1013.2
10133 0.6701377262606064 1013.3
10134 0.6701736595498835 1013.4
10135 0.6702097229844788 1013.5
10136 0.6702458767437867 1013.6
10137 0.6702820177663528 1013.7
10138 0.6703170305416875 1013.8
10139 0.6703502107126195 1013.9
10140 0.6703833928891715 1014
10141 0.6704156748506909 1014.1
10142 0.6704482395783385 1014.2
10143 0.6704810276152537 1014.3
10144 0.6705141177057802 1014.4
10145 0.6705474833702761 1014.5
10146 0.670580331401372 1014.6
10147 0.6706123846415313 1014.7
10148 0.6706446150525796 1014.8
10149 0.6706769801383599 1014.9
10150 0.6707094388961634 1015
10151 0.6707419428603556 1015.1
10152 0.6707744823819435 1015.2
10153 0.6708070337517036 1015.3
10154 0.670839433546371 1015.4
10155 0.6708716234395731 1015.5
10156 0.6709037998191765 1015.6
10157 0.6709355947363945 1015.7
10158 0.6709673785755461 1015.8
10159 0.6709990598057276 1015.9
10160 0.6710299714384371 1016
10161 0.67106032293383 1016.1
10162 0.6710906911714996 1016.2
10163 0.6711208825498907 1016.3
10164 0.6711512571036043 1016.4
10165 0.6711812169462223 1016.5
10166 0.6712111148633372 1016.6
10167 0.6712413519841851 1016.7
10168 0.6712719502078722 1016.8
10169 0.6713029316528346 1016.9
10170 0.6713343210124585 1017
10171 0.6713661433429905 1017.1
10172 0.6713984237760304 1017.2
10173 0.6714311877759674 1017.3
10174 0.6714644575909937 1017.4
10175 0.6714982505549879 1017.5
10176 0.6715325725325516 1017.6
10177 0.6715674147433467 1017.7
10178 0.6716022026039054 1017.8
10179 0.6716350997690375 1017.9
10180 0.6716683527791316 1018
10181 0.671701900344709 1018.1
10182 0.6717357045724056 1018.2
10183 0.6717696954390585 1018.3
10184 0.6718037903620828 1018.4
10185 0.6718379164263718 1018.5
10186 0.6718720440218341 1018.6
10187 0.6719061715716492 1018.7
10188 0.6719402363500993 1018.8
10189 0.6719724810948267 1018.9
10190 0.6720042263792895 1019
10191 0.6720357934057269 1019.1
10192 0.672067197114157 1019.2
10193 0.6720984747479581 1019.3
10194 0.6721296838264568 1019.4
10195 0.6721608103070783 1019.5
10196 0.6721918270989 1019.6
10197 0.6722230323142336 1019.7
10198 0.6722544950430028 1019.8
10199 0.6722862838114334 1019.9
10200 0.6723184640136781 1020
10201 0.6723510755477153 1020.1
10202 0.6723841909930652 1020.2
10203 0.6724178558080258 1020.3
10204 0.6724521020017623 1020.4
10205 0.6724869512188109 1020.5
10206 0.6725224172902029 1020.6
10207 0.6725584902539516 1020.7
10208 0.672595202900851 1020.8
10209 0.6726325892382266 1020.9
10210 0.67266950625648 1021
10211 0.6727065394809255 1021.1
10212 0.6727434457719834 1021.2
10213 0.6727808751706855 1021.3
10214 0.6728187823564259 1021.4
10215 0.6728570976120958 1021.5
10216 0.6728957425254819 1021.6
10217 0.6729346460786965 1021.7
10218 0.672973509713103 1021.8
10219 0.6730117282448551 1021.9
10220 0.6730491714099563 1022
10221 0.6730865414658807 1022.1
10222 0.6731237643396361 1022.2
10223 0.6731607513780451 1022.3
10224 0.6731974316841645 1022.4
10225 0.6732337517965507 1022.5
10226 0.6732696860574493 1022.6
10227 0.673305020748162 1022.7
10228 0.6733399490435702 1022.8
10229 0.6733746613032557 1022.9
10230 0.6734092035424551 1023
10231 0.6734436623810427 1023.1
10232 0.6734781351985817 1023.2
10233 0.6735127316520332 1023.3
10234 0.6735475413194796 1023.4
10235 0.6735823998928092 1023.5
10236 0.6736177533762341 1023.6
10237 0.67365367483949 1023.7
10238 0.673690222611579 1023.8
10239 0.6737268476537525 1023.9
10240 0.6737631640560441 1024
10241 0.6738000194292101 1024.1
10242 0.673837339030449 1024.2
10243 0.6738750147669702 1024.3
10244 0.6739123777347438 1024.4
10245 0.6739493342344015 1024.5
10246 0.6739862878446246 1024.6
10247 0.6740226058796572 1024.7
10248 0.6740582432896153 1024.8
10249 0.6740937675044306 1024.9
10250 0.6741292661283361 1025
10251 0.6741646667510484 1025.1
10252 0.6741997662819316 1025.2
10253 0.6742340523477309 1025.3
10254 0.6742684476789196 1025.4
10255 0.6743029233624005 1025.5
10256 0.6743373648774856 1025.6
10257 0.6743720237496775 1025.7
10258 0.6744068575877542 1025.8
10259 0.6744418903052639 1025.9
10260 0.6744770800932625 1026
10261 0.6745123628573058 1026.1
10262 0.6745476605930552 1026.2
10263 0.6745828939620224 1026.3
10264 0.6746144923237352 1026.4
10265 0.674644846716471 1026.5
10266 0.6746752725919951 1026.6
10267 0.6747057363116814 1026.7
10268 0.6747362294999022 1026.8
10269 0.6747664607448599 1026.9
10270 0.6747966100827887 1027
10271 0.6748269153669241 1027.1
10272 0.6748574762815013 1027.2
10273 0.6748883305655484 1027.3
10274 0.6749195006378447 1027.4
10275 0.6749509953761405 1027.5
10276 0.674982818832894 1027.6
10277 0.6750149598051386 1027.7
10278 0.6750472131945326 1027.8
10279 0.6750797051903771 1027.9
10280 0.6751111637729462 1028
10281 0.6751426200357317 1028.1
10282 0.6751743160970073 1028.2
10283 0.675206256918108 1028.3
10284 0.6752384114602168 1028.4
10285 0.6752707588125386 1028.5
10286 0.6753033250648088 1028.6
10287 0.6753358312175352 1028.7
10288 0.6753672447629645 1028.8
10289 0.6753987299803718 1028.9
10290 0.6754300634824085 1029
10291 0.6754605236555378 1029.1
10292 0.6754911168131864 1029.2
10293 0.6755218187322648 1029.3
10294 0.6755524835640864 1029.4
10295 0.6755831236263274 1029.5
10296 0.675613695381175 1029.6
10297 0.6756441273541103 1029.7
10298 0.6756743622446733 1029.8
10299 0.6757044494999976 1029.9
10300 0.6757344177453943 1030
10301 0.675764269869749 1030.1
10302 0.6757939592980627 1030.2
10303 0.6758235684234766 1030.3
10304 0.6758523544385713 1030.4
10305 0.6758811157530902 1030.5
10306 0.675910172409627 1030.6
10307 0.6759395817453173 1030.7
10308 0.675969312286852 1030.8
10309 0.675999415328043 1030.9
10310 0.6760299831197836 1031
10311 0.6760608352850354 1031.1
10312 0.6760922149689743 1031.2
10313 0.6761241436100298 1031.3
10314 0.6761566378840176 1031.4
10315 0.6761897121411508 1031.5
10316 0.6762233792278227 1031.6
10317 0.67625765217672 1031.7
10318 0.6762925449107697 1031.8
10319 0.6763280713001553 1031.9
10320 0.6763632649250827 1032
10321 0.6763983401023187 1032.1
10322 0.6764339310597297 1032.2
10323 0.6764699711416111 1032.3
10324 0.6765064187198312 1032.4
10325 0.676543254937202 1032.5
10326 0.6765804270572974 1032.6
10327 0.6766178469741051 1032.7
10328 0.6766555058481534 1032.8
10329 0.6766933297572207 1032.9
10330 0.6767312410235184 1033
10331 0.6767691411095951 1033.1
10332 0.6768069321691427 1033.2
10333 0.6768445106628863 1033.3
10334 0.6768817250686084 1033.4
10335 0.6769186837943846 1033.5
10336 0.6769554329432976 1033.6
10337 0.6769919891545225 1033.7
10338 0.6770283873663612 1033.8
10339 0.6770640960748002 1033.9
10340 0.6770996798776244 1034
10341 0.677135438818664 1034.1
10342 0.6771714712131672 1034.2
10343 0.6772078264228525 1034.3
10344 0.6772445179948566 1034.4
10345 0.6772815631738611 1034.5
10346 0.6773187977660444 1034.6
10347 0.6773563673145301 1034.7
10348 0.6773935326704551 1034.8
10349 0.6774299810631381 1034.9
10350 0.6774660087314319 1035
10351 0.6775023037893555 1035.1
10352 0.6775384095223739 1035.2
10353 0.6775747205970046 1035.3
10354 0.677611230680389 1035.4
10355 0.6776479446985908 1035.5
10356 0.6776848861351011 1035.6
10357 0.6777220860570471 1035.7
10358 0.6777595794355135 1035.8
10359 0.6777964078030539 1035.9
10360 0.6778331356847813 1036
10361 0.6778701018886425 1036.1
10362 0.6779072694291937 1036.2
10363 0.6779445884108117 1036.3
10364 0.6779819906857064 1036.4
10365 0.6780193840730441 1036.5
10366 0.678056705777162 1036.6
10367 0.67809384239722 1036.7
10368 0.6781305953461931 1036.8
10369 0.6781656170761251 1036.9
10370 0.6782004049639768 1037
10371 0.6782349563423319 1037.1
10372 0.678269304987198 1037.2
10373 0.6783035514490462 1037.3
10374 0.6783374920171888 1037.4
10375 0.6783713188331767 1037.5
10376 0.6784037618353892 1037.6
10377 0.6784355590133142 1037.7
10378 0.6784661941477759 1037.8
10379 0.678496139132472 1037.9
10380 0.6785262959300961 1038
10381 0.678556693877534 1038.1
10382 0.6785873002800431 1038.2
10383 0.6786180805504596 1038.3
10384 0.6786490007181016 1038.4
10385 0.6786800259618058 1038.5
10386 0.6787111246071681 1038.6
10387 0.6787422690512788 1038.7
10388 0.6787734364324158 1038.8
10389 0.678804161227198 1038.9
10390 0.6788323955457873 1039
10391 0.678860868435736 1039.1
10392 0.678889529233609 1039.2
10393 0.6789184890657296 1039.3
10394 0.6789477713578373 1039.4
10395 0.6789773507273975 1039.5
10396 0.6790072135558789 1039.6
10397 0.6790374072131325 1039.7
10398 0.6790679253876017 1039.8
10399 0.6790987135003759 1039.9
10400 0.6791296307659501 1040
10401 0.6791606466616432 1040.1
10402 0.6791916645074095 1040.2
10403 0.6792225934503789 1040.3
10404 0.6792533776119429 1040.4
10405 0.6792840830728808 1040.5
10406 0.6793147343244555 1040.6
10407 0.6793453367932886 1040.7
10408 0.6793757059399403 1040.8
10409 0.6794057548014388 1040.9
10410 0.6794359826308145 1041
10411 0.6794664133851235 1041.1
10412 0.6794970792603579 1041.2
10413 0.6795280549004815 1041.3
10414 0.6795593396682504 1041.4
10415 0.6795900459348284 1041.5
10416 0.6796204436523682 1041.6
10417 0.679650901263956 1041.7
10418 0.6796817859485946 1041.8
10419 0.6797130925981686 1041.9
10420 0.6797448187019209 1042
10421 0.6797769659012439 1042.1
10422 0.6798095409131257 1042.2
10423 0.679842555715635 1042.3
10424 0.6798760250246968 1042.4
10425 0.6799099667531746 1042.5
10426 0.6799443996843814 1042.6
10427 0.6799793388369544 1042.7
10428 0.6800142575421293 1042.8
10429 0.6800475437907681 1042.9
10430 0.6800812405155647 1043
10431 0.6801153171952692 1043.1
10432 0.6801497066165765 1043.2
10433 0.6801843337030707 1043.3
10434 0.6802191213832266 1043.4
10435 0.6802539661381755 1043.5
10436 0.6802887583423782 1043.6
10437 0.6803234434819481 1043.7
10438 0.6803579361533024 1043.8
10439 0.6803918003099751 1043.9
10440 0.6804248782485602 1044
10441 0.680457778467209 1044.1
10442 0.6804904719749032 1044.2
10443 0.6805230972713188 1044.3
10444 0.6805554097286176 1044.4
10445 0.6805875538076922 1044.5
10446 0.6806200402266835 1044.6
10447 0.6806529605417468 1044.7
10448 0.6806864039380414 1044.8
10449 0.6807203504524807 1044.9
10450 0.6807549154863771 1045
10451 0.6807902011675191 1045.1
10452 0.6808262341739229 1045.2
10453 0.6808630112873335 1045.3
10454 0.6809005059318591 1045.4
10455 0.6809379645177166 1045.5
10456 0.680975338123591 1045.6
10457 0.681013144295414 1045.7
10458 0.6810512389095613 1045.8
10459 0.6810885254567961 1045.9
10460 0.6811255500756924 1046
10461 0.6811625598733799 1046.1
10462 0.6811995392687936 1046.2
10463 0.681236417771011 1046.3
10464 0.6812732051435186 1046.4
10465 0.6813099915781374 1046.5
10466 0.6813468206396107 1046.6
10467 0.6813837114027899 1046.7
10468 0.6814206592349902 1046.8
10469 0.6814578276202278 1046.9
10470 0.6814952435632625 1047
10471 0.6815329121913245 1047.1
10472 0.6815708212867383 1047.2
10473 0.6816083108592054 1047.3
10474 0.6816452618275479 1047.4
10475 0.6816804606538888 1047.5
10476 0.681715458074536 1047.6
10477 0.6817503815267058 1047.7
10478 0.6817852274971794 1047.8
10479 0.681819220861881 1047.9
10480 0.681852731036296 1048
10481 0.681885310717332 1048.1
10482 0.6819175716861138 1048.2
10483 0.6819492966980829 1048.3
10484 0.681980928675634 1048.4
10485 0.6820124929891083 1048.5
10486 0.6820440349146452 1048.6
10487 0.6820755069773603 1048.7
10488 0.682107063487688 1048.8
10489 0.6821387868487661 1048.9
10490 0.6821706990630649 1049
10491 0.6822028089106766 1049.1
10492 0.6822351202764144 1049.2
10493 0.6822675565279706 1049.3
10494 0.6823001775296076 1049.4
10495 0.6823329736648996 1049.5
10496 0.6823658521130818 1049.6
10497 0.6823988736718428 1049.7
10498 0.682432001326055 1049.8
10499 0.6824652657200776 1049.9
10500 0.6824980659099055 1050
10501 0.6825305869234702 1050.1
10502 0.6825632477216326 1050.2
10503 0.6825955340426126 1050.3
10504 0.6826274003621378 1050.4
10505 0.6826594540596139 1050.5
10506 0.6826916631803083 1050.6
10507 0.6827240002272096 1050.7
10508 0.6827564943861084 1050.8
10509 0.6827891318641384 1050.9
10510 0.6828218941470415 1051
10511 0.6828547590944485 1051.1
10512 0.6828877058391948 1051.2
10513 0.6829207027174229 1051.3
10514 0.6829533012423645 1051.4
10515 0.6829830775260594 1051.5
10516 0.6830129870083311 1051.6
10517 0.6830429444944062 1051.7
10518 0.6830728897608211 1051.8
10519 0.6831029237737335 1051.9
10520 0.6831331335613587 1052
10521 0.6831636037472205 1052.1
10522 0.6831943678987739 1052.2
10523 0.6832254366023147 1052.3
10524 0.6832566314551566 1052.4
10525 0.6832879172093073 1052.5
10526 0.6833196872821991 1052.6
10527 0.6833519566172919 1052.7
10528 0.6833846862177682 1052.8
10529 0.6834176615221803 1052.9
10530 0.6834511080587848 1053
10531 0.6834849613972386 1053.1
10532 0.6835181459254603 1053.2
10533 0.6835506760842361 1053.3
10534 0.683582279750313 1053.4
10535 0.683613985878575 1053.5
10536 0.6836456446272091 1053.6
10537 0.6836772853401194 1053.7
10538 0.6837089346880338 1053.8
10539 0.6837405837188927 1053.9
10540 0.6837719841259216 1054
10541 0.6838025378384857 1054.1
10542 0.6838331679102831 1054.2
10543 0.6838638724017082 1054.3
10544 0.6838947790968616 1054.4
10545 0.6839259211782081 1054.5
10546 0.6839573493622314 1054.6
10547 0.683989114253485 1054.7
10548 0.6840212437683697 1054.8
10549 0.6840537618340412 1054.9
10550 0.6840866224969943 1055
10551 0.6841192027713396 1055.1
10552 0.6841522863531587 1055.2
10553 0.6841859044972959 1055.3
10554 0.6842200896240295 1055.4
10555 0.6842548684518085 1055.5
10556 0.6842902570313795 1055.6
10557 0.6843262604076562 1055.7
10558 0.6843628588916912 1055.8
10559 0.6843991236767546 1055.9
10560 0.6844348741226012 1056
10561 0.6844710087999643 1056.1
10562 0.6845074363759726 1056.2
10563 0.6845440515785558 1056.3
10564 0.6845797488339935 1056.4
10565 0.6846150045347087 1056.5
10566 0.6846503575962407 1056.6
10567 0.6846857721325377 1056.7
10568 0.684721198318631 1056.8
10569 0.6847565131722334 1056.9
10570 0.6847915919199693 1057
10571 0.6848264285820486 1057.1
10572 0.6848612959761871 1057.2
10573 0.6848961553023781 1057.3
10574 0.684930985321244 1057.4
10575 0.6849657467116476 1057.5
10576 0.6850003971815881 1057.6
10577 0.6850341719958848 1057.7
10578 0.6850673867017867 1057.8
10579 0.6851005433919161 1057.9
10580 0.6851336173104028 1058
10581 0.6851667776053476 1058.1
10582 0.685200078489297 1058.2
10583 0.685233587593435 1058.3
10584 0.6852672040669469 1058.4
10585 0.6853010977798261 1058.5
10586 0.6853354252543877 1058.6
10587 0.6853698120825652 1058.7
10588 0.6854035515264669 1058.8
10589 0.6854355647720519 1058.9
10590 0.6854680309276185 1059
10591 0.6855009564173722 1059.1
10592 0.6855343268193077 1059.2
10593 0.6855681069668582 1059.3
10594 0.6856022176340317 1059.4
10595 0.6856365954072202 1059.5
10596 0.6856711845087975 1059.6
10597 0.6857059225446349 1059.7
10598 0.6857405614664874 1059.8
10599 0.685775261564723 1059.9
10600 0.6858099415715968 1060
10601 0.6858445790209674 1060.1
10602 0.6858791115056552 1060.2
10603 0.6859135495287981 1060.3
10604 0.6859475536535874 1060.4
10605 0.6859808078273724 1060.5
10606 0.6860140358933944 1060.6
10607 0.6860472389043789 1060.7
10608 0.686080405268623 1060.8
10609 0.6861135722983998 1060.9
10610 0.6861467127782775 1061
10611 0.6861796355918098 1061.1
10612 0.6862125844250231 1061.2
10613 0.6862455744474639 1061.3
10614 0.6862785447230928 1061.4
10615 0.6863115332472036 1061.5
10616 0.6863446275414892 1061.6
10617 0.6863778520820082 1061.7
10618 0.6864112829288048 1061.8
10619 0.6864449381166148 1061.9
10620 0.6864787405592087 1062
10621 0.6865127776850253 1062.1
10622 0.6865470396256389 1062.2
10623 0.6865815233230547 1062.3
10624 0.6866162354262658 1062.4
10625 0.6866511987475207 1062.5
10626 0.6866864880785815 1062.6
10627 0.6867220146405539 1062.7
10628 0.6867573886699154 1062.8
10629 0.6867923637815062 1062.9
10630 0.6868271383580967 1063
10631 0.6868608427091791 1063.1
10632 0.6868946877813842 1063.2
10633 0.6869285813229816 1063.3
10634 0.6869624300215483 1063.4
10635 0.6869961699466762 1063.5
10636 0.6870295317720135 1063.6
10637 0.6870627540939039 1063.7
10638 0.6870958046517949 1063.8
10639 0.6871276699584644 1063.9
10640 0.687157257621692 1064
10641 0.6871867037121814 1064.1
10642 0.6872161770681536 1064.2
10643 0.6872449370322257 1064.3
10644 0.6872737318390412 1064.4
10645 0.6873027111150599 1064.5
10646 0.6873318874168379 1064.6
10647 0.6873612764982815 1064.7
10648 0.6873908361414736 1064.8
10649 0.6874206311350382 1064.9
10650 0.6874506946892112 1065
10651 0.6874810397798053 1065.1
10652 0.6875116823136636 1065.2
10653 0.6875426403334455 1065.3
10654 0.687573933914034 1065.4
10655 0.6876055855131418 1065.5
10656 0.6876376177457472 1065.6
10657 0.6876700311346902 1065.7
10658 0.6877027791870565 1065.8
10659 0.6877359599472723 1065.9
10660 0.6877695760781674 1066
10661 0.6878036228375758 1066.1
10662 0.6878379969203516 1066.2
10663 0.6878711342091868 1066.3
10664 0.6879044494525429 1066.4
10665 0.6879373786883378 1066.5
10666 0.687970714183583 1066.6
10667 0.688004323722776 1066.7
10668 0.6880381914995977 1066.8
10669 0.6880722285382838 1066.9
10670 0.6881064957052366 1067
10671 0.6881403297365101 1067.1
10672 0.6881722093706163 1067.2
10673 0.6882039170822429 1067.3
10674 0.6882357210498802 1067.4
10675 0.6882675809388336 1067.5
10676 0.6882994821294881 1067.6
10677 0.6883308072380943 1067.7
10678 0.688362318428657 1067.8
10679 0.6883940454337275 1067.9
10680 0.6884260342710952 1068
10681 0.6884583415881536 1068.1
10682 0.6884910275153694 1068.2
10683 0.6885241493430456 1068.3
10684 0.6885576536711235 1068.4
10685 0.6885917170078568 1068.5
10686 0.6886260057126961 1068.6
10687 0.6886608374822641 1068.7
10688 0.6886961687920794 1068.8
10689 0.6887319603586224 1068.9
10690 0.6887677614456024 1069
10691 0.6888038794818052 1069.1
10692 0.6888391094417967 1069.2
10693 0.6888738960192656 1069.3
10694 0.6889089420138693 1069.4
10695 0.6889441893004762 1069.5
10696 0.6889790384890182 1069.6
10697 0.6890136678263666 1069.7
10698 0.6890484750419763 1069.8
10699 0.6890834966626431 1069.9
10700 0.6891183135857936 1070
10701 0.6891512250141006 1070.1
10702 0.6891842371127433 1070.2
10703 0.6892168983763552 1070.3
10704 0.689249654480753 1070.4
10705 0.6892825359960016 1070.5
10706 0.6893155131407269 1070.6
10707 0.6893485586292973 1070.7
10708 0.689381636593749 1070.8
10709 0.6894147143633618 1070.9
10710 0.6894477398620812 1071
10711 0.6894805423025729 1071.1
10712 0.6895131044643152 1071.2
10713 0.6895453920694611 1071.3
10714 0.6895775403912068 1071.4
10715 0.689609623757667 1071.5
10716 0.6896416737419784 1071.6
10717 0.6896736136717883 1071.7
10718 0.6897055851806992 1071.8
10719 0.6897376066569352 1071.9
10720 0.6897697198562858 1072
10721 0.689801861661837 1072.1
10722 0.6898339374150935 1072.2
10723 0.6898663059311084 1072.3
10724 0.6898988369998834 1072.4
10725 0.6899316802086437 1072.5
10726 0.6899649013183282 1072.6
10727 0.6899985261072745 1072.7
10728 0.6900325099248685 1072.8
10729 0.6900668520511181 1072.9
10730 0.6901016353729156 1073
10731 0.6901368445365041 1073.1
10732 0.6901722969247845 1073.2
10733 0.6902060323439044 1073.3
10734 0.6902399836824519 1073.4
10735 0.6902740550486315 1073.5
10736 0.6903080368089652 1073.6
10737 0.6903410405908639 1073.7
10738 0.6903741176852763 1073.8
10739 0.6904072307487193 1073.9
10740 0.6904403688501989 1074
10741 0.6904735029362041 1074.1
10742 0.6905066163305684 1074.2
10743 0.690539830186505 1074.3
10744 0.6905731949598349 1074.4
10745 0.6906067606247548 1074.5
10746 0.6906405739833924 1074.6
10747 0.6906746711511426 1074.7
10748 0.6907090674796104 1074.8
10749 0.6907437295648123 1074.9
10750 0.6907784789470145 1075
10751 0.6908134042695091 1075.1
10752 0.6908480967142722 1075.2
10753 0.6908819156208336 1075.3
10754 0.6909156778167336 1075.4
10755 0.6909493553416185 1075.5
10756 0.690982925370065 1075.6
10757 0.6910163391104092 1075.7
10758 0.691049579573656 1075.8
10759 0.6910821193659765 1075.9
10760 0.6911145742246461 1076
10761 0.6911471008606875 1076.1
10762 0.6911788350776703 1076.2
10763 0.691209031895017 1076.3
10764 0.6912379297820197 1076.4
10765 0.6912674500716154 1076.5
10766 0.6912976294035009 1076.6
10767 0.6913283572797121 1076.7
10768 0.6913584918664764 1076.8
10769 0.6913892243521389 1076.9
10770 0.6914204791298654 1077
10771 0.6914520387111548 1077.1
10772 0.6914840962887326 1077.2
10773 0.6915166128835453 1077.3
10774 0.6915495534466807 1077.4
10775 0.6915828805623051 1077.5
10776 0.6916146144094614 1077.6
10777 0.6916465564938431 1077.7
10778 0.6916786923801377 1077.8
10779 0.6917110166740026 1077.9
10780 0.6917435178349293 1078
10781 0.6917762256617621 1078.1
10782 0.6918091249488163 1078.2
10783 0.691842204909796 1078.3
10784 0.6918754700094353 1078.4
10785 0.6919089323879487 1078.5
10786 0.691942595618669 1078.6
10787 0.6919762235198671 1078.7
10788 0.6920093543047441 1078.8
10789 0.6920418644439681 1078.9
10790 0.6920739269702273 1079
10791 0.6921060174869439 1079.1
10792 0.6921380577712143 1079.2
10793 0.6921701423060732 1079.3
10794 0.6922022003968227 1079.4
10795 0.6922339911620159 1079.5
10796 0.6922645353567978 1079.6
10797 0.6922952612627782 1079.7
10798 0.6923263217680985 1079.8
10799 0.6923577835672308 1079.9
10800 0.6923897087460381 1080
10801 0.6924221433479945 1080.1
10802 0.6924544347131804 1080.2
10803 0.6924866901105363 1080.3
10804 0.6925194411853004 1080.4
10805 0.6925525027184759 1080.5
10806 0.6925859117655878 1080.6
10807 0.6926197294114295 1080.7
10808 0.6926539155788154 1080.8
10809 0.6926884393439519 1080.9
10810 0.6927232816750314 1081
10811 0.692758436594571 1081.1
10812 0.6927933409850716 1081.2
10813 0.692826467048161 1081.3
10814 0.692859604381332 1081.4
10815 0.6928925169884748 1081.5
10816 0.6929245079815959 1081.6
10817 0.6929565741343714 1081.7
10818 0.6929886879024304 1081.8
10819 0.6930207242296582 1081.9
10820 0.6930526984687868 1082
10821 0.6930846464269664 1082.1
10822 0.6931165655834953 1082.2
10823 0.6931483923126676 1082.3
10824 0.6931801822258725 1082.4
10825 0.6932119178013726 1082.5
10826 0.6932436741650347 1082.6
10827 0.6932754241856454 1082.7
10828 0.6933071320710805 1082.8
10829 0.6933387518033503 1082.9
10830 0.6933702447362857 1083
10831 0.6934016469392353 1083.1
10832 0.6934330346308751 1083.2
10833 0.6934644443443309 1083.3
10834 0.693495457123378 1083.4
10835 0.6935263528118094 1083.5
10836 0.6935575787394559 1083.6
10837 0.6935892055714222 1083.7
10838 0.6936212938114138 1083.8
10839 0.6936523680444864 1083.9
10840 0.6936831741786488 1084
10841 0.693714429350471 1084.1
10842 0.6937458915596603 1084.2
10843 0.6937777013619877 1084.3
10844 0.6938098771546298 1084.4
10845 0.6938423889046442 1084.5
10846 0.6938751868067292 1084.6
10847 0.6939082256451932 1084.7
10848 0.6939414647383711 1084.8
10849 0.6939748760275549 1084.9
10850 0.6940084375537864 1085
10851 0.6940421317215919 1085.1
10852 0.6940758295032208 1085.2
10853 0.6941094864752763 1085.3
10854 0.6941432080212945 1085.4
10855 0.6941769250142134 1085.5
10856 0.6942108715360225 1085.6
10857 0.6942450827072879 1085.7
10858 0.6942795994435043 1085.8
10859 0.6943144647216428 1085.9
10860 0.6943497194169768 1086
10861 0.6943854018722679 1086.1
10862 0.6944214202872185 1086.2
10863 0.6944578482899688 1086.3
10864 0.6944947174758194 1086.4
10865 0.6945319700862158 1086.5
10866 0.6945695592403749 1086.6
10867 0.6946074140157644 1086.7
10868 0.6946454362517885 1086.8
10869 0.6946836048315959 1086.9
10870 0.6947219265431112 1087
10871 0.6947598387568719 1087.1
10872 0.6947974179018284 1087.2
10873 0.694833784793173 1087.3
10874 0.694869652710647 1087.4
10875 0.6949032549540824 1087.5
10876 0.6949363623015937 1087.6
10877 0.694969377047664 1087.7
10878 0.6950022096614613 1087.8
10879 0.695034914551634 1087.9
10880 0.695067296624167 1088
10881 0.6950994108135017 1088.1
10882 0.6951313436444563 1088.2
10883 0.6951630794801579 1088.3
10884 0.6951940261832785 1088.4
10885 0.6952244477612436 1088.5
10886 0.695251962168849 1088.6
10887 0.6952792218762879 1088.7
10888 0.6953067223444076 1088.8
10889 0.6953344793957413 1088.9
10890 0.6953625025664081 1089
10891 0.6953908213319895 1089.1
10892 0.6954194380513173 1089.2
10893 0.6954483507041243 1089.3
10894 0.6954775629734421 1089.4
10895 0.6955070838843117 1089.5
10896 0.6955369266229888 1089.6
10897 0.6955671076985175 1089.7
10898 0.6955976473769619 1089.8
10899 0.6956285676661564 1089.9
10900 0.6956598917778702 1090
10901 0.6956916444582152 1090.1
10902 0.6957238494859757 1090.2
10903 0.6957565251674738 1090.3
10904 0.6957896869418979 1090.4
10905 0.6958224604962864 1090.5
10906 0.6958549353475746 1090.6
10907 0.6958876167376783 1090.7
10908 0.6959190084765379 1090.8
10909 0.6959503395805933 1090.9
10910 0.6959810055903455 1091
10911 0.6960117016801013 1091.1
10912 0.6960425317947427 1091.2
10913 0.6960734590296765 1091.3
10914 0.6961042049617235 1091.4
10915 0.6961345493725335 1091.5
10916 0.6961650353977152 1091.6
10917 0.6961957789845108 1091.7
10918 0.6962268086572737 1091.8
10919 0.6962580879689568 1091.9
10920 0.6962897324620861 1092
10921 0.6963217666778546 1092.1
10922 0.6963542126979284 1092.2
10923 0.6963860495115421 1092.3
10924 0.6964169627686795 1092.4
10925 0.6964480670310813 1092.5
10926 0.6964793678321624 1092.6
10927 0.6965108801751608 1092.7
10928 0.6965425934484671 1092.8
10929 0.6965744864149129 1092.9
10930 0.6966065465153604 1093
10931 0.6966387727063638 1093.1
10932 0.6966710971059373 1093.2
10933 0.6967035586429037 1093.3
10934 0.6967362035940402 1093.4
10935 0.696769023825403 1093.5
10936 0.696802047193727 1093.6
10937 0.6968351313808686 1093.7
10938 0.6968684411365806 1093.8
10939 0.6969020463517668 1093.9
10940 0.6969359806869869 1094
10941 0.6969702711385759 1094.1
10942 0.6970049384771045 1094.2
10943 0.6970399936432271 1094.3
10944 0.6970754348433776 1094.4
10945 0.697111239168322 1094.5
10946 0.6971473529463627 1094.6
10947 0.6971837142043134 1094.7
10948 0.6972192730793312 1094.8
10949 0.697253478842251 1094.9
10950 0.6972874288127651 1095
10951 0.6973210184445028 1095.1
10952 0.6973541900310062 1095.2
10953 0.6973863842943088 1095.3
10954 0.6974177811345947 1095.4
10955 0.6974487994822126 1095.5
10956 0.6974795226720262 1095.6
10957 0.6975099184233587 1095.7
10958 0.6975400875909343 1095.8
10959 0.6975703369705494 1095.9
10960 0.6976007198409373 1096
10961 0.6976312908078812 1096.1
10962 0.6976620970200175 1096.2
10963 0.6976931807729809 1096.3
10964 0.6977245904593714 1096.4
10965 0.6977563651266308 1096.5
10966 0.6977884933668674 1096.6
10967 0.6978207685750475 1096.7
10968 0.6978520658932075 1096.8
10969 0.6978836289729361 1096.9
10970 0.6979155540448667 1097
10971 0.6979478600382566 1097.1
10972 0.6979805678074809 1097.2
10973 0.698013696551791 1097.3
10974 0.6980468979406752 1097.4
10975 0.6980792688669075 1097.5
10976 0.6981118061302627 1097.6
10977 0.6981446193691957 1097.7
10978 0.6981776825561639 1097.8
10979 0.6982110132949184 1097.9
10980 0.6982445895439289 1098
10981 0.6982783746450552 1098.1
10982 0.6983123634149364 1098.2
10983 0.6983465478458276 1098.3
10984 0.6983809297959739 1098.4
10985 0.6984154078725635 1098.5
10986 0.6984498514368598 1098.6
10987 0.6984840880475404 1098.7
10988 0.6985185097344829 1098.8
10989 0.6985531016043725 1098.9
10990 0.6985878379524083 1099
10991 0.6986223324078511 1099.1
10992 0.6986567196867851 1099.2
10993 0.6986911642243245 1099.3
10994 0.6987256195254649 1099.4
10995 0.698760033813959 1099.5
10996 0.6987935262292168 1099.6
10997 0.6988266481828905 1099.7
10998 0.6988598544820277 1099.8
10999 0.6988931833069076 1099.9
11000 0.6989266309571239 1100
11001 0.698959838799878 1100.1
11002 0.6989929236249334 1100.2
11003 0.6990262908270211 1100.3
11004 0.6990599597709695 1100.4
11005 0.6990939339556259 1100.5
11006 0.6991271206441211 1100.6
11007 0.6991592066740457 1100.7
11008 0.6991899232669148 1100.8
11009 0.6992213377377667 1100.9
11010 0.6992522837488422 1101
11011 0.6992830554473641 1101.1
11012 0.6993143331885184 1101.2
11013 0.699346061989077 1101.3
11014 0.6993781422623572 1101.4
11015 0.699410443953659 1101.5
11016 0.6994429944818575 1101.6
11017 0.6994757150932541 1101.7
11018 0.6995085961962636 1101.8
11019 0.6995416599989402 1101.9
11020 0.699573056409611 1102
11021 0.6996042011395346 1102.1
11022 0.6996353125137698 1102.2
11023 0.6996661208550629 1102.3
11024 0.6996970944641036 1102.4
11025 0.6997283415030093 1102.5
11026 0.6997598926382302 1102.6
11027 0.6997917748904927 1102.7
11028 0.699823991281243 1102.8
11029 0.6998565633152155 1102.9
11030 0.6998895025051295 1103
11031 0.6999215360544002 1103.1
11032 0.6999525772862569 1103.2
11033 0.6999837421946776 1103.3
11034 0.7000148221087439 1103.4
11035 0.7000450962456545 1103.5
11036 0.7000755174892145 1103.6
11037 0.7001060880810112 1103.7
11038 0.7001368099222902 1103.8
11039 0.7001676834845296 1103.9
11040 0.7001987125374556 1104
11041 0.7002298910036932 1104.1
11042 0.7002611978082718 1104.2
11043 0.7002926059994645 1104.3
11044 0.7003241021082512 1104.4
11045 0.7003556234862921 1104.5
11046 0.7003871008091275 1104.6
11047 0.7004184623689307 1104.7
11048 0.7004494708246251 1104.8
11049 0.7004798194351189 1104.9
11050 0.7005102644780203 1105
11051 0.7005408109197182 1105.1
11052 0.7005709921131845 1105.2
11053 0.7006011891399296 1105.3
11054 0.7006312197801648 1105.4
11055 0.7006615363348118 1105.5
11056 0.7006922250911444 1105.6
11057 0.7007233209551086 1105.7
11058 0.7007548473042469 1105.8
11059 0.7007868147334678 1105.9
11060 0.7008192159981612 1106
11061 0.7008508981293869 1106.1
11062 0.7008818937173368 1106.2
11063 0.7009131647369752 1106.3
11064 0.7009446644568105 1106.4
11065 0.7009763649864464 1106.5
11066 0.7010082232926761 1106.6
11067 0.7010402128139891 1106.7
11068 0.7010723261035106 1106.8
11069 0.7011045710190341 1106.9
11070 0.7011369167256233 1107
11071 0.7011693130424721 1107.1
11072 0.7012017151743857 1107.2
11073 0.7012339448096819 1107.3
11074 0.701265656188901 1107.4
11075 0.7012973917500485 1107.5
11076 0.7013292089597574 1107.6
11077 0.7013608524620986 1107.7
11078 0.7013923968727327 1107.8
11079 0.7014240548235372 1107.9
11080 0.7014558715379902 1108
11081 0.7014877937282002 1108.1
11082 0.7015196323078438 1108.2
11083 0.7015519207630581 1108.3
11084 0.7015843149222143 1108.4
11085 0.7016162713971504 1108.5
11086 0.7016487480038633 1108.6
11087 0.7016817369300025 1108.7
11088 0.7017152136094016 1108.8
11089 0.7017491139669141 1108.9
11090 0.7017822827592418 1109
11091 0.7018152000183057 1109.1
11092 0.7018484307715067 1109.2
11093 0.7018819223546621 1109.3
11094 0.701915619595627 1109.4
11095 0.701949482347218 1109.5
11096 0.7019834861384623 1109.6
11097 0.7020176253551774 1109.7
11098 0.7020519058686681 1109.8
11099 0.7020863419393265 1109.9
11100 0.702120954268276 1110
11101 0.7021557697724178 1110.1
11102 0.7021908185347941 1110.2
11103 0.7022261193022857 1110.3
11104 0.7022616692467668 1110.4
11105 0.7022974550075268 1110.5
11106 0.702333445434225 1110.6
11107 0.702369593432793 1110.7
11108 0.7024058547032449 1110.8
11109 0.7024412959417522 1110.9
11110 0.7024766012516245 1111
11111 0.7025119449310118 1111.1
11112 0.7025473861450237 1111.2
11113 0.7025829159954354 1111.3
11114 0.7026185141622673 1111.4
11115 0.7026541656285864 1111.5
11116 0.7026891176838679 1111.6
11117 0.7027236047822856 1111.7
11118 0.7027581454433165 1111.8
11119 0.7027925949865639 1111.9
11120 0.7028268666498501 1112
11121 0.7028609368112207 1112.1
11122 0.702894729739433 1112.2
11123 0.702928071886345 1112.3
11124 0.702960135840984 1112.4
11125 0.7029913925538265 1112.5
11126 0.7030225723096817 1112.6
11127 0.7030537680862868 1112.7
11128 0.7030824934404324 1112.8
11129 0.7031110735870143 1112.9
11130 0.7031403123631618 1113
11131 0.7031702612602265 1113.1
11132 0.7032006345136687 1113.2
11133 0.7032287601013154 1113.3
11134 0.7032572387444332 1113.4
11135 0.703286352375197 1113.5
11136 0.7033160717712733 1113.6
11137 0.7033463389301903 1113.7
11138 0.7033770710904451 1113.8
11139 0.7034081943838952 1113.9
11140 0.7034396254809546 1114
11141 0.7034712850342887 1114.1
11142 0.703503074047823 1114.2
11143 0.7035348950611068 1114.3
11144 0.7035659632114708 1114.4
11145 0.7035966606276228 1114.5
11146 0.7036273603047022 1114.6
11147 0.703658048036663 1114.7
11148 0.7036887177304533 1114.8
11149 0.7037193683189547 1114.9
11150 0.7037500027772546 1115
11151 0.7037806280274912 1115.1
11152 0.7038112724519463 1115.2
11153 0.7038414159355969 1115.3
11154 0.7038715818051323 1115.4
11155 0.703901866590523 1115.5
11156 0.7039322466129643 1115.6
11157 0.7039627185443351 1115.7
11158 0.7039932767772287 1115.8
11159 0.7040239062740337 1115.9
11160 0.7040543673150265 1116
11161 0.7040846852495705 1116.1
11162 0.7041148425602884 1116.2
11163 0.7041445613380366 1116.3
11164 0.7041740736678525 1116.4
11165 0.7042034895751399 1116.5
11166 0.704232731576561 1116.6
11167 0.7042618309044018 1116.7
11168 0.7042905722910748 1116.8
11169 0.7043189280345872 1116.9
11170 0.7043474325173946 1117
11171 0.7043761547845325 1117.1
11172 0.704405171824407 1117.2
11173 0.7044345597208012 1117.3
11174 0.7044643641041597 1117.4
11175 0.7044945855266875 1117.5
11176 0.7045250873776147 1117.6
11177 0.7045561937175621 1117.7
11178 0.7045860382172239 1117.8
11179 0.7046163117625589 1117.9
11180 0.7046470603523582 1118
11181 0.7046782284072894 1118.1
11182 0.7047097901736322 1118.2
11183 0.7047416546129232 1118.3
11184 0.7047737394551198 1118.4
11185 0.7048060989625977 1118.5
11186 0.7048387096228893 1118.6
11187 0.7048715540925354 1118.7
11188 0.7049046249105428 1118.8
11189 0.7049379264426699 1118.9
11190 0.7049714767901395 1119
11191 0.7050053023929064 1119.1
11192 0.7050394882105099 1119.2
11193 0.7050740708360762 1119.3
11194 0.705108845970388 1119.4
11195 0.7051433498802319 1119.5
11196 0.7051773819649323 1119.6
11197 0.7052116085125915 1119.7
11198 0.7052451146657861 1119.8
11199 0.7052786768773128 1119.9
11200 0.705312665350557 1120
11201 0.7053470409497897 1120.1
11202 0.7053817373245204 1120.2
11203 0.7054166536879594 1120.3
11204 0.7054516301645207 1120.4
11205 0.7054865389784717 1120.5
11206 0.705521435798416 1120.6
11207 0.7055563798363345 1120.7
11208 0.7055913732688526 1120.8
11209 0.7056263548401231 1120.9
11210 0.7056608874234739 1121
11211 0.7056956974053836 1121.1
11212 0.7057308222588127 1121.2
11213 0.7057662288660399 1121.3
11214 0.7058012385952976 1121.4
11215 0.7058365344466332 1121.5
11216 0.7058719491132843 1121.6
11217 0.7059074683557643 1121.7
11218 0.7059430934767619 1121.8
11219 0.7059787480332812 1121.9
11220 0.706014408927534 1122
11221 0.7060500645191811 1122.1
11222 0.7060856525329472 1122.2
11223 0.7061211575388182 1122.3
11224 0.7061565834436528 1122.4
11225 0.7061915318760534 1122.5
11226 0.7062260118345726 1122.6
11227 0.7062604645469863 1122.7
11228 0.7062949159258483 1122.8
11229 0.7063293957371265 1122.9
11230 0.7063639764511794 1123
11231 0.7063987009404888 1123.1
11232 0.7064335634235476 1123.2
11233 0.7064671167157911 1123.3
11234 0.7065008118334321 1123.4
11235 0.7065344826813655 1123.5
11236 0.7065675845791098 1123.6
11237 0.7066009848815581 1123.7
11238 0.7066337752269778 1123.8
11239 0.7066653129997695 1123.9
11240 0.7066969678444384 1124
11241 0.7067286471523824 1124.1
11242 0.7067593835286353 1124.2
11243 0.7067900798135792 1124.3
11244 0.7068206340671741 1124.4
11245 0.7068509786473511 1124.5
11246 0.7068811985059738 1124.6
11247 0.7069111532696376 1124.7
11248 0.7069376727084671 1124.8
11249 0.7069641775857703 1124.9
11250 0.7069906609008791 1125
11251 0.7070170773422022 1125.1
11252 0.7070434978565522 1125.2
11253 0.7070699446638672 1125.3
11254 0.7070960602209786 1125.4
11255 0.7071217028562118 1125.5
11256 0.7071475257043653 1125.6
11257 0.7071734286619729 1125.7
11258 0.7071994733943607 1125.8
11259 0.7072257904541335 1125.9
11260 0.7072524278837217 1126
11261 0.7072794228193028 1126.1
11262 0.7073067911187016 1126.2
11263 0.7073343640335262 1126.3
11264 0.7073623293463246 1126.4
11265 0.70739068670276 1126.5
11266 0.7074194298400259 1126.6
11267 0.7074485485654921 1126.7
11268 0.7074780296380456 1126.8
11269 0.7075078594328095 1126.9
11270 0.707538025129132 1127
11271 0.707568516678639 1127.1
11272 0.7075993298553014 1127.2
11273 0.707630464699452 1127.3
11274 0.707661688863501 1127.4
11275 0.7076928771443692 1127.5
11276 0.7077244535269126 1127.6
11277 0.7077564303922775 1127.7
11278 0.707788819965809 1127.8
11279 0.7078216348681426 1127.9
11280 0.707854881742958 1128
11281 0.7078885531827241 1128.1
11282 0.7079219831970074 1128.2
11283 0.7079546174553581 1128.3
11284 0.7079874425009117 1128.4
11285 0.7080205589617511 1128.5
11286 0.7080539315528118 1128.6
11287 0.7080875101899997 1128.7
11288 0.7081210197727684 1128.8
11289 0.7081545793700358 1128.9
11290 0.7081881931834803 1129
11291 0.7082217540759289 1129.1
11292 0.7082551617366867 1129.2
11293 0.7082883576611938 1129.3
11294 0.7083212691719963 1129.4
11295 0.7083531936890693 1129.5
11296 0.7083850348837041 1129.6
11297 0.7084164715436507 1129.7
11298 0.7084477193897735 1129.8
11299 0.7084781957183407 1129.9
11300 0.7085083270292825 1130
11301 0.708538748560436 1130.1
11302 0.7085693888494854 1130.2
11303 0.7086003008372221 1130.3
11304 0.708631560936193 1130.4
11305 0.70866314610226 1130.5
11306 0.7086948239701536 1130.6
11307 0.7087268070881728 1130.7
11308 0.7087590463569614 1130.8
11309 0.708791368136236 1130.9
11310 0.7088239346547961 1131
11311 0.708856728455881 1131.1
11312 0.70888974050404 1131.2
11313 0.7089229672160163 1131.3
11314 0.7089564723588911 1131.4
11315 0.7089900990420914 1131.5
11316 0.7090230191442409 1131.6
11317 0.7090559877033826 1131.7
11318 0.709089155368417 1131.8
11319 0.7091223198388036 1131.9
11320 0.7091552222384262 1132
11321 0.7091883555897458 1132.1
11322 0.7092217206365123 1132.2
11323 0.709255331024129 1132.3
11324 0.7092892021493731 1132.4
11325 0.7093233366258564 1132.5
11326 0.7093577603861136 1132.6
11327 0.7093925032152465 1132.7
11328 0.7094275921806881 1132.8
11329 0.7094630506707796 1132.9
11330 0.7094988875529669 1133
11331 0.7095350860055717 1133.1
11332 0.7095716286846721 1133.2
11333 0.7096084762627346 1133.3
11334 0.7096455638417876 1133.4
11335 0.7096828223238665 1133.5
11336 0.709718706886852 1133.6
11337 0.7097546140388642 1133.7
11338 0.7097904743080956 1133.8
11339 0.7098259587764895 1133.9
11340 0.7098611959842461 1134
11341 0.7098961877819279 1134.1
11342 0.709930513034803 1134.2
11343 0.7099640791325216 1134.3
11344 0.7099972686369697 1134.4
11345 0.7100304130887763 1134.5
11346 0.7100635049190722 1134.6
11347 0.7100951459010888 1134.7
11348 0.7101262128612551 1134.8
11349 0.7101567690004813 1134.9
11350 0.7101873805432574 1135
11351 0.7102177211484721 1135.1
11352 0.7102474437916335 1135.2
11353 0.7102771787587174 1135.3
11354 0.7103070110500906 1135.4
11355 0.7103369345649414 1135.5
11356 0.7103669319795275 1135.6
11357 0.7103969680028053 1135.7
11358 0.7104270119689955 1135.8
11359 0.7104570397776284 1135.9
11360 0.7104870342266523 1136
11361 0.7105169837063097 1136.1
11362 0.7105468351823099 1136.2
11363 0.7105765774365109 1136.3
11364 0.7106059977134638 1136.4
11365 0.7106332805728153 1136.5
11366 0.7106596692786814 1136.6
11367 0.7106860961489403 1136.7
11368 0.7107127777052613 1136.8
11369 0.7107397598655109 1136.9
11370 0.7107669804747918 1137
11371 0.7107944490106173 1137.1
11372 0.7108222127170604 1137.2
11373 0.7108502720657769 1137.3
11374 0.7108786248211478 1137.4
11375 0.7109072669271173 1137.5
11376 0.7109361909974595 1137.6
11377 0.7109653378210473 1137.7
11378 0.7109947460350262 1137.8
11379 0.7110244043354614 1137.9
11380 0.7110542927739498 1138
11381 0.7110843884748499 1138.1
11382 0.7111146671906097 1138.2
11383 0.7111451020139083 1138.3
11384 0.7111756618178304 1138.4
11385 0.7112063233506741 1138.5
11386 0.7112371480334384 1138.6
11387 0.7112681397164112 1138.7
11388 0.7112991544680559 1138.8
11389 0.7113302000899777 1138.9
11390 0.7113610066590184 1139
11391 0.7113912602744664 1139.1
11392 0.711421155644825 1139.2
11393 0.7114505671230786 1139.3
11394 0.7114801788701729 1139.4
11395 0.7115099881216472 1139.5
11396 0.7115388466360092 1139.6
11397 0.7115673913175631 1139.7
11398 0.7115954575160175 1139.8
11399 0.7116237892069219 1139.9
11400 0.711652418367575 1140
11401 0.7116811885293167 1140.1
11402 0.7117102660784316 1140.2
11403 0.711739698892403 1140.3
11404 0.7117695139486906 1140.4
11405 0.7117994202249038 1140.5
11406 0.7118296940018197 1140.6
11407 0.7118604486332336 1140.7
11408 0.7118917060242096 1140.8
11409 0.7119234777394378 1140.9
11410 0.7119557625720808 1141
11411 0.7119884549339679 1141.1
11412 0.7120216270957713 1141.2
11413 0.7120549856581839 1141.3
11414 0.7120874635801747 1141.4
11415 0.7121203081445995 1141.5
11416 0.7121534554571475 1141.6
11417 0.7121858755449907 1141.7
11418 0.712218384002806 1141.8
11419 0.7122511233299742 1141.9
11420 0.7122840867882 1142
11421 0.7123172828035484 1142.1
11422 0.7123507259993537 1142.2
11423 0.7123844323926823 1142.3
11424 0.7124184381911071 1142.4
11425 0.7124527589181568 1142.5
11426 0.7124874045455889 1142.6
11427 0.7125223799331546 1142.7
11428 0.7125576909472725 1142.8
11429 0.712593326765127 1142.9
11430 0.7126292717502752 1143
11431 0.7126650851774767 1143.1
11432 0.7127006071584462 1143.2
11433 0.7127363961664449 1143.3
11434 0.7127724166727814 1143.4
11435 0.7128084469057797 1143.5
11436 0.7128446294413612 1143.6
11437 0.7128809274278884 1143.7
11438 0.7129172518267631 1143.8
11439 0.7129535293271548 1143.9
11440 0.7129898067308552 1144
11441 0.7130257668255587 1144.1
11442 0.7130598202816877 1144.2
11443 0.7130932465340108 1144.3
11444 0.7131262207220755 1144.4
11445 0.7131591213408985 1144.5
11446 0.7131920000339551 1144.6
11447 0.7132248789725961 1144.7
11448 0.713257333844585 1144.8
11449 0.7132894956220335 1144.9
11450 0.7133212016063643 1145
11451 0.7133525830546852 1145.1
11452 0.7133841661712781 1145.2
11453 0.7134159107854099 1145.3
11454 0.7134475272182267 1145.4
11455 0.7134793938375243 1145.5
11456 0.7135115649455906 1145.6
11457 0.7135438953176338 1145.7
11458 0.713576589801629 1145.8
11459 0.7136096835561292 1145.9
11460 0.7136431613553669 1146
11461 0.7136757811182913 1146.1
11462 0.7137074645367268 1146.2
11463 0.7137394169752528 1146.3
11464 0.7137716262176728 1146.4
11465 0.7138035280815875 1146.5
11466 0.7138344859647624 1146.6
11467 0.7138650853952115 1146.7
11468 0.7138957355420101 1146.8
11469 0.7139263616398578 1146.9
11470 0.713956907476324 1147
11471 0.7139873399717838 1147.1
11472 0.7140176416909094 1147.2
11473 0.7140476439029914 1147.3
11474 0.7140772400515865 1147.4
11475 0.7141067688731364 1147.5
11476 0.7141361845116412 1147.6
11477 0.7141652459971431 1147.7
11478 0.714194262767032 1147.8
11479 0.7142228345952041 1147.9
11480 0.7142487517778756 1148
11481 0.7142750305257934 1148.1
11482 0.7143016830844511 1148.2
11483 0.7143286982785331 1148.3
11484 0.7143560538613001 1148.4
11485 0.7143837126843702 1148.5
11486 0.7144116327883434 1148.6
11487 0.714439753639091 1148.7
11488 0.7144679987722318 1148.8
11489 0.7144962842371718 1148.9
11490 0.714524533955641 1149
11491 0.7145527654448148 1149.1
11492 0.7145809876931712 1149.2
11493 0.7146091761552396 1149.3
11494 0.7146368050306784 1149.4
11495 0.7146641503152774 1149.5
11496 0.7146915991963857 1149.6
11497 0.7147192014342757 1149.7
11498 0.714747013826278 1149.8
11499 0.7147750916346094 1149.9
11500 0.7148034796924793 1150
11501 0.7148322074531621 1150.1
11502 0.7148612851659357 1150.2
11503 0.7148907006601785 1150.3
11504 0.7149196974092411 1150.4
11505 0.7149489837315532 1150.5
11506 0.7149785560826571 1150.6
11507 0.7150084439749997 1150.7
11508 0.7150386502131301 1150.8
11509 0.715069111911975 1150.9
11510 0.7150983344720633 1151
11511 0.715126928626247 1151.1
11512 0.7151558131466795 1151.2
11513 0.7151849760514356 1151.3
11514 0.7152144126668248 1151.4
11515 0.7152441245187319 1151.5
11516 0.7152741132335166 1151.6
11517 0.7153043820910943 1151.7
11518 0.7153349356298854 1151.8
11519 0.7153657802309772 1151.9
11520 0.7153969247356556 1152
11521 0.7154283804051229 1152.1
11522 0.7154601609034976 1152.2
11523 0.7154922816460588 1152.3
11524 0.7155247742337781 1152.4
11525 0.7155576700171105 1152.5
11526 0.7155909757340702 1152.6
11527 0.7156246931881858 1152.7
11528 0.7156588206440756 1152.8
11529 0.7156933485664516 1152.9
11530 0.7157277873211455 1153
11531 0.7157609031847306 1153.1
11532 0.7157942727871308 1153.2
11533 0.7158275338676013 1153.3
11534 0.7158609400851097 1153.4
11535 0.7158944884296131 1153.5
11536 0.7159281121245697 1153.6
11537 0.7159617339143429 1153.7
11538 0.7159952797564666 1153.8
11539 0.716028715633323 1153.9
11540 0.7160620968576143 1154
11541 0.7160954380290413 1154.1
11542 0.7161287274576138 1154.2
11543 0.716161454756559 1154.3
11544 0.7161941041629402 1154.4
11545 0.7162269198534343 1154.5
11546 0.7162599560031658 1154.6
11547 0.7162932588834605 1154.7
11548 0.7163268622044472 1154.8
11549 0.7163607566196585 1154.9
11550 0.7163948196543912 1155
11551 0.7164292492830413 1155.1
11552 0.7164640649049759 1155.2
11553 0.7164992340362401 1155.3
11554 0.7165343151724466 1155.4
11555 0.7165671963046164 1155.5
11556 0.7165997497631688 1155.6
11557 0.7166321040453985 1155.7
11558 0.7166645736705876 1155.8
11559 0.7166971899883929 1155.9
11560 0.7167299025505257 1156
11561 0.7167626229781457 1156.1
11562 0.7167952813630661 1156.2
11563 0.7168278397331196 1156.3
11564 0.7168603228773871 1156.4
11565 0.7168928316423486 1156.5
11566 0.716925356529776 1156.6
11567 0.7169578724996567 1156.7
11568 0.7169904376147109 1156.8
11569 0.7170231127130684 1156.9
11570 0.7170559572929314 1157
11571 0.7170890204596135 1157.1
11572 0.7171223422450398 1157.2
11573 0.7171559533134605 1157.3
11574 0.7171898764300791 1157.4
11575 0.7172240448923722 1157.5
11576 0.7172585181440722 1157.6
11577 0.7172933278387676 1157.7
11578 0.7173262174650753 1157.8
11579 0.7173585220832164 1157.9
11580 0.7173911824887674 1158
11581 0.7174241480344109 1158.1
11582 0.7174573200650818 1158.2
11583 0.7174904697069471 1158.3
11584 0.7175232694169174 1158.4
11585 0.7175558511423652 1158.5
11586 0.7175881792134702 1158.6
11587 0.7176203163724989 1158.7
11588 0.7176517496192852 1158.8
11589 0.7176824431115754 1158.9
11590 0.7177109829414327 1159
11591 0.7177392162473358 1159.1
11592 0.7177668463294832 1159.2
11593 0.7177922069285068 1159.3
11594 0.7178179116231463 1159.4
11595 0.7178439719397403 1159.5
11596 0.7178705741475718 1159.6
11597 0.7178976171998374 1159.7
11598 0.7179232245943177 1159.8
11599 0.7179492411994763 1159.9
11600 0.7179756540373354 1160
11601 0.7180024372039432 1160.1
11602 0.7180295576309538 1160.2
11603 0.7180569806064806 1160.3
11604 0.7180846720408451 1160.4
11605 0.7181125991457099 1160.5
11606 0.7181407336233137 1160.6
11607 0.718168984014055 1160.7
11608 0.7181973668798605 1160.8
11609 0.7182257716676194 1160.9
11610 0.7182543512393661 1161
11611 0.7182830688055157 1161.1
11612 0.7183119112668513 1161.2
11613 0.7183409358980823 1161.3
11614 0.718370134921641 1161.4
11615 0.7183995072357007 1161.5
11616 0.7184287992639017 1161.6
11617 0.7184571944322011 1161.7
11618 0.7184858451762949 1161.8
11619 0.7185147698253501 1161.9
11620 0.7185437559562804 1162
11621 0.7185725082056839 1162.1
11622 0.7186014066621258 1162.2
11623 0.7186305265571482 1162.3
11624 0.7186598777887883 1162.4
11625 0.718689467473581 1162.5
11626 0.7187193036433449 1162.6
11627 0.7187493895836891 1162.7
11628 0.7187796897352841 1162.8
11629 0.7188101712348618 1162.9
11630 0.7188408507824915 1163
11631 0.7188716898591712 1163.1
11632 0.7189026070399358 1163.2
11633 0.7189334823180001 1163.3
11634 0.7189643380145377 1163.4
11635 0.7189951116881723 1163.5
11636 0.7190258270485005 1163.6
11637 0.7190565280675095 1163.7
11638 0.7190872180145123 1163.8
11639 0.7191179288548963 1163.9
11640 0.7191487032951115 1164
11641 0.7191786795221233 1164.1
11642 0.7192079790457794 1164.2
11643 0.7192374540347342 1164.3
11644 0.7192670940543872 1164.4
11645 0.7192963501321552 1164.5
11646 0.7193250250051142 1164.6
11647 0.719353998242343 1164.7
11648 0.7193833043899008 1164.8
11649 0.7194129681436289 1164.9
11650 0.7194430025965647 1165
11651 0.7194734225687204 1165.1
11652 0.7195042335921589 1165.2
11653 0.7195354460044032 1165.3
11654 0.7195670649023641 1165.4
11655 0.7195990986521207 1165.5
11656 0.7196315577470732 1165.6
11657 0.7196644505173867 1165.7
11658 0.7196976843513205 1165.8
11659 0.7197312437001386 1165.9
11660 0.7197652334089478 1166
11661 0.7197988838975793 1166.1
11662 0.7198324180807015 1166.2
11663 0.7198663461943736 1166.3
11664 0.7199006697761039 1166.4
11665 0.7199353869867411 1166.5
11666 0.7199704908959278 1166.6
11667 0.7200059673001711 1166.7
11668 0.7200417852165772 1166.8
11669 0.7200779045584643 1166.9
11670 0.7201143183930179 1167
11671 0.7201494966690539 1167.1
11672 0.7201846439323918 1167.2
11673 0.7202198287598136 1167.3
11674 0.7202550760715037 1167.4
11675 0.7202899513205667 1167.5
11676 0.7203244871081339 1167.6
11677 0.7203589763371145 1167.7
11678 0.7203933595877615 1167.8
11679 0.7204275078166203 1167.9
11680 0.720460839912893 1168
11681 0.7204938937366728 1168.1
11682 0.7205267082563591 1168.2
11683 0.7205592416170087 1168.3
11684 0.7205914568048432 1168.4
11685 0.7206234758456336 1168.5
11686 0.720655352488163 1168.6
11687 0.7206862442563791 1168.7
11688 0.7207172517781856 1168.8
11689 0.7207484471441826 1168.9
11690 0.72077976349888 1169
11691 0.7208109977486745 1169.1
11692 0.7208422891490907 1169.2
11693 0.7208740896161864 1169.3
11694 0.7209063907958292 1169.4
11695 0.7209391616978266 1169.5
11696 0.7209721486483281 1169.6
11697 0.721005341779744 1169.7
11698 0.7210366787499976 1169.8
11699 0.7210674449147958 1169.9
11700 0.7210984849553775 1170
11701 0.7211295634780691 1170.1
11702 0.7211607650527614 1170.2
11703 0.7211920550578622 1170.3
11704 0.7212233501907793 1170.4
11705 0.7212532313559912 1170.5
11706 0.721281278719037 1170.6
11707 0.7213094480327957 1170.7
11708 0.7213377794510463 1170.8
11709 0.7213662621056403 1170.9
11710 0.7213948650003066 1171
11711 0.7214229931320263 1171.1
11712 0.7214511779638622 1171.2
11713 0.7214795763273791 1171.3
11714 0.721508221097086 1171.4
11715 0.7215371559073068 1171.5
11716 0.7215664265559493 1171.6
11717 0.7215948597527749 1171.7
11718 0.7216223185896616 1171.8
11719 0.7216502248612505 1171.9
11720 0.7216785801828323 1172
11721 0.7217073778697835 1172.1
11722 0.721736567245838 1172.2
11723 0.7217661442464985 1172.3
11724 0.7217961249565601 1172.4
11725 0.7218265253296908 1172.5
11726 0.7218573616436311 1172.6
11727 0.7218886478678747 1172.7
11728 0.7219203571474199 1172.8
11729 0.7219522978712583 1172.9
11730 0.7219840469907737 1173
11731 0.7220142693149754 1173.1
11732 0.7220441237388465 1173.2
11733 0.7220742518290585 1173.3
11734 0.7221045492633171 1173.4
11735 0.722134915457497 1173.5
11736 0.722164571915531 1173.6
11737 0.7221932678318261 1173.7
11738 0.7222218212842201 1173.8
11739 0.7222501907117789 1173.9
11740 0.7222776690146377 1174
11741 0.7223051038084236 1174.1
11742 0.7223325310626766 1174.2
11743 0.7223599941496377 1174.3
11744 0.7223875211593833 1174.4
11745 0.7224151241109825 1174.5
11746 0.722442693632225 1174.6
11747 0.7224700707482093 1174.7
11748 0.7224975715331577 1174.8
11749 0.7225252300741145 1174.9
11750 0.7225530618348499 1175
11751 0.7225810781409974 1175.1
11752 0.7226092879364668 1175.2
11753 0.7226377002471909 1175.3
11754 0.7226663245370591 1175.4
11755 0.722695170382219 1175.5
11756 0.7227241053476726 1175.6
11757 0.722753282694398 1175.7
11758 0.7227827220744462 1175.8
11759 0.7228124344008717 1175.9
11760 0.7228424297375856 1176
11761 0.7228727008928149 1176.1
11762 0.7229032496036244 1176.2
11763 0.722934077489416 1176.3
11764 0.722965124652397 1176.4
11765 0.7229963681889219 1176.5
11766 0.7230278116452543 1176.6
11767 0.7230593853949168 1176.7
11768 0.7230910082205252 1176.8
11769 0.7231226029620202 1176.9
11770 0.7231541974922497 1177
11771 0.7231857845732075 1177.1
11772 0.7232166266499139 1177.2
11773 0.7232471859819903 1177.3
11774 0.7232777906648075 1177.4
11775 0.7233084309841397 1177.5
11776 0.7233391191551972 1177.6
11777 0.7233698968849325 1177.7
11778 0.7234008619239849 1177.8
11779 0.7234320746110458 1177.9
11780 0.723463145343534 1178
11781 0.7234943268508652 1178.1
11782 0.7235259084145852 1178.2
11783 0.7235579310050376 1178.3
11784 0.7235903970981722 1178.4
11785 0.7236232866366004 1178.5
11786 0.7236565637972719 1178.6
11787 0.7236901951546186 1178.7
11788 0.7237241518820965 1178.8
11789 0.7237584063267622 1178.9
11790 0.7237930316686033 1179
11791 0.723827872060929 1179.1
11792 0.723861846029061 1179.2
11793 0.7238947806672584 1179.3
11794 0.723927722951868 1179.4
11795 0.7239606124830238 1179.5
11796 0.7239934079759349 1179.6
11797 0.7240261573172928 1179.7
11798 0.7240588860568721 1179.8
11799 0.7240907483732628 1179.9
11800 0.7241226696740171 1180
11801 0.7241546771412899 1180.1
11802 0.7241868056695047 1180.2
11803 0.7242190936964191 1180.3
11804 0.7242511374050852 1180.4
11805 0.7242831088976984 1180.5
11806 0.7243153326896766 1180.6
11807 0.7243477615389915 1180.7
11808 0.7243798083029732 1180.8
11809 0.7244119566391768 1180.9
11810 0.7244443033178821 1181
11811 0.7244768275309055 1181.1
11812 0.7245095161246077 1181.2
11813 0.7245423655103828 1181.3
11814 0.7245753766314051 1181.4
11815 0.7246085496613371 1181.5
11816 0.7246418793796655 1181.6
11817 0.7246753524024473 1181.7
11818 0.7247076355245253 1181.8
11819 0.7247383100257002 1181.9
11820 0.7247693723048068 1182
11821 0.7248007675022043 1182.1
11822 0.7248305888357621 1182.2
11823 0.7248603484555897 1182.3
11824 0.7248902604725761 1182.4
11825 0.7249202528745776 1182.5
11826 0.7249502614926255 1182.6
11827 0.7249801780690602 1182.7
11828 0.7250095128587866 1182.8
11829 0.7250387498629989 1182.9
11830 0.7250678901741773 1183
11831 0.7250969399631486 1183.1
11832 0.7251256725972217 1183.2
11833 0.7251539494286435 1183.3
11834 0.725182246155484 1183.4
11835 0.7252106225447782 1183.5
11836 0.7252391162565778 1183.6
11837 0.7252677588927082 1183.7
11838 0.7252965866712932 1183.8
11839 0.7253256385275239 1183.9
11840 0.7253549550894517 1184
11841 0.7253845774916201 1184.1
11842 0.7254145476882595 1184.2
11843 0.725444501957701 1184.3
11844 0.7254746176569338 1184.4
11845 0.7255052354183177 1184.5
11846 0.7255339938029132 1184.6
11847 0.725563213826673 1184.7
11848 0.7255929288399443 1184.8
11849 0.7256231072108349 1184.9
11850 0.7256537057903077 1185
11851 0.7256846697082014 1185.1
11852 0.7257159433975386 1185.2
11853 0.7257474327828334 1185.3
11854 0.7257790649374415 1185.4
11855 0.7258107918660286 1185.5
11856 0.7258425685330741 1185.6
11857 0.7258743651048769 1185.7
11858 0.7259061772525157 1185.8
11859 0.7259380255873653 1185.9
11860 0.7259700210974273 1186
11861 0.7260021959182325 1186.1
11862 0.7260345564232221 1186.2
11863 0.7260666372180451 1186.3
11864 0.7260973903446453 1186.4
11865 0.7261275776110635 1186.5
11866 0.7261581779472395 1186.6
11867 0.7261891617799265 1186.7
11868 0.7262204994641797 1186.8
11869 0.726251211221037 1186.9
11870 0.7262817970036141 1187
11871 0.7263125292204814 1187.1
11872 0.7263434064867798 1187.2
11873 0.7263737676046211 1187.3
11874 0.7264031420274878 1187.4
11875 0.7264322758664918 1187.5
11876 0.7264612041781351 1187.6
11877 0.726489478033526 1187.7
11878 0.7265170044399792 1187.8
11879 0.7265443992232631 1187.9
11880 0.7265716918657082 1188
11881 0.7265989260428218 1188.1
11882 0.7266261532781759 1188.2
11883 0.7266534264283712 1188.3
11884 0.7266807861750778 1188.4
11885 0.726708265405742 1188.5
11886 0.7267358872363884 1188.6
11887 0.7267636780845513 1188.7
11888 0.72679166251689 1188.8
11889 0.7268198620741476 1188.9
11890 0.7268482872949145 1189
11891 0.7268769202504491 1189.1
11892 0.7269057668124737 1189.2
11893 0.7269348395452419 1189.3
11894 0.7269641398688007 1189.4
11895 0.7269936121702542 1189.5
11896 0.7270232241553068 1189.6
11897 0.7270530468053205 1189.7
11898 0.7270830417662533 1189.8
11899 0.7271131662810721 1189.9
11900 0.7271433721737283 1190
11901 0.7271736207249525 1190.1
11902 0.7272038945191838 1190.2
11903 0.7272341978101012 1190.3
11904 0.7272646713107288 1190.4
11905 0.7272953346293143 1190.5
11906 0.7273261957531789 1190.6
11907 0.727357227506311 1190.7
11908 0.7273884748022975 1190.8
11909 0.7274199599208894 1190.9
11910 0.72745176392777 1191
11911 0.7274839309215221 1191.1
11912 0.727516507889773 1191.2
11913 0.7275495438578461 1191.3
11914 0.7275830875622815 1191.4
11915 0.727617185669736 1191.5
11916 0.7276518778974381 1191.6
11917 0.7276850778298537 1191.7
11918 0.7277186529954204 1191.8
11919 0.727752132278278 1191.9
11920 0.7277861906708684 1192
11921 0.7278207248256069 1192.1
11922 0.7278555979121291 1192.2
11923 0.7278906456023337 1192.3
11924 0.7279256854036823 1192.4
11925 0.7279605365277407 1192.5
11926 0.7279950201884055 1192.6
11927 0.7280289796602588 1192.7
11928 0.7280623499392982 1192.8
11929 0.7280943660998783 1192.9
11930 0.7281252795305644 1193
11931 0.7281554622729735 1193.1
11932 0.7281840354301177 1193.2
11933 0.7282100076811407 1193.3
11934 0.7282353920935632 1193.4
11935 0.7282606899182127 1193.5
11936 0.7282862225205786 1193.6
11937 0.7283119626168967 1193.7
11938 0.7283378406773408 1193.8
11939 0.7283640011472414 1193.9
11940 0.7283904681217965 1194
11941 0.728417192335043 1194.1
11942 0.7284437551275101 1194.2
11943 0.7284706977997565 1194.3
11944 0.7284979903733623 1194.4
11945 0.7285257517691195 1194.5
11946 0.7285540119666991 1194.6
11947 0.7285828011560387 1194.7
11948 0.7286112007248764 1194.8
11949 0.7286390774573397 1194.9
11950 0.7286674698928287 1195
11951 0.7286962686550194 1195.1
11952 0.7287252576914401 1195.2
11953 0.7287547325935758 1195.3
11954 0.7287846608260045 1195.4
11955 0.7288150026350845 1195.5
11956 0.7288457095759544 1195.6
11957 0.7288767130336026 1195.7
11958 0.7289076272532001 1195.8
11959 0.728938488304246 1195.9
11960 0.7289695901747413 1196
11961 0.7290009171548474 1196.1
11962 0.729032457643548 1196.2
11963 0.7290642022581434 1196.3
11964 0.7290961422975123 1196.4
11965 0.7291282691214533 1196.5
11966 0.7291605739483776 1196.6
11967 0.7291930378695118 1196.7
11968 0.729225642438133 1196.8
11969 0.7292583884623778 1196.9
11970 0.7292912755941211 1197
11971 0.7293243038339163 1197.1
11972 0.7293574851159754 1197.2
11973 0.7293908005712201 1197.3
11974 0.7294242195558381 1197.4
11975 0.7294576942305687 1197.5
11976 0.7294897801841987 1197.6
11977 0.7295207758579015 1197.7
11978 0.7295516386621416 1197.8
11979 0.7295824280757178 1197.9
11980 0.7296130323296309 1198
11981 0.7296428098197858 1198.1
11982 0.7296725893354602 1198.2
11983 0.7297023806614491 1198.3
11984 0.7297322077235956 1198.4
11985 0.7297620901493805 1198.5
11986 0.7297920810677825 1198.6
11987 0.7298222348190752 1198.7
11988 0.7298526032070221 1198.8
11989 0.729883234647128 1198.9
11990 0.7299141709788174 1199
11991 0.7299454469291294 1199.1
11992 0.7299770937445964 1199.2
11993 0.730009127481958 1199.3
11994 0.730041562518523 1199.4
11995 0.7300744172287423 1199.5
11996 0.7301076951490592 1199.6
11997 0.7301392084762012 1199.7
11998 0.730170704759503 1199.8
11999 0.7302025832990539 1199.9
12000 0.7302347495643641 1200
12001 0.730267145077524 1200.1
12002 0.7302996992828188 1200.2
12003 0.7303323171969155 1200.3
12004 0.7303649457521951 1200.4
12005 0.7303976085138181 1200.5
12006 0.730430300525913 1200.6
12007 0.730462997242013 1200.7
12008 0.7304957133942875 1200.8
12009 0.7305282905084676 1200.9
12010 0.7305605094843103 1201
12011 0.7305919006701056 1201.1
12012 0.7306219808957823 1201.2
12013 0.7306522224212717 1201.3
12014 0.7306826266503353 1201.4
12015 0.7307131842983839 1201.5
12016 0.730743862745142 1201.6
12017 0.7307745982281612 1201.7
12018 0.7308054486483461 1201.8
12019 0.7308365493714367 1201.9
12020 0.7308678989371534 1202
12021 0.7308994718546036 1202.1
12022 0.730930990894505 1202.2
12023 0.7309609557975133 1202.3
12024 0.730991179732821 1202.4
12025 0.731021610699391 1202.5
12026 0.7310522458431971 1202.6
12027 0.7310831253531933 1202.7
12028 0.7311142816953088 1202.8
12029 0.7311457549389362 1202.9
12030 0.7311775463151693 1203
12031 0.7312096462747789 1203.1
12032 0.731242039937664 1203.2
12033 0.7312747090856309 1203.3
12034 0.7313073775056422 1203.4
12035 0.7313395083628553 1203.5
12036 0.7313701855578539 1203.6
12037 0.7314010996772429 1203.7
12038 0.7314320117523152 1203.8
12039 0.7314628825125602 1203.9
12040 0.7314933943417938 1204
12041 0.7315229325687728 1204.1
12042 0.7315524357446667 1204.2
12043 0.7315801677589538 1204.3
12044 0.7316070679394269 1204.4
12045 0.7316339744044844 1204.5
12046 0.7316609087087224 1204.6
12047 0.7316878917406963 1204.7
12048 0.7317131090974918 1204.8
12049 0.7317372599724811 1204.9
12050 0.7317617989783133 1205
12051 0.7317867088641599 1205.1
12052 0.7318117411038018 1205.2
12053 0.7318369782873823 1205.3
12054 0.7318625442050369 1205.4
12055 0.731888426121163 1205.5
12056 0.731914614504013 1205.6
12057 0.7319409114684329 1205.7
12058 0.7319674547257907 1205.8
12059 0.731994291393137 1205.9
12060 0.7320214234689645 1206
12061 0.7320488702814094 1206.1
12062 0.7320766449806132 1206.2
12063 0.7321047594658525 1206.3
12064 0.7321332221799948 1206.4
12065 0.7321620375117096 1206.5
12066 0.7321912050992396 1206.6
12067 0.732220712739022 1206.7
12068 0.7322505204548075 1206.8
12069 0.732280595229621 1206.9
12070 0.7323108778225014 1207
12071 0.7323412899664274 1207.1
12072 0.7323717638665064 1207.2
12073 0.7324017817415152 1207.3
12074 0.7324310371851369 1207.4
12075 0.7324599853793757 1207.5
12076 0.7324880735491215 1207.6
12077 0.7325157496518462 1207.7
12078 0.732543687537476 1207.8
12079 0.7325719219310372 1207.9
12080 0.732600483436362 1208
12081 0.7326293906216652 1208.1
12082 0.7326586375206241 1208.2
12083 0.7326882043963509 1208.3
12084 0.7327180731281725 1208.4
12085 0.7327479415998346 1208.5
12086 0.7327768464698107 1208.6
12087 0.7328059164892834 1208.7
12088 0.7328350970166944 1208.8
12089 0.7328643481626989 1208.9
12090 0.732893688979934 1209
12091 0.7329231160729298 1209.1
12092 0.7329526342332183 1209.2
12093 0.7329822535198129 1209.3
12094 0.7330119855263756 1209.4
12095 0.7330417982549091 1209.5
12096 0.7330717397798655 1209.6
12097 0.7331017988671535 1209.7
12098 0.7331319524480893 1209.8
12099 0.7331621371302203 1209.9
12100 0.7331923212473239 1210
12101 0.7332224425482096 1210.1
12102 0.7332524880383107 1210.2
12103 0.7332815794337911 1210.3
12104 0.7333103293328317 1210.4
12105 0.733339207564202 1210.5
12106 0.7333682825886284 1210.6
12107 0.7333973439893801 1210.7
12108 0.7334250935038477 1210.8
12109 0.7334532951791627 1210.9
12110 0.7334820173530243 1211
12111 0.7335113094583937 1211.1
12112 0.7335412018261306 1211.2
12113 0.7335717067093875 1211.3
12114 0.7336028195954839 1211.4
12115 0.7336345264938495 1211.5
12116 0.7336667900952781 1211.6
12117 0.7336995504781 1211.7
12118 0.7337327680573809 1211.8
12119 0.7337663926976992 1211.9
12120 0.7338003438397999 1212
12121 0.7338345349827461 1212.1
12122 0.7338688545995461 1212.2
12123 0.7339027108677492 1212.3
12124 0.7339353453147797 1212.4
12125 0.7339679154041653 1212.5
12126 0.734000368830897 1212.6
12127 0.7340327072135072 1212.7
12128 0.7340649123392772 1212.8
12129 0.7340970156579237 1212.9
12130 0.7341291502261479 1213
12131 0.7341613639237875 1213.1
12132 0.7341936993322171 1213.2
12133 0.7342261903012192 1213.3
12134 0.7342574372090132 1213.4
12135 0.7342884678805316 1213.5
12136 0.7343197741283343 1213.6
12137 0.7343513173000533 1213.7
12138 0.7343830598846446 1213.8
12139 0.7344149846801823 1213.9
12140 0.7344470813143538 1214
12141 0.734479336150333 1214.1
12142 0.7345117318328938 1214.2
12143 0.7345442549068469 1214.3
12144 0.7345768936993771 1214.4
12145 0.7346096396299564 1214.5
12146 0.7346424839581148 1214.6
12147 0.7346754163362876 1214.7
12148 0.734708429812749 1214.8
12149 0.734741518748799 1214.9
12150 0.7347746830577682 1215
12151 0.7348079258796678 1215.1
12152 0.7348411950539236 1215.2
12153 0.7348738213098035 1215.3
12154 0.7349066659206972 1215.4
12155 0.7349396749416848 1215.5
12156 0.7349727824443528 1215.6
12157 0.7350059177338633 1215.7
12158 0.7350390202956517 1215.8
12159 0.7350713866183316 1215.9
12160 0.7351023525061633 1216
12161 0.735133178151399 1216.1
12162 0.7351638127824299 1216.2
12163 0.7351942259002142 1216.3
12164 0.735224521572081 1216.4
12165 0.735254723922864 1216.5
12166 0.7352823785623835 1216.6
12167 0.7353094289103129 1216.7
12168 0.7353366183002138 1216.8
12169 0.7353639540473786 1216.9
12170 0.7353918645472198 1217
12171 0.7354189195026503 1217.1
12172 0.7354460803421679 1217.2
12173 0.7354737966352756 1217.3
12174 0.7355020725864819 1217.4
12175 0.7355308829375881 1217.5
12176 0.735560182743294 1217.6
12177 0.7355899076443897 1217.7
12178 0.735619968192142 1217.8
12179 0.7356502080012942 1217.9
12180 0.7356805045360815 1218
12181 0.7357097191686071 1218.1
12182 0.7357382047032681 1218.2
12183 0.7357658938185877 1218.3
12184 0.7357933928868066 1218.4
12185 0.7358208888208784 1218.5
12186 0.7358483472930484 1218.6
12187 0.7358758004840696 1218.7
12188 0.7359033073929566 1218.8
12189 0.7359309265873607 1218.9
12190 0.7359587104353403 1219
12191 0.7359862806003168 1219.1
12192 0.7360139004773629 1219.2
12193 0.7360418333783718 1219.3
12194 0.7360701060643958 1219.4
12195 0.7360987375394002 1219.5
12196 0.7361277411746645 1219.6
12197 0.7361570979727681 1219.7
12198 0.7361866985429432 1219.8
12199 0.7362167075039135 1219.9
12200 0.7362471177295931 1220
12201 0.7362768205772394 1220.1
12202 0.73630611801978 1220.2
12203 0.7363358136132893 1220.3
12204 0.736365880622133 1220.4
12205 0.7363962854745428 1220.5
12206 0.7364258454420038 1220.6
12207 0.7364553128375056 1220.7
12208 0.7364850335100053 1220.8
12209 0.7365149570507861 1220.9
12210 0.7365451309085574 1221
12211 0.7365755293404204 1221.1
12212 0.7366060951085414 1221.2
12213 0.736636805312212 1221.3
12214 0.7366664512654754 1221.4
12215 0.736695608386563 1221.5
12216 0.7367249637676985 1221.6
12217 0.7367544795305032 1221.7
12218 0.7367836976637475 1221.8
12219 0.7368130662152931 1221.9
12220 0.7368425523670523 1222
12221 0.7368721397052265 1222.1
12222 0.7369018188190301 1222.2
12223 0.7369311886765667 1222.3
12224 0.7369593641371671 1222.4
12225 0.7369877297155623 1222.5
12226 0.7370163073514724 1222.6
12227 0.7370451177518851 1222.7
12228 0.7370741670985107 1222.8
12229 0.737103482353677 1222.9
12230 0.7371330710772777 1223
12231 0.7371629634419884 1223.1
12232 0.7371931961122967 1223.2
12233 0.7372237934416317 1223.3
12234 0.7372547626468751 1223.4
12235 0.737286067158078 1223.5
12236 0.7373170845191799 1223.6
12237 0.7373472426048465 1223.7
12238 0.7373776964204989 1223.8
12239 0.737408410643804 1223.9
12240 0.7374393581258252 1224
12241 0.7374704606497507 1224.1
12242 0.7375001021090251 1224.2
12243 0.7375298305635669 1224.3
12244 0.7375595840731607 1224.4
12245 0.737589362702304 1224.5
12246 0.7376185516472484 1224.6
12247 0.7376473582902788 1224.7
12248 0.7376763152185757 1224.8
12249 0.737705395284516 1224.9
12250 0.7377345937238912 1225
12251 0.7377639130491705 1225.1
12252 0.7377933372853539 1225.2
12253 0.7378223936152768 1225.3
12254 0.7378512102078649 1225.4
12255 0.7378801121944049 1225.5
12256 0.7379090960039195 1225.6
12257 0.7379381753061965 1225.7
12258 0.7379673508961121 1225.8
12259 0.7379966418447711 1225.9
12260 0.7380260674271306 1226
12261 0.738055246906128 1226.1
12262 0.7380844634808292 1226.2
12263 0.7381139242561624 1226.3
12264 0.7381436604146976 1226.4
12265 0.7381734637953196 1226.5
12266 0.7382035472029251 1226.6
12267 0.7382339803981396 1226.7
12268 0.7382647881967124 1226.8
12269 0.7382959816627472 1226.9
12270 0.7383275130563776 1227
12271 0.7383592288388412 1227.1
12272 0.738391431571376 1227.2
12273 0.7384234696351232 1227.3
12274 0.7384557852388907 1227.4
12275 0.7384886370237409 1227.5
12276 0.7385219566720626 1227.6
12277 0.7385556463725419 1227.7
12278 0.7385896146487585 1227.8
12279 0.7386237287277806 1227.9
12280 0.7386578697001993 1228
12281 0.7386893021570023 1228.1
12282 0.7387202897922958 1228.2
12283 0.738751208529497 1228.3
12284 0.7387820193513839 1228.4
12285 0.7388124017019173 1228.5
12286 0.7388397513351267 1228.6
12287 0.7388673007998512 1228.7
12288 0.7388950265814053 1228.8
12289 0.7389228465739748 1228.9
12290 0.7389509266385549 1229
12291 0.7389793006566686 1229.1
12292 0.7390080048064037 1229.2
12293 0.7390370777581816 1229.3
12294 0.7390665499601012 1229.4
12295 0.7390964410200344 1229.5
12296 0.7391267681344649 1229.6
12297 0.7391575294975189 1229.7
12298 0.7391878875198045 1229.8
12299 0.7392176858915802 1229.9
12300 0.7392476907916447 1230
12301 0.7392777968819113 1230.1
12302 0.7393079201281874 1230.2
12303 0.7393380672728481 1230.3
12304 0.7393673375958637 1230.4
12305 0.7393965770744025 1230.5
12306 0.7394254944536881 1230.6
12307 0.7394539916101784 1230.7
12308 0.7394825683554959 1230.8
12309 0.7395111602130218 1230.9
12310 0.7395392890790004 1231
12311 0.7395672963749015 1231.1
12312 0.7395940212108972 1231.2
12313 0.7396209339165438 1231.3
12314 0.739648030751296 1231.4
12315 0.7396753032056571 1231.5
12316 0.7397027199052153 1231.6
12317 0.7397302468683131 1231.7
12318 0.7397578933406124 1231.8
12319 0.7397856664235191 1231.9
12320 0.7398135748575996 1232
12321 0.7398416295119501 1232.1
12322 0.7398698475581544 1232.2
12323 0.7398982528136955 1232.3
12324 0.7399268284833631 1232.4
12325 0.7399555881558292 1232.5
12326 0.7399845481495649 1232.6
12327 0.7400137210340203 1232.7
12328 0.7400431118035358 1232.8
12329 0.7400727259274036 1232.9
12330 0.740102561262159 1233
12331 0.7401326083975033 1233.1
12332 0.7401628629793311 1233.2
12333 0.7401933114531526 1233.3
12334 0.740223957828296 1233.4
12335 0.740254888823585 1233.5
12336 0.740286152968861 1233.6
12337 0.7403177657307791 1233.7
12338 0.7403483235035112 1233.8
12339 0.7403777575812233 1233.9
12340 0.740406614999034 1234
12341 0.7404359491528334 1234.1
12342 0.7404657531199231 1234.2
12343 0.7404960078865538 1234.3
12344 0.7405266814595368 1234.4
12345 0.7405577134254939 1234.5
12346 0.7405890366750508 1234.6
12347 0.7406205817408992 1234.7
12348 0.7406522590300056 1234.8
12349 0.7406839733750904 1234.9
12350 0.7407156642165084 1235
12351 0.7407468054597689 1235.1
12352 0.7407772781784957 1235.2
12353 0.7408077141762561 1235.3
12354 0.7408379631238644 1235.4
12355 0.7408681596238995 1235.5
12356 0.7408984075222534 1235.6
12357 0.7409287752693859 1235.7
12358 0.7409593463592188 1235.8
12359 0.7409901794868571 1235.9
12360 0.7410212909120788 1236
12361 0.7410526847060447 1236.1
12362 0.741084290195736 1236.2
12363 0.7411143386999122 1236.3
12364 0.7411445932948509 1236.4
12365 0.7411749605807754 1236.5
12366 0.7412054657378501 1236.6
12367 0.7412351862934001 1236.7
12368 0.7412648523676288 1236.8
12369 0.741294701683374 1236.9
12370 0.7413247103398143 1237
12371 0.7413545260037371 1237.1
12372 0.7413844477437529 1237.2
12373 0.7414145347135026 1237.3
12374 0.741444820687547 1237.4
12375 0.7414753353310377 1237.5
12376 0.7415061026418714 1237.6
12377 0.7415371436427324 1237.7
12378 0.7415684758128022 1237.8
12379 0.7416001136524282 1237.9
12380 0.7416320850408781 1238
12381 0.7416643996082085 1238.1
12382 0.7416970569873917 1238.2
12383 0.7417290589280952 1238.3
12384 0.7417604889995194 1238.4
12385 0.7417922657520899 1238.5
12386 0.7418240527192099 1238.6
12387 0.7418552912781899 1238.7
12388 0.7418864362680962 1238.8
12389 0.7419176713452453 1238.9
12390 0.7419489850170297 1239
12391 0.7419803365034149 1239.1
12392 0.7420117700858614 1239.2
12393 0.7420432644067926 1239.3
12394 0.7420744749587244 1239.4
12395 0.7421050947558919 1239.5
12396 0.7421358025798548 1239.6
12397 0.7421665755049897 1239.7
12398 0.7421974050026738 1239.8
12399 0.7422282734048273 1239.9
12400 0.742259169409394 1240
12401 0.7422900873251322 1240.1
12402 0.7423210225969282 1240.2
12403 0.7423519777167475 1240.3
12404 0.7423829562310564 1240.4
12405 0.7424139571497703 1240.5
12406 0.7424444912717421 1240.6
12407 0.7424717242308809 1240.7
12408 0.7424988704138052 1240.8
12409 0.7425263709877475 1240.9
12410 0.7425541750785796 1241
12411 0.7425822260213829 1241.1
12412 0.7426104454296152 1241.2
12413 0.7426387544590253 1241.3
12414 0.7426670020690177 1241.4
12415 0.7426953119598646 1241.5
12416 0.7427236683134411 1241.6
12417 0.7427519743660248 1241.7
12418 0.7427788485474459 1241.8
12419 0.7428052830772423 1241.9
12420 0.7428318283277007 1242
12421 0.7428585038877308 1242.1
12422 0.7428853240794562 1242.2
12423 0.7429124115322291 1242.3
12424 0.7429398330092192 1242.4
12425 0.7429676574566176 1242.5
12426 0.7429959536529874 1242.6
12427 0.7430231265917672 1242.7
12428 0.7430493411263479 1242.8
12429 0.7430760799266809 1242.9
12430 0.7431030032088611 1243
12431 0.7431300085879072 1243.1
12432 0.7431575681797662 1243.2
12433 0.7431856447116185 1243.3
12434 0.7432141791705124 1243.4
12435 0.743243093496685 1243.5
12436 0.7432722981973359 1243.6
12437 0.7433017062563888 1243.7
12438 0.7433312857255303 1243.8
12439 0.7433607289258264 1243.9
12440 0.7433895139019289 1244
12441 0.7434185166159359 1244.1
12442 0.7434477140362568 1244.2
12443 0.7434770815300678 1244.3
12444 0.7435065806481829 1244.4
12445 0.7435361287545391 1244.5
12446 0.7435655339077621 1244.6
12447 0.7435936835710453 1244.7
12448 0.7436218714536112 1244.8
12449 0.7436500706359096 1244.9
12450 0.7436782549897076 1245
12451 0.743706451805521 1245.1
12452 0.7437346873524574 1245.2
12453 0.7437629796169981 1245.3
12454 0.7437913539510687 1245.4
12455 0.7438198596857991 1245.5
12456 0.7438485170093826 1245.6
12457 0.7438773059484505 1245.7
12458 0.7439062811580076 1245.8
12459 0.7439354840186625 1245.9
12460 0.7439649580910491 1246
12461 0.7439947487752591 1246.1
12462 0.7440249014681606 1246.2
12463 0.7440554575600352 1246.3
12464 0.7440861481153758 1246.4
12465 0.7441156546147261 1246.5
12466 0.7441455457398406 1246.6
12467 0.7441758317888415 1246.7
12468 0.7442065317383731 1246.8
12469 0.7442376451232534 1246.9
12470 0.7442691173292367 1247
12471 0.7443008410189651 1247.1
12472 0.7443327123212217 1247.2
12473 0.7443645734040799 1247.3
12474 0.744394545332191 1247.4
12475 0.7444232735707197 1247.5
12476 0.7444520106921259 1247.6
12477 0.7444807338370408 1247.7
12478 0.7445094450937509 1247.8
12479 0.7445381809346728 1247.9
12480 0.7445669893374651 1248
12481 0.7445959185018163 1248.1
12482 0.7446250030517253 1248.2
12483 0.7446543290937983 1248.3
12484 0.7446839499573463 1248.4
12485 0.7447139092083066 1248.5
12486 0.7447442207110393 1248.6
12487 0.7447748815827808 1248.7
12488 0.744805892918289 1248.8
12489 0.7448372351731973 1248.9
12490 0.7448688865776217 1249
12491 0.7449008285230863 1249.1
12492 0.7449330512033824 1249.2
12493 0.744965346294147 1249.3
12494 0.7449979016785558 1249.4
12495 0.7450307189193466 1249.5
12496 0.7450637548963488 1249.6
12497 0.745095550992757 1249.7
12498 0.7451274975991765 1249.8
12499 0.7451595859331442 1249.9
12500 0.7451917999398154 1250
12501 0.7452241296552227 1250.1
12502 0.7452565698313902 1250.2
12503 0.74528909177161 1250.3
12504 0.7453216705785147 1250.4
12505 0.7453542987480047 1250.5
12506 0.7453868455146805 1250.6
12507 0.7454192367474328 1250.7
12508 0.7454514575833591 1250.8
12509 0.7454834776532234 1250.9
12510 0.7455153829720925 1251
12511 0.7455471781378799 1251.1
12512 0.7455789373593454 1251.2
12513 0.7456106827846041 1251.3
12514 0.7456420167680254 1251.4
12515 0.7456732391539077 1251.5
12516 0.7457045709764691 1251.6
12517 0.7457353630903898 1251.7
12518 0.7457659005797663 1251.8
12519 0.7457966504733948 1251.9
12520 0.7458276127749887 1252
12521 0.745858780865864 1252.1
12522 0.7458901448377574 1252.2
12523 0.7459216943027458 1252.3
12524 0.745953420884672 1252.4
12525 0.7459853176850341 1252.5
12526 0.7460173879754519 1252.6
12527 0.7460496227896645 1252.7
12528 0.7460818593431439 1252.8
12529 0.7461109920480482 1252.9
12530 0.7461405205099546 1253
12531 0.7461704227627454 1253.1
12532 0.7462005924205454 1253.2
12533 0.7462297094596506 1253.3
12534 0.7462591215079261 1253.4
12535 0.7462870695292272 1253.5
12536 0.7463146946563147 1253.6
12537 0.7463424376200627 1253.7
12538 0.7463702724500547 1253.8
12539 0.7463981375426596 1253.9
12540 0.7464253211803376 1254
12541 0.7464521402947034 1254.1
12542 0.7464782826296669 1254.2
12543 0.7465043601148352 1254.3
12544 0.7465303908541603 1254.4
12545 0.7465564067668471 1254.5
12546 0.7465821068733379 1254.6
12547 0.746607822353921 1254.7
12548 0.746633565235937 1254.8
12549 0.7466593888227937 1254.9
12550 0.7466853373609859 1255
12551 0.7467114459287739 1255.1
12552 0.7467375094855871 1255.2
12553 0.7467632004557282 1255.3
12554 0.7467891782315444 1255.4
12555 0.7468152912688186 1255.5
12556 0.746841616269948 1255.6
12557 0.7468674164488561 1255.7
12558 0.746893540697702 1255.8
12559 0.7469200488912185 1255.9
12560 0.7469469535253346 1256
12561 0.7469742607589204 1256.1
12562 0.7470019203592665 1256.2
12563 0.7470298502706161 1256.3
12564 0.7470581871173017 1256.4
12565 0.7470868550388617 1256.5
12566 0.7471159217139037 1256.6
12567 0.7471451266964576 1256.7
12568 0.7471732191963893 1256.8
12569 0.7472017230304674 1256.9
12570 0.7472306236610742 1257
12571 0.7472599043164632 1257.1
12572 0.7472895448159734 1257.2
12573 0.7473194371674845 1257.3
12574 0.7473492939125536 1257.4
12575 0.7473785499495569 1257.5
12576 0.7474080915195018 1257.6
12577 0.7474378962704171 1257.7
12578 0.7474679364477336 1257.8
12579 0.7474981762676655 1257.9
12580 0.7475285785203253 1258
12581 0.7475591117183988 1258.1
12582 0.7475897568331032 1258.2
12583 0.7476205130000743 1258.3
12584 0.7476513797729175 1258.4
12585 0.7476823205878113 1258.5
12586 0.7477133357398964 1258.6
12587 0.7477444658557317 1258.7
12588 0.7477757450682948 1258.8
12589 0.7478072004832861 1258.9
12590 0.7478388462141744 1259
12591 0.7478706611014015 1259.1
12592 0.7479017148082269 1259.2
12593 0.7479323680267765 1259.3
12594 0.7479631365131479 1259.4
12595 0.7479939024427098 1259.5
12596 0.7480245315217003 1259.6
12597 0.7480551009196126 1259.7
12598 0.7480856253800078 1259.8
12599 0.748116064077592 1259.9
12600 0.7481463780064201 1260
12601 0.7481765569655431 1260.1
12602 0.7482065283681277 1260.2
12603 0.7482364752865936 1260.3
12604 0.7482664688665926 1260.4
12605 0.748296168437741 1260.5
12606 0.7483258490048638 1260.6
12607 0.7483557450418149 1260.7
12608 0.7483858150762068 1260.8
12609 0.7484160219681908 1260.9
12610 0.7484463213976461 1261
12611 0.7484759712494181 1261.1
12612 0.7485050069450834 1261.2
12613 0.7485342412367954 1261.3
12614 0.7485635650929919 1261.4
12615 0.7485926624969415 1261.5
12616 0.7486219901985703 1261.6
12617 0.7486515772626706 1261.7
12618 0.748680291376987 1261.8
12619 0.748708496840135 1261.9
12620 0.7487367762695302 1262
12621 0.7487653653036839 1262.1
12622 0.7487939565455661 1262.2
12623 0.7488227233584411 1262.3
12624 0.7488517057002253 1262.4
12625 0.7488807775836592 1262.5
12626 0.7489101077188939 1262.6
12627 0.7489396885524411 1262.7
12628 0.7489695178086271 1262.8
12629 0.7489995868436762 1262.9
12630 0.7490298873619132 1263
12631 0.7490604167944235 1263.1
12632 0.7490911820952701 1263.2
12633 0.7491221906015376 1263.3
12634 0.7491534201836124 1263.4
12635 0.7491847995860053 1263.5
12636 0.7492164228242901 1263.6
12637 0.7492482790974014 1263.7
12638 0.7492803519348412 1263.8
12639 0.7493126106792884 1263.9
12640 0.7493450301196399 1264
12641 0.7493771904468193 1264.1
12642 0.7494087156316066 1264.2
12643 0.7494403777837856 1264.3
12644 0.7494721144667815 1264.4
12645 0.7495038647132306 1264.5
12646 0.7495355562403746 1264.6
12647 0.7495670958914368 1264.7
12648 0.7495981570381843 1264.8
12649 0.7496280343518837 1264.9
12650 0.7496577112230656 1265
12651 0.7496871877782826 1265.1
12652 0.7497156535358296 1265.2
12653 0.7497416391783364 1265.3
12654 0.7497677334993278 1265.4
12655 0.7497939549288783 1265.5
12656 0.749820330424538 1265.6
12657 0.7498468983118485 1265.7
12658 0.7498737013448458 1265.8
12659 0.7499007953484597 1265.9
12660 0.749928242801541 1266
12661 0.749956077192191 1266.1
12662 0.7499843152344068 1266.2
12663 0.7500129592185468 1266.3
12664 0.750041996998844 1266.4
12665 0.750071404855536 1266.5
12666 0.7501011468812262 1266.6
12667 0.7501311713889161 1266.7
12668 0.7501602251761378 1266.8
12669 0.7501888895239847 1266.9
12670 0.7502177698154961 1267
12671 0.7502460160964542 1267.1
12672 0.7502745344897587 1267.2
12673 0.7503032963550369 1267.3
12674 0.7503322879873184 1267.4
12675 0.7503614880275192 1267.5
12676 0.7503907646570155 1267.6
12677 0.7504194941224251 1267.7
12678 0.7504474060544096 1267.8
12679 0.7504747951646705 1267.9
12680 0.7505011981691262 1268
12681 0.750527623752125 1268.1
12682 0.7505541580555183 1268.2
12683 0.7505807755067729 1268.3
12684 0.7506074656744613 1268.4
12685 0.7506342247509427 1268.5
12686 0.7506610577914408 1268.6
12687 0.750687498464753 1268.7
12688 0.7507137863148882 1268.8
12689 0.7507401466799503 1268.9
12690 0.7507666002322743 1269
12691 0.7507931675471337 1269.1
12692 0.7508198638475354 1269.2
12693 0.7508467080883542 1269.3
12694 0.7508736773789918 1269.4
12695 0.7509007512498184 1269.5
12696 0.750928017058565 1269.6
12697 0.7509554901345522 1269.7
12698 0.7509831843036747 1269.8
12699 0.7510111367883298 1269.9
12700 0.7510393457243231 1270
12701 0.7510677164555989 1270.1
12702 0.7510964138883962 1270.2
12703 0.7511254588347913 1270.3
12704 0.7511548741950398 1270.4
12705 0.7511846809374768 1270.5
12706 0.7512147277966189 1270.6
12707 0.751245179955192 1270.7
12708 0.751274792781142 1270.8
12709 0.7513041699835352 1270.9
12710 0.7513339023247194 1271
12711 0.7513639704843774 1271.1
12712 0.7513943414955481 1271.2
12713 0.7514249131264997 1271.3
12714 0.7514555100953414 1271.4
12715 0.7514861948921873 1271.5
12716 0.7515169564149292 1271.6
12717 0.7515477704999793 1271.7
12718 0.7515786074977737 1271.8
12719 0.7516094503445403 1271.9
12720 0.7516403008624969 1272
12721 0.7516711756619505 1272.1
12722 0.7517020985834552 1272.2
12723 0.7517330735923736 1272.3
12724 0.7517641141798798 1272.4
12725 0.7517952916794445 1272.5
12726 0.7518266784510024 1272.6
12727 0.7518583112047875 1272.7
12728 0.7518903038798013 1272.8
12729 0.7519227437467481 1272.9
12730 0.7519556427185934 1273
12731 0.7519875417358678 1273.1
12732 0.7520196913956103 1273.2
12733 0.7520521825404627 1273.3
12734 0.7520850147661439 1273.4
12735 0.7521181539690328 1273.5
12736 0.7521515404180502 1273.6
12737 0.7521850919668004 1273.7
12738 0.7522187015487586 1273.8
12739 0.7522522423311397 1273.9
12740 0.7522856213931894 1274
12741 0.7523187178930255 1274.1
12742 0.7523513993234106 1274.2
12743 0.7523836197882544 1274.3
12744 0.7524147198435504 1274.4
12745 0.7524448081972468 1274.5
12746 0.752473921679001 1274.6
12747 0.7525028044443183 1274.7
12748 0.7525315177070073 1274.8
12749 0.7525601384773234 1274.9
12750 0.752588776434585 1275
12751 0.7526167001725559 1275.1
12752 0.7526445450076416 1275.2
12753 0.7526724747061645 1275.3
12754 0.7527005165468503 1275.4
12755 0.7527287027417562 1275.5
12756 0.7527566059313238 1275.6
12757 0.7527846467599854 1275.7
12758 0.7528129889468247 1275.8
12759 0.7528416690959716 1275.9
12760 0.752870715307509 1276
12761 0.7529001368051164 1276.1
12762 0.752929934971467 1276.2
12763 0.7529600965340143 1276.3
12764 0.7529905744852976 1276.4
12765 0.7530212099134455 1276.5
12766 0.7530504146448852 1276.6
12767 0.7530785939665939 1276.7
12768 0.7531068777154295 1276.8
12769 0.7531353415937494 1276.9
12770 0.7531639107494962 1277
12771 0.7531924814657522 1277.1
12772 0.7532211047658046 1277.2
12773 0.7532497704078905 1277.3
12774 0.7532782174673476 1277.4
12775 0.7533056089462254 1277.5
12776 0.7533329206675611 1277.6
12777 0.7533600446515868 1277.7
12778 0.7533843331341119 1277.8
12779 0.7534086583786965 1277.9
12780 0.753433298110931 1278
12781 0.7534583254849923 1278.1
12782 0.7534837475782501 1278.2
12783 0.7535095605546691 1278.3
12784 0.7535357759273056 1278.4
12785 0.7535624052110286 1278.5
12786 0.7535894307880672 1278.6
12787 0.7536167712639564 1278.7
12788 0.7536444066789272 1278.8
12789 0.7536724994542933 1278.9
12790 0.7537010498638573 1279
12791 0.7537285611186151 1279.1
12792 0.7537562299359323 1279.2
12793 0.7537842320586106 1279.3
12794 0.7538125395498603 1279.4
12795 0.7538411267606999 1279.5
12796 0.7538699703833671 1279.6
12797 0.7538990452519542 1279.7
12798 0.7539283292119362 1279.8
12799 0.7539578010211275 1279.9
12800 0.7539874398612033 1280
12801 0.7540172231407736 1280.1
12802 0.7540471170530306 1280.2
12803 0.7540764428900048 1280.3
12804 0.7541055546379186 1280.4
12805 0.7541346902243715 1280.5
12806 0.7541637699718581 1280.6
12807 0.7541927046931256 1280.7
12808 0.7542214540834354 1280.8
12809 0.7542493458095875 1280.9
12810 0.754276645865766 1281
12811 0.7543037883150088 1281.1
12812 0.7543307646698711 1281.2
12813 0.7543573670146626 1281.3
12814 0.7543838581828327 1281.4
12815 0.7544102974992998 1281.5
12816 0.7544367468016153 1281.6
12817 0.754463267929944 1281.7
12818 0.7544897123779017 1281.8
12819 0.7545160547187845 1281.9
12820 0.7545426532565327 1282
12821 0.7545695525105235 1282.1
12822 0.7545967811042257 1282.2
12823 0.7546234531542088 1282.3
12824 0.7546505844836917 1282.4
12825 0.7546782169434355 1282.5
12826 0.7547063893832074 1282.6
12827 0.7547351397900263 1282.7
12828 0.7547645045527831 1282.8
12829 0.7547945167828712 1282.9
12830 0.7548252038461907 1283
12831 0.7548556654856704 1283.1
12832 0.7548861518427784 1283.2
12833 0.7549172341492189 1283.3
12834 0.7549488560614839 1283.4
12835 0.7549809219755426 1283.5
12836 0.7550132994157989 1283.6
12837 0.7550458509962454 1283.7
12838 0.755078398533726 1283.8
12839 0.7551103898534006 1283.9
12840 0.7551414726998966 1284
12841 0.7551722889971612 1284.1
12842 0.755202776732476 1284.2
12843 0.7552329301514922 1284.3
12844 0.7552628024324494 1284.4
12845 0.7552924430203568 1284.5
12846 0.7553219150030696 1284.6
12847 0.7553512053151981 1284.7
12848 0.7553803728545202 1284.8
12849 0.7554090698480367 1284.9
12850 0.7554378274529985 1285
12851 0.7554666892539735 1285.1
12852 0.7554956778329739 1285.2
12853 0.7555247965651147 1285.3
12854 0.7555528404288776 1285.4
12855 0.7555809467393466 1285.5
12856 0.7556092378699153 1285.6
12857 0.7556377084391354 1285.7
12858 0.7556663264701526 1285.8
12859 0.7556950466110361 1285.9
12860 0.7557238077621831 1286
12861 0.7557526330621558 1286.1
12862 0.7557815368414297 1286.2
12863 0.7558105234971274 1286.3
12864 0.755839581529431 1286.4
12865 0.7558687159779771 1286.5
12866 0.7558979150784079 1286.6
12867 0.7559272202643621 1286.7
12868 0.7559566528910275 1286.8
12869 0.7559862483227759 1286.9
12870 0.756016043258549 1287
12871 0.7560460721699691 1287.1
12872 0.7560763633012032 1287.2
12873 0.7561069351682047 1287.3
12874 0.7561377838305193 1287.4
12875 0.7561688988637384 1287.5
12876 0.7562002301127356 1287.6
12877 0.7562316921302837 1287.7
12878 0.7562616997517196 1287.8
12879 0.7562909793096348 1287.9
12880 0.7563198193442657 1288
12881 0.7563487637542441 1288.1
12882 0.7563778083444694 1288.2
12883 0.7564069690645615 1288.3
12884 0.7564362725007227 1288.4
12885 0.7564657452307112 1288.5
12886 0.7564954207220858 1288.6
12887 0.7565253286631243 1288.7
12888 0.7565555005966198 1288.8
12889 0.7565859774590223 1288.9
12890 0.7566167894912316 1289
12891 0.7566473699091116 1289.1
12892 0.7566770949833955 1289.2
12893 0.7567070742166712 1289.3
12894 0.7567364524453336 1289.4
12895 0.7567658721289725 1289.5
12896 0.7567954963226419 1289.6
12897 0.756825267573958 1289.7
12898 0.7568551281942693 1289.8
12899 0.7568850363496621 1289.9
12900 0.7569149679445722 1290
12901 0.7569449597367223 1290.1
12902 0.7569749550060765 1290.2
12903 0.7570049922619575 1290.3
12904 0.7570350682996492 1290.4
12905 0.757064999306963 1290.5
12906 0.7570923301167988 1290.6
12907 0.7571199136233806 1290.7
12908 0.7571476065248051 1290.8
12909 0.7571755471768333 1290.9
12910 0.7572038345533968 1291
12911 0.7572324376105193 1291.1
12912 0.7572611723311443 1291.2
12913 0.757290025541835 1291.3
12914 0.7573175781780971 1291.4
12915 0.7573452022261249 1291.5
12916 0.7573728729639762 1291.6
12917 0.757400525037227 1291.7
12918 0.757428203652859 1291.8
12919 0.7574556918145559 1291.9
12920 0.757482446535615 1292
12921 0.7575090892082721 1292.1
12922 0.7575357373654394 1292.2
12923 0.7575624720241942 1292.3
12924 0.7575892754165111 1292.4
12925 0.7576139580469997 1292.5
12926 0.7576388127561556 1292.6
12927 0.7576638763900717 1292.7
12928 0.7576891748199287 1292.8
12929 0.7577147278646623 1292.9
12930 0.757740536905309 1293
12931 0.7577665734061236 1293.1
12932 0.7577928149199354 1293.2
12933 0.7578192588652009 1293.3
12934 0.7578454600016546 1293.4
12935 0.7578713632268205 1293.5
12936 0.7578975543896626 1293.6
12937 0.7579239915531036 1293.7
12938 0.7579506962207986 1293.8
12939 0.7579776954665206 1293.9
12940 0.7580050361996133 1294
12941 0.7580327386614478 1294.1
12942 0.758060762653929 1294.2
12943 0.7580891520142513 1294.3
12944 0.7581179247948838 1294.4
12945 0.7581470969420133 1294.5
12946 0.7581766259742767 1294.6
12947 0.7582065272701458 1294.7
12948 0.758236832927165 1294.8
12949 0.7582675477347386 1294.9
12950 0.7582986692179206 1295
12951 0.7583301655957437 1295.1
12952 0.7583602370395754 1295.2
12953 0.7583897644757847 1295.3
12954 0.7584194587801429 1295.4
12955 0.7584492463969695 1295.5
12956 0.7584790642035787 1295.6
12957 0.7585079720378819 1295.7
12958 0.758536922269521 1295.8
12959 0.7585658414810972 1295.9
12960 0.7585941908270917 1296
12961 0.7586215389685953 1296.1
12962 0.758648785996953 1296.2
12963 0.7586759297266611 1296.3
12964 0.7587029252011774 1296.4
12965 0.758729788109464 1296.5
12966 0.758756578411944 1296.6
12967 0.7587833371915302 1296.7
12968 0.7588100812679972 1296.8
12969 0.7588368250749274 1296.9
12970 0.7588635924125089 1297
12971 0.758890418416285 1297.1
12972 0.758917074947516 1297.2
12973 0.7589429156693799 1297.3
12974 0.7589688915785562 1297.4
12975 0.7589951471665068 1297.5
12976 0.7590217237334883 1297.6
12977 0.759048654139566 1297.7
12978 0.7590759484136301 1297.8
12979 0.7591036564805465 1297.9
12980 0.759131778382422 1298
12981 0.7591599724304599 1298.1
12982 0.7591886693338012 1298.2
12983 0.7592179124238375 1298.3
12984 0.7592477365059609 1298.4
12985 0.759278165655219 1298.5
12986 0.7593092008693674 1298.6
12987 0.75934078724056 1298.7
12988 0.75937273065133 1298.8
12989 0.7594039880730171 1298.9
12990 0.7594344895792999 1299
12991 0.7594651896224369 1299.1
12992 0.7594959944347942 1299.2
12993 0.7595268397349316 1299.3
12994 0.7595576869891453 1299.4
12995 0.7595884158967446 1299.5
12996 0.7596190874379278 1299.6
12997 0.759649731048467 1299.7
12998 0.7596802596397991 1299.8
12999 0.7597107527545983 1299.9
13000 0.7597412235256575 1300
13001 0.7597717062790855 1300.1
13002 0.759802208802542 1300.2
13003 0.7598314423884774 1300.3
13004 0.759860551140869 1300.4
13005 0.7598896848299621 1300.5
13006 0.7599188415918116 1300.6
13007 0.7599480135657173 1300.7
13008 0.7599772005230658 1300.8
13009 0.7600064052381776 1300.9
13010 0.7600356320962782 1301
13011 0.7600648242685712 1301.1
13012 0.7600939684186101 1301.2
13013 0.7601230714516229 1301.3
13014 0.7601521867008314 1301.4
13015 0.76018133828519 1301.5
13016 0.7602105362730339 1301.6
13017 0.7602397882247978 1301.7
13018 0.760269098219282 1301.8
13019 0.7602984712328318 1301.9
13020 0.7603279115912814 1302
13021 0.7603574228290785 1302.1
13022 0.7603870078078263 1302.2
13023 0.7604162836369734 1302.3
13024 0.760445043226637 1302.4
13025 0.7604739574256216 1302.5
13026 0.7605030278962102 1302.6
13027 0.7605322548266203 1302.7
13028 0.7605616399628734 1302.8
13029 0.7605910630798512 1302.9
13030 0.7606205916322187 1303
13031 0.7606502711034864 1303.1
13032 0.7606801101079619 1303.2
13033 0.7607101167374195 1303.3
13034 0.7607402961641432 1303.4
13035 0.760769780827385 1303.5
13036 0.7607977950585708 1303.6
13037 0.7608261425471096 1303.7
13038 0.760854716915668 1303.8
13039 0.7608835253219758 1303.9
13040 0.7609125139968026 1304
13041 0.7609406827901277 1304.1
13042 0.7609688675680719 1304.2
13043 0.760997368583231 1304.3
13044 0.7610261733114976 1304.4
13045 0.7610552281178742 1304.5
13046 0.7610845041842063 1304.6
13047 0.7611136277444239 1304.7
13048 0.7611430976363048 1304.8
13049 0.7611729117363321 1304.9
13050 0.761203071188814 1305
13051 0.7612325371457938 1305.1
13052 0.7612609264381742 1305.2
13053 0.7612889924559078 1305.3
13054 0.7613172765523635 1305.4
13055 0.7613456974940365 1305.5
13056 0.7613742677446195 1305.6
13057 0.7614029614600817 1305.7
13058 0.7614317189662539 1305.8
13059 0.761460461169403 1305.9
13060 0.7614891103259257 1306
13061 0.761517635151425 1306.1
13062 0.7615453361230189 1306.2
13063 0.7615723522320288 1306.3
13064 0.7615992553567215 1306.4
13065 0.7616260430451929 1306.5
13066 0.7616527086039215 1306.6
13067 0.7616793140607008 1306.7
13068 0.7617059527022254 1306.8
13069 0.7617326530266101 1306.9
13070 0.7617582808006521 1307
13071 0.7617833646414157 1307.1
13072 0.7618069233806877 1307.2
13073 0.761829846347838 1307.3
13074 0.7618529697553498 1307.4
13075 0.7618763264051511 1307.5
13076 0.7618999448263762 1307.6
13077 0.7619238469291894 1307.7
13078 0.7619480473269002 1307.8
13079 0.7619725519639263 1307.9
13080 0.7619973618522914 1308
13081 0.7620224707701024 1308.1
13082 0.762047849689547 1308.2
13083 0.7620734735158274 1308.3
13084 0.7620992922672556 1308.4
13085 0.7621252809953508 1308.5
13086 0.7621514255137614 1308.6
13087 0.7621777218422398 1308.7
13088 0.762204171164876 1308.8
13089 0.7622307429609193 1308.9
13090 0.7622574285988791 1309
13091 0.7622842560830848 1309.1
13092 0.7623111912493203 1309.2
13093 0.7623380136561801 1309.3
13094 0.7623650745480435 1309.4
13095 0.7623923629118234 1309.5
13096 0.7624198814454527 1309.6
13097 0.7624476039535979 1309.7
13098 0.7624754725807976 1309.8
13099 0.7625034661567369 1309.9
13100 0.7625316502390056 1310
13101 0.7625600194512625 1310.1
13102 0.7625885747791298 1310.2
13103 0.7626173165372049 1310.3
13104 0.7626462471291011 1310.4
13105 0.7626753658903949 1310.5
13106 0.7627046697298876 1310.6
13107 0.7627341511700011 1310.7
13108 0.7627638065163558 1310.8
13109 0.7627936634143562 1310.9
13110 0.7628237860348811 1311
13111 0.7628535203820611 1311.1
13112 0.7628834607978286 1311.2
13113 0.7629138342781813 1311.3
13114 0.7629430305829412 1311.4
13115 0.7629726421081118 1311.5
13116 0.7630027242035098 1311.6
13117 0.763033282136622 1311.7
13118 0.7630639687903357 1311.8
13119 0.7630951428145382 1311.9
13120 0.7631267857932715 1312
13121 0.763158594982854 1312.1
13122 0.7631905274305294 1312.2
13123 0.7632227127845131 1312.3
13124 0.7632551130195089 1312.4
13125 0.763287686898361 1312.5
13126 0.763320380246831 1312.6
13127 0.763353138822619 1312.7
13128 0.7633859066570585 1312.8
13129 0.7634183603717448 1312.9
13130 0.7634505478302318 1313
13131 0.763481774965258 1313.1
13132 0.7635129799417562 1313.2
13133 0.7635440862662581 1313.3
13134 0.7635750017589494 1313.4
13135 0.7636058159135426 1313.5
13136 0.7636365441242814 1313.6
13137 0.7636673093316738 1313.7
13138 0.7636969535348632 1313.8
13139 0.763726006536557 1313.9
13140 0.763755062891858 1314
13141 0.7637832869177658 1314.1
13142 0.7638114061926488 1314.2
13143 0.7638395480983342 1314.3
13144 0.7638677369529883 1314.4
13145 0.7638960059157088 1314.5
13146 0.763924398731513 1314.6
13147 0.7639529573674883 1314.7
13148 0.7639805392840875 1314.8
13149 0.7640080437334239 1314.9
13150 0.7640357381586464 1315
13151 0.7640636430573758 1315.1
13152 0.7640917711387168 1315.2
13153 0.7641201258626905 1315.3
13154 0.7641487040423613 1315.4
13155 0.7641774792144103 1315.5
13156 0.7642054698486067 1315.6
13157 0.7642335901880413 1315.7
13158 0.7642619230145125 1315.8
13159 0.7642904100028088 1315.9
13160 0.764318982778041 1316
13161 0.7643475775324233 1316.1
13162 0.7643760161546929 1316.2
13163 0.764403431123987 1316.3
13164 0.7644306649944401 1316.4
13165 0.7644578418748799 1316.5
13166 0.764485006309247 1316.6
13167 0.7645119823455039 1316.7
13168 0.7645367104725473 1316.8
13169 0.7645616213865543 1316.9
13170 0.7645866261258341 1317
13171 0.7646119242800973 1317.1
13172 0.7646375461815726 1317.2
13173 0.7646635188103524 1317.3
13174 0.7646898640090188 1317.4
13175 0.7647165901105147 1317.5
13176 0.764743535389618 1317.6
13177 0.7647707907199718 1317.7
13178 0.7647971539054097 1317.8
13179 0.764823027286439 1317.9
13180 0.7648491803153168 1318
13181 0.7648756417422853 1318.1
13182 0.7649023779645872 1318.2
13183 0.7649293631604962 1318.3
13184 0.7649565700263287 1318.4
13185 0.7649839809294413 1318.5
13186 0.7650115686201137 1318.6
13187 0.7650393151306569 1318.7
13188 0.7650672451765207 1318.8
13189 0.7650953520944958 1318.9
13190 0.7651236266371714 1319
13191 0.7651520558687542 1319.1
13192 0.7651805739206893 1319.2
13193 0.7652091197982197 1319.3
13194 0.7652376903616009 1319.4
13195 0.7652663044441049 1319.5
13196 0.7652949871908713 1319.6
13197 0.7653237747836789 1319.7
13198 0.7653527160736321 1319.8
13199 0.765381864188838 1319.9
13200 0.7654112648354007 1320
13201 0.7654409563778581 1320.1
13202 0.7654710511920608 1320.2
13203 0.7655014916289407 1320.3
13204 0.765530412489468 1320.4
13205 0.7655596309009357 1320.5
13206 0.7655891067387195 1320.6
13207 0.7656187849343354 1320.7
13208 0.7656486043495006 1320.8
13209 0.7656785012116329 1320.9
13210 0.7657084266341099 1321
13211 0.765738340566852 1321.1
13212 0.7657673733025862 1321.2
13213 0.7657961568509777 1321.3
13214 0.7658239883859224 1321.4
13215 0.7658501605293329 1321.5
13216 0.7658764910585275 1321.6
13217 0.7659029725748819 1321.7
13218 0.765929630983081 1321.8
13219 0.7659565267111366 1321.9
13220 0.7659836917126269 1322
13221 0.7660111395972743 1322.1
13222 0.766038870172312 1322.2
13223 0.7660659771786632 1322.3
13224 0.7660929085941376 1322.4
13225 0.7661200718964941 1322.5
13226 0.766147439236343 1322.6
13227 0.7661749553082384 1322.7
13228 0.7662024931654653 1322.8
13229 0.76622904724881 1322.9
13230 0.766255513722031 1323
13231 0.7662821686181424 1323.1
13232 0.7663090135085038 1323.2
13233 0.7663360575189151 1323.3
13234 0.7663633144775902 1323.4
13235 0.7663907968876412 1323.5
13236 0.7664185046179394 1323.6
13237 0.7664464489815715 1323.7
13238 0.7664746279838774 1323.8
13239 0.7665030157058536 1323.9
13240 0.7665313585304464 1324
13241 0.7665598848166831 1324.1
13242 0.7665870948833908 1324.2
13243 0.7666139953270522 1324.3
13244 0.7666408897625498 1324.4
13245 0.766667774075207 1324.5
13246 0.7666946526870744 1324.6
13247 0.7667215416856161 1324.7
13248 0.7667484713290685 1324.8
13249 0.7667754758996418 1324.9
13250 0.7668025539167582 1325
13251 0.7668297049371481 1325.1
13252 0.7668569477428007 1325.2
13253 0.7668843027408403 1325.3
13254 0.7669117939219824 1325.4
13255 0.7669392724538709 1325.5
13256 0.766966717961905 1325.6
13257 0.7669942672881153 1325.7
13258 0.7670219360029357 1325.8
13259 0.7670497411489398 1325.9
13260 0.7670776977501749 1326
13261 0.7671058188565911 1326.1
13262 0.7671341116671637 1326.2
13263 0.7671625775351045 1326.3
13264 0.7671912232412545 1326.4
13265 0.7672200732975714 1326.5
13266 0.7672491333073723 1326.6
13267 0.7672784079717072 1326.7
13268 0.7673079022155888 1326.8
13269 0.7673376256151252 1326.9
13270 0.7673675871446959 1327
13271 0.7673977968696379 1327.1
13272 0.7674282562355521 1327.2
13273 0.7674589490092963 1327.3
13274 0.7674898990097896 1327.4
13275 0.7675211242578556 1327.5
13276 0.7675526476028628 1327.6
13277 0.7675839558326228 1327.7
13278 0.767614944049585 1327.8
13279 0.7676462656315688 1327.9
13280 0.767677887796641 1328
13281 0.7677097426390191 1328.1
13282 0.7677417277550984 1328.2
13283 0.767773116202022 1328.3
13284 0.767803475415254 1328.4
13285 0.7678337647358241 1328.5
13286 0.7678639507289057 1328.6
13287 0.7678939091415413 1328.7
13288 0.7679233428703729 1328.8
13289 0.7679526334144852 1328.9
13290 0.7679817847612739 1329
13291 0.7680107908999263 1329.1
13292 0.7680393610423931 1329.2
13293 0.768067120336937 1329.3
13294 0.7680949760552627 1329.4
13295 0.7681229748683035 1329.5
13296 0.7681511590366218 1329.6
13297 0.7681795681678142 1329.7
13298 0.7682082440244999 1329.8
13299 0.7682368727580872 1329.9
13300 0.7682658591286788 1330
13301 0.7682952618195004 1330.1
13302 0.7683246031558141 1330.2
13303 0.7683525324215914 1330.3
13304 0.7683783718371562 1330.4
13305 0.7684045095422497 1330.5
13306 0.7684311664935982 1330.6
13307 0.7684583036126618 1330.7
13308 0.7684858617049395 1330.8
13309 0.7685133050814954 1330.9
13310 0.7685401805833423 1331
13311 0.7685673602726066 1331.1
13312 0.7685947869809351 1331.2
13313 0.7686224017034456 1331.3
13314 0.7686501293667268 1331.4
13315 0.7686779198281627 1331.5
13316 0.7687057297123142 1331.6
13317 0.7687335208791073 1331.7
13318 0.7687612587311428 1331.8
13319 0.7687889470818926 1331.9
13320 0.7688163856020443 1332
13321 0.7688437217529295 1332.1
13322 0.7688710191118393 1332.2
13323 0.7688981553899699 1332.3
13324 0.7689253310681211 1332.4
13325 0.7689526485200775 1332.5
13326 0.7689800933811387 1332.6
13327 0.769006901664093 1332.7
13328 0.7690339193440023 1332.8
13329 0.7690612180237862 1332.9
13330 0.7690888350437792 1333
13331 0.769116678787659 1333.1
13332 0.7691446731952291 1333.2
13333 0.7691729723662645 1333.3
13334 0.7692016561882005 1333.4
13335 0.7692303319498051 1333.5
13336 0.7692577564638543 1333.6
13337 0.7692854159607952 1333.7
13338 0.7693131055738285 1333.8
13339 0.7693408924226879 1333.9
13340 0.7693686670623705 1334
13341 0.7693959458229153 1334.1
13342 0.7694223751210039 1334.2
13343 0.7694485895046264 1334.3
13344 0.7694745477678092 1334.4
13345 0.7695002259159887 1334.5
13346 0.7695256779360901 1334.6
13347 0.7695508979916393 1334.7
13348 0.7695759216755313 1334.8
13349 0.7696008739112432 1334.9
13350 0.7696258113043879 1335
13351 0.7696507367579447 1335.1
13352 0.769675652153217 1335.2
13353 0.7697005933638585 1335.3
13354 0.7697255174531672 1335.4
13355 0.7697505252085791 1335.5
13356 0.7697756479324859 1335.6
13357 0.7698009076427188 1335.7
13358 0.7698263241756471 1335.8
13359 0.7698519153559569 1335.9
13360 0.7698776978134166 1336
13361 0.7699027279995817 1336.1
13362 0.7699276959865867 1336.2
13363 0.7699530458518724 1336.3
13364 0.769978787480214 1336.4
13365 0.7700049325097231 1336.5
13366 0.7700314935089526 1336.6
13367 0.7700584840166793 1336.7
13368 0.770085915405449 1336.8
13369 0.7701137963097159 1336.9
13370 0.7701421320026243 1337
13371 0.770170916357108 1337.1
13372 0.7702001136479293 1337.2
13373 0.7702290656879431 1337.3
13374 0.770257189656097 1337.4
13375 0.7702856093397109 1337.5
13376 0.7703139393547169 1337.6
13377 0.7703411874982373 1337.7
13378 0.7703680673432742 1337.8
13379 0.7703951637791705 1337.9
13380 0.7704224705425067 1338
13381 0.770449986198851 1338.1
13382 0.7704776632644421 1338.2
13383 0.7705054989023421 1338.3
13384 0.7705335577112055 1338.4
13385 0.7705618382679126 1338.5
13386 0.7705903289018519 1338.6
13387 0.7706190135677475 1338.7
13388 0.7706478863637763 1338.8
13389 0.7706769599909793 1338.9
13390 0.7707062353588598 1339
13391 0.7707357172615703 1339.1
13392 0.7707653989693488 1339.2
13393 0.7707952562888027 1339.3
13394 0.7708252674698162 1339.4
13395 0.7708554470267693 1339.5
13396 0.7708857956844208 1339.6
13397 0.7709162721479214 1339.7
13398 0.7709468503164055 1339.8
13399 0.7709775277497453 1339.9
13400 0.7710082528530754 1340
13401 0.7710390866165864 1340.1
13402 0.7710699951280143 1340.2
13403 0.771100968930064 1340.3
13404 0.7711320068751806 1340.4
13405 0.7711628856058685 1340.5
13406 0.7711919170727657 1340.6
13407 0.7712209503196695 1340.7
13408 0.7712499704133247 1340.8
13409 0.7712786773682264 1340.9
13410 0.7713073434877755 1341
13411 0.7713359711244968 1341.1
13412 0.7713645733657458 1341.2
13413 0.7713931734752332 1341.3
13414 0.7714217844527822 1341.4
13415 0.7714504352988787 1341.5
13416 0.7714790895347554 1341.6
13417 0.7715075952145358 1341.7
13418 0.7715361780865233 1341.8
13419 0.7715648656567828 1341.9
13420 0.7715935579483064 1342
13421 0.7716208169170298 1342.1
13422 0.7716477760064449 1342.2
13423 0.7716748208992645 1342.3
13424 0.7717019380457238 1342.4
13425 0.7717291189487585 1342.5
13426 0.77175636332689 1342.6
13427 0.77178368281111 1342.7
13428 0.7718110950106442 1342.8
13429 0.7718386330635065 1342.9
13430 0.7718663287654467 1343
13431 0.7718941478722856 1343.1
13432 0.7719220670039448 1343.2
13433 0.771949058441297 1343.3
13434 0.7719762754281441 1343.4
13435 0.7720038156437666 1343.5
13436 0.7720316741221797 1343.6
13437 0.7720598267669181 1343.7
13438 0.7720882573939112 1343.8
13439 0.7721169451058543 1343.9
13440 0.7721454173094291 1344
13441 0.7721723382992143 1344.1
13442 0.772199016341273 1344.2
13443 0.772225930306874 1344.3
13444 0.7722508667773604 1344.4
13445 0.772275390240822 1344.5
13446 0.7723002311737748 1344.6
13447 0.7723253904913712 1344.7
13448 0.7723508654693414 1344.8
13449 0.7723766320507018 1344.9
13450 0.772402543138521 1345
13451 0.7724287101292597 1345.1
13452 0.7724551884036279 1345.2
13453 0.7724820070042054 1345.3
13454 0.7725091821558131 1345.4
13455 0.7725366434976852 1345.5
13456 0.7725635041973958 1345.6
13457 0.7725907993111869 1345.7
13458 0.7726185583779346 1345.8
13459 0.7726468064111177 1345.9
13460 0.7726755607534682 1346
13461 0.7727048452662398 1346.1
13462 0.7727346475975259 1346.2
13463 0.7727649307547786 1346.3
13464 0.772795033264032 1346.4
13465 0.7728223351386835 1346.5
13466 0.7728493463934166 1346.6
13467 0.7728766127076735 1346.7
13468 0.7729040561242259 1346.8
13469 0.7729315908245779 1346.9
13470 0.7729590904976731 1347
13471 0.7729864605724845 1347.1
13472 0.7730138073305253 1347.2
13473 0.7730411059345812 1347.3
13474 0.7730683318040615 1347.4
13475 0.7730954676180017 1347.5
13476 0.7731225136420752 1347.6
13477 0.7731494785641261 1347.7
13478 0.7731763805238512 1347.8
13479 0.7732032495704695 1347.9
13480 0.7732300939205985 1348
13481 0.7732569198890422 1348.1
13482 0.7732837236485082 1348.2
13483 0.7733105724451046 1348.3
13484 0.7733375063994695 1348.4
13485 0.7733643643517025 1348.5
13486 0.7733912677316032 1348.6
13487 0.7734182784618642 1348.7
13488 0.7734452159100169 1348.8
13489 0.7734719127767514 1348.9
13490 0.773498747415532 1349
13491 0.7735256766665136 1349.1
13492 0.7735526792278432 1349.2
13493 0.7735797421074065 1349.3
13494 0.7736068488907744 1349.4
13495 0.77363400989466 1349.5
13496 0.7736612561354341 1349.6
13497 0.7736886267430212 1349.7
13498 0.7737162236947135 1349.8
13499 0.7737440225666081 1349.9
13500 0.7737720398572816 1350
13501 0.7738002753594175 1350.1
13502 0.7738286935937453 1350.2
13503 0.7738572205476747 1350.3
13504 0.773885912732359 1350.4
13505 0.773914721739582 1350.5
13506 0.7739430223686234 1350.6
13507 0.7739712786404364 1350.7
13508 0.7739984111396681 1350.8
13509 0.7740246917851499 1350.9
13510 0.7740497423691348 1351
13511 0.7740748664129344 1351.1
13512 0.7741000441992617 1351.2
13513 0.7741251598117709 1351.3
13514 0.7741502690344368 1351.4
13515 0.7741753642372883 1351.5
13516 0.7742004504770311 1351.6
13517 0.7742255416248549 1351.7
13518 0.7742506568076802 1351.8
13519 0.7742758178495254 1351.9
13520 0.7743010475323837 1352
13521 0.7743263585417943 1352.1
13522 0.7743517684655649 1352.2
13523 0.7743772699045742 1352.3
13524 0.7744029050550403 1352.4
13525 0.7744287003323764 1352.5
13526 0.7744546797927833 1352.6
13527 0.7744808676327585 1352.7
13528 0.7745072840210969 1352.8
13529 0.7745339498695647 1352.9
13530 0.7745608876339367 1353
13531 0.7745881208917503 1353.1
13532 0.7746156747777057 1353.2
13533 0.7746435767240305 1353.3
13534 0.7746712712120672 1353.4
13535 0.774698788112153 1353.5
13536 0.7747261092301386 1353.6
13537 0.7747538434156943 1353.7
13538 0.7747820042414253 1353.8
13539 0.7748106152588938 1353.9
13540 0.7748396820953488 1354
13541 0.7748691485220218 1354.1
13542 0.7748989842305307 1354.2
13543 0.774929165829961 1354.3
13544 0.7749595044208258 1354.4
13545 0.7749897546278655 1354.5
13546 0.7750203693940294 1354.6
13547 0.7750508806858246 1354.7
13548 0.7750816298092802 1354.8
13549 0.775112620117561 1354.9
13550 0.7751438356268241 1355
13551 0.7751752549090721 1355.1
13552 0.7752068382632612 1355.2
13553 0.7752385501094341 1355.3
13554 0.7752703543015208 1355.4
13555 0.7753022209910092 1355.5
13556 0.7753341056300087 1355.6
13557 0.7753659515319966 1355.7
13558 0.7753977122209565 1355.8
13559 0.7754293740073495 1355.9
13560 0.775460927919203 1356
13561 0.7754923574532844 1356.1
13562 0.7755236311284844 1356.2
13563 0.7755546739207686 1356.3
13564 0.7755855289227976 1356.4
13565 0.7756162274257689 1356.5
13566 0.7756447501963986 1356.6
13567 0.7756728953730946 1356.7
13568 0.7757008560703348 1356.8
13569 0.7757287331067432 1356.9
13570 0.775756338849559 1357
13571 0.7757838397370197 1357.1
13572 0.7758112670265976 1357.2
13573 0.7758386320214046 1357.3
13574 0.7758659482248631 1357.4
13575 0.775893166097734 1357.5
13576 0.7759199018581276 1357.6
13577 0.7759458988653132 1357.7
13578 0.7759720476772967 1357.8
13579 0.7759984040580974 1357.9
13580 0.7760249820222105 1358
13581 0.7760517807326098 1358.1
13582 0.7760788046006889 1358.2
13583 0.7761060659521284 1358.3
13584 0.7761335791584651 1358.4
13585 0.7761611233554011 1358.5
13586 0.7761887970864529 1358.6
13587 0.7762153034134242 1358.7
13588 0.7762414047173531 1358.8
13589 0.7762666959571947 1358.9
13590 0.7762918545175029 1359
13591 0.776317301398332 1359.1
13592 0.7763419772186699 1359.2
13593 0.7763665629212826 1359.3
13594 0.7763913735014356 1359.4
13595 0.776416340119548 1359.5
13596 0.7764414247663575 1359.6
13597 0.776466619445786 1359.7
13598 0.7764919237091343 1359.8
13599 0.7765173506404921 1359.9
13600 0.776542925039195 1360
13601 0.7765686782306869 1360.1
13602 0.7765946366036589 1360.2
13603 0.7766208252530318 1360.3
13604 0.7766472502613673 1360.4
13605 0.7766739102734617 1360.5
13606 0.7767000992657206 1360.6
13607 0.7767246734707132 1360.7
13608 0.7767490996241002 1360.8
13609 0.7767736362017847 1360.9
13610 0.7767982757417502 1361
13611 0.7768230060302815 1361.1
13612 0.7768478230872619 1361.2
13613 0.7768727310046002 1361.3
13614 0.776897739931581 1361.4
13615 0.7769228649932912 1361.5
13616 0.7769481253583325 1361.6
13617 0.7769735427809765 1361.7
13618 0.7769991400387728 1361.8
13619 0.7770249393821879 1361.9
13620 0.7770509625866208 1362
13621 0.7770766493138966 1362.1
13622 0.7771024715384613 1362.2
13623 0.7771285411612567 1362.3
13624 0.7771548600841753 1362.4
13625 0.7771814593750878 1362.5
13626 0.7772083614591686 1362.6
13627 0.7772355463313211 1362.7
13628 0.777262161149875 1362.8
13629 0.7772888564349045 1362.9
13630 0.7773158133145887 1363
13631 0.7773430199856846 1363.1
13632 0.777370459531878 1363.2
13633 0.7773981255018523 1363.3
13634 0.7774259998389498 1363.4
13635 0.7774538097198535 1363.5
13636 0.777481677221258 1363.6
13637 0.7775096760394141 1363.7
13638 0.7775378005612417 1363.8
13639 0.7775660416774852 1363.9
13640 0.7775943846200236 1364
13641 0.7776227980122178 1364.1
13642 0.7776512372163314 1364.2
13643 0.7776796696630796 1364.3
13644 0.7777080465279854 1364.4
13645 0.7777363652729689 1364.5
13646 0.777764635452048 1364.6
13647 0.7777929328316012 1364.7
13648 0.7778212695440068 1364.8
13649 0.7778496193739015 1364.9
13650 0.7778779977265178 1365
13651 0.7779064353587346 1365.1
13652 0.777934897614814 1365.2
13653 0.7779634264313908 1365.3
13654 0.7779920265902993 1365.4
13655 0.7780207063511171 1365.5
13656 0.7780494821114574 1365.6
13657 0.7780783624060867 1365.7
13658 0.7781072378222865 1365.8
13659 0.7781361498320636 1365.9
13660 0.7781641428427375 1366
13661 0.7781920826445781 1366.1
13662 0.7782203634591159 1366.2
13663 0.7782489491873769 1366.3
13664 0.7782777913892207 1366.4
13665 0.778306540281959 1366.5
13666 0.7783335884325325 1366.6
13667 0.7783605240256838 1366.7
13668 0.7783874452163434 1366.8
13669 0.778414464402984 1366.9
13670 0.7784415571064932 1367
13671 0.7784686662533505 1367.1
13672 0.7784957902113895 1367.2
13673 0.7785229458948291 1367.3
13674 0.7785501569942269 1367.4
13675 0.7785771234082326 1367.5
13676 0.7786040745823268 1367.6
13677 0.7786312078360363 1367.7
13678 0.7786585668861382 1367.8
13679 0.7786861932599043 1367.9
13680 0.7787141234122558 1368
13681 0.7787423865679169 1368.1
13682 0.7787710085140354 1368.2
13683 0.7788000117018646 1368.3
13684 0.7788293967751188 1368.4
13685 0.778859147719783 1368.5
13686 0.7788892520481947 1368.6
13687 0.7789182313333737 1368.7
13688 0.7789467653829247 1368.8
13689 0.7789756998540653 1368.9
13690 0.7790050007389918 1369
13691 0.7790346978840138 1369.1
13692 0.7790647619438502 1369.2
13693 0.7790950381334741 1369.3
13694 0.779123878053903 1369.4
13695 0.7791528394646803 1369.5
13696 0.7791817482148951 1369.6
13697 0.7792106496970862 1369.7
13698 0.7792394788414787 1369.8
13699 0.7792682289627693 1369.9
13700 0.7792968627952099 1370
13701 0.7793254157550735 1370.1
13702 0.7793539201868261 1370.2
13703 0.7793824404520864 1370.3
13704 0.779410983742919 1370.4
13705 0.779439415282871 1370.5
13706 0.779467372331209 1370.6
13707 0.7794949459703624 1370.7
13708 0.7795226154112765 1370.8
13709 0.7795504607838313 1370.9
13710 0.7795785197502257 1371
13711 0.7796061743460972 1371.1
13712 0.779632637920162 1371.2
13713 0.7796593304233698 1371.3
13714 0.7796862136345509 1371.4
13715 0.7797132351018942 1371.5
13716 0.7797403254970312 1371.6
13717 0.7797673414084635 1371.7
13718 0.7797942522572451 1371.8
13719 0.7798210956035877 1371.9
13720 0.7798478557780381 1372
13721 0.7798745313381101 1372.1
13722 0.779901048419675 1372.2
13723 0.7799263105058176 1372.3
13724 0.7799515959450259 1372.4
13725 0.7799769260438773 1372.5
13726 0.7800023355865362 1372.6
13727 0.7800278280861874 1372.7
13728 0.7800533919603712 1372.8
13729 0.7800790170757899 1372.9
13730 0.7801046961976753 1373
13731 0.7801304230472267 1373.1
13732 0.7801561920273369 1373.2
13733 0.7801808451594737 1373.3
13734 0.7802043401115714 1373.4
13735 0.7802280179651834 1373.5
13736 0.7802518553944852 1373.6
13737 0.7802758215535395 1373.7
13738 0.7802999045261114 1373.8
13739 0.7803240182856231 1373.9
13740 0.7803472594863147 1374
13741 0.7803706373540358 1374.1
13742 0.7803941403650226 1374.2
13743 0.7804177702656183 1374.3
13744 0.7804415322557036 1374.4
13745 0.7804654391650678 1374.5
13746 0.7804895031132142 1374.6
13747 0.7805137387300789 1374.7
13748 0.7805381632452912 1374.8
13749 0.780562789467239 1374.9
13750 0.7805876144681981 1375
13751 0.7806126128394462 1375.1
13752 0.7806378529843869 1375.2
13753 0.7806633473991524 1375.3
13754 0.7806891104299793 1375.4
13755 0.7807151558419664 1375.5
13756 0.7807414990596194 1375.6
13757 0.7807681568557702 1375.7
13758 0.7807949348302049 1375.8
13759 0.7808217819168067 1375.9
13760 0.7808490270570516 1376
13761 0.7808766837781983 1376.1
13762 0.7809047592981253 1376.2
13763 0.780932703752428 1376.3
13764 0.7809597206057936 1376.4
13765 0.7809869950207798 1376.5
13766 0.7810144792706075 1376.6
13767 0.7810421414601303 1376.7
13768 0.7810699583220387 1376.8
13769 0.781097906011175 1376.9
13770 0.7811257663146179 1377
13771 0.7811532068792115 1377.1
13772 0.7811807282350302 1377.2
13773 0.781207946406371 1377.3
13774 0.7812353085285315 1377.4
13775 0.7812628826470251 1377.5
13776 0.7812906864754277 1377.6
13777 0.7813186064762152 1377.7
13778 0.7813466301619331 1377.8
13779 0.7813749907856731 1377.9
13780 0.7814037229045216 1378
13781 0.7814328540557579 1378.1
13782 0.7814623978500683 1378.2
13783 0.7814923522400021 1378.3
13784 0.7815226897340452 1378.4
13785 0.7815528961283308 1378.5
13786 0.7815817005692093 1378.6
13787 0.7816107531991804 1378.7
13788 0.7816399389008755 1378.8
13789 0.7816691314326588 1378.9
13790 0.7816983763667853 1379
13791 0.7817276978558281 1379.1
13792 0.7817570476913056 1379.2
13793 0.7817863936029917 1379.3
13794 0.7818156930121624 1379.4
13795 0.7818449073285696 1379.5
13796 0.7818739922657881 1379.6
13797 0.7819024533907604 1379.7
13798 0.7819307092497877 1379.8
13799 0.7819587972549442 1379.9
13800 0.7819866973815905 1380
13801 0.7820143946078443 1380.1
13802 0.7820408143096588 1380.2
13803 0.7820669456565023 1380.3
13804 0.7820930361119366 1380.4
13805 0.7821191076215969 1380.5
13806 0.7821451716488805 1380.6
13807 0.7821712268419233 1380.7
13808 0.7821973190430985 1380.8
13809 0.7822234960151021 1380.9
13810 0.7822498128256097 1381
13811 0.7822762827344462 1381.1
13812 0.7823029120676689 1381.2
13813 0.782328391022502 1381.3
13814 0.78235337355672 1381.4
13815 0.7823775882022621 1381.5
13816 0.7824020107333729 1381.6
13817 0.7824266665473515 1381.7
13818 0.7824515465417504 1381.8
13819 0.7824766335210676 1381.9
13820 0.7825019196310719 1382
13821 0.7825274074467492 1382.1
13822 0.7825531091202353 1382.2
13823 0.7825790436891407 1382.3
13824 0.7826052329024008 1382.4
13825 0.7826317112524791 1382.5
13826 0.7826585181411032 1382.6
13827 0.7826856967968708 1382.7
13828 0.7827125034161782 1382.8
13829 0.7827384934717229 1382.9
13830 0.7827648200252864 1383
13831 0.7827914795577137 1383.1
13832 0.7828184609715273 1383.2
13833 0.7828457382838202 1383.3
13834 0.7828732816976693 1383.4
13835 0.782901053772316 1383.5
13836 0.7829290123823515 1383.6
13837 0.782957122016676 1383.7
13838 0.7829853311160598 1383.8
13839 0.7830136028939748 1383.9
13840 0.7830418954979054 1384
13841 0.7830701459143627 1384.1
13842 0.7830982840137417 1384.2
13843 0.7831253949996224 1384.3
13844 0.7831520951182634 1384.4
13845 0.78317867708098 1384.5
13846 0.7832051826583349 1384.6
13847 0.7832316178740096 1384.7
13848 0.7832579996024369 1384.8
13849 0.7832843530099265 1384.9
13850 0.7833107075532258 1385
13851 0.7833370970519112 1385.1
13852 0.7833635625358754 1385.2
13853 0.7833901356815743 1385.3
13854 0.7834168394437371 1385.4
13855 0.7834437222776556 1385.5
13856 0.783470828308811 1385.6
13857 0.7834981959195438 1385.7
13858 0.7835258656346656 1385.8
13859 0.7835538798998113 1385.9
13860 0.7835822806517845 1386
13861 0.7836111142962715 1386.1
13862 0.7836404256887648 1386.2
13863 0.78367024698067 1386.3
13864 0.7836998462637137 1386.4
13865 0.7837275060747937 1386.5
13866 0.7837554614483356 1386.6
13867 0.7837836712408177 1386.7
13868 0.7838120767326294 1386.8
13869 0.7838406217039444 1386.9
13870 0.7838692692920511 1387
13871 0.7838978547674641 1387.1
13872 0.7839252711809394 1387.2
13873 0.783952762561299 1387.3
13874 0.7839802860143239 1387.4
13875 0.7840077935250196 1387.5
13876 0.7840352589711663 1387.6
13877 0.7840626695397872 1387.7
13878 0.7840900153224526 1387.8
13879 0.7841172841105505 1387.9
13880 0.7841444788910966 1388
13881 0.7841716139070494 1388.1
13882 0.7841969406781647 1388.2
13883 0.7842217554425496 1388.3
13884 0.7842467497663862 1388.4
13885 0.7842719370696086 1388.5
13886 0.7842973291228899 1388.6
13887 0.7843229337962556 1388.7
13888 0.7843487527500812 1388.8
13889 0.7843747558915621 1388.9
13890 0.7844008024596281 1389
13891 0.78442703067584 1389.1
13892 0.7844524590190182 1389.2
13893 0.7844772318448534 1389.3
13894 0.7845020350682396 1389.4
13895 0.784526919522315 1389.5
13896 0.7845518864745563 1389.6
13897 0.784576908245704 1389.7
13898 0.7846019492009892 1389.8
13899 0.7846270248421315 1389.9
13900 0.7846519377270598 1390
13901 0.7846766960104424 1390.1
13902 0.7847014446543497 1390.2
13903 0.7847263683497762 1390.3
13904 0.7847515011748233 1390.4
13905 0.7847768789835045 1390.5
13906 0.7848024379861755 1390.6
13907 0.7848279470425817 1390.7
13908 0.7848537748750518 1390.8
13909 0.784879863883934 1390.9
13910 0.784906369238604 1391
13911 0.7849322303227105 1391.1
13912 0.7849577163788355 1391.2
13913 0.7849835209794477 1391.3
13914 0.7850096298428728 1391.4
13915 0.7850359513409877 1391.5
13916 0.7850616750790522 1391.6
13917 0.7850876487522358 1391.7
13918 0.7851138642407701 1391.8
13919 0.7851403006882967 1391.9
13920 0.7851669412932017 1392
13921 0.7851937779043279 1392.1
13922 0.7852208138507496 1392.2
13923 0.7852480586376278 1392.3
13924 0.785275522560022 1392.4
13925 0.7853032127141446 1392.5
13926 0.7853311283162169 1392.6
13927 0.7853592632240357 1392.7
13928 0.7853875968384579 1392.8
13929 0.7854160182893101 1392.9
13930 0.7854443378334028 1393
13931 0.7854722227705417 1393.1
13932 0.7854993223491178 1393.2
13933 0.7855264797509889 1393.3
13934 0.7855536743496692 1393.4
13935 0.7855809018700454 1393.5
13936 0.785608174844153 1393.6
13937 0.7856352894356068 1393.7
13938 0.7856625188818612 1393.8
13939 0.7856899087578308 1393.9
13940 0.7857175028581109 1394
13941 0.785745346307385 1394.1
13942 0.7857734807434433 1394.2
13943 0.7858019401341002 1394.3
13944 0.7858307386791549 1394.4
13945 0.78585934050293 1394.5
13946 0.785886468746402 1394.6
13947 0.7859138446420786 1394.7
13948 0.7859413932688981 1394.8
13949 0.7859690045629149 1394.9
13950 0.7859965973719079 1395
13951 0.7860241160615719 1395.1
13952 0.786051527929304 1395.2
13953 0.7860788289943921 1395.3
13954 0.7861060201979787 1395.4
13955 0.7861331087643365 1395.5
13956 0.7861601093785923 1395.6
13957 0.786187047519646 1395.7
13958 0.7862139433261121 1395.8
13959 0.7862408120555643 1395.9
13960 0.7862676867383654 1396
13961 0.7862945727289615 1396.1
13962 0.7863214870532297 1396.2
13963 0.7863484751857663 1396.3
13964 0.786375597968023 1396.4
13965 0.7864028794832418 1396.5
13966 0.7864288244830701 1396.6
13967 0.7864551228861496 1396.7
13968 0.7864817697014466 1396.8
13969 0.7865085946496965 1396.9
13970 0.7865352404777931 1397
13971 0.786560639696008 1397.1
13972 0.7865861952654151 1397.2
13973 0.7866118854744395 1397.3
13974 0.7866376802582757 1397.4
13975 0.786663555921167 1397.5
13976 0.7866894985210002 1397.6
13977 0.7867153240035911 1397.7
13978 0.7867411813933658 1397.8
13979 0.7867670243006781 1397.9
13980 0.7867929327651584 1398
13981 0.7868189066608293 1398.1
13982 0.7868450210777764 1398.2
13983 0.7868712931022003 1398.3
13984 0.7868977396082679 1398.4
13985 0.7869244307464176 1398.5
13986 0.7869513808713878 1398.6
13987 0.7869779745616486 1398.7
13988 0.787004317894012 1398.8
13989 0.7870308408532787 1398.9
13990 0.7870571952775784 1399
13991 0.7870837341894286 1399.1
13992 0.7871104541715871 1399.2
13993 0.7871373726076397 1399.3
13994 0.7871645063813991 1399.4
13995 0.7871918708576988 1399.5
13996 0.7872194793606639 1399.6
13997 0.7872471468646607 1399.7
13998 0.7872746594964815 1399.8
13999 0.7873024933257483 1399.9
14000 0.787330673269287 1400
14001 0.7873587265168185 1400.1
14002 0.7873871174056594 1400.2
14003 0.7874159306417881 1400.3
14004 0.7874451787813375 1400.4
14005 0.7874748796533728 1400.5
14006 0.7875038886098921 1400.6
14007 0.7875329520673569 1400.7
14008 0.7875624808908825 1400.8
14009 0.7875924792324176 1400.9
14010 0.7876223524191182 1401
14011 0.7876512923626539 1401.1
14012 0.7876798387714119 1401.2
14013 0.787708514187943 1401.3
14014 0.787737257725891 1401.4
14015 0.7877659956560384 1401.5
14016 0.7877946819265458 1401.6
14017 0.7878229166304626 1401.7
14018 0.7878508967089471 1401.8
14019 0.7878787707499167 1401.9
14020 0.7879064945585824 1402
14021 0.7879340311050508 1402.1
14022 0.7879603575053419 1402.2
14023 0.7879862394645825 1402.3
14024 0.7880116870314812 1402.4
14025 0.7880370203343099 1402.5
14026 0.7880621227001715 1402.6
14027 0.7880871750467826 1402.7
14028 0.7881121851224163 1402.8
14029 0.7881371752078579 1402.9
14030 0.7881620972249795 1403
14031 0.7881868657366213 1403.1
14032 0.788210363970044 1403.2
14033 0.7882329156274652 1403.3
14034 0.7882557104159027 1403.4
14035 0.7882787626310089 1403.5
14036 0.7883020847784138 1403.6
14037 0.788325687542096 1403.7
14038 0.7883495808466133 1403.8
14039 0.7883737745267617 1403.9
14040 0.7883982790010031 1404
14041 0.7884231010972736 1404.1
14042 0.7884482308037082 1404.2
14043 0.7884736842609117 1404.3
14044 0.7884994798023907 1404.4
14045 0.7885256424676638 1404.5
14046 0.7885521953494822 1404.6
14047 0.7885791581066859 1404.7
14048 0.7886065510332729 1404.8
14049 0.7886343943502815 1404.9
14050 0.7886627028244245 1405
14051 0.7886911968316906 1405.1
14052 0.7887177807150818 1405.2
14053 0.7887445202892595 1405.3
14054 0.7887716303790013 1405.4
14055 0.7887990415122008 1405.5
14056 0.7888267608154726 1405.6
14057 0.7888547451347427 1405.7
14058 0.7888827828120285 1405.8
14059 0.7889106357115949 1405.9
14060 0.7889385607260859 1406
14061 0.7889664736044123 1406.1
14062 0.7889941594777499 1406.2
14063 0.7890215084714288 1406.3
14064 0.7890477131335237 1406.4
14065 0.7890736298248729 1406.5
14066 0.7890993290023478 1406.6
14067 0.7891249027985584 1406.7
14068 0.7891504003225797 1406.8
14069 0.7891758782703511 1406.9
14070 0.7892013941880054 1407
14071 0.7892270022513876 1407.1
14072 0.7892527394639663 1407.2
14073 0.7892786268507986 1407.3
14074 0.7893046924535537 1407.4
14075 0.7893309605095805 1407.5
14076 0.7893574574735671 1407.6
14077 0.7893841952031073 1407.7
14078 0.7894108260050979 1407.8
14079 0.789435871800487 1407.9
14080 0.7894610225273632 1408
14081 0.7894862626087882 1408.1
14082 0.7895115627787578 1408.2
14083 0.7895363502440134 1408.3
14084 0.789561173544871 1408.4
14085 0.7895860868528887 1408.5
14086 0.7896110880911695 1408.6
14087 0.789635755216234 1408.7
14088 0.7896605374594075 1408.8
14089 0.7896854586189535 1408.9
14090 0.7897105447909273 1409
14091 0.7897358203204068 1409.1
14092 0.7897613053481934 1409.2
14093 0.789787013728448 1409.3
14094 0.7898129516124227 1409.4
14095 0.7898391235946121 1409.5
14096 0.7898655356079859 1409.6
14097 0.789892171591869 1409.7
14098 0.7899189571189675 1409.8
14099 0.7899458894261545 1409.9
14100 0.7899729469711976 1410
14101 0.7900000993395436 1410.1
14102 0.7900273274457512 1410.2
14103 0.7900546172979667 1410.3
14104 0.7900819641118368 1410.4
14105 0.790109383478656 1410.5
14106 0.7901368847313947 1410.6
14107 0.7901644722206296 1410.7
14108 0.7901921675506448 1410.8
14109 0.7902200142345448 1410.9
14110 0.7902480225438978 1411
14111 0.7902761967363841 1411.1
14112 0.7903039803266615 1411.2
14113 0.790331669001699 1411.3
14114 0.7903596108529353 1411.4
14115 0.7903878035726357 1411.5
14116 0.7904160266030035 1411.6
14117 0.790442666497018 1411.7
14118 0.7904684599287291 1411.8
14119 0.7904941348472833 1411.9
14120 0.7905199899851968 1412
14121 0.7905460171299755 1412.1
14122 0.7905722055457703 1412.2
14123 0.7905985422007311 1412.3
14124 0.7906250230981264 1412.4
14125 0.7906516533331935 1412.5
14126 0.7906784476693454 1412.6
14127 0.7907054294935417 1412.7
14128 0.790732619586616 1412.8
14129 0.790760035804169 1412.9
14130 0.790787689437239 1413
14131 0.7908155815138801 1413.1
14132 0.790843684026925 1413.2
14133 0.7908717601091236 1413.3
14134 0.7908985592972931 1413.4
14135 0.7909254917647278 1413.5
14136 0.7909526445895352 1413.6
14137 0.7909800201979365 1413.7
14138 0.7910076244518571 1413.8
14139 0.7910354770438323 1413.9
14140 0.7910627325140431 1414
14141 0.7910902859759535 1414.1
14142 0.7911181572766038 1414.2
14143 0.7911462873678798 1414.3
14144 0.7911746900731991 1414.4
14145 0.791203418780648 1414.5
14146 0.7912324594474749 1414.6
14147 0.7912618174624011 1414.7
14148 0.7912914685027999 1414.8
14149 0.7913207512452457 1414.9
14150 0.7913496441942305 1415
14151 0.7913784477172272 1415.1
14152 0.7914060291659595 1415.2
14153 0.7914336302345527 1415.3
14154 0.791461183626095 1415.4
14155 0.7914886455113231 1415.5
14156 0.7915160021846781 1415.6
14157 0.7915432321738968 1415.7
14158 0.7915702890730302 1415.8
14159 0.7915970692660436 1415.9
14160 0.7916237143980988 1416
14161 0.7916502602202977 1416.1
14162 0.7916767361003275 1416.2
14163 0.7917031800282888 1416.3
14164 0.7917296292188073 1416.4
14165 0.7917561184914862 1416.5
14166 0.791782624954583 1416.6
14167 0.7918092319576641 1416.7
14168 0.7918359734329737 1416.8
14169 0.7918628773114006 1416.9
14170 0.7918899692956718 1417
14171 0.7919172766786143 1417.1
14172 0.7919446531462013 1417.2
14173 0.7919711972761618 1417.3
14174 0.791998164947437 1417.4
14175 0.7920241407674548 1417.5
14176 0.7920497175412575 1417.6
14177 0.792075570538283 1417.7
14178 0.7921016456112812 1417.8
14179 0.7921277059744528 1417.9
14180 0.7921538230767338 1418
14181 0.7921799719931202 1418.1
14182 0.7922061310693269 1418.2
14183 0.792230061987347 1418.3
14184 0.7922539522521348 1418.4
14185 0.7922779816365854 1418.5
14186 0.7923021256733783 1418.6
14187 0.7923264094566728 1418.7
14188 0.7923508583348647 1418.8
14189 0.7923755126544012 1418.9
14190 0.7924003738325559 1419
14191 0.7924254482391407 1419.1
14192 0.7924507315752404 1419.2
14193 0.7924761098534822 1419.3
14194 0.7925012900804528 1419.4
14195 0.7925266906122849 1419.5
14196 0.7925504589146847 1419.6
14197 0.792574285927659 1419.7
14198 0.792597907058315 1419.8
14199 0.7926216236022483 1419.9
14200 0.7926454329751199 1420
14201 0.7926693407447422 1420.1
14202 0.7926933592070913 1420.2
14203 0.792717504806741 1420.3
14204 0.7927417955568024 1420.4
14205 0.7927662491741166 1420.5
14206 0.7927908813407001 1420.6
14207 0.7928151649223933 1420.7
14208 0.7928396223858319 1420.8
14209 0.7928643245161869 1420.9
14210 0.7928892723692267 1421
14211 0.7929144570900655 1421.1
14212 0.7929398557415798 1421.2
14213 0.7929654288051654 1421.3
14214 0.7929905298823885 1421.4
14215 0.7930148610783772 1421.5
14216 0.793039373369805 1421.6
14217 0.7930639856603753 1421.7
14218 0.7930887312151926 1421.8
14219 0.7931136618332799 1421.9
14220 0.7931387944794409 1422
14221 0.793164152111276 1422.1
14222 0.7931897624630533 1422.2
14223 0.7932156549965952 1422.3
14224 0.7932418599713655 1422.4
14225 0.793268405371468 1422.5
14226 0.7932938334431185 1422.6
14227 0.7933194106203737 1422.7
14228 0.7933452508563039 1422.8
14229 0.7933713387877245 1422.9
14230 0.7933976562007699 1423
14231 0.7934241698443824 1423.1
14232 0.7934508791271274 1423.2
14233 0.7934777654072765 1423.3
14234 0.7935048129492785 1423.4
14235 0.7935320051093701 1423.5
14236 0.7935593418995665 1423.6
14237 0.7935868311364261 1423.7
14238 0.7936144825006636 1423.8
14239 0.7936423176406832 1423.9
14240 0.7936703595158722 1424
14241 0.7936986147054352 1424.1
14242 0.7937270917305379 1424.2
14243 0.7937557925508694 1424.3
14244 0.793784714766241 1424.4
14245 0.7938138480426206 1424.5
14246 0.7938431629460038 1424.6
14247 0.7938726134068445 1424.7
14248 0.7939021624650187 1424.8
14249 0.7939317788245098 1424.9
14250 0.7939614453533659 1425
14251 0.7939912129328697 1425.1
14252 0.7940211240040388 1425.2
14253 0.7940511416664209 1425.3
14254 0.794081172054324 1425.4
14255 0.7941111142868473 1425.5
14256 0.7941398183854033 1425.6
14257 0.794168196320636 1425.7
14258 0.794196404005679 1425.8
14259 0.7942240883110951 1425.9
14260 0.7942508164952187 1426
14261 0.7942772206522181 1426.1
14262 0.7943030928000547 1426.2
14263 0.794328837130347 1426.3
14264 0.7943536969954803 1426.4
14265 0.7943777199976269 1426.5
14266 0.7944017022277832 1426.6
14267 0.7944258167711621 1426.7
14268 0.7944500956878779 1426.8
14269 0.7944745740909724 1426.9
14270 0.7944992892487592 1427
14271 0.794524279782303 1427.1
14272 0.7945493187855545 1427.2
14273 0.7945730736973854 1427.3
14274 0.7945971759124719 1427.4
14275 0.7946216411991922 1427.5
14276 0.7946464786356504 1427.6
14277 0.794671688089476 1427.7
14278 0.7946972630751381 1427.8
14279 0.7947231936189213 1427.9
14280 0.7947494671518094 1428
14281 0.794776055134897 1428.1
14282 0.7948029532373743 1428.2
14283 0.7948301585512934 1428.3
14284 0.794857656204527 1428.4
14285 0.794884547391601 1428.5
14286 0.794910550805762 1428.6
14287 0.7949365163435431 1428.7
14288 0.7949624816409748 1428.8
14289 0.7949884844821417 1428.9
14290 0.7950145655196871 1429
14291 0.7950407101038993 1429.1
14292 0.7950668404644317 1429.2
14293 0.7950928710362313 1429.3
14294 0.7951189316747141 1429.4
14295 0.7951450277100368 1429.5
14296 0.7951711654971848 1429.6
14297 0.7951973511403782 1429.7
14298 0.7952235905994286 1429.8
14299 0.7952498928203792 1429.9
14300 0.7952762691635257 1430
14301 0.7953027316435451 1430.1
14302 0.7953292933680465 1430.2
14303 0.7953559697577987 1430.3
14304 0.7953827104386444 1430.4
14305 0.7954095148520608 1430.5
14306 0.7954364978661532 1430.6
14307 0.7954636859341399 1430.7
14308 0.7954911031273257 1430.8
14309 0.7955187128732768 1430.9
14310 0.7955464702359839 1431
14311 0.7955743579889761 1431.1
14312 0.7956024929718652 1431.2
14313 0.7956308613815412 1431.3
14314 0.7956586438728531 1431.4
14315 0.795685407367552 1431.5
14316 0.7957121772985114 1431.6
14317 0.7957388944151381 1431.7
14318 0.7957656162096082 1431.8
14319 0.7957922985266764 1431.9
14320 0.79581891395383 1432
14321 0.7958454814049766 1432.1
14322 0.7958715663342631 1432.2
14323 0.7958965995695708 1432.3
14324 0.7959209943980258 1432.4
14325 0.7959453648764502 1432.5
14326 0.7959697620155382 1432.6
14327 0.7959939344601509 1432.7
14328 0.7960180872037288 1432.8
14329 0.7960422885214654 1432.9
14330 0.796066489603357 1433
14331 0.7960907628993552 1433.1
14332 0.796115134215166 1433.2
14333 0.7961373758498613 1433.3
14334 0.7961597789561988 1433.4
14335 0.7961825155746448 1433.5
14336 0.7962056084102511 1433.6
14337 0.796229083099196 1433.7
14338 0.796252957150969 1433.8
14339 0.7962772439260012 1433.9
14340 0.7963016955799384 1434
14341 0.7963263687509082 1434.1
14342 0.7963515113336623 1434.2
14343 0.7963771174988985 1434.3
14344 0.7964025543952281 1434.4
14345 0.7964272001160991 1434.5
14346 0.7964518604509434 1434.6
14347 0.7964766935612211 1434.7
14348 0.7965015786222194 1434.8
14349 0.7965265534897309 1434.9
14350 0.7965509068155595 1435
14351 0.7965753826307495 1435.1
14352 0.796600085341739 1435.2
14353 0.7966250248004373 1435.3
14354 0.7966502153210369 1435.4
14355 0.7966756732487608 1435.5
14356 0.7967014178246141 1435.6
14357 0.7967274706200579 1435.7
14358 0.7967538532100497 1435.8
14359 0.7967804222348001 1435.9
14360 0.7968073218980394 1436
14361 0.7968346175080938 1436.1
14362 0.7968623176717948 1436.2
14363 0.7968904180993379 1436.3
14364 0.796918896537224 1436.4
14365 0.7969464322011952 1436.5
14366 0.7969740453638815 1436.6
14367 0.7970013482152538 1436.7
14368 0.797028041345376 1436.8
14369 0.7970548319581447 1436.9
14370 0.7970816888525951 1437
14371 0.7971085713128573 1437.1
14372 0.7971354457989153 1437.2
14373 0.7971622905773867 1437.3
14374 0.7971889942869906 1437.4
14375 0.7972156419227595 1437.5
14376 0.7972423108981027 1437.6
14377 0.7972690401876259 1437.7
14378 0.7972958733890285 1437.8
14379 0.7973228546083315 1437.9
14380 0.7973500166491951 1438
14381 0.7973773754419609 1438.1
14382 0.7974049737175964 1438.2
14383 0.7974328422576237 1438.3
14384 0.7974606548414021 1438.4
14385 0.7974874753944285 1438.5
14386 0.797514551354163 1438.6
14387 0.7975418928386359 1438.7
14388 0.7975694609333307 1438.8
14389 0.7975971823839257 1438.9
14390 0.7976251047393935 1439
14391 0.7976524960183867 1439.1
14392 0.7976791939517488 1439.2
14393 0.7977059009283191 1439.3
14394 0.7977325486166219 1439.4
14395 0.7977591107564359 1439.5
14396 0.7977855343647601 1439.6
14397 0.797811819745575 1439.7
14398 0.7978379092050466 1439.8
14399 0.7978638167326012 1439.9
14400 0.7978891122115083 1440
14401 0.7979142863850591 1440.1
14402 0.7979393907151978 1440.2
14403 0.7979644204217853 1440.3
14404 0.7979894006642073 1440.4
14405 0.7980141377698992 1440.5
14406 0.7980387211346458 1440.6
14407 0.7980632893226379 1440.7
14408 0.79808749264782 1440.8
14409 0.7981105836770864 1440.9
14410 0.7981338365381256 1441
14411 0.7981569304542369 1441.1
14412 0.7981793877961656 1441.2
14413 0.7982019951955789 1441.3
14414 0.7982247364905326 1441.4
14415 0.7982476048852665 1441.5
14416 0.7982705722179407 1441.6
14417 0.798293643132696 1441.7
14418 0.798316836129092 1441.8
14419 0.798340155211974 1441.9
14420 0.7983636064375358 1442
14421 0.7983871964187512 1442.1
14422 0.7984109330046185 1442.2
14423 0.7984348253491983 1442.3
14424 0.7984588830628147 1442.4
14425 0.7984831180959411 1442.5
14426 0.7985075444306076 1442.6
14427 0.7985321777151151 1442.7
14428 0.7985570350875512 1442.8
14429 0.7985821357704077 1442.9
14430 0.7986074931672726 1443
14431 0.7986331175037069 1443.1
14432 0.7986590523138676 1443.2
14433 0.7986853184122805 1443.3
14434 0.7987119269424153 1443.4
14435 0.7987388804615857 1443.5
14436 0.7987661699863493 1443.6
14437 0.798793771092222 1443.7
14438 0.7988205650493315 1443.8
14439 0.7988468362940399 1443.9
14440 0.798873291352139 1444
14441 0.7988998835836714 1444.1
14442 0.7989265935307206 1444.2
14443 0.7989533886648831 1444.3
14444 0.7989802417079871 1444.4
14445 0.7990070504546728 1444.5
14446 0.7990338601752868 1444.6
14447 0.799060708214948 1444.7
14448 0.7990875997434392 1444.8
14449 0.7991145469841447 1444.9
14450 0.7991415253943581 1445
14451 0.7991685669617768 1445.1
14452 0.7991957162408446 1445.2
14453 0.7992229891856574 1445.3
14454 0.7992503417444975 1445.4
14455 0.7992777267357862 1445.5
14456 0.7993052762052768 1445.6
14457 0.7993330174953225 1445.7
14458 0.7993609968540949 1445.8
14459 0.7993889803475995 1445.9
14460 0.7994165049023679 1446
14461 0.7994441770126035 1446.1
14462 0.7994712359073763 1446.2
14463 0.7994978433111297 1446.3
14464 0.7995245380891258 1446.4
14465 0.7995512985027946 1446.5
14466 0.7995780923575208 1446.6
14467 0.7996048555836868 1446.7
14468 0.7996316298836084 1446.8
14469 0.7996584162435051 1446.9
14470 0.7996844275994482 1447
14471 0.7997100578094142 1447.1
14472 0.7997358463869864 1447.2
14473 0.7997618047538699 1447.3
14474 0.7997879370383212 1447.4
14475 0.7998142512455025 1447.5
14476 0.7998407578718703 1447.6
14477 0.7998674753245402 1447.7
14478 0.7998944201774993 1447.8
14479 0.7999215990223768 1447.9
14480 0.7999484009549322 1448
14481 0.7999736841241735 1448.1
14482 0.7999994000422406 1448.2
14483 0.8000249413499309 1448.3
14484 0.800050103544738 1448.4
14485 0.800075580010733 1448.5
14486 0.8001013650522443 1448.6
14487 0.8001268249622179 1448.7
14488 0.8001522160529955 1448.8
14489 0.8001779172689022 1448.9
14490 0.8002039044328949 1449
14491 0.8002301486400508 1449.1
14492 0.8002566184609119 1449.2
14493 0.8002832534038025 1449.3
14494 0.8003099593301364 1449.4
14495 0.800336706404089 1449.5
14496 0.800363556303188 1449.6
14497 0.8003905147142725 1449.7
14498 0.8004175533799218 1449.8
14499 0.8004441183565298 1449.9
14500 0.8004698062935192 1450
14501 0.8004954926011889 1450.1
14502 0.8005206170241866 1450.2
14503 0.8005440448379065 1450.3
14504 0.8005674775839925 1450.4
14505 0.8005909181415798 1450.5
14506 0.8006143837563264 1450.6
14507 0.8006378801677837 1450.7
14508 0.8006613695095943 1450.8
14509 0.8006848324128175 1450.9
14510 0.8007082655235848 1451
14511 0.8007316703139231 1451.1
14512 0.800755070976096 1451.2
14513 0.8007784772737896 1451.3
14514 0.8008018909730464 1451.4
14515 0.8008253219955211 1451.5
14516 0.8008487943189322 1451.6
14517 0.8008723237903809 1451.7
14518 0.8008959265165331 1451.8
14519 0.8009196185818965 1451.9
14520 0.8009434093170658 1452
14521 0.8009673215259195 1452.1
14522 0.8009913713379009 1452.2
14523 0.8010155734903002 1452.3
14524 0.8010399405495613 1452.4
14525 0.8010644797795611 1452.5
14526 0.8010891922548797 1452.6
14527 0.801114067924648 1452.7
14528 0.8011390780567249 1452.8
14529 0.8011641820594387 1452.9
14530 0.8011893451980572 1453
14531 0.8012145468171232 1453.1
14532 0.8012397652118785 1453.2
14533 0.8012649877031124 1453.3
14534 0.8012902082246903 1453.4
14535 0.8013154325017142 1453.5
14536 0.8013406611923233 1453.6
14537 0.8013658937456654 1453.7
14538 0.8013911784056045 1453.8
14539 0.8014165012592563 1453.9
14540 0.8014417587488429 1454
14541 0.8014660062157218 1454.1
14542 0.8014901007061231 1454.2
14543 0.8015142601534245 1454.3
14544 0.8015384842120536 1454.4
14545 0.8015627768668093 1454.5
14546 0.8015871342901476 1454.6
14547 0.8016115503293918 1454.7
14548 0.8016351373661496 1454.8
14549 0.8016584372568752 1454.9
14550 0.8016820058879814 1455
14551 0.8017058475863631 1455.1
14552 0.8017299684004197 1455.2
14553 0.801754369311645 1455.3
14554 0.801779049212264 1455.4
14555 0.8018039797061319 1455.5
14556 0.8018291999203322 1455.6
14557 0.8018547049246705 1455.7
14558 0.8018804811485672 1455.8
14559 0.8019065103262111 1455.9
14560 0.801932764992501 1456
14561 0.801958370764713 1456.1
14562 0.8019837907633129 1456.2
14563 0.8020093900893259 1456.3
14564 0.8020351561876986 1456.4
14565 0.8020610888580215 1456.5
14566 0.8020872021864078 1456.6
14567 0.802113492730235 1456.7
14568 0.8021399599036612 1456.8
14569 0.802166610388216 1456.9
14570 0.8021934542436706 1457
14571 0.8022203688756633 1457.1
14572 0.8022471284583843 1457.2
14573 0.8022737254950459 1457.3
14574 0.8022994638917175 1457.4
14575 0.8023254815527381 1457.5
14576 0.8023517615420259 1457.6
14577 0.802378109084008 1457.7
14578 0.8024046591004936 1457.8
14579 0.8024314952780737 1457.9
14580 0.8024584613870953 1458
14581 0.8024856717882356 1458.1
14582 0.80251317267962 1458.2
14583 0.8025409696235831 1458.3
14584 0.8025688899387501 1458.4
14585 0.8025969875019988 1458.5
14586 0.8026252208392786 1458.6
14587 0.8026537317740597 1458.7
14588 0.8026816291565416 1458.8
14589 0.8027093658767347 1458.9
14590 0.802737300409275 1459
14591 0.8027654084472237 1459.1
14592 0.8027936803447462 1459.2
14593 0.8028219382584326 1459.3
14594 0.8028496255545128 1459.4
14595 0.8028772779055791 1459.5
14596 0.8029049033296376 1459.6
14597 0.8029325143083188 1459.7
14598 0.8029600419140465 1459.8
14599 0.8029875165292162 1459.9
14600 0.8030150146791647 1460
14601 0.8030425475023704 1460.1
14602 0.8030701268629385 1460.2
14603 0.8030977592327748 1460.3
14604 0.8031254406723329 1460.4
14605 0.8031531602326931 1460.5
14606 0.8031809106260286 1460.6
14607 0.8032087177175286 1460.7
14608 0.8032365933797708 1460.8
14609 0.8032645315954199 1460.9
14610 0.8032925275750505 1461
14611 0.8033201435933297 1461.1
14612 0.8033477700486411 1461.2
14613 0.803375512238652 1461.3
14614 0.8034027520411446 1461.4
14615 0.8034277055108543 1461.5
14616 0.8034519193377875 1461.6
14617 0.803476151339989 1461.7
14618 0.803500068968106 1461.8
14619 0.8035241595160617 1461.9
14620 0.8035483934481523 1462
14621 0.8035727354768616 1462.1
14622 0.8035971794496283 1462.2
14623 0.803621735963121 1462.3
14624 0.8036464205889239 1462.4
14625 0.8036694824818046 1462.5
14626 0.8036921619964474 1462.6
14627 0.8037128914737753 1462.7
14628 0.8037336747230653 1462.8
14629 0.8037546358953165 1462.9
14630 0.8037757790674087 1463
14631 0.8037970931379447 1463.1
14632 0.8038185616782502 1463.2
14633 0.8038401660428878 1463.3
14634 0.8038618939553309 1463.4
14635 0.8038837384809033 1463.5
14636 0.8039056967783196 1463.6
14637 0.8039277687208022 1463.7
14638 0.8039499560894953 1463.8
14639 0.8039722615875623 1463.9
14640 0.8039946881383642 1464
14641 0.8040172387731317 1464.1
14642 0.8040398902828931 1464.2
14643 0.8040626137174284 1464.3
14644 0.80408546916729 1464.4
14645 0.8041084619936638 1464.5
14646 0.8041315985742866 1464.6
14647 0.8041548862659857 1464.7
14648 0.8041783311291114 1464.8
14649 0.8042019418171736 1464.9
14650 0.804225727479069 1465
14651 0.8042496965070293 1465.1
14652 0.8042738547752207 1465.2
14653 0.8042982031108822 1465.3
14654 0.8043227354776806 1465.4
14655 0.8043474388085974 1465.5
14656 0.8043722854744877 1465.6
14657 0.8043972248002464 1465.7
14658 0.8044222047004895 1465.8
14659 0.8044472074992068 1465.9
14660 0.8044722084845942 1466
14661 0.8044971710243848 1466.1
14662 0.8045214698798948 1466.2
14663 0.8045455288221178 1466.3
14664 0.8045694260645669 1466.4
14665 0.8045930081534446 1466.5
14666 0.8046165004365444 1466.6
14667 0.8046400213460048 1466.7
14668 0.8046636120481614 1466.8
14669 0.804687289996555 1466.9
14670 0.8047110689400164 1467
14671 0.8047349606570706 1467.1
14672 0.8047589764221345 1467.2
14673 0.8047831275628535 1467.3
14674 0.8048074253109014 1467.4
14675 0.804831879993568 1467.5
14676 0.8048565002905183 1467.6
14677 0.8048812915385557 1467.7
14678 0.8049062556664766 1467.8
14679 0.8049303572174829 1467.9
14680 0.8049545165682518 1468
14681 0.8049789449672613 1468.1
14682 0.8050036119317078 1468.2
14683 0.8050284044379482 1468.3
14684 0.8050530606803006 1468.4
14685 0.805077199666401 1468.5
14686 0.8051015497050921 1468.6
14687 0.805126096183539 1468.7
14688 0.8051508318210764 1468.8
14689 0.8051757547693502 1468.9
14690 0.8052008144628329 1469
14691 0.8052260511906087 1469.1
14692 0.8052510905949515 1469.2
14693 0.8052758770962746 1469.3
14694 0.80530090906929 1469.4
14695 0.8053261899242535 1469.5
14696 0.8053517198592465 1469.6
14697 0.805377494923742 1469.7
14698 0.8054035071214255 1469.8
14699 0.8054297472155582 1469.9
14700 0.8054562004379381 1470
14701 0.8054828452201515 1470.1
14702 0.8055095655439417 1470.2
14703 0.8055364387917878 1470.3
14704 0.805563031855022 1470.4
14705 0.8055896538470211 1470.5
14706 0.8056165056927815 1470.6
14707 0.805643585116342 1470.7
14708 0.8056708904420889 1470.8
14709 0.8056984180734471 1470.9
14710 0.8057261572931099 1471
14711 0.8057540832535018 1471.1
14712 0.8057821857808254 1471.2
14713 0.8058104476691654 1471.3
14714 0.8058388411394168 1471.4
14715 0.805867339958515 1471.5
14716 0.8058959087742845 1471.6
14717 0.8059245172285099 1471.7
14718 0.8059531680661568 1471.8
14719 0.8059818514501957 1471.9
14720 0.8060105589460337 1472
14721 0.8060392771775534 1472.1
14722 0.8060679754422269 1472.2
14723 0.8060966575316248 1472.3
14724 0.8061253277199085 1472.4
14725 0.8061539882578611 1472.5
14726 0.8061826078855577 1472.6
14727 0.8062111961090812 1472.7
14728 0.8062397785314662 1472.8
14729 0.8062671512561619 1472.9
14730 0.8062936278957519 1473
14731 0.8063201186760925 1473.1
14732 0.8063466040311249 1473.2
14733 0.8063730621681616 1473.3
14734 0.8063994761637635 1473.4
14735 0.8064258338994713 1473.5
14736 0.8064521303601553 1473.6
14737 0.8064783622937274 1473.7
14738 0.8065045519245206 1473.8
14739 0.8065307298996073 1473.9
14740 0.8065569315858859 1474
14741 0.8065831937037136 1474.1
14742 0.8066095547980714 1474.2
14743 0.8066360431342879 1474.3
14744 0.8066626213824132 1474.4
14745 0.8066893594939616 1474.5
14746 0.8067162830846609 1474.6
14747 0.8067419765945769 1474.7
14748 0.806766173081974 1474.8
14749 0.8067905075097491 1474.9
14750 0.8068147871468134 1475
14751 0.8068385225156433 1475.1
14752 0.8068622188720612 1475.2
14753 0.8068858667281783 1475.3
14754 0.8069091566408927 1475.4
14755 0.8069315108461147 1475.5
14756 0.8069538736212195 1475.6
14757 0.8069762468003535 1475.7
14758 0.8069986258900105 1475.8
14759 0.8070210072620794 1475.9
14760 0.8070433889322278 1476
14761 0.8070657706216968 1476.1
14762 0.807088153643118 1476.2
14763 0.8071105420077683 1476.3
14764 0.8071329398642658 1476.4
14765 0.8071548518241527 1476.5
14766 0.8071748469249878 1476.6
14767 0.807195049525943 1476.7
14768 0.8072154718589808 1476.8
14769 0.8072361257596177 1476.9
14770 0.8072570167356569 1477
14771 0.8072781525377462 1477.1
14772 0.8072995362660154 1477.2
14773 0.8073211619169008 1477.3
14774 0.8073430128908162 1477.4
14775 0.8073650659466157 1477.5
14776 0.807387293731383 1477.6
14777 0.8074096650362156 1477.7
14778 0.8074321400260254 1477.8
14779 0.8074546760670183 1477.9
14780 0.807477231628956 1478
14781 0.8074997960349639 1478.1
14782 0.8075223676077814 1478.2
14783 0.8075449563437932 1478.3
14784 0.807567522370889 1478.4
14785 0.8075900801513997 1478.5
14786 0.8076126693759615 1478.6
14787 0.8076353559097635 1478.7
14788 0.8076581388108652 1478.8
14789 0.8076810163441137 1478.9
14790 0.8077039894938581 1479
14791 0.8077270616461081 1479.1
14792 0.8077502364747948 1479.2
14793 0.8077735174910425 1479.3
14794 0.8077969075229454 1479.4
14795 0.8078204091178817 1479.5
14796 0.8078440245386126 1479.6
14797 0.8078677550874271 1479.7
14798 0.807891600589649 1479.8
14799 0.8079155614122224 1479.9
14800 0.8079396368830527 1480
14801 0.8079638250740581 1480.1
14802 0.8079874053710935 1480.2
14803 0.8080108399864266 1480.3
14804 0.8080344547390559 1480.4
14805 0.8080582370913758 1480.5
14806 0.8080821757089768 1480.6
14807 0.808106283283755 1480.7
14808 0.8081305534497319 1480.8
14809 0.8081549724544609 1480.9
14810 0.8081795301602236 1481
14811 0.808204221244702 1481.1
14812 0.8082282190341044 1481.2
14813 0.8082522611605232 1481.3
14814 0.8082763547775286 1481.4
14815 0.8083004048390344 1481.5
14816 0.8083246601200865 1481.6
14817 0.8083491125639256 1481.7
14818 0.8083737497131722 1481.8
14819 0.8083985532281348 1481.9
14820 0.8084235019101746 1482
14821 0.8084485614756018 1482.1
14822 0.8084737396552659 1482.2
14823 0.8084984941475228 1482.3
14824 0.8085230425837265 1482.4
14825 0.8085477239568111 1482.5
14826 0.8085725553161769 1482.6
14827 0.8085975469391158 1482.7
14828 0.8086227111198258 1482.8
14829 0.8086480452260105 1482.9
14830 0.8086734186142104 1483
14831 0.8086988418561147 1483.1
14832 0.8087244624368484 1483.2
14833 0.8087502689440796 1483.3
14834 0.808776251639708 1483.4
14835 0.8088023919897362 1483.5
14836 0.8088286743394744 1483.6
14837 0.8088550919176017 1483.7
14838 0.8088816116533597 1483.8
14839 0.8089080927923825 1483.9
14840 0.8089347188736716 1484
14841 0.8089614848984307 1484.1
14842 0.8089883788664328 1484.2
14843 0.8090153995224081 1484.3
14844 0.8090425825418636 1484.4
14845 0.8090697252451199 1484.5
14846 0.8090966857760247 1484.6
14847 0.8091239081903339 1484.7
14848 0.8091514231503811 1484.8
14849 0.8091792615793312 1484.9
14850 0.8092057853944741 1485
14851 0.8092321045173323 1485.1
14852 0.8092587348231299 1485.2
14853 0.8092856543402692 1485.3
14854 0.8093128342464316 1485.4
14855 0.8093402330420626 1485.5
14856 0.8093678002480285 1485.6
14857 0.809395470119291 1485.7
14858 0.8094231856816889 1485.8
14859 0.8094509032311448 1485.9
14860 0.8094785819232807 1486
14861 0.8095060774445207 1486.1
14862 0.8095334727883414 1486.2
14863 0.8095607914543614 1486.3
14864 0.809588045492156 1486.4
14865 0.8096152729710746 1486.5
14866 0.8096424948264088 1486.6
14867 0.8096697262941256 1486.7
14868 0.8096969825000528 1486.8
14869 0.8097242765234492 1486.9
14870 0.8097506124924339 1487
14871 0.8097757454374266 1487.1
14872 0.8098009750879133 1487.2
14873 0.8098262966859193 1487.3
14874 0.8098517014341776 1487.4
14875 0.8098771854917417 1487.5
14876 0.8099027420643695 1487.6
14877 0.8099283660522187 1487.7
14878 0.809954064122663 1487.8
14879 0.8099798677346803 1487.9
14880 0.8100057997905872 1488
14881 0.8100318741915299 1488.1
14882 0.8100581000205074 1488.2
14883 0.8100844845857235 1488.3
14884 0.8101110316520574 1488.4
14885 0.8101372261330224 1488.5
14886 0.8101618664552025 1488.6
14887 0.8101866960009932 1488.7
14888 0.8102109045707077 1488.8
14889 0.8102350007291211 1488.9
14890 0.810259327264226 1489
14891 0.810283861311904 1489.1
14892 0.8103085788237724 1489.2
14893 0.8103334553275499 1489.3
14894 0.8103584656866368 1489.4
14895 0.8103835603725476 1489.5
14896 0.8104087645155235 1489.6
14897 0.810434050288926 1489.7
14898 0.8104593858987583 1489.8
14899 0.8104824548483673 1489.9
14900 0.8105039309507942 1490
14901 0.8105248518023472 1490.1
14902 0.8105460655476512 1490.2
14903 0.8105675632718984 1490.3
14904 0.8105893118071089 1490.4
14905 0.8106112696679321 1490.5
14906 0.8106334480846253 1490.6
14907 0.8106558911176115 1490.7
14908 0.8106785734415198 1490.8
14909 0.8107014791636292 1490.9
14910 0.8107245915330286 1491
14911 0.8107474978536583 1491.1
14912 0.8107692152378008 1491.2
14913 0.8107911652132461 1491.3
14914 0.8108133519384738 1491.4
14915 0.810835727880059 1491.5
14916 0.8108582584365217 1491.6
14917 0.8108810174460275 1491.7
14918 0.810903977213379 1491.8
14919 0.8109270664069156 1491.9
14920 0.810950340491883 1492
14921 0.8109734802962982 1492.1
14922 0.8109952587907781 1492.2
14923 0.8110169101600258 1492.3
14924 0.8110384443275027 1492.4
14925 0.8110600384288589 1492.5
14926 0.8110816861864434 1492.6
14927 0.811102726402394 1492.7
14928 0.8111236241071074 1492.8
14929 0.811144640085908 1492.9
14930 0.8111657738562942 1493
14931 0.8111870257439543 1493.1
14932 0.8112083970025169 1493.2
14933 0.8112298899070332 1493.3
14934 0.8112512625301133 1493.4
14935 0.8112720733522565 1493.5
14936 0.8112930010441546 1493.6
14937 0.8113140474109073 1493.7
14938 0.8113351987760725 1493.8
14939 0.8113564893201544 1493.9
14940 0.8113779306068136 1494
14941 0.8113995229250761 1494.1
14942 0.8114212677109354 1494.2
14943 0.8114431659996794 1494.3
14944 0.8114652193879244 1494.4
14945 0.8114874314188847 1494.5
14946 0.8115098078424056 1494.6
14947 0.8115323529532993 1494.7
14948 0.8115550697390053 1494.8
14949 0.8115779597932593 1494.9
14950 0.8116010234439813 1495
14951 0.8116242480564329 1495.1
14952 0.8116476236354925 1495.2
14953 0.8116711518242388 1495.3
14954 0.8116948267049031 1495.4
14955 0.8117186056579817 1495.5
14956 0.8117423711621543 1495.6
14957 0.8117662293145812 1495.7
14958 0.8117901602452671 1495.8
14959 0.8118141553803505 1495.9
14960 0.8118382136263782 1496
14961 0.8118623451629318 1496.1
14962 0.8118865641365288 1496.2
14963 0.8119108850673638 1496.3
14964 0.8119353214381771 1496.4
14965 0.8119598859855088 1496.5
14966 0.8119845919869197 1496.6
14967 0.812009451384097 1496.7
14968 0.8120344777914106 1496.8
14969 0.8120596565975354 1496.9
14970 0.8120850159794774 1497
14971 0.8121105889789886 1497.1
14972 0.8121364082136574 1497.2
14973 0.8121624952202197 1497.3
14974 0.8121876837187362 1497.4
14975 0.8122119685288806 1497.5
14976 0.8122363397586352 1497.6
14977 0.8122610410378287 1497.7
14978 0.8122860352280264 1497.8
14979 0.8123113651226694 1497.9
14980 0.8123370149755841 1498
14981 0.8123629598086014 1498.1
14982 0.8123891286806484 1498.2
14983 0.8124154802017476 1498.3
14984 0.8124419805590585 1498.4
14985 0.8124686058968158 1498.5
14986 0.8124953373908773 1498.6
14987 0.8125221560382898 1498.7
14988 0.8125490427000014 1498.8
14989 0.8125759861513843 1498.9
14990 0.8126029585590093 1499
14991 0.8126299483713144 1499.1
14992 0.8126569556001768 1499.2
14993 0.81268398219155 1499.3
14994 0.8127108663545307 1499.4
14995 0.8127377429664252 1499.5
14996 0.8127646991031631 1499.6
14997 0.8127917570840666 1499.7
14998 0.812818941260641 1499.8
14999 0.8128462806829287 1499.9
15000 0.8128737955087837 1500
15001 0.8128995590127045 1500.1
15002 0.8129253290659404 1500.2
15003 0.8129512871164898 1500.3
15004 0.8129774094497361 1500.4
15005 0.8130036675015029 1500.5
15006 0.8130300381086045 1500.6
15007 0.8130564974186898 1500.7
15008 0.8130830223629716 1500.8
15009 0.8131095943861096 1500.9
15010 0.8131362091405172 1501
15011 0.813162862484083 1501.1
15012 0.8131895523037982 1501.2
15013 0.8132160923471972 1501.3
15014 0.8132424690996056 1501.4
15015 0.8132688512963774 1501.5
15016 0.8132952422155113 1501.6
15017 0.8133208698092853 1501.7
15018 0.813346109062291 1501.8
15019 0.8133713917603279 1501.9
15020 0.8133966888623489 1502
15021 0.8134219721170636 1502.1
15022 0.8134472229466383 1502.2
15023 0.8134724319951785 1502.3
15024 0.8134976008423099 1502.4
15025 0.8135227358629834 1502.5
15026 0.813547841455628 1502.6
15027 0.8135729230475425 1502.7
15028 0.8135943895507857 1502.8
15029 0.813614973434312 1502.9
15030 0.8136358004903195 1503
15031 0.8136568691244603 1503.1
15032 0.813678160552087 1503.2
15033 0.8136996488684741 1503.3
15034 0.8137213033825117 1503.4
15035 0.8137430994791183 1503.5
15036 0.8137650199684839 1503.6
15037 0.8137870534903123 1503.7
15038 0.8138091954359558 1503.8
15039 0.8138314476473801 1503.9
15040 0.8138538155490812 1504
15041 0.8138763053319659 1504.1
15042 0.8138989293991203 1504.2
15043 0.8139217022199169 1504.3
15044 0.8139446395791122 1504.4
15045 0.8139677619309754 1504.5
15046 0.8139910886076271 1504.6
15047 0.8140146367298057 1504.7
15048 0.8140384219372474 1504.8
15049 0.8140624582086955 1504.9
15050 0.8140867527882513 1505
15051 0.8141110697852727 1505.1
15052 0.8141336379341029 1505.2
15053 0.8141564494861602 1505.3
15054 0.8141787375541718 1505.4
15055 0.8142011573629676 1505.5
15056 0.8142238025631083 1505.6
15057 0.8142466452567282 1505.7
15058 0.814269667514431 1505.8
15059 0.8142927730586903 1505.9
15060 0.8143151709686218 1506
15061 0.8143377543540339 1506.1
15062 0.8143605324516229 1506.2
15063 0.8143835321300288 1506.3
15064 0.8144067612749978 1506.4
15065 0.8144302305144333 1506.5
15066 0.8144539522023079 1506.6
15067 0.8144779379025131 1506.7
15068 0.8145021939157261 1506.8
15069 0.8145267194343335 1506.9
15070 0.814549407862619 1507
15071 0.8145722459920536 1507.1
15072 0.8145953657729795 1507.2
15073 0.8146187453742205 1507.3
15074 0.8146423629287453 1507.4
15075 0.8146661924276735 1507.5
15076 0.8146901994483812 1507.6
15077 0.8147143741669716 1507.7
15078 0.8147387223302156 1507.8
15079 0.814763239284135 1507.9
15080 0.81478791885894 1508
15081 0.8148127512018657 1508.1
15082 0.8148377196129254 1508.2
15083 0.8148628117130261 1508.3
15084 0.8148880145965685 1508.4
15085 0.8149129854245792 1508.5
15086 0.8149362725619071 1508.6
15087 0.814959732704966 1508.7
15088 0.8149833690212297 1508.8
15089 0.8150071161332501 1508.9
15090 0.815031049466812 1509
15091 0.8150550569960058 1509.1
15092 0.8150792577130862 1509.2
15093 0.8151036568739684 1509.3
15094 0.8151282166852998 1509.4
15095 0.8151522733975184 1509.5
15096 0.8151755255481933 1509.6
15097 0.8151988813855131 1509.7
15098 0.8152224931339316 1509.8
15099 0.8152464259595348 1509.9
15100 0.815270699838296 1510
15101 0.8152953323601337 1510.1
15102 0.8153192013037792 1510.2
15103 0.8153428226132118 1510.3
15104 0.8153666740330126 1510.4
15105 0.8153894845299596 1510.5
15106 0.8154124171864695 1510.6
15107 0.8154354687157389 1510.7
15108 0.8154587934030719 1510.8
15109 0.8154823726129378 1510.9
15110 0.8155061647401287 1511
15111 0.8155301214229587 1511.1
15112 0.8155542007795272 1511.2
15113 0.815578369817041 1511.3
15114 0.8156026014789125 1511.4
15115 0.8156268700002777 1511.5
15116 0.8156511596031705 1511.6
15117 0.8156754632319051 1511.7
15118 0.8156997782762636 1511.8
15119 0.8157240982310583 1511.9
15120 0.8157483981756913 1512
15121 0.8157726823075011 1512.1
15122 0.8157969456431252 1512.2
15123 0.8158212009635106 1512.3
15124 0.8158454635237643 1512.4
15125 0.8158697510883242 1512.5
15126 0.8158940843052198 1512.6
15127 0.8159184861255927 1512.7
15128 0.8159429806594434 1512.8
15129 0.815967593025902 1512.9
15130 0.8159923485984075 1513
15131 0.8160172722577461 1513.1
15132 0.8160423884969986 1513.2
15133 0.8160677194846931 1513.3
15134 0.8160932834872977 1513.4
15135 0.8161187575669259 1513.5
15136 0.8161438765843103 1513.6
15137 0.8161693519384808 1513.7
15138 0.8161951825093093 1513.8
15139 0.8162213551342761 1513.9
15140 0.8162464817335755 1514
15141 0.8162717141386326 1514.1
15142 0.8162971644003927 1514.2
15143 0.8163227803581211 1514.3
15144 0.8163483264118058 1514.4
15145 0.8163725677482331 1514.5
15146 0.8163968263201485 1514.6
15147 0.8164210202440189 1514.7
15148 0.8164450326663792 1514.8
15149 0.8164689759678256 1514.9
15150 0.8164928266278406 1515
15151 0.8165165737508165 1515.1
15152 0.8165402188264062 1515.2
15153 0.8165637519752282 1515.3
15154 0.8165871676589153 1515.4
15155 0.8166099939455441 1515.5
15156 0.8166302845564436 1515.6
15157 0.8166508291004719 1515.7
15158 0.8166716227090189 1515.8
15159 0.8166926637089362 1515.9
15160 0.8167139510871043 1516
15161 0.8167354814865033 1516.1
15162 0.8167572338835231 1516.2
15163 0.8167790624963044 1516.3
15164 0.8168011215461093 1516.4
15165 0.8168231037445356 1516.5
15166 0.8168453456660059 1516.6
15167 0.8168678549126309 1516.7
15168 0.8168906314392892 1516.8
15169 0.8169136796971422 1516.9
15170 0.8169370073837128 1517
15171 0.8169606247602916 1517.1
15172 0.8169845434238717 1517.2
15173 0.8170087743158945 1517.3
15174 0.8170333284236252 1517.4
15175 0.8170577015414525 1517.5
15176 0.8170808063397111 1517.6
15177 0.8171041523363128 1517.7
15178 0.8171277133013418 1517.8
15179 0.8171514575960013 1517.9
15180 0.8171753551130877 1518
15181 0.8171986839534399 1518.1
15182 0.8172217779086325 1518.2
15183 0.8172449597710534 1518.3
15184 0.8172682042183081 1518.4
15185 0.8172915046021232 1518.5
15186 0.8173148621519355 1518.6
15187 0.8173375142560058 1518.7
15188 0.8173600807134461 1518.8
15189 0.8173827295265578 1518.9
15190 0.8174054651963941 1519
15191 0.8174282960159927 1519.1
15192 0.817451236179929 1519.2
15193 0.8174742591329099 1519.3
15194 0.8174972882332153 1519.4
15195 0.8175204491824901 1519.5
15196 0.8175434224736087 1519.6
15197 0.8175665517117674 1519.7
15198 0.8175899183277769 1519.8
15199 0.8176135452022875 1519.9
15200 0.8176374553157855 1520
15201 0.8176616671418437 1520.1
15202 0.8176861931395212 1520.2
15203 0.8177097464875336 1520.3
15204 0.8177329129223545 1520.4
15205 0.8177563392179219 1520.5
15206 0.8177800007251682 1520.6
15207 0.8178038542885472 1520.7
15208 0.8178278472912217 1520.8
15209 0.8178519292678519 1520.9
15210 0.8178760431681119 1521
15211 0.8179001425372018 1521.1
15212 0.8179241938618788 1521.2
15213 0.8179481943564689 1521.3
15214 0.8179721512459006 1521.4
15215 0.8179960713509463 1521.5
15216 0.818019956793931 1521.6
15217 0.8180437935673935 1521.7
15218 0.8180675684990476 1521.8
15219 0.818091350012585 1521.9
15220 0.8181151568841381 1522
15221 0.8181390282571922 1522.1
15222 0.8181629862931945 1522.2
15223 0.8181870686881049 1522.3
15224 0.8182113110788047 1522.4
15225 0.8182357463177625 1522.5
15226 0.8182604035667195 1522.6
15227 0.8182853076804628 1522.7
15228 0.8183104700554659 1522.8
15229 0.8183350702965373 1522.9
15230 0.8183589051193189 1523
15231 0.8183829941308199 1523.1
15232 0.8184073193690278 1523.2
15233 0.8184318794168336 1523.3
15234 0.8184566712881287 1523.4
15235 0.8184807598554871 1523.5
15236 0.8185046985379286 1523.6
15237 0.8185288892082202 1523.7
15238 0.8185533163459099 1523.8
15239 0.8185779774598338 1523.9
15240 0.8186028721426261 1524
15241 0.8186279971297891 1524.1
15242 0.8186533428662078 1524.2
15243 0.8186788894315361 1524.3
15244 0.8187046116415772 1524.4
15245 0.8187304841961031 1524.5
15246 0.8187564374899132 1524.6
15247 0.8187824742941862 1524.7
15248 0.8188085517603407 1524.8
15249 0.8188346499444779 1524.9
15250 0.8188607493401889 1525
15251 0.8188868281699296 1525.1
15252 0.818911088027711 1525.2
15253 0.8189353634614406 1525.3
15254 0.8189596344552444 1525.4
15255 0.8189838926683054 1525.5
15256 0.8190081396627688 1525.6
15257 0.8190323817659438 1525.7
15258 0.8190566274757553 1525.8
15259 0.8190808960314327 1525.9
15260 0.8191052113261458 1526
15261 0.8191295993340494 1526.1
15262 0.8191540883160232 1526.2
15263 0.8191787080048254 1526.3
15264 0.8192034891519266 1526.4
15265 0.8192284545963606 1526.5
15266 0.8192536169455368 1526.6
15267 0.8192789480709427 1526.7
15268 0.8193044676559034 1526.8
15269 0.8193301572893571 1526.9
15270 0.8193559911055809 1527
15271 0.8193819358223785 1527.1
15272 0.8194071155706361 1527.2
15273 0.8194314939317324 1527.3
15274 0.819454948384673 1527.4
15275 0.8194784990548911 1527.5
15276 0.8195021182116686 1527.6
15277 0.8195257909975661 1527.7
15278 0.8195495096938941 1527.8
15279 0.819573283089028 1527.9
15280 0.8195971052087356 1528
15281 0.8196209995310842 1528.1
15282 0.8196450053863982 1528.2
15283 0.8196665928986903 1528.3
15284 0.819688177527825 1528.4
15285 0.8197102466917752 1528.5
15286 0.8197328016252974 1528.6
15287 0.819755829712024 1528.7
15288 0.8197774435757689 1528.8
15289 0.8197993210619694 1528.9
15290 0.8198214943179034 1529
15291 0.8198433634924522 1529.1
15292 0.8198646426654614 1529.2
15293 0.8198861743458744 1529.3
15294 0.8199079120748903 1529.4
15295 0.8199298230122622 1529.5
15296 0.8199518702204248 1529.6
15297 0.8199740243621513 1529.7
15298 0.8199962655609878 1529.8
15299 0.8200177268645916 1529.9
15300 0.8200392472371231 1530
15301 0.8200608636341488 1530.1
15302 0.8200825836449451 1530.2
15303 0.8201044195259073 1530.3
15304 0.8201263785264696 1530.4
15305 0.8201484642440843 1530.5
15306 0.8201706772989584 1530.6
15307 0.8201930085064051 1530.7
15308 0.8202151388739823 1530.8
15309 0.8202368667092494 1530.9
15310 0.8202581837653404 1531
15311 0.8202792996027062 1531.1
15312 0.8203006420470641 1531.2
15313 0.8203222127513876 1531.3
15314 0.8203440154275204 1531.4
15315 0.8203660555554616 1531.5
15316 0.8203881308475037 1531.6
15317 0.8204098674709986 1531.7
15318 0.8204318868000644 1531.8
15319 0.8204541985816669 1531.9
15320 0.8204768134463303 1532
15321 0.8204997428772893 1532.1
15322 0.8205227570990605 1532.2
15323 0.8205447088637766 1532.3
15324 0.8205668206189188 1532.4
15325 0.8205882356038645 1532.5
15326 0.8206098493574344 1532.6
15327 0.8206317291139904 1532.7
15328 0.8206538479046417 1532.8
15329 0.8206761790211445 1532.9
15330 0.8206987058885989 1533
15331 0.8207214023783354 1533.1
15332 0.8207442334406819 1533.2
15333 0.8207671876888114 1533.3
15334 0.8207902631524576 1533.4
15335 0.8208134611699813 1533.5
15336 0.8208367698953963 1533.6
15337 0.8208600451449689 1533.7
15338 0.8208833024932642 1533.8
15339 0.8209066634832066 1533.9
15340 0.8209301185260756 1534
15341 0.8209536620174924 1534.1
15342 0.820977282313753 1534.2
15343 0.8210009682341833 1534.3
15344 0.821024717988772 1534.4
15345 0.8210485269953604 1534.5
15346 0.8210724217035316 1534.6
15347 0.8210963118056855 1534.7
15348 0.8211201939953219 1534.8
15349 0.821144168890564 1534.9
15350 0.821168275892975 1535
15351 0.8211925466985454 1535.1
15352 0.8212170052649939 1535.2
15353 0.8212416489970368 1535.3
15354 0.8212664693835056 1535.4
15355 0.8212914848132276 1535.5
15356 0.8213167092896295 1535.6
15357 0.8213421548615173 1535.7
15358 0.8213678313565934 1535.8
15359 0.8213929330332466 1535.9
15360 0.8214174302165781 1536
15361 0.8214411758030651 1536.1
15362 0.8214651346888207 1536.2
15363 0.8214892971925902 1536.3
15364 0.8215136466160841 1536.4
15365 0.8215381487550333 1536.5
15366 0.8215627710676723 1536.6
15367 0.8215874579837016 1536.7
15368 0.8216121933233059 1536.8
15369 0.8216369622051907 1536.9
15370 0.8216617564881508 1537
15371 0.8216865731512659 1537.1
15372 0.8217112927066822 1537.2
15373 0.82173604972457 1537.3
15374 0.8217608581867756 1537.4
15375 0.821785350168466 1537.5
15376 0.8218096519232675 1537.6
15377 0.8218338215224265 1537.7
15378 0.8218579749066157 1537.8
15379 0.8218822373773937 1537.9
15380 0.8219066117884425 1538
15381 0.8219311011884092 1538.1
15382 0.8219557077456258 1538.2
15383 0.8219804373484894 1538.3
15384 0.8220052943920065 1538.4
15385 0.8220302828993348 1538.5
15386 0.8220554046021387 1538.6
15387 0.8220806543303022 1538.7
15388 0.82210602667382 1538.8
15389 0.8221315232232672 1538.9
15390 0.8221571450988471 1539
15391 0.8221828952529385 1539.1
15392 0.8222087727817599 1539.2
15393 0.8222347763497353 1539.3
15394 0.8222609058822046 1539.4
15395 0.8222862455838382 1539.5
15396 0.8223114661537606 1539.6
15397 0.8223367515964715 1539.7
15398 0.8223620734537561 1539.8
15399 0.8223873975776086 1539.9
15400 0.8224120233354293 1540
15401 0.822436111245276 1540.1
15402 0.8224601393774308 1540.2
15403 0.8224839913573782 1540.3
15404 0.8225077464403221 1540.4
15405 0.8225313912146913 1540.5
15406 0.8225548876377373 1540.6
15407 0.8225781133845343 1540.7
15408 0.822601236194939 1540.8
15409 0.8226242706949993 1540.9
15410 0.8226471964454974 1541
15411 0.8226679650784179 1541.1
15412 0.8226878893375095 1541.2
15413 0.822707954963426 1541.3
15414 0.8227282270941209 1541.4
15415 0.8227487389044731 1541.5
15416 0.8227694895876555 1541.6
15417 0.8227904771952169 1541.7
15418 0.8228116970607283 1541.8
15419 0.822833143111136 1541.9
15420 0.82285481017926 1542
15421 0.8228766973106597 1542.1
15422 0.8228988066561527 1542.2
15423 0.822921144783596 1542.3
15424 0.8229437173995673 1542.4
15425 0.8229665258968287 1542.5
15426 0.8229895795252674 1542.6
15427 0.823012850361295 1542.7
15428 0.8230363890403505 1542.8
15429 0.8230602085481178 1542.9
15430 0.8230843072113911 1543
15431 0.8231082786819838 1543.1
15432 0.8231314044150582 1543.2
15433 0.8231537997802996 1543.3
15434 0.8231752684461059 1543.4
15435 0.8231969651125841 1543.5
15436 0.8232188719891063 1543.6
15437 0.8232402304187408 1543.7
15438 0.8232616652705435 1543.8
15439 0.8232832794080159 1543.9
15440 0.8233050358522616 1544
15441 0.8233268788474816 1544.1
15442 0.8233487768534283 1544.2
15443 0.8233707128638973 1544.3
15444 0.8233926771460565 1544.4
15445 0.8234146677315605 1544.5
15446 0.823436688982939 1544.6
15447 0.8234587502514973 1544.7
15448 0.8234806665719421 1544.8
15449 0.8235021337725671 1544.9
15450 0.8235236864592149 1545
15451 0.8235453234270014 1545.1
15452 0.8235670657633191 1545.2
15453 0.8235889348335691 1545.3
15454 0.8236109484244757 1545.4
15455 0.8236331215194157 1545.5
15456 0.8236554677341599 1545.6
15457 0.8236779990742127 1545.7
15458 0.8237007183981138 1545.8
15459 0.8237236278920235 1545.9
15460 0.8237467331478124 1546
15461 0.8237700338821169 1546.1
15462 0.8237928397926093 1546.2
15463 0.8238148898591409 1546.3
15464 0.8238371342531126 1546.4
15465 0.8238595716945212 1546.5
15466 0.8238821716058384 1546.6
15467 0.8239049322232675 1546.7
15468 0.8239278618848453 1546.8
15469 0.8239509764212343 1546.9
15470 0.8239742957377704 1547
15471 0.8239978440993262 1547.1
15472 0.8240216490142052 1547.2
15473 0.8240457282502928 1547.3
15474 0.8240696426601952 1547.4
15475 0.8240932113805391 1547.5
15476 0.8241171032674127 1547.6
15477 0.8241413065364109 1547.7
15478 0.8241658003691753 1547.8
15479 0.8241905474297702 1547.9
15480 0.824215500670769 1548
15481 0.8242406138829104 1548.1
15482 0.8242651257882766 1548.2
15483 0.8242887544101408 1548.3
15484 0.824312511281334 1548.4
15485 0.8243363444828241 1548.5
15486 0.8243601975461241 1548.6
15487 0.8243840683638913 1548.7
15488 0.8244079051602701 1548.8
15489 0.8244316581943504 1548.9
15490 0.8244554356388846 1549
15491 0.824479265835059 1549.1
15492 0.8245031734626924 1549.2
15493 0.8245271553076413 1549.3
15494 0.8245512233432646 1549.4
15495 0.824575373525033 1549.5
15496 0.8245996158518578 1549.6
15497 0.8246239592287858 1549.7
15498 0.8246483947197009 1549.8
15499 0.8246728990514324 1549.9
15500 0.8246974554135329 1550
15501 0.8247220247125235 1550.1
15502 0.8247453373190873 1550.2
15503 0.8247686660288596 1550.3
15504 0.8247919891411365 1550.4
15505 0.8248152921360616 1550.5
15506 0.8248385816464028 1550.6
15507 0.824861867806532 1550.7
15508 0.8248851672414296 1550.8
15509 0.8249084891846348 1550.9
15510 0.8249318651063289 1551
15511 0.8249553377458571 1551.1
15512 0.8249789461650779 1551.2
15513 0.825002731359579 1551.3
15514 0.825026734568043 1551.4
15515 0.8250509958363043 1551.5
15516 0.8250755522436972 1551.6
15517 0.8251004389204447 1551.7
15518 0.8251256909611506 1551.8
15519 0.8251513461835601 1551.9
15520 0.8251774255409914 1552
15521 0.8252039490243283 1552.1
15522 0.8252300091256418 1552.2
15523 0.8252560635893079 1552.3
15524 0.8252825135743695 1552.4
15525 0.8253093218592236 1552.5
15526 0.8253355290674123 1552.6
15527 0.8253614263786035 1552.7
15528 0.8253864378019609 1552.8
15529 0.825411062680159 1552.9
15530 0.8254352751562783 1553
15531 0.8254595689558901 1553.1
15532 0.8254838678764574 1553.2
15533 0.8255080934377453 1553.3
15534 0.8255321750705533 1553.4
15535 0.8255560581167998 1553.5
15536 0.8255797032396559 1553.6
15537 0.8256030881269684 1553.7
15538 0.825626211536473 1553.8
15539 0.8256490864046574 1553.9
15540 0.8256704940267159 1554
15541 0.8256901513034944 1554.1
15542 0.8257098925143719 1554.2
15543 0.8257297221162754 1554.3
15544 0.8257496614924361 1554.4
15545 0.8257697747527156 1554.5
15546 0.8257900837065172 1554.6
15547 0.8258105947497117 1554.7
15548 0.8258313076997584 1554.8
15549 0.8258521708393805 1554.9
15550 0.8258731873309354 1555
15551 0.8258943900600477 1555.1
15552 0.8259157607265412 1555.2
15553 0.8259372854334316 1555.3
15554 0.8259589586511792 1555.4
15555 0.8259807813899797 1555.5
15556 0.826002753547155 1555.6
15557 0.8260248682661079 1555.7
15558 0.8260471104678512 1555.8
15559 0.8260694750595656 1555.9
15560 0.8260919617277988 1556
15561 0.8261145727672529 1556.1
15562 0.8261373131733705 1556.2
15563 0.8261601816585183 1556.3
15564 0.8261830536619151 1556.4
15565 0.8262060872952187 1556.5
15566 0.8262293004955052 1556.6
15567 0.8262514980971019 1556.7
15568 0.8262734920549875 1556.8
15569 0.8262958042419147 1556.9
15570 0.8263183304335364 1557
15571 0.8263393969180163 1557.1
15572 0.8263607393899667 1557.2
15573 0.8263823401763127 1557.3
15574 0.8264039686920017 1557.4
15575 0.8264257237978732 1557.5
15576 0.8264476061993519 1557.6
15577 0.8264696139791194 1557.7
15578 0.8264917568003642 1557.8
15579 0.8265139830857423 1557.9
15580 0.826535198093818 1558
15581 0.8265565437873333 1558.1
15582 0.8265780248438971 1558.2
15583 0.8265989488556089 1558.3
15584 0.8266199135438259 1558.4
15585 0.8266410657027652 1558.5
15586 0.8266624066497054 1558.6
15587 0.8266839343911413 1558.7
15588 0.8267056421943041 1558.8
15589 0.8267275215990072 1558.9
15590 0.8267495602375293 1559
15591 0.826771733669958 1559.1
15592 0.8267940178569242 1559.2
15593 0.8268163844548224 1559.3
15594 0.8268388176762139 1559.4
15595 0.8268613088841111 1559.5
15596 0.8268838561012988 1559.6
15597 0.8269064656390558 1559.7
15598 0.8269291509346582 1559.8
15599 0.8269519186053792 1559.9
15600 0.8269747542295254 1560
15601 0.8269976980551957 1560.1
15602 0.8270207872882244 1560.2
15603 0.827044003035686 1560.3
15604 0.8270672763505141 1560.4
15605 0.8270907671066906 1560.5
15606 0.8271144964041049 1560.6
15607 0.8271384681644629 1560.7
15608 0.8271626863704793 1560.8
15609 0.8271857362504615 1560.9
15610 0.8272086194544817 1561
15611 0.8272317174368211 1561.1
15612 0.8272550245718985 1561.2
15613 0.8272785306019702 1561.3
15614 0.8273022185869262 1561.4
15615 0.8273260650626261 1561.5
15616 0.8273500600900525 1561.6
15617 0.8273741773100972 1561.7
15618 0.8273983887922726 1561.8
15619 0.8274226878937258 1561.9
15620 0.8274470745929732 1562
15621 0.8274715487340597 1562.1
15622 0.8274961123431439 1562.2
15623 0.82752074755161 1562.3
15624 0.8275454627162973 1562.4
15625 0.8275702783260235 1562.5
15626 0.8275952136412267 1562.6
15627 0.827620219238097 1562.7
15628 0.827645299668836 1562.8
15629 0.8276704779650126 1562.9
15630 0.8276957174929926 1563
15631 0.8277209526307733 1563.1
15632 0.8277463127404011 1563.2
15633 0.8277718020637009 1563.3
15634 0.8277974101030015 1563.4
15635 0.8278231195064807 1563.5
15636 0.8278490257547639 1563.6
15637 0.8278751500086033 1563.7
15638 0.8279014930882156 1563.8
15639 0.8279264218584492 1563.9
15640 0.8279514758089609 1564
15641 0.8279759916774487 1564.1
15642 0.8279992837153619 1564.2
15643 0.8280227290134488 1564.3
15644 0.8280462753963422 1564.4
15645 0.8280698814433467 1564.5
15646 0.8280935110416296 1564.6
15647 0.828117133975711 1564.7
15648 0.8281407295067778 1564.8
15649 0.8281642871284487 1564.9
15650 0.828187802742586 1565
15651 0.828211279139705 1565.1
15652 0.8282347250271018 1565.2
15653 0.8282581141655203 1565.3
15654 0.8282812751887709 1565.4
15655 0.8283044569998061 1565.5
15656 0.8283276791539003 1565.6
15657 0.8283509573895156 1565.7
15658 0.8283743032980887 1565.8
15659 0.8283977259663131 1565.9
15660 0.8284203536307512 1566
15661 0.8284429728150193 1566.1
15662 0.8284657553536531 1566.2
15663 0.8284887024102278 1566.3
15664 0.8285117831991714 1566.4
15665 0.828534996883708 1566.5
15666 0.8285583444818194 1566.6
15667 0.8285818264950859 1566.7
15668 0.828605440405871 1566.8
15669 0.8286291776777404 1566.9
15670 0.8286530284849802 1567
15671 0.8286762221055388 1567.1
15672 0.828697620299602 1567.2
15673 0.8287193000952233 1567.3
15674 0.8287412572650005 1567.4
15675 0.8287634851124202 1567.5
15676 0.8287844925331621 1567.6
15677 0.8288056810324541 1567.7
15678 0.8288271684697512 1567.8
15679 0.8288489320005257 1567.9
15680 0.8288709632293243 1568
15681 0.828893314960275 1568.1
15682 0.8289160070304905 1568.2
15683 0.8289390369844991 1568.3
15684 0.8289606001150381 1568.4
15685 0.8289819627883966 1568.5
15686 0.829003551298245 1568.6
15687 0.8290253631092184 1568.7
15688 0.8290473860319325 1568.8
15689 0.8290695803006114 1568.9
15690 0.8290918852541779 1569
15691 0.8291143272942619 1569.1
15692 0.8291369126740973 1569.2
15693 0.8291596486526251 1569.3
15694 0.8291825384552081 1569.4
15695 0.8292055415476004 1569.5
15696 0.8292286773262354 1569.6
15697 0.8292507201831698 1569.7
15698 0.8292726175034683 1569.8
15699 0.8292946040063368 1569.9
15700 0.8293166442854374 1570
15701 0.8293380257206781 1570.1
15702 0.8293592522763601 1570.2
15703 0.8293805596821473 1570.3
15704 0.8294019321723829 1570.4
15705 0.8294233630680289 1570.5
15706 0.8294448527683699 1570.6
15707 0.8294664039075572 1570.7
15708 0.8294880189870301 1570.8
15709 0.829509621858983 1570.9
15710 0.8295312742223455 1571
15711 0.8295529871750656 1571.1
15712 0.8295747653321492 1571.2
15713 0.8295966112831216 1571.3
15714 0.8296185263478176 1571.4
15715 0.8296405095301284 1571.5
15716 0.8296625551042062 1571.6
15717 0.8296839932129256 1571.7
15718 0.8297051405796236 1571.8
15719 0.829726341755091 1571.9
15720 0.8297472135497145 1572
15721 0.8297680696438556 1572.1
15722 0.8297889952222109 1572.2
15723 0.8298099948754691 1572.3
15724 0.8298310820304322 1572.4
15725 0.8298522565660335 1572.5
15726 0.8298735481259336 1572.6
15727 0.8298949724587349 1572.7
15728 0.8299165524282457 1572.8
15729 0.8299383144277327 1572.9
15730 0.8299602733896911 1573
15731 0.8299819942032209 1573.1
15732 0.8300035082128282 1573.2
15733 0.8300253060192455 1573.3
15734 0.830047415230509 1573.4
15735 0.830069861433408 1573.5
15736 0.8300926699824042 1573.6
15737 0.8301158645862001 1573.7
15738 0.830138508543143 1573.8
15739 0.8301610062272854 1573.9
15740 0.8301838667189056 1574
15741 0.8302070817717895 1574.1
15742 0.8302306360976659 1574.2
15743 0.8302545055448303 1574.3
15744 0.8302786638915751 1574.4
15745 0.8303030830982218 1574.5
15746 0.8303277238994197 1574.6
15747 0.8303525275933255 1574.7
15748 0.8303774632210661 1574.8
15749 0.8304024840941141 1574.9
15750 0.8304275609407797 1575
15751 0.830452682125071 1575.1
15752 0.8304778433143847 1575.2
15753 0.8305030414049919 1575.3
15754 0.8305282824874652 1575.4
15755 0.8305535509810065 1575.5
15756 0.8305787725796439 1575.6
15757 0.8306038682023994 1575.7
15758 0.8306280061607413 1575.8
15759 0.830652119923178 1575.9
15760 0.8306762004170646 1576
15761 0.8307002334903969 1576.1
15762 0.8307242102438647 1576.2
15763 0.8307481265946843 1576.3
15764 0.8307719665866077 1576.4
15765 0.8307957153992009 1576.5
15766 0.8308193543733277 1576.6
15767 0.8308428582255466 1576.7
15768 0.8308662080160831 1576.8
15769 0.8308892768527089 1576.9
15770 0.8309121745535116 1577
15771 0.8309349762308963 1577.1
15772 0.8309577182965159 1577.2
15773 0.8309804300897233 1577.3
15774 0.8310031204646379 1577.4
15775 0.8310258247436827 1577.5
15776 0.8310485880323736 1577.6
15777 0.8310714485019783 1577.7
15778 0.8310944381816927 1577.8
15779 0.8311175839397345 1577.9
15780 0.8311409088007519 1578
15781 0.8311644335017292 1578.1
15782 0.8311881755304437 1578.2
15783 0.8312121442905345 1578.3
15784 0.8312361931688795 1578.4
15785 0.8312603206290287 1578.5
15786 0.8312846754571204 1578.6
15787 0.8313086980641793 1578.7
15788 0.8313321003935936 1578.8
15789 0.8313556705137412 1578.9
15790 0.831379382759973 1579
15791 0.831403210394128 1579.1
15792 0.8314271235246098 1579.2
15793 0.831450007982124 1579.3
15794 0.8314728387748745 1579.4
15795 0.8314957835697948 1579.5
15796 0.8315188348423093 1579.6
15797 0.8315419900991532 1579.7
15798 0.8315652557236086 1579.8
15799 0.8315886440834644 1579.9
15800 0.831612156541 1580
15801 0.8316358095860461 1580.1
15802 0.8316596280730735 1580.2
15803 0.8316836303988349 1580.3
15804 0.8317061487710556 1580.4
15805 0.8317263602925707 1580.5
15806 0.8317468848523519 1580.6
15807 0.8317677145760567 1580.7
15808 0.8317888381587214 1580.8
15809 0.8318102386203614 1580.9
15810 0.8318318844539556 1581
15811 0.8318537346994638 1581.1
15812 0.8318757432113379 1581.2
15813 0.8318978742311984 1581.3
15814 0.8319200947538785 1581.4
15815 0.8319423756235607 1581.5
15816 0.8319646714221877 1581.6
15817 0.8319869823968761 1581.7
15818 0.8320092824050873 1581.8
15819 0.8320315971784188 1581.9
15820 0.8320539533650811 1582
15821 0.8320763366875024 1582.1
15822 0.8320987725586501 1582.2
15823 0.8321213277599852 1582.3
15824 0.83214388231198 1582.4
15825 0.8321665605537998 1582.5
15826 0.8321892848638037 1582.6
15827 0.8322121264872023 1582.7
15828 0.8322351207934225 1582.8
15829 0.8322576146803973 1582.9
15830 0.8322803240231671 1583
15831 0.8323032049332449 1583.1
15832 0.8323263209772604 1583.2
15833 0.8323496934261571 1583.3
15834 0.8323733424951667 1583.4
15835 0.832396511928218 1583.5
15836 0.8324177948548684 1583.6
15837 0.8324388030232782 1583.7
15838 0.8324600560421381 1583.8
15839 0.8324815212155815 1583.9
15840 0.8325022466131347 1584
15841 0.8325228836549783 1584.1
15842 0.8325437040514179 1584.2
15843 0.8325646621372509 1584.3
15844 0.832585723532865 1584.4
15845 0.8326068527137342 1584.5
15846 0.832628025392171 1584.6
15847 0.8326492290619646 1584.7
15848 0.8326704609339178 1584.8
15849 0.8326917123226667 1584.9
15850 0.8327129504421792 1585
15851 0.8327341758649501 1585.1
15852 0.8327554160895961 1585.2
15853 0.8327767453044889 1585.3
15854 0.8327982125359239 1585.4
15855 0.8328198414740041 1585.5
15856 0.8328416410281795 1585.6
15857 0.8328636207045508 1585.7
15858 0.8328857590698869 1585.8
15859 0.8329080844671922 1585.9
15860 0.832930622989994 1586
15861 0.8329533884435647 1586.1
15862 0.8329760471841007 1586.2
15863 0.8329988029046996 1586.3
15864 0.8330200807579355 1586.4
15865 0.8330415944032019 1586.5
15866 0.8330633333284382 1586.6
15867 0.8330852844021711 1586.7
15868 0.8331073149927452 1586.8
15869 0.8331294803088586 1586.9
15870 0.8331517848716222 1587
15871 0.8331741978366132 1587.1
15872 0.8331967093092573 1587.2
15873 0.8332193123627701 1587.3
15874 0.8332420125336037 1587.4
15875 0.833264821108082 1587.5
15876 0.8332877141286513 1587.6
15877 0.8333106826917178 1587.7
15878 0.8333337539788758 1587.8
15879 0.8333569450064024 1587.9
15880 0.8333802655511322 1588
15881 0.8334031784029157 1588.1
15882 0.8334255044459667 1588.2
15883 0.833447955816222 1588.3
15884 0.8334705286386479 1588.4
15885 0.8334932224196471 1588.5
15886 0.8335160129312853 1588.6
15887 0.8335388720219538 1588.7
15888 0.8335612189798118 1588.8
15889 0.8335837372602106 1588.9
15890 0.8336064415184882 1589
15891 0.8336293255985492 1589.1
15892 0.8336523948821374 1589.2
15893 0.833675648141187 1589.3
15894 0.8336987748527761 1589.4
15895 0.8337219254349572 1589.5
15896 0.833745227370014 1589.6
15897 0.833768690545201 1589.7
15898 0.8337923258067229 1589.8
15899 0.8338161402735174 1589.9
15900 0.83384013599089 1590
15901 0.8338643097230044 1590.1
15902 0.8338886553903502 1590.2
15903 0.8339131692193992 1590.3
15904 0.8339378456546622 1590.4
15905 0.8339626812617162 1590.5
15906 0.8339876714656239 1590.6
15907 0.8340128183706117 1590.7
15908 0.8340381258599241 1590.8
15909 0.834063609512901 1590.9
15910 0.8340892839047429 1591
15911 0.8341141712473094 1591.1
15912 0.8341389520723469 1591.2
15913 0.8341638599589482 1591.3
15914 0.8341889154565995 1591.4
15915 0.8342141294408176 1591.5
15916 0.8342393715788795 1591.6
15917 0.8342638521469729 1591.7
15918 0.83428823271567 1591.8
15919 0.8343127488469813 1591.9
15920 0.8343373608532982 1592
15921 0.8343620294966277 1592.1
15922 0.8343867008620277 1592.2
15923 0.8344113349169179 1592.3
15924 0.834435897720494 1592.4
15925 0.8344603589879144 1592.5
15926 0.8344846907788362 1592.6
15927 0.8345087595652726 1592.7
15928 0.8345323370425597 1592.8
15929 0.8345548405057337 1592.9
15930 0.8345772177689003 1593
15931 0.8345988661424657 1593.1
15932 0.8346203433814675 1593.2
15933 0.8346417164368796 1593.3
15934 0.8346629912416794 1593.4
15935 0.8346841771738535 1593.5
15936 0.8347052855070767 1593.6
15937 0.8347263310748142 1593.7
15938 0.8347473299374937 1593.8
15939 0.8347683007326104 1593.9
15940 0.8347885353756054 1594
15941 0.8348071849715666 1594.1
15942 0.8348260292020185 1594.2
15943 0.8348450689775075 1594.3
15944 0.8348643082772224 1594.4
15945 0.8348837530609917 1594.5
15946 0.8349034084981189 1594.6
15947 0.834923280321573 1594.7
15948 0.8349433730457823 1594.8
15949 0.8349632509920444 1594.9
15950 0.8349832983119871 1595
15951 0.8350036008800302 1595.1
15952 0.8350241638913476 1595.2
15953 0.8350449913878667 1595.3
15954 0.8350660873462782 1595.4
15955 0.8350874563998378 1595.5
15956 0.8351091019511101 1595.6
15957 0.8351310257788963 1595.7
15958 0.8351532240270927 1595.8
15959 0.8351756677726291 1595.9
15960 0.8351983313919978 1596
15961 0.8352211738016516 1596.1
15962 0.8352438202949757 1596.2
15963 0.8352666501322731 1596.3
15964 0.8352896763816923 1596.4
15965 0.835312709319539 1596.5
15966 0.8353359749965912 1596.6
15967 0.8353595137392616 1596.7
15968 0.8353822717469451 1596.8
15969 0.8354049769671685 1596.9
15970 0.8354278667142401 1597
15971 0.8354509915812451 1597.1
15972 0.8354738464505966 1597.2
15973 0.8354961708630788 1597.3
15974 0.8355186631983348 1597.4
15975 0.8355412624568884 1597.5
15976 0.8355639049129141 1597.6
15977 0.8355865247555475 1597.7
15978 0.835609078447373 1597.8
15979 0.8356315434538512 1597.9
15980 0.8356539122870463 1598
15981 0.8356761873155348 1598.1
15982 0.8356983764727757 1598.2
15983 0.8357204608288415 1598.3
15984 0.8357424723769787 1598.4
15985 0.8357640909019172 1598.5
15986 0.8357847365976772 1598.6
15987 0.8358055568485531 1598.7
15988 0.8358265803567386 1598.8
15989 0.8358466525290006 1598.9
15990 0.8358666696181303 1599
15991 0.8358869110177741 1599.1
15992 0.8359073875239339 1599.2
15993 0.8359280155597614 1599.3
15994 0.8359488549718627 1599.4
15995 0.8359699436214103 1599.5
15996 0.8359912755661172 1599.6
15997 0.8360128410829982 1599.7
15998 0.8360346260850842 1599.8
15999 0.8360565968531679 1599.9
16000 0.8360787406993079 1600
16001 0.8361010319957873 1600.1
16002 0.8361234125084294 1600.2
16003 0.8361458519141863 1600.3
16004 0.8361683321978001 1600.4
16005 0.8361908412624699 1600.5
16006 0.8362133633067 1600.6
16007 0.8362348968253782 1600.7
16008 0.8362561964483619 1600.8
16009 0.8362775472884567 1600.9
16010 0.836298949422265 1601
16011 0.8363203074591524 1601.1
16012 0.8363415185540792 1601.2
16013 0.8363628456088107 1601.3
16014 0.8363842929603954 1601.4
16015 0.8364058477459148 1601.5
16016 0.8364275176147249 1601.6
16017 0.8364493221823084 1601.7
16018 0.8364712765837181 1601.8
16019 0.8364934102371403 1601.9
16020 0.8365157518831766 1602
16021 0.8365383288812673 1602.1
16022 0.836561166473292 1602.2
16023 0.8365842774024839 1602.3
16024 0.8366076763553943 1602.4
16025 0.8366313708895057 1602.5
16026 0.8366553194669452 1602.6
16027 0.8366781752428455 1602.7
16028 0.8367013511251615 1602.8
16029 0.8367248551717482 1602.9
16030 0.8367485260223603 1603
16031 0.8367722751023359 1603.1
16032 0.8367959941526423 1603.2
16033 0.8368184961506479 1603.3
16034 0.8368411743728623 1603.4
16035 0.836864015559084 1603.5
16036 0.836886954026397 1603.6
16037 0.8369100078066031 1603.7
16038 0.8369331511928323 1603.8
16039 0.8369563618065959 1603.9
16040 0.8369796037868474 1604
16041 0.8370028102303697 1604.1
16042 0.8370259494319882 1604.2
16043 0.8370490164337742 1604.3
16044 0.8370720149626517 1604.4
16045 0.8370948185373952 1604.5
16046 0.8371175538522613 1604.6
16047 0.8371402642129574 1604.7
16048 0.8371629225401354 1604.8
16049 0.8371855459773573 1604.9
16050 0.837208172268309 1605
16051 0.8372308373818022 1605.1
16052 0.8372535752555971 1605.2
16053 0.8372764177653267 1605.3
16054 0.8372993960843087 1605.4
16055 0.8373225407390184 1605.5
16056 0.8373458836408108 1605.6
16057 0.8373694562392133 1605.7
16058 0.8373932034654497 1605.8
16059 0.837416482385396 1605.9
16060 0.8374399179357328 1606
16061 0.8374634981951193 1606.1
16062 0.8374871888975901 1606.2
16063 0.8375109679018867 1606.3
16064 0.8375348704438409 1606.4
16065 0.837558897548731 1606.5
16066 0.8375830532519298 1606.6
16067 0.8376073383746863 1606.7
16068 0.837631749668688 1606.8
16069 0.8376552192386161 1606.9
16070 0.8376780533823895 1607
16071 0.8377005843967764 1607.1
16072 0.8377232483796117 1607.2
16073 0.8377460336478513 1607.3
16074 0.8377689261514818 1607.4
16075 0.8377918983756293 1607.5
16076 0.8378149373070419 1607.6
16077 0.8378380406687916 1607.7
16078 0.8378611888131844 1607.8
16079 0.8378843742122853 1607.9
16080 0.8379063915589013 1608
16081 0.8379272667748766 1608.1
16082 0.8379480815778378 1608.2
16083 0.8379688126602908 1608.3
16084 0.837989685951827 1608.4
16085 0.8380105005638937 1608.5
16086 0.838030619957143 1608.6
16087 0.8380508290998464 1608.7
16088 0.8380711362970874 1608.8
16089 0.8380915471911166 1608.9
16090 0.8381120812864766 1609
16091 0.838132736424665 1609.1
16092 0.8381535163738709 1609.2
16093 0.8381744302641345 1609.3
16094 0.8381954044779547 1609.4
16095 0.8382164430377878 1609.5
16096 0.8382376636593728 1609.6
16097 0.8382590868896176 1609.7
16098 0.8382807265264853 1609.8
16099 0.8383025997920146 1609.9
16100 0.838324722002104 1610
16101 0.8383470950154863 1610.1
16102 0.8383683713968781 1610.2
16103 0.8383894783465209 1610.3
16104 0.8384107931199412 1610.4
16105 0.8384322914799336 1610.5
16106 0.8384539429549571 1610.6
16107 0.8384757292828958 1610.7
16108 0.8384976383136825 1610.8
16109 0.8385196458552039 1610.9
16110 0.8385417318944859 1611
16111 0.8385638818067731 1611.1
16112 0.8385860497427496 1611.2
16113 0.8386081734227367 1611.3
16114 0.8386295466077689 1611.4
16115 0.8386508187530175 1611.5
16116 0.8386719785185204 1611.6
16117 0.8386930320435179 1611.7
16118 0.838713996488923 1611.8
16119 0.8387348969376041 1611.9
16120 0.8387557608166029 1612
16121 0.8387766190829636 1612.1
16122 0.8387974022607673 1612.2
16123 0.8388181845228085 1612.3
16124 0.838839069117543 1612.4
16125 0.8388600643360623 1612.5
16126 0.8388810733426221 1612.6
16127 0.838901929552251 1612.7
16128 0.8389229046173845 1612.8
16129 0.8389439975266246 1612.9
16130 0.8389652298322112 1613
16131 0.8389866227625536 1613.1
16132 0.8390081947398854 1613.2
16133 0.8390299627721181 1613.3
16134 0.8390519524867625 1613.4
16135 0.8390739620068759 1613.5
16136 0.8390952764831781 1613.6
16137 0.8391162487058542 1613.7
16138 0.8391369021274836 1613.8
16139 0.8391578556856051 1613.9
16140 0.8391790978858857 1614
16141 0.8392006153491159 1614.1
16142 0.8392223946348506 1614.2
16143 0.8392444252161732 1614.3
16144 0.8392666973858965 1614.4
16145 0.8392891977911764 1614.5
16146 0.8393110209916271 1614.6
16147 0.8393322902085339 1614.7
16148 0.8393537847018121 1614.8
16149 0.8393755186187656 1614.9
16150 0.8393975018225247 1615
16151 0.8394197163769771 1615.1
16152 0.8394421411004096 1615.2
16153 0.8394648011081638 1615.3
16154 0.8394877112202659 1615.4
16155 0.8395108814893941 1615.5
16156 0.8395343123873685 1615.6
16157 0.8395579857520586 1615.7
16158 0.839581884568679 1615.8
16159 0.8396059800677134 1615.9
16160 0.8396302257721922 1616
16161 0.8396544751041176 1616.1
16162 0.8396776340405865 1616.2
16163 0.839699742440825 1616.3
16164 0.8397218966302658 1616.4
16165 0.8397440540432876 1616.5
16166 0.8397661775869825 1616.6
16167 0.8397882442441729 1616.7
16168 0.839810203077557 1616.8
16169 0.8398320128896037 1616.9
16170 0.8398537446916466 1617
16171 0.8398754263839565 1617.1
16172 0.8398970899416142 1617.2
16173 0.8399187777977513 1617.3
16174 0.8399404154649378 1617.4
16175 0.8399620094090879 1617.5
16176 0.8399835742070078 1617.6
16177 0.8400051260069593 1617.7
16178 0.8400266771127396 1617.8
16179 0.8400482340192371 1617.9
16180 0.8400698018874586 1618
16181 0.8400913813187012 1618.1
16182 0.8401129747267378 1618.2
16183 0.8401345839197669 1618.3
16184 0.8401562027650396 1618.4
16185 0.8401778303809546 1618.5
16186 0.8401994542926291 1618.6
16187 0.8402210873908375 1618.7
16188 0.8402427449900564 1618.8
16189 0.840264428296437 1618.9
16190 0.8402861375748645 1619
16191 0.8403078830658834 1619.1
16192 0.8403296766129583 1619.2
16193 0.8403515159811173 1619.3
16194 0.8403734083610217 1619.4
16195 0.840395372154735 1619.5
16196 0.8404174195547209 1619.6
16197 0.8404395537411097 1619.7
16198 0.8404617999949973 1619.8
16199 0.8404841833967504 1619.9
16200 0.8405067235613655 1620
16201 0.8405294199308557 1620.1
16202 0.8405523233252402 1620.2
16203 0.8405754566050267 1620.3
16204 0.8405987770166208 1620.4
16205 0.840622236892313 1620.5
16206 0.8406452480741651 1620.6
16207 0.8406679898435498 1620.7
16208 0.8406909169378756 1620.8
16209 0.8407140108841094 1620.9
16210 0.8407372527281772 1621
16211 0.8407606181812913 1621.1
16212 0.8407840815451137 1621.2
16213 0.8408065234008836 1621.3
16214 0.8408291038994474 1621.4
16215 0.8408518168967687 1621.5
16216 0.840874639427806 1621.6
16217 0.840897556715945 1621.7
16218 0.8409205614289132 1621.8
16219 0.8409436545287291 1621.9
16220 0.8409668430445361 1622
16221 0.8409900962331697 1622.1
16222 0.8410134234195321 1622.2
16223 0.841036882721535 1622.3
16224 0.8410587226251712 1622.4
16225 0.8410803497200616 1622.5
16226 0.8411023710992545 1622.6
16227 0.8411248174944069 1622.7
16228 0.8411476376039189 1622.8
16229 0.8411687102492985 1622.9
16230 0.8411884019635858 1623
16231 0.8412084256146903 1623.1
16232 0.8412287517864702 1623.2
16233 0.8412493438138344 1623.3
16234 0.841270137196132 1623.4
16235 0.8412910254770251 1623.5
16236 0.8413120167231455 1623.6
16237 0.841333092020205 1623.7
16238 0.8413541807306572 1623.8
16239 0.8413751723571555 1623.9
16240 0.8413961760377284 1624
16241 0.8414171745848663 1624.1
16242 0.8414381664956495 1624.2
16243 0.84145914540091 1624.3
16244 0.841480095881855 1624.4
16245 0.8415010056794107 1624.5
16246 0.8415218969321357 1624.6
16247 0.8415427969825188 1624.7
16248 0.8415637016847713 1624.8
16249 0.8415845853199871 1624.9
16250 0.8416054763911127 1625
16251 0.841626401062831 1625.1
16252 0.8416473779485619 1625.2
16253 0.841668427816778 1625.3
16254 0.8416895491313435 1625.4
16255 0.8417107542971779 1625.5
16256 0.8417320554478115 1625.6
16257 0.8417534639221403 1625.7
16258 0.8417749470249464 1625.8
16259 0.841796509833252 1625.9
16260 0.8418182465587076 1626
16261 0.8418401607960692 1626.1
16262 0.8418622517371939 1626.2
16263 0.8418845260506996 1626.3
16264 0.8419069821891467 1626.4
16265 0.8419295103289887 1626.5
16266 0.8419521098713428 1626.6
16267 0.8419742126256626 1626.7
16268 0.841995850479265 1626.8
16269 0.8420175081053931 1626.9
16270 0.8420390789726023 1627
16271 0.8420605594047897 1627.1
16272 0.8420820310790198 1627.2
16273 0.8421035177616399 1627.3
16274 0.8421250538453119 1627.4
16275 0.8421464840167638 1627.5
16276 0.8421679812345322 1627.6
16277 0.8421896000756177 1627.7
16278 0.8422113490073749 1627.8
16279 0.842233254933953 1627.9
16280 0.8422553404909022 1628
16281 0.8422768162959896 1628.1
16282 0.8422976515738867 1628.2
16283 0.8423186300560449 1628.3
16284 0.8423397540480899 1628.4
16285 0.8423610034413883 1628.5
16286 0.8423823615456265 1628.6
16287 0.8424038007152249 1628.7
16288 0.8424242166202833 1628.8
16289 0.842444539168535 1628.9
16290 0.8424650046621502 1629
16291 0.8424855965042417 1629.1
16292 0.8425063053211963 1629.2
16293 0.8425271130052546 1629.3
16294 0.8425476659681352 1629.4
16295 0.8425682089178236 1629.5
16296 0.8425888989354915 1629.6
16297 0.8426097570612863 1629.7
16298 0.8426308034954207 1629.8
16299 0.8426520580015523 1629.9
16300 0.8426735334600217 1630
16301 0.8426952435033556 1630.1
16302 0.8427172111315473 1630.2
16303 0.8427394609225263 1630.3
16304 0.8427620066285311 1630.4
16305 0.8427848789067879 1630.5
16306 0.8428079692815821 1630.6
16307 0.8428304617808144 1630.7
16308 0.8428522488470196 1630.8
16309 0.8428732065446783 1630.9
16310 0.8428940891340823 1631
16311 0.8429152856812484 1631.1
16312 0.8429367533040146 1631.2
16313 0.8429584365662943 1631.3
16314 0.8429803072131454 1631.4
16315 0.8430023454075311 1631.5
16316 0.8430245376713376 1631.6
16317 0.8430468622743569 1631.7
16318 0.8430692905758758 1631.8
16319 0.8430917885142009 1631.9
16320 0.8431143662536585 1632
16321 0.8431370285585823 1632.1
16322 0.84315976532519 1632.2
16323 0.8431824981221759 1632.3
16324 0.8432051147310724 1632.4
16325 0.8432276150485503 1632.5
16326 0.8432500536351378 1632.6
16327 0.8432724204517723 1632.7
16328 0.8432947093649724 1632.8
16329 0.8433169180339767 1632.9
16330 0.8433390511058623 1633
16331 0.8433611179630157 1633.1
16332 0.8433831044233279 1633.2
16333 0.8434050059006959 1633.3
16334 0.8434268162392853 1633.4
16335 0.843448550494311 1633.5
16336 0.8434702200387421 1633.6
16337 0.8434918591594558 1633.7
16338 0.8435134728320893 1633.8
16339 0.8435350533302575 1633.9
16340 0.8435566050049597 1634
16341 0.843578146998698 1634.1
16342 0.8435997004538711 1634.2
16343 0.843621287106228 1634.3
16344 0.8436428954823292 1634.4
16345 0.8436645495517433 1634.5
16346 0.8436863102389661 1634.6
16347 0.8437081956021601 1634.7
16348 0.843730222611325 1634.8
16349 0.8437524063776682 1634.9
16350 0.843774760649503 1635
16351 0.8437972950728857 1635.1
16352 0.8438200169924789 1635.2
16353 0.8438429212055316 1635.3
16354 0.8438660027310229 1635.4
16355 0.8438892551679046 1635.5
16356 0.8439117292557431 1635.6
16357 0.8439336139727412 1635.7
16358 0.8439555904473565 1635.8
16359 0.8439776167718871 1635.9
16360 0.8439987583227968 1636
16361 0.8440197126093181 1636.1
16362 0.844040726267219 1636.2
16363 0.8440617686463044 1636.3
16364 0.8440828160979572 1636.4
16365 0.8441038491570523 1636.5
16366 0.8441248538528802 1636.6
16367 0.8441458058416395 1636.7
16368 0.8441666944350178 1636.8
16369 0.84418753566859 1636.9
16370 0.8442083447181636 1637
16371 0.8442272094864377 1637.1
16372 0.844245836592876 1637.2
16373 0.844264589318466 1637.3
16374 0.8442834175106068 1637.4
16375 0.8443024660574284 1637.5
16376 0.8443217469106855 1637.6
16377 0.8443412726029781 1637.7
16378 0.8443610535986251 1637.8
16379 0.8443811019251123 1637.9
16380 0.844401433162323 1638
16381 0.8444220640306848 1638.1
16382 0.8444430131042737 1638.2
16383 0.8444643013543531 1638.3
16384 0.8444859508678342 1638.4
16385 0.8445079840513243 1638.5
16386 0.8445295800132244 1638.6
16387 0.8445499732047227 1638.7
16388 0.8445706836007243 1638.8
16389 0.8445917154779293 1638.9
16390 0.8446130634747794 1639
16391 0.8446347159929284 1639.1
16392 0.8446566620193475 1639.2
16393 0.8446788705831549 1639.3
16394 0.8447013001047019 1639.4
16395 0.8447239666107303 1639.5
16396 0.8447468569063806 1639.6
16397 0.8447699651834097 1639.7
16398 0.844793160411879 1639.8
16399 0.8448157619930655 1639.9
16400 0.8448384939106152 1640
16401 0.8448613114587973 1640.1
16402 0.8448842142621351 1640.2
16403 0.8449071754314847 1640.3
16404 0.8449301615797679 1640.4
16405 0.8449531108246117 1640.5
16406 0.8449759732788208 1640.6
16407 0.8449979989178769 1640.7
16408 0.8450197816390245 1640.8
16409 0.845041485699756 1640.9
16410 0.8450631005875514 1641
16411 0.845084630094199 1641.1
16412 0.8451060795607565 1641.2
16413 0.8451274677244265 1641.3
16414 0.8451488005682921 1641.4
16415 0.845170089647389 1641.5
16416 0.8451913403141889 1641.6
16417 0.8452122772070062 1641.7
16418 0.8452332295315141 1641.8
16419 0.8452542295834889 1641.9
16420 0.8452752932263624 1642
16421 0.8452963581710938 1642.1
16422 0.8453173722074074 1642.2
16423 0.8453383704049305 1642.3
16424 0.8453593290645792 1642.4
16425 0.8453802200393578 1642.5
16426 0.8454010348089142 1642.6
16427 0.8454217852452188 1642.7
16428 0.8454424919933012 1642.8
16429 0.8454632072870927 1642.9
16430 0.845483963907983 1643
16431 0.8455047770934973 1643.1
16432 0.8455256603165742 1643.2
16433 0.8455466333591823 1643.3
16434 0.8455677132378674 1643.4
16435 0.8455889004577825 1643.5
16436 0.8456102034152222 1643.6
16437 0.8456316226429206 1643.7
16438 0.8456531623434147 1643.8
16439 0.8456748157755094 1643.9
16440 0.8456965769993565 1644
16441 0.8457177232157902 1644.1
16442 0.8457370668074516 1644.2
16443 0.8457558265645888 1644.3
16444 0.8457748156977091 1644.4
16445 0.8457939917504828 1644.5
16446 0.8458133172295457 1644.6
16447 0.8458327658638476 1644.7
16448 0.8458523204956644 1644.8
16449 0.8458719688469369 1644.9
16450 0.8458917017730021 1645
16451 0.8459114905138447 1645.1
16452 0.8459313398768189 1645.2
16453 0.8459512639345539 1645.3
16454 0.8459712750495326 1645.4
16455 0.8459913836689654 1645.5
16456 0.8460116002420885 1645.6
16457 0.8460319352504457 1645.7
16458 0.8460523996852488 1645.8
16459 0.8460730059215792 1645.9
16460 0.8460937665821849 1646
16461 0.8461146582724748 1646.1
16462 0.8461357256709608 1646.2
16463 0.8461570151836575 1646.3
16464 0.8461785495193247 1646.4
16465 0.8462003522971033 1646.5
16466 0.8462224447031657 1646.6
16467 0.8462445827194623 1646.7
16468 0.8462656855102919 1646.8
16469 0.8462870109936603 1646.9
16470 0.8463084390464061 1647
16471 0.8463297000580741 1647.1
16472 0.8463512022646155 1647.2
16473 0.8463729151788179 1647.3
16474 0.8463948132006068 1647.4
16475 0.8464168798575308 1647.5
16476 0.8464391016273233 1647.6
16477 0.8464614692672883 1647.7
16478 0.8464839843045205 1647.8
16479 0.846506642418082 1647.9
16480 0.8465292453333761 1648
16481 0.8465518197814847 1648.1
16482 0.8465740320081685 1648.2
16483 0.8465963779942589 1648.3
16484 0.8466188681897032 1648.4
16485 0.8466415058058107 1648.5
16486 0.8466642825148825 1648.6
16487 0.8466871816999296 1648.7
16488 0.846710177114347 1648.8
16489 0.8467332160852223 1648.9
16490 0.8467562580808028 1649
16491 0.8467792629522199 1649.1
16492 0.8468022077730948 1649.2
16493 0.8468250584718754 1649.3
16494 0.846847765228544 1649.4
16495 0.8468702791604389 1649.5
16496 0.846892604675721 1649.6
16497 0.8469147569667951 1649.7
16498 0.8469367555003184 1649.8
16499 0.8469586220880889 1649.9
16500 0.846980333101736 1650
16501 0.8470019200989333 1650.1
16502 0.847023409862754 1650.2
16503 0.8470448058280022 1650.3
16504 0.8470661521221963 1650.4
16505 0.8470874548022715 1650.5
16506 0.8471087150224271 1650.6
16507 0.8471299304126561 1650.7
16508 0.8471510942947462 1650.8
16509 0.8471722022246152 1650.9
16510 0.8471923748708371 1651
16511 0.8472122541233584 1651.1
16512 0.8472321782899193 1651.2
16513 0.8472518449427895 1651.3
16514 0.8472714890999056 1651.4
16515 0.8472911893427073 1651.5
16516 0.8473109360371077 1651.6
16517 0.8473307229931589 1651.7
16518 0.8473505470980582 1651.8
16519 0.847370409302914 1651.9
16520 0.8473901938423597 1652
16521 0.8474078559805113 1652.1
16522 0.84742566155115 1652.2
16523 0.8474436848681394 1652.3
16524 0.8474619296433702 1652.4
16525 0.8474803992059059 1652.5
16526 0.8474990964685815 1652.6
16527 0.8475180237209463 1652.7
16528 0.8475371795860288 1652.8
16529 0.8475565597357873 1652.9
16530 0.8475761671667956 1653
16531 0.8475960038094736 1653.1
16532 0.8476160674191042 1653.2
16533 0.847636359238837 1653.3
16534 0.8476568790846846 1653.4
16535 0.8476776237905264 1653.5
16536 0.8476985798316982 1653.6
16537 0.8477197403876824 1653.7
16538 0.8477410981239625 1653.8
16539 0.8477626414617826 1653.9
16540 0.8477843535292818 1654
16541 0.847805264351712 1654.1
16542 0.8478258474616479 1654.2
16543 0.8478465847974667 1654.3
16544 0.8478669665491319 1654.4
16545 0.847887293199007 1654.5
16546 0.8479077329848921 1654.6
16547 0.8479283086297563 1654.7
16548 0.8479490167326363 1654.8
16549 0.8479693742522928 1654.9
16550 0.8479898460746425 1655
16551 0.848010510685837 1655.1
16552 0.8480313759231589 1655.2
16553 0.8480524569670834 1655.3
16554 0.8480735765728784 1655.4
16555 0.8480936865441552 1655.5
16556 0.8481139469851317 1655.6
16557 0.8481343904044312 1655.7
16558 0.8481550361154536 1655.8
16559 0.848175875677572 1655.9
16560 0.8481969055563129 1656
16561 0.8482181169195376 1656.1
16562 0.8482395031417872 1656.2
16563 0.8482610635067633 1656.3
16564 0.848282798668022 1656.4
16565 0.8483047272934443 1656.5
16566 0.8483268739926477 1656.6
16567 0.8483492626705516 1656.7
16568 0.8483715441029211 1656.8
16569 0.8483934721423526 1656.9
16570 0.8484156494050533 1657
16571 0.8484380895237422 1657.1
16572 0.8484607984897093 1657.2
16573 0.848483770630581 1657.3
16574 0.8485070021497033 1657.4
16575 0.8485304644059506 1657.5
16576 0.848554119657568 1657.6
16577 0.848577543606811 1657.7
16578 0.8486005574370793 1657.8
16579 0.8486234451069472 1657.9
16580 0.8486461278764511 1658
16581 0.8486685614327339 1658.1
16582 0.8486902795051235 1658.2
16583 0.848711388586725 1658.3
16584 0.8487322748740425 1658.4
16585 0.8487529649614175 1658.5
16586 0.848773461247863 1658.6
16587 0.8487937737136138 1658.7
16588 0.8488138978634256 1658.8
16589 0.8488338458255543 1658.9
16590 0.8488536556565518 1659
16591 0.848873363704035 1659.1
16592 0.8488929671205393 1659.2
16593 0.8489125025812838 1659.3
16594 0.8489320070021033 1659.4
16595 0.8489514960081981 1659.5
16596 0.8489709920540427 1659.6
16597 0.8489905032852738 1659.7
16598 0.8490099363725873 1659.8
16599 0.8490278267767623 1659.9
16600 0.8490458340640153 1660
16601 0.8490640225683582 1660.1
16602 0.8490823780066848 1660.2
16603 0.8491008886693183 1660.3
16604 0.8491195451450503 1660.4
16605 0.8491383327276342 1660.5
16606 0.8491572460131506 1660.6
16607 0.8491762830079995 1660.7
16608 0.8491954418884529 1660.8
16609 0.8492147180296515 1660.9
16610 0.8492341044489776 1661
16611 0.8492535994814577 1661.1
16612 0.8492732020173316 1661.2
16613 0.8492929113173157 1661.3
16614 0.8493127270404068 1661.4
16615 0.8493326495623877 1661.5
16616 0.8493526800518676 1661.6
16617 0.8493728206123274 1661.7
16618 0.849393074376291 1661.8
16619 0.8494134454458253 1661.9
16620 0.8494339387987244 1662
16621 0.8494545588235397 1662.1
16622 0.8494753098229185 1662.2
16623 0.8494961269278548 1662.3
16624 0.8495170212108963 1662.4
16625 0.8495380556685812 1662.5
16626 0.849559209412 1662.6
16627 0.8495804759872745 1662.7
16628 0.8496018575031398 1662.8
16629 0.8496233548392934 1662.9
16630 0.8496449617315918 1663
16631 0.8496666559862531 1663.1
16632 0.8496883983230875 1663.2
16633 0.8497101941661308 1663.3
16634 0.8497320447371295 1663.4
16635 0.8497539472641535 1663.5
16636 0.8497759016987144 1663.6
16637 0.8497979089858297 1663.7
16638 0.8498199619600522 1663.8
16639 0.8498420358239169 1663.9
16640 0.8498641364503245 1664
16641 0.8498862791949144 1664.1
16642 0.8499084835134173 1664.2
16643 0.8499307652673146 1664.3
16644 0.8499531381685381 1664.4
16645 0.8499756266112327 1664.5
16646 0.8499982419749492 1664.6
16647 0.8500207418817969 1664.7
16648 0.8500429659214824 1664.8
16649 0.8500654251119694 1664.9
16650 0.8500881415868097 1665
16651 0.850111137672722 1665.1
16652 0.8501344341633197 1665.2
16653 0.8501580442518882 1665.3
16654 0.8501819667090532 1665.4
16655 0.8502052210256719 1665.5
16656 0.8502286316241826 1665.6
16657 0.8502523838261916 1665.7
16658 0.8502764769898784 1665.8
16659 0.850300352813636 1665.9
16660 0.8503237516156131 1666
16661 0.8503473578123956 1666.1
16662 0.8503711352930273 1666.2
16663 0.850393539847883 1666.3
16664 0.8504154267193192 1666.4
16665 0.8504374304272969 1666.5
16666 0.8504595772577106 1666.6
16667 0.8504818157657854 1666.7
16668 0.850504079109574 1666.8
16669 0.8505263218747047 1666.9
16670 0.8505485043328513 1667
16671 0.8505706159908567 1667.1
16672 0.8505926593721731 1667.2
16673 0.8506140269470123 1667.3
16674 0.8506336796112759 1667.4
16675 0.8506534389744399 1667.5
16676 0.8506716993432253 1667.6
16677 0.8506898573598003 1667.7
16678 0.8507080367353343 1667.8
16679 0.8507259649170338 1667.9
16680 0.8507437943944852 1668
16681 0.8507616704403915 1668.1
16682 0.8507794528854947 1668.2
16683 0.8507972594491752 1668.3
16684 0.8508151055137936 1668.4
16685 0.8508329331439203 1668.5
16686 0.8508507033426438 1668.6
16687 0.8508685095494697 1668.7
16688 0.8508863857515728 1668.8
16689 0.8509043194537372 1668.9
16690 0.8509223128715412 1669
16691 0.8509403681086801 1669.1
16692 0.8509584873116453 1669.2
16693 0.8509766714457162 1669.3
16694 0.8509949223638132 1669.4
16695 0.8510132427420269 1669.5
16696 0.851031627708153 1669.6
16697 0.8510500824340548 1669.7
16698 0.8510684901439578 1669.8
16699 0.8510866433866277 1669.9
16700 0.8511049123715573 1670
16701 0.8511232993668923 1670.1
16702 0.851141805375404 1670.2
16703 0.8511604266988548 1670.3
16704 0.8511791628162663 1670.4
16705 0.8511980180461793 1670.5
16706 0.8512169939484547 1670.6
16707 0.8512360918097379 1670.7
16708 0.8512553131771947 1670.8
16709 0.8512746591291858 1670.9
16710 0.851294130211368 1671
16711 0.851313726198308 1671.1
16712 0.8513334459647558 1671.2
16713 0.8513532911974986 1671.3
16714 0.8513732671294468 1671.4
16715 0.8513933683326401 1671.5
16716 0.8514135678481408 1671.6
16717 0.8514338701818399 1671.7
16718 0.8514531488896078 1671.8
16719 0.8514724780267668 1671.9
16720 0.8514919222372922 1672
16721 0.8515114646638015 1672.1
16722 0.8515310994006172 1672.2
16723 0.8515508280538386 1672.3
16724 0.8515706494777039 1672.4
16725 0.8515905258874824 1672.5
16726 0.8516104702669193 1672.6
16727 0.85163049107501 1672.7
16728 0.8516506014946412 1672.8
16729 0.8516708163348399 1672.9
16730 0.8516911511318618 1673
16731 0.8517116183518224 1673.1
16732 0.8517322167702802 1673.2
16733 0.8517529480397493 1673.3
16734 0.851773807588129 1673.4
16735 0.851794791339467 1673.5
16736 0.8518159023922329 1673.6
16737 0.8518371207042138 1673.7
16738 0.8518584351458572 1673.8
16739 0.8518798288321624 1673.9
16740 0.8519012785969983 1674
16741 0.8519226921589336 1674.1
16742 0.8519440026560049 1674.2
16743 0.8519653088918546 1674.3
16744 0.851986611037558 1674.4
16745 0.8520079292164009 1674.5
16746 0.8520292598103104 1674.6
16747 0.8520506386221006 1674.7
16748 0.8520720673168397 1674.8
16749 0.852093570892778 1674.9
16750 0.8521151546930982 1675
16751 0.8521366944450792 1675.1
16752 0.8521583170444685 1675.2
16753 0.8521800824445783 1675.3
16754 0.8522020087599419 1675.4
16755 0.85222410422652 1675.5
16756 0.8522464095408547 1675.6
16757 0.8522689873014837 1675.7
16758 0.8522918576107583 1675.8
16759 0.8523144751930202 1675.9
16760 0.8523365925530116 1676
16761 0.8523591848080289 1676.1
16762 0.8523812221491746 1676.2
16763 0.8524023841588722 1676.3
16764 0.8524238731391974 1676.4
16765 0.8524456541281671 1676.5
16766 0.8524676759246111 1676.6
16767 0.8524898812743469 1676.7
16768 0.8525122387773832 1676.8
16769 0.8525347264113295 1676.9
16770 0.8525569058504419 1677
16771 0.8525789166060782 1677.1
16772 0.8526010169704287 1677.2
16773 0.8526232476266252 1677.3
16774 0.8526456707674088 1677.4
16775 0.8526668902156124 1677.5
16776 0.8526878842635442 1677.6
16777 0.8527089918579761 1677.7
16778 0.8527301680016413 1677.8
16779 0.852751435758166 1677.9
16780 0.8527727979399868 1678
16781 0.8527942376128842 1678.1
16782 0.85281562854063 1678.2
16783 0.8528361853037276 1678.3
16784 0.8528567084699443 1678.4
16785 0.8528772160052225 1678.5
16786 0.8528977616033957 1678.6
16787 0.85291833283316 1678.7
16788 0.8529389146909997 1678.8
16789 0.8529595054205857 1678.9
16790 0.8529801059151921 1679
16791 0.8530007077319465 1679.1
16792 0.8530212916408488 1679.2
16793 0.8530417993613048 1679.3
16794 0.8530622242601579 1679.4
16795 0.853082657385843 1679.5
16796 0.8531031129174746 1679.6
16797 0.8531236187023934 1679.7
16798 0.8531441923170897 1679.8
16799 0.8531647997821442 1679.9
16800 0.8531854801808632 1680
16801 0.8532054551722609 1680.1
16802 0.853224664761527 1680.2
16803 0.853243954305428 1680.3
16804 0.853263314797731 1680.4
16805 0.8532827496465644 1680.5
16806 0.8533022525764653 1680.6
16807 0.8533218190549646 1680.7
16808 0.853341432350171 1680.8
16809 0.8533610236583427 1680.9
16810 0.8533806386598534 1681
16811 0.8534002968699538 1681.1
16812 0.8534199990528594 1681.2
16813 0.8534397353625293 1681.3
16814 0.8534594903639385 1681.4
16815 0.8534792619114007 1681.5
16816 0.8534990501671075 1681.6
16817 0.853518857062551 1681.7
16818 0.853538685976668 1681.8
16819 0.8535577079296771 1681.9
16820 0.8535764500374563 1682
16821 0.8535953539068778 1682.1
16822 0.8536144192089731 1682.2
16823 0.8536336477012554 1682.3
16824 0.8536530393351343 1682.4
16825 0.8536725916428159 1682.5
16826 0.8536923042060026 1682.6
16827 0.8537121789958252 1682.7
16828 0.8537321890204271 1682.8
16829 0.8537516233917966 1682.9
16830 0.8537696086398263 1683
16831 0.8537879143568535 1683.1
16832 0.8538065468500966 1683.2
16833 0.853824386960493 1683.3
16834 0.8538422762894498 1683.4
16835 0.8538605315208218 1683.5
16836 0.8538780246804351 1683.6
16837 0.8538955649983234 1683.7
16838 0.8539133478387556 1683.8
16839 0.8539313605348289 1683.9
16840 0.853949589307842 1684
16841 0.8539680151327514 1684.1
16842 0.8539866197453015 1684.2
16843 0.8540053772471839 1684.3
16844 0.854024273326433 1684.4
16845 0.8540432861565735 1684.5
16846 0.8540624026537655 1684.6
16847 0.8540816062342533 1684.7
16848 0.8541008770085976 1684.8
16849 0.8541202049137763 1684.9
16850 0.8541394926844984 1685
16851 0.8541583580135901 1685.1
16852 0.8541773389787384 1685.2
16853 0.8541964117350443 1685.3
16854 0.8542155955498701 1685.4
16855 0.8542349163809899 1685.5
16856 0.8542544234922472 1685.6
16857 0.8542741361268336 1685.7
16858 0.8542940524773057 1685.8
16859 0.8543141875270029 1685.9
16860 0.8543345296153898 1686
16861 0.8543550985113822 1686.1
16862 0.8543759138398533 1686.2
16863 0.854396994005718 1686.3
16864 0.8544174379083552 1686.4
16865 0.8544369287535526 1686.5
16866 0.8544566578317865 1686.6
16867 0.8544766231651083 1686.7
16868 0.8544968128068815 1686.8
16869 0.8545171983050873 1686.9
16870 0.8545377389713398 1687
16871 0.8545584199559256 1687.1
16872 0.8545792359071765 1687.2
16873 0.854600185668927 1687.3
16874 0.8546212728415979 1687.4
16875 0.8546425073609596 1687.5
16876 0.854663886769562 1687.6
16877 0.8546854067286308 1687.7
16878 0.8547070932761937 1687.8
16879 0.854728974425099 1687.9
16880 0.8547510674086508 1688
16881 0.854773352603078 1688.1
16882 0.8547958241545249 1688.2
16883 0.8548165198951649 1688.3
16884 0.8548373240626644 1688.4
16885 0.8548582535979424 1688.5
16886 0.8548793027429792 1688.6
16887 0.8549004413658433 1688.7
16888 0.8549216495501515 1688.8
16889 0.8549429110693298 1688.9
16890 0.8549642247645292 1689
16891 0.8549855959600086 1689.1
16892 0.8550070167664144 1689.2
16893 0.8550284854779903 1689.3
16894 0.8550500391235883 1689.4
16895 0.8550716473278631 1689.5
16896 0.8550932838945492 1689.6
16897 0.8551149311733978 1689.7
16898 0.8551365743073837 1689.8
16899 0.8551582162174908 1689.9
16900 0.8551798489136613 1690
16901 0.8552014662193997 1690.1
16902 0.8552230617645855 1690.2
16903 0.855244633909686 1690.3
16904 0.8552654517234726 1690.4
16905 0.8552850734268398 1690.5
16906 0.855304699967281 1690.6
16907 0.8553243300243403 1690.7
16908 0.8553437320342376 1690.8
16909 0.8553629902118222 1690.9
16910 0.8553822859898558 1691
16911 0.8554016392877566 1691.1
16912 0.8554210153695561 1691.2
16913 0.8554403979993048 1691.3
16914 0.8554597781549792 1691.4
16915 0.855479162206029 1691.5
16916 0.8554985473657193 1691.6
16917 0.8555179331767938 1691.7
16918 0.855537280290994 1691.8
16919 0.8555565858553459 1691.9
16920 0.8555758592644861 1692
16921 0.8555941491466378 1692.1
16922 0.8556120495741227 1692.2
16923 0.8556301061198441 1692.3
16924 0.8556483643649738 1692.4
16925 0.8556668308055839 1692.5
16926 0.8556855107422119 1692.6
16927 0.8557043915225161 1692.7
16928 0.8557233830767338 1692.8
16929 0.8557424361114471 1692.9
16930 0.8557616898497502 1693
16931 0.8557811490435105 1693.1
16932 0.8558008239859388 1693.2
16933 0.8558207240349369 1693.3
16934 0.8558408544565784 1693.4
16935 0.8558612283219428 1693.5
16936 0.8558818574132852 1693.6
16937 0.8559027498040372 1693.7
16938 0.8559239062723881 1693.8
16939 0.8559453313374529 1693.9
16940 0.8559670214178258 1694
16941 0.85598878704294 1694.1
16942 0.8560097049730298 1694.2
16943 0.856030879962699 1694.3
16944 0.8560516056190479 1694.4
16945 0.8560717328890629 1694.5
16946 0.8560919493251586 1694.6
16947 0.8561122560940617 1694.7
16948 0.8561327132043636 1694.8
16949 0.8561532941046317 1694.9
16950 0.8561739712509198 1695
16951 0.8561947094309553 1695.1
16952 0.8562154651709473 1695.2
16953 0.8562361876715192 1695.3
16954 0.8562568481012162 1695.4
16955 0.8562774385409891 1695.5
16956 0.8562979574403635 1695.6
16957 0.8563184152199801 1695.7
16958 0.8563388231091921 1695.8
16959 0.8563591780012011 1695.9
16960 0.8563794932930823 1696
16961 0.8563997598449938 1696.1
16962 0.8564199933832408 1696.2
16963 0.856440221847124 1696.3
16964 0.8564604721245241 1696.4
16965 0.8564807795580049 1696.5
16966 0.8565011256779949 1696.6
16967 0.8565214522842858 1696.7
16968 0.8565418357524405 1696.8
16969 0.8565622815550397 1696.9
16970 0.8565828008466304 1697
16971 0.8566034056288461 1697.1
16972 0.8566241088414025 1697.2
16973 0.8566449239834302 1697.3
16974 0.8566658633487731 1697.4
16975 0.8566869356990003 1697.5
16976 0.8567081436855548 1697.6
16977 0.8567274702724105 1697.7
16978 0.8567458767840966 1697.8
16979 0.8567645197711764 1697.9
16980 0.8567833707715367 1698
16981 0.8568023977793391 1698.1
16982 0.856821558402067 1698.2
16983 0.8568408119011923 1698.3
16984 0.8568601328454752 1698.4
16985 0.8568794896271514 1698.5
16986 0.8568988722003384 1698.6
16987 0.8569170276530269 1698.7
16988 0.8569342818557741 1698.8
16989 0.8569517073305035 1698.9
16990 0.8569693196899617 1699
16991 0.8569871354269896 1699.1
16992 0.8570051701141406 1699.2
16993 0.8570234139536567 1699.3
16994 0.8570418605411151 1699.4
16995 0.8570605017470787 1699.5
16996 0.857079333775722 1699.6
16997 0.8570983566475365 1699.7
16998 0.857117572719579 1699.8
16999 0.8571369865037264 1699.9
17000 0.8571566004605635 1700
17001 0.8571764227175274 1700.1
17002 0.857196463918945 1700.2
17003 0.8572167342367045 1700.3
17004 0.8572371728362843 1700.4
17005 0.8572578442223308 1700.5
17006 0.8572787523573645 1700.6
17007 0.8572982507251199 1700.7
17008 0.8573172821731634 1700.8
17009 0.8573363988866088 1700.9
17010 0.8573557625321877 1701
17011 0.857374947969986 1701.1
17012 0.8573938095261288 1701.2
17013 0.8574128224767905 1701.3
17014 0.8574319749436887 1701.4
17015 0.8574512567333149 1701.5
17016 0.8574706456486549 1701.6
17017 0.8574901235493166 1701.7
17018 0.8575096663318047 1701.8
17019 0.8575292493537096 1701.9
17020 0.8575488926112125 1702
17021 0.8575686738873146 1702.1
17022 0.8575885895205695 1702.2
17023 0.8576086229703259 1702.3
17024 0.8576287592346846 1702.4
17025 0.8576489698990309 1702.5
17026 0.8576687948230796 1702.6
17027 0.8576882856368687 1702.7
17028 0.8577077563556206 1702.8
17029 0.8577272443746875 1702.9
17030 0.8577467756931518 1703
17031 0.8577663446647861 1703.1
17032 0.8577859413979958 1703.2
17033 0.8578055720578264 1703.3
17034 0.8578252238137188 1703.4
17035 0.8578448695516157 1703.5
17036 0.8578644516438777 1703.6
17037 0.8578840819764455 1703.7
17038 0.8579038014628706 1703.8
17039 0.8579236433949844 1703.9
17040 0.8579436608591403 1704
17041 0.8579638633293404 1704.1
17042 0.8579842373223729 1704.2
17043 0.8580047984529932 1704.3
17044 0.8580255554231774 1704.4
17045 0.8580465074714325 1704.5
17046 0.8580667838683406 1704.6
17047 0.85808677020649 1704.7
17048 0.8581069541329474 1704.8
17049 0.8581273254074037 1704.9
17050 0.8581478736236129 1705
17051 0.8581685866036359 1705.1
17052 0.8581894448850592 1705.2
17053 0.8582104418385048 1705.3
17054 0.8582315614613747 1705.4
17055 0.8582528071961547 1705.5
17056 0.8582741750222247 1705.6
17057 0.8582948487519563 1705.7
17058 0.8583146685913986 1705.8
17059 0.8583345470132993 1705.9
17060 0.8583544663791542 1706
17061 0.8583744039525858 1706.1
17062 0.8583943325497302 1706.2
17063 0.8584141995325028 1706.3
17064 0.8584339642693185 1706.4
17065 0.8584536241090882 1706.5
17066 0.8584731704025038 1706.6
17067 0.8584926160250352 1706.7
17068 0.8585119685003051 1706.8
17069 0.8585312459204407 1706.9
17070 0.8585504692178527 1707
17071 0.8585696599748367 1707.1
17072 0.8585888422215747 1707.2
17073 0.8586080264841192 1707.3
17074 0.8586272259288605 1707.4
17075 0.8586464694975154 1707.5
17076 0.8586657684246147 1707.6
17077 0.8586851377765123 1707.7
17078 0.8587046048638813 1707.8
17079 0.8587241592600414 1707.9
17080 0.8587438028937183 1708
17081 0.8587635434903005 1708.1
17082 0.8587832362700776 1708.2
17083 0.8588018714937293 1708.3
17084 0.8588207406585203 1708.4
17085 0.8588398212262917 1708.5
17086 0.8588590848982093 1708.6
17087 0.8588785051892177 1708.7
17088 0.8588980605563519 1708.8
17089 0.8589177135221653 1708.9
17090 0.8589374666922337 1709
17091 0.8589573364767766 1709.1
17092 0.8589773493792509 1709.2
17093 0.8589975168346737 1709.3
17094 0.8590178500520457 1709.4
17095 0.8590383855371266 1709.5
17096 0.8590591643350289 1709.6
17097 0.8590802061724925 1709.7
17098 0.8591015155149588 1709.8
17099 0.8591228745961836 1709.9
17100 0.8591431629142099 1710
17101 0.8591636660676936 1710.1
17102 0.8591843618196514 1710.2
17103 0.8592052267880833 1710.3
17104 0.8592262365355107 1710.4
17105 0.8592473616388724 1710.5
17106 0.8592685613288026 1710.6
17107 0.859289808168389 1710.7
17108 0.8593110805438243 1710.8
17109 0.8593323598736784 1710.9
17110 0.8593536087566856 1711
17111 0.8593747993764516 1711.1
17112 0.859395963448025 1711.2
17113 0.8594171172903929 1711.3
17114 0.8594381748264077 1711.4
17115 0.8594591278572625 1711.5
17116 0.8594800871731521 1711.6
17117 0.8595010571996367 1711.7
17118 0.8595220259854759 1711.8
17119 0.8595429855663845 1711.9
17120 0.8595639442826633 1712
17121 0.8595849143719277 1712.1
17122 0.8596059083559658 1712.2
17123 0.8596269311411032 1712.3
17124 0.8596479074866884 1712.4
17125 0.8596689297353867 1712.5
17126 0.8596899367921075 1712.6
17127 0.8597109977109451 1712.7
17128 0.8597321222131696 1712.8
17129 0.8597533111796695 1712.9
17130 0.8597745624922276 1713
17131 0.8597950404356511 1713.1
17132 0.8598152785037053 1713.2
17133 0.859835588601888 1713.3
17134 0.8598559626776627 1713.4
17135 0.8598764119855242 1713.5
17136 0.8598969503792367 1713.6
17137 0.8599165550926182 1713.7
17138 0.8599361195173159 1713.8
17139 0.8599559622788822 1713.9
17140 0.8599761066329928 1714
17141 0.8599965647894209 1714.1
17142 0.860015963973111 1714.2
17143 0.8600354346241303 1714.3
17144 0.8600548822420391 1714.4
17145 0.8600745533252457 1714.5
17146 0.8600944352115455 1714.6
17147 0.8601123808073591 1714.7
17148 0.8601292061617598 1714.8
17149 0.8601463056070601 1714.9
17150 0.8601635207684166 1715
17151 0.8601809478011523 1715.1
17152 0.8601985543194995 1715.2
17153 0.8602163192436368 1715.3
17154 0.8602342231005874 1715.4
17155 0.8602522448420593 1715.5
17156 0.8602703397823636 1715.6
17157 0.8602884902633713 1715.7
17158 0.8603066976717859 1715.8
17159 0.8603249895245857 1715.9
17160 0.8603433368185637 1716
17161 0.8603617320270146 1716.1
17162 0.8603801660049439 1716.2
17163 0.8603986233956282 1716.3
17164 0.8604170951196554 1716.4
17165 0.8604355862318951 1716.5
17166 0.8604540826145293 1716.6
17167 0.8604724459846356 1716.7
17168 0.8604903105172874 1716.8
17169 0.8605082508778085 1716.9
17170 0.8605260493180444 1717
17171 0.8605438597106009 1717.1
17172 0.8605617888708599 1717.2
17173 0.8605798349911733 1717.3
17174 0.8605979890055495 1717.4
17175 0.8606162535908591 1717.5
17176 0.8606346339656332 1717.6
17177 0.8606531367396023 1717.7
17178 0.8606716403584721 1717.8
17179 0.8606901888725701 1717.9
17180 0.8607088893593076 1718
17181 0.8607277567206819 1718.1
17182 0.8607468089274626 1718.2
17183 0.8607660501890261 1718.3
17184 0.8607841514439618 1718.4
17185 0.8608022772022852 1718.5
17186 0.8608202041215907 1718.6
17187 0.8608383363988716 1718.7
17188 0.8608566665215672 1718.8
17189 0.8608751705346188 1718.9
17190 0.8608938239056607 1719
17191 0.8609126205827641 1719.1
17192 0.8609315280154849 1719.2
17193 0.8609505328671221 1719.3
17194 0.860969618300202 1719.4
17195 0.8609887631554295 1719.5
17196 0.8610079563348637 1719.6
17197 0.8610271975186043 1719.7
17198 0.8610464926563707 1719.8
17199 0.8610658543730279 1719.9
17200 0.8610850448131876 1720
17201 0.8611042640918571 1720.1
17202 0.8611235890884468 1720.2
17203 0.8611430297020901 1720.3
17204 0.8611626084055687 1720.4
17205 0.8611823145641951 1720.5
17206 0.8612021204681098 1720.6
17207 0.861222010802561 1720.7
17208 0.8612420361645932 1720.8
17209 0.8612622112535515 1720.9
17210 0.8612825497934923 1721
17211 0.8613030658904364 1721.1
17212 0.8613237608673555 1721.2
17213 0.8613446391518009 1721.3
17214 0.8613657081885242 1721.4
17215 0.8613869686654816 1721.5
17216 0.861408398609773 1721.6
17217 0.8614300038219886 1721.7
17218 0.8614517669667979 1721.8
17219 0.8614736517748355 1721.9
17220 0.8614956328470128 1722
17221 0.8615176708250785 1722.1
17222 0.8615397293214812 1722.2
17223 0.8615617709374388 1722.3
17224 0.8615835746317621 1722.4
17225 0.8616041526211451 1722.5
17226 0.8616246681851261 1722.6
17227 0.8616450957946352 1722.7
17228 0.861665441521371 1722.8
17229 0.8616857234040366 1722.9
17230 0.8617059606496442 1723
17231 0.861726174476322 1723.1
17232 0.8617463880749006 1723.2
17233 0.8617666364062653 1723.3
17234 0.8617869436112255 1723.4
17235 0.8618073189075497 1723.5
17236 0.8618277959810317 1723.6
17237 0.861848400129838 1723.7
17238 0.8618691425804251 1723.8
17239 0.8618899853162191 1723.9
17240 0.8619096074327057 1724
17241 0.8619292181431669 1724.1
17242 0.861948891196467 1724.2
17243 0.8619686174953136 1724.3
17244 0.8619883862227983 1724.4
17245 0.8620068612516271 1724.5
17246 0.862025036470852 1724.6
17247 0.8620433169047245 1724.7
17248 0.8620617534648315 1724.8
17249 0.8620803429306086 1724.9
17250 0.8620990836704863 1725
17251 0.8621179587244255 1725.1
17252 0.8621369961175472 1725.2
17253 0.8621562091675777 1725.3
17254 0.8621756085554734 1725.4
17255 0.862195217119108 1725.5
17256 0.862214959905133 1725.6
17257 0.8622348775413886 1725.7
17258 0.8622549872525654 1725.8
17259 0.8622752923913943 1725.9
17260 0.8622957902318737 1726
17261 0.8623164508538942 1726.1
17262 0.8623372553610922 1726.2
17263 0.862358180156543 1726.3
17264 0.8623792168130585 1726.4
17265 0.8624003461464937 1726.5
17266 0.8624205476984577 1726.6
17267 0.862440821252949 1726.7
17268 0.8624611553306316 1726.8
17269 0.8624815316189549 1726.9
17270 0.8625019322840174 1727
17271 0.8625223438678739 1727.1
17272 0.8625427552520357 1727.2
17273 0.8625631402379953 1727.3
17274 0.8625834636816144 1727.4
17275 0.8626037103545742 1727.5
17276 0.8626238608492052 1727.6
17277 0.8626439120793772 1727.7
17278 0.8626638658036774 1727.8
17279 0.8626835935484699 1727.9
17280 0.8627028338544144 1728
17281 0.8627220203521632 1728.1
17282 0.8627411690369897 1728.2
17283 0.8627603013450221 1728.3
17284 0.8627794234344844 1728.4
17285 0.8627985500290242 1728.5
17286 0.8628176849548387 1728.6
17287 0.86283683662421 1728.7
17288 0.8628560136640071 1728.8
17289 0.86287522159962 1728.9
17290 0.8628944618341843 1729
17291 0.8629137330802287 1729.1
17292 0.8629330362510133 1729.2
17293 0.8629523688410874 1729.3
17294 0.8629717342812455 1729.4
17295 0.8629911331899973 1729.5
17296 0.8630105617736828 1729.6
17297 0.8630300126974634 1729.7
17298 0.8630494003560575 1729.8
17299 0.8630682562918846 1729.9
17300 0.8630862788137302 1730
17301 0.8631044520441719 1730.1
17302 0.863122766973882 1730.2
17303 0.8631412080466194 1730.3
17304 0.86315975385985 1730.4
17305 0.8631783914586522 1730.5
17306 0.863197109706307 1730.6
17307 0.8632158992279479 1730.7
17308 0.8632347525455845 1730.8
17309 0.8632522350614598 1730.9
17310 0.863269009742726 1731
17311 0.8632859944786306 1731.1
17312 0.8633031943259004 1731.2
17313 0.8633206163515075 1731.3
17314 0.8633382684518591 1731.4
17315 0.8633559899161312 1731.5
17316 0.863373770999344 1731.6
17317 0.8633918416395491 1731.7
17318 0.8634102059170683 1731.8
17319 0.863428858082147 1731.9
17320 0.8634477941944502 1732
17321 0.8634670154284032 1732.1
17322 0.8634865206692786 1732.2
17323 0.8635053283439567 1732.3
17324 0.8635241249383898 1732.4
17325 0.8635432197958954 1732.5
17326 0.8635626147548415 1732.6
17327 0.8635823111763896 1732.7
17328 0.863601386704731 1732.8
17329 0.8636200511906745 1732.9
17330 0.8636383470568157 1733
17331 0.8636568839098319 1733.1
17332 0.863675645550277 1733.2
17333 0.8636946201819525 1733.3
17334 0.8637136341289569 1733.4
17335 0.8637319384322867 1733.5
17336 0.8637503923571568 1733.6
17337 0.8637689884868245 1733.7
17338 0.8637877154499927 1733.8
17339 0.8638065636364376 1733.9
17340 0.8638255295881836 1734
17341 0.8638446095826091 1734.1
17342 0.8638637625216544 1734.2
17343 0.8638829924884016 1734.3
17344 0.8639023085607795 1734.4
17345 0.8639216912198854 1734.5
17346 0.8639411560193238 1734.6
17347 0.8639606967766859 1734.7
17348 0.863980242706238 1734.8
17349 0.8639995969608101 1734.9
17350 0.8640189559158369 1735
17351 0.8640376105010971 1735.1
17352 0.8640560743620618 1735.2
17353 0.8640744983098303 1735.3
17354 0.86409288720845 1735.4
17355 0.8641112542905216 1735.5
17356 0.8641295991716877 1735.6
17357 0.8641479109655323 1735.7
17358 0.8641660417642096 1735.8
17359 0.8641841825571948 1735.9
17360 0.8642023351693089 1736
17361 0.8642204694068587 1736.1
17362 0.8642386459122798 1736.2
17363 0.8642568827376224 1736.3
17364 0.8642751610998395 1736.4
17365 0.8642934958818401 1736.5
17366 0.8643118987256291 1736.6
17367 0.8643303768107871 1736.7
17368 0.8643489402102347 1736.8
17369 0.8643676004776214 1736.9
17370 0.8643863683427242 1737
17371 0.8644052539430361 1737.1
17372 0.8644242669288578 1737.2
17373 0.8644434166771756 1737.3
17374 0.8644625343175164 1737.4
17375 0.8644817186558239 1737.5
17376 0.8645010189895321 1737.6
17377 0.8645204399217422 1737.7
17378 0.8645399827488379 1737.8
17379 0.8645596449856083 1737.9
17380 0.8645794197872326 1738
17381 0.8645992851977364 1738.1
17382 0.8646192383769781 1738.2
17383 0.8646392335587374 1738.3
17384 0.8646592745522883 1738.4
17385 0.8646793488052873 1738.5
17386 0.8646988228633961 1738.6
17387 0.8647180532348071 1738.7
17388 0.8647372637289205 1738.8
17389 0.8647564413971408 1738.9
17390 0.86477558425342 1739
17391 0.8647947121574827 1739.1
17392 0.8648138455439561 1739.2
17393 0.8648330049377113 1739.3
17394 0.8648522168504476 1739.4
17395 0.8648715198430473 1739.5
17396 0.864890953963294 1739.6
17397 0.8649105594711236 1739.7
17398 0.8649303791260416 1739.8
17399 0.8649504551271288 1739.9
17400 0.864970454546049 1740
17401 0.8649903394844846 1740.1
17402 0.8650104880974135 1740.2
17403 0.8650304372224895 1740.3
17404 0.8650501033951401 1740.4
17405 0.8650691636059684 1740.5
17406 0.8650879461057142 1740.6
17407 0.8651069411399552 1740.7
17408 0.8651261335216981 1740.8
17409 0.8651446824243754 1740.9
17410 0.8651632834762243 1741
17411 0.8651821286562829 1741.1
17412 0.8652011883759367 1741.2
17413 0.8652204381886081 1741.3
17414 0.8652398109933004 1741.4
17415 0.8652592561602868 1741.5
17416 0.8652787958679947 1741.6
17417 0.8652984095462729 1741.7
17418 0.8653180736472176 1741.8
17419 0.8653377831609076 1741.9
17420 0.8653575476904586 1742
17421 0.8653773602482547 1742.1
17422 0.8653972414300063 1742.2
17423 0.8654171977119572 1742.3
17424 0.8654372219436404 1742.4
17425 0.8654572912844016 1742.5
17426 0.8654773965376795 1742.6
17427 0.8654975313128103 1742.7
17428 0.8655177203321572 1742.8
17429 0.8655377692386356 1742.9
17430 0.865557705145931 1743
17431 0.8655777360403385 1743.1
17432 0.8655978507445754 1743.2
17433 0.8656180393645587 1743.3
17434 0.8656383109384164 1743.4
17435 0.8656586585399444 1743.5
17436 0.8656790748657255 1743.6
17437 0.8656995492267863 1743.7
17438 0.8657200725916573 1743.8
17439 0.8657406143872022 1743.9
17440 0.8657611672601108 1744
17441 0.8657810660962307 1744.1
17442 0.8658005113236662 1744.2
17443 0.8658199570652392 1744.3
17444 0.8658393830432609 1744.4
17445 0.8658587745166979 1744.5
17446 0.865878098433538 1744.6
17447 0.8658973397244314 1744.7
17448 0.8659164936083842 1744.8
17449 0.8659355673092549 1744.9
17450 0.8659545735731112 1745
17451 0.865973535367459 1745.1
17452 0.8659924717272719 1745.2
17453 0.8660113994988691 1745.3
17454 0.8660303309491784 1745.4
17455 0.8660492798191578 1745.5
17456 0.866068239307311 1745.6
17457 0.8660872317601583 1745.7
17458 0.8661062598073191 1745.8
17459 0.8661253061469317 1745.9
17460 0.8661443489585621 1746
17461 0.866163397872507 1746.1
17462 0.8661824562886493 1746.2
17463 0.8662015253624897 1746.3
17464 0.8662204811902765 1746.4
17465 0.8662392135882083 1746.5
17466 0.8662567909354628 1746.6
17467 0.8662745335747369 1746.7
17468 0.8662924335975778 1746.8
17469 0.8663104775856394 1746.9
17470 0.8663286480967139 1747
17471 0.8663469321749317 1747.1
17472 0.8663653098573647 1747.2
17473 0.8663837644182776 1747.3
17474 0.8664022926462349 1747.4
17475 0.8664186548982711 1747.5
17476 0.8664352414100979 1747.6
17477 0.8664520766754547 1747.7
17478 0.8664691652590948 1747.8
17479 0.8664865095827511 1747.9
17480 0.8665041059663164 1748
17481 0.8665219539855797 1748.1
17482 0.8665400571200554 1748.2
17483 0.8665584222512122 1748.3
17484 0.8665770571197947 1748.4
17485 0.8665952493093553 1748.5
17486 0.8666136496883331 1748.6
17487 0.8666323775888209 1748.7
17488 0.8666501406457262 1748.8
17489 0.8666678045391606 1748.9
17490 0.8666857426693962 1749
17491 0.8667039508561781 1749.1
17492 0.8667224133635785 1749.2
17493 0.8667410924627681 1749.3
17494 0.8667599631161065 1749.4
17495 0.8667788927876067 1749.5
17496 0.8667961320253892 1749.6
17497 0.8668135142941225 1749.7
17498 0.8668310122664807 1749.8
17499 0.8668486005351983 1749.9
17500 0.8668662609164293 1750
17501 0.8668839775155813 1750.1
17502 0.8669017061790161 1750.2
17503 0.866919429721783 1750.3
17504 0.8669371472571878 1750.4
17505 0.8669548740649554 1750.5
17506 0.8669726345690735 1750.6
17507 0.8669904243732066 1750.7
17508 0.8670082325495411 1750.8
17509 0.8670260702641808 1750.9
17510 0.8670439249200524 1751
17511 0.867061818310316 1751.1
17512 0.8670797612475815 1751.2
17513 0.8670977564789067 1751.3
17514 0.867115806571549 1751.4
17515 0.8671339237292714 1751.5
17516 0.8671521083718429 1751.6
17517 0.8671703620391934 1751.7
17518 0.8671886884939226 1751.8
17519 0.8672070931709436 1751.9
17520 0.8672255831703288 1752
17521 0.8672441668609188 1752.1
17522 0.8672628499280851 1752.2
17523 0.8672816436189376 1752.3
17524 0.867300556409433 1752.4
17525 0.8673192443739186 1752.5
17526 0.8673380819296503 1752.6
17527 0.8673570407252973 1752.7
17528 0.8673761513875974 1752.8
17529 0.8673954174241533 1752.9
17530 0.8674140063721761 1753
17531 0.8674319612045001 1753.1
17532 0.8674500881057752 1753.2
17533 0.86746835726331 1753.3
17534 0.8674867592671501 1753.4
17535 0.8675052540579704 1753.5
17536 0.8675238590735412 1753.6
17537 0.8675425674219347 1753.7
17538 0.8675613774045218 1753.8
17539 0.8675802758329743 1753.9
17540 0.8675992730701207 1754
17541 0.867618363061629 1754.1
17542 0.867637573071288 1754.2
17543 0.867656867783304 1754.3
17544 0.8676762565683593 1754.4
17545 0.8676957604077906 1754.5
17546 0.8677153535875595 1754.6
17547 0.8677350314028967 1754.7
17548 0.8677547908119688 1754.8
17549 0.8677746249390114 1754.9
17550 0.8677945168259362 1755
17551 0.8678140860251919 1755.1
17552 0.8678336944053485 1755.2
17553 0.8678533218229357 1755.3
17554 0.8678729397708059 1755.4
17555 0.8678925132899574 1755.5
17556 0.8679120327571889 1755.6
17557 0.8679314889173092 1755.7
17558 0.8679508880200245 1755.8
17559 0.8679702350545387 1755.9
17560 0.8679895281142652 1756
17561 0.8680087933246988 1756.1
17562 0.8680280603165469 1756.2
17563 0.8680473616082057 1756.3
17564 0.8680667116188806 1756.4
17565 0.8680861484725978 1756.5
17566 0.8681057181772277 1756.6
17567 0.8681254489945173 1756.7
17568 0.8681452724395559 1756.8
17569 0.8681641419301807 1756.9
17570 0.8681831112379755 1757
17571 0.8682022001208956 1757.1
17572 0.8682214128685889 1757.2
17573 0.8682407426013913 1757.3
17574 0.8682601472828612 1757.4
17575 0.8682796006217056 1757.5
17576 0.868298947944752 1757.6
17577 0.8683169556158005 1757.7
17578 0.868334695336039 1757.8
17579 0.8683526264577807 1757.9
17580 0.8683707362482531 1758
17581 0.8683890123633854 1758.1
17582 0.8684074434517753 1758.2
17583 0.8684260193211824 1758.3
17584 0.8684447471202108 1758.4
17585 0.8684636168085067 1758.5
17586 0.8684826162229732 1758.6
17587 0.86850173382164 1758.7
17588 0.8685209615931935 1758.8
17589 0.8685402934586337 1758.9
17590 0.8685597248888252 1759
17591 0.8685792542503198 1759.1
17592 0.8685988781082475 1759.2
17593 0.8686185972930129 1759.3
17594 0.8686382616801243 1759.4
17595 0.8686579533408501 1759.5
17596 0.8686777903974868 1759.6
17597 0.8686977764000487 1759.7
17598 0.8687179121781226 1759.8
17599 0.8687381891015287 1759.9
17600 0.8687586004898323 1760
17601 0.8687791334335654 1760.1
17602 0.868799786347899 1760.2
17603 0.8688194265302264 1760.3
17604 0.868838630795762 1760.4
17605 0.8688579880572528 1760.5
17606 0.8688773910055735 1760.6
17607 0.8688968557249109 1760.7
17608 0.8689163852900201 1760.8
17609 0.8689359743156032 1760.9
17610 0.8689555940124291 1761
17611 0.8689750302272926 1761.1
17612 0.8689941927407552 1761.2
17613 0.8690133076320239 1761.3
17614 0.8690324063315485 1761.4
17615 0.8690515191981897 1761.5
17616 0.869070680454337 1761.6
17617 0.8690898890046103 1761.7
17618 0.8691091516939208 1761.8
17619 0.8691284762829578 1761.9
17620 0.8691478817791728 1762
17621 0.8691673792820531 1762.1
17622 0.8691869684614028 1762.2
17623 0.8692066447423837 1762.3
17624 0.8692263959825322 1762.4
17625 0.8692462178891114 1762.5
17626 0.8692660983237114 1762.6
17627 0.8692860160628965 1762.7
17628 0.8693059554670329 1762.8
17629 0.8693259028100926 1762.9
17630 0.8693458532078133 1763
17631 0.8693657896057877 1763.1
17632 0.8693856971224236 1763.2
17633 0.8694055616923919 1763.3
17634 0.8694253724853236 1763.4
17635 0.8694450120843541 1763.5
17636 0.8694633284546928 1763.6
17637 0.869481727363547 1763.7
17638 0.8695002107229532 1763.8
17639 0.8695188232945499 1763.9
17640 0.869537547337339 1764
17641 0.8695563838438676 1764.1
17642 0.869575318946243 1764.2
17643 0.8695943454742922 1764.3
17644 0.8696121034727702 1764.4
17645 0.8696284491045976 1764.5
17646 0.8696450759658954 1764.6
17647 0.8696619844150395 1764.7
17648 0.8696791791010182 1764.8
17649 0.8696966564976324 1764.9
17650 0.8697138832193397 1765
17651 0.8697301883383288 1765.1
17652 0.8697467208530834 1765.2
17653 0.8697634736097843 1765.3
17654 0.869780406406204 1765.4
17655 0.8697974917414451 1765.5
17656 0.869814719922943 1765.6
17657 0.8698320807400951 1765.7
17658 0.8698495704761343 1765.8
17659 0.8698671523453912 1765.9
17660 0.8698848322198672 1766
17661 0.8699026225934496 1766.1
17662 0.8699205429073621 1766.2
17663 0.8699385645425224 1766.3
17664 0.8699566793715761 1766.4
17665 0.8699748821543186 1766.5
17666 0.8699931688278959 1766.6
17667 0.8700114581525739 1766.7
17668 0.8700290936209518 1766.8
17669 0.8700468768915303 1766.9
17670 0.8700648039829928 1767
17671 0.8700828711109097 1767.1
17672 0.8701010750412715 1767.2
17673 0.8701194151503203 1767.3
17674 0.8701378904520632 1767.4
17675 0.8701564922947103 1767.5
17676 0.8701752207017154 1767.6
17677 0.8701939531726216 1767.7
17678 0.8702122323270124 1767.8
17679 0.8702306677783525 1767.9
17680 0.8702492586455557 1768
17681 0.8702680121243721 1768.1
17682 0.8702869317963697 1768.2
17683 0.8703060169100374 1768.3
17684 0.8703248687330952 1768.4
17685 0.8703424540301015 1768.5
17686 0.8703601746381776 1768.6
17687 0.8703780131641695 1768.7
17688 0.8703959367010143 1768.8
17689 0.8704139140726748 1768.9
17690 0.8704319387850722 1769
17691 0.8704500002249272 1769.1
17692 0.8704680949229232 1769.2
17693 0.8704862159586934 1769.3
17694 0.8705043588777108 1769.4
17695 0.8705225039198886 1769.5
17696 0.8705406737536197 1769.6
17697 0.8705582391767496 1769.7
17698 0.8705757272416753 1769.8
17699 0.8705932877640786 1769.9
17700 0.8706109180606917 1770
17701 0.8706286176352839 1770.1
17702 0.8706463854184202 1770.2
17703 0.8706642180783237 1770.3
17704 0.8706821190341618 1770.4
17705 0.8707000900078558 1770.5
17706 0.870718132913133 1770.6
17707 0.8707362482986486 1770.7
17708 0.8707544411604879 1770.8
17709 0.8707727171764689 1770.9
17710 0.8707910798150211 1771
17711 0.8708095194018386 1771.1
17712 0.8708280402005916 1771.2
17713 0.8708466462179382 1771.3
17714 0.8708653153939916 1771.4
17715 0.8708839344631235 1771.5
17716 0.8709024954912259 1771.6
17717 0.8709211346709642 1771.7
17718 0.8709398505062707 1771.8
17719 0.8709586173892456 1771.9
17720 0.8709774071911939 1772
17721 0.8709962075308841 1772.1
17722 0.8710150113305257 1772.2
17723 0.8710338124624919 1772.3
17724 0.8710525805486031 1772.4
17725 0.8710712930799616 1772.5
17726 0.8710899612474651 1772.6
17727 0.8711086115244758 1772.7
17728 0.8711272273299709 1772.8
17729 0.8711458448690198 1772.9
17730 0.8711644808049928 1773
17731 0.8711831245722796 1773.1
17732 0.8712017948241814 1773.2
17733 0.8712205096942557 1773.3
17734 0.871239278837331 1773.4
17735 0.8712581116198388 1773.5
17736 0.8712770265230487 1773.6
17737 0.871296040070656 1773.7
17738 0.8713151693428971 1773.8
17739 0.8713344298490597 1773.9
17740 0.8713538539348669 1774
17741 0.8713734506624563 1774.1
17742 0.8713929359397706 1774.2
17743 0.8714120802013446 1774.3
17744 0.871431469047614 1774.4
17745 0.8714510931754125 1774.5
17746 0.8714709489066491 1774.6
17747 0.8714908178305214 1774.7
17748 0.8715088657483349 1774.8
17749 0.8715269164688416 1774.9
17750 0.8715443994123107 1775
17751 0.871562192651127 1775.1
17752 0.8715802542267412 1775.2
17753 0.871598521277423 1775.3
17754 0.8716169649123374 1775.4
17755 0.8716355822369874 1775.5
17756 0.871654365021871 1775.6
17757 0.871673303336554 1775.7
17758 0.8716923948336369 1775.8
17759 0.8717116466581549 1775.9
17760 0.8717305075690945 1776
17761 0.8717491285615712 1776.1
17762 0.871767879956278 1776.2
17763 0.8717867540141125 1776.3
17764 0.8718057513685595 1776.4
17765 0.8718248831930649 1776.5
17766 0.8718441248175219 1776.6
17767 0.8718634591812775 1776.7
17768 0.8718828681356756 1776.8
17769 0.8719023300139516 1776.9
17770 0.8719218423053213 1777
17771 0.8719413604527401 1777.1
17772 0.8719608550655977 1777.2
17773 0.8719802772200193 1777.3
17774 0.8719996776990747 1777.4
17775 0.872019067311668 1777.5
17776 0.8720383594372789 1777.6
17777 0.8720575979366871 1777.7
17778 0.8720767864028952 1777.8
17779 0.8720959294557834 1777.9
17780 0.8721150402414973 1778
17781 0.8721340821177045 1778.1
17782 0.872153078034256 1778.2
17783 0.8721720379693364 1778.3
17784 0.8721909975538517 1778.4
17785 0.8722098514659016 1778.5
17786 0.8722286309544679 1778.6
17787 0.8722474234176828 1778.7
17788 0.8722662334364416 1778.8
17789 0.8722850618064858 1778.9
17790 0.8723038996668721 1779
17791 0.8723227666168778 1779.1
17792 0.872341673876337 1779.2
17793 0.8723606231187713 1779.3
17794 0.8723796175349212 1779.4
17795 0.8723986762450163 1779.5
17796 0.872417801229519 1779.6
17797 0.8724369919864701 1779.7
17798 0.8724562483221213 1779.8
17799 0.8724755712582456 1779.9
17800 0.8724949635229426 1780
17801 0.8725144256854219 1780.1
17802 0.8725339631138208 1780.2
17803 0.8725535773744779 1780.3
17804 0.8725732656066638 1780.4
17805 0.8725930386558768 1780.5
17806 0.872612861238527 1780.6
17807 0.8726315944800832 1780.7
17808 0.872650565081435 1780.8
17809 0.8726697789314504 1780.9
17810 0.8726892303977378 1781
17811 0.87270891238879 1781.1
17812 0.8727288078772903 1781.2
17813 0.8727484376439913 1781.3
17814 0.8727681945923123 1781.4
17815 0.8727881695023386 1781.5
17816 0.8728064553391909 1781.6
17817 0.8728248507381059 1781.7
17818 0.8728435267485164 1781.8
17819 0.8728617289435021 1781.9
17820 0.8728794586642572 1782
17821 0.8728962339341048 1782.1
17822 0.8729132429726818 1782.2
17823 0.8729304776539279 1782.3
17824 0.872947925926683 1782.4
17825 0.8729655690325808 1782.5
17826 0.8729833714430383 1782.6
17827 0.873000618692192 1782.7
17828 0.873018040855477 1782.8
17829 0.8730356112772025 1782.9
17830 0.8730533113660764 1783
17831 0.8730711367627109 1783.1
17832 0.8730890774364908 1783.2
17833 0.8731071005039677 1783.3
17834 0.8731251788889171 1783.4
17835 0.8731432844246426 1783.5
17836 0.8731613859321994 1783.6
17837 0.873179429325653 1783.7
17838 0.8731974028834688 1783.8
17839 0.8732152648554127 1783.9
17840 0.8732330082024665 1784
17841 0.8732506350396185 1784.1
17842 0.8732681661319033 1784.2
17843 0.8732855947998351 1784.3
17844 0.8733029423692825 1784.4
17845 0.8733202883751454 1784.5
17846 0.8733373398202181 1784.6
17847 0.8733534322064771 1784.7
17848 0.8733694729720775 1784.8
17849 0.8733855900495769 1784.9
17850 0.873401790769924 1785
17851 0.8734180846848212 1785.1
17852 0.8734344676946333 1785.2
17853 0.8734509355906731 1785.3
17854 0.873467485093371 1785.4
17855 0.8734841132899006 1785.5
17856 0.8735008176470106 1785.6
17857 0.8735175963326689 1785.7
17858 0.873534447958577 1785.8
17859 0.8735513711653277 1785.9
17860 0.8735683648844119 1786
17861 0.8735854283391791 1786.1
17862 0.8736024655686989 1786.2
17863 0.873619544724424 1786.3
17864 0.8736366842682297 1786.4
17865 0.8736538854505763 1786.5
17866 0.8736711494731844 1786.6
17867 0.8736884789486103 1786.7
17868 0.8737058769672165 1786.8
17869 0.8737233472808855 1786.9
17870 0.8737408945173091 1787
17871 0.8737585242847429 1787.1
17872 0.8737762407275704 1787.2
17873 0.8737940505437078 1787.3
17874 0.8738119637659776 1787.4
17875 0.8738299873273553 1787.5
17876 0.8738481249040329 1787.6
17877 0.8738663841217057 1787.7
17878 0.8738847560252968 1787.8
17879 0.873903076627755 1787.9
17880 0.8739206267451866 1788
17881 0.8739383406294224 1788.1
17882 0.8739562331404156 1788.2
17883 0.8739743168018688 1788.3
17884 0.8739926020436175 1788.4
17885 0.874011096126949 1788.5
17886 0.8740298059178829 1788.6
17887 0.8740487096214593 1788.7
17888 0.8740678082342068 1788.8
17889 0.8740871021201223 1788.9
17890 0.8741065739220213 1789
17891 0.8741262077720338 1789.1
17892 0.8741460018465531 1789.2
17893 0.8741659004704677 1789.3
17894 0.8741857971517605 1789.4
17895 0.8742058042542269 1789.5
17896 0.8742256418434612 1789.6
17897 0.8742447359890235 1789.7
17898 0.8742638656000331 1789.8
17899 0.8742830147902987 1789.9
17900 0.874302133492308 1790
17901 0.8743212123865468 1790.1
17902 0.8743402293782354 1790.2
17903 0.8743591847169596 1790.3
17904 0.874378055741905 1790.4
17905 0.8743968101978105 1790.5
17906 0.8744154454795192 1790.6
17907 0.8744339487762995 1790.7
17908 0.8744523509615385 1790.8
17909 0.8744706601970151 1790.9
17910 0.8744889061963426 1791
17911 0.8745071159164464 1791.1
17912 0.8745253019473945 1791.2
17913 0.8745434682151687 1791.3
17914 0.8745616295656579 1791.4
17915 0.8745797900695764 1791.5
17916 0.8745979732574299 1791.6
17917 0.8746161895974834 1791.7
17918 0.8746344585329715 1791.8
17919 0.8746527708553601 1791.9
17920 0.874671017440684 1792
17921 0.8746891202463626 1792.1
17922 0.8747073148398598 1792.2
17923 0.8747246959152756 1792.3
17924 0.8747422722012325 1792.4
17925 0.8747600877367424 1792.5
17926 0.8747781434919026 1792.6
17927 0.874796425479455 1792.7
17928 0.8748143746388685 1792.8
17929 0.8748320114629455 1792.9
17930 0.8748498641737419 1793
17931 0.8748679330789207 1793.1
17932 0.8748862314005977 1793.2
17933 0.874904496034998 1793.3
17934 0.8749223446766066 1793.4
17935 0.8749403713776885 1793.5
17936 0.8749585613756037 1793.6
17937 0.8749769096311848 1793.7
17938 0.8749954098191846 1793.8
17939 0.875014054013204 1793.9
17940 0.8750328309234725 1794
17941 0.8750517241378054 1794.1
17942 0.8750707225626423 1794.2
17943 0.8750898021437626 1794.3
17944 0.8751089428085462 1794.4
17945 0.8751281117174985 1794.5
17946 0.8751472499244005 1794.6
17947 0.8751664359333241 1794.7
17948 0.8751856675516124 1794.8
17949 0.8752048901025218 1794.9
17950 0.8752240852213649 1795
17951 0.87524330005136 1795.1
17952 0.8752625303309881 1795.2
17953 0.875281781915444 1795.3
17954 0.8753010576449252 1795.4
17955 0.875320366163982 1795.5
17956 0.8753397488640215 1795.6
17957 0.8753592207688745 1795.7
17958 0.8753787856829627 1795.8
17959 0.8753984378750939 1795.9
17960 0.8754174102343022 1796
17961 0.8754359822726299 1796.1
17962 0.875454614692842 1796.2
17963 0.8754732923158427 1796.3
17964 0.87549197874915 1796.4
17965 0.8755106773544673 1796.5
17966 0.8755293935798304 1796.6
17967 0.8755481276461647 1796.7
17968 0.8755668813140094 1796.8
17969 0.8755856577953325 1796.9
17970 0.8756044616225418 1797
17971 0.8756232807648056 1797.1
17972 0.8756421274236408 1797.2
17973 0.8756610048743365 1797.3
17974 0.8756798877864991 1797.4
17975 0.8756988038364071 1797.5
17976 0.8757177454085988 1797.6
17977 0.8757367030432698 1797.7
17978 0.8757556688357719 1797.8
17979 0.8757745812867458 1797.9
17980 0.8757923332630582 1798
17981 0.8758102101402996 1798.1
17982 0.8758281879930671 1798.2
17983 0.8758459447837948 1798.3
17984 0.875863712515774 1798.4
17985 0.875881611956069 1798.5
17986 0.8758996400381834 1798.6
17987 0.8759177944306105 1798.7
17988 0.8759360906987884 1798.8
17989 0.875953122261062 1798.9
17990 0.875969830804386 1799
17991 0.875986816380251 1799.1
17992 0.8760040938891778 1799.2
17993 0.8760216679849373 1799.3
17994 0.8760395222785422 1799.4
17995 0.8760576601520433 1799.5
17996 0.8760760822777335 1799.6
17997 0.8760947848927924 1799.7
17998 0.8761137554807037 1799.8
17999 0.8761329803661112 1799.9
18000 0.8761518193658285 1800
18001 0.8761693729985095 1800.1
18002 0.8761871290871432 1800.2
18003 0.8762050686037159 1800.3
18004 0.8762226809551303 1800.4
18005 0.876239381978334 1800.5
18006 0.8762561790986085 1800.6
18007 0.8762730765218487 1800.7
18008 0.876290076946091 1800.8
18009 0.8763071813568037 1800.9
18010 0.8763243809731018 1801
18011 0.8763416698801845 1801.1
18012 0.8763590376019396 1801.2
18013 0.8763764861040561 1801.3
18014 0.8763940089925185 1801.4
18015 0.8764116141541052 1801.5
18016 0.8764289830196907 1801.6
18017 0.8764462895501927 1801.7
18018 0.8764636693873274 1801.8
18019 0.876481066597434 1801.9
18020 0.876498576457585 1802
18021 0.8765162141335996 1802.1
18022 0.8765339775049353 1802.2
18023 0.8765518780008926 1802.3
18024 0.876569918559399 1802.4
18025 0.8765881161864496 1802.5
18026 0.8766064752878588 1802.6
18027 0.8766249926990676 1802.7
18028 0.876642887581165 1802.8
18029 0.8766594558911972 1802.9
18030 0.8766758420123314 1803
18031 0.8766923494150196 1803.1
18032 0.8767089552267667 1803.2
18033 0.8767256491410604 1803.3
18034 0.8767424292148913 1803.4
18035 0.8767592941278048 1803.5
18036 0.8767762413810453 1803.6
18037 0.8767932537505813 1803.7
18038 0.8768103427153273 1803.8
18039 0.8768275310619761 1803.9
18040 0.8768448418862234 1804
18041 0.8768622873104128 1804.1
18042 0.8768798637531433 1804.2
18043 0.8768975664547208 1804.3
18044 0.8769153847213251 1804.4
18045 0.8769332984249557 1804.5
18046 0.8769512899360468 1804.6
18047 0.8769693331602262 1804.7
18048 0.8769874113273493 1804.8
18049 0.8770054863122564 1804.9
18050 0.8770235209460633 1805
18051 0.8770414549406252 1805.1
18052 0.8770592730211592 1805.2
18053 0.8770768811329499 1805.3
18054 0.8770943816287264 1805.4
18055 0.8771118188869528 1805.5
18056 0.8771292335904811 1805.6
18057 0.8771466176542381 1805.7
18058 0.8771640508971017 1805.8
18059 0.8771815930046986 1805.9
18060 0.8771992431154044 1806
18061 0.8772170042458811 1806.1
18062 0.8772348965520684 1806.2
18063 0.8772529168865466 1806.3
18064 0.8772710823073724 1806.4
18065 0.8772894051617488 1806.5
18066 0.8773079096915554 1806.6
18067 0.8773265969536824 1806.7
18068 0.8773454722891237 1806.8
18069 0.8773645386000613 1806.9
18070 0.8773837998836994 1807
18071 0.8774032579229782 1807.1
18072 0.8774229073210743 1807.2
18073 0.8774427442979973 1807.3
18074 0.8774627516567608 1807.4
18075 0.8774820293880082 1807.5
18076 0.8775010707209008 1807.6
18077 0.8775201995874595 1807.7
18078 0.8775393790186079 1807.8
18079 0.8775585970167252 1807.9
18080 0.8775778536747212 1808
18081 0.8775971419992943 1808.1
18082 0.8776154531159195 1808.2
18083 0.8776334480582841 1808.3
18084 0.8776514518412221 1808.4
18085 0.8776694695370355 1808.5
18086 0.8776874713570837 1808.6
18087 0.8777054737322254 1808.7
18088 0.8777234870102523 1808.8
18089 0.8777414934529323 1808.9
18090 0.8777594824794289 1809
18091 0.8777774383673942 1809.1
18092 0.8777953625221542 1809.2
18093 0.8778132478580949 1809.3
18094 0.8778311090917104 1809.4
18095 0.8778489664086072 1809.5
18096 0.8778666440857593 1809.6
18097 0.8778843341692444 1809.7
18098 0.8779020493294754 1809.8
18099 0.8779198052935224 1809.9
18100 0.8779376063698142 1810
18101 0.8779554801234171 1810.1
18102 0.8779733300165216 1810.2
18103 0.8779905222519175 1810.3
18104 0.8780079200618789 1810.4
18105 0.8780254763107528 1810.5
18106 0.8780432284512965 1810.6
18107 0.8780611643986013 1810.7
18108 0.8780790463421521 1810.8
18109 0.8780965358695733 1810.9
18110 0.8781141895888032 1811
18111 0.8781319906570145 1811.1
18112 0.8781499283094774 1811.2
18113 0.878167986786884 1811.3
18114 0.878186153353988 1811.4
18115 0.8782044168807548 1811.5
18116 0.8782227770781056 1811.6
18117 0.8782412257829961 1811.7
18118 0.8782597561205843 1811.8
18119 0.8782783602210572 1811.9
18120 0.8782970223199367 1812
18121 0.8783157251460127 1812.1
18122 0.8783343854540959 1812.2
18123 0.8783531229133518 1812.3
18124 0.878371949315366 1812.4
18125 0.8783908708206463 1812.5
18126 0.8784098933626617 1812.6
18127 0.8784289036847031 1812.7
18128 0.8784476444970492 1812.8
18129 0.8784660695232979 1812.9
18130 0.8784846092800261 1813
18131 0.8785032760557256 1813.1
18132 0.8785220957988064 1813.2
18133 0.8785410774112321 1813.3
18134 0.8785596363827599 1813.4
18135 0.8785776568181868 1813.5
18136 0.87859580457801 1813.6
18137 0.8786140563636321 1813.7
18138 0.8786323835507213 1813.8
18139 0.8786507429797842 1813.9
18140 0.8786691123528201 1814
18141 0.8786874832281695 1814.1
18142 0.8787058458135784 1814.2
18143 0.8787241945522553 1814.3
18144 0.8787425198835487 1814.4
18145 0.8787608207338402 1814.5
18146 0.8787791066144919 1814.6
18147 0.878797360287535 1814.7
18148 0.8788155710295916 1814.8
18149 0.8788337625191435 1814.9
18150 0.8788519610425425 1815
18151 0.8788701674573861 1815.1
18152 0.878888303923693 1815.2
18153 0.8789063498908432 1815.3
18154 0.8789241533681992 1815.4
18155 0.8789419497023965 1815.5
18156 0.878959029288778 1815.6
18157 0.878975659540816 1815.7
18158 0.8789923974778292 1815.8
18159 0.8790092314018898 1815.9
18160 0.8790261394639413 1816
18161 0.879043106262805 1816.1
18162 0.8790601256341033 1816.2
18163 0.8790771960702545 1816.3
18164 0.8790943216617065 1816.4
18165 0.8791109075601714 1816.5
18166 0.8791262549157683 1816.6
18167 0.8791417747137643 1816.7
18168 0.8791574695270942 1816.8
18169 0.8791733238639219 1816.9
18170 0.8791892045492719 1817
18171 0.8792053081547792 1817.1
18172 0.8792216437703114 1817.2
18173 0.8792382220031321 1817.3
18174 0.8792550518477633 1817.4
18175 0.8792721410084156 1817.5
18176 0.8792894922987281 1817.6
18177 0.8793071095493098 1817.7
18178 0.8793249849181174 1817.8
18179 0.8793431215695405 1817.9
18180 0.8793615309200211 1818
18181 0.8793802234121417 1818.1
18182 0.879399192926517 1818.2
18183 0.8794180530935247 1818.3
18184 0.8794366639064332 1818.4
18185 0.8794554698284994 1818.5
18186 0.879474440361439 1818.6
18187 0.8794933904806518 1818.7
18188 0.8795116700789563 1818.8
18189 0.8795300742074578 1818.9
18190 0.8795485607174705 1819
18191 0.8795671096665728 1819.1
18192 0.8795856986878645 1819.2
18193 0.8796034177372711 1819.3
18194 0.8796208992769996 1819.4
18195 0.8796383531388701 1819.5
18196 0.8796557784607766 1819.6
18197 0.8796731635201321 1819.7
18198 0.8796905035086535 1819.8
18199 0.8797078008748602 1819.9
18200 0.879725049514398 1820
18201 0.8797422344079987 1820.1
18202 0.8797593793470619 1820.2
18203 0.8797765320609171 1820.3
18204 0.8797936797129916 1820.4
18205 0.879810806648735 1820.5
18206 0.8798276132041171 1820.6
18207 0.8798444246650503 1820.7
18208 0.8798612589628768 1820.8
18209 0.8798780973731533 1820.9
18210 0.8798949266688353 1821
18211 0.8799117565659875 1821.1
18212 0.8799285951457722 1821.2
18213 0.879945451344341 1821.3
18214 0.8799623361466454 1821.4
18215 0.8799792227664389 1821.5
18216 0.8799952148336391 1821.6
18217 0.880011300273733 1821.7
18218 0.8800274921493271 1821.8
18219 0.8800437913226264 1821.9
18220 0.8800601966985683 1822
18221 0.8800767067318968 1822.1
18222 0.8800933198298724 1822.2
18223 0.8801100353948148 1822.3
18224 0.8801268524141422 1822.4
18225 0.8801437711784041 1822.5
18226 0.8801607895528 1822.6
18227 0.8801779156379522 1822.7
18228 0.8801951558103867 1822.8
18229 0.8802122042335693 1822.9
18230 0.8802290466169654 1823
18231 0.8802459851214376 1823.1
18232 0.880263017754392 1823.2
18233 0.8802801728756945 1823.3
18234 0.8802972524648717 1823.4
18235 0.880314419523169 1823.5
18236 0.8803317105346863 1823.6
18237 0.8803491364214837 1823.7
18238 0.8803667051579713 1823.8
18239 0.8803844262432782 1823.9
18240 0.8804023129406896 1824
18241 0.880420384512967 1824.1
18242 0.8804386498636989 1824.2
18243 0.8804571153290597 1824.3
18244 0.8804757945985204 1824.4
18245 0.8804946871586772 1824.5
18246 0.8805132619489512 1824.6
18247 0.8805314115378793 1824.7
18248 0.8805497828118145 1824.8
18249 0.880568361794229 1824.9
18250 0.8805871325702685 1825
18251 0.880606079689353 1825.1
18252 0.8806251897733751 1825.2
18253 0.8806444308429713 1825.3
18254 0.8806636769630333 1825.4
18255 0.8806830515235436 1825.5
18256 0.8807025495396259 1825.6
18257 0.8807221575222768 1825.7
18258 0.8807418488952024 1825.8
18259 0.8807615865000803 1825.9
18260 0.8807813259666041 1826
18261 0.8808010022175233 1826.1
18262 0.8808205680853087 1826.2
18263 0.8808399906470064 1826.3
18264 0.8808592374487291 1826.4
18265 0.8808782850952338 1826.5
18266 0.8808971354294888 1826.6
18267 0.8809158008318768 1826.7
18268 0.8809341527718815 1826.8
18269 0.8809518477759576 1826.9
18270 0.8809694483713336 1827
18271 0.880986956995547 1827.1
18272 0.8810043853832105 1827.2
18273 0.8810217377381804 1827.3
18274 0.8810390398892161 1827.4
18275 0.8810563104781168 1827.5
18276 0.8810735763682221 1827.6
18277 0.8810908365247744 1827.7
18278 0.8811080050088681 1827.8
18279 0.8811251706051135 1827.9
18280 0.881142347985285 1828
18281 0.8811595555689552 1828.1
18282 0.8811768029682578 1828.2
18283 0.8811940927946346 1828.3
18284 0.8812114267310597 1828.4
18285 0.8812288088293563 1828.5
18286 0.8812462489233465 1828.6
18287 0.8812637533216445 1828.7
18288 0.8812813233802319 1828.8
18289 0.8812989648015925 1828.9
18290 0.8813162725248938 1829
18291 0.8813337217521025 1829.1
18292 0.8813514079878653 1829.2
18293 0.881369318680352 1829.3
18294 0.8813874308404643 1829.4
18295 0.8814057178082879 1829.5
18296 0.8814241657843781 1829.6
18297 0.8814426462275298 1829.7
18298 0.8814608710459578 1829.8
18299 0.88147925644695 1829.9
18300 0.8814977953096134 1830
18301 0.8815164521025408 1830.1
18302 0.8815351690851976 1830.2
18303 0.8815540626078351 1830.3
18304 0.8815731427610909 1830.4
18305 0.8815914601740211 1830.5
18306 0.8816092952816686 1830.6
18307 0.8816272594910655 1830.7
18308 0.8816453308764114 1830.8
18309 0.8816633959832242 1830.9
18310 0.8816813692771552 1831
18311 0.8816993364172425 1831.1
18312 0.8817172930774357 1831.2
18313 0.8817352364133459 1831.3
18314 0.881753163994246 1831.4
18315 0.8817710824428612 1831.5
18316 0.8817889943779148 1831.6
18317 0.8818069095965535 1831.7
18318 0.8818248155045614 1831.8
18319 0.8818427216127257 1831.9
18320 0.8818606291465413 1832
18321 0.881878403889051 1832.1
18322 0.881896132361734 1832.2
18323 0.8819138994629429 1832.3
18324 0.8819317081908631 1832.4
18325 0.8819495634418097 1832.5
18326 0.8819674629373578 1832.6
18327 0.8819853979406639 1832.7
18328 0.8820033653303506 1832.8
18329 0.882021365222397 1832.9
18330 0.8820393923394669 1833
18331 0.8820574393159583 1833.1
18332 0.8820755065083089 1833.2
18333 0.8820935975765345 1833.3
18334 0.8821117201654441 1833.4
18335 0.8821298745216727 1833.5
18336 0.8821478778877101 1833.6
18337 0.8821651899047639 1833.7
18338 0.8821820602921779 1833.8
18339 0.8821991065220246 1833.9
18340 0.8822163227442114 1834
18341 0.8822336095461042 1834.1
18342 0.8822499462105435 1834.2
18343 0.8822664437855887 1834.3
18344 0.8822830668120057 1834.4
18345 0.8822998019551354 1834.5
18346 0.8823158771909282 1834.6
18347 0.8823309870269522 1834.7
18348 0.8823462786001519 1834.8
18349 0.8823606254994177 1834.9
18350 0.8823750812937903 1835
18351 0.8823897462859398 1835.1
18352 0.8824046215181972 1835.2
18353 0.8824197126117277 1835.3
18354 0.8824350031334325 1835.4
18355 0.8824504853894558 1835.5
18356 0.88246614659273 1835.6
18357 0.8824819657544403 1835.7
18358 0.8824979391461992 1835.8
18359 0.8825140600315552 1835.9
18360 0.8825303048606683 1836
18361 0.8825466741479425 1836.1
18362 0.8825631644352194 1836.2
18363 0.8825797810149042 1836.3
18364 0.8825965353510391 1836.4
18365 0.8826134315447083 1836.5
18366 0.8826304592421832 1836.6
18367 0.8826476296463323 1836.7
18368 0.8826649377686709 1836.8
18369 0.8826824061501402 1836.9
18370 0.882700050230121 1837
18371 0.8827178484366253 1837.1
18372 0.8827357936944744 1837.2
18373 0.8827538745354878 1837.3
18374 0.8827720747447698 1837.4
18375 0.8827903737317054 1837.5
18376 0.8828087490493147 1837.6
18377 0.8828271706407003 1837.7
18378 0.8828456006104595 1837.8
18379 0.8828640378848354 1837.9
18380 0.8828824693082693 1838
18381 0.8829001952681849 1838.1
18382 0.882917822732608 1838.2
18383 0.8829354481432503 1838.3
18384 0.8829530690517745 1838.4
18385 0.8829706861564864 1838.5
18386 0.8829883231723794 1838.6
18387 0.8830060023823184 1838.7
18388 0.883023722600727 1838.8
18389 0.883041520787801 1838.9
18390 0.883059010068051 1839
18391 0.8830763230999501 1839.1
18392 0.8830937186446992 1839.2
18393 0.8831112134078685 1839.3
18394 0.8831288020370872 1839.4
18395 0.8831464879392193 1839.5
18396 0.8831642570529894 1839.6
18397 0.8831814806134279 1839.7
18398 0.883198265338917 1839.8
18399 0.8832151301343907 1839.9
18400 0.8832320315440196 1840
18401 0.8832489440825845 1840.1
18402 0.8832658668220952 1840.2
18403 0.8832828022082955 1840.3
18404 0.8832997466939442 1840.4
18405 0.8833166974453968 1840.5
18406 0.8833336570495023 1840.6
18407 0.8833502524401514 1840.7
18408 0.8833662784386039 1840.8
18409 0.8833823845841949 1840.9
18410 0.8833985866935178 1841
18411 0.8834147234034432 1841.1
18412 0.8834308000654156 1841.2
18413 0.8834469749739181 1841.3
18414 0.8834632381805186 1841.4
18415 0.8834795886607882 1841.5
18416 0.8834960213119044 1841.6
18417 0.8835125336233552 1841.7
18418 0.88352912235355 1841.8
18419 0.883545789452025 1841.9
18420 0.8835625384051432 1842
18421 0.8835793689076609 1842.1
18422 0.8835962819000509 1842.2
18423 0.8836132752113606 1842.3
18424 0.8836303485997654 1842.4
18425 0.883647503633608 1842.5
18426 0.883664743629277 1842.6
18427 0.8836820731694277 1842.7
18428 0.883699504465139 1842.8
18429 0.8837165801887302 1842.9
18430 0.8837333147779591 1843
18431 0.883750209203516 1843.1
18432 0.8837672724979124 1843.2
18433 0.8837845136466849 1843.3
18434 0.8838019398083106 1843.4
18435 0.8838195440096139 1843.5
18436 0.8838373383408819 1843.6
18437 0.883855333264265 1843.7
18438 0.8838735342105662 1843.8
18439 0.8838919504927963 1843.9
18440 0.8839105907556932 1844
18441 0.883929465946013 1844.1
18442 0.883948584061479 1844.2
18443 0.8839679229124201 1844.3
18444 0.8839874765362129 1844.4
18445 0.8840072294907798 1844.5
18446 0.8840271787010183 1844.6
18447 0.8840470419617317 1844.7
18448 0.8840668207873197 1844.8
18449 0.8840856626838373 1844.9
18450 0.8841045632480695 1845
18451 0.8841235044364193 1845.1
18452 0.8841424711736597 1845.2
18453 0.8841614259434389 1845.3
18454 0.8841803559853393 1845.4
18455 0.8841992352538273 1845.5
18456 0.8842180746262527 1845.6
18457 0.8842368798413398 1845.7
18458 0.884255649302893 1845.8
18459 0.8842743821141026 1845.9
18460 0.8842924577378064 1846
18461 0.8843104930105172 1846.1
18462 0.8843285380774067 1846.2
18463 0.8843466040253629 1846.3
18464 0.8843647127320663 1846.4
18465 0.8843828777556598 1846.5
18466 0.8844011014367777 1846.6
18467 0.884419387750952 1846.7
18468 0.8844377333318491 1846.8
18469 0.884456100389347 1846.9
18470 0.8844744935638811 1847
18471 0.8844929171719519 1847.1
18472 0.8845113671145614 1847.2
18473 0.884529830944503 1847.3
18474 0.8845482962952463 1847.4
18475 0.8845667529725424 1847.5
18476 0.8845844330726946 1847.6
18477 0.8846014303215948 1847.7
18478 0.8846184690038327 1847.8
18479 0.8846355769368017 1847.9
18480 0.8846527767009521 1848
18481 0.8846700860576515 1848.1
18482 0.8846875177904411 1848.2
18483 0.8847050859401772 1848.3
18484 0.8847228028434246 1848.4
18485 0.8847406808817126 1848.5
18486 0.8847587175494738 1848.6
18487 0.8847769091813634 1848.7
18488 0.8847952531394975 1848.8
18489 0.8848137445426748 1848.9
18490 0.8848323708644723 1849
18491 0.8848509122571564 1849.1
18492 0.8848693456232212 1849.2
18493 0.8848878606054578 1849.3
18494 0.8849064239346848 1849.4
18495 0.8849249908116242 1849.5
18496 0.8849435354313441 1849.6
18497 0.8849620341659824 1849.7
18498 0.8849804637302516 1849.8
18499 0.8849987085903616 1849.9
18500 0.8850165769803453 1850
18501 0.8850343989206622 1850.1
18502 0.8850522526863597 1850.2
18503 0.8850701693738086 1850.3
18504 0.8850881578562348 1850.4
18505 0.8851053792240791 1850.5
18506 0.8851224685223509 1850.6
18507 0.8851396120412701 1850.7
18508 0.8851567980284289 1850.8
18509 0.8851740078376169 1850.9
18510 0.8851912281558785 1851
18511 0.885208440306764 1851.1
18512 0.8852256430828362 1851.2
18513 0.8852428442829038 1851.3
18514 0.8852600300644605 1851.4
18515 0.8852771936364087 1851.5
18516 0.8852943402913529 1851.6
18517 0.8853114671634731 1851.7
18518 0.8853285673475272 1851.8
18519 0.8853456451677528 1851.9
18520 0.8853627022100954 1852
18521 0.8853797537710908 1852.1
18522 0.8853968043513388 1852.2
18523 0.8854132908751727 1852.3
18524 0.8854291107858776 1852.4
18525 0.8854450344046636 1852.5
18526 0.8854610571430814 1852.6
18527 0.885477169353565 1852.7
18528 0.8854933619543313 1852.8
18529 0.8855096328643166 1852.9
18530 0.8855259802986624 1853
18531 0.8855423995263834 1853.1
18532 0.8855578712146256 1853.2
18533 0.8855725933442502 1853.3
18534 0.8855874739091278 1853.4
18535 0.8856025150261075 1853.5
18536 0.8856177187229232 1853.6
18537 0.8856330055836377 1853.7
18538 0.8856480639185705 1853.8
18539 0.8856633128763068 1853.9
18540 0.8856787594257746 1854
18541 0.8856944079814045 1854.1
18542 0.8857102624334501 1854.2
18543 0.8857263275805746 1854.3
18544 0.8857426110875817 1854.4
18545 0.8857591215324697 1854.5
18546 0.885775857176786 1854.6
18547 0.885792822666376 1854.7
18548 0.885810025124395 1854.8
18549 0.8858263429485211 1854.9
18550 0.8858426781506493 1855
18551 0.8858584559292365 1855.1
18552 0.8858742195491627 1855.2
18553 0.8858901519732969 1855.3
18554 0.8859062276634696 1855.4
18555 0.8859224055550995 1855.5
18556 0.8859386788594992 1855.6
18557 0.8859550358138786 1855.7
18558 0.8859714643711702 1855.8
18559 0.8859879516686768 1855.9
18560 0.8860045018476282 1856
18561 0.8860211216908384 1856.1
18562 0.8860378200764728 1856.2
18563 0.8860545973676195 1856.3
18564 0.8860714429349668 1856.4
18565 0.8860883456875615 1856.5
18566 0.8861052972774718 1856.6
18567 0.8861223332896303 1856.7
18568 0.886139464083387 1856.8
18569 0.8861566746662292 1856.9
18570 0.886173973783363 1857
18571 0.8861913571005203 1857.1
18572 0.8862088075856985 1857.2
18573 0.8862263114839131 1857.3
18574 0.8862438570024128 1857.4
18575 0.8862614329149685 1857.5
18576 0.8862790263584919 1857.6
18577 0.8862966107937752 1857.7
18578 0.8863141762878014 1857.8
18579 0.8863317136822068 1857.9
18580 0.8863492398059322 1858
18581 0.8863665426500966 1858.1
18582 0.886383388911242 1858.2
18583 0.8864002112443862 1858.3
18584 0.8864170265194184 1858.4
18585 0.8864338605201932 1858.5
18586 0.886450701983444 1858.6
18587 0.8864672200210701 1858.7
18588 0.8864834249204804 1858.8
18589 0.8864996664674987 1858.9
18590 0.8865159593395169 1859
18591 0.8865323097615831 1859.1
18592 0.8865487052465763 1859.2
18593 0.8865651130992167 1859.3
18594 0.8865815525966748 1859.4
18595 0.8865980379984055 1859.5
18596 0.8866145601180693 1859.6
18597 0.8866311225174133 1859.7
18598 0.8866477378426814 1859.8
18599 0.8866644166565743 1859.9
18600 0.8866811733853326 1860
18601 0.8866980167554064 1860.1
18602 0.8867149328565627 1860.2
18603 0.886731499615 1860.3
18604 0.8867476758312791 1860.4
18605 0.8867640512239744 1860.5
18606 0.8867806358810034 1860.6
18607 0.8867974216214118 1860.7
18608 0.8868144015294654 1860.8
18609 0.8868315631745937 1860.9
18610 0.8868488961928036 1861
18611 0.8868654912214216 1861.1
18612 0.8868822614098819 1861.2
18613 0.8868991867909849 1861.3
18614 0.8869162227177515 1861.4
18615 0.8869333591581513 1861.5
18616 0.8869505969744893 1861.6
18617 0.8869679503694434 1861.7
18618 0.8869854270845696 1861.8
18619 0.8870030157641553 1861.9
18620 0.8870198959629534 1862
18621 0.8870368979093222 1862.1
18622 0.8870540158911147 1862.2
18623 0.8870710263199396 1862.3
18624 0.8870880658438929 1862.4
18625 0.8871052631275568 1862.5
18626 0.8871226155826838 1862.6
18627 0.8871401190412121 1862.7
18628 0.8871577852135184 1862.8
18629 0.8871755969767584 1862.9
18630 0.887193532615547 1863
18631 0.8872115739763266 1863.1
18632 0.8872297109507497 1863.2
18633 0.8872479397722387 1863.3
18634 0.8872662535936768 1863.4
18635 0.8872846450391101 1863.5
18636 0.887303102833477 1863.6
18637 0.8873216216923202 1863.7
18638 0.8873401968321426 1863.8
18639 0.8873588119944771 1863.9
18640 0.887377379813469 1864
18641 0.8873959357463801 1864.1
18642 0.8874144870728446 1864.2
18643 0.8874327830562794 1864.3
18644 0.8874510811993036 1864.4
18645 0.8874693768164225 1864.5
18646 0.8874876751713054 1864.6
18647 0.887505991409381 1864.7
18648 0.8875243247764675 1864.8
18649 0.8875426925454085 1864.9
18650 0.8875611117584 1865
18651 0.887579610866655 1865.1
18652 0.8875978119411003 1865.2
18653 0.8876160755590818 1865.3
18654 0.8876344020939734 1865.4
18655 0.8876528008821366 1865.5
18656 0.8876712298816432 1865.6
18657 0.8876897028840055 1865.7
18658 0.8877082366282951 1865.8
18659 0.8877263251859427 1865.9
18660 0.8877442600240969 1866
18661 0.8877623184658695 1866.1
18662 0.8877804801746345 1866.2
18663 0.8877987405154601 1866.3
18664 0.8878170891245875 1866.4
18665 0.8878355243527427 1866.5
18666 0.887854050111182 1866.6
18667 0.8878726744433028 1866.7
18668 0.8878914091147987 1866.8
18669 0.8879102569941543 1866.9
18670 0.8879286291639686 1867
18671 0.8879467789383576 1867.1
18672 0.8879650627903206 1867.2
18673 0.8879834739348206 1867.3
18674 0.8880019989088777 1867.4
18675 0.8880206232286356 1867.5
18676 0.88803933661183 1867.6
18677 0.8880581053898193 1867.7
18678 0.888076902785169 1867.8
18679 0.8880957091204127 1867.9
18680 0.8881136097958534 1868
18681 0.8881314400076471 1868.1
18682 0.8881492851345375 1868.2
18683 0.888167146584527 1868.3
18684 0.8881850298865623 1868.4
18685 0.8882029339485137 1868.5
18686 0.8882208456839555 1868.6
18687 0.8882387547474777 1868.7
18688 0.8882566588567178 1868.8
18689 0.8882745577086508 1868.9
18690 0.8882923095934924 1869
18691 0.8883100438396546 1869.1
18692 0.888327454033755 1869.2
18693 0.8883447384026313 1869.3
18694 0.8883620815765582 1869.4
18695 0.8883794702203848 1869.5
18696 0.8883968265228401 1869.6
18697 0.8884142530722638 1869.7
18698 0.8884317489303273 1869.8
18699 0.8884493130488288 1869.9
18700 0.8884669450684326 1870
18701 0.8884846460216349 1870.1
18702 0.8885024148546038 1870.2
18703 0.8885202506202911 1870.3
18704 0.8885381377291162 1870.4
18705 0.8885560781231729 1870.5
18706 0.8885740792916491 1870.6
18707 0.8885921380278101 1870.7
18708 0.888610171553509 1870.8
18709 0.8886282560087924 1870.9
18710 0.8886454623275379 1871
18711 0.8886626135058796 1871.1
18712 0.8886798557299833 1871.2
18713 0.8886971761272617 1871.3
18714 0.8887138574725292 1871.4
18715 0.8887301489961278 1871.5
18716 0.8887466313679219 1871.6
18717 0.8887632958230124 1871.7
18718 0.8887801266559151 1871.8
18719 0.8887971093941242 1871.9
18720 0.8888142298024183 1872
18721 0.8888314751884223 1872.1
18722 0.8888488265176454 1872.2
18723 0.8888647045115449 1872.3
18724 0.8888805215970853 1872.4
18725 0.8888965487095362 1872.5
18726 0.8889127867020378 1872.6
18727 0.8889292321806314 1872.7
18728 0.8889458615990843 1872.8
18729 0.8889626853430034 1872.9
18730 0.8889797238403822 1873
18731 0.8889969632995028 1873.1
18732 0.8890142743635696 1873.2
18733 0.8890309156115938 1873.3
18734 0.8890476629720035 1873.4
18735 0.8890643448577304 1873.5
18736 0.8890805571263301 1873.6
18737 0.8890967370000991 1873.7
18738 0.8891128495471257 1873.8
18739 0.889128903136389 1873.9
18740 0.8891449224471413 1874
18741 0.8891608929824206 1874.1
18742 0.889176882953124 1874.2
18743 0.889192900565562 1874.3
18744 0.8892089613798392 1874.4
18745 0.8892249722611976 1874.5
18746 0.8892410267908781 1874.6
18747 0.88925714709575 1874.7
18748 0.8892733338166392 1874.8
18749 0.8892895815908858 1874.9
18750 0.8893058831127726 1875
18751 0.8893222450759296 1875.1
18752 0.8893386606140807 1875.2
18753 0.8893548938928761 1875.3
18754 0.8893710178364161 1875.4
18755 0.8893872046435581 1875.5
18756 0.8894034549800512 1875.6
18757 0.8894197667781264 1875.7
18758 0.8894361342283342 1875.8
18759 0.8894525619816259 1875.9
18760 0.8894690565266969 1876
18761 0.8894856242477143 1876.1
18762 0.8895022702037685 1876.2
18763 0.8895189941597321 1876.3
18764 0.8895357939206682 1876.4
18765 0.8895526754027806 1876.5
18766 0.8895696433991565 1876.6
18767 0.8895866998367963 1876.7
18768 0.8896038473762783 1876.8
18769 0.8896210877388724 1876.9
18770 0.8896384165847585 1877
18771 0.8896558063829926 1877.1
18772 0.8896732511746928 1877.2
18773 0.8896907460377819 1877.3
18774 0.8897082828875686 1877.4
18775 0.8897258570376 1877.5
18776 0.889743464142869 1877.6
18777 0.8897610898874393 1877.7
18778 0.8897783313571764 1877.8
18779 0.8897945987516571 1877.9
18780 0.8898108462151425 1878
18781 0.8898270627059275 1878.1
18782 0.8898432408399821 1878.2
18783 0.8898593633836523 1878.3
18784 0.8898754163290544 1878.4
18785 0.8898913999876027 1878.5
18786 0.889907328723908 1878.6
18787 0.8899232137401902 1878.7
18788 0.8899390739792959 1878.8
18789 0.8899549254694523 1878.9
18790 0.8899707902887328 1879
18791 0.8899866571487632 1879.1
18792 0.8900025444981908 1879.2
18793 0.8900184672390488 1879.3
18794 0.8900344241825605 1879.4
18795 0.8900504096751182 1879.5
18796 0.8900664332384095 1879.6
18797 0.8900825461550184 1879.7
18798 0.890098738821934 1879.8
18799 0.8901150114804667 1879.9
18800 0.8901313698224601 1880
18801 0.8901478211955869 1880.1
18802 0.8901643703547186 1880.2
18803 0.8901803183504939 1880.3
18804 0.8901962382742877 1880.4
18805 0.8902123948413744 1880.5
18806 0.8902287928075104 1880.6
18807 0.8902454349265738 1880.7
18808 0.8902623276137883 1880.8
18809 0.8902791554548832 1880.9
18810 0.8902955302083735 1881
18811 0.8903120890195818 1881.1
18812 0.8903288297615318 1881.2
18813 0.8903457477628896 1881.3
18814 0.8903628462085065 1881.4
18815 0.8903801119327285 1881.5
18816 0.8903975099333189 1881.6
18817 0.8904150236678741 1881.7
18818 0.890432649574518 1881.8
18819 0.8904503792284404 1881.9
18820 0.8904682083568132 1882
18821 0.890486132603289 1882.1
18822 0.8905039096196469 1882.2
18823 0.8905217078041756 1882.3
18824 0.8905394802262333 1882.4
18825 0.890556652969958 1882.5
18826 0.8905739484866749 1882.6
18827 0.8905913456749314 1882.7
18828 0.8906088462630481 1882.8
18829 0.8906264401975665 1882.9
18830 0.8906441375979376 1883
18831 0.8906619291735437 1883.1
18832 0.8906798019206814 1883.2
18833 0.8906977341450818 1883.3
18834 0.8907157166153371 1883.4
18835 0.8907337294660373 1883.5
18836 0.8907517519616059 1883.6
18837 0.8907697796353991 1883.7
18838 0.8907878071818663 1883.8
18839 0.8908058400943276 1883.9
18840 0.8908230758957344 1884
18841 0.8908400503112986 1884.1
18842 0.890857003257183 1884.2
18843 0.8908739390657047 1884.3
18844 0.8908908596097834 1884.4
18845 0.890907757264332 1884.5
18846 0.8909246381424838 1884.6
18847 0.8909415055156236 1884.7
18848 0.8909583691571356 1884.8
18849 0.8909752222698724 1884.9
18850 0.8909920755131704 1885
18851 0.8910089311584464 1885.1
18852 0.8910257954483953 1885.2
18853 0.8910426758697463 1885.3
18854 0.8910595795986906 1885.4
18855 0.8910765217011611 1885.5
18856 0.8910935177722749 1885.6
18857 0.8911105795527295 1885.7
18858 0.8911277201694557 1885.8
18859 0.8911449456114037 1885.9
18860 0.8911621527316999 1886
18861 0.891179431748239 1886.1
18862 0.8911968169170488 1886.2
18863 0.8912143137294929 1886.3
18864 0.8912319380880335 1886.4
18865 0.8912497026526087 1886.5
18866 0.89126761377255 1886.6
18867 0.8912856827889911 1886.7
18868 0.8913039147662689 1886.8
18869 0.891322311651181 1886.9
18870 0.8913408636418381 1887
18871 0.8913595845114887 1887.1
18872 0.8913784825056328 1887.2
18873 0.8913968089583436 1887.3
18874 0.8914146375055966 1887.4
18875 0.8914326165513108 1887.5
18876 0.8914507309029823 1887.6
18877 0.8914689907177979 1887.7
18878 0.8914873941404821 1887.8
18879 0.8915059506173066 1887.9
18880 0.8915246451053949 1888
18881 0.8915434598240871 1888.1
18882 0.8915623683457908 1888.2
18883 0.8915813510067594 1888.3
18884 0.8916003921919708 1888.4
18885 0.8916194746037087 1888.5
18886 0.8916385793517937 1888.6
18887 0.8916576701698848 1888.7
18888 0.8916767234624866 1888.8
18889 0.8916950053797063 1888.9
18890 0.8917118032462441 1889
18891 0.8917284467573711 1889.1
18892 0.891745142635615 1889.2
18893 0.8917618868540436 1889.3
18894 0.8917786642663911 1889.4
18895 0.8917954766594289 1889.5
18896 0.8918123196411634 1889.6
18897 0.8918291945026182 1889.7
18898 0.8918461005714683 1889.8
18899 0.8918630343624762 1889.9
18900 0.8918799824340061 1890
18901 0.8918969485696516 1890.1
18902 0.8919139353502407 1890.2
18903 0.8919309408041594 1890.3
18904 0.8919479668247785 1890.4
18905 0.8919650155916362 1890.5
18906 0.8919820889146933 1890.6
18907 0.8919991984396335 1890.7
18908 0.8920163527796636 1890.8
18909 0.8920335500718155 1890.9
18910 0.8920495440454939 1891
18911 0.8920657314403663 1891.1
18912 0.8920821126268739 1891.2
18913 0.8920978513032913 1891.3
18914 0.8921132104936367 1891.4
18915 0.8921287100838872 1891.5
18916 0.8921443327968791 1891.6
18917 0.892160061204296 1891.7
18918 0.8921747477201089 1891.8
18919 0.892188832642183 1891.9
18920 0.8922030526393839 1892
18921 0.8922174027747958 1892.1
18922 0.8922318789024268 1892.2
18923 0.8922464788554625 1892.3
18924 0.8922612018921287 1892.4
18925 0.8922760485245874 1892.5
18926 0.8922910091629569 1892.6
18927 0.8923060879523541 1892.7
18928 0.8923212906683917 1892.8
18929 0.892336619875635 1892.9
18930 0.8923520807214399 1893
18931 0.8923676856393745 1893.1
18932 0.8923834451235622 1893.2
18933 0.8923993752189633 1893.3
18934 0.8924154920358849 1893.4
18935 0.8924314276180777 1893.5
18936 0.8924468702138871 1893.6
18937 0.8924619692462108 1893.7
18938 0.8924772675728969 1893.8
18939 0.892492758552931 1893.9
18940 0.8925084358788269 1894
18941 0.8925242915829377 1894.1
18942 0.8925403006220435 1894.2
18943 0.8925564580631429 1894.3
18944 0.8925727448496078 1894.4
18945 0.8925891428382512 1894.5
18946 0.892605652126972 1894.6
18947 0.8926222634270524 1894.7
18948 0.8926389720989898 1894.8
18949 0.892655772165999 1894.9
18950 0.8926726615363788 1895
18951 0.8926896407952604 1895.1
18952 0.8927067180327971 1895.2
18953 0.8927238904017144 1895.3
18954 0.8927411562520382 1895.4
18955 0.8927585046165589 1895.5
18956 0.8927759478689449 1895.6
18957 0.89279350600298 1895.7
18958 0.8928111791405752 1895.8
18959 0.8928289654915351 1895.9
18960 0.8928468632938911 1896
18961 0.8928648760944436 1896.1
18962 0.8928830072628875 1896.2
18963 0.8929012563693057 1896.3
18964 0.8929190677649552 1896.4
18965 0.8929366414255236 1896.5
18966 0.8929542942496973 1896.6
18967 0.8929718267769868 1896.7
18968 0.8929895280534809 1896.8
18969 0.893007368993007 1896.9
18970 0.8930253361238998 1897
18971 0.8930434107703444 1897.1
18972 0.8930615496055598 1897.2
18973 0.8930797285080219 1897.3
18974 0.8930975735055197 1897.4
18975 0.8931147105718149 1897.5
18976 0.8931317810220827 1897.6
18977 0.8931487930610084 1897.7
18978 0.8931657392643351 1897.8
18979 0.893182635250555 1897.9
18980 0.8931994865596737 1898
18981 0.8932162971377742 1898.1
18982 0.8932330728742457 1898.2
18983 0.8932498022124002 1898.3
18984 0.8932664748041298 1898.4
18985 0.8932830774791517 1898.5
18986 0.8932995919442549 1898.6
18987 0.8933159981172026 1898.7
18988 0.8933322847300801 1898.8
18989 0.8933484440145606 1898.9
18990 0.8933644597661988 1899
18991 0.8933803062283504 1899.1
18992 0.8933960055027319 1899.2
18993 0.8934115845931484 1899.3
18994 0.8934270746367846 1899.4
18995 0.8934424984810765 1899.5
18996 0.8934579261910538 1899.6
18997 0.8934733755883697 1899.7
18998 0.893488847646798 1899.8
18999 0.8935043416169599 1899.9
19000 0.8935198779560085 1900
19001 0.893535483129709 1900.1
19002 0.8935511678047373 1900.2
19003 0.8935669321434303 1900.3
19004 0.8935827755430775 1900.4
19005 0.8935986975572231 1900.5
19006 0.8936147090778547 1900.6
19007 0.8936308079416657 1900.7
19008 0.8936469935560379 1900.8
19009 0.8936623839647124 1900.9
19010 0.8936779753478152 1901
19011 0.8936937705982215 1901.1
19012 0.8937097534188034 1901.2
19013 0.8937259140246737 1901.3
19014 0.8937422517539442 1901.4
19015 0.8937587627430592 1901.5
19016 0.8937754404703648 1901.6
19017 0.8937922763333854 1901.7
19018 0.8938092615487916 1901.8
19019 0.8938260080546594 1901.9
19020 0.8938422298875233 1902
19021 0.8938585803555694 1902.1
19022 0.8938750372776303 1902.2
19023 0.8938915954423721 1902.3
19024 0.8939082376029605 1902.4
19025 0.8939249624150629 1902.5
19026 0.8939417700822642 1902.6
19027 0.8939586591081721 1902.7
19028 0.8939756170605554 1902.8
19029 0.8939926393586531 1902.9
19030 0.8940097229974355 1903
19031 0.894026862208144 1903.1
19032 0.8940439094325608 1903.2
19033 0.8940610105839266 1903.3
19034 0.8940781853771563 1903.4
19035 0.8940954214052896 1903.5
19036 0.8941127039754969 1903.6
19037 0.8941300190316374 1903.7
19038 0.8941473524828302 1903.8
19039 0.8941646840886008 1903.9
19040 0.8941818735106659 1904
19041 0.8941989907545366 1904.1
19042 0.8942160604401989 1904.2
19043 0.8942330777191143 1904.3
19044 0.8942500491510885 1904.4
19045 0.8942669832427486 1904.5
19046 0.8942838897535855 1904.6
19047 0.8943007755628378 1904.7
19048 0.8943176450109139 1904.8
19049 0.8943345189355998 1904.9
19050 0.8943514013664439 1905
19051 0.8943678062725562 1905.1
19052 0.8943840692494435 1905.2
19053 0.89440040122172 1905.3
19054 0.8944168055212544 1905.4
19055 0.8944333041272822 1905.5
19056 0.8944493687376889 1905.6
19057 0.8944649232456767 1905.7
19058 0.8944805786633244 1905.8
19059 0.894496335951199 1905.9
19060 0.8945121955448081 1906
19061 0.8945281381354805 1906.1
19062 0.8945441413422022 1906.2
19063 0.8945602074948575 1906.3
19064 0.894576337515459 1906.4
19065 0.8945925320535333 1906.5
19066 0.8946087917897393 1906.6
19067 0.8946251170665159 1906.7
19068 0.8946415096453736 1906.8
19069 0.894657970155598 1906.9
19070 0.8946745038902721 1907
19071 0.8946911111475312 1907.1
19072 0.8947077808276456 1907.2
19073 0.8947245188262287 1907.3
19074 0.8947413275871102 1907.4
19075 0.8947582041056528 1907.5
19076 0.8947751500109478 1907.6
19077 0.8947921698385249 1907.7
19078 0.8948092679420359 1907.8
19079 0.894826424989716 1907.9
19080 0.894843640194154 1908
19081 0.8948609239436202 1908.1
19082 0.8948782829564242 1908.2
19083 0.894895721097698 1908.3
19084 0.8949132459861002 1908.4
19085 0.8949308671529141 1908.5
19086 0.8949485959354314 1908.6
19087 0.8949664450236098 1908.7
19088 0.8949844174232839 1908.8
19089 0.8950018594191892 1908.9
19090 0.8950191600965135 1909
19091 0.8950363182467651 1909.1
19092 0.8950533260910108 1909.2
19093 0.8950704981864583 1909.3
19094 0.8950878302144569 1909.4
19095 0.8951053044111097 1909.5
19096 0.8951228928977699 1909.6
19097 0.8951405895376248 1909.7
19098 0.8951583836119728 1909.8
19099 0.8951762611253644 1909.9
19100 0.8951942035159406 1910
19101 0.8952121677895021 1910.1
19102 0.8952301350448346 1910.2
19103 0.8952480926224041 1910.3
19104 0.8952652808012672 1910.4
19105 0.8952821992732369 1910.5
19106 0.8952991308927732 1910.6
19107 0.8953160670194542 1910.7
19108 0.8953330143860527 1910.8
19109 0.8953499772771952 1910.9
19110 0.8953668992161159 1911
19111 0.8953820893451137 1911.1
19112 0.8953972177109142 1911.2
19113 0.8954124838921588 1911.3
19114 0.8954278718452262 1911.4
19115 0.8954433757522201 1911.5
19116 0.8954589999882467 1911.6
19117 0.8954747334051156 1911.7
19118 0.8954905744838785 1911.8
19119 0.8955051829393662 1911.9
19120 0.8955194841972338 1912
19121 0.8955339658675483 1912.1
19122 0.8955486369256216 1912.2
19123 0.8955635056383368 1912.3
19124 0.8955785655195583 1912.4
19125 0.8955938029768351 1912.5
19126 0.8956082258603372 1912.6
19127 0.8956227210015589 1912.7
19128 0.8956373583200705 1912.8
19129 0.8956521236785689 1912.9
19130 0.8956669878850488 1913
19131 0.8956819496315291 1913.1
19132 0.8956969995070374 1913.2
19133 0.8957121369074261 1913.3
19134 0.8957273617510189 1913.4
19135 0.8957426742033222 1913.5
19136 0.8957580748036497 1913.6
19137 0.8957735661129201 1913.7
19138 0.8957891437386644 1913.8
19139 0.8958048056939735 1913.9
19140 0.895820561551871 1914
19141 0.8958361696097167 1914.1
19142 0.8958514621148639 1914.2
19143 0.8958668851740366 1914.3
19144 0.8958824497065381 1914.4
19145 0.8958981637017395 1914.5
19146 0.8959140382805385 1914.6
19147 0.8959300773865312 1914.7
19148 0.8959462850875457 1914.8
19149 0.8959626659259293 1914.9
19150 0.8959792246434736 1915
19151 0.895995965674921 1915.1
19152 0.8960120810989107 1915.2
19153 0.8960280377788314 1915.3
19154 0.8960441292961413 1915.4
19155 0.8960603359919733 1915.5
19156 0.8960766505779921 1915.6
19157 0.896093065003176 1915.7
19158 0.8961095575204003 1915.8
19159 0.896126126659371 1915.9
19160 0.8961427738862215 1916
19161 0.8961594971607476 1916.1
19162 0.8961762255617344 1916.2
19163 0.8961928205025772 1916.3
19164 0.8962095312800713 1916.4
19165 0.8962263656185229 1916.5
19166 0.8962433320373979 1916.6
19167 0.8962604420943464 1916.7
19168 0.8962776968103805 1916.8
19169 0.8962950968052039 1916.9
19170 0.8963126530075582 1917
19171 0.8963303785422753 1917.1
19172 0.8963478373130511 1917.2
19173 0.896365107795379 1917.3
19174 0.8963825563120129 1917.4
19175 0.8964001877565655 1917.5
19176 0.8964180065323197 1917.6
19177 0.896436013521117 1917.7
19178 0.8964542027525737 1917.8
19179 0.8964725546650937 1917.9
19180 0.8964910583847434 1918
19181 0.896509694402449 1918.1
19182 0.8965284579674334 1918.2
19183 0.8965471221078823 1918.3
19184 0.89656581034114 1918.4
19185 0.8965838874905915 1918.5
19186 0.8966018877723622 1918.6
19187 0.8966199057070031 1918.7
19188 0.8966379324464193 1918.8
19189 0.8966559675295632 1918.9
19190 0.8966740124458311 1919
19191 0.8966920720667796 1919.1
19192 0.8967101436764936 1919.2
19193 0.896728227399589 1919.3
19194 0.8967463398215485 1919.4
19195 0.8967644948565547 1919.5
19196 0.896782698441694 1919.6
19197 0.8968009518732298 1919.7
19198 0.8968192525495975 1919.8
19199 0.8968375844622677 1919.9
19200 0.8968559340038046 1920
19201 0.8968742893631084 1920.1
19202 0.8968921714197533 1920.2
19203 0.8969099704211709 1920.3
19204 0.8969276918867972 1920.4
19205 0.8969453248632897 1920.5
19206 0.8969628290206565 1920.6
19207 0.8969795464795681 1920.7
19208 0.8969956378205748 1920.8
19209 0.8970117011988842 1920.9
19210 0.8970277411961201 1921
19211 0.8970437775815249 1921.1
19212 0.8970598264053948 1921.2
19213 0.8970759031651294 1921.3
19214 0.8970920242153057 1921.4
19215 0.8971081922500413 1921.5
19216 0.897124420646824 1921.6
19217 0.8971407242097024 1921.7
19218 0.8971570934637857 1921.8
19219 0.897173542768493 1921.9
19220 0.8971898911660993 1922
19221 0.8972057375392939 1922.1
19222 0.8972218279540963 1922.2
19223 0.8972381563865874 1922.3
19224 0.8972547171948708 1922.4
19225 0.8972715045065023 1922.5
19226 0.897288523395408 1922.6
19227 0.8973057732715785 1922.7
19228 0.8973223243605613 1922.8
19229 0.8973388257107207 1922.9
19230 0.8973555565306326 1923
19231 0.897372507579645 1923.1
19232 0.8973896645343954 1923.2
19233 0.8974070034861458 1923.3
19234 0.8974245120700874 1923.4
19235 0.8974421807672445 1923.5
19236 0.8974599924480536 1923.6
19237 0.8974779284580446 1923.7
19238 0.8974959690895401 1923.8
19239 0.8975141053482423 1923.9
19240 0.8975323232063738 1924
19241 0.8975506123175825 1924.1
19242 0.8975689619651676 1924.2
19243 0.8975873623315801 1924.3
19244 0.8976057934250825 1924.4
19245 0.8976242548943626 1924.5
19246 0.8976427089309602 1924.6
19247 0.8976611271462431 1924.7
19248 0.89767946841137 1924.8
19249 0.897697692004674 1924.9
19250 0.897715761702893 1925
19251 0.897733638689978 1925.1
19252 0.8977513036924563 1925.2
19253 0.8977687260538252 1925.3
19254 0.8977859227623425 1925.4
19255 0.8978029143802554 1925.5
19256 0.8978197984114286 1925.6
19257 0.8978366040825221 1925.7
19258 0.8978533381116129 1925.8
19259 0.8978700140552773 1925.9
19260 0.8978865992861702 1926
19261 0.8979026645065783 1926.1
19262 0.8979184239980167 1926.2
19263 0.8979342079833427 1926.3
19264 0.8979500208326052 1926.4
19265 0.897965865442916 1926.5
19266 0.8979817467750693 1926.6
19267 0.8979976769537664 1926.7
19268 0.8980136526088505 1926.8
19269 0.8980296731936905 1926.9
19270 0.8980457443998612 1927
19271 0.8980618769892633 1927.1
19272 0.8980780691373828 1927.2
19273 0.89809431201212 1927.3
19274 0.898110605071324 1927.4
19275 0.8981269524499329 1927.5
19276 0.8981433527199886 1927.6
19277 0.898159803700776 1927.7
19278 0.8981763027745664 1927.8
19279 0.8981928504717218 1927.9
19280 0.898209443792125 1928
19281 0.8982260795994537 1928.1
19282 0.8982427543106704 1928.2
19283 0.8982594633880531 1928.3
19284 0.8982762012440646 1928.4
19285 0.8982929630815346 1928.5
19286 0.8983097449530667 1928.6
19287 0.8983265437441237 1928.7
19288 0.8983433569011059 1928.8
19289 0.8983601821644096 1928.9
19290 0.89837701902875 1929
19291 0.8983938678995476 1929.1
19292 0.8984107300213726 1929.2
19293 0.8984276074181891 1929.3
19294 0.8984445028440222 1929.4
19295 0.8984614197927161 1929.5
19296 0.8984783626132308 1929.6
19297 0.8984953362096959 1929.7
19298 0.8985122501411963 1929.8
19299 0.8985287859776682 1929.9
19300 0.8985454163371507 1930
19301 0.8985621482068051 1930.1
19302 0.8985788448154821 1930.2
19303 0.8985955870343327 1930.3
19304 0.8986124319466752 1930.4
19305 0.8986293800372037 1930.5
19306 0.8986464326076995 1930.6
19307 0.8986635855759393 1930.7
19308 0.8986808266010768 1930.8
19309 0.8986981539359343 1930.9
19310 0.8987148258501912 1931
19311 0.8987311478648369 1931.1
19312 0.8987475454039108 1931.2
19313 0.8987639682694516 1931.3
19314 0.898780403425916 1931.4
19315 0.8987968483599399 1931.5
19316 0.8988133067646611 1931.6
19317 0.898829772246721 1931.7
19318 0.8988455191776106 1931.8
19319 0.8988606554632071 1931.9
19320 0.8988759011657889 1932
19321 0.8988912258528149 1932.1
19322 0.8989065995133292 1932.2
19323 0.8989215378830542 1932.3
19324 0.8989360331637697 1932.4
19325 0.8989505740637926 1932.5
19326 0.8989646091289658 1932.6
19327 0.8989776007826749 1932.7
19328 0.8989907364149111 1932.8
19329 0.8990040039446642 1932.9
19330 0.8990174064697626 1933
19331 0.8990309536851859 1933.1
19332 0.899044656107734 1933.2
19333 0.8990585121456609 1933.3
19334 0.8990725239533408 1933.4
19335 0.8990866835976106 1933.5
19336 0.8991009782655468 1933.6
19337 0.8991154189101436 1933.7
19338 0.8991300142957644 1933.8
19339 0.89914476865739 1933.9
19340 0.8991596849064685 1934
19341 0.8991747665038748 1934.1
19342 0.8991900163921454 1934.2
19343 0.8992054242546687 1934.3
19344 0.8992209947209393 1934.4
19345 0.8992367276699536 1934.5
19346 0.8992525922987347 1934.6
19347 0.8992685831457212 1934.7
19348 0.8992843106133905 1934.8
19349 0.8992995678100064 1934.9
19350 0.8993149046705202 1935
19351 0.8993302353333784 1935.1
19352 0.8993450139665012 1935.2
19353 0.8993598488912367 1935.3
19354 0.8993747289751266 1935.4
19355 0.8993896477893912 1935.5
19356 0.8994040773717681 1935.6
19357 0.899418379959316 1935.7
19358 0.8994327534542634 1935.8
19359 0.8994472002383127 1935.9
19360 0.8994617231002878 1936
19361 0.8994763393270053 1936.1
19362 0.8994910381990262 1936.2
19363 0.8995058082674564 1936.3
19364 0.8995206528894937 1936.4
19365 0.8995355756723394 1936.5
19366 0.8995505772293946 1936.6
19367 0.8995656526840985 1936.7
19368 0.8995808018958615 1936.8
19369 0.8995960253546912 1936.9
19370 0.8996113184070463 1937
19371 0.8996266716182839 1937.1
19372 0.8996420862301331 1937.2
19373 0.8996575673779401 1937.3
19374 0.8996731166112707 1937.4
19375 0.8996887420062277 1937.5
19376 0.899704369634145 1937.6
19377 0.8997197651327888 1937.7
19378 0.8997352878713673 1937.8
19379 0.8997509441346299 1937.9
19380 0.899766740652569 1938
19381 0.8997826844157424 1938.1
19382 0.8997987685987534 1938.2
19383 0.8998149988211096 1938.3
19384 0.8998305240639892 1938.4
19385 0.8998459729742244 1938.5
19386 0.8998615542507881 1938.6
19387 0.8998772637643242 1938.7
19388 0.8998930971091704 1938.8
19389 0.8999090313987241 1938.9
19390 0.8999250038920199 1939
19391 0.8999410269014944 1939.1
19392 0.8999571433244256 1939.2
19393 0.8999733542265277 1939.3
19394 0.899989662205288 1939.4
19395 0.9000060704934828 1939.5
19396 0.9000225824119703 1939.6
19397 0.9000391992111768 1939.7
19398 0.9000559194188088 1939.8
19399 0.9000727419047733 1939.9
19400 0.9000896456292962 1940
19401 0.9001066337638953 1940.1
19402 0.90012370868491 1940.2
19403 0.900140858089242 1940.3
19404 0.9001579278921876 1940.4
19405 0.9001748662110324 1940.5
19406 0.9001918267362642 1940.6
19407 0.9002088154059239 1940.7
19408 0.9002258380429423 1940.8
19409 0.9002429112090954 1940.9
19410 0.9002598233607811 1941
19411 0.900276190503418 1941.1
19412 0.900292593446591 1941.2
19413 0.9003089955602039 1941.3
19414 0.9003254119172981 1941.4
19415 0.9003418500655914 1941.5
19416 0.900358316338606 1941.6
19417 0.900374342579878 1941.7
19418 0.900390138416121 1941.8
19419 0.9004059668937535 1941.9
19420 0.9004218377022625 1942
19421 0.9004377564360494 1942.1
19422 0.900453733386661 1942.2
19423 0.9004697588549934 1942.3
19424 0.9004858515285382 1942.4
19425 0.9005020116563583 1942.5
19426 0.9005182527668308 1942.6
19427 0.9005345942836483 1942.7
19428 0.9005510368993062 1942.8
19429 0.9005675786098694 1942.9
19430 0.9005842015211263 1943
19431 0.9006008913525452 1943.1
19432 0.9006176490362791 1943.2
19433 0.9006344696082763 1943.3
19434 0.9006508175349219 1943.4
19435 0.9006666374159579 1943.5
19436 0.9006825668139146 1943.6
19437 0.9006986055810938 1943.7
19438 0.9007147525620118 1943.8
19439 0.9007305270845312 1943.9
19440 0.900746297554072 1944
19441 0.9007617068726227 1944.1
19442 0.9007772842729274 1944.2
19443 0.9007930175061195 1944.3
19444 0.9008088978276984 1944.4
19445 0.9008249051157677 1944.5
19446 0.9008410203217516 1944.6
19447 0.9008572431030241 1944.7
19448 0.9008735743367479 1944.8
19449 0.900890010417117 1944.9
19450 0.9009065468316242 1945
19451 0.9009231778686437 1945.1
19452 0.9009398968370865 1945.2
19453 0.9009566660278812 1945.3
19454 0.9009734160129208 1945.4
19455 0.9009902610937573 1945.5
19456 0.9010072066168809 1945.6
19457 0.9010242539350225 1945.7
19458 0.9010414031443343 1945.8
19459 0.9010586543475403 1945.9
19460 0.9010760020446199 1946
19461 0.9010933128430431 1946.1
19462 0.901110564288451 1946.2
19463 0.9011278599970018 1946.3
19464 0.9011451917830834 1946.4
19465 0.90116244567711 1946.5
19466 0.9011788814846415 1946.6
19467 0.9011953711083056 1946.7
19468 0.9012119149341206 1946.8
19469 0.9012285098373108 1946.9
19470 0.9012451404411651 1947
19471 0.9012618020389166 1947.1
19472 0.9012785028451166 1947.2
19473 0.9012952468111055 1947.3
19474 0.9013120426699106 1947.4
19475 0.9013288845797205 1947.5
19476 0.9013458009425277 1947.6
19477 0.9013628098328494 1947.7
19478 0.9013799223644094 1947.8
19479 0.9013971479251661 1947.9
19480 0.9014144940925324 1948
19481 0.9014319645899325 1948.1
19482 0.9014495602502138 1948.2
19483 0.9014672775001565 1948.3
19484 0.9014843302795578 1948.4
19485 0.9015014393969178 1948.5
19486 0.9015186523247146 1948.6
19487 0.9015359533330368 1948.7
19488 0.9015533549773216 1948.8
19489 0.9015708397235224 1948.9
19490 0.9015883993794631 1949
19491 0.9016060335950541 1949.1
19492 0.901623746257366 1949.2
19493 0.9016415454468863 1949.3
19494 0.9016594275923966 1949.4
19495 0.9016773889717491 1949.5
19496 0.9016954293471404 1949.6
19497 0.9017131915040907 1949.7
19498 0.9017310425867942 1949.8
19499 0.9017489986422741 1949.9
19500 0.9017670349199359 1950
19501 0.901785126588472 1950.1
19502 0.9018032602806418 1950.2
19503 0.9018214194857537 1950.3
19504 0.9018395863592658 1950.4
19505 0.9018577446865655 1950.5
19506 0.9018758890293349 1950.6
19507 0.9018940156958258 1950.7
19508 0.9019121097983755 1950.8
19509 0.9019301427718331 1950.9
19510 0.901946783983914 1951
19511 0.9019630680119928 1951.1
19512 0.9019788138230701 1951.2
19513 0.9019940760318021 1951.3
19514 0.9020094207156841 1951.4
19515 0.9020248630269506 1951.5
19516 0.9020404117349891 1951.6
19517 0.9020560682782847 1951.7
19518 0.9020718338778343 1951.8
19519 0.9020877062352308 1951.9
19520 0.9021036794306369 1952
19521 0.9021197417332467 1952.1
19522 0.9021358751930136 1952.2
19523 0.9021520508338459 1952.3
19524 0.902168235393484 1952.4
19525 0.9021843938632103 1952.5
19526 0.9022004887437138 1952.6
19527 0.9022164634728685 1952.7
19528 0.9022323036498543 1952.8
19529 0.9022480178856175 1952.9
19530 0.9022636128615669 1953
19531 0.9022789644466946 1953.1
19532 0.9022933638072486 1953.2
19533 0.9023078255663277 1953.3
19534 0.9023223547433626 1953.4
19535 0.9023369691332007 1953.5
19536 0.9023516858726237 1953.6
19537 0.9023665025799191 1953.7
19538 0.9023814171904294 1953.8
19539 0.9023964242974382 1953.9
19540 0.9024101307772798 1954
19541 0.9024237988985206 1954.1
19542 0.9024376130196019 1954.2
19543 0.9024515624585909 1954.3
19544 0.9024656390700917 1954.4
19545 0.90247983046231 1954.5
19546 0.902494118279888 1954.6
19547 0.902508485048114 1954.7
19548 0.9025223595651368 1954.8
19549 0.9025360037090138 1954.9
19550 0.9025496878061676 1955
19551 0.902563420483849 1955.1
19552 0.9025772068310877 1955.2
19553 0.9025910516855306 1955.3
19554 0.9026049602208117 1955.4
19555 0.9026189345721383 1955.5
19556 0.9026329743688085 1955.6
19557 0.9026470853018582 1955.7
19558 0.9026612712241843 1955.8
19559 0.9026755362128218 1955.9
19560 0.9026898839848492 1956
19561 0.9027043154221474 1956.1
19562 0.902718830271375 1956.2
19563 0.9027334285646577 1956.3
19564 0.9027481101169358 1956.4
19565 0.9027628742236331 1956.5
19566 0.9027777195442757 1956.6
19567 0.9027926448218598 1956.7
19568 0.9028076461831916 1956.8
19569 0.9028227141884775 1956.9
19570 0.9028378429180924 1957
19571 0.9028530235066857 1957.1
19572 0.9028677865194304 1957.2
19573 0.902882231483208 1957.3
19574 0.9028967195257203 1957.4
19575 0.9029112447677156 1957.5
19576 0.9029258037190659 1957.6
19577 0.9029403963032788 1957.7
19578 0.9029550116636635 1957.8
19579 0.9029692382195016 1957.9
19580 0.9029832131125651 1958
19581 0.9029972665408693 1958.1
19582 0.9030113981757708 1958.2
19583 0.9030256093793065 1958.3
19584 0.9030399010350043 1958.4
19585 0.903054271522112 1958.5
19586 0.9030687187328755 1958.6
19587 0.9030832445888406 1958.7
19588 0.9030978491223911 1958.8
19589 0.9031125285845371 1958.9
19590 0.9031272781844516 1959
19591 0.903142095351 1959.1
19592 0.9031569789584114 1959.2
19593 0.9031719291953073 1959.3
19594 0.9031869467543658 1959.4
19595 0.9032020329114462 1959.5
19596 0.9032171882209166 1959.6
19597 0.9032324154344864 1959.7
19598 0.9032477184971581 1959.8
19599 0.9032629060779318 1959.9
19600 0.903278022940342 1960
19601 0.9032932644647523 1960.1
19602 0.9033086349575491 1960.2
19603 0.9033241314559977 1960.3
19604 0.903339755238785 1960.4
19605 0.9033555125453885 1960.5
19606 0.9033714144393233 1960.6
19607 0.9033874558234947 1960.7
19608 0.9034033456379965 1960.8
19609 0.9034184997700454 1960.9
19610 0.9034337840737128 1961
19611 0.9034491918405274 1961.1
19612 0.9034646828410563 1961.2
19613 0.9034802534337699 1961.3
19614 0.9034959014014843 1961.4
19615 0.9035116233407687 1961.5
19616 0.9035274159079065 1961.6
19617 0.9035432762793555 1961.7
19618 0.9035592003811955 1961.8
19619 0.9035751819428222 1961.9
19620 0.9035912131500926 1962
19621 0.9036072733422413 1962.1
19622 0.9036233496904678 1962.2
19623 0.9036394152721158 1962.3
19624 0.9036553924205272 1962.4
19625 0.903671408608303 1962.5
19626 0.9036874692378732 1962.6
19627 0.9037035718205927 1962.7
19628 0.9037196206683217 1962.8
19629 0.9037353102822729 1962.9
19630 0.9037509320542115 1963
19631 0.9037665067954186 1963.1
19632 0.9037820292034873 1963.2
19633 0.9037975137753722 1963.3
19634 0.9038129835414732 1963.4
19635 0.9038284513600163 1963.5
19636 0.903843930844473 1963.6
19637 0.9038594309705577 1963.7
19638 0.903874968487038 1963.8
19639 0.9038905602084062 1963.9
19640 0.9039062241322146 1964
19641 0.9039219811561022 1964.1
19642 0.9039371398748022 1964.2
19643 0.9039521170646552 1964.3
19644 0.9039671754887727 1964.4
19645 0.9039823259998511 1964.5
19646 0.9039975718790657 1964.6
19647 0.9040129084029044 1964.7
19648 0.904028316121034 1964.8
19649 0.904043790396309 1964.9
19650 0.9040593358356598 1965
19651 0.9040749535952722 1965.1
19652 0.9040906456248021 1965.2
19653 0.9041064142156244 1965.3
19654 0.9041222668359348 1965.4
19655 0.9041382095339421 1965.5
19656 0.9041542480162872 1965.6
19657 0.904170386844905 1965.7
19658 0.9041866283546952 1965.8
19659 0.9042029674928496 1965.9
19660 0.9042194056501549 1966
19661 0.9042359496599183 1966.1
19662 0.9042525863355231 1966.2
19663 0.9042693024224969 1966.3
19664 0.9042860875673083 1966.4
19665 0.9043029455218543 1966.5
19666 0.9043194316374933 1966.6
19667 0.9043355306474558 1966.7
19668 0.9043517348150315 1966.8
19669 0.9043680636074192 1966.9
19670 0.9043845352062544 1967
19671 0.9044011625201789 1967.1
19672 0.9044179498636659 1967.2
19673 0.9044349043103767 1967.3
19674 0.9044520317618222 1967.4
19675 0.9044693118643079 1967.5
19676 0.9044867424248499 1967.6
19677 0.9045038723844143 1967.7
19678 0.9045207707946616 1967.8
19679 0.9045377807826035 1967.9
19680 0.904554878346738 1968
19681 0.9045720449259149 1968.1
19682 0.9045892659930646 1968.2
19683 0.904606439243387 1968.3
19684 0.904623278694459 1968.4
19685 0.904640113059336 1968.5
19686 0.9046569415593367 1968.6
19687 0.9046737671893047 1968.7
19688 0.9046905941748717 1968.8
19689 0.9047074283251645 1968.9
19690 0.9047242778685435 1969
19691 0.9047411507733012 1969.1
19692 0.9047580552029872 1969.2
19693 0.9047749924016391 1969.3
19694 0.9047919647663064 1969.4
19695 0.9048089844638164 1969.5
19696 0.9048260612078586 1969.6
19697 0.9048431984304387 1969.7
19698 0.9048604023015224 1969.8
19699 0.9048776805125894 1969.9
19700 0.9048950366374297 1970
19701 0.9049124766660227 1970.1
19702 0.9049300060354588 1970.2
19703 0.9049476305867358 1970.3
19704 0.9049653509602609 1970.4
19705 0.9049831683634785 1970.5
19706 0.9050010847940924 1970.6
19707 0.905019103450571 1970.7
19708 0.9050372168008753 1970.8
19709 0.9050554291771206 1970.9
19710 0.9050737421671042 1971
19711 0.9050921584482461 1971.1
19712 0.9051106782050586 1971.2
19713 0.9051292951843959 1971.3
19714 0.9051474169685596 1971.4
19715 0.9051652697674055 1971.5
19716 0.9051831990830519 1971.6
19717 0.905201188523349 1971.7
19718 0.9052192074892569 1971.8
19719 0.9052372486207957 1971.9
19720 0.9052553089359917 1972
19721 0.9052733863488147 1972.1
19722 0.9052914805582641 1972.2
19723 0.9053095930199835 1972.3
19724 0.9053277230063598 1972.4
19725 0.9053458674932887 1972.5
19726 0.9053640415014589 1972.6
19727 0.9053822495610305 1972.7
19728 0.9054004863828081 1972.8
19729 0.9054187635413714 1972.9
19730 0.9054370912003784 1973
19731 0.9054554710065532 1973.1
19732 0.9054739102545126 1973.2
19733 0.905492111053 1973.3
19734 0.9055101829746524 1973.4
19735 0.9055283789399791 1973.5
19736 0.9055467006783927 1973.6
19737 0.9055651711062058 1973.7
19738 0.9055837744460905 1973.8
19739 0.9056024797267302 1973.9
19740 0.905621272282324 1974
19741 0.9056401524413328 1974.1
19742 0.9056585325404334 1974.2
19743 0.9056768168516618 1974.3
19744 0.9056951835647676 1974.4
19745 0.9057136207451739 1974.5
19746 0.9057321261852446 1974.6
19747 0.9057506857010021 1974.7
19748 0.9057693406693312 1974.8
19749 0.9057875109165067 1974.9
19750 0.9058057631766262 1975
19751 0.9058239045813665 1975.1
19752 0.905841099518273 1975.2
19753 0.9058584941914013 1975.3
19754 0.9058760606665074 1975.4
19755 0.9058937677878638 1975.5
19756 0.9059115910261032 1975.6
19757 0.9059294990380448 1975.7
19758 0.9059474685481845 1975.8
19759 0.9059654436199286 1975.9
19760 0.9059817635095908 1976
19761 0.9059967264730742 1976.1
19762 0.906011889624966 1976.2
19763 0.9060272429353987 1976.3
19764 0.906042784731546 1976.4
19765 0.9060585117741641 1976.5
19766 0.906074418316001 1976.6
19767 0.9060905061197172 1976.7
19768 0.9061067736516273 1976.8
19769 0.9061232188306104 1976.9
19770 0.9061398399223993 1977
19771 0.9061566336326708 1977.1
19772 0.9061734416704453 1977.2
19773 0.9061897040234032 1977.3
19774 0.9062061339090477 1977.4
19775 0.9062227472820122 1977.5
19776 0.9062395156374502 1977.6
19777 0.9062564237364628 1977.7
19778 0.9062734572341362 1977.8
19779 0.906290188984073 1977.9
19780 0.9063067962347507 1978
19781 0.9063234411584732 1978.1
19782 0.9063401235667294 1978.2
19783 0.9063568438378542 1978.3
19784 0.9063735617159804 1978.4
19785 0.9063903217224242 1978.5
19786 0.9064071258226776 1978.6
19787 0.9064239697836329 1978.7
19788 0.9064408531770861 1978.8
19789 0.9064577021941385 1978.9
19790 0.9064741268982712 1979
19791 0.9064906342825563 1979.1
19792 0.9065072117424088 1979.2
19793 0.9065238575135575 1979.3
19794 0.9065404738486389 1979.4
19795 0.9065571347784026 1979.5
19796 0.9065738549450463 1979.6
19797 0.9065906545953814 1979.7
19798 0.9066075343578299 1979.8
19799 0.9066244927257532 1979.9
19800 0.9066415251368544 1980
19801 0.9066586236269023 1980.1
19802 0.9066757771387649 1980.2
19803 0.9066929693231565 1980.3
19804 0.9067101823429384 1980.4
19805 0.9067274051013963 1980.5
19806 0.906744623909671 1980.6
19807 0.9067618449284237 1980.7
19808 0.9067780309113747 1980.8
19809 0.9067931038394974 1980.9
19810 0.9068081167370873 1981
19811 0.906822511150848 1981.1
19812 0.906837014784624 1981.2
19813 0.9068516353638217 1981.3
19814 0.906866372570249 1981.4
19815 0.9068812213389931 1981.5
19816 0.9068961748883599 1981.6
19817 0.9069112219898268 1981.7
19818 0.9069263476951451 1981.8
19819 0.9069415231588658 1981.9
19820 0.9069567040624182 1982
19821 0.9069718669789086 1982.1
19822 0.9069869580638253 1982.2
19823 0.9070019941948273 1982.3
19824 0.9070169949390297 1982.4
19825 0.9070320222532799 1982.5
19826 0.9070470776559755 1982.6
19827 0.9070621626638791 1982.7
19828 0.9070772949177082 1982.8
19829 0.9070924049586668 1982.9
19830 0.9071075028800476 1983
19831 0.9071226368667781 1983.1
19832 0.907137786859342 1983.2
19833 0.9071526433167576 1983.3
19834 0.9071675804011722 1983.4
19835 0.9071825995212707 1983.5
19836 0.9071977011890283 1983.6
19837 0.9072128843042093 1983.7
19838 0.9072281475536315 1983.8
19839 0.9072434903888039 1983.9
19840 0.9072589128353391 1984
19841 0.9072744265896066 1984.1
19842 0.9072900318250881 1984.2
19843 0.907305725113508 1984.3
19844 0.9073214994269077 1984.4
19845 0.9073373424400583 1984.5
19846 0.9073532450819178 1984.6
19847 0.9073691927901731 1984.7
19848 0.9073851723850036 1984.8
19849 0.9074011678770331 1984.9
19850 0.9074170158694141 1985
19851 0.9074328930223243 1985.1
19852 0.9074488013420592 1985.2
19853 0.9074646946174644 1985.3
19854 0.9074803739144243 1985.4
19855 0.9074960633657297 1985.5
19856 0.9075117516752937 1985.6
19857 0.9075271985951525 1985.7
19858 0.9075424475258158 1985.8
19859 0.9075575079578504 1985.9
19860 0.9075725018794198 1986
19861 0.9075874374568932 1986.1
19862 0.9076023241313449 1986.2
19863 0.9076171722448265 1986.3
19864 0.9076319919276008 1986.4
19865 0.9076467935479329 1986.5
19866 0.9076615873511851 1986.6
19867 0.9076763841464938 1986.7
19868 0.9076911950563183 1986.8
19869 0.9077060312044638 1986.9
19870 0.9077208982344106 1987
19871 0.9077356828252294 1987.1
19872 0.9077505129396477 1987.2
19873 0.9077653989672015 1987.3
19874 0.9077803473029421 1987.4
19875 0.907795363598825 1987.5
19876 0.9078104507251218 1987.6
19877 0.9078256120630442 1987.7
19878 0.9078408496676941 1987.8
19879 0.9078561638764799 1987.9
19880 0.9078715531061783 1988
19881 0.9078866153278832 1988.1
19882 0.907901097156428 1988.2
19883 0.9079156410833601 1988.3
19884 0.9079302436794048 1988.4
19885 0.9079449028788092 1988.5
19886 0.907959614424361 1988.6
19887 0.9079743772547488 1988.7
19888 0.9079891961720679 1988.8
19889 0.9080040710929458 1988.9
19890 0.9080190004654828 1989
19891 0.9080339906684546 1989.1
19892 0.9080490539445349 1989.2
19893 0.9080642019364912 1989.3
19894 0.908079442213776 1989.4
19895 0.9080947539377373 1989.5
19896 0.9081101026984666 1989.6
19897 0.908125559621628 1989.7
19898 0.9081411179869306 1989.8
19899 0.9081567771753345 1989.9
19900 0.9081725356455104 1990
19901 0.9081883836003839 1990.1
19902 0.9082043054280298 1990.2
19903 0.9082202879167656 1990.3
19904 0.9082363188828985 1990.4
19905 0.9082523918572423 1990.5
19906 0.9082683333233545 1990.6
19907 0.908283664419119 1990.7
19908 0.9082990234433782 1990.8
19909 0.9083144199874248 1990.9
19910 0.9083298602877762 1991
19911 0.9083453580107289 1991.1
19912 0.9083608491935161 1991.2
19913 0.9083759256753241 1991.3
19914 0.9083901926078547 1991.4
19915 0.9084043869512822 1991.5
19916 0.9084186404482868 1991.6
19917 0.9084329406670352 1991.7
19918 0.9084472803511989 1991.8
19919 0.908461663211082 1991.9
19920 0.9084760877479711 1992
19921 0.9084905453693225 1992.1
19922 0.908505033477146 1992.2
19923 0.9085195533617796 1992.3
19924 0.9085341032881915 1992.4
19925 0.9085486631444821 1992.5
19926 0.9085631594197882 1992.6
19927 0.9085777082177998 1992.7
19928 0.9085923019279079 1992.8
19929 0.9086069351510194 1992.9
19930 0.9086216015240061 1993
19931 0.9086362996219279 1993.1
19932 0.9086510375579258 1993.2
19933 0.9086657942771922 1993.3
19934 0.9086806018447166 1993.4
19935 0.9086954636703143 1993.5
19936 0.9087103890691837 1993.6
19937 0.9087253779527679 1993.7
19938 0.9087404294198594 1993.8
19939 0.9087555418828941 1993.9
19940 0.9087706989514407 1994
19941 0.9087858796746321 1994.1
19942 0.9088011195323425 1994.2
19943 0.9088164180308973 1994.3
19944 0.9088317762243793 1994.4
19945 0.9088471953706749 1994.5
19946 0.9088626758972512 1994.6
19947 0.9088782159263882 1994.7
19948 0.9088938053833098 1994.8
19949 0.9089094464461256 1994.9
19950 0.908925137424796 1995
19951 0.9089408776166961 1995.1
19952 0.9089566624006191 1995.2
19953 0.908971986211022 1995.3
19954 0.9089869147002293 1995.4
19955 0.9090018757250079 1995.5
19956 0.9090167298847651 1995.6
19957 0.9090315629942408 1995.7
19958 0.9090463915722977 1995.8
19959 0.9090612132720467 1995.9
19960 0.9090758109368515 1996
19961 0.9090900891075082 1996.1
19962 0.9091044040492965 1996.2
19963 0.9091187554118139 1996.3
19964 0.9091331418525022 1996.4
19965 0.9091475622501451 1996.5
19966 0.9091619997652146 1996.6
19967 0.9091764599318773 1996.7
19968 0.9091909450302454 1996.8
19969 0.9092054472374496 1996.9
19970 0.909219968994063 1997
19971 0.9092345122064792 1997.1
19972 0.9092490684094912 1997.2
19973 0.9092636381970821 1997.3
19974 0.9092782241133113 1997.4
19975 0.909292834518133 1997.5
19976 0.9093074730998129 1997.6
19977 0.9093221413401958 1997.7
19978 0.9093365132203388 1997.8
19979 0.9093502295420904 1997.9
19980 0.9093640764993259 1998
19981 0.9093780528285644 1998.1
19982 0.9093921536658894 1998.2
19983 0.9094063730921736 1998.3
19984 0.9094207074241756 1998.4
19985 0.9094351537030915 1998.5
19986 0.9094496680414601 1998.6
19987 0.9094629813341573 1998.7
19988 0.9094762449950184 1998.8
19989 0.9094896180268782 1998.9
19990 0.9095031639524089 1999
19991 0.9095167777248651 1999.1
19992 0.9095297660879509 1999.2
19993 0.9095429352677906 1999.3
19994 0.9095562782141375 1999.4
19995 0.9095697755595865 1999.5
19996 0.9095834117315093 1999.6
19997 0.9095971863953232 1999.7
19998 0.9096111066630032 1999.8
19999 0.9096251766416601 1999.9
20000 0.9096394013207239 2000
20001 0.9096537798768365 2000.1
20002 0.9096683080556827 2000.2
20003 0.9096829921111127 2000.3
20004 0.9096978361229292 2000.4
20005 0.9097128298041779 2000.5
20006 0.9097278381398143 2000.6
20007 0.9097429862984165 2000.7
20008 0.9097582669199717 2000.8
20009 0.9097736694161463 2000.9
20010 0.9097891907495431 2001
20011 0.9098048088582256 2001.1
20012 0.9098205057507019 2001.2
20013 0.9098362762994582 2001.3
20014 0.9098521148352695 2001.4
20015 0.9098676842924293 2001.5
20016 0.9098828261659785 2001.6
20017 0.9098976458171519 2001.7
20018 0.9099124739916398 2001.8
20019 0.90992731103744 2001.9
20020 0.9099421542463249 2002
20021 0.9099570080540121 2002.1
20022 0.909971516765063 2002.2
20023 0.9099857112922211 2002.3
20024 0.9099999385017205 2002.4
20025 0.9100141832771542 2002.5
20026 0.9100284175665193 2002.6
20027 0.9100426155557791 2002.7
20028 0.9100568164474643 2002.8
20029 0.9100710298146625 2002.9
20030 0.9100852636114224 2003
20031 0.9100995250733933 2003.1
20032 0.9101138183405418 2003.2
20033 0.9101281525733336 2003.3
20034 0.9101425319109456 2003.4
20035 0.9101569601917725 2003.5
20036 0.9101714398016997 2003.6
20037 0.9101859774387897 2003.7
20038 0.9102005485978579 2003.8
20039 0.9102151682437364 2003.9
20040 0.9102298554516218 2004
20041 0.9102446164214457 2004.1
20042 0.9102594539674524 2004.2
20043 0.9102743714394015 2004.3
20044 0.9102893707634386 2004.4
20045 0.9103044559697151 2004.5
20046 0.9103196287769972 2004.6
20047 0.9103348858128081 2004.7
20048 0.9103502260794133 2004.8
20049 0.9103651841540591 2004.9
20050 0.9103800481825385 2005
20051 0.9103950639187302 2005.1
20052 0.9104102220428506 2005.2
20053 0.9104255134717985 2005.3
20054 0.9104409003018398 2005.4
20055 0.9104556658274677 2005.5
20056 0.9104705736104048 2005.6
20057 0.91048560879777 2005.7
20058 0.9105007515491373 2005.8
20059 0.9105160004461343 2005.9
20060 0.9105313568237705 2006
20061 0.9105468231080903 2006.1
20062 0.9105624033249535 2006.2
20063 0.9105781039583438 2006.3
20064 0.910593929136276 2006.4
20065 0.9106098832401501 2006.5
20066 0.9106259708958547 2006.6
20067 0.9106421967333199 2006.7
20068 0.910658565629028 2006.8
20069 0.9106750810401749 2006.9
20070 0.9106917396609591 2007
20071 0.9107085448201073 2007.1
20072 0.9107255025205639 2007.2
20073 0.910742619059531 2007.3
20074 0.9107598963880879 2007.4
20075 0.9107773266402036 2007.5
20076 0.9107944555525205 2007.6
20077 0.9108116201155801 2007.7
20078 0.9108289353646434 2007.8
20079 0.9108463961863026 2007.9
20080 0.9108639904280645 2008
20081 0.9108816892426118 2008.1
20082 0.9108994503612323 2008.2
20083 0.9109170681744372 2008.3
20084 0.91093474397049 2008.4
20085 0.9109524612931832 2008.5
20086 0.9109701886250922 2008.6
20087 0.910986864306354 2008.7
20088 0.9110033941191558 2008.8
20089 0.9110199620443458 2008.9
20090 0.9110365693510498 2009
20091 0.9110532158685468 2009.1
20092 0.9110698606972512 2009.2
20093 0.9110861834572277 2009.3
20094 0.9111024875134442 2009.4
20095 0.9111187814562745 2009.5
20096 0.9111350738699677 2009.6
20097 0.9111513855567245 2009.7
20098 0.9111677278078746 2009.8
20099 0.9111841051651499 2009.9
20100 0.9112005229142088 2010
20101 0.911216987472222 2010.1
20102 0.9112335059150047 2010.2
20103 0.9112500849580271 2010.3
20104 0.911266725640968 2010.4
20105 0.9112834308829489 2010.5
20106 0.9113002003762736 2010.6
20107 0.9113167005817326 2010.7
20108 0.9113332106867834 2010.8
20109 0.9113498073480755 2010.9
20110 0.9113664852211864 2011
20111 0.9113832367189917 2011.1
20112 0.9114000532138692 2011.2
20113 0.9114169467702113 2011.3
20114 0.9114339330415377 2011.4
20115 0.9114507640755041 2011.5
20116 0.9114663776016195 2011.6
20117 0.9114820896779522 2011.7
20118 0.9114979019083315 2011.8
20119 0.9115138027700599 2011.9
20120 0.9115294491383755 2012
20121 0.9115446444906853 2012.1
20122 0.9115598418312691 2012.2
20123 0.9115750058099938 2012.3
20124 0.9115901208407555 2012.4
20125 0.9116052931635589 2012.5
20126 0.9116205288223291 2012.6
20127 0.9116358320352775 2012.7
20128 0.911651198164977 2012.8
20129 0.9116666207485934 2012.9
20130 0.9116821024587412 2013
20131 0.9116975536031797 2013.1
20132 0.9117130517878973 2013.2
20133 0.9117286008983834 2013.3
20134 0.9117442066772424 2013.4
20135 0.9117598680008377 2013.5
20136 0.9117755836654839 2013.6
20137 0.9117913527410686 2013.7
20138 0.9118071431245308 2013.8
20139 0.911822956788837 2013.9
20140 0.9118388019035427 2014
20141 0.9118546813952264 2014.1
20142 0.9118705961381227 2014.2
20143 0.911886548158414 2014.3
20144 0.9119025247708754 2014.4
20145 0.9119184947976035 2014.5
20146 0.9119344540766386 2014.6
20147 0.9119504126463759 2014.7
20148 0.9119660163200101 2014.8
20149 0.9119814872022273 2014.9
20150 0.9119969922189837 2015
20151 0.9120125283886469 2015.1
20152 0.9120281006350049 2015.2
20153 0.9120436969669586 2015.3
20154 0.9120592945649223 2015.4
20155 0.9120741911683948 2015.5
20156 0.9120889171644748 2015.6
20157 0.9121036978139181 2015.7
20158 0.912118538457055 2015.8
20159 0.9121334403755075 2015.9
20160 0.9121483998953741 2016
20161 0.9121634076436131 2016.1
20162 0.9121784621562582 2016.2
20163 0.9121935667891065 2016.3
20164 0.9122087224187032 2016.4
20165 0.9122239319975861 2016.5
20166 0.9122391754749138 2016.6
20167 0.9122544731379045 2016.7
20168 0.9122698237503795 2016.8
20169 0.9122852249567006 2016.9
20170 0.9123006743841553 2017
20171 0.9123161696473958 2017.1
20172 0.9123317083179688 2017.2
20173 0.9123472878945086 2017.3
20174 0.9123629058232601 2017.4
20175 0.9123785588461198 2017.5
20176 0.9123942432773561 2017.6
20177 0.9124099569585993 2017.7
20178 0.9124256977240526 2017.8
20179 0.9124414633114978 2017.9
20180 0.9124572516929472 2018
20181 0.9124730641787135 2018.1
20182 0.9124889017672088 2018.2
20183 0.9125047629827738 2018.3
20184 0.9125206467463317 2018.4
20185 0.9125365523372901 2018.5
20186 0.9125524793500154 2018.6
20187 0.9125684276977498 2018.7
20188 0.9125843975802446 2018.8
20189 0.9126003903411536 2018.9
20190 0.912616414527566 2019
20191 0.9126324693530272 2019.1
20192 0.912648555008099 2019.2
20193 0.9126646723241414 2019.3
20194 0.9126807053370278 2019.4
20195 0.9126963397337398 2019.5
20196 0.9127120617939052 2019.6
20197 0.9127278758184453 2019.7
20198 0.9127437791913059 2019.8
20199 0.9127597680632422 2019.9
20200 0.9127758382000671 2020
20201 0.9127919856380654 2020.1
20202 0.9128082068369269 2020.2
20203 0.9128244987157155 2020.3
20204 0.9128408593033684 2020.4
20205 0.912857286003029 2020.5
20206 0.9128737763956344 2020.6
20207 0.9128903280591872 2020.7
20208 0.9129069384231552 2020.8
20209 0.9129235943494765 2020.9
20210 0.9129402965481145 2021
20211 0.9129567900934952 2021.1
20212 0.9129719067541653 2021.2
20213 0.9129871885038181 2021.3
20214 0.9130026307777312 2021.4
20215 0.9130182125957503 2021.5
20216 0.9130339143181597 2021.6
20217 0.9130497198265273 2021.7
20218 0.9130651843931943 2021.8
20219 0.9130803198982249 2021.9
20220 0.9130946904534117 2022
20221 0.9131087247298796 2022.1
20222 0.9131229060568384 2022.2
20223 0.9131372232137778 2022.3
20224 0.9131515225889162 2022.4
20225 0.9131658589634642 2022.5
20226 0.9131803140989836 2022.6
20227 0.9131948825870856 2022.7
20228 0.9132095691297643 2022.8
20229 0.913224376405629 2022.9
20230 0.9132393059637722 2023
20231 0.9132543589625663 2023.1
20232 0.9132694055810294 2023.2
20233 0.913283966611648 2023.3
20234 0.9132987113941826 2023.4
20235 0.913313627624788 2023.5
20236 0.9133287059027821 2023.6
20237 0.9133439380280488 2023.7
20238 0.9133593187941513 2023.8
20239 0.9133748443197605 2023.9
20240 0.9133905119591519 2024
20241 0.9134063198119833 2024.1
20242 0.9134222660598869 2024.2
20243 0.9134383454897177 2024.3
20244 0.913454550221412 2024.4
20245 0.9134708746287342 2024.5
20246 0.9134873134991515 2024.6
20247 0.9135032790973394 2024.7
20248 0.9135190446666666 2024.8
20249 0.9135348987307502 2024.9
20250 0.9135505862602753 2025
20251 0.9135659804898321 2025.1
20252 0.9135814782175202 2025.2
20253 0.9135970617286568 2025.3
20254 0.9136127313004819 2025.4
20255 0.9136284830506072 2025.5
20256 0.91364431491468 2025.6
20257 0.9136602136514811 2025.7
20258 0.9136761713892322 2025.8
20259 0.9136921885154727 2025.9
20260 0.9137082709306733 2026
20261 0.9137244239691658 2026.1
20262 0.9137403717838005 2026.2
20263 0.9137561884723754 2026.3
20264 0.9137720347602932 2026.4
20265 0.9137879145934508 2026.5
20266 0.9138038360503165 2026.6
20267 0.9138198024841223 2026.7
20268 0.9138358144668273 2026.8
20269 0.9138518734580111 2026.9
20270 0.9138679760502711 2027
20271 0.9138841020074958 2027.1
20272 0.9139002479013759 2027.2
20273 0.9139164117861981 2027.3
20274 0.9139325846553364 2027.4
20275 0.9139479107858206 2027.5
20276 0.9139619961278396 2027.6
20277 0.9139760400772557 2027.7
20278 0.9139901508866226 2027.8
20279 0.9140043518540957 2027.9
20280 0.9140185756304736 2028
20281 0.9140328413530765 2028.1
20282 0.9140471649570084 2028.2
20283 0.9140615328570979 2028.3
20284 0.9140759315134914 2028.4
20285 0.9140903630752962 2028.5
20286 0.9141048391568446 2028.6
20287 0.9141193581813547 2028.7
20288 0.914133911850152 2028.8
20289 0.9141485107430755 2028.9
20290 0.9141631587072264 2029
20291 0.9141778596535984 2029.1
20292 0.9141926233175286 2029.2
20293 0.9142074509589564 2029.3
20294 0.9142218678401572 2029.4
20295 0.9142362401345641 2029.5
20296 0.9142507546008156 2029.6
20297 0.9142654140436779 2029.7
20298 0.9142802186349124 2029.8
20299 0.9142951655284955 2029.9
20300 0.9143102496101378 2030
20301 0.9143254678334621 2030.1
20302 0.9143408058851085 2030.2
20303 0.914356224319737 2030.3
20304 0.9143717667179693 2030.4
20305 0.9143874249975067 2030.5
20306 0.9144031779586084 2030.6
20307 0.9144190218596484 2030.7
20308 0.9144349528120618 2030.8
20309 0.9144509660870899 2030.9
20310 0.9144669767977596 2031
20311 0.9144823337018652 2031.1
20312 0.9144977678398136 2031.2
20313 0.9145132667954595 2031.3
20314 0.9145288293004541 2031.4
20315 0.9145444535218654 2031.5
20316 0.9145601374273229 2031.6
20317 0.9145758664892958 2031.7
20318 0.9145915489842715 2031.8
20319 0.9146072978435609 2031.9
20320 0.9146231092818794 2032
20321 0.9146389631564396 2032.1
20322 0.9146547339034947 2032.2
20323 0.9146704387204183 2032.3
20324 0.9146862034331971 2032.4
20325 0.9147020344436723 2032.5
20326 0.9147179361198016 2032.6
20327 0.9147339209170802 2032.7
20328 0.9147499883930065 2032.8
20329 0.9147661360410755 2032.9
20330 0.9147823603724985 2033
20331 0.9147986571804195 2033.1
20332 0.9148150217270619 2033.2
20333 0.9148314491222205 2033.3
20334 0.9148478493971728 2033.4
20335 0.9148639543143637 2033.5
20336 0.9148800690135185 2033.6
20337 0.9148961931597043 2033.7
20338 0.9149123162796314 2033.8
20339 0.9149284441808653 2033.9
20340 0.9149439692417458 2034
20341 0.9149593165873221 2034.1
20342 0.9149747078395719 2034.2
20343 0.9149901336566763 2034.3
20344 0.9150056146405012 2034.4
20345 0.9150211606253402 2034.5
20346 0.9150367799658464 2034.6
20347 0.9150524882937899 2034.7
20348 0.9150682976889801 2034.8
20349 0.9150842133948073 2034.9
20350 0.9151002357059029 2035
20351 0.9151163678391973 2035.1
20352 0.915132609008645 2035.2
20353 0.9151489493178255 2035.3
20354 0.9151653771760695 2035.4
20355 0.9151818816188395 2035.5
20356 0.9151984351477077 2035.6
20357 0.9152150267574858 2035.7
20358 0.9152316502569392 2035.8
20359 0.9152482904808054 2035.9
20360 0.915264538471305 2036
20361 0.9152800017213127 2036.1
20362 0.915295564761889 2036.2
20363 0.9153112303125107 2036.3
20364 0.9153270088737709 2036.4
20365 0.9153428989193459 2036.5
20366 0.9153589010471089 2036.6
20367 0.9153750011725865 2036.7
20368 0.9153911983277629 2036.8
20369 0.9154074895935574 2036.9
20370 0.9154238678851004 2037
20371 0.9154403316558948 2037.1
20372 0.9154567289753187 2037.2
20373 0.9154729319327848 2037.3
20374 0.91548917337154 2037.4
20375 0.9155053812874527 2037.5
20376 0.9155216483662372 2037.6
20377 0.9155379679940459 2037.7
20378 0.9155543378835794 2037.8
20379 0.9155707568086333 2037.9
20380 0.9155872251797676 2038
20381 0.9156037444458012 2038.1
20382 0.91562031597258 2038.2
20383 0.9156369423086665 2038.3
20384 0.9156536223635243 2038.4
20385 0.915670354713116 2038.5
20386 0.9156871422789131 2038.6
20387 0.9157039871713153 2038.7
20388 0.9157208935721837 2038.8
20389 0.9157375494901518 2038.9
20390 0.9157541328247697 2039
20391 0.9157708461030771 2039.1
20392 0.9157876990027002 2039.2
20393 0.9158046974380871 2039.3
20394 0.9158218357119738 2039.4
20395 0.915839116263701 2039.5
20396 0.9158565405826635 2039.6
20397 0.9158741068277469 2039.7
20398 0.9158918107911153 2039.8
20399 0.9159096435389272 2039.9
20400 0.9159275817468213 2040
20401 0.9159455932230051 2040.1
20402 0.9159636709878232 2040.2
20403 0.9159817845845516 2040.3
20404 0.9159999006996662 2040.4
20405 0.9160179840223397 2040.5
20406 0.9160360049141953 2040.6
20407 0.9160538535365967 2040.7
20408 0.9160707693073037 2040.8
20409 0.9160876139521927 2040.9
20410 0.9161044094628729 2041
20411 0.9161211696411303 2041.1
20412 0.9161379113589455 2041.2
20413 0.9161546642810625 2041.3
20414 0.9161709897010744 2041.4
20415 0.9161866179184022 2041.5
20416 0.9162023912256839 2041.6
20417 0.9162183027495123 2041.7
20418 0.9162343450268818 2041.8
20419 0.9162504824257767 2041.9
20420 0.9162667145357638 2042
20421 0.9162830436913035 2042.1
20422 0.9162994536385526 2042.2
20423 0.9163159377097131 2042.3
20424 0.9163323960421567 2042.4
20425 0.9163488725225043 2042.5
20426 0.9163654193168833 2042.6
20427 0.916382026763188 2042.7
20428 0.9163986849942843 2042.8
20429 0.9164153842054499 2042.9
20430 0.9164321137785569 2043
20431 0.9164488659273025 2043.1
20432 0.9164656375854707 2043.2
20433 0.9164824262116671 2043.3
20434 0.9164991526043882 2043.4
20435 0.9165139234467171 2043.5
20436 0.9165286555865798 2043.6
20437 0.9165435856477915 2043.7
20438 0.9165586880520649 2043.8
20439 0.9165739356739955 2043.9
20440 0.916589315291459 2044
20441 0.9166048148858503 2044.1
20442 0.9166204238008093 2044.2
20443 0.9166361772305172 2044.3
20444 0.9166513921957002 2044.4
20445 0.9166659889021915 2044.5
20446 0.9166806875180339 2044.6
20447 0.9166947975365751 2044.7
20448 0.9167088161406428 2044.8
20449 0.9167227669169991 2044.9
20450 0.9167366607941654 2045
20451 0.9167502070811436 2045.1
20452 0.9167630742363249 2045.2
20453 0.9167760057719381 2045.3
20454 0.9167889981148998 2045.4
20455 0.9168020383998713 2045.5
20456 0.916815112355045 2045.6
20457 0.9168282186735092 2045.7
20458 0.9168413714019886 2045.8
20459 0.9168545496229573 2045.9
20460 0.9168664384851892 2046
20461 0.9168784230217912 2046.1
20462 0.9168904980859088 2046.2
20463 0.9169026617474961 2046.3
20464 0.9169149136464232 2046.4
20465 0.9169272499207103 2046.5
20466 0.9169396681188328 2046.6
20467 0.9169520687588854 2046.7
20468 0.9169643326111335 2046.8
20469 0.9169766895424105 2046.9
20470 0.916989136831707 2047
20471 0.9170016718573732 2047.1
20472 0.9170142835401568 2047.2
20473 0.9170269774196135 2047.3
20474 0.9170397515413885 2047.4
20475 0.9170526037995546 2047.5
20476 0.9170655322259065 2047.6
20477 0.9170784947297911 2047.7
20478 0.9170914891433253 2047.8
20479 0.9171045516036861 2047.9
20480 0.9171176791914262 2048
20481 0.9171307690283894 2048.1
20482 0.9171437949377961 2048.2
20483 0.9171569041300778 2048.3
20484 0.9171700951682583 2048.4
20485 0.9171833667078855 2048.5
20486 0.9171967179015695 2048.6
20487 0.9172101479456719 2048.7
20488 0.9172236558378171 2048.8
20489 0.9172372408964545 2048.9
20490 0.9172509026673417 2049
20491 0.9172646408124193 2049.1
20492 0.9172784550228037 2049.2
20493 0.9172923448881769 2049.3
20494 0.9173063096916813 2049.4
20495 0.9173203482100898 2049.5
20496 0.9173344584578665 2049.6
20497 0.9173486373834038 2049.7
20498 0.9173628805478049 2049.8
20499 0.9173769006198027 2049.9
20500 0.9173908611634231 2050
20501 0.9174048792604491 2050.1
20502 0.9174188658060775 2050.2
20503 0.9174327484011359 2050.3
20504 0.9174466451410757 2050.4
20505 0.9174605548725424 2050.5
20506 0.9174744740140981 2050.6
20507 0.9174883975218517 2050.7
20508 0.9175023171170931 2050.8
20509 0.9175162264416468 2050.9
20510 0.9175301257072369 2051
20511 0.9175439292138901 2051.1
20512 0.9175573235477524 2051.2
20513 0.917570659397002 2051.3
20514 0.9175839513322713 2051.4
20515 0.9175972106719141 2051.5
20516 0.9176104483719767 2051.6
20517 0.9176236756513241 2051.7
20518 0.9176369036583418 2051.8
20519 0.9176501473322723 2051.9
20520 0.9176633609109738 2052
20521 0.9176763883485188 2052.1
20522 0.917689455923382 2052.2
20523 0.9177025633861299 2052.3
20524 0.9177157094443923 2052.4
20525 0.9177288954205152 2052.5
20526 0.9177421155637933 2052.6
20527 0.9177553525737208 2052.7
20528 0.9177685875618452 2052.8
20529 0.9177818126272919 2052.9
20530 0.9177950271790253 2053
20531 0.9178082263459014 2053.1
20532 0.9178214052289654 2053.2
20533 0.9178343423024311 2053.3
20534 0.9178464521155639 2053.4
20535 0.9178586025502182 2053.5
20536 0.9178708111791591 2053.6
20537 0.9178830774789757 2053.7
20538 0.9178953891215529 2053.8
20539 0.9179077508227578 2053.9
20540 0.9179201578214294 2054
20541 0.9179326023720553 2054.1
20542 0.9179450919175328 2054.2
20543 0.9179576278642009 2054.3
20544 0.9179700527556227 2054.4
20545 0.9179821389219197 2054.5
20546 0.9179943326948564 2054.6
20547 0.9180066321516167 2054.7
20548 0.9180190327301345 2054.8
20549 0.9180315391011022 2054.9
20550 0.9180441466427699 2055
20551 0.9180568545951591 2055.1
20552 0.9180696620968628 2055.2
20553 0.9180823813068376 2055.3
20554 0.9180951937037881 2055.4
20555 0.9181081108679165 2055.5
20556 0.9181211322181615 2055.6
20557 0.9181342562118244 2055.7
20558 0.91814748015238 2055.8
20559 0.9181608016067204 2055.9
20560 0.9181742197020999 2056
20561 0.9181875671394701 2056.1
20562 0.9182009680102911 2056.2
20563 0.9182144697911704 2056.3
20564 0.918228066254724 2056.4
20565 0.9182417500923505 2056.5
20566 0.9182555132069843 2056.6
20567 0.918269235632981 2056.7
20568 0.9182828880959776 2056.8
20569 0.9182966088542341 2056.9
20570 0.91831039646202 2057
20571 0.9183242492361455 2057.1
20572 0.9183381647469431 2057.2
20573 0.9183521387671285 2057.3
20574 0.9183661660904843 2057.4
20575 0.9183802405799714 2057.5
20576 0.9183943568092083 2057.6
20577 0.918408506671394 2057.7
20578 0.9184226816655873 2057.8
20579 0.9184368733858661 2057.9
20580 0.9184510737830545 2058
20581 0.9184652687333699 2058.1
20582 0.9184789989359867 2058.2
20583 0.9184927023266376 2058.3
20584 0.91850636878326 2058.4
20585 0.9185199868353631 2058.5
20586 0.9185335997152764 2058.6
20587 0.9185472129733797 2058.7
20588 0.9185608321062622 2058.8
20589 0.9185744628784392 2058.9
20590 0.9185881116649972 2059
20591 0.9186017853160264 2059.1
20592 0.9186154909250323 2059.2
20593 0.918629235655895 2059.3
20594 0.9186430266340059 2059.4
20595 0.9186568708838897 2059.5
20596 0.9186707753338514 2059.6
20597 0.9186847472949071 2059.7
20598 0.9186987938609567 2059.8
20599 0.9187129213841578 2059.9
20600 0.9187271359950478 2060
20601 0.9187414437774704 2060.1
20602 0.9187558504679603 2060.2
20603 0.9187703618227949 2060.3
20604 0.9187849823102943 2060.4
20605 0.9187997145797324 2060.5
20606 0.9188145624896861 2060.6
20607 0.91882953253893 2060.7
20608 0.9188446308108384 2060.8
20609 0.9188598590554884 2060.9
20610 0.9188752236097859 2061
20611 0.9188907301148536 2061.1
20612 0.9189063877586267 2061.2
20613 0.9189222160417796 2061.3
20614 0.9189382236513451 2061.4
20615 0.9189544113900135 2061.5
20616 0.9189707839555368 2061.6
20617 0.9189873441470596 2061.7
20618 0.9190040921662699 2061.8
20619 0.9190210263434774 2061.9
20620 0.9190381366123066 2062
20621 0.9190554112233538 2062.1
20622 0.9190727977677629 2062.2
20623 0.9190903127290175 2062.3
20624 0.9191079357055609 2062.4
20625 0.9191256442216208 2062.5
20626 0.919143399508775 2062.6
20627 0.9191611770676782 2062.7
20628 0.9191789642193404 2062.8
20629 0.9191967072104351 2062.9
20630 0.9192137608825547 2063
20631 0.9192303314146447 2063.1
20632 0.9192469705450302 2063.2
20633 0.9192636897066218 2063.3
20634 0.919280485251047 2063.4
20635 0.9192973427710682 2063.5
20636 0.9193138585743665 2063.6
20637 0.919330419156365 2063.7
20638 0.9193470948181367 2063.8
20639 0.9193638841033459 2063.9
20640 0.9193807941424529 2064
20641 0.9193977640436775 2064.1
20642 0.9194146651207786 2064.2
20643 0.9194316799843564 2064.3
20644 0.9194488142651643 2064.4
20645 0.9194660657605535 2064.5
20646 0.9194834224082545 2064.6
20647 0.9195006825380344 2064.7
20648 0.9195180153644442 2064.8
20649 0.9195354793144243 2064.9
20650 0.919553066953206 2065
20651 0.9195707716967331 2065.1
20652 0.9195885874523535 2065.2
20653 0.9196064742581134 2065.3
20654 0.9196244197876199 2065.4
20655 0.9196424525873076 2065.5
20656 0.9196605600838416 2065.6
20657 0.9196787241737809 2065.7
20658 0.9196969297356794 2065.8
20659 0.9197151623146683 2065.9
20660 0.9197333943023451 2066
20661 0.9197516138993052 2066.1
20662 0.9197698127288128 2066.2
20663 0.9197879842439436 2066.3
20664 0.9198054504254051 2066.4
20665 0.9198227214752348 2066.5
20666 0.9198400080339363 2066.6
20667 0.9198573160251032 2066.7
20668 0.9198746432173774 2066.8
20669 0.9198919933648548 2066.9
20670 0.9199093698541853 2067
20671 0.9199265687100651 2067.1
20672 0.9199437282278931 2067.2
20673 0.9199609062879665 2067.3
20674 0.9199781025445871 2067.4
20675 0.9199953107530775 2067.5
20676 0.9200125335853364 2067.6
20677 0.9200297740450333 2067.7
20678 0.9200470350258499 2067.8
20679 0.9200643190550016 2067.9
20680 0.9200816319088071 2068
20681 0.9200989786003408 2068.1
20682 0.9201157851178849 2068.2
20683 0.9201324459421678 2068.3
20684 0.9201492321605815 2068.4
20685 0.9201660717823662 2068.5
20686 0.9201830329845907 2068.6
20687 0.9202001179862791 2068.7
20688 0.9202173245143084 2068.8
20689 0.9202346464631004 2068.9
20690 0.9202520782495933 2069
20691 0.9202696123980932 2069.1
20692 0.920287237589882 2069.2
20693 0.9203049379969808 2069.3
20694 0.9203226925174476 2069.4
20695 0.9203404660551386 2069.5
20696 0.9203582330293489 2069.6
20697 0.9203758612064943 2069.7
20698 0.9203925266031979 2069.8
20699 0.9204092154377841 2069.9
20700 0.9204259087793804 2070
20701 0.920442594048046 2070.1
20702 0.9204590442771895 2070.2
20703 0.9204744507022805 2070.3
20704 0.9204899418885428 2070.4
20705 0.9205054463221096 2070.5
20706 0.9205197081349265 2070.6
20707 0.9205340927004716 2070.7
20708 0.9205485949828661 2070.8
20709 0.92056321432786 2070.9
20710 0.9205779493493216 2071
20711 0.9205928040371935 2071.1
20712 0.9206077783419568 2071.2
20713 0.9206228705172187 2071.3
20714 0.9206380796839578 2071.4
20715 0.9206534027852162 2071.5
20716 0.9206688390782968 2071.6
20717 0.9206843835595043 2071.7
20718 0.9206998120187817 2071.8
20719 0.9207149983112781 2071.9
20720 0.9207303163762198 2072
20721 0.920745766323897 2072.1
20722 0.9207613491800541 2072.2
20723 0.920777068437018 2072.3
20724 0.9207929276426534 2072.4
20725 0.9208089279263926 2072.5
20726 0.9208250740531857 2072.6
20727 0.9208413635930979 2072.7
20728 0.9208577883791977 2072.8
20729 0.920874344517951 2072.9
20730 0.9208910312359335 2073
20731 0.9209078490937596 2073.1
20732 0.9209247946294815 2073.2
20733 0.9209418580355292 2073.3
20734 0.9209589256254509 2073.4
20735 0.9209759316806112 2073.5
20736 0.9209930499810922 2073.6
20737 0.9210102530925613 2073.7
20738 0.9210275178062972 2073.8
20739 0.9210448210593453 2073.9
20740 0.9210621634497036 2074
20741 0.9210795075562512 2074.1
20742 0.921095503536164 2074.2
20743 0.9211115393239702 2074.3
20744 0.921127714448077 2074.4
20745 0.9211440293100425 2074.5
20746 0.9211604851560781 2074.6
20747 0.9211770819277247 2074.7
20748 0.9211938195473468 2074.8
20749 0.9212106788993293 2074.9
20750 0.9212276594699025 2075
20751 0.9212447628923381 2075.1
20752 0.9212618484884909 2075.2
20753 0.9212789890723706 2075.3
20754 0.9212962574738665 2075.4
20755 0.9213136483347283 2075.5
20756 0.9213311532235666 2075.6
20757 0.9213487600560504 2075.7
20758 0.9213664533369966 2075.8
20759 0.921384071760728 2075.9
20760 0.9214016561303572 2076
20761 0.921419265459486 2076.1
20762 0.9214356775310392 2076.2
20763 0.9214517496290239 2076.3
20764 0.9214677959896641 2076.4
20765 0.921483545823263 2076.5
20766 0.9214993180797608 2076.6
20767 0.9215151114606795 2076.7
20768 0.9215309344082289 2076.8
20769 0.9215467956707267 2076.9
20770 0.9215627028944204 2077
20771 0.9215783840065249 2077.1
20772 0.9215927786615146 2077.2
20773 0.9216071623379549 2077.3
20774 0.9216215319495816 2077.4
20775 0.9216358787893754 2077.5
20776 0.9216501960311794 2077.6
20777 0.9216644744835154 2077.7
20778 0.9216787089744627 2077.8
20779 0.9216929088158489 2077.9
20780 0.9217071312821293 2078
20781 0.9217213897871502 2078.1
20782 0.9217356847423439 2078.2
20783 0.9217500193215316 2078.3
20784 0.9217643959398882 2078.4
20785 0.9217788276324747 2078.5
20786 0.9217933173603536 2078.6
20787 0.9218078622253613 2078.7
20788 0.9218224361429456 2078.8
20789 0.9218370276169304 2078.9
20790 0.9218516279300361 2079
20791 0.9218662315108361 2079.1
20792 0.9218808325791116 2079.2
20793 0.921895090587922 2079.3
20794 0.9219087265411031 2079.4
20795 0.9219224028492992 2079.5
20796 0.9219360929463788 2079.6
20797 0.9219497389329845 2079.7
20798 0.9219634095208589 2079.8
20799 0.9219766662768589 2079.9
20800 0.9219900221773298 2080
20801 0.9220034803621888 2080.1
20802 0.9220170374092974 2080.2
20803 0.9220306905469478 2080.3
20804 0.9220444375474252 2080.4
20805 0.9220582768275738 2080.5
20806 0.9220722059314866 2080.6
20807 0.9220862211353259 2080.7
20808 0.9221003179162537 2080.8
20809 0.9221144960734908 2080.9
20810 0.9221287552039527 2081
20811 0.9221430945321295 2081.1
20812 0.9221575127396655 2081.2
20813 0.9221720077457636 2081.3
20814 0.9221865764754978 2081.4
20815 0.9222012146892531 2081.5
20816 0.9222159167764472 2081.6
20817 0.922230513028434 2081.7
20818 0.9222450789111827 2081.8
20819 0.9222594948761297 2081.9
20820 0.9222738873992876 2082
20821 0.9222883324099693 2082.1
20822 0.9223028236648049 2082.2
20823 0.9223173534733462 2082.3
20824 0.9223319089758417 2082.4
20825 0.9223464892647346 2082.5
20826 0.9223610859807482 2082.6
20827 0.9223756902044603 2082.7
20828 0.9223902928294931 2082.8
20829 0.9224048851728714 2082.9
20830 0.922419458311902 2083
20831 0.9224340035878578 2083.1
20832 0.9224485128672045 2083.2
20833 0.9224627880431343 2083.3
20834 0.922476701774254 2083.4
20835 0.9224905601074164 2083.5
20836 0.9225043701811585 2083.6
20837 0.9225181379498932 2083.7
20838 0.9225318300800242 2083.8
20839 0.9225453807743247 2083.9
20840 0.9225589038498326 2084
20841 0.9225724016834435 2084.1
20842 0.9225858773863292 2084.2
20843 0.9225993033759008 2084.3
20844 0.9226123760878419 2084.4
20845 0.9226254573453646 2084.5
20846 0.9226385460299366 2084.6
20847 0.9226516420623464 2084.7
20848 0.9226647468468385 2084.8
20849 0.9226778634420347 2084.9
20850 0.922690994394223 2085
20851 0.9227041423065602 2085.1
20852 0.9227173099349748 2085.2
20853 0.9227305002204909 2085.3
20854 0.9227437161998847 2085.4
20855 0.9227569608974092 2085.5
20856 0.9227702372384429 2085.6
20857 0.9227834717654867 2085.7
20858 0.9227967129544815 2085.8
20859 0.9228099947810334 2085.9
20860 0.9228233178821762 2086
20861 0.9228366824605709 2086.1
20862 0.9228500875100472 2086.2
20863 0.9228635313790075 2086.3
20864 0.9228770119580025 2086.4
20865 0.9228905267300331 2086.5
20866 0.9229040728734702 2086.6
20867 0.9229176473124345 2086.7
20868 0.9229312468557341 2086.8
20869 0.9229448681945099 2086.9
20870 0.9229585079105227 2087
20871 0.9229721625612289 2087.1
20872 0.92298582879346 2087.2
20873 0.922999503376173 2087.3
20874 0.923013177567327 2087.4
20875 0.9230268482148726 2087.5
20876 0.9230405094866655 2087.6
20877 0.9230541606192084 2087.7
20878 0.9230678024381131 2087.8
20879 0.9230814362948531 2087.9
20880 0.9230950643261795 2088
20881 0.9231086896185312 2088.1
20882 0.9231223180963272 2088.2
20883 0.9231359623129819 2088.3
20884 0.923149630258992 2088.4
20885 0.9231632070558869 2088.5
20886 0.9231766702277184 2088.6
20887 0.923190050259737 2088.7
20888 0.9232032466546014 2088.8
20889 0.923216569250442 2088.9
20890 0.9232300113022385 2089
20891 0.9232435650082395 2089.1
20892 0.9232572167562784 2089.2
20893 0.923270941755601 2089.3
20894 0.9232846960072897 2089.4
20895 0.9232984970328074 2089.5
20896 0.9233123071088619 2089.6
20897 0.9233261213415813 2089.7
20898 0.9233399347167409 2089.8
20899 0.9233537449963556 2089.9
20900 0.9233674714110588 2090
20901 0.9233802979567526 2090.1
20902 0.9233932348561511 2090.2
20903 0.9234062328400719 2090.3
20904 0.9234192849342356 2090.4
20905 0.9234324297070846 2090.5
20906 0.9234456742211887 2090.6
20907 0.9234590176673944 2090.7
20908 0.9234724535814435 2090.8
20909 0.9234859800145759 2090.9
20910 0.9234995956927928 2091
20911 0.9235132956824494 2091.1
20912 0.9235270717932 2091.2
20913 0.923540907235039 2091.3
20914 0.9235547549787552 2091.4
20915 0.9235686221423031 2091.5
20916 0.923582518794274 2091.6
20917 0.923596424238313 2091.7
20918 0.9236103242810246 2091.8
20919 0.9236242052420632 2091.9
20920 0.9236380486340781 2092
20921 0.9236518428710666 2092.1
20922 0.9236655788225812 2092.2
20923 0.9236786686197433 2092.3
20924 0.9236914432190826 2092.4
20925 0.9237042115896721 2092.5
20926 0.923716978503013 2092.6
20927 0.9237297463958347 2092.7
20928 0.9237425191686424 2092.8
20929 0.9237553001378346 2092.9
20930 0.9237680923858107 2093
20931 0.9237808986287074 2093.1
20932 0.9237937211295215 2093.2
20933 0.9238064081944172 2093.3
20934 0.9238186321602329 2093.4
20935 0.9238309322235038 2093.5
20936 0.9238433081747042 2093.6
20937 0.9238557562895178 2093.7
20938 0.9238682716173294 2093.8
20939 0.9238808476646808 2093.9
20940 0.9238934787468785 2094
20941 0.923906159166585 2094.1
20942 0.9239188839068649 2094.2
20943 0.9239316443896399 2094.3
20944 0.9239444370217709 2094.4
20945 0.9239572596106213 2094.5
20946 0.9239701103152758 2094.6
20947 0.9239829875895812 2094.7
20948 0.9239957151281482 2094.8
20949 0.9240076667442009 2094.9
20950 0.9240197266545569 2095
20951 0.9240318899880325 2095.1
20952 0.9240441480280449 2095.2
20953 0.9240564921090654 2095.3
20954 0.9240689148722883 2095.4
20955 0.924081409243412 2095.5
20956 0.9240937748541013 2095.6
20957 0.9241051187048795 2095.7
20958 0.9241165714442011 2095.8
20959 0.9241281310269923 2095.9
20960 0.9241397956082628 2096
20961 0.9241515635512518 2096.1
20962 0.9241633872853392 2096.2
20963 0.9241752974721102 2096.3
20964 0.9241872238200802 2096.4
20965 0.9241992391922305 2096.5
20966 0.924211365452316 2096.6
20967 0.9242236010491344 2096.7
20968 0.9242359433590724 2096.8
20969 0.9242483915094875 2096.9
20970 0.9242609451208825 2097
20971 0.9242736044042279 2097.1
20972 0.9242863701192086 2097.2
20973 0.9242991387574708 2097.3
20974 0.9243117309350174 2097.4
20975 0.9243244562794679 2097.5
20976 0.9243373144080759 2097.6
20977 0.9243503101765763 2097.7
20978 0.9243634472636802 2097.8
20979 0.9243767335079562 2097.9
20980 0.9243901729036869 2098
20981 0.9244037631121383 2098.1
20982 0.9244175012267738 2098.2
20983 0.9244313781605845 2098.3
20984 0.9244453868121802 2098.4
20985 0.9244595113361267 2098.5
20986 0.9244737108440007 2098.6
20987 0.924487977276515 2098.7
20988 0.9245023002210211 2098.8
20989 0.9245166691676856 2098.9
20990 0.9245310741335416 2099
20991 0.9245444006768635 2099.1
20992 0.9245577668702919 2099.2
20993 0.9245712547983219 2099.3
20994 0.9245848083096438 2099.4
20995 0.92459825982342 2099.5
20996 0.9246118590243887 2099.6
20997 0.9246256066888963 2099.7
20998 0.9246395060481384 2099.8
20999 0.9246535563685085 2099.9
21000 0.9246677529870351 2100
21001 0.9246820954309822 2100.1
21002 0.9246965755561575 2100.2
21003 0.9247111921218448 2100.3
21004 0.9247259601959157 2100.4
21005 0.9247408766287791 2100.5
21006 0.9247559373695453 2100.6
21007 0.924771134828657 2100.7
21008 0.9247863771870134 2100.8
21009 0.9248016124325757 2100.9
21010 0.9248169763132787 2101
21011 0.9248324689424617 2101.1
21012 0.9248480716653111 2101.2
21013 0.9248637967614167 2101.3
21014 0.9248796288791067 2101.4
21015 0.9248955783173611 2101.5
21016 0.9249116385650805 2101.6
21017 0.924927757496671 2101.7
21018 0.9249438132933062 2101.8
21019 0.9249599412717309 2101.9
21020 0.9249761345718303 2102
21021 0.924992386789423 2102.1
21022 0.9250083772955067 2102.2
21023 0.9250242240504517 2102.3
21024 0.9250400953788024 2102.4
21025 0.92505600050565 2102.5
21026 0.9250719489945474 2102.6
21027 0.9250879508627926 2102.7
21028 0.9251040117015613 2102.8
21029 0.9251201393382708 2102.9
21030 0.9251363461839129 2103
21031 0.9251526386265048 2103.1
21032 0.9251690287737671 2103.2
21033 0.925185540232739 2103.3
21034 0.9252021888412451 2103.4
21035 0.9252189858129523 2103.5
21036 0.9252359421116609 2103.6
21037 0.9252530620756202 2103.7
21038 0.9252703486253246 2103.8
21039 0.9252877900782668 2103.9
21040 0.9253053734972767 2104
21041 0.9253230840115224 2104.1
21042 0.9253407836248392 2104.2
21043 0.9253585344143547 2104.3
21044 0.9253763318692847 2104.4
21045 0.925394175695187 2104.5
21046 0.9254120628798558 2104.6
21047 0.9254299864336574 2104.7
21048 0.9254479479920698 2104.8
21049 0.9254656001199071 2104.9
21050 0.9254826126689023 2105
21051 0.9254997842334159 2105.1
21052 0.9255170985182338 2105.2
21053 0.9255345024006659 2105.3
21054 0.925551899250963 2105.4
21055 0.925569386963829 2105.5
21056 0.9255869527026517 2105.6
21057 0.9256045854432738 2105.7
21058 0.92562111235559 2105.8
21059 0.9256377066503488 2105.9
21060 0.9256544429703402 2106
21061 0.925671297841222 2106.1
21062 0.9256881971747642 2106.2
21063 0.9257052468358011 2106.3
21064 0.9257224515651979 2106.4
21065 0.9257398139718976 2106.5
21066 0.9257573394171156 2106.6
21067 0.9257750325439665 2106.7
21068 0.9257928959573729 2106.8
21069 0.9258109279293645 2106.9
21070 0.9258291199145648 2107
21071 0.925847387410402 2107.1
21072 0.9258656383573872 2107.2
21073 0.9258840021277313 2107.3
21074 0.9259024671328167 2107.4
21075 0.9259210201720404 2107.5
21076 0.9259396337929416 2107.6
21077 0.9259582943573438 2107.7
21078 0.9259769917823722 2107.8
21079 0.9259957209916675 2107.9
21080 0.9260144914369263 2108
21081 0.9260332995714652 2108.1
21082 0.9260521404346543 2108.2
21083 0.9260699025507535 2108.3
21084 0.9260875108857696 2108.4
21085 0.9261052511704306 2108.5
21086 0.9261231076675711 2108.6
21087 0.9261410652667289 2108.7
21088 0.9261591099469623 2108.8
21089 0.9261769847691186 2108.9
21090 0.9261946283619863 2109
21091 0.9262123233806316 2109.1
21092 0.9262300724841814 2109.2
21093 0.9262478934656833 2109.3
21094 0.9262657775516021 2109.4
21095 0.9262837147185841 2109.5
21096 0.9263016972192275 2109.6
21097 0.9263197152885341 2109.7
21098 0.9263377615630178 2109.8
21099 0.9263558322573668 2109.9
21100 0.9263739285679441 2110
21101 0.9263919978047521 2110.1
21102 0.9264086430748806 2110.2
21103 0.9264252688251176 2110.3
21104 0.9264420464195131 2110.4
21105 0.9264589871836085 2110.5
21106 0.9264759499616194 2110.6
21107 0.9264929427642894 2110.7
21108 0.9265100228748678 2110.8
21109 0.9265272521725463 2110.9
21110 0.9265446457387581 2111
21111 0.9265617550353156 2111.1
21112 0.9265780922254931 2111.2
21113 0.9265945568710803 2111.3
21114 0.9266111346372555 2111.4
21115 0.9266270860772708 2111.5
21116 0.926642930945732 2111.6
21117 0.9266586648787513 2111.7
21118 0.9266744457886609 2111.8
21119 0.9266902732217006 2111.9
21120 0.9267061432352438 2112
21121 0.9267220547336362 2112.1
21122 0.9267380027391723 2112.2
21123 0.9267539887280307 2112.3
21124 0.9267700198097181 2112.4
21125 0.9267860883384385 2112.5
21126 0.9268021909182766 2112.6
21127 0.9268183228442599 2112.7
21128 0.9268343484655114 2112.8
21129 0.9268501749910624 2112.9
21130 0.9268659760371679 2113
21131 0.9268817701341936 2113.1
21132 0.9268975586124658 2113.2
21133 0.9269133401890749 2113.3
21134 0.9269290761882498 2113.4
21135 0.9269447422152359 2113.5
21136 0.9269604007897556 2113.6
21137 0.9269760505290918 2113.7
21138 0.9269916836838032 2113.8
21139 0.927007305291114 2113.9
21140 0.9270229179137904 2114
21141 0.9270385228889987 2114.1
21142 0.9270540100299505 2114.2
21143 0.9270686870616754 2114.3
21144 0.9270834246877308 2114.4
21145 0.9270982198236174 2114.5
21146 0.9271130643622478 2114.6
21147 0.927127953962587 2114.7
21148 0.9271428853136342 2114.8
21149 0.9271578602473445 2114.9
21150 0.9271728788455519 2115
21151 0.9271879432151119 2115.1
21152 0.9272030561027711 2115.2
21153 0.9272182181920692 2115.3
21154 0.9272334303326693 2115.4
21155 0.9272486938153602 2115.5
21156 0.9272640195434592 2115.6
21157 0.9272794117673877 2115.7
21158 0.927294873478736 2115.8
21159 0.9273104085359904 2115.9
21160 0.9273260241961573 2116
21161 0.9273416782860784 2116.1
21162 0.9273567866965143 2116.2
21163 0.9273719751814378 2116.3
21164 0.9273871391676823 2116.4
21165 0.9274023797622506 2116.5
21166 0.9274176745373374 2116.6
21167 0.9274330023965551 2116.7
21168 0.9274483443229631 2116.8
21169 0.9274636857247213 2116.9
21170 0.9274789976674915 2117
21171 0.9274942771497877 2117.1
21172 0.9275095181560635 2117.2
21173 0.927524715772889 2117.3
21174 0.9275398677877041 2117.4
21175 0.9275549694972609 2117.5
21176 0.9275700301343318 2117.6
21177 0.9275846394560374 2117.7
21178 0.9275990613492596 2117.8
21179 0.927613502810978 2117.9
21180 0.9276279491058859 2118
21181 0.9276423815761597 2118.1
21182 0.927656783162052 2118.2
21183 0.927671147087174 2118.3
21184 0.9276854707781881 2118.4
21185 0.9276997453717806 2118.5
21186 0.9277133962589419 2118.6
21187 0.9277265325677156 2118.7
21188 0.9277396460505154 2118.8
21189 0.9277526991915475 2118.9
21190 0.9277652459082958 2119
21191 0.9277778283593586 2119.1
21192 0.9277900456736354 2119.2
21193 0.9278023662230389 2119.3
21194 0.9278147809411725 2119.4
21195 0.927827278309387 2119.5
21196 0.927839848042648 2119.6
21197 0.9278524866253716 2119.7
21198 0.9278651874793643 2119.8
21199 0.927877943785881 2119.9
21200 0.9278907493097148 2120
21201 0.9279035991414267 2120.1
21202 0.9279164903384841 2120.2
21203 0.9279294214058811 2120.3
21204 0.9279417064348769 2120.4
21205 0.9279537740307916 2120.5
21206 0.9279659534009486 2120.6
21207 0.9279782340865023 2120.7
21208 0.9279906028035068 2120.8
21209 0.9280030473933815 2120.9
21210 0.9280155560969909 2121
21211 0.9280281187737351 2121.1
21212 0.9280396774044917 2121.2
21213 0.9280510891553507 2121.3
21214 0.9280625789189336 2121.4
21215 0.9280741381637687 2121.5
21216 0.9280857600622413 2121.6
21217 0.9280974399174459 2121.7
21218 0.9281091735988394 2121.8
21219 0.9281209575280155 2121.9
21220 0.9281327886537371 2122
21221 0.9281446644171133 2122.1
21222 0.9281565827096508 2122.2
21223 0.9281685418192622 2122.3
21224 0.928180540376481 2122.4
21225 0.9281925772971491 2122.5
21226 0.9282046517280989 2122.6
21227 0.9282167629979508 2122.7
21228 0.9282289105760275 2122.8
21229 0.9282410940006371 2122.9
21230 0.9282533128515855 2123
21231 0.9282655668579358 2123.1
21232 0.9282777253459081 2123.2
21233 0.9282896351086455 2123.3
21234 0.928301613052799 2123.4
21235 0.9283136583684221 2123.5
21236 0.9283257499713957 2123.6
21237 0.9283377865458982 2123.7
21238 0.9283498827593161 2123.8
21239 0.928362021482293 2123.9
21240 0.928374226761703 2124
21241 0.92838649600808 2124.1
21242 0.9283988269472687 2124.2
21243 0.9284112176919358 2124.3
21244 0.9284236270951042 2124.4
21245 0.9284360167433695 2124.5
21246 0.9284484717684314 2124.6
21247 0.9284609907762869 2124.7
21248 0.9284735728896598 2124.8
21249 0.9284861335856402 2124.9
21250 0.9284986602718958 2125
21251 0.9285112611433095 2125.1
21252 0.9285239139911949 2125.2
21253 0.9285366236244939 2125.3
21254 0.9285494060850225 2125.4
21255 0.9285622621136705 2125.5
21256 0.9285751931404251 2125.6
21257 0.9285882011937995 2125.7
21258 0.9286011851409905 2125.8
21259 0.9286141604198129 2125.9
21260 0.928627248284786 2126
21261 0.928640446476423 2126.1
21262 0.9286537486934276 2126.2
21263 0.9286671569708874 2126.3
21264 0.928680675464523 2126.4
21265 0.928694307129208 2126.5
21266 0.9287080623326549 2126.6
21267 0.9287219450149266 2126.7
21268 0.9287357686908588 2126.8
21269 0.9287496672733162 2126.9
21270 0.9287636861517632 2127
21271 0.9287778172651007 2127.1
21272 0.9287920472418374 2127.2
21273 0.9288063599230735 2127.3
21274 0.9288207431679176 2127.4
21275 0.9288351656802218 2127.5
21276 0.9288495920796009 2127.6
21277 0.9288639270636874 2127.7
21278 0.9288781172346879 2127.8
21279 0.9288915973883116 2127.9
21280 0.928904661523979 2128
21281 0.9289177147648617 2128.1
21282 0.9289307573599602 2128.2
21283 0.9289433379393456 2128.3
21284 0.9289558084818098 2128.4
21285 0.9289682436336291 2128.5
21286 0.9289806462883498 2128.6
21287 0.9289929851370832 2128.7
21288 0.929005306031229 2128.8
21289 0.92901761834148 2128.9
21290 0.9290299228060448 2129
21291 0.9290422258450651 2129.1
21292 0.9290545325624791 2129.2
21293 0.9290668406456811 2129.3
21294 0.9290791587348443 2129.4
21295 0.9290914949326143 2129.5
21296 0.9291038496490482 2129.6
21297 0.9291162287638849 2129.7
21298 0.9291286369708874 2129.8
21299 0.9291410782339091 2129.9
21300 0.9291535558821155 2130
21301 0.9291660747953839 2130.1
21302 0.9291786403536989 2130.2
21303 0.9291912556545524 2130.3
21304 0.929203925419228 2130.4
21305 0.9292166515840857 2130.5
21306 0.9292294363301749 2130.6
21307 0.9292422821409625 2130.7
21308 0.9292551918327433 2130.8
21309 0.9292681685693831 2130.9
21310 0.9292812158360007 2131
21311 0.9292943373577413 2131.1
21312 0.9293075369562763 2131.2
21313 0.9293208183307821 2131.3
21314 0.9293341782981434 2131.4
21315 0.9293476192098447 2131.5
21316 0.9293611447026088 2131.6
21317 0.9293747541745182 2131.7
21318 0.9293884451332872 2131.8
21319 0.9294021088158795 2131.9
21320 0.9294158531568206 2132
21321 0.9294295744606426 2132.1
21322 0.9294433147593384 2132.2
21323 0.9294571317653753 2132.3
21324 0.92947099089468 2132.4
21325 0.9294849406410658 2132.5
21326 0.9294988777474861 2132.6
21327 0.9295121410047207 2132.7
21328 0.9295254902418171 2132.8
21329 0.9295387959053869 2132.9
21330 0.9295521485990009 2133
21331 0.9295655825698181 2133.1
21332 0.9295791088878952 2133.2
21333 0.9295927382643671 2133.3
21334 0.9296064487148016 2133.4
21335 0.9296202805646385 2133.5
21336 0.9296342588553115 2133.6
21337 0.9296483875723005 2133.7
21338 0.9296626679343326 2133.8
21339 0.9296770961735452 2133.9
21340 0.929691665860202 2134
21341 0.92970636759748 2134.1
21342 0.929721187123125 2134.2
21343 0.9297361066903035 2134.3
21344 0.9297511037353114 2134.4
21345 0.9297661393007554 2134.5
21346 0.9297811933105546 2134.6
21347 0.9297962228596486 2134.7
21348 0.9298112081037829 2134.8
21349 0.929826156141988 2134.9
21350 0.9298406262166667 2135
21351 0.9298549203150149 2135.1
21352 0.9298691736586896 2135.2
21353 0.929883302454898 2135.3
21354 0.9298963521921089 2135.4
21355 0.9299094950808197 2135.5
21356 0.9299227305233609 2135.6
21357 0.9299360222922198 2135.7
21358 0.9299493858098961 2135.8
21359 0.9299628451943579 2135.9
21360 0.9299763999803923 2136
21361 0.9299900552839234 2136.1
21362 0.9300038136885187 2136.2
21363 0.930017674700972 2136.3
21364 0.9300316380435847 2136.4
21365 0.9300457007385379 2136.5
21366 0.9300598363793221 2136.6
21367 0.9300739647023951 2136.7
21368 0.9300881936436847 2136.8
21369 0.930102525916222 2136.9
21370 0.9301169636430437 2137
21371 0.9301315083638818 2137.1
21372 0.9301461610467339 2137.2
21373 0.9301609222223465 2137.3
21374 0.9301757922347113 2137.4
21375 0.9301907700967635 2137.5
21376 0.9302058532256355 2137.6
21377 0.930221037705552 2137.7
21378 0.9302363211126981 2137.8
21379 0.930251701193656 2137.9
21380 0.9302671759738502 2138
21381 0.9302827437741917 2138.1
21382 0.9302984031329841 2138.2
21383 0.9303141532142665 2138.3
21384 0.9303299936568249 2138.4
21385 0.930345920667331 2138.5
21386 0.9303619300770481 2138.6
21387 0.9303780187548087 2138.7
21388 0.9303941755237376 2138.8
21389 0.9304102837320649 2138.9
21390 0.9304264849258285 2139
21391 0.930442768060972 2139.1
21392 0.9304591167923191 2139.2
21393 0.9304754810329456 2139.3
21394 0.9304918524198651 2139.4
21395 0.9305082122435306 2139.5
21396 0.9305245467895042 2139.6
21397 0.930540847226374 2139.7
21398 0.9305571115494898 2139.8
21399 0.9305733520371977 2139.9
21400 0.9305893638083429 2140
21401 0.9306043111630812 2140.1
21402 0.9306192040025864 2140.2
21403 0.9306339824017167 2140.3
21404 0.9306489132011689 2140.4
21405 0.930663995891852 2140.5
21406 0.9306792297877232 2140.6
21407 0.9306946094508719 2140.7
21408 0.930710126230328 2140.8
21409 0.9307257822340315 2140.9
21410 0.9307415786115424 2141
21411 0.9307575161846013 2141.1
21412 0.9307735958386694 2141.2
21413 0.9307898187955181 2141.3
21414 0.930806186680971 2141.4
21415 0.9308227007811879 2141.5
21416 0.9308393631108475 2141.6
21417 0.9308561735847036 2141.7
21418 0.9308731177419188 2141.8
21419 0.9308901982241672 2141.9
21420 0.9309074165712787 2142
21421 0.9309247705912127 2142.1
21422 0.9309422542136734 2142.2
21423 0.930959857102139 2142.3
21424 0.9309775580120618 2142.4
21425 0.9309953419362245 2142.5
21426 0.9310132027952193 2142.6
21427 0.9310311370101642 2142.7
21428 0.9310491362425237 2142.8
21429 0.9310672020055815 2142.9
21430 0.9310853356890184 2143
21431 0.9311033850981209 2143.1
21432 0.9311202325498856 2143.2
21433 0.9311372807821238 2143.3
21434 0.9311545136995564 2143.4
21435 0.9311719262365244 2143.5
21436 0.9311895068462256 2143.6
21437 0.93120726542336 2143.7
21438 0.9312252187962083 2143.8
21439 0.9312433620483982 2143.9
21440 0.931261679721503 2144
21441 0.9312801534859014 2144.1
21442 0.9312987316372288 2144.2
21443 0.9313173385764126 2144.3
21444 0.9313359729821838 2144.4
21445 0.9313545747855015 2144.5
21446 0.9313732056419239 2144.6
21447 0.9313918315429937 2144.7
21448 0.9314104213440009 2144.8
21449 0.9314288830682818 2144.9
21450 0.9314467761382151 2145
21451 0.9314641626315846 2145.1
21452 0.931480881268837 2145.2
21453 0.9314975800391093 2145.3
21454 0.9315135857147386 2145.4
21455 0.9315297112340877 2145.5
21456 0.9315459484023803 2145.6
21457 0.9315622878021509 2145.7
21458 0.9315783138426829 2145.8
21459 0.9315939270105043 2145.9
21460 0.9316096740466685 2146
21461 0.9316254945179318 2146.1
21462 0.9316414264302396 2146.2
21463 0.9316574618623528 2146.3
21464 0.9316717840506485 2146.4
21465 0.9316861236381957 2146.5
21466 0.9317006803765528 2146.6
21467 0.9317154262136298 2146.7
21468 0.9317303413718453 2146.8
21469 0.9317454121938955 2146.9
21470 0.9317606302778164 2147
21471 0.9317759851754519 2147.1
21472 0.9317902434823117 2147.2
21473 0.9318039555592984 2147.3
21474 0.9318175989033436 2147.4
21475 0.9318314135235628 2147.5
21476 0.9318453998808196 2147.6
21477 0.931859510319524 2147.7
21478 0.9318737141432861 2147.8
21479 0.9318880499596823 2147.9
21480 0.9319025156168071 2148
21481 0.9319171065206361 2148.1
21482 0.9319318171591572 2148.2
21483 0.9319458064602992 2148.3
21484 0.9319598749357816 2148.4
21485 0.9319740453989748 2148.5
21486 0.9319883228424684 2148.6
21487 0.9320026482974177 2148.7
21488 0.932017052850079 2148.8
21489 0.9320315434654933 2148.9
21490 0.9320461187362161 2149
21491 0.932060776018537 2149.1
21492 0.932075513029808 2149.2
21493 0.9320903277785415 2149.3
21494 0.9321052155751671 2149.4
21495 0.9321194448687562 2149.5
21496 0.9321333421572435 2149.6
21497 0.93214714814361 2149.7
21498 0.9321610669404859 2149.8
21499 0.9321750843657232 2149.9
21500 0.9321891401857112 2150
21501 0.9322032760813556 2150.1
21502 0.9322173413026599 2150.2
21503 0.9322314696514507 2150.3
21504 0.9322456700833154 2150.4
21505 0.9322599384695742 2150.5
21506 0.9322742718639064 2150.6
21507 0.9322886686637477 2150.7
21508 0.9323031281157678 2150.8
21509 0.9323176502465172 2150.9
21510 0.9323322357504086 2151
21511 0.9323466347804338 2151.1
21512 0.9323604520454435 2151.2
21513 0.9323743825854546 2151.3
21514 0.9323884070219761 2151.4
21515 0.9324025090029908 2151.5
21516 0.9324166755778348 2151.6
21517 0.932430896736662 2151.7
21518 0.9324451647847426 2151.8
21519 0.932459474851369 2151.9
21520 0.9324738238110235 2152
21521 0.9324882074483328 2152.1
21522 0.9325026229906117 2152.2
21523 0.9325170692765525 2152.3
21524 0.9325314260841723 2152.4
21525 0.9325457174598849 2152.5
21526 0.9325600359508311 2152.6
21527 0.9325742385872561 2152.7
21528 0.9325884769455045 2152.8
21529 0.9326027627376879 2152.9
21530 0.9326170950156953 2153
21531 0.9326314064652552 2153.1
21532 0.9326455972023135 2153.2
21533 0.9326598113324711 2153.3
21534 0.9326740742683608 2153.4
21535 0.9326883921577049 2153.5
21536 0.9327027683530513 2153.6
21537 0.932716819868582 2153.7
21538 0.9327307015515631 2153.8
21539 0.9327447001665176 2153.9
21540 0.9327587955496703 2154
21541 0.9327728605595861 2154.1
21542 0.932786852208794 2154.2
21543 0.9328008001407355 2154.3
21544 0.9328147807183647 2154.4
21545 0.9328287837057183 2154.5
21546 0.9328427446973653 2154.6
21547 0.932856689109802 2154.7
21548 0.9328699193831815 2154.8
21549 0.9328831395592218 2154.9
21550 0.9328963955789805 2155
21551 0.9329097009247698 2155.1
21552 0.9329230611398178 2155.2
21553 0.9329364777226014 2155.3
21554 0.9329499492366902 2155.4
21555 0.9329634678717295 2155.5
21556 0.9329770294082724 2155.6
21557 0.9329906189260734 2155.7
21558 0.9330042250208024 2155.8
21559 0.933017837451469 2155.9
21560 0.9330314343613106 2156
21561 0.9330450027255285 2156.1
21562 0.9330585418535462 2156.2
21563 0.9330720425805454 2156.3
21564 0.9330853527684082 2156.4
21565 0.9330977271024451 2156.5
21566 0.9331101622009016 2156.6
21567 0.9331226639099854 2156.7
21568 0.9331352203472159 2156.8
21569 0.9331478201361019 2156.9
21570 0.9331604620671239 2157
21571 0.9331731443207282 2157.1
21572 0.9331858606472122 2157.2
21573 0.9331986101998522 2157.3
21574 0.9332113969445861 2157.4
21575 0.933224223635755 2157.5
21576 0.9332370828340948 2157.6
21577 0.9332499736400292 2157.7
21578 0.93326287470892 2157.8
21579 0.933275823001315 2157.9
21580 0.9332888154051078 2158
21581 0.9333018537358112 2158.1
21582 0.933314944122814 2158.2
21583 0.9333279935453186 2158.3
21584 0.9333406940279823 2158.4
21585 0.9333535339785493 2158.5
21586 0.9333665110306126 2158.6
21587 0.9333796227569808 2158.7
21588 0.9333928692590926 2158.8
21589 0.9334062471407747 2158.9
21590 0.9334197492008376 2159
21591 0.9334333668038304 2159.1
21592 0.933447089762859 2159.2
21593 0.933460906547672 2159.3
21594 0.9334748047071395 2159.4
21595 0.9334887712794648 2159.5
21596 0.9335027932586237 2159.6
21597 0.9335168580278027 2159.7
21598 0.9335309539300499 2159.8
21599 0.9335447390794904 2159.9
21600 0.9335579496741511 2160
21601 0.9335712041765348 2160.1
21602 0.9335845022083464 2160.2
21603 0.9335978427022535 2160.3
21604 0.9336112216366472 2160.4
21605 0.9336246339198757 2160.5
21606 0.9336380760832604 2160.6
21607 0.9336515448069519 2160.7
21608 0.9336650364964242 2160.8
21609 0.9336785475208851 2160.9
21610 0.9336920742130029 2161
21611 0.9337056063729952 2161.1
21612 0.9337191424990801 2161.2
21613 0.933732681907637 2161.3
21614 0.9337460406996713 2161.4
21615 0.9337590127411016 2161.5
21616 0.9337720124442898 2161.6
21617 0.9337850475680214 2161.7
21618 0.9337981226383004 2161.8
21619 0.9338112402922789 2161.9
21620 0.9338244017847329 2162
21621 0.9338376079941619 2162.1
21622 0.9338508597311895 2162.2
21623 0.933864157718427 2162.3
21624 0.9338775025393421 2162.4
21625 0.9338908946735223 2162.5
21626 0.9339043323337738 2162.6
21627 0.9339177281484612 2162.7
21628 0.933931188845169 2162.8
21629 0.9339447117265569 2162.9
21630 0.9339582940401235 2163
21631 0.933971934080611 2163.1
21632 0.9339856317216415 2163.2
21633 0.9339993875435473 2163.3
21634 0.9340131983457181 2163.4
21635 0.9340270606765377 2163.5
21636 0.934040975541839 2163.6
21637 0.9340549461780829 2163.7
21638 0.9340689673979942 2163.8
21639 0.9340830385118954 2163.9
21640 0.934097180443919 2164
21641 0.9341113992860806 2164.1
21642 0.9341256587575767 2164.2
21643 0.9341399781438844 2164.3
21644 0.9341543353511259 2164.4
21645 0.9341687241776113 2164.5
21646 0.9341831372158501 2164.6
21647 0.9341975412042621 2164.7
21648 0.9342119138216968 2164.8
21649 0.9342262365956786 2164.9
21650 0.9342404990707949 2165
21651 0.9342547009014344 2165.1
21652 0.9342688378054026 2165.2
21653 0.9342829084574722 2165.3
21654 0.9342961294485316 2165.4
21655 0.9343089877594383 2165.5
21656 0.9343218158039958 2165.6
21657 0.9343346902617544 2165.7
21658 0.9343476051134334 2165.8
21659 0.9343605562658599 2165.9
21660 0.9343735333995721 2166
21661 0.9343865354743702 2166.1
21662 0.9343995739450295 2166.2
21663 0.9344126500042538 2166.3
21664 0.9344257632555483 2166.4
21665 0.934438848589119 2166.5
21666 0.9344517482933478 2166.6
21667 0.9344645737248579 2166.7
21668 0.934477498642372 2166.8
21669 0.9344905199930996 2166.9
21670 0.9345036339547903 2167
21671 0.9345168360722353 2167.1
21672 0.9345301216957782 2167.2
21673 0.934543486235437 2167.3
21674 0.9345569252695222 2167.4
21675 0.9345704347240915 2167.5
21676 0.9345840109050597 2167.6
21677 0.9345976494858803 2167.7
21678 0.9346112893608725 2167.8
21679 0.9346249871349755 2167.9
21680 0.9346387404274965 2168
21681 0.9346525471192958 2168.1
21682 0.934666394652257 2168.2
21683 0.9346802906739218 2168.3
21684 0.934694239835552 2168.4
21685 0.9347082422927374 2168.5
21686 0.9347222980601602 2168.6
21687 0.9347364066359063 2168.7
21688 0.934750569332148 2168.8
21689 0.9347647734572222 2168.9
21690 0.9347790158160386 2169
21691 0.9347933098212812 2169.1
21692 0.934807658077408 2169.2
21693 0.9348220637468758 2169.3
21694 0.9348365311210367 2169.4
21695 0.9348510639552798 2169.5
21696 0.9348656664764021 2169.6
21697 0.9348803436653044 2169.7
21698 0.9348950966691523 2169.8
21699 0.934909928470376 2169.9
21700 0.9349248444758342 2170
21701 0.9349398484027314 2170.1
21702 0.9349549494186061 2170.2
21703 0.9349701510280247 2170.3
21704 0.9349854681525228 2170.4
21705 0.9350008250996963 2170.5
21706 0.9350162897046101 2170.6
21707 0.9350318739399336 2170.7
21708 0.9350475521886302 2170.8
21709 0.9350633053405653 2170.9
21710 0.9350791134240947 2171
21711 0.9350949348184042 2171.1
21712 0.9351107166779528 2171.2
21713 0.9351264239800975 2171.3
21714 0.9351416123474073 2171.4
21715 0.9351568106775568 2171.5
21716 0.935172011150484 2171.6
21717 0.9351872036116021 2171.7
21718 0.9352023791844679 2171.8
21719 0.9352172727868865 2171.9
21720 0.9352316418329796 2172
21721 0.9352461179278294 2172.1
21722 0.9352606807486604 2172.2
21723 0.9352753359931538 2172.3
21724 0.9352900858481557 2172.4
21725 0.9353045347816318 2172.5
21726 0.9353185540910209 2172.6
21727 0.9353326836233956 2172.7
21728 0.9353461811542106 2172.8
21729 0.9353595625135427 2172.9
21730 0.9353730404781853 2173
21731 0.9353866278151306 2173.1
21732 0.9354003023401813 2173.2
21733 0.9354140428247503 2173.3
21734 0.9354278276181225 2173.4
21735 0.9354416315854907 2173.5
21736 0.9354542426730806 2173.6
21737 0.9354669172713119 2173.7
21738 0.9354796546674896 2173.8
21739 0.9354916070737674 2173.9
21740 0.935503523443532 2174
21741 0.9355156000224333 2174.1
21742 0.935527836017812 2174.2
21743 0.9355402287802788 2174.3
21744 0.9355527764902737 2174.4
21745 0.9355654788113317 2174.5
21746 0.9355783391157978 2174.6
21747 0.9355912992063553 2174.7
21748 0.9356044120044527 2174.8
21749 0.9356176715645566 2174.9
21750 0.9356310699811995 2175
21751 0.9356445968980909 2175.1
21752 0.9356582401446215 2175.2
21753 0.9356719860591138 2175.3
21754 0.9356858216755243 2175.4
21755 0.935699732922277 2175.5
21756 0.9357137077233902 2175.6
21757 0.9357277374500582 2175.7
21758 0.9357418128502847 2175.8
21759 0.9357559286657281 2175.9
21760 0.9357700831909469 2176
21761 0.9357842731489555 2176.1
21762 0.9357984955478383 2176.2
21763 0.9358127493224097 2176.3
21764 0.9358270356390277 2176.4
21765 0.9358399610248619 2176.5
21766 0.9358528376340768 2176.6
21767 0.9358658778202029 2176.7
21768 0.9358790697059377 2176.8
21769 0.9358924043161326 2176.9
21770 0.9359058739749397 2177
21771 0.9359194723636881 2177.1
21772 0.9359331944976462 2177.2
21773 0.9359469909615313 2177.3
21774 0.9359608912765418 2177.4
21775 0.9359749118000755 2177.5
21776 0.935989053248734 2177.6
21777 0.9360033166906593 2177.7
21778 0.9360177036011962 2177.8
21779 0.9360322159487648 2177.9
21780 0.9360468562693495 2178
21781 0.9360616253429811 2178.1
21782 0.9360765230912043 2178.2
21783 0.9360915476156481 2178.3
21784 0.9361066946788978 2178.4
21785 0.9361219577490648 2178.5
21786 0.936137323239314 2178.6
21787 0.9361527818912995 2178.7
21788 0.9361683250387302 2178.8
21789 0.9361839444319928 2178.9
21790 0.9361996330464148 2179
21791 0.9362153862215815 2179.1
21792 0.9362312019783311 2179.2
21793 0.9362470769343405 2179.3
21794 0.9362630106533919 2179.4
21795 0.9362780924378009 2179.5
21796 0.9362928851128233 2179.6
21797 0.9363078377031147 2179.7
21798 0.9363229413801802 2179.8
21799 0.9363380139236359 2179.9
21800 0.9363531621348996 2180
21801 0.9363684451240384 2180.1
21802 0.9363838636299961 2180.2
21803 0.9363994179212655 2180.3
21804 0.9364151064517054 2180.4
21805 0.9364309270412238 2180.5
21806 0.9364468723356378 2180.6
21807 0.936462932080772 2180.7
21808 0.9364790922279117 2180.8
21809 0.9364953330810126 2180.9
21810 0.9365116442146885 2181
21811 0.9365280101783834 2181.1
21812 0.9365444168227849 2181.2
21813 0.9365608525848095 2181.3
21814 0.9365773089155012 2181.4
21815 0.9365933897731982 2181.5
21816 0.9366081087174086 2181.6
21817 0.9366227565966233 2181.7
21818 0.9366374754915059 2181.8
21819 0.9366522583918256 2181.9
21820 0.936667099313935 2182
21821 0.9366819888292308 2182.1
21822 0.9366969249128423 2182.2
21823 0.9367119067143367 2182.3
21824 0.9367269371165409 2182.4
21825 0.9367420167904534 2182.5
21826 0.9367571424898866 2182.6
21827 0.9367723127838523 2182.7
21828 0.9367875257195285 2182.8
21829 0.9368027873625188 2182.9
21830 0.936818105475193 2183
21831 0.9368334886221489 2183.1
21832 0.9368483937620435 2183.2
21833 0.93686268422757 2183.3
21834 0.9368771558290623 2183.4
21835 0.9368917956856538 2183.5
21836 0.9369065922452102 2183.6
21837 0.9369215354055249 2183.7
21838 0.9369366157234758 2183.8
21839 0.9369518332260904 2183.9
21840 0.9369671795930067 2184
21841 0.9369826333162332 2184.1
21842 0.9369981761702504 2184.2
21843 0.9370137930986245 2184.3
21844 0.9370294671586955 2184.4
21845 0.9370451823893599 2184.5
21846 0.9370609206872994 2184.6
21847 0.9370766606930161 2184.7
21848 0.9370923991500274 2184.8
21849 0.9371081344103073 2184.9
21850 0.9371238682108044 2185
21851 0.9371387672361244 2185.1
21852 0.9371525416244827 2185.2
21853 0.9371665247482981 2185.3
21854 0.9371807019209262 2185.4
21855 0.9371950495159848 2185.5
21856 0.9372095513640071 2185.6
21857 0.9372241998075602 2185.7
21858 0.9372389807166308 2185.8
21859 0.9372538885221589 2185.9
21860 0.9372689250123039 2186
21861 0.9372840915870192 2186.1
21862 0.9372993809442165 2186.2
21863 0.9373147850477209 2186.3
21864 0.9373302314071853 2186.4
21865 0.9373457647039385 2186.5
21866 0.9373613912096032 2186.6
21867 0.9373770955593849 2186.7
21868 0.9373928607004636 2186.8
21869 0.9374086687636125 2186.9
21870 0.9374245020386464 2187
21871 0.9374403434265028 2187.1
21872 0.9374561769782619 2187.2
21873 0.9374719884010763 2187.3
21874 0.9374877656027172 2187.4
21875 0.9375034991972194 2187.5
21876 0.9375189717357773 2187.6
21877 0.9375335599575535 2187.7
21878 0.9375477546532007 2187.8
21879 0.937561977374393 2187.9
21880 0.9375762183658792 2188
21881 0.9375904683152907 2188.1
21882 0.9376047197143126 2188.2
21883 0.937618722778169 2188.3
21884 0.937632373894052 2188.4
21885 0.9376460482421342 2188.5
21886 0.9376597477561127 2188.6
21887 0.9376734714374083 2188.7
21888 0.9376872159315555 2188.8
21889 0.9377009761382975 2188.9
21890 0.9377147467458017 2189
21891 0.9377285245470752 2189.1
21892 0.9377423098405131 2189.2
21893 0.937756098369205 2189.3
21894 0.9377698847319594 2189.4
21895 0.9377836654856441 2189.5
21896 0.9377974374858382 2189.6
21897 0.9378111968747304 2189.7
21898 0.9378249458765154 2189.8
21899 0.9378386877193532 2189.9
21900 0.9378524262340365 2190
21901 0.9378661656376241 2190.1
21902 0.9378799104382227 2190.2
21903 0.9378936650385713 2190.3
21904 0.9379074335734237 2190.4
21905 0.9379212200593597 2190.5
21906 0.9379350269724186 2190.6
21907 0.9379488558394564 2190.7
21908 0.9379627074344765 2190.8
21909 0.9379765818215958 2190.9
21910 0.9379902651745301 2191
21911 0.9380037524039087 2191.1
21912 0.9380173115974073 2191.2
21913 0.9380309206078074 2191.3
21914 0.9380444125818682 2191.4
21915 0.9380577975182067 2191.5
21916 0.9380712239504987 2191.6
21917 0.93808468147128 2191.7
21918 0.9380981612709272 2191.8
21919 0.9381116562892968 2191.9
21920 0.9381251611818283 2192
21921 0.9381386720305817 2192.1
21922 0.9381521852714391 2192.2
21923 0.9381656981964354 2192.3
21924 0.9381792106218274 2192.4
21925 0.9381927229028993 2192.5
21926 0.9382062361415112 2192.6
21927 0.9382197521629456 2192.7
21928 0.9382332735456799 2192.8
21929 0.9382468036113644 2192.9
21930 0.9382603464033389 2193
21931 0.9382739067627188 2193.1
21932 0.9382874900988424 2193.2
21933 0.9383010959339482 2193.3
21934 0.9383146589748861 2193.4
21935 0.9383279705193152 2193.5
21936 0.9383413703539367 2193.6
21937 0.9383548661788 2193.7
21938 0.9383684641211113 2193.8
21939 0.9383821778007574 2193.9
21940 0.9383960143813701 2194
21941 0.938409975928516 2194.1
21942 0.9384240614953387 2194.2
21943 0.938438267738097 2194.3
21944 0.9384525818689415 2194.4
21945 0.9384669906843572 2194.5
21946 0.9384814778087054 2194.6
21947 0.9384960222005834 2194.7
21948 0.9385105949782869 2194.8
21949 0.9385251691644387 2194.9
21950 0.9385397323537534 2195
21951 0.9385542687089011 2195.1
21952 0.9385687636452291 2195.2
21953 0.9385831935862085 2195.3
21954 0.9385972599762079 2195.4
21955 0.9386104940674264 2195.5
21956 0.9386237789789756 2195.6
21957 0.938637095836321 2195.7
21958 0.9386504428119526 2195.8
21959 0.9386638156712452 2195.9
21960 0.938677206856098 2196
21961 0.9386906044053084 2196.1
21962 0.9387040117062683 2196.2
21963 0.9387174314177086 2196.3
21964 0.9387308617057529 2196.4
21965 0.9387443050776771 2196.5
21966 0.9387577622446428 2196.6
21967 0.9387712282707977 2196.7
21968 0.9387847066062761 2196.8
21969 0.9387982006902994 2196.9
21970 0.9388117118548586 2197
21971 0.9388252417336621 2197.1
21972 0.9388387922106864 2197.2
21973 0.9388523654310621 2197.3
21974 0.9388659636826299 2197.4
21975 0.9388795894069845 2197.5
21976 0.9388932451879241 2197.6
21977 0.9389068886091271 2197.7
21978 0.9389203692021068 2197.8
21979 0.9389339179746028 2197.9
21980 0.9389475320989416 2198
21981 0.9389609286087535 2198.1
21982 0.9389741345464335 2198.2
21983 0.9389874389413827 2198.3
21984 0.9390008352575026 2198.4
21985 0.9390143143891954 2198.5
21986 0.9390278656386891 2198.6
21987 0.9390414747938272 2198.7
21988 0.9390551297202353 2198.8
21989 0.9390688190978599 2198.9
21990 0.9390825322409112 2199
21991 0.9390962593564471 2199.1
21992 0.9391099917999818 2199.2
21993 0.9391237223101908 2199.3
21994 0.9391374452620894 2199.4
21995 0.9391511567918025 2199.5
21996 0.9391640160440241 2199.6
21997 0.9391768525466797 2199.7
21998 0.9391897391079554 2199.8
21999 0.9392026733009693 2199.9
22000 0.9392154915451597 2200
22001 0.9392276933248342 2200.1
22002 0.9392399926410678 2200.2
22003 0.9392523934469489 2200.3
22004 0.9392637326369008 2200.4
22005 0.9392752017279462 2200.5
22006 0.9392868212908354 2200.6
22007 0.9392985944655581 2200.7
22008 0.9393105239506471 2200.8
22009 0.9393226112596046 2200.9
22010 0.9393348599822143 2201
22011 0.9393472719946514 2201.1
22012 0.939359851268711 2201.2
22013 0.9393725891546756 2201.3
22014 0.9393854799967948 2201.4
22015 0.9393985182308909 2201.5
22016 0.9394116968637005 2201.6
22017 0.9394250073776461 2201.7
22018 0.9394384439947143 2201.8
22019 0.939451994184068 2201.9
22020 0.9394656438140675 2202
22021 0.9394793783322246 2202.1
22022 0.9394931795011363 2202.2
22023 0.9395066608674201 2202.3
22024 0.9395195561583775 2202.4
22025 0.9395325346891943 2202.5
22026 0.9395455866319499 2202.6
22027 0.9395586998268005 2202.7
22028 0.9395718671017363 2202.8
22029 0.9395850873543029 2202.9
22030 0.9395983424255077 2203
22031 0.939611615401312 2203.1
22032 0.9396248863177447 2203.2
22033 0.9396381459121277 2203.3
22034 0.9396513859384837 2203.4
22035 0.9396645982472591 2203.5
22036 0.9396775706220706 2203.6
22037 0.9396898040730882 2203.7
22038 0.9397021305058051 2203.8
22039 0.9397142402248814 2203.9
22040 0.9397262907261209 2204
22041 0.9397384404699181 2204.1
22042 0.9397506753949503 2204.2
22043 0.9397629857726478 2204.3
22044 0.9397753660877454 2204.4
22045 0.9397878118303641 2204.5
22046 0.9398003193993427 2204.6
22047 0.9398128859357306 2204.7
22048 0.9398255092143701 2204.8
22049 0.9398381875067525 2204.9
22050 0.9398509195043125 2205
22051 0.9398637043803314 2205.1
22052 0.9398765412525388 2205.2
22053 0.9398894294850955 2205.3
22054 0.9399023687258046 2205.4
22055 0.9399153588583444 2205.5
22056 0.9399283999743671 2205.6
22057 0.9399414923661048 2205.7
22058 0.9399546364366625 2205.8
22059 0.9399678327211272 2205.9
22060 0.9399810821455102 2206
22061 0.9399943858109769 2206.1
22062 0.9400077449830726 2206.2
22063 0.9400211611039704 2206.3
22064 0.9400346357832041 2206.4
22065 0.9400481706510156 2206.5
22066 0.9400617673632232 2206.6
22067 0.9400754274765213 2206.7
22068 0.9400891523154804 2206.8
22069 0.940102942843361 2206.9
22070 0.9401167994554593 2207
22071 0.9401305848061836 2207.1
22072 0.9401443363888106 2207.2
22073 0.940158127029442 2207.3
22074 0.9401719225583113 2207.4
22075 0.9401858029269484 2207.5
22076 0.9401997722602549 2207.6
22077 0.9402138339505678 2207.7
22078 0.9402279855891577 2207.8
22079 0.9402422274528296 2207.9
22080 0.9402565582758293 2208
22081 0.9402709660977264 2208.1
22082 0.9402853854944794 2208.2
22083 0.9402998350100807 2208.3
22084 0.9403143381820666 2208.4
22085 0.9403288897129578 2208.5
22086 0.9403434731547988 2208.6
22087 0.9403580643058611 2208.7
22088 0.9403726314877344 2208.8
22089 0.9403867842307438 2208.9
22090 0.9404007018988576 2209
22091 0.9404145514681347 2209.1
22092 0.9404283340506538 2209.2
22093 0.9404420481238964 2209.3
22094 0.9404556927686327 2209.4
22095 0.940468703221463 2209.5
22096 0.9404811170783589 2209.6
22097 0.940493587987111 2209.7
22098 0.9405061224465884 2209.8
22099 0.9405187236941271 2209.9
22100 0.9405313935609294 2210
22101 0.940544131260582 2210.1
22102 0.9405569279939497 2210.2
22103 0.9405697205859165 2210.3
22104 0.9405825614528032 2210.4
22105 0.9405954811661954 2210.5
22106 0.9406084827029282 2210.6
22107 0.940621568674514 2210.7
22108 0.9406347415668537 2210.8
22109 0.9406480039074506 2210.9
22110 0.9406613583068241 2211
22111 0.9406748075337399 2211.1
22112 0.9406883546203475 2211.2
22113 0.9407020029700363 2211.3
22114 0.9407157557193029 2211.4
22115 0.9407296163948217 2211.5
22116 0.9407435895475517 2211.6
22117 0.9407576800184644 2211.7
22118 0.9407718934247069 2211.8
22119 0.9407862362154381 2211.9
22120 0.9408007154924424 2212
22121 0.9408152118270279 2212.1
22122 0.9408297506379992 2212.2
22123 0.9408444236078314 2212.3
22124 0.940859231439366 2212.4
22125 0.9408741770241578 2212.5
22126 0.9408892613416804 2212.6
22127 0.9409044836227409 2212.7
22128 0.9409198403040692 2212.8
22129 0.9409353253434821 2212.9
22130 0.940950931248155 2213
22131 0.9409666460731567 2213.1
22132 0.9409824496209964 2213.2
22133 0.9409983351150476 2213.3
22134 0.9410142959083982 2213.4
22135 0.9410303234966075 2213.5
22136 0.941046415710452 2213.6
22137 0.9410625586652166 2213.7
22138 0.9410787297297233 2213.8
22139 0.941094918889001 2213.9
22140 0.941110458749595 2214
22141 0.9411258850520646 2214.1
22142 0.9411413928268736 2214.2
22143 0.9411569680975712 2214.3
22144 0.9411726019160785 2214.4
22145 0.9411882831821645 2214.5
22146 0.9412036105741881 2214.6
22147 0.9412187974818064 2214.7
22148 0.9412341125282214 2214.8
22149 0.9412495431021619 2214.9
22150 0.9412650548351348 2215
22151 0.9412806429486663 2215.1
22152 0.9412962991041712 2215.2
22153 0.9413120057162352 2215.3
22154 0.9413277456137155 2215.4
22155 0.9413435013870014 2215.5
22156 0.9413591976711162 2215.6
22157 0.9413743427051943 2215.7
22158 0.9413894883542626 2215.8
22159 0.9414046005836025 2215.9
22160 0.9414189202283457 2216
22161 0.9414332628028341 2216.1
22162 0.9414476238657044 2216.2
22163 0.9414619970111906 2216.3
22164 0.94147637884234 2216.4
22165 0.9414907698737315 2216.5
22166 0.9415051624968465 2216.6
22167 0.9415195560727213 2216.7
22168 0.9415339526743893 2216.8
22169 0.9415483570949889 2216.9
22170 0.9415627649435461 2217
22171 0.9415771834690183 2217.1
22172 0.9415916329995875 2217.2
22173 0.9416061250683762 2217.3
22174 0.941620465547743 2217.4
22175 0.9416342541787047 2217.5
22176 0.9416481859174086 2217.6
22177 0.9416622116541756 2217.7
22178 0.941676365076023 2217.8
22179 0.9416906407263684 2217.9
22180 0.9417050310830266 2218
22181 0.9417195289664462 2218.1
22182 0.9417341270487576 2218.2
22183 0.9417488178559937 2218.3
22184 0.9417635919246855 2218.4
22185 0.9417784382149447 2218.5
22186 0.94179334473884 2218.6
22187 0.9418082986447417 2218.7
22188 0.9418232872932675 2218.8
22189 0.9418382977569238 2218.9
22190 0.9418533163981648 2219
22191 0.9418683304397313 2219.1
22192 0.9418833290999403 2219.2
22193 0.9418982909839022 2219.3
22194 0.941913216635364 2219.4
22195 0.94192810451111 2219.5
22196 0.9419429491180307 2219.6
22197 0.9419577465039477 2219.7
22198 0.9419724690950023 2219.8
22199 0.9419871423906179 2219.9
22200 0.9420017720225223 2220
22201 0.9420163638896216 2220.1
22202 0.9420309257950168 2220.2
22203 0.9420448268875177 2220.3
22204 0.9420584835080849 2220.4
22205 0.9420722159610054 2220.5
22206 0.9420860175922345 2220.6
22207 0.9420997674597432 2220.7
22208 0.9421133727530548 2220.8
22209 0.9421270824898643 2220.9
22210 0.9421408948641162 2221
22211 0.9421548074086394 2221.1
22212 0.9421688172389838 2221.2
22213 0.9421829209688004 2221.3
22214 0.9421971145691895 2221.4
22215 0.9422113927438299 2221.5
22216 0.9422257483788327 2221.6
22217 0.9422401733252689 2221.7
22218 0.9422546584188202 2221.8
22219 0.9422691935666465 2221.9
22220 0.9422837693417525 2222
22221 0.942298375549576 2222.1
22222 0.9423130002051211 2222.2
22223 0.9423276313782635 2222.3
22224 0.9423422582965723 2222.4
22225 0.9423568733069869 2222.5
22226 0.9423714696261997 2222.6
22227 0.9423860407989544 2222.7
22228 0.9424005820516499 2222.8
22229 0.9424150907370535 2222.9
22230 0.9424295667559099 2223
22231 0.9424440121389821 2223.1
22232 0.942458430715035 2223.2
22233 0.942472827842133 2223.3
22234 0.9424870051744823 2223.4
22235 0.9425005638142515 2223.5
22236 0.9425142136631347 2223.6
22237 0.9425279508490119 2223.7
22238 0.9425417640825701 2223.8
22239 0.9425556475027718 2223.9
22240 0.9425695986752448 2224
22241 0.9425836150881336 2224.1
22242 0.9425977002131667 2224.2
22243 0.9426118583139306 2224.3
22244 0.9426260940376269 2224.4
22245 0.9426404242443205 2224.5
22246 0.9426548549113484 2224.6
22247 0.9426693883975029 2224.7
22248 0.9426840288112883 2224.8
22249 0.9426987793693369 2224.9
22250 0.9427136328743405 2225
22251 0.942728577351565 2225.1
22252 0.9427435850828358 2225.2
22253 0.9427585173255306 2225.3
22254 0.9427730559749955 2225.4
22255 0.9427876491386716 2225.5
22256 0.942802288853432 2225.6
22257 0.9428169648595504 2225.7
22258 0.9428316875469457 2225.8
22259 0.9428464076943726 2225.9
22260 0.9428602148286066 2226
22261 0.9428741248600755 2226.1
22262 0.9428881114173669 2226.2
22263 0.9429021615231205 2226.3
22264 0.9429162495727771 2226.4
22265 0.9429303559982245 2226.5
22266 0.9429444787762837 2226.6
22267 0.9429586095335563 2226.7
22268 0.9429720615169188 2226.8
22269 0.9429853434341239 2226.9
22270 0.9429986691122176 2227
22271 0.9430120252186228 2227.1
22272 0.9430253995706348 2227.2
22273 0.9430387822166248 2227.3
22274 0.9430521660419774 2227.4
22275 0.9430655458481622 2227.5
22276 0.9430780038116304 2227.6
22277 0.9430902538657364 2227.7
22278 0.9431025366052889 2227.8
22279 0.9431148535423777 2227.9
22280 0.9431263365551111 2228
22281 0.9431376098226592 2228.1
22282 0.943149022820145 2228.2
22283 0.9431605712750595 2228.3
22284 0.9431722495723899 2228.4
22285 0.9431840517479605 2228.5
22286 0.9431959720273914 2228.6
22287 0.9432080051435525 2228.7
22288 0.9432201465466048 2228.8
22289 0.943232215756927 2228.9
22290 0.9432443560040247 2229
22291 0.9432566089534012 2229.1
22292 0.9432689707008742 2229.2
22293 0.9432814376113092 2229.3
22294 0.9432940065023048 2229.4
22295 0.9433066748186282 2229.5
22296 0.9433194401298083 2229.6
22297 0.943332299553685 2229.7
22298 0.9433452510725159 2229.8
22299 0.9433582912452466 2229.9
22300 0.943371414545394 2230
22301 0.9433846152890374 2230.1
22302 0.9433978869669284 2230.2
22303 0.9434110912227224 2230.3
22304 0.9434242532462317 2230.4
22305 0.9434374748477854 2230.5
22306 0.9434507440486877 2230.6
22307 0.943464048863402 2230.7
22308 0.9434773788603865 2230.8
22309 0.9434907245176114 2230.9
22310 0.9435040776982526 2231
22311 0.9435172796107426 2231.1
22312 0.9435297358436372 2231.2
22313 0.9435422401383142 2231.3
22314 0.9435547914904554 2231.4
22315 0.9435673863320703 2231.5
22316 0.9435800199553139 2231.6
22317 0.9435926863437678 2231.7
22318 0.9436051803788738 2231.8
22319 0.9436174879822938 2231.9
22320 0.9436298566748444 2232
22321 0.9436422799415879 2232.1
22322 0.9436547523928773 2232.2
22323 0.9436672677199835 2232.3
22324 0.9436798195166436 2232.4
22325 0.9436924044279617 2232.5
22326 0.9437050201400903 2232.6
22327 0.9437176651903286 2232.7
22328 0.9437303356935473 2232.8
22329 0.9437430374604069 2232.9
22330 0.9437557729995935 2233
22331 0.9437685457569418 2233.1
22332 0.943781360046574 2233.2
22333 0.9437942210010359 2233.3
22334 0.9438071317001796 2233.4
22335 0.9438200971702403 2233.5
22336 0.9438331231386546 2233.6
22337 0.943846215267497 2233.7
22338 0.94385937875585 2233.8
22339 0.9438726058375247 2233.9
22340 0.9438859017215784 2234
22341 0.943899271275915 2234.1
22342 0.9439125421249975 2234.2
22343 0.9439257906397723 2234.3
22344 0.9439391551566518 2234.4
22345 0.9439526228726003 2234.5
22346 0.9439661630505104 2234.6
22347 0.9439797198045662 2234.7
22348 0.9439931238659424 2234.8
22349 0.9440065408790074 2234.9
22350 0.9440199820647165 2235
22351 0.9440334447552307 2235.1
22352 0.9440469249838881 2235.2
22353 0.9440604203635957 2235.3
22354 0.9440737435569224 2235.4
22355 0.9440862038951704 2235.5
22356 0.9440987642757077 2235.6
22357 0.9441114244326836 2235.7
22358 0.9441241758341423 2235.8
22359 0.9441370070324636 2235.9
22360 0.9441499052293271 2236
22361 0.9441628571781461 2236.1
22362 0.9441758034373167 2236.2
22363 0.9441887780187652 2236.3
22364 0.9442017704561212 2236.4
22365 0.9442147700019711 2236.5
22366 0.9442277671351825 2236.6
22367 0.9442403087722149 2236.7
22368 0.9442527328593445 2236.8
22369 0.9442651418540549 2236.9
22370 0.9442775386796871 2237
22371 0.9442899247180134 2237.1
22372 0.9443023014746305 2237.2
22373 0.9443146707288638 2237.3
22374 0.9443270345971436 2237.4
22375 0.9443393954722403 2237.5
22376 0.944351755949147 2237.6
22377 0.944364118747093 2237.7
22378 0.9443764866587192 2237.8
22379 0.9443888146700229 2237.9
22380 0.9444011578294627 2238
22381 0.9444135193938601 2238.1
22382 0.9444259014447559 2238.2
22383 0.9444383060904925 2238.3
22384 0.9444507355249659 2238.4
22385 0.9444631920617156 2238.5
22386 0.9444756781055716 2238.6
22387 0.9444881961539505 2238.7
22388 0.9445007488420591 2238.8
22389 0.9445133389658532 2238.9
22390 0.9445259694892238 2239
22391 0.9445386435569332 2239.1
22392 0.9445513645053093 2239.2
22393 0.944564135883277 2239.3
22394 0.9445769614688904 2239.4
22395 0.9445898452990663 2239.5
22396 0.9446027916382106 2239.6
22397 0.944615804988564 2239.7
22398 0.9446288900917401 2239.8
22399 0.9446420520038454 2239.9
22400 0.9446552959108195 2240
22401 0.9446685974989035 2240.1
22402 0.9446819713334212 2240.2
22403 0.944695444261567 2240.3
22404 0.9447090211855024 2240.4
22405 0.944722707203131 2240.5
22406 0.9447364873702179 2240.6
22407 0.9447503561810666 2240.7
22408 0.9447643403830198 2240.8
22409 0.9447784384878933 2240.9
22410 0.9447926487941876 2241
22411 0.9448069753802876 2241.1
22412 0.9448214182092516 2241.2
22413 0.9448359837151138 2241.3
22414 0.9448506718512498 2241.4
22415 0.9448654779312031 2241.5
22416 0.9448803942146449 2241.6
22417 0.9448954096945107 2241.7
22418 0.9449105102812672 2241.8
22419 0.944925679578373 2241.9
22420 0.9449408973446376 2242
22421 0.944956140631644 2242.1
22422 0.9449713920127393 2242.2
22423 0.9449866388347112 2242.3
22424 0.94500187322352 2242.4
22425 0.9450170889093508 2242.5
22426 0.9450322925811617 2242.6
22427 0.9450474863105516 2242.7
22428 0.9450626685723016 2242.8
22429 0.9450776701200361 2242.9
22430 0.9450921178597351 2243
22431 0.945106670450518 2243.1
22432 0.9451213144742465 2243.2
22433 0.9451360317395912 2243.3
22434 0.9451508020310856 2243.4
22435 0.9451650527523072 2243.5
22436 0.9451793342343825 2243.6
22437 0.9451936584738396 2243.7
22438 0.9452080120256571 2243.8
22439 0.9452223820742317 2243.9
22440 0.9452367574185826 2244
22441 0.9452511293099659 2244.1
22442 0.9452654913910881 2244.2
22443 0.9452798396793107 2244.3
22444 0.9452941726035944 2244.4
22445 0.9453084901257117 2244.5
22446 0.9453223615484343 2244.6
22447 0.9453358038023028 2244.7
22448 0.945349298180618 2244.8
22449 0.9453623446460185 2244.9
22450 0.9453752558921323 2245
22451 0.9453882710196636 2245.1
22452 0.9454013864449815 2245.2
22453 0.9454145990075812 2245.3
22454 0.9454279062301449 2245.4
22455 0.9454413052501424 2245.5
22456 0.9454547932461995 2245.6
22457 0.9454683675715659 2245.7
22458 0.945482025632263 2245.8
22459 0.9454957648640637 2245.9
22460 0.9455095828003683 2246
22461 0.945523477211332 2246.1
22462 0.945537446048257 2246.2
22463 0.9455514874320039 2246.3
22464 0.9455655323383924 2246.4
22465 0.9455796324907791 2246.5
22466 0.9455938089486505 2246.6
22467 0.9456080576966607 2246.7
22468 0.9456223703756697 2246.8
22469 0.9456367383381135 2246.9
22470 0.9456511533311789 2247
22471 0.9456656074036236 2247.1
22472 0.9456800913353333 2247.2
22473 0.9456945949451907 2247.3
22474 0.9457091079016996 2247.4
22475 0.9457236197029441 2247.5
22476 0.945738118951968 2247.6
22477 0.945752595039972 2247.7
22478 0.9457670391093977 2247.8
22479 0.9457814445408677 2247.9
22480 0.9457958086087789 2248
22481 0.9458101282309842 2248.1
22482 0.9458244014056161 2248.2
22483 0.9458386279567271 2248.3
22484 0.9458528105007196 2248.4
22485 0.9458668740398054 2248.5
22486 0.9458806681675447 2248.6
22487 0.9458938212142388 2248.7
22488 0.945906738758391 2248.8
22489 0.9459197636259239 2248.9
22490 0.9459328866804644 2249
22491 0.9459460984467044 2249.1
22492 0.9459593900607466 2249.2
22493 0.9459727228903434 2249.3
22494 0.9459860934399863 2249.4
22495 0.9459995199302581 2249.5
22496 0.9460129977322455 2249.6
22497 0.946026522953709 2249.7
22498 0.9460400923948539 2249.8
22499 0.9460537036632134 2249.9
22500 0.9460673552014169 2250
22501 0.9460810455958536 2250.1
22502 0.9460947738257683 2250.2
22503 0.9461085393526925 2250.3
22504 0.9461223421546122 2250.4
22505 0.946136169005699 2250.5
22506 0.9461500230816196 2250.6
22507 0.9461639240305412 2250.7
22508 0.9461778730744498 2250.8
22509 0.9461918709856798 2250.9
22510 0.9462059196701048 2251
22511 0.9462200219802112 2251.1
22512 0.9462341814929158 2251.2
22513 0.946248402208726 2251.3
22514 0.9462626883044509 2251.4
22515 0.9462770434975846 2251.5
22516 0.9462914700765498 2251.6
22517 0.9463059688741905 2251.7
22518 0.9463203317509367 2251.8
22519 0.946334707190574 2251.9
22520 0.9463491490481727 2252
22521 0.9463636469804925 2252.1
22522 0.9463781881385743 2252.2
22523 0.9463927552911506 2252.3
22524 0.9464073312185129 2252.4
22525 0.9464219034661664 2252.5
22526 0.9464364596487579 2252.6
22527 0.9464509902377428 2252.7
22528 0.9464654884516939 2252.8
22529 0.9464799480808107 2252.9
22530 0.9464941490573878 2253
22531 0.9465079793734806 2253.1
22532 0.946521799364605 2253.2
22533 0.9465355685948336 2253.3
22534 0.946548402604102 2253.4
22535 0.946561336619778 2253.5
22536 0.9465743632710498 2253.6
22537 0.9465874751375811 2253.7
22538 0.9466006662506704 2253.8
22539 0.9466139326196006 2253.9
22540 0.9466272720876111 2254
22541 0.9466406841023575 2254.1
22542 0.9466541694368164 2254.2
22543 0.9466677299396083 2254.3
22544 0.9466813683260011 2254.4
22545 0.9466942677269456 2254.5
22546 0.9467072799017529 2254.6
22547 0.9467204429653401 2254.7
22548 0.9467337453422269 2254.8
22549 0.9467471805268712 2254.9
22550 0.9467607469609945 2255
22551 0.9467744434839561 2255.1
22552 0.9467882739962281 2255.2
22553 0.9468012683794323 2255.3
22554 0.9468142995885489 2255.4
22555 0.9468274925907215 2255.5
22556 0.946840839933725 2255.6
22557 0.9468543226583338 2255.7
22558 0.9468679149152986 2255.8
22559 0.946881603572717 2255.9
22560 0.9468953723246041 2256
22561 0.9469091964642429 2256.1
22562 0.946923036970895 2256.2
22563 0.946936877396969 2256.3
22564 0.9469505320491124 2256.4
22565 0.9469635253322458 2256.5
22566 0.9469765106788645 2256.6
22567 0.9469894761376937 2256.7
22568 0.9470023058225421 2256.8
22569 0.9470150961742189 2256.9
22570 0.9470278075065204 2257
22571 0.9470396777761386 2257.1
22572 0.9470515837930243 2257.2
22573 0.9470635608463956 2257.3
22574 0.9470756033672668 2257.4
22575 0.9470877064117839 2257.5
22576 0.9470998664662835 2257.6
22577 0.9471120815021163 2257.7
22578 0.9471243456281527 2257.8
22579 0.9471366606747246 2257.9
22580 0.9471490290679877 2258
22581 0.9471614534266846 2258.1
22582 0.9471739358814915 2258.2
22583 0.9471864783959487 2258.3
22584 0.9471988789683996 2258.4
22585 0.9472111197230888 2258.5
22586 0.9472234707969658 2258.6
22587 0.9472359263081236 2258.7
22588 0.9472484811124948 2258.8
22589 0.9472611309533485 2258.9
22590 0.9472738722262505 2259
22591 0.9472867016495238 2259.1
22592 0.9472996157631203 2259.2
22593 0.9473125899705639 2259.3
22594 0.9473255970398073 2259.4
22595 0.9473386748598077 2259.5
22596 0.9473518129647746 2259.6
22597 0.9473650041811207 2259.7
22598 0.9473782441580988 2259.8
22599 0.9473915244557189 2259.9
22600 0.9474048367980848 2260
22601 0.9474181735899031 2260.1
22602 0.9474315283219094 2260.2
22603 0.9474446891462029 2260.3
22604 0.9474576913161656 2260.4
22605 0.9474700377122702 2260.5
22606 0.9474823441256277 2260.6
22607 0.9474947374214284 2260.7
22608 0.9475072190323295 2260.8
22609 0.9475197862944879 2260.9
22610 0.9475324322784354 2261
22611 0.9475451523540069 2261.1
22612 0.9475579423638554 2261.2
22613 0.9475707973793926 2261.3
22614 0.947583711352817 2261.4
22615 0.9475966705102744 2261.5
22616 0.9476096729522389 2261.6
22617 0.9476227153971417 2261.7
22618 0.9476357932975913 2261.8
22619 0.9476489026964769 2261.9
22620 0.9476620377566143 2262
22621 0.9476751930983125 2262.1
22622 0.9476883645407571 2262.2
22623 0.947701549504698 2262.3
22624 0.9477147474275062 2262.4
22625 0.9477279586810679 2262.5
22626 0.9477411843745694 2262.6
22627 0.9477544260856916 2262.7
22628 0.9477676855102055 2262.8
22629 0.947780943524238 2262.9
22630 0.9477940162747432 2263
22631 0.9478071033566895 2263.1
22632 0.9478197426246067 2263.2
22633 0.9478322777199049 2263.3
22634 0.9478449185342155 2263.4
22635 0.9478576596888042 2263.5
22636 0.9478704952046315 2263.6
22637 0.947883415433507 2263.7
22638 0.9478964011459836 2263.8
22639 0.9479094547149955 2263.9
22640 0.9479225685411714 2264
22641 0.9479357342475182 2264.1
22642 0.9479489431179602 2264.2
22643 0.9479621863863448 2264.3
22644 0.9479754554992675 2264.4
22645 0.947988742369797 2264.5
22646 0.948002039623044 2264.6
22647 0.9480153408312511 2264.7
22648 0.9480286407148882 2264.8
22649 0.9480419353301585 2264.9
22650 0.9480549831213795 2265
22651 0.9480677037501669 2265.1
22652 0.9480804278836118 2265.2
22653 0.9480931641309902 2265.3
22654 0.9481059195612387 2265.4
22655 0.9481187013885199 2265.5
22656 0.9481315167414683 2265.6
22657 0.9481443739490176 2265.7
22658 0.9481572822861325 2265.8
22659 0.9481701701105627 2265.9
22660 0.9481829664261228 2266
22661 0.9481958377113718 2266.1
22662 0.9482087927876989 2266.2
22663 0.9482218471565146 2266.3
22664 0.9482350045120088 2266.4
22665 0.9482482727127015 2266.5
22666 0.9482616571656205 2266.6
22667 0.9482751598937247 2266.7
22668 0.9482887793756487 2266.8
22669 0.9483025113730115 2266.9
22670 0.9483163475611267 2267
22671 0.9483302673670249 2267.1
22672 0.9483442489854021 2267.2
22673 0.9483582855287288 2267.3
22674 0.9483723623199575 2267.4
22675 0.9483864624983345 2267.5
22676 0.9484005682617921 2267.6
22677 0.948414664008298 2267.7
22678 0.9484287504806616 2267.8
22679 0.948442341998068 2267.9
22680 0.9484554224030124 2268
22681 0.9484685528682724 2268.1
22682 0.9484816509201176 2268.2
22683 0.9484947837552693 2268.3
22684 0.9485079439428801 2268.4
22685 0.9485211255546743 2268.5
22686 0.9485343246295521 2268.6
22687 0.9485475353896923 2268.7
22688 0.9485607554851556 2268.8
22689 0.9485739878786354 2268.9
22690 0.9485872361873398 2269
22691 0.948600504160464 2269.1
22692 0.9486137957448375 2269.2
22693 0.9486271141890978 2269.3
22694 0.9486404619911469 2269.4
22695 0.948653840769892 2269.5
22696 0.9486672517968867 2269.6
22697 0.9486805416617289 2269.7
22698 0.9486933850305658 2269.8
22699 0.9487063117093771 2269.9
22700 0.9487193112946837 2270
22701 0.9487323734103535 2270.1
22702 0.9487454883007482 2270.2
22703 0.9487586471214962 2270.3
22704 0.948771842065681 2270.4
22705 0.9487850664688129 2270.5
22706 0.948798314827853 2270.6
22707 0.9488115827000422 2270.7
22708 0.948824866784013 2270.8
22709 0.9488381649295613 2270.9
22710 0.9488514764288539 2271
22711 0.9488648016280141 2271.1
22712 0.9488781363327644 2271.2
22713 0.9488914837506375 2271.3
22714 0.9489048509547175 2271.4
22715 0.9489182417258799 2271.5
22716 0.9489316604353469 2271.6
22717 0.9489450667598072 2271.7
22718 0.9489580578847373 2271.8
22719 0.9489711362246676 2271.9
22720 0.9489843091251886 2272
22721 0.9489975813081456 2272.1
22722 0.9490109557029385 2272.2
22723 0.9490244341190442 2272.3
22724 0.9490380176642284 2272.4
22725 0.949051706792753 2272.5
22726 0.9490655011704505 2272.6
22727 0.9490793992546049 2272.7
22728 0.9490933962319998 2272.8
22729 0.9491074822179048 2272.9
22730 0.949121653341757 2273
22731 0.9491358979388502 2273.1
22732 0.9491502069669664 2273.2
22733 0.9491645716737752 2273.3
22734 0.9491789829501207 2273.4
22735 0.9491934317487657 2273.5
22736 0.9492079128985285 2273.6
22737 0.9492224188246208 2273.7
22738 0.9492369428208711 2273.8
22739 0.9492508252496973 2273.9
22740 0.9492644579153177 2274
22741 0.9492781780184748 2274.1
22742 0.9492919796968582 2274.2
22743 0.9493058674454206 2274.3
22744 0.949319759361702 2274.4
22745 0.9493337255781767 2274.5
22746 0.9493477612236946 2274.6
22747 0.9493618599972885 2274.7
22748 0.9493760159705533 2274.8
22749 0.9493902235970394 2274.9
22750 0.949404234461889 2275
22751 0.9494176795630463 2275.1
22752 0.9494312267192397 2275.2
22753 0.9494448616117233 2275.3
22754 0.9494585672458173 2275.4
22755 0.9494723276707661 2275.5
22756 0.9494861398589131 2275.6
22757 0.9494999939082933 2275.7
22758 0.9495138739445431 2275.8
22759 0.9495277773351128 2275.9
22760 0.9495416992074166 2276
22761 0.9495556427723462 2276.1
22762 0.9495695993045726 2276.2
22763 0.9495835606492594 2276.3
22764 0.9495975209103235 2276.4
22765 0.9496114746198869 2276.5
22766 0.949625413114333 2276.6
22767 0.9496393281887821 2276.7
22768 0.9496530443614302 2276.8
22769 0.9496659674364775 2276.9
22770 0.9496785848748817 2277
22771 0.949691298980528 2277.1
22772 0.9497040999725838 2277.2
22773 0.9497168638086481 2277.3
22774 0.9497296846942426 2277.4
22775 0.9497425593325904 2277.5
22776 0.9497554803891781 2277.6
22777 0.949768441065269 2277.7
22778 0.9497814355085233 2277.8
22779 0.9497944590034083 2277.9
22780 0.9498075085924976 2278
22781 0.9498205809254697 2278.1
22782 0.9498336722420326 2278.2
22783 0.9498467791749027 2278.3
22784 0.9498598989168764 2278.4
22785 0.949873029179692 2278.5
22786 0.9498861651873379 2278.6
22787 0.9498993062178839 2278.7
22788 0.9499124528504606 2278.8
22789 0.9499256040043568 2278.9
22790 0.9499387587782305 2279
22791 0.9499519164722386 2279.1
22792 0.9499648996950829 2279.2
22793 0.9499778309287289 2279.3
22794 0.9499907642964018 2279.4
22795 0.9500036980031914 2279.5
22796 0.9500166305011218 2279.6
22797 0.9500295607346062 2279.7
22798 0.9500424881360741 2279.8
22799 0.9500554125236351 2279.9
22800 0.9500683127011229 2280
22801 0.9500811894760834 2280.1
22802 0.9500940660316409 2280.2
22803 0.9501069431850603 2280.3
22804 0.9501198217434899 2280.4
22805 0.9501327025321874 2280.5
22806 0.9501455866036664 2280.6
22807 0.9501584752767015 2280.7
22808 0.9501713701272742 2280.8
22809 0.9501842372277893 2280.9
22810 0.9501969208177745 2281
22811 0.9502096403606496 2281.1
22812 0.9502223561931101 2281.2
22813 0.9502346164330353 2281.3
22814 0.9502469602356246 2281.4
22815 0.9502593895093786 2281.5
22816 0.9502719036553173 2281.6
22817 0.9502845025908246 2281.7
22818 0.9502971864156455 2281.8
22819 0.9503099421972804 2281.9
22820 0.950322779523423 2282
22821 0.9503357027843409 2282.1
22822 0.9503487113031521 2282.2
22823 0.9503618021128425 2282.3
22824 0.9503749637293049 2282.4
22825 0.9503881967641136 2282.5
22826 0.9504014931515866 2282.6
22827 0.9504141289047326 2282.7
22828 0.9504267264182454 2282.8
22829 0.95043941415838 2282.9
22830 0.9504521771443565 2283
22831 0.9504650009809299 2283.1
22832 0.9504778721638757 2283.2
22833 0.9504907748813305 2283.3
22834 0.9505037031093787 2283.4
22835 0.9505157755409368 2283.5
22836 0.950527707082411 2283.6
22837 0.9505396985631572 2283.7
22838 0.9505512531586169 2283.8
22839 0.9505624709957569 2283.9
22840 0.9505738308642229 2284
22841 0.9505853228979334 2284.1
22842 0.9505969357073144 2284.2
22843 0.9506086574382616 2284.3
22844 0.9506204763655669 2284.4
22845 0.9506323607694815 2284.5
22846 0.9506443087326852 2284.6
22847 0.9506563278852211 2284.7
22848 0.9506684091017951 2284.8
22849 0.9506805448190431 2284.9
22850 0.9506927296150693 2285
22851 0.9507049596724005 2285.1
22852 0.9507172327171152 2285.2
22853 0.9507295481975917 2285.3
22854 0.9507418932749617 2285.4
22855 0.9507535428128012 2285.5
22856 0.9507652852293771 2285.6
22857 0.9507771298666753 2285.7
22858 0.9507890846951995 2285.8
22859 0.9508011568464894 2285.9
22860 0.9508133526687509 2286
22861 0.9508256774357833 2286.1
22862 0.950838134431625 2286.2
22863 0.9508507251834191 2286.3
22864 0.9508634490247875 2286.4
22865 0.9508763025603192 2286.5
22866 0.9508892795512391 2286.6
22867 0.950902371568175 2286.7
22868 0.9509155684730927 2286.8
22869 0.9509288592449262 2286.9
22870 0.9509422327225535 2287
22871 0.9509556782198668 2287.1
22872 0.9509691790220484 2287.2
22873 0.9509827308159858 2287.3
22874 0.9509963335749978 2287.4
22875 0.9510099838404688 2287.5
22876 0.9510236827596126 2287.6
22877 0.9510374316008039 2287.7
22878 0.9510512330890644 2287.8
22879 0.9510650608852556 2287.9
22880 0.9510781206050354 2288
22881 0.9510913410390179 2288.1
22882 0.9511047207950482 2288.2
22883 0.9511182246842986 2288.3
22884 0.9511317516474808 2288.4
22885 0.9511453891421707 2288.5
22886 0.9511591275726141 2288.6
22887 0.951172954737726 2288.7
22888 0.9511868566676128 2288.8
22889 0.9512008191534749 2288.9
22890 0.951214830144695 2289
22891 0.9512288767653517 2289.1
22892 0.951242946008821 2289.2
22893 0.95125702634448 2289.3
22894 0.9512710227169539 2289.4
22895 0.9512847542556 2289.5
22896 0.951298496865054 2289.6
22897 0.9513122366257347 2289.7
22898 0.9513259611153626 2289.8
22899 0.9513396596763644 2289.9
22900 0.951353323807851 2290
22901 0.9513669457907875 2290.1
22902 0.9513805194589315 2290.2
22903 0.9513939486724777 2290.3
22904 0.95140665460036 2290.4
22905 0.9514188095776134 2290.5
22906 0.9514308890816957 2290.6
22907 0.9514430320894322 2290.7
22908 0.9514552356761067 2290.8
22909 0.9514674958716829 2290.9
22910 0.9514798088271863 2291
22911 0.9514921727134874 2291.1
22912 0.9515045867472096 2291.2
22913 0.9515170507844143 2291.3
22914 0.9515295650066469 2291.4
22915 0.9515421296308216 2291.5
22916 0.9515547446668245 2291.6
22917 0.9515672345413702 2291.7
22918 0.9515797288905206 2291.8
22919 0.9515922645204566 2291.9
22920 0.9516048449090637 2292
22921 0.9516174731985152 2292.1
22922 0.9516301520004298 2292.2
22923 0.9516428831194023 2292.3
22924 0.9516556676118929 2292.4
22925 0.9516685051568352 2292.5
22926 0.9516813941380416 2292.6
22927 0.9516943320127187 2292.7
22928 0.9517073153429347 2292.8
22929 0.9517203393541819 2292.9
22930 0.9517333984446216 2293
22931 0.9517463586918368 2293.1
22932 0.9517592805386846 2293.2
22933 0.9517722300048165 2293.3
22934 0.9517851985059407 2293.4
22935 0.951798178189062 2293.5
22936 0.9518111623693813 2293.6
22937 0.951824081557461 2293.7
22938 0.9518369445944199 2293.8
22939 0.9518496191008579 2293.9
22940 0.9518619107462192 2294
22941 0.9518742131354194 2294.1
22942 0.9518865333969571 2294.2
22943 0.9518988767621295 2294.3
22944 0.9519112478364763 2294.4
22945 0.9519236505719055 2294.5
22946 0.9519360755019314 2294.6
22947 0.9519485311666754 2294.7
22948 0.951961024216933 2294.8
22949 0.9519735527901546 2294.9
22950 0.9519861136187932 2295
22951 0.9519987020238038 2295.1
22952 0.9520113118599782 2295.2
22953 0.9520239368845116 2295.3
22954 0.9520365694158033 2295.4
22955 0.952049201518177 2295.5
22956 0.9520618258780229 2295.6
22957 0.9520744377885619 2295.7
22958 0.9520870318124867 2295.8
22959 0.9520996030952016 2295.9
22960 0.9521121483372941 2296
22961 0.9521246663487621 2296.1
22962 0.9521371577600205 2296.2
22963 0.9521496247120765 2296.3
22964 0.9521620705579237 2296.4
22965 0.9521744995839955 2296.5
22966 0.952186817940974 2296.6
22967 0.9521984711212221 2296.7
22968 0.9522102141024582 2296.8
22969 0.9522220443123545 2296.9
22970 0.9522339586679966 2297
22971 0.952245903322353 2297.1
22972 0.9522579183944805 2297.2
22973 0.952270015065169 2297.3
22974 0.952282192206019 2297.4
22975 0.9522944494621031 2297.5
22976 0.9523067872044215 2297.6
22977 0.9523192064368562 2297.7
22978 0.952331708685747 2297.8
22979 0.9523442959427378 2297.9
22980 0.9523569706043323 2298
22981 0.9523697352482153 2298.1
22982 0.9523825925072079 2298.2
22983 0.9523955449554116 2298.3
22984 0.9524085946570316 2298.4
22985 0.9524217379461013 2298.5
22986 0.9524349717969551 2298.6
22987 0.9524482967785979 2298.7
22988 0.9524616128887157 2298.8
22989 0.9524750017465189 2298.9
22990 0.9524884864228875 2299
22991 0.9525020547004526 2299.1
22992 0.9525156835634002 2299.2
22993 0.9525293451801807 2299.3
22994 0.9525430212690611 2299.4
22995 0.9525566974416256 2299.5
22996 0.9525703610046653 2299.6
22997 0.9525840017952431 2299.7
22998 0.9525976145021341 2299.8
22999 0.9526111966610572 2299.9
23000 0.9526247460395776 2300
23001 0.9526380377473516 2300.1
23002 0.9526506474011697 2300.2
23003 0.9526633328191297 2300.3
23004 0.9526760908410962 2300.4
23005 0.9526889245876498 2300.5
23006 0.9527014087011784 2300.6
23007 0.9527139583522619 2300.7
23008 0.9527266534276733 2300.8
23009 0.9527394978461152 2300.9
23010 0.9527524944062038 2301
23011 0.9527656451342422 2301.1
23012 0.9527789513534056 2301.2
23013 0.9527924119617707 2301.3
23014 0.9528060247385094 2301.4
23015 0.9528197744708105 2301.5
23016 0.9528335435714691 2301.6
23017 0.952847438631991 2301.7
23018 0.9528614528185747 2301.8
23019 0.9528755775302941 2301.9
23020 0.9528898025784593 2302
23021 0.9529041164348224 2302.1
23022 0.952918507214897 2302.2
23023 0.9529329623492999 2302.3
23024 0.9529474713516671 2302.4
23025 0.9529620216948363 2302.5
23026 0.9529766000445309 2302.6
23027 0.9529911928632703 2302.7
23028 0.9530057058648908 2302.8
23029 0.9530201102624273 2302.9
23030 0.9530344951720953 2303
23031 0.9530488574679543 2303.1
23032 0.9530631963113466 2303.2
23033 0.9530775128000161 2303.3
23034 0.9530918094907108 2303.4
23035 0.9531060900270405 2303.5
23036 0.9531203588137327 2303.6
23037 0.9531346211010422 2303.7
23038 0.9531483125211829 2303.8
23039 0.9531618682765811 2303.9
23040 0.9531752869375231 2304
23041 0.9531885333945828 2304.1
23042 0.9532018968362798 2304.2
23043 0.9532153650375031 2304.3
23044 0.9532289244862712 2304.4
23045 0.9532423829911493 2304.5
23046 0.953255802085228 2304.6
23047 0.9532692788469163 2304.7
23048 0.9532827987544091 2304.8
23049 0.9532963474527132 2304.9
23050 0.9533099113313597 2305
23051 0.9533234780296774 2305.1
23052 0.9533369973288174 2305.2
23053 0.9533504827075593 2305.3
23054 0.9533639484021862 2305.4
23055 0.9533773898067021 2305.5
23056 0.9533908039909522 2305.6
23057 0.9534041895677646 2305.7
23058 0.953417546447324 2305.8
23059 0.9534304930868153 2305.9
23060 0.9534429250713209 2306
23061 0.9534552502551672 2306.1
23062 0.9534676559886147 2306.2
23063 0.9534801362591626 2306.3
23064 0.953492514731873 2306.4
23065 0.9535048561066235 2306.5
23066 0.9535172658036609 2306.6
23067 0.9535297359527443 2306.7
23068 0.9535422593076742 2306.8
23069 0.9535548292583477 2306.9
23070 0.9535673590843083 2307
23071 0.95357989983711 2307.1
23072 0.9535924680381721 2307.2
23073 0.9536050610656199 2307.3
23074 0.9536176770210057 2307.4
23075 0.9536303146962536 2307.5
23076 0.9536429735190928 2307.6
23077 0.9536556534973381 2307.7
23078 0.9536683551747802 2307.8
23079 0.9536810795224598 2307.9
23080 0.953693828079531 2308
23081 0.9537066031682414 2308.1
23082 0.9537194074865561 2308.2
23083 0.953732244201445 2308.3
23084 0.9537451170153725 2308.4
23085 0.9537580301228125 2308.5
23086 0.9537709880705926 2308.6
23087 0.9537839956904564 2308.7
23088 0.9537970575729231 2308.8
23089 0.953810177567518 2308.9
23090 0.9538233583641558 2309
23091 0.9538366011854075 2309.1
23092 0.9538499055426309 2309.2
23093 0.9538632682046791 2309.3
23094 0.9538766839867048 2309.4
23095 0.953890145914136 2309.5
23096 0.9539036456985636 2309.6
23097 0.9539171741130643 2309.7
23098 0.9539307220567786 2309.8
23099 0.9539442792304111 2309.9
23100 0.9539576657779433 2310
23101 0.9539706799282609 2310.1
23102 0.9539837206421201 2310.2
23103 0.9539967819673211 2310.3
23104 0.954009856336558 2310.4
23105 0.9540229348130952 2310.5
23106 0.9540360088478786 2310.6
23107 0.9540487171881568 2310.7
23108 0.9540608606062947 2310.8
23109 0.9540730776219072 2310.9
23110 0.9540853574694071 2311
23111 0.9540976883888844 2311.1
23112 0.9541100586979742 2311.2
23113 0.9541224586198485 2311.3
23114 0.9541345772162012 2311.4
23115 0.9541461174202382 2311.5
23116 0.9541577233016195 2311.6
23117 0.9541694115539776 2311.7
23118 0.9541811748928283 2311.8
23119 0.954193006147833 2311.9
23120 0.9542048985504377 2312
23121 0.9542168458404873 2312.1
23122 0.9542285758088909 2312.2
23123 0.9542395887263284 2312.3
23124 0.9542506473294874 2312.4
23125 0.9542616322622649 2312.5
23126 0.9542726380416414 2312.6
23127 0.9542837028954603 2312.7
23128 0.9542948279720961 2312.8
23129 0.9543060144345163 2312.9
23130 0.9543172519062902 2313
23131 0.9543285487913055 2313.1
23132 0.9543399087554107 2313.2
23133 0.9543513314701308 2313.3
23134 0.9543628157038824 2313.4
23135 0.9543743592501335 2313.5
23136 0.9543859589860787 2313.6
23137 0.9543976108936699 2313.7
23138 0.9544093100679605 2313.8
23139 0.9544208625461048 2313.9
23140 0.9544322790284001 2314
23141 0.9544437624234224 2314.1
23142 0.954455301806488 2314.2
23143 0.9544668863555511 2314.3
23144 0.9544785058609002 2314.4
23145 0.9544901511676355 2314.5
23146 0.9545018142461779 2314.6
23147 0.9545134878711004 2314.7
23148 0.9545251660398471 2314.8
23149 0.9545368438590016 2314.9
23150 0.9545485176608474 2315
23151 0.9545599287388693 2315.1
23152 0.9545708926366916 2315.2
23153 0.9545818862178362 2315.3
23154 0.954592912735447 2315.4
23155 0.9546039743465199 2315.5
23156 0.9546150301930927 2315.6
23157 0.9546259648180816 2315.7
23158 0.9546369292609865 2315.8
23159 0.9546479426033524 2315.9
23160 0.9546590053219322 2316
23161 0.9546701181730572 2316.1
23162 0.9546812822607277 2316.2
23163 0.9546924991758937 2316.3
23164 0.9547037710483275 2316.4
23165 0.9547151005688788 2316.5
23166 0.9547264910270838 2316.6
23167 0.9547378298905043 2316.7
23168 0.9547492160995722 2316.8
23169 0.9547606887806073 2316.9
23170 0.9547722528288968 2317
23171 0.9547839137400457 2317.1
23172 0.9547956776286315 2317.2
23173 0.954807550957727 2317.3
23174 0.954819540193158 2317.4
23175 0.9548316509920206 2317.5
23176 0.9548438817024884 2317.6
23177 0.954856239436083 2317.7
23178 0.9548687292840374 2317.8
23179 0.9548813541004356 2317.9
23180 0.9548941144352721 2318
23181 0.9549070071878293 2318.1
23182 0.9549200229059045 2318.2
23183 0.954933144049647 2318.3
23184 0.9549463553825017 2318.4
23185 0.9549596403345133 2318.5
23186 0.9549729852634721 2318.6
23187 0.9549863730251601 2318.7
23188 0.9549997860801764 2318.8
23189 0.9550132115357841 2318.9
23190 0.9550266411800535 2319
23191 0.9550399787832514 2319.1
23192 0.9550532978682061 2319.2
23193 0.9550664178102282 2319.3
23194 0.9550794526290425 2319.4
23195 0.9550924967998872 2319.5
23196 0.9551055696117584 2319.6
23197 0.9551186716377731 2319.7
23198 0.9551318023259484 2319.8
23199 0.9551449613729138 2319.9
23200 0.955158148649861 2320
23201 0.9551713112907992 2320.1
23202 0.9551835825720044 2320.2
23203 0.9551959937298488 2320.3
23204 0.9552085395098709 2320.4
23205 0.9552212032244015 2320.5
23206 0.955233902135774 2320.6
23207 0.9552466566168586 2320.7
23208 0.9552594803530977 2320.8
23209 0.9552723619733008 2320.9
23210 0.9552846036575601 2321
23211 0.9552966428627759 2321.1
23212 0.9553087077153773 2321.2
23213 0.9553208309602693 2321.3
23214 0.9553330144618679 2321.4
23215 0.955345259430161 2321.5
23216 0.9553575682982267 2321.6
23217 0.9553699437491072 2321.7
23218 0.9553823880516972 2321.8
23219 0.9553949027164751 2321.9
23220 0.9554073847277782 2322
23221 0.9554199236036505 2322.1
23222 0.9554325223896005 2322.2
23223 0.9554451797980007 2322.3
23224 0.9554578921891196 2322.4
23225 0.9554706548489851 2322.5
23226 0.95548346265377 2322.6
23227 0.9554963098954578 2322.7
23228 0.955509190560246 2322.8
23229 0.9555220986144889 2322.9
23230 0.9555350282648509 2323
23231 0.9555479740610132 2323.1
23232 0.9555609309754129 2323.2
23233 0.955573883453844 2323.3
23234 0.9555867729446299 2323.4
23235 0.9555993577615688 2323.5
23236 0.9556116585903194 2323.6
23237 0.9556239712892765 2323.7
23238 0.9556362981230738 2323.8
23239 0.9556486396704855 2323.9
23240 0.9556609953526716 2324
23241 0.9556733651049275 2324.1
23242 0.9556857485729106 2324.2
23243 0.9556981450236499 2324.3
23244 0.9557105537308965 2324.4
23245 0.9557229742453347 2324.5
23246 0.9557354065744555 2324.6
23247 0.9557478509105776 2324.7
23248 0.9557603080947589 2324.8
23249 0.9557727791412483 2324.9
23250 0.9557852660956605 2325
23251 0.9557977710283744 2325.1
23252 0.9558102963936129 2325.2
23253 0.9558228456411837 2325.3
23254 0.9558354227479693 2325.4
23255 0.9558480316669801 2325.5
23256 0.9558606766415441 2325.6
23257 0.9558733621066432 2325.7
23258 0.9558860924414926 2325.8
23259 0.95589887158359 2325.9
23260 0.9559117028102867 2326
23261 0.9559245880279003 2326.1
23262 0.9559375272208014 2326.2
23263 0.9559505184769013 2326.3
23264 0.955963559391194 2326.4
23265 0.9559766459637152 2326.5
23266 0.9559897723353891 2326.6
23267 0.9560029312432449 2326.7
23268 0.9560161145316042 2326.8
23269 0.9560293135547926 2326.9
23270 0.9560425197471969 2327
23271 0.9560556585616089 2327.1
23272 0.9560686569164295 2327.2
23273 0.9560816633038171 2327.3
23274 0.9560946693967237 2327.4
23275 0.9561076677723712 2327.5
23276 0.9561206524872828 2327.6
23277 0.9561336188831668 2327.7
23278 0.9561465638434751 2327.8
23279 0.9561594848768546 2327.9
23280 0.9561716532835208 2328
23281 0.9561837812734537 2328.1
23282 0.9561959648275127 2328.2
23283 0.9562081945853694 2328.3
23284 0.9562204612211068 2328.4
23285 0.956232756034654 2328.5
23286 0.95624507122959 2328.6
23287 0.9562574000221977 2328.7
23288 0.9562697368028081 2328.8
23289 0.9562820770044135 2328.9
23290 0.9562944120977218 2329
23291 0.956306552450278 2329.1
23292 0.95631869983072 2329.2
23293 0.9563308506080835 2329.3
23294 0.956343001941651 2329.4
23295 0.9563551520270603 2329.5
23296 0.9563671832346333 2329.6
23297 0.9563791832434609 2329.7
23298 0.9563911890160315 2329.8
23299 0.9564032026280607 2329.9
23300 0.9564150850438679 2330
23301 0.9564267174705393 2330.1
23302 0.9564384155335315 2330.2
23303 0.9564501838048677 2330.3
23304 0.9564620259119212 2330.4
23305 0.9564739452871321 2330.5
23306 0.9564859456157087 2330.6
23307 0.9564980310609277 2330.7
23308 0.9565102063557226 2330.8
23309 0.9565224767707974 2330.9
23310 0.9565348482218636 2331
23311 0.9565473271594481 2331.1
23312 0.9565599203719762 2331.2
23313 0.956572634843137 2331.3
23314 0.9565854768535561 2331.4
23315 0.9565984514257687 2331.5
23316 0.9566115616506471 2331.6
23317 0.9566248085785962 2331.7
23318 0.9566381899475561 2331.8
23319 0.9566516996208749 2331.9
23320 0.9566653281666009 2332
23321 0.9566789671584865 2332.1
23322 0.9566926840049439 2332.2
23323 0.9567064838282148 2332.3
23324 0.9567203482506939 2332.4
23325 0.9567342588109313 2332.5
23326 0.9567481984904865 2332.6
23327 0.9567621555226645 2332.7
23328 0.9567761164663127 2332.8
23329 0.9567900700245866 2332.9
23330 0.9568040007522375 2333
23331 0.9568178913646757 2333.1
23332 0.9568317593883982 2333.2
23333 0.9568456046450773 2333.3
23334 0.9568594293100217 2333.4
23335 0.9568731835726245 2333.5
23336 0.9568864543367671 2333.6
23337 0.9568997979383289 2333.7
23338 0.956913209944351 2333.8
23339 0.9569266851001179 2333.9
23340 0.9569402180657302 2334
23341 0.9569538024910199 2334.1
23342 0.95696721417693 2334.2
23343 0.9569803570222626 2334.3
23344 0.9569931430911559 2334.4
23345 0.9570060030796192 2334.5
23346 0.957018914107106 2334.6
23347 0.9570318498980815 2334.7
23348 0.957044846162015 2334.8
23349 0.9570578975544743 2334.9
23350 0.9570709982047095 2335
23351 0.9570841423656432 2335.1
23352 0.9570973253189754 2335.2
23353 0.9571105420267021 2335.3
23354 0.9571237880387837 2335.4
23355 0.9571370594881291 2335.5
23356 0.9571503526149798 2335.6
23357 0.9571636631115376 2335.7
23358 0.9571768379114733 2335.8
23359 0.9571899586456504 2335.9
23360 0.9572031059185855 2336
23361 0.9572162704538772 2336.1
23362 0.9572294152701134 2336.2
23363 0.9572425549478081 2336.3
23364 0.9572556817116339 2336.4
23365 0.9572687855319143 2336.5
23366 0.9572818575860966 2336.6
23367 0.9572948905603298 2336.7
23368 0.9573078786282599 2336.8
23369 0.9573205844054936 2336.9
23370 0.9573331981099382 2337
23371 0.9573457981039877 2337.1
23372 0.9573583790321625 2337.2
23373 0.9573703941215168 2337.3
23374 0.9573821558649634 2337.4
23375 0.9573939637539394 2337.5
23376 0.9574058118524215 2337.6
23377 0.9574176955269453 2337.7
23378 0.9574296112351747 2337.8
23379 0.9574415563779261 2337.9
23380 0.9574535283228734 2338
23381 0.9574655253553214 2338.1
23382 0.9574775463618965 2338.2
23383 0.9574895906458272 2338.3
23384 0.9575015844617465 2338.4
23385 0.9575134595370183 2338.5
23386 0.9575253092992744 2338.6
23387 0.9575371778643627 2338.7
23388 0.9575490660011423 2338.8
23389 0.9575609713906273 2338.9
23390 0.9575728921102958 2339
23391 0.9575848266814043 2339.1
23392 0.9575967740340652 2339.2
23393 0.9576087334150163 2339.3
23394 0.9576206903673667 2339.4
23395 0.9576321748372197 2339.5
23396 0.9576436331884653 2339.6
23397 0.9576551478620948 2339.7
23398 0.9576667159644195 2339.8
23399 0.9576783330469046 2339.9
23400 0.9576899941998051 2340
23401 0.957701694591667 2340.1
23402 0.9577134291122057 2340.2
23403 0.9577251939098823 2340.3
23404 0.9577369856777358 2340.4
23405 0.9577488012382266 2340.5
23406 0.9577606375708451 2340.6
23407 0.9577724918078154 2340.7
23408 0.9577841184332191 2340.8
23409 0.9577951703322723 2340.9
23410 0.9578062937111532 2341
23411 0.9578174825123609 2341.1
23412 0.9578287294053449 2341.2
23413 0.957840028062802 2341.3
23414 0.9578511849329043 2341.4
23415 0.9578623511679074 2341.5
23416 0.9578733458100356 2341.6
23417 0.9578835658921034 2341.7
23418 0.9578938462519002 2341.8
23419 0.9579041864695453 2341.9
23420 0.9579145870698733 2342
23421 0.9579250489662083 2342.1
23422 0.9579355733932784 2342.2
23423 0.9579461621168295 2342.3
23424 0.9579568173774143 2342.4
23425 0.9579675179669677 2342.5
23426 0.9579782900263334 2342.6
23427 0.9579891381451838 2342.7
23428 0.9580000666639152 2342.8
23429 0.9580110803812193 2342.9
23430 0.9580221845294296 2343
23431 0.9580333847333748 2343.1
23432 0.9580446869044679 2343.2
23433 0.9580560971125444 2343.3
23434 0.9580676214147439 2343.4
23435 0.9580792656253672 2343.5
23436 0.9580910350292116 2343.6
23437 0.9581029339242275 2343.7
23438 0.9581149656184289 2343.8
23439 0.9581271312357802 2343.9
23440 0.9581394303089309 2344
23441 0.9581518603466992 2344.1
23442 0.9581643842669769 2344.2
23443 0.9581770019902495 2344.3
23444 0.958189728132697 2344.4
23445 0.9582025478607317 2344.5
23446 0.9582154431739341 2344.6
23447 0.9582283960201579 2344.7
23448 0.9582413784897774 2344.8
23449 0.9582543686420002 2344.9
23450 0.9582673453078066 2345
23451 0.9582802840124868 2345.1
23452 0.9582931619298768 2345.2
23453 0.9583059589715127 2345.3
23454 0.9583186583390834 2345.4
23455 0.9583308938574634 2345.5
23456 0.9583427214662268 2345.6
23457 0.9583544623630069 2345.7
23458 0.9583661187086974 2345.8
23459 0.9583776933474499 2345.9
23460 0.9583891906471943 2346
23461 0.9583999652184848 2346.1
23462 0.9584105694511469 2346.2
23463 0.9584211984423788 2346.3
23464 0.9584318540464105 2346.4
23465 0.9584425369115983 2346.5
23466 0.9584532469532416 2346.6
23467 0.9584639838422493 2346.7
23468 0.9584747469094514 2346.8
23469 0.9584855353275165 2346.9
23470 0.9584963483716807 2347
23471 0.9585070764720408 2347.1
23472 0.9585176646677008 2347.2
23473 0.95852829855765 2347.3
23474 0.9585389745032242 2347.4
23475 0.9585496890739863 2347.5
23476 0.9585604391950833 2347.6
23477 0.9585712222199985 2347.7
23478 0.9585820359387263 2347.8
23479 0.9585928785776869 2347.9
23480 0.9586037487800748 2348
23481 0.9586146455870206 2348.1
23482 0.9586255684278316 2348.2
23483 0.9586365170675302 2348.3
23484 0.9586474916025262 2348.4
23485 0.9586584924632372 2348.5
23486 0.9586695203962575 2348.6
23487 0.9586805764566236 2348.7
23488 0.9586916619989866 2348.8
23489 0.9587027786991751 2348.9
23490 0.9587139285847023 2349
23491 0.9587251140024712 2349.1
23492 0.9587363376615653 2349.2
23493 0.9587476025911366 2349.3
23494 0.9587589122086656 2349.4
23495 0.9587702703631252 2349.5
23496 0.9587816813652372 2349.6
23497 0.9587931500062917 2349.7
23498 0.9588045759448027 2349.8
23499 0.9588160515608581 2349.9
23500 0.9588276104978205 2350
23501 0.9588391594745065 2350.1
23502 0.9588507030868619 2350.2
23503 0.9588623764756539 2350.3
23504 0.9588741931793543 2350.4
23505 0.9588861555172177 2350.5
23506 0.9588982644660629 2350.6
23507 0.9589105194886609 2350.7
23508 0.9589229182842079 2350.8
23509 0.9589353461279753 2350.9
23510 0.9589478820754664 2351
23511 0.9589605217137839 2351.1
23512 0.9589732571395247 2351.2
23513 0.9589860793355727 2351.3
23514 0.9589989784755915 2351.4
23515 0.9590119442867523 2351.5
23516 0.9590249662940082 2351.6
23517 0.9590380345052499 2351.7
23518 0.9590511396086973 2351.8
23519 0.9590642731201952 2351.9
23520 0.9590774281024825 2352
23521 0.9590905981362744 2352.1
23522 0.9591037762514827 2352.2
23523 0.9591169559292972 2352.3
23524 0.9591301314682947 2352.4
23525 0.9591432980237689 2352.5
23526 0.959156169684188 2352.6
23527 0.9591687051234274 2352.7
23528 0.9591812682421703 2352.8
23529 0.9591937448077092 2352.9
23530 0.9592057997450778 2353
23531 0.9592179130688997 2353.1
23532 0.9592300788618596 2353.2
23533 0.959242291238245 2353.3
23534 0.9592545450034733 2353.4
23535 0.9592668358682982 2353.5
23536 0.9592791605163448 2353.6
23537 0.9592915169078662 2353.7
23538 0.9593038664502918 2353.8
23539 0.9593156880227762 2353.9
23540 0.959327572751687 2354
23541 0.9593395263037305 2354.1
23542 0.9593515520265257 2354.2
23543 0.9593636516721171 2354.3
23544 0.9593758248768425 2354.4
23545 0.9593880705134954 2354.5
23546 0.9594003863341051 2354.6
23547 0.9594127691109182 2354.7
23548 0.9594252148664345 2354.8
23549 0.9594377185512144 2354.9
23550 0.959450274019417 2355
23551 0.9594627431761239 2355.1
23552 0.9594752288034416 2355.2
23553 0.9594877318531938 2355.3
23554 0.9595001603082326 2355.4
23555 0.9595126066914028 2355.5
23556 0.9595250702026978 2355.6
23557 0.9595375514448661 2355.7
23558 0.9595500503423324 2355.8
23559 0.9595625680667075 2355.9
23560 0.9595751054336346 2356
23561 0.9595876640406522 2356.1
23562 0.9596002458992984 2356.2
23563 0.959612850829241 2356.3
23564 0.9596253147655761 2356.4
23565 0.9596377759231527 2356.5
23566 0.9596496823530318 2356.6
23567 0.9596614603215408 2356.7
23568 0.9596733273378807 2356.8
23569 0.9596851686641893 2356.9
23570 0.9596970526270745 2357
23571 0.959709002664322 2357.1
23572 0.9597210137066571 2357.2
23573 0.95973308065694 2357.3
23574 0.9597451984010402 2357.4
23575 0.959757361396403 2357.5
23576 0.9597695640129149 2357.6
23577 0.9597818019365333 2357.7
23578 0.9597940702756824 2357.8
23579 0.9598063631581653 2357.9
23580 0.9598186744453785 2358
23581 0.9598309986016226 2358.1
23582 0.9598433297369106 2358.2
23583 0.9598556621183811 2358.3
23584 0.9598679903916864 2358.4
23585 0.9598803092262874 2358.5
23586 0.9598926137315315 2358.6
23587 0.959904899610792 2358.7
23588 0.9599171632012344 2358.8
23589 0.959929401521443 2358.9
23590 0.9599416124952834 2359
23591 0.9599537947670433 2359.1
23592 0.9599659471158648 2359.2
23593 0.9599780687895551 2359.3
23594 0.9599901597133135 2359.4
23595 0.9600022204064289 2359.5
23596 0.9600142518411373 2359.6
23597 0.9600262553945667 2359.7
23598 0.9600382328016493 2359.8
23599 0.9600501451312252 2359.9
23600 0.9600620377803741 2360
23601 0.9600739136364419 2360.1
23602 0.960085775422642 2360.2
23603 0.9600972837484215 2360.3
23604 0.9601088013410075 2360.4
23605 0.960120353888515 2360.5
23606 0.9601315788117132 2360.6
23607 0.9601428872775774 2360.7
23608 0.9601542761665973 2360.8
23609 0.9601657418869747 2360.9
23610 0.9601772808793495 2361
23611 0.9601886841288207 2361.1
23612 0.9602000362768364 2361.2
23613 0.9602114751480946 2361.3
23614 0.9602229957499118 2361.4
23615 0.9602345932549574 2361.5
23616 0.9602462633552526 2361.6
23617 0.9602580025203229 2361.7
23618 0.9602698083386686 2361.8
23619 0.9602816788231338 2361.9
23620 0.9602936124884317 2362
23621 0.9603056082314335 2362.1
23622 0.9603176653034939 2362.2
23623 0.9603297838943256 2362.3
23624 0.9603419650086257 2362.4
23625 0.960354209877852 2362.5
23626 0.9603665199311457 2362.6
23627 0.9603788968186817 2362.7
23628 0.9603913423769822 2362.8
23629 0.9604038583101089 2362.9
23630 0.9604164462043996 2363
23631 0.9604291074624829 2363.1
23632 0.9604418432742992 2363.2
23633 0.9604546547515619 2363.3
23634 0.960467542887942 2363.4
23635 0.9604805085303023 2363.5
23636 0.9604935524166234 2363.6
23637 0.960506675267935 2363.7
23638 0.9605198777964707 2363.8
23639 0.9605331606214353 2363.9
23640 0.9605465241603386 2364
23641 0.9605599684177895 2364.1
23642 0.9605734927132721 2364.2
23643 0.9605870609682563 2364.3
23644 0.9606005120087949 2364.4
23645 0.9606140449282394 2364.5
23646 0.9606276519590385 2364.6
23647 0.9606413235808349 2364.7
23648 0.9606550487355835 2364.8
23649 0.9606688152535473 2364.9
23650 0.9606826117869069 2365
23651 0.9606964280819941 2365.1
23652 0.9607102528789458 2365.2
23653 0.9607240714421348 2365.3
23654 0.9607378686343415 2365.4
23655 0.9607516300114998 2365.5
23656 0.9607648881678434 2365.6
23657 0.9607778934292683 2365.7
23658 0.9607907175716539 2365.8
23659 0.9608035248850996 2365.9
23660 0.9608163106189613 2366
23661 0.9608290706952339 2366.1
23662 0.9608417761549112 2366.2
23663 0.960854269004916 2366.3
23664 0.9608667537970201 2366.4
23665 0.9608792297385546 2366.5
23666 0.9608916961367396 2366.6
23667 0.9609041515675151 2366.7
23668 0.9609165948919715 2366.8
23669 0.9609290258951843 2366.9
23670 0.9609414452379147 2367
23671 0.9609538542371709 2367.1
23672 0.9609662546569194 2367.2
23673 0.9609786441652423 2367.3
23674 0.9609909627359141 2367.4
23675 0.9610029638909744 2367.5
23676 0.9610147668622829 2367.6
23677 0.9610266509047607 2367.7
23678 0.961038610817489 2367.8
23679 0.9610506411985078 2367.9
23680 0.9610627369103324 2368
23681 0.961074825709914 2368.1
23682 0.9610868054767625 2368.2
23683 0.9610988514878424 2368.3
23684 0.9611109589026924 2368.4
23685 0.9611231221534409 2368.5
23686 0.9611353347018315 2368.6
23687 0.9611475891603316 2368.7
23688 0.9611598773240954 2368.8
23689 0.9611721900097787 2368.9
23690 0.9611845174290899 2369
23691 0.9611968494593079 2369.1
23692 0.9612091759628457 2369.2
23693 0.9612214870913954 2369.3
23694 0.9612337648285287 2369.4
23695 0.9612458879438586 2369.5
23696 0.9612579779803128 2369.6
23697 0.9612695398178961 2369.7
23698 0.961281025702025 2369.8
23699 0.9612924566811736 2369.9
23700 0.9613038801853024 2370
23701 0.9613147691400497 2370.1
23702 0.961325430470751 2370.2
23703 0.961336130962082 2370.3
23704 0.9613468648600668 2370.4
23705 0.9613576255375558 2370.5
23706 0.961368408268272 2370.6
23707 0.9613792096497821 2370.7
23708 0.9613900272444073 2370.8
23709 0.9614008593475433 2370.9
23710 0.961411098585081 2371
23711 0.9614212145115294 2371.1
23712 0.9614314010908663 2371.2
23713 0.9614416529928099 2371.3
23714 0.9614519646603686 2371.4
23715 0.961462331274216 2371.5
23716 0.9614727482922596 2371.6
23717 0.9614832119195867 2371.7
23718 0.9614929602790361 2371.8
23719 0.9615025488345491 2371.9
23720 0.9615121891223019 2372
23721 0.9615218989498426 2372.1
23722 0.9615316794195171 2372.2
23723 0.9615415298349295 2372.3
23724 0.9615514495685717 2372.4
23725 0.9615614378929348 2372.5
23726 0.9615714940782025 2372.6
23727 0.9615816173730153 2372.7
23728 0.9615918070283483 2372.8
23729 0.961602062271934 2372.9
23730 0.9616123823041112 2373
23731 0.9616227662787651 2373.1
23732 0.9616332132822434 2373.2
23733 0.9616437223532806 2373.3
23734 0.9616542924860121 2373.4
23735 0.9616649226429748 2373.5
23736 0.9616756117608879 2373.6
23737 0.9616863586230706 2373.7
23738 0.9616971627756046 2373.8
23739 0.9617080187851945 2373.9
23740 0.9617189401130559 2374
23741 0.9617299116671556 2374.1
23742 0.9617409378684425 2374.2
23743 0.961752018416827 2374.3
23744 0.9617631531657264 2374.4
23745 0.961774342224515 2374.5
23746 0.961785585612114 2374.6
23747 0.9617968832466508 2374.7
23748 0.9618082348894633 2374.8
23749 0.9618196404858514 2374.9
23750 0.9618310994409029 2375
23751 0.9618426107670709 2375.1
23752 0.9618541731911108 2375.2
23753 0.9618657809614511 2375.3
23754 0.9618774070871792 2375.4
23755 0.9618890799093291 2375.5
23756 0.9619007961832704 2375.6
23757 0.9619125518544643 2375.7
23758 0.9619243421798982 2375.8
23759 0.9619361621508873 2375.9
23760 0.9619480056680196 2376
23761 0.9619598656885383 2376.1
23762 0.9619717346745928 2376.2
23763 0.9619836047256562 2376.3
23764 0.9619954676512202 2376.4
23765 0.9620073152784221 2376.5
23766 0.9620191399325349 2376.6
23767 0.9620304988993659 2376.7
23768 0.9620416623065393 2376.8
23769 0.9620528098589154 2376.9
23770 0.9620639390148339 2377
23771 0.9620750455782029 2377.1
23772 0.9620861247549911 2377.2
23773 0.9620971725862294 2377.3
23774 0.9621081864412906 2377.4
23775 0.9621191649677847 2377.5
23776 0.962130108281929 2377.6
23777 0.9621410174578171 2377.7
23778 0.962151894373618 2377.8
23779 0.9621627416395754 2377.9
23780 0.9621735624772905 2378
23781 0.9621843605957132 2378.1
23782 0.9621951401098011 2378.2
23783 0.9622055691028666 2378.3
23784 0.962215786521541 2378.4
23785 0.9622260670369421 2378.5
23786 0.96223640960478 2378.6
23787 0.9622468130943147 2378.7
23788 0.962257276706374 2378.8
23789 0.9622678002014828 2378.9
23790 0.9622783839734727 2379
23791 0.9622890290041496 2379.1
23792 0.962299736874749 2379.2
23793 0.9623105095012272 2379.3
23794 0.9623213487844731 2379.4
23795 0.9623322563429866 2379.5
23796 0.9623432332082978 2379.6
23797 0.9623542792444114 2379.7
23798 0.9623653929714062 2379.8
23799 0.9623765713628355 2379.9
23800 0.9623878096674661 2380
23801 0.9623991017363416 2380.1
23802 0.9624104404794189 2380.2
23803 0.9624217816477878 2380.3
23804 0.9624330771481863 2380.4
23805 0.9624444057648396 2380.5
23806 0.9624557585772299 2380.6
23807 0.9624671270715948 2380.7
23808 0.9624785028157363 2380.8
23809 0.9624898468164836 2380.9
23810 0.9625011914098888 2381
23811 0.9625125332086992 2381.1
23812 0.9625238697808806 2381.2
23813 0.9625351998301729 2381.3
23814 0.9625465235219706 2381.4
23815 0.9625578424927013 2381.5
23816 0.9625684609722723 2381.6
23817 0.9625790571683547 2381.7
23818 0.9625897420292095 2381.8
23819 0.9626005153027012 2381.9
23820 0.9626113767261119 2382
23821 0.9626223265151417 2382.1
23822 0.9626333655239095 2382.2
23823 0.9626444951981284 2382.3
23824 0.962655717388213 2382.4
23825 0.9626670341302017 2382.5
23826 0.9626784473288232 2382.6
23827 0.9626899583356943 2382.7
23828 0.9627015678066283 2382.8
23829 0.9627132492828629 2382.9
23830 0.9627250195245887 2383
23831 0.9627368862124398 2383.1
23832 0.9627488457294607 2383.2
23833 0.9627608934019719 2383.3
23834 0.962773023598835 2383.4
23835 0.9627852299210534 2383.5
23836 0.9627975053966695 2383.6
23837 0.9628098428443986 2383.7
23838 0.962822235060708 2383.8
23839 0.9628346744678422 2383.9
23840 0.9628471534666597 2384
23841 0.9628596645338793 2384.1
23842 0.9628722002901533 2384.2
23843 0.9628847535354272 2384.3
23844 0.9628973170141018 2384.4
23845 0.9629098835374199 2384.5
23846 0.9629224460649883 2384.6
23847 0.9629349981908901 2384.7
23848 0.962947532917359 2384.8
23849 0.962959881676915 2384.9
23850 0.9629716189511972 2385
23851 0.9629828962270321 2385.1
23852 0.9629942071538159 2385.2
23853 0.9630055483911351 2385.3
23854 0.963016912073475 2385.4
23855 0.9630282902249736 2385.5
23856 0.9630396756153609 2385.6
23857 0.9630510623041232 2385.7
23858 0.9630624459180621 2385.8
23859 0.9630738236966977 2385.9
23860 0.9630851945575991 2386
23861 0.9630965587257114 2386.1
23862 0.9631079173977217 2386.2
23863 0.9631192725938542 2386.3
23864 0.9631306270230924 2386.4
23865 0.9631419839327757 2386.5
23866 0.9631527526311396 2386.6
23867 0.9631634705435196 2386.7
23868 0.9631742657987836 2386.8
23869 0.9631851371434581 2386.9
23870 0.9631960833964354 2387
23871 0.9632071037383445 2387.1
23872 0.9632181963136218 2387.2
23873 0.963229267588677 2387.3
23874 0.9632404066435687 2387.4
23875 0.963251614530915 2387.5
23876 0.963262892383619 2387.6
23877 0.9632742411534423 2387.7
23878 0.9632856618206501 2387.8
23879 0.9632971544592823 2387.9
23880 0.9633087185842772 2388
23881 0.9633203533742292 2388.1
23882 0.9633320577408234 2388.2
23883 0.9633437731290222 2388.3
23884 0.9633555509729473 2388.4
23885 0.9633673899221449 2388.5
23886 0.9633792878576708 2388.6
23887 0.9633912418177238 2388.7
23888 0.9634032479649505 2388.8
23889 0.9634153019315242 2388.9
23890 0.9634273988043707 2389
23891 0.9634395333395204 2389.1
23892 0.9634516997258208 2389.2
23893 0.963463891598007 2389.3
23894 0.9634761023261997 2389.4
23895 0.9634883123882114 2389.5
23896 0.9635004258709463 2389.6
23897 0.963512497568326 2389.7
23898 0.9635245610679287 2389.8
23899 0.9635366127055067 2389.9
23900 0.9635486489403521 2390
23901 0.9635606668897109 2390.1
23902 0.9635726641791736 2390.2
23903 0.9635846387116421 2390.3
23904 0.9635965888369006 2390.4
23905 0.9636085135093501 2390.5
23906 0.9636204122233645 2390.6
23907 0.9636322850890382 2390.7
23908 0.963644132822581 2390.8
23909 0.9636559567002236 2390.9
23910 0.9636677584912802 2391
23911 0.9636795404331119 2391.1
23912 0.9636913051980079 2391.2
23913 0.9637030558223123 2391.3
23914 0.9637146366974619 2391.4
23915 0.9637260956579785 2391.5
23916 0.9637375940078468 2391.6
23917 0.9637491341272993 2391.7
23918 0.9637607174727426 2391.8
23919 0.9637723451871972 2391.9
23920 0.963784018384136 2392
23921 0.9637957382690526 2392.1
23922 0.9638072943412074 2392.2
23923 0.9638188893510319 2392.3
23924 0.9638305683302564 2392.4
23925 0.9638422922763485 2392.5
23926 0.9638540144901027 2392.6
23927 0.9638658227400807 2392.7
23928 0.9638777128076792 2392.8
23929 0.9638896786590043 2392.9
23930 0.9639017129800366 2393
23931 0.9639138075513783 2393.1
23932 0.9639257778937605 2393.2
23933 0.963937803169845 2393.3
23934 0.9639498794073106 2393.4
23935 0.9639619939103486 2393.5
23936 0.963974134059408 2393.6
23937 0.9639862879229089 2393.7
23938 0.9639984444917623 2393.8
23939 0.964010594094648 2393.9
23940 0.9640227293861635 2394
23941 0.9640348446058261 2394.1
23942 0.9640469344956704 2394.2
23943 0.96405899529008 2394.3
23944 0.9640710249177619 2394.4
23945 0.9640830232536738 2394.5
23946 0.9640949917981377 2394.6
23947 0.9641069329007622 2394.7
23948 0.9641183131188599 2394.8
23949 0.9641295685542394 2394.9
23950 0.9641408805707828 2395
23951 0.9641522482332309 2395.1
23952 0.9641636701922399 2395.2
23953 0.9641751449791116 2395.3
23954 0.964186671124609 2395.4
23955 0.9641982470936118 2395.5
23956 0.9642098713445532 2395.6
23957 0.9642215420760785 2395.7
23958 0.9642332570376529 2395.8
23959 0.964245013373402 2395.9
23960 0.9642567848485485 2396
23961 0.9642685885420235 2396.1
23962 0.9642804214123812 2396.2
23963 0.9642922791977943 2396.3
23964 0.9643041573278842 2396.4
23965 0.9643160510851645 2396.5
23966 0.9643279555567821 2396.6
23967 0.9643398659292745 2396.7
23968 0.9643517780682085 2396.8
23969 0.9643636883625397 2396.9
23970 0.9643755937120286 2397
23971 0.9643874913405569 2397.1
23972 0.9643993789380861 2397.2
23973 0.9644112549142265 2397.3
23974 0.9644231185957368 2397.4
23975 0.9644349690911643 2397.5
23976 0.9644466324339036 2397.6
23977 0.9644582598920168 2397.7
23978 0.9644698914931383 2397.8
23979 0.9644815269103496 2397.9
23980 0.9644929084978749 2398
23981 0.9645039527331229 2398.1
23982 0.964515049171907 2398.2
23983 0.9645261975127412 2398.3
23984 0.9645373548683721 2398.4
23985 0.9645483745312616 2398.5
23986 0.9645594507564401 2398.6
23987 0.9645705808304784 2398.7
23988 0.9645817622595994 2398.8
23989 0.9645929933070494 2398.9
23990 0.9646042730641486 2399
23991 0.9646156013911723 2399.1
23992 0.9646269789160566 2399.2
23993 0.9646384069515842 2399.3
23994 0.9646498873831802 2399.4
23995 0.9646614224528837 2399.5
23996 0.9646730144207725 2399.6
23997 0.9646846527913974 2399.7
23998 0.9646963457404687 2399.8
23999 0.9647080992984074 2399.9
24000 0.9647199128597793 2400
24001 0.9647317842492821 2400.1
24002 0.9647437102056469 2400.2
24003 0.9647556864491457 2400.3
24004 0.9647677077130605 2400.4
24005 0.964779767840204 2400.5
24006 0.9647918066708794 2400.6
24007 0.9648037741299064 2400.7
24008 0.9648153196952601 2400.8
24009 0.9648268245654854 2400.9
24010 0.9648383608163918 2401
24011 0.964849941265483 2401.1
24012 0.9648615574647682 2401.2
24013 0.9648731995552764 2401.3
24014 0.9648848589032746 2401.4
24015 0.9648965287753839 2401.5
24016 0.9649082041373389 2401.6
24017 0.964919881318911 2401.7
24018 0.9649315576096333 2401.8
24019 0.9649432309842704 2401.9
24020 0.9649545233204058 2402
24021 0.9649654466580709 2402.1
24022 0.9649764195133959 2402.2
24023 0.9649874358984679 2402.3
24024 0.9649984887812657 2402.4
24025 0.9650095714005655 2402.5
24026 0.9650206772947193 2402.6
24027 0.9650318005049309 2402.7
24028 0.9650424117494175 2402.8
24029 0.9650526201326015 2402.9
24030 0.9650627666875051 2403
24031 0.965072742093489 2403.1
24032 0.9650827645024126 2403.2
24033 0.9650928296094531 2403.3
24034 0.965102838509256 2403.4
24035 0.9651122419819724 2403.5
24036 0.9651217404723111 2403.6
24037 0.9651313321570909 2403.7
24038 0.9651410135784643 2403.8
24039 0.9651507825260693 2403.9
24040 0.9651606377614976 2404
24041 0.9651705789923035 2404.1
24042 0.965180595539207 2404.2
24043 0.9651906387588621 2404.3
24044 0.9652007740451836 2404.4
24045 0.9652110018961295 2404.5
24046 0.9652213227516014 2404.6
24047 0.9652317222784491 2404.7
24048 0.9652422020908694 2404.8
24049 0.965252774410376 2404.9
24050 0.9652634340599311 2405
24051 0.9652740160460591 2405.1
24052 0.965284678986683 2405.2
24053 0.9652954229309541 2405.3
24054 0.9653062478723423 2405.4
24055 0.9653171534989157 2405.5
24056 0.965328139060473 2405.6
24057 0.9653392033507741 2405.7
24058 0.965350344668634 2405.8
24059 0.9653615609539039 2405.9
24060 0.9653728498285521 2406
24061 0.9653842085841032 2406.1
24062 0.9653956343927657 2406.2
24063 0.9654070894500111 2406.3
24064 0.9654185435552122 2406.4
24065 0.9654300412049289 2406.5
24066 0.9654415768245049 2406.6
24067 0.9654531441252667 2406.7
24068 0.965464736654958 2406.8
24069 0.9654763290518962 2406.9
24070 0.9654878591619722 2407
24071 0.9654994033266828 2407.1
24072 0.965510957774757 2407.2
24073 0.9655225185064662 2407.3
24074 0.9655340812440301 2407.4
24075 0.9655456028308439 2407.5
24076 0.9655570846431702 2407.6
24077 0.9655685547035964 2407.7
24078 0.9655794483287331 2407.8
24079 0.9655903289176875 2407.9
24080 0.9656009494390189 2408
24081 0.965611587560681 2408.1
24082 0.9656222506067486 2408.2
24083 0.9656329268041053 2408.3
24084 0.9656436054960931 2408.4
24085 0.9656542775278772 2408.5
24086 0.9656649353192419 2408.6
24087 0.9656754515541154 2408.7
24088 0.9656853951867125 2408.8
24089 0.9656952694892645 2408.9
24090 0.9657051392345165 2409
24091 0.9657150086830321 2409.1
24092 0.9657248768427898 2409.2
24093 0.9657347426572064 2409.3
24094 0.9657446052245225 2409.4
24095 0.96575446389012 2409.5
24096 0.9657643185570226 2409.6
24097 0.96577416924885 2409.7
24098 0.9657840162269437 2409.8
24099 0.96579385974956 2409.9
24100 0.9658037001361455 2410
24101 0.9658135377875555 2410.1
24102 0.9658233732061962 2410.2
24103 0.9658332069846542 2410.3
24104 0.9658430397713536 2410.4
24105 0.9658528722552332 2410.5
24106 0.9658627051485046 2410.6
24107 0.9658722888046289 2410.7
24108 0.9658818063645209 2410.8
24109 0.9658913479640359 2410.9
24110 0.9659009118233707 2411
24111 0.9659104961152483 2411.1
24112 0.9659200991952972 2411.2
24113 0.9659297196440974 2411.3
24114 0.9659393563171059 2411.4
24115 0.9659490083568867 2411.5
24116 0.96595867518192 2411.6
24117 0.9659683564666752 2411.7
24118 0.9659780521182871 2411.8
24119 0.9659877622531818 2411.9
24120 0.9659974871754167 2412
24121 0.9660072273586645 2412.1
24122 0.96601698343104 2412.2
24123 0.9660267561647727 2412.3
24124 0.966036539292928 2412.4
24125 0.9660462958583702 2412.5
24126 0.9660559442667985 2412.6
24127 0.9660656274207079 2412.7
24128 0.9660753457484004 2412.8
24129 0.9660850997005083 2412.9
24130 0.9660948898586166 2413
24131 0.9661047170055831 2413.1
24132 0.9661145821693576 2413.2
24133 0.9661244866484745 2413.3
24134 0.9661344320251678 2413.4
24135 0.966144420170383 2413.5
24136 0.9661544532438987 2413.6
24137 0.9661645336864002 2413.7
24138 0.9661746642065808 2413.8
24139 0.9661848477547541 2413.9
24140 0.9661950875058678 2414
24141 0.9662053868198799 2414.1
24142 0.966215749194833 2414.2
24143 0.9662261782118989 2414.3
24144 0.9662366774776939 2414.4
24145 0.9662472505782344 2414.5
24146 0.9662579010398351 2414.6
24147 0.9662686323565592 2414.7
24148 0.9662794478947601 2414.8
24149 0.9662903509511304 2414.9
24150 0.966301344745076 2415
24151 0.9663124324165999 2415.1
24152 0.9663236170503051 2415.2
24153 0.9663349016717603 2415.3
24154 0.9663462892173217 2415.4
24155 0.9663577825068497 2415.5
24156 0.966369384176584 2415.6
24157 0.9663810964952627 2415.7
24158 0.9663929213985448 2415.8
24159 0.9664048598281305 2415.9
24160 0.9664169113122366 2416
24161 0.9664290738697225 2416.1
24162 0.9664413078268781 2416.2
24163 0.9664536229632171 2416.3
24164 0.9664660046269944 2416.4
24165 0.9664784743469941 2416.5
24166 0.9664910203029492 2416.6
24167 0.9665036290441151 2416.7
24168 0.9665162861661026 2416.8
24169 0.9665289771658402 2416.9
24170 0.9665416883313506 2417
24171 0.9665544078708634 2417.1
24172 0.9665667369811161 2417.2
24173 0.9665789444915525 2417.3
24174 0.9665911748121938 2417.4
24175 0.9666034242304365 2417.5
24176 0.9666156904984564 2417.6
24177 0.9666279523758647 2417.7
24178 0.9666401958596242 2417.8
24179 0.9666524627454706 2417.9
24180 0.9666647557173776 2418
24181 0.9666770340623201 2418.1
24182 0.9666891029387963 2418.2
24183 0.9667011973204112 2418.3
24184 0.9667133255863173 2418.4
24185 0.9667252894681775 2418.5
24186 0.9667368633716816 2418.6
24187 0.9667485293767363 2418.7
24188 0.9667602569714897 2418.8
24189 0.9667720912142372 2418.9
24190 0.9667840277719681 2419
24191 0.9667960602228222 2419.1
24192 0.9668080547161966 2419.2
24193 0.9668200948525054 2419.3
24194 0.9668322001066165 2419.4
24195 0.9668443183331776 2419.5
24196 0.966856481379017 2419.6
24197 0.9668686804112232 2419.7
24198 0.9668809056262391 2419.8
24199 0.9668931378057621 2419.9
24200 0.9669053472643088 2420
24201 0.9669175579563279 2420.1
24202 0.9669297617963674 2420.2
24203 0.9669419513585202 2420.3
24204 0.9669541198508961 2420.4
24205 0.9669662612042819 2420.5
24206 0.9669783705514103 2420.6
24207 0.9669904435776261 2420.7
24208 0.9670023037934211 2420.8
24209 0.9670140542469965 2420.9
24210 0.9670257543973265 2421
24211 0.967036940492482 2421.1
24212 0.9670478966348889 2421.2
24213 0.9670588612035769 2421.3
24214 0.9670698293925816 2421.4
24215 0.9670807966220373 2421.5
24216 0.9670917588516319 2421.6
24217 0.967102712671985 2421.7
24218 0.9671136553196354 2421.8
24219 0.9671245846369537 2421.9
24220 0.9671354386268225 2422
24221 0.9671462699439611 2422.1
24222 0.9671570859010993 2422.2
24223 0.9671678861405227 2422.3
24224 0.96717867050066 2422.4
24225 0.967189439018452 2422.5
24226 0.9672001919256344 2422.6
24227 0.9672107824560521 2422.7
24228 0.9672212289356816 2422.8
24229 0.9672316854924636 2422.9
24230 0.9672421505220519 2423
24231 0.967252622400077 2423.1
24232 0.9672630729982463 2423.2
24233 0.9672735096133021 2423.3
24234 0.9672839497582417 2423.4
24235 0.9672943932481326 2423.5
24236 0.9673048401509303 2423.6
24237 0.9673151932017643 2423.7
24238 0.9673252457123319 2423.8
24239 0.9673353206658698 2423.9
24240 0.9673454477819655 2424
24241 0.967355622762229 2424.1
24242 0.9673658408881771 2424.2
24243 0.9673760974064065 2424.3
24244 0.967386388274076 2424.4
24245 0.9673967095035467 2424.5
24246 0.9674070573067239 2424.6
24247 0.9674174281499952 2424.7
24248 0.9674278188845762 2424.8
24249 0.9674382268050172 2424.9
24250 0.9674486496096861 2425
24251 0.9674590312605182 2425.1
24252 0.9674693694436424 2425.2
24253 0.9674797292409691 2425.3
24254 0.9674901085783275 2425.4
24255 0.96750050553234 2425.5
24256 0.9675109184585351 2425.6
24257 0.9675213460530148 2425.7
24258 0.9675317873458752 2425.8
24259 0.9675422416881758 2425.9
24260 0.9675527087416287 2426
24261 0.9675631885024281 2426.1
24262 0.9675736812939488 2426.2
24263 0.9675841876779722 2426.3
24264 0.9675947084361283 2426.4
24265 0.9676052445572615 2426.5
24266 0.9676157973202579 2426.6
24267 0.9676263683593888 2426.7
24268 0.9676369590874847 2426.8
24269 0.9676475710692168 2426.9
24270 0.9676582059422479 2427
24271 0.9676688653893037 2427.1
24272 0.967679551218278 2427.2
24273 0.9676902653606055 2427.3
24274 0.9677010098553315 2427.4
24275 0.9677117868246611 2427.5
24276 0.9677225984471458 2427.6
24277 0.9677334469913839 2427.7
24278 0.9677443345948717 2427.8
24279 0.9677552630844115 2427.9
24280 0.967766234253476 2428
24281 0.9677772495505094 2428.1
24282 0.9677883100334826 2428.2
24283 0.9677994162833153 2428.3
24284 0.9678105668479426 2428.4
24285 0.9678217062925272 2428.5
24286 0.9678328893336403 2428.6
24287 0.9678441154470359 2428.7
24288 0.967855383477914 2428.8
24289 0.9678666916079989 2428.9
24290 0.9678780139612456 2429
24291 0.967889302931736 2429.1
24292 0.9679006288400472 2429.2
24293 0.9679119875151752 2429.3
24294 0.9679233742738402 2429.4
24295 0.9679347842912169 2429.5
24296 0.9679462128299229 2429.6
24297 0.9679576554174201 2429.7
24298 0.9679691079013377 2429.8
24299 0.9679804128902366 2429.9
24300 0.967991664783085 2430
24301 0.9680029331971398 2430.1
24302 0.968014215593105 2430.2
24303 0.9680255085886523 2430.3
24304 0.9680368088383614 2430.4
24305 0.9680480918051618 2430.5
24306 0.9680592537114115 2430.6
24307 0.9680704109778837 2430.7
24308 0.9680815633435986 2430.8
24309 0.9680927111724807 2430.9
24310 0.9681038555507303 2431
24311 0.9681146145808927 2431.1
24312 0.9681251818039179 2431.2
24313 0.9681357946362912 2431.3
24314 0.9681464482225368 2431.4
24315 0.9681571581716604 2431.5
24316 0.9681679255541388 2431.6
24317 0.9681787509069081 2431.7
24318 0.9681896341916553 2431.8
24319 0.9682005745676069 2431.9
24320 0.9682115699820183 2432
24321 0.968222617162662 2432.1
24322 0.9682337119868836 2432.2
24323 0.9682448498531003 2432.3
24324 0.9682560253403686 2432.4
24325 0.9682672321325838 2432.5
24326 0.968278463160848 2432.6
24327 0.9682897108738708 2432.7
24328 0.9683006310604495 2432.8
24329 0.968311374994129 2432.9
24330 0.9683221543622531 2433
24331 0.9683329595850474 2433.1
24332 0.9683437814309601 2433.2
24333 0.9683546109999516 2433.3
24334 0.9683653948119748 2433.4
24335 0.9683761478761916 2433.5
24336 0.9683868689931447 2433.6
24337 0.9683975364783309 2433.7
24338 0.9684082144787255 2433.8
24339 0.968418901257328 2433.9
24340 0.9684293781866874 2434
24341 0.9684393576286159 2434.1
24342 0.9684493658482813 2434.2
24343 0.9684593517038793 2434.3
24344 0.9684693764394283 2434.4
24345 0.9684794393070397 2434.5
24346 0.9684895396920602 2434.6
24347 0.9684996611583516 2434.7
24348 0.9685092959589681 2434.8
24349 0.9685182250043407 2434.9
24350 0.9685272751805537 2435
24351 0.9685364454977744 2435.1
24352 0.9685457352806112 2435.2
24353 0.9685551442905577 2435.3
24354 0.968564672713231 2435.4
24355 0.96857432117971 2435.5
24356 0.9685840907012613 2435.6
24357 0.9685939825410133 2435.7
24358 0.9686039980334895 2435.8
24359 0.9686141383808881 2435.9
24360 0.9686244044194883 2436
24361 0.9686347963286775 2436.1
24362 0.9686453133466613 2436.2
24363 0.9686559533475189 2436.3
24364 0.9686667129950611 2436.4
24365 0.9686775871079921 2436.5
24366 0.9686885688716781 2436.6
24367 0.9686996498935595 2436.7
24368 0.9687108202444364 2436.8
24369 0.9687220686006117 2436.9
24370 0.968733383151451 2437
24371 0.9687447503913853 2437.1
24372 0.9687561556033775 2437.2
24373 0.9687675835901675 2437.3
24374 0.9687789519466293 2437.4
24375 0.9687902173295307 2437.5
24376 0.9688014514303492 2437.6
24377 0.9688126707531619 2437.7
24378 0.9688238668143272 2437.8
24379 0.9688350323333441 2437.9
24380 0.9688461607365996 2438
24381 0.9688572461856232 2438.1
24382 0.9688682843318626 2438.2
24383 0.9688792721505212 2438.3
24384 0.9688902077794583 2438.4
24385 0.968900610515562 2438.5
24386 0.9689107640724657 2438.6
24387 0.9689209200024751 2438.7
24388 0.9689310769534383 2438.8
24389 0.9689412329093715 2438.9
24390 0.9689512840972628 2439
24391 0.9689612471486088 2439.1
24392 0.9689711974348145 2439.2
24393 0.9689805844619314 2439.3
24394 0.9689900012310644 2439.4
24395 0.9689994594984578 2439.5
24396 0.9690089590623114 2439.6
24397 0.969018499580627 2439.7
24398 0.9690280807077323 2439.8
24399 0.9690377020770465 2439.9
24400 0.9690473632685359 2440
24401 0.9690570635652963 2440.1
24402 0.9690668019228164 2440.2
24403 0.9690765770434027 2440.3
24404 0.9690863870805241 2440.4
24405 0.9690962295179232 2440.5
24406 0.9691061012458823 2440.6
24407 0.9691159986247533 2440.7
24408 0.9691259175652199 2440.8
24409 0.9691358536196074 2440.9
24410 0.9691458020721745 2441
24411 0.9691557580443594 2441.1
24412 0.9691655545539831 2441.2
24413 0.9691753400092217 2441.3
24414 0.9691851320969067 2441.4
24415 0.9691949250299861 2441.5
24416 0.9692047133503436 2441.6
24417 0.9692144921015545 2441.7
24418 0.9692242569258841 2441.8
24419 0.9692340041112602 2441.9
24420 0.9692437305963107 2442
24421 0.9692534339541465 2442.1
24422 0.9692627331045855 2442.2
24423 0.9692718008377827 2442.3
24424 0.9692808706470772 2442.4
24425 0.9692899437004665 2442.5
24426 0.9692990202954718 2442.6
24427 0.9693080164721513 2442.7
24428 0.9693169626736596 2442.8
24429 0.9693259226341087 2442.9
24430 0.9693348957107283 2443
24431 0.9693438810789198 2443.1
24432 0.9693528779191722 2443.2
24433 0.9693618855130204 2443.3
24434 0.9693709032815504 2443.4
24435 0.9693799307996632 2443.5
24436 0.969388967792406 2443.6
24437 0.9693980141188077 2443.7
24438 0.9694070697618536 2443.8
24439 0.9694161348243581 2443.9
24440 0.9694252095046288 2444
24441 0.9694342940853354 2444.1
24442 0.9694433889257299 2444.2
24443 0.9694524944561372 2444.3
24444 0.9694616111707809 2444.4
24445 0.9694707396245601 2444.5
24446 0.9694798804317584 2444.6
24447 0.9694890342632843 2444.7
24448 0.9694982018452679 2444.8
24449 0.9695073839617976 2444.9
24450 0.9695165814593595 2445
24451 0.9695257952429401 2445.1
24452 0.9695350262719475 2445.2
24453 0.969544275589483 2445.3
24454 0.9695535443331367 2445.4
24455 0.9695628337381269 2445.5
24456 0.9695721451406556 2445.6
24457 0.9695814799825703 2445.7
24458 0.9695908398162227 2445.8
24459 0.9696001750881393 2445.9
24460 0.9696095038654086 2446
24461 0.9696187950749258 2446.1
24462 0.9696281281258655 2446.2
24463 0.9696375044397968 2446.3
24464 0.9696469255345301 2446.4
24465 0.969656393075963 2446.5
24466 0.9696659088875045 2446.6
24467 0.9696754749464207 2446.7
24468 0.9696850933702029 2446.8
24469 0.9696947663813507 2446.9
24470 0.9697044962505886 2447
24471 0.9697142852569357 2447.1
24472 0.9697241356448176 2447.2
24473 0.9697340495850795 2447.3
24474 0.9697440291614517 2447.4
24475 0.9697540763953089 2447.5
24476 0.9697641931909339 2447.6
24477 0.9697743812663289 2447.7
24478 0.9697846421562927 2447.8
24479 0.9697949772176827 2447.9
24480 0.9698053876257764 2448
24481 0.9698158743580853 2448.1
24482 0.969826438167092 2448.2
24483 0.969837079545419 2448.3
24484 0.9698477878014258 2448.4
24485 0.969858544517925 2448.5
24486 0.9698693806918612 2448.6
24487 0.969880295153326 2448.7
24488 0.9698912863645167 2448.8
24489 0.9699023520397057 2448.9
24490 0.9699134892674353 2449
24491 0.9699246945162286 2449.1
24492 0.9699359639923918 2449.2
24493 0.9699472931467744 2449.3
24494 0.96995867665399 2449.4
24495 0.9699701085436687 2449.5
24496 0.9699815822920439 2449.6
24497 0.9699930909383534 2449.7
24498 0.9700046272118864 2449.8
24499 0.970016184162136 2449.9
24500 0.9700277544467211 2450
24501 0.9700392809243789 2450.1
24502 0.9700507545714393 2450.2
24503 0.9700622278097877 2450.3
24504 0.9700732946838379 2450.4
24505 0.9700843004242589 2450.5
24506 0.9700953326830943 2450.6
24507 0.9701063602077884 2450.7
24508 0.9701173763018198 2450.8
24509 0.9701283998757406 2450.9
24510 0.9701394261979885 2451
24511 0.9701504511243361 2451.1
24512 0.9701614713567287 2451.2
24513 0.9701724844677567 2451.3
24514 0.970183488743105 2451.4
24515 0.9701944781177433 2451.5
24516 0.9702054402149353 2451.6
24517 0.9702161192546584 2451.7
24518 0.9702267919591583 2451.8
24519 0.9702374238510694 2451.9
24520 0.970248059450935 2452
24521 0.9702587304891048 2452.1
24522 0.970269436276843 2452.2
24523 0.9702801766002305 2452.3
24524 0.9702909519664997 2452.4
24525 0.9703017630680097 2452.5
24526 0.9703126108040899 2452.6
24527 0.9703234964300756 2452.7
24528 0.9703339292088442 2452.8
24529 0.970344379635832 2452.9
24530 0.9703549218559597 2453
24531 0.9703655557237341 2453.1
24532 0.9703762804380012 2453.2
24533 0.9703870948183313 2453.3
24534 0.9703979974574088 2453.4
24535 0.9704089868121372 2453.5
24536 0.970420061300573 2453.6
24537 0.9704312194513731 2453.7
24538 0.9704424593139147 2453.8
24539 0.9704537786810762 2453.9
24540 0.9704651742239794 2454
24541 0.9704766422544617 2454.1
24542 0.970488154982446 2454.2
24543 0.970499588231499 2454.3
24544 0.9705110726699719 2454.4
24545 0.9705226062450487 2454.5
24546 0.9705341865644564 2454.6
24547 0.97054581093875 2454.7
24548 0.9705574764512919 2454.8
24549 0.9705691800583305 2454.9
24550 0.9705809187206681 2455
24551 0.9705926791138886 2455.1
24552 0.9706044138524919 2455.2
24553 0.9706161288688497 2455.3
24554 0.9706278571894705 2455.4
24555 0.9706395957292199 2455.5
24556 0.9706513417327723 2455.6
24557 0.9706630928385506 2455.7
24558 0.9706748466095491 2455.8
24559 0.9706866005953952 2455.9
24560 0.9706983523136683 2456
24561 0.9707100991521145 2456.1
24562 0.9707218383604117 2456.2
24563 0.9707335672162044 2456.3
24564 0.970745282978146 2456.4
24565 0.970756982925429 2456.5
24566 0.9707686470210388 2456.6
24567 0.9707801984467485 2456.7
24568 0.9707916737375963 2456.8
24569 0.9708031074607613 2456.9
24570 0.9708145189605203 2457
24571 0.9708259081752949 2457.1
24572 0.9708372750717735 2457.2
24573 0.9708486198020255 2457.3
24574 0.9708598606679371 2457.4
24575 0.9708709842843906 2457.5
24576 0.9708820966730504 2457.6
24577 0.9708931968977079 2457.7
24578 0.9709041173193652 2457.8
24579 0.9709145726939499 2457.9
24580 0.9709250687063935 2458
24581 0.9709354023407745 2458.1
24582 0.9709456058017538 2458.2
24583 0.9709558506036644 2458.3
24584 0.970966075220928 2458.4
24585 0.9709761383820296 2458.5
24586 0.9709862330188608 2458.6
24587 0.9709963075291811 2458.7
24588 0.9710063837044657 2458.8
24589 0.9710164641346265 2458.9
24590 0.9710265533189243 2459
24591 0.9710366592809131 2459.1
24592 0.9710467801980269 2459.2
24593 0.971056914429851 2459.3
24594 0.9710670601407502 2459.4
24595 0.9710772159608791 2459.5
24596 0.9710873808716431 2459.6
24597 0.9710975539701449 2459.7
24598 0.9711077343729322 2459.8
24599 0.9711179212177169 2459.9
24600 0.97112811371859 2460
24601 0.9711382979079011 2460.1
24602 0.9711484843803574 2460.2
24603 0.971158675050309 2460.3
24604 0.9711688693343917 2460.4
24605 0.9711790667234352 2460.5
24606 0.9711892666085884 2460.6
24607 0.9711994685676965 2460.7
24608 0.9712096724021099 2460.8
24609 0.9712198781017264 2460.9
24610 0.9712300858268464 2461
24611 0.9712402959086756 2461.1
24612 0.9712505088453723 2461.2
24613 0.9712607252905061 2461.3
24614 0.9712709462027938 2461.4
24615 0.9712811727389582 2461.5
24616 0.971291406040619 2461.6
24617 0.9713016472989676 2461.7
24618 0.9713118977852258 2461.8
24619 0.9713219316524945 2461.9
24620 0.9713319197480837 2462
24621 0.9713419358792804 2462.1
24622 0.9713519790399123 2462.2
24623 0.9713620482519287 2462.3
24624 0.9713721428612758 2462.4
24625 0.971382262641172 2462.5
24626 0.9713924078323868 2462.6
24627 0.9714025788678096 2462.7
24628 0.9714127764017513 2462.8
24629 0.971423001170572 2462.9
24630 0.9714332538005471 2463
24631 0.9714435347533216 2463.1
24632 0.9714538442336771 2463.2
24633 0.9714640748557646 2463.3
24634 0.9714742216647975 2463.4
24635 0.9714844119845366 2463.5
24636 0.9714946438692836 2463.6
24637 0.9715049141557657 2463.7
24638 0.9715152188524797 2463.8
24639 0.971525414321932 2463.9
24640 0.9715356164899061 2464
24641 0.97154584514164 2464.1
24642 0.9715560935852142 2464.2
24643 0.97156635511598 2464.3
24644 0.9715766232919698 2464.4
24645 0.9715868920521072 2464.5
24646 0.9715971558339902 2464.6
24647 0.9716074096554687 2464.7
24648 0.9716175490139715 2464.8
24649 0.9716276666093293 2464.9
24650 0.9716377777686496 2465
24651 0.9716478790249571 2465.1
24652 0.9716579679500043 2465.2
24653 0.9716680424666636 2465.3
24654 0.9716781007263673 2465.4
24655 0.9716881414007902 2465.5
24656 0.9716981637886428 2465.6
24657 0.9717081678351064 2465.7
24658 0.9717181540902157 2465.8
24659 0.9717281236459544 2465.9
24660 0.9717380780649402 2466
24661 0.9717471893769768 2466.1
24662 0.9717559080632953 2466.2
24663 0.9717647165310465 2466.3
24664 0.971773597943314 2466.4
24665 0.9717825591509599 2466.5
24666 0.9717915969132743 2466.6
24667 0.9718007057536217 2466.7
24668 0.9718098805652455 2466.8
24669 0.971819116542195 2466.9
24670 0.9718283342326143 2467
24671 0.9718375825564868 2467.1
24672 0.9718468716240607 2467.2
24673 0.9718556512910579 2467.3
24674 0.9718643506704269 2467.4
24675 0.9718731335504993 2467.5
24676 0.9718819933958183 2467.6
24677 0.9718909233579637 2467.7
24678 0.9718999165281514 2467.8
24679 0.9719089659890019 2467.9
24680 0.9719180651961296 2468
24681 0.9719265061692474 2468.1
24682 0.9719348484021817 2468.2
24683 0.9719432505460945 2468.3
24684 0.9719517084023197 2468.4
24685 0.9719602180782835 2468.5
24686 0.9719687755537303 2468.6
24687 0.9719773769329904 2468.7
24688 0.9719860181591568 2468.8
24689 0.971994695401201 2468.9
24690 0.9720034052016367 2469
24691 0.9720121445224734 2469.1
24692 0.9720209107439997 2469.2
24693 0.972029701647265 2469.3
24694 0.9720385153932271 2469.4
24695 0.9720473504917748 2469.5
24696 0.9720562057790226 2469.6
24697 0.9720650804095358 2469.7
24698 0.972073973829135 2469.8
24699 0.9720828857506877 2469.9
24700 0.9720918161359591 2470
24701 0.9721007651629617 2470.1
24702 0.9721097332270657 2470.2
24703 0.972118720921331 2470.3
24704 0.9721277290182285 2470.4
24705 0.9721367584557062 2470.5
24706 0.9721458103304702 2470.6
24707 0.9721548858936931 2470.7
24708 0.9721639865479004 2470.8
24709 0.9721731138392334 2470.9
24710 0.9721821855119122 2471
24711 0.9721911273546413 2471.1
24712 0.9722001348642065 2471.2
24713 0.9722092075681876 2471.3
24714 0.9722183450849278 2471.4
24715 0.9722275473224092 2471.5
24716 0.9722368145898849 2471.6
24717 0.9722461476200891 2471.7
24718 0.9722554883092573 2471.8
24719 0.9722648446571491 2471.9
24720 0.9722742757665485 2472
24721 0.9722837836377869 2472.1
24722 0.9722933703753484 2472.2
24723 0.9723030293251528 2472.3
24724 0.972312661880242 2472.4
24725 0.9723223929503156 2472.5
24726 0.9723322239356639 2472.6
24727 0.9723421557108252 2472.7
24728 0.9723521885608822 2472.8
24729 0.9723623220704309 2472.9
24730 0.9723725550215889 2473
24731 0.9723828850112378 2473.1
24732 0.9723933088276404 2473.2
24733 0.9724038225196286 2473.3
24734 0.9724144217013289 2473.4
24735 0.9724249684045062 2473.5
24736 0.9724355383429638 2473.6
24737 0.972446165791408 2473.7
24738 0.9724568469093102 2473.8
24739 0.9724675777699154 2473.9
24740 0.9724783544321164 2474
24741 0.9724891737619457 2474.1
24742 0.9725000316345621 2474.2
24743 0.9725108649820098 2474.3
24744 0.9725217020664391 2474.4
24745 0.9725325698463883 2474.5
24746 0.9725434634377741 2474.6
24747 0.9725543515795163 2474.7
24748 0.9725652036779677 2474.8
24749 0.9725760652506213 2474.9
24750 0.9725869329701435 2475
24751 0.9725977614294931 2475.1
24752 0.972608133647996 2475.2
24753 0.9726185462136987 2475.3
24754 0.9726289936812564 2475.4
24755 0.9726394688928467 2475.5
24756 0.972649963747284 2475.6
24757 0.9726604696835497 2475.7
24758 0.972670978228406 2475.8
24759 0.9726814810466162 2475.9
24760 0.9726919700705594 2476
24761 0.9727024377268469 2476.1
24762 0.9727128768939768 2476.2
24763 0.9727232812503357 2476.3
24764 0.9727336453556135 2476.4
24765 0.9727439646651579 2476.5
24766 0.9727542355390402 2476.6
24767 0.97276445531511 2476.7
24768 0.9727740783584107 2476.8
24769 0.9727836447863418 2476.9
24770 0.9727931934415586 2477
24771 0.9728027248575326 2477.1
24772 0.9728122389578554 2477.2
24773 0.9728217356860972 2477.3
24774 0.9728312153377419 2477.4
24775 0.9728406778720996 2477.5
24776 0.9728501231405832 2477.6
24777 0.9728595510478472 2477.7
24778 0.9728689616440428 2477.8
24779 0.9728778142783837 2477.9
24780 0.9728866899364486 2478
24781 0.9728955964706625 2478.1
24782 0.972904529518077 2478.2
24783 0.9729134845538316 2478.3
24784 0.9729223626988188 2478.4
24785 0.9729310150352731 2478.5
24786 0.9729396992281142 2478.6
24787 0.9729484119601548 2478.7
24788 0.9729571497852982 2478.8
24789 0.9729659094159403 2478.9
24790 0.9729746878898344 2479
24791 0.9729833603459901 2479.1
24792 0.9729919229716343 2479.2
24793 0.9730005112133235 2479.3
24794 0.9730091232189305 2479.4
24795 0.9730177571645846 2479.5
24796 0.9730264113952649 2479.6
24797 0.9730350844997054 2479.7
24798 0.9730437753384308 2479.8
24799 0.9730524830709498 2479.9
24800 0.9730611651188907 2480
24801 0.9730697782544103 2480.1
24802 0.9730784145006379 2480.2
24803 0.9730870738582965 2480.3
24804 0.9730957563590682 2480.4
24805 0.973104462134972 2480.5
24806 0.9731131914572276 2480.6
24807 0.9731219447501969 2480.7
24808 0.9731307225888319 2480.8
24809 0.9731395256819843 2480.9
24810 0.9731483548441149 2481
24811 0.9731572109608236 2481.1
24812 0.9731660949433232 2481.2
24813 0.9731750076984487 2481.3
24814 0.9731839425351013 2481.4
24815 0.9731928763497744 2481.5
24816 0.9732018254287311 2481.6
24817 0.9732107751335408 2481.7
24818 0.9732197589763232 2481.8
24819 0.973228776588706 2481.9
24820 0.9732378273581909 2482
24821 0.9732469102787374 2482.1
24822 0.9732560240408367 2482.2
24823 0.9732651670728847 2482.3
24824 0.9732743375685216 2482.4
24825 0.9732835335178804 2482.5
24826 0.973292752741216 2482.6
24827 0.9733019929497018 2482.7
24828 0.9733112517731709 2482.8
24829 0.9733205268179579 2482.9
24830 0.9733298157277747 2483
24831 0.9733391162424678 2483.1
24832 0.9733484092178074 2483.2
24833 0.9733576791222764 2483.3
24834 0.9733669581162029 2483.4
24835 0.9733762447159657 2483.5
24836 0.9733855375862013 2483.6
24837 0.9733948356306675 2483.7
24838 0.973404138056145 2483.8
24839 0.9734134443873417 2483.9
24840 0.9734227544691273 2484
24841 0.9734320684597746 2484.1
24842 0.9734413868195075 2484.2
24843 0.9734507102768155 2484.3
24844 0.9734600398299963 2484.4
24845 0.9734693767473448 2484.5
24846 0.9734787225145205 2484.6
24847 0.9734880788194177 2484.7
24848 0.9734974475086868 2484.8
24849 0.9735068305803963 2484.9
24850 0.9735162301783441 2485
24851 0.9735256485510073 2485.1
24852 0.9735348179123996 2485.2
24853 0.9735439524126388 2485.3
24854 0.9735531512311947 2485.4
24855 0.9735624157608394 2485.5
24856 0.9735717465353741 2485.6
24857 0.9735811436017978 2485.7
24858 0.9735906066707118 2485.8
24859 0.9736001354526297 2485.9
24860 0.9736097293367244 2486
24861 0.9736193871358979 2486.1
24862 0.9736291073541971 2486.2
24863 0.9736388882294276 2486.3
24864 0.973648727707356 2486.4
24865 0.9736586234122842 2486.5
24866 0.9736685726576019 2486.6
24867 0.9736785725167922 2486.7
24868 0.9736886198224631 2486.8
24869 0.973698711241489 2486.9
24870 0.9737088432802803 2487
24871 0.9737190122206101 2487.1
24872 0.9737292142414105 2487.2
24873 0.9737394455424409 2487.3
24874 0.9737497023806052 2487.4
24875 0.9737599810971626 2487.5
24876 0.973770278175258 2487.6
24877 0.9737805902906789 2487.7
24878 0.9737909149466248 2487.8
24879 0.9738012496082861 2487.9
24880 0.9738115914980536 2488
24881 0.9738219382454513 2488.1
24882 0.9738322881101804 2488.2
24883 0.9738426397104148 2488.3
24884 0.973852992111065 2488.4
24885 0.9738633448200821 2488.5
24886 0.9738736977647204 2488.6
24887 0.973884051242447 2488.7
24888 0.9738944059132439 2488.8
24889 0.9739047627446467 2488.9
24890 0.9739151229039544 2489
24891 0.9739254878320068 2489.1
24892 0.9739354554662633 2489.2
24893 0.9739454075069908 2489.3
24894 0.9739554087214354 2489.4
24895 0.973965458581176 2489.5
24896 0.9739755561581113 2489.6
24897 0.9739857003246051 2489.7
24898 0.9739958898838289 2489.8
24899 0.9740061237375517 2489.9
24900 0.9740163692111838 2490
24901 0.9740265305881866 2490.1
24902 0.974036678607078 2490.2
24903 0.9740468562703943 2490.3
24904 0.9740570640288179 2490.4
24905 0.9740671621125189 2490.5
24906 0.9740772834556661 2490.6
24907 0.974087434217485 2490.7
24908 0.9740976161742151 2490.8
24909 0.9741078309115265 2490.9
24910 0.9741180798189728 2491
24911 0.9741283641134328 2491.1
24912 0.9741386848679413 2491.2
24913 0.9741490428596382 2491.3
24914 0.9741594384576751 2491.4
24915 0.97416987170261 2491.5
24916 0.9741803428399682 2491.6
24917 0.9741908521050877 2491.7
24918 0.9742013994130672 2491.8
24919 0.974211984459435 2491.9
24920 0.9742226067669995 2492
24921 0.97423326577506 2492.1
24922 0.9742439609697914 2492.2
24923 0.9742546918247261 2492.3
24924 0.9742654577842356 2492.4
24925 0.9742762583355636 2492.5
24926 0.9742870930360074 2492.6
24927 0.9742979616063888 2492.7
24928 0.9743088639240474 2492.8
24929 0.9743196909425218 2492.9
24930 0.9743305309363745 2493
24931 0.9743414145384826 2493.1
24932 0.9743523407278858 2493.2
24933 0.9743632658711613 2493.3
24934 0.974374202687165 2493.4
24935 0.9743851773014722 2493.5
24936 0.974396189221415 2493.6
24937 0.9744072378672113 2493.7
24938 0.9744183224627523 2493.8
24939 0.9744294419505414 2493.9
24940 0.9744405949441033 2494
24941 0.974451779688396 2494.1
24942 0.9744629940198201 2494.2
24943 0.9744742353252056 2494.3
24944 0.9744855006750206 2494.4
24945 0.9744967107016882 2494.5
24946 0.9745079289430904 2494.6
24947 0.9745191709585377 2494.7
24948 0.9745304329097095 2494.8
24949 0.9745417103433952 2494.9
24950 0.9745529977790572 2495
24951 0.9745642890779705 2495.1
24952 0.974575578229706 2495.2
24953 0.9745868592558318 2495.3
24954 0.9745981264257159 2495.4
24955 0.9746093744846788 2495.5
24956 0.9746205987273213 2495.6
24957 0.9746317950665954 2495.7
24958 0.9746429600969363 2495.8
24959 0.9746540911133683 2495.9
24960 0.9746651861584921 2496
24961 0.9746761700658103 2496.1
24962 0.9746870933794864 2496.2
24963 0.9746979752646978 2496.3
24964 0.9747088150067046 2496.4
24965 0.9747196122169476 2496.5
24966 0.9747303671048292 2496.6
24967 0.9747410803209252 2496.7
24968 0.9747517525289171 2496.8
24969 0.9747620607266408 2496.9
24970 0.9747721116659951 2497
24971 0.9747821680837769 2497.1
24972 0.9747922365393705 2497.2
24973 0.9748023151470765 2497.3
24974 0.9748124011202777 2497.4
24975 0.9748224920304729 2497.5
24976 0.974832585999271 2497.6
24977 0.974842615601373 2497.7
24978 0.974852607179912 2497.8
24979 0.9748625962042294 2497.9
24980 0.9748725821472015 2498
24981 0.9748825013503893 2498.1
24982 0.9748922410100123 2498.2
24983 0.9749019949550771 2498.3
24984 0.9749117430732649 2498.4
24985 0.9749213994457765 2498.5
24986 0.9749306177994659 2498.6
24987 0.9749398967577579 2498.7
24988 0.9749492315686901 2498.8
24989 0.9749586170543477 2498.9
24990 0.9749680478884986 2499
24991 0.9749775190846602 2499.1
24992 0.9749870260529461 2499.2
24993 0.9749965647066403 2499.3
24994 0.9750061313470004 2499.4
24995 0.9750157224790328 2499.5
24996 0.9750253346738061 2499.6
24997 0.9750346878475084 2499.7
24998 0.9750440487614872 2499.8
24999 0.9750534448173303 2499.9
25000 0.9750628700737285 2500
25001 0.9750723183075368 2500.1
25002 0.9750817831998465 2500.2
25003 0.9750912584748395 2500.3
25004 0.9751007380313361 2500.4
25005 0.9751102159601475 2500.5
25006 0.9751196866329888 2500.6
25007 0.975129129091366 2500.7
25008 0.9751380652333218 2500.8
25009 0.9751470173073955 2500.9
25010 0.9751559801678703 2501
25011 0.975164947677837 2501.1
25012 0.9751739133233962 2501.2
25013 0.9751827302332807 2501.3
25014 0.9751913296260204 2501.4
25015 0.975199934007966 2501.5
25016 0.9752085371526866 2501.6
25017 0.9752171336275864 2501.7
25018 0.9752257188920884 2501.8
25019 0.9752342892752124 2501.9
25020 0.9752422007630853 2502
25021 0.9752501065416245 2502.1
25022 0.9752580265961636 2502.2
25023 0.9752653941992546 2502.3
25024 0.9752728207630239 2502.4
25025 0.9752803017489766 2502.5
25026 0.9752878317679364 2502.6
25027 0.9752953666026456 2502.7
25028 0.9753021619436788 2502.8
25029 0.975309014786619 2502.9
25030 0.9753159218613409 2503
25031 0.9753228801297348 2503.1
25032 0.9753298868037558 2503.2
25033 0.9753369393375332 2503.3
25034 0.9753440354097137 2503.4
25035 0.9753511729218035 2503.5
25036 0.975358349955654 2503.6
25037 0.9753655647715139 2503.7
25038 0.9753728157780112 2503.8
25039 0.9753801015096215 2503.9
25040 0.9753874206093388 2504
25041 0.9753947718118163 2504.1
25042 0.9754021539315381 2504.2
25043 0.975409565852777 2504.3
25044 0.9754170065218124 2504.4
25045 0.9754243959589514 2504.5
25046 0.9754317953608019 2504.6
25047 0.9754392279209887 2504.7
25048 0.9754466923151903 2504.8
25049 0.9754541872188558 2504.9
25050 0.9754617113331637 2505
25051 0.9754692634050589 2505.1
25052 0.9754768422177497 2505.2
25053 0.9754844466131382 2505.3
25054 0.9754920755285421 2505.4
25055 0.9754997279901292 2505.5
25056 0.9755073816722333 2505.6
25057 0.9755149748420251 2505.7
25058 0.975522593231761 2505.8
25059 0.9755302358203368 2505.9
25060 0.9755379015068927 2506
25061 0.97554558922139 2506.1
25062 0.9755532979808602 2506.2
25063 0.9755610267914034 2506.3
25064 0.9755687748570132 2506.4
25065 0.9755765415440983 2506.5
25066 0.9755843263611498 2506.6
25067 0.975592128939733 2506.7
25068 0.9755999490194343 2506.8
25069 0.975607786435174 2506.9
25070 0.9756156410988301 2507
25071 0.975623513007805 2507.1
25072 0.975631402241493 2507.2
25073 0.9756393090696946 2507.3
25074 0.9756472337410204 2507.4
25075 0.9756551765585338 2507.5
25076 0.9756631378905749 2507.6
25077 0.9756711181715761 2507.7
25078 0.9756791179085709 2507.8
25079 0.9756871376773227 2507.9
25080 0.9756951781208534 2508
25081 0.9757032130749769 2508.1
25082 0.9757111665076409 2508.2
25083 0.9757191515609643 2508.3
25084 0.975727168152597 2508.4
25085 0.9757352162521543 2508.5
25086 0.9757432959930836 2508.6
25087 0.9757514077233276 2508.7
25088 0.9757595520237466 2508.8
25089 0.9757677297090857 2508.9
25090 0.9757759418233689 2509
25091 0.9757841896325057 2509.1
25092 0.9757924746150253 2509.2
25093 0.9758007984535454 2509.3
25094 0.9758091630210678 2509.4
25095 0.9758175703717473 2509.5
25096 0.9758260227232559 2509.6
25097 0.9758345224332675 2509.7
25098 0.9758430719690178 2509.8
25099 0.9758516738644242 2509.9
25100 0.9758603306667963 2510
25101 0.9758690448687072 2510.1
25102 0.9758778188270737 2510.2
25103 0.975886654674226 2510.3
25104 0.975895554220422 2510.4
25105 0.9759045188527961 2510.5
25106 0.975913549547814 2510.6
25107 0.9759226467072635 2510.7
25108 0.975931810102231 2510.8
25109 0.9759410043240486 2510.9
25110 0.9759501775489215 2511
25111 0.9759594199430597 2511.1
25112 0.9759687278940337 2511.2
25113 0.9759780869571845 2511.3
25114 0.9759875014837402 2511.4
25115 0.9759969666477413 2511.5
25116 0.9760064764254002 2511.6
25117 0.9760160244752911 2511.7
25118 0.976025604276388 2511.8
25119 0.9760352092851148 2511.9
25120 0.976044833096322 2512
25121 0.9760544695989396 2512.1
25122 0.9760641131016936 2512.2
25123 0.9760737586130053 2512.3
25124 0.9760834022579511 2512.4
25125 0.9760930399718447 2512.5
25126 0.9761026680737072 2512.6
25127 0.9761122833626044 2512.7
25128 0.9761218832979763 2512.8
25129 0.9761314660442809 2512.9
25130 0.9761410304554957 2513
25131 0.9761505760182777 2513.1
25132 0.9761601029047563 2513.2
25133 0.9761696117326182 2513.3
25134 0.9761790531299309 2513.4
25135 0.9761881963379123 2513.5
25136 0.9761971298616537 2513.6
25137 0.9762060891691913 2513.7
25138 0.9762150765580997 2513.8
25139 0.9762240933592881 2513.9
25140 0.9762331404415651 2514
25141 0.9762421716110532 2514.1
25142 0.9762508494097221 2514.2
25143 0.9762595913975585 2514.3
25144 0.9762683976118954 2514.4
25145 0.9762772675488346 2514.5
25146 0.9762862005248112 2514.6
25147 0.9762951959103974 2514.7
25148 0.9763042532798343 2514.8
25149 0.9763133724977006 2514.9
25150 0.9763224726508253 2515
25151 0.9763316164146727 2515.1
25152 0.9763407605533042 2515.2
25153 0.976349964792575 2515.3
25154 0.9763591551185907 2515.4
25155 0.9763683297572003 2515.5
25156 0.9763775622316615 2515.6
25157 0.9763868206596177 2515.7
25158 0.9763960293567983 2515.8
25159 0.976405293531462 2515.9
25160 0.9764146153281181 2516
25161 0.9764239965494627 2516.1
25162 0.9764334386923414 2516.2
25163 0.97644294364114 2516.3
25164 0.9764525123165847 2516.4
25165 0.9764621454316122 2516.5
25166 0.9764718434578723 2516.6
25167 0.9764816077181202 2516.7
25168 0.9764914387867787 2516.8
25169 0.9765013195548519 2516.9
25170 0.9765112419377372 2517
25171 0.9765212320940078 2517.1
25172 0.9765312885337052 2517.2
25173 0.9765414094964436 2517.3
25174 0.9765515928671792 2517.4
25175 0.976561836201794 2517.5
25176 0.9765720883166383 2517.6
25177 0.9765823705683323 2517.7
25178 0.9765926981966325 2517.8
25179 0.9766030679053275 2517.9
25180 0.9766134759906102 2518
25181 0.9766239049145435 2518.1
25182 0.9766342112232325 2518.2
25183 0.976644536649792 2518.3
25184 0.9766548776887669 2518.4
25185 0.9766652309309481 2518.5
25186 0.9766755930545987 2518.6
25187 0.9766859611126726 2518.7
25188 0.9766963321981149 2518.8
25189 0.9767067031665748 2518.9
25190 0.9767170709346659 2519
25191 0.976727432639014 2519.1
25192 0.9767377858343377 2519.2
25193 0.9767481284818852 2519.3
25194 0.9767584484021076 2519.4
25195 0.9767682780402512 2519.5
25196 0.976778141399144 2519.6
25197 0.9767880343761625 2519.7
25198 0.9767977387127498 2519.8
25199 0.9768072183819874 2519.9
25200 0.9768167212297435 2520
25201 0.9768262398415941 2520.1
25202 0.9768357676284913 2520.2
25203 0.9768452996340651 2520.3
25204 0.9768548314583364 2520.4
25205 0.9768643138927116 2520.5
25206 0.9768737626357158 2520.6
25207 0.9768832024418197 2520.7
25208 0.976892632783642 2520.8
25209 0.9769020536551087 2520.9
25210 0.9769114654578752 2521
25211 0.9769208689049035 2521.1
25212 0.9769302561999602 2521.2
25213 0.9769393147820613 2521.3
25214 0.9769484091028597 2521.4
25215 0.9769575400606874 2521.5
25216 0.9769665583265031 2521.6
25217 0.976975404724352 2521.7
25218 0.9769843223139253 2521.8
25219 0.976993307714936 2521.9
25220 0.9770023476903845 2522
25221 0.9770113965746423 2522.1
25222 0.9770204976297898 2522.2
25223 0.9770296483709929 2522.3
25224 0.9770388466987054 2522.4
25225 0.9770480911930616 2522.5
25226 0.9770573822344693 2522.6
25227 0.9770666394100518 2522.7
25228 0.9770756510731589 2522.8
25229 0.9770847341925247 2522.9
25230 0.977093884591626 2523
25231 0.9771030977245282 2523.1
25232 0.9771123693286022 2523.2
25233 0.9771216956216557 2523.3
25234 0.9771310730978841 2523.4
25235 0.9771404985373521 2523.5
25236 0.9771499689354979 2523.6
25237 0.9771594813241898 2523.7
25238 0.9771690326697219 2523.8
25239 0.9771786198014145 2523.9
25240 0.9771882393703332 2524
25241 0.9771978879846361 2524.1
25242 0.9772075210582988 2524.2
25243 0.977217162089731 2524.3
25244 0.9772268179285173 2524.4
25245 0.9772364861536987 2524.5
25246 0.9772460205308471 2524.6
25247 0.97725546837115 2524.7
25248 0.9772649402485614 2524.8
25249 0.9772744306440394 2524.9
25250 0.9772839339296145 2525
25251 0.9772934445452707 2525.1
25252 0.977302957159665 2525.2
25253 0.97731246692434 2525.3
25254 0.977321969358885 2525.4
25255 0.9773314609197383 2525.5
25256 0.9773409383562236 2525.6
25257 0.977350398336059 2525.7
25258 0.977359837895904 2525.8
25259 0.9773692545997062 2525.9
25260 0.9773786133273783 2526
25261 0.977387783069288 2526.1
25262 0.9773969359360892 2526.2
25263 0.977406069737318 2526.3
25264 0.9774151824390803 2526.4
25265 0.9774242724050308 2526.5
25266 0.9774333384283161 2526.6
25267 0.97744238035826 2526.7
25268 0.9774513979564187 2526.8
25269 0.9774603912878458 2526.9
25270 0.9774693308697641 2527
25271 0.9774782462955426 2527.1
25272 0.9774867444364757 2527.2
25273 0.9774952140968021 2527.3
25274 0.9775036999075306 2527.4
25275 0.9775122013028217 2527.5
25276 0.9775207173621713 2527.6
25277 0.977529246949662 2527.7
25278 0.9775377888271464 2527.8
25279 0.9775463417398408 2527.9
25280 0.977554904451716 2528
25281 0.9775633347686282 2528.1
25282 0.9775717257702657 2528.2
25283 0.977580138258039 2528.3
25284 0.9775885699067357 2528.4
25285 0.9775970184152289 2528.5
25286 0.9776054815973743 2528.6
25287 0.9776139574419623 2528.7
25288 0.9776224441403015 2528.8
25289 0.9776309148273449 2528.9
25290 0.9776393194728383 2529
25291 0.9776477359312165 2529.1
25292 0.9776561628648999 2529.2
25293 0.9776645989073102 2529.3
25294 0.9776730428502252 2529.4
25295 0.9776814936595761 2529.5
25296 0.9776899504700687 2529.6
25297 0.9776984125723623 2529.7
25298 0.9777068792543195 2529.8
25299 0.9777151734988048 2529.9
25300 0.9777234741722917 2530
25301 0.9777316864300131 2530.1
25302 0.9777399238136615 2530.2
25303 0.9777481848095689 2530.3
25304 0.9777564677901476 2530.4
25305 0.9777647711464961 2530.5
25306 0.9777730933602613 2530.6
25307 0.977781433038527 2530.7
25308 0.9777897889363061 2530.8
25309 0.9777981599686745 2530.9
25310 0.9778065452076642 2531
25311 0.9778149438745757 2531.1
25312 0.9778233553297052 2531.2
25313 0.9778317790596569 2531.3
25314 0.9778402146321308 2531.4
25315 0.9778486617074872 2531.5
25316 0.977857120144579 2531.6
25317 0.977865589843627 2531.7
25318 0.9778740707907912 2531.8
25319 0.9778825630388612 2531.9
25320 0.9778910666969604 2532
25321 0.9778995819249879 2532.1
25322 0.9779081089366209 2532.2
25323 0.9779166122442743 2532.3
25324 0.9779251258323175 2532.4
25325 0.9779336530589836 2532.5
25326 0.9779421942582878 2532.6
25327 0.9779507498015525 2532.7
25328 0.9779593201082001 2532.8
25329 0.9779679056462495 2532.9
25330 0.9779765069247842 2533
25331 0.9779851244918506 2533.1
25332 0.9779937589360486 2533.2
25333 0.9780024108693598 2533.3
25334 0.9780110809366226 2533.4
25335 0.9780197698442267 2533.5
25336 0.9780284783588635 2533.6
25337 0.9780372073070295 2533.7
25338 0.9780459575741526 2533.8
25339 0.9780547301057941 2533.9
25340 0.978063525944292 2534
25341 0.9780723461529811 2534.1
25342 0.9780811918426187 2534.2
25343 0.9780900641696262 2534.3
25344 0.9780989643282767 2534.4
25345 0.9781078935411752 2534.5
25346 0.9781168530533654 2534.6
25347 0.9781257289843229 2534.7
25348 0.9781345090618618 2534.8
25349 0.978143340653035 2534.9
25350 0.9781521877180387 2535
25351 0.9781610805537168 2535.1
25352 0.9781700266256751 2535.2
25353 0.978179024612833 2535.3
25354 0.9781880730099989 2535.4
25355 0.9781971702497183 2535.5
25356 0.9782063148499396 2535.6
25357 0.9782155050383575 2535.7
25358 0.978224738982901 2535.8
25359 0.9782340147707893 2535.9
25360 0.9782433304416018 2536
25361 0.9782526840250251 2536.1
25362 0.9782620733140192 2536.2
25363 0.9782714959477146 2536.3
25364 0.9782809495279915 2536.4
25365 0.9782904316445646 2536.5
25366 0.9782999399067744 2536.6
25367 0.9783094719798343 2536.7
25368 0.9783190256281307 2536.8
25369 0.9783285987598792 2536.9
25370 0.9783381894688449 2537
25371 0.9783477960680967 2537.1
25372 0.9783570130412965 2537.2
25373 0.9783662063838358 2537.3
25374 0.9783754457765023 2537.4
25375 0.9783847282390583 2537.5
25376 0.9783940496229797 2537.6
25377 0.9784034054739345 2537.7
25378 0.9784127916319389 2537.8
25379 0.9784221369851374 2537.9
25380 0.9784314424669098 2538
25381 0.9784407680382289 2538.1
25382 0.9784501124692101 2538.2
25383 0.9784594745810474 2538.3
25384 0.9784685278710036 2538.4
25385 0.9784773209974463 2538.5
25386 0.9784861697204702 2538.6
25387 0.9784950506144039 2538.7
25388 0.9785038728307326 2538.8
25389 0.9785127232423441 2538.9
25390 0.978521595117203 2539
25391 0.9785304958368691 2539.1
25392 0.9785390585427878 2539.2
25393 0.9785472621839083 2539.3
25394 0.9785553180324887 2539.4
25395 0.9785632581338493 2539.5
25396 0.978571219588009 2539.6
25397 0.9785791882379884 2539.7
25398 0.9785872130252667 2539.8
25399 0.9785952889004035 2539.9
25400 0.9786034111722264 2540
25401 0.9786115751983852 2540.1
25402 0.9786197765507885 2540.2
25403 0.9786280111568331 2540.3
25404 0.9786362753569232 2540.4
25405 0.9786445659054327 2540.5
25406 0.9786528799348857 2540.6
25407 0.9786612149092058 2540.7
25408 0.9786695687903447 2540.8
25409 0.9786779395411546 2540.9
25410 0.9786862836459476 2541
25411 0.9786941141840809 2541.1
25412 0.9787019988352877 2541.2
25413 0.9787099353987432 2541.3
25414 0.9787179207384347 2541.4
25415 0.9787259514184835 2541.5
25416 0.9787340240814246 2541.6
25417 0.9787421353476959 2541.7
25418 0.9787502820842457 2541.8
25419 0.9787584614613312 2541.9
25420 0.9787666708362004 2542
25421 0.9787749075992741 2542.1
25422 0.97878316953015 2542.2
25423 0.9787913222151868 2542.3
25424 0.978799275461457 2542.4
25425 0.9788072585970443 2542.5
25426 0.9788152683881624 2542.6
25427 0.9788233013803478 2542.7
25428 0.9788313543627158 2542.8
25429 0.9788394245627059 2542.9
25430 0.9788475097051519 2543
25431 0.9788556079971723 2543.1
25432 0.97886371806857 2543.2
25433 0.9788718390126706 2543.3
25434 0.978879970378565 2543.4
25435 0.9788881117862511 2543.5
25436 0.9788962629562628 2543.6
25437 0.9789044236719848 2543.7
25438 0.9789125937498611 2543.8
25439 0.9789207730162395 2543.9
25440 0.9789287914903078 2544
25441 0.9789366087629572 2544.1
25442 0.9789444676998 2544.2
25443 0.9789523657074588 2544.3
25444 0.978960299738012 2544.4
25445 0.9789682665424371 2544.5
25446 0.978976262854616 2544.6
25447 0.9789842691885463 2544.7
25448 0.9789922858728414 2544.8
25449 0.9790003209213999 2544.9
25450 0.9790083756013375 2545
25451 0.9790164478379577 2545.1
25452 0.979024534000195 2545.2
25453 0.9790326070968417 2545.3
25454 0.9790406941229826 2545.4
25455 0.9790487937882936 2545.5
25456 0.9790569052386908 2545.6
25457 0.9790650276452169 2545.7
25458 0.9790731601175628 2545.8
25459 0.9790813018415273 2545.9
25460 0.9790894521208683 2546
25461 0.9790976103920107 2546.1
25462 0.9791057626547958 2546.2
25463 0.9791139183593673 2546.3
25464 0.9791220815858521 2546.4
25465 0.979130252492231 2546.5
25466 0.9791384313823749 2546.6
25467 0.9791466186980485 2546.7
25468 0.9791548150199287 2546.8
25469 0.9791630210648531 2546.9
25470 0.9791712376810701 2547
25471 0.9791794658427695 2547.1
25472 0.9791875543934767 2547.2
25473 0.9791954758225403 2547.3
25474 0.9792034319405742 2547.4
25475 0.9792114218926072 2547.5
25476 0.9792194445873887 2547.6
25477 0.9792274990516547 2547.7
25478 0.9792355845814322 2547.8
25479 0.9792437007751033 2547.9
25480 0.9792518475047097 2548
25481 0.9792600248561117 2548.1
25482 0.9792682330762412 2548.2
25483 0.9792764725425759 2548.3
25484 0.9792847436593021 2548.4
25485 0.9792930467475506 2548.5
25486 0.9793013820295117 2548.6
25487 0.9793097496517462 2548.7
25488 0.9793180749410177 2548.8
25489 0.9793262397972063 2548.9
25490 0.9793344599778241 2549
25491 0.9793427342581513 2549.1
25492 0.979351060781984 2549.2
25493 0.97935943725866 2549.3
25494 0.9793678612919732 2549.4
25495 0.979376330474209 2549.5
25496 0.9793848424501513 2549.6
25497 0.9793933949570661 2549.7
25498 0.9794019858265977 2549.8
25499 0.9794106130100408 2549.9
25500 0.9794192745783477 2550
25501 0.9794279686942517 2550.1
25502 0.9794366935769367 2550.2
25503 0.9794454474092192 2550.3
25504 0.9794542262628264 2550.4
25505 0.9794630231611113 2550.5
25506 0.979471844374744 2550.6
25507 0.9794806880768115 2550.7
25508 0.9794895271946124 2550.8
25509 0.9794983825912195 2550.9
25510 0.9795072540882305 2551
25511 0.9795161388170739 2551.1
25512 0.9795250337378857 2551.2
25513 0.9795339356788926 2551.3
25514 0.9795428413825944 2551.4
25515 0.9795517475477168 2551.5
25516 0.9795606508504691 2551.6
25517 0.9795695480452595 2551.7
25518 0.979578136696578 2551.8
25519 0.9795865917273041 2551.9
25520 0.9795950654292342 2552
25521 0.9796035544832847 2552.1
25522 0.9796120550173926 2552.2
25523 0.9796205630269581 2552.3
25524 0.9796290747803326 2552.4
25525 0.9796375866474319 2552.5
25526 0.9796460952546722 2552.6
25527 0.9796545978282318 2552.7
25528 0.9796630919477222 2552.8
25529 0.9796715752776286 2552.9
25530 0.9796800458280411 2553
25531 0.9796885020205961 2553.1
25532 0.9796969370482695 2553.2
25533 0.9797053541324394 2553.3
25534 0.9797137538013931 2553.4
25535 0.9797221360262078 2553.5
25536 0.9797305011046898 2553.6
25537 0.9797388496266988 2553.7
25538 0.979747182438872 2553.8
25539 0.9797555005882516 2553.9
25540 0.9797638053043691 2554
25541 0.9797720980187401 2554.1
25542 0.9797803592188646 2554.2
25543 0.9797886041566651 2554.3
25544 0.9797968402547083 2554.4
25545 0.9798049301975991 2554.5
25546 0.9798127319583246 2554.6
25547 0.9798205676977035 2554.7
25548 0.9798284373579705 2554.8
25549 0.9798363403271626 2554.9
25550 0.9798442756544732 2555
25551 0.9798522421935242 2555.1
25552 0.9798602386911788 2555.2
25553 0.9798682638309912 2555.3
25554 0.9798763162829727 2555.4
25555 0.9798842858780362 2555.5
25556 0.979892205635263 2555.6
25557 0.9799001619369392 2555.7
25558 0.9799081521407194 2555.8
25559 0.9799161734558727 2555.9
25560 0.9799242231310465 2556
25561 0.9799322984032516 2556.1
25562 0.9799403965721217 2556.2
25563 0.9799485150452548 2556.3
25564 0.9799566513535415 2556.4
25565 0.9799648031621091 2556.5
25566 0.9799729682802913 2556.6
25567 0.9799811446640783 2556.7
25568 0.9799893304351168 2556.8
25569 0.9799975238610121 2556.9
25570 0.9800057233655254 2557
25571 0.980013927536405 2557.1
25572 0.9800221351290416 2557.2
25573 0.9800303450669592 2557.3
25574 0.9800385565181969 2557.4
25575 0.980046768923766 2557.5
25576 0.9800549817746568 2557.6
25577 0.9800631235699159 2557.7
25578 0.9800712459108649 2557.8
25579 0.9800793759688124 2557.9
25580 0.9800875133011238 2558
25581 0.980095657586206 2558.1
25582 0.9801038086133373 2558.2
25583 0.980111966333127 2558.3
25584 0.9801201308502547 2558.4
25585 0.9801283024126757 2558.5
25586 0.9801364813962445 2558.6
25587 0.9801446683047005 2558.7
25588 0.9801528637710001 2558.8
25589 0.9801610685585601 2558.9
25590 0.9801692835570374 2559
25591 0.9801774681538117 2559.1
25592 0.9801856436435605 2559.2
25593 0.9801938379158017 2559.3
25594 0.9802020518842759 2559.4
25595 0.9802102865171615 2559.5
25596 0.9802185428809552 2559.6
25597 0.9802268221389968 2559.7
25598 0.9802351255413754 2559.8
25599 0.9802434544166222 2559.9
25600 0.9802518101545761 2560
25601 0.9802601941848949 2560.1
25602 0.9802686079342996 2560.2
25603 0.9802770528059054 2560.3
25604 0.9802855301507077 2560.4
25605 0.9802940412414604 2560.5
25606 0.9803025872434138 2560.6
25607 0.9803111691804671 2560.7
25608 0.9803197879108504 2560.8
25609 0.9803284441054539 2560.9
25610 0.9803371382298387 2561
25611 0.9803458705318868 2561.1
25612 0.9803546410423378 2561.2
25613 0.9803634495623549 2561.3
25614 0.9803722956597494 2561.4
25615 0.9803811786739514 2561.5
25616 0.9803900977277341 2561.6
25617 0.9803990517372499 2561.7
25618 0.9804080394289614 2561.8
25619 0.9804170484532806 2561.9
25620 0.9804260207857324 2562
25621 0.9804350310491409 2562.1
25622 0.9804440793146524 2562.2
25623 0.9804531653499919 2562.3
25624 0.9804622410117217 2562.4
25625 0.9804713403327165 2562.5
25626 0.9804803647000098 2562.6
25627 0.980489418161964 2562.7
25628 0.980498500250678 2562.8
25629 0.9805076105353547 2562.9
25630 0.980516728761388 2563
25631 0.9805258350812155 2563.1
25632 0.9805349625930104 2563.2
25633 0.9805439853378316 2563.3
25634 0.9805529622418129 2563.4
25635 0.9805619463154724 2563.5
25636 0.9805709386293822 2563.6
25637 0.9805799401039416 2563.7
25638 0.9805889515492515 2563.8
25639 0.9805979738018823 2563.9
25640 0.9806070076897182 2564
25641 0.9806160540653752 2564.1
25642 0.9806251138184152 2564.2
25643 0.9806341877029832 2564.3
25644 0.9806432763619012 2564.4
25645 0.9806523803786673 2564.5
25646 0.9806615001961111 2564.6
25647 0.9806706360761335 2564.7
25648 0.9806797881105379 2564.8
25649 0.9806889562769505 2564.9
25650 0.9806981402693278 2565
25651 0.9807073395576439 2565.1
25652 0.9807165534271758 2565.2
25653 0.9807257809994122 2565.3
25654 0.9807350212639948 2565.4
25655 0.9807442730790686 2565.5
25656 0.9807535351351059 2565.6
25657 0.980762806026647 2565.7
25658 0.9807720842595115 2565.8
25659 0.9807813682789485 2565.9
25660 0.9807905756230806 2566
25661 0.980799709006104 2566.1
25662 0.9808088583993676 2566.2
25663 0.9808180203507163 2566.3
25664 0.9808271926264149 2566.4
25665 0.9808363717767955 2566.5
25666 0.9808455542117512 2566.6
25667 0.9808547364896754 2566.7
25668 0.9808639154098883 2566.8
25669 0.9808730880349692 2566.9
25670 0.9808822516730672 2567
25671 0.9808914038645137 2567.1
25672 0.9809005423655051 2567.2
25673 0.9809096651034136 2567.3
25674 0.9809187701436225 2567.4
25675 0.9809278556600715 2567.5
25676 0.98093691989471 2567.6
25677 0.98094596119532 2567.7
25678 0.9809549780322658 2567.8
25679 0.9809639690444886 2567.9
25680 0.9809729332022601 2568
25681 0.9809818697873406 2568.1
25682 0.9809907781537169 2568.2
25683 0.9809996576789113 2568.3
25684 0.9810082595596997 2568.4
25685 0.9810166786560311 2568.5
25686 0.9810251024365548 2568.6
25687 0.9810335209371746 2568.7
25688 0.9810417811093561 2568.8
25689 0.9810500522098664 2568.9
25690 0.9810583319297805 2569
25691 0.9810666175150283 2569.1
25692 0.9810749061157464 2569.2
25693 0.9810831950065146 2569.3
25694 0.9810914816836652 2569.4
25695 0.9810997639433686 2569.5
25696 0.9811080398958981 2569.6
25697 0.9811163079598103 2569.7
25698 0.9811245668441312 2569.8
25699 0.9811328154669061 2569.9
25700 0.9811410530246594 2570
25701 0.9811492789511548 2570.1
25702 0.9811574928792061 2570.2
25703 0.9811655809109844 2570.3
25704 0.9811734835112738 2570.4
25705 0.9811813931488178 2570.5
25706 0.9811893081760951 2570.6
25707 0.9811972267591681 2570.7
25708 0.9812051471492624 2570.8
25709 0.981213067812396 2570.9
25710 0.9812209874757662 2571
25711 0.9812289051342128 2571.1
25712 0.9812368200195865 2571.2
25713 0.9812447315704669 2571.3
25714 0.9812526393962243 2571.4
25715 0.9812605432458876 2571.5
25716 0.9812684429798091 2571.6
25717 0.9812763385452943 2571.7
25718 0.9812840211178661 2571.8
25719 0.9812916815830213 2571.9
25720 0.9812993574007196 2572
25721 0.9813070320931838 2572.1
25722 0.9813147052148464 2572.2
25723 0.9813223911838251 2572.3
25724 0.9813300851338869 2572.4
25725 0.9813377888544362 2572.5
25726 0.9813455019161136 2572.6
25727 0.9813531858782154 2572.7
25728 0.9813608372357864 2572.8
25729 0.9813684991943828 2572.9
25730 0.9813761704512762 2573
25731 0.9813838497842239 2573.1
25732 0.9813913737027762 2573.2
25733 0.9813988064917357 2573.3
25734 0.9814062635645814 2573.4
25735 0.9814137434600871 2573.5
25736 0.9814212441430011 2573.6
25737 0.981428763359763 2573.7
25738 0.9814362988732461 2573.8
25739 0.9814438486190796 2573.9
25740 0.9814514108033314 2574
25741 0.9814589839835484 2574.1
25742 0.9814665669156314 2574.2
25743 0.9814741585784005 2574.3
25744 0.9814817581958527 2574.4
25745 0.9814893651792092 2574.5
25746 0.9814969790977506 2574.6
25747 0.9815045996567485 2574.7
25748 0.9815122266790404 2574.8
25749 0.9815198600904235 2574.9
25750 0.9815274999073913 2575
25751 0.9815351462275955 2575.1
25752 0.9815427992218894 2575.2
25753 0.9815504591269288 2575.3
25754 0.9815580942352402 2575.4
25755 0.981565620493579 2575.5
25756 0.9815728186056547 2575.6
25757 0.9815800592763753 2575.7
25758 0.9815873414817258 2575.8
25759 0.9815946631117904 2575.9
25760 0.9816020214484259 2576
25761 0.9816094138313198 2576.1
25762 0.9816168379896199 2576.2
25763 0.9816242923316816 2576.3
25764 0.9816317755507932 2576.4
25765 0.9816392866521416 2576.5
25766 0.9816468249701623 2576.6
25767 0.981654300482773 2576.7
25768 0.9816613341124865 2576.8
25769 0.981668432176878 2576.9
25770 0.9816755926074835 2577
25771 0.9816828125690823 2577.1
25772 0.9816900895589163 2577.2
25773 0.981697421047913 2577.3
25774 0.9817048048041676 2577.4
25775 0.9817122390676479 2577.5
25776 0.9817194111897333 2577.6
25777 0.9817262692970794 2577.7
25778 0.9817331936164732 2577.8
25779 0.9817401841377534 2577.9
25780 0.9817472227641993 2578
25781 0.9817542933753803 2578.1
25782 0.9817614329634213 2578.2
25783 0.9817686334355619 2578.3
25784 0.9817758996316087 2578.4
25785 0.9817832335905489 2578.5
25786 0.9817906349761915 2578.6
25787 0.9817981031563318 2578.7
25788 0.9818056372355982 2578.8
25789 0.9818132361221398 2578.9
25790 0.9818208985183002 2579
25791 0.9818286229727731 2579.1
25792 0.9818364077568396 2579.2
25793 0.9818442507963117 2579.3
25794 0.9818521496425368 2579.4
25795 0.9818601014637197 2579.5
25796 0.9818681030502026 2579.6
25797 0.9818761508269078 2579.7
25798 0.9818842408746649 2579.8
25799 0.9818923689504576 2579.9
25800 0.9819005304759713 2580
25801 0.9819087207031796 2580.1
25802 0.9819169348013614 2580.2
25803 0.9819251678071449 2580.3
25804 0.9819334003386764 2580.4
25805 0.9819415019276515 2580.5
25806 0.9819496152667649 2580.6
25807 0.9819577385403679 2580.7
25808 0.9819658697747272 2580.8
25809 0.9819740067508551 2580.9
25810 0.9819821470051482 2581
25811 0.9819902839486223 2581.1
25812 0.9819983979221405 2581.2
25813 0.9820065096929007 2581.3
25814 0.9820146163452563 2581.4
25815 0.9820227149431102 2581.5
25816 0.9820308025262545 2581.6
25817 0.9820388762038487 2581.7
25818 0.9820469332103343 2581.8
25819 0.9820549709659365 2581.9
25820 0.9820629871372987 2582
25821 0.982070979683259 2582.1
25822 0.982078946892217 2582.2
25823 0.9820867213162762 2582.3
25824 0.9820941467875706 2582.4
25825 0.9821014462917784 2582.5
25826 0.9821086521736352 2582.6
25827 0.9821158624026306 2582.7
25828 0.982123076239299 2582.8
25829 0.9821302925064551 2582.9
25830 0.9821375098054909 2583
25831 0.9821446831128725 2583.1
25832 0.9821517826885665 2583.2
25833 0.9821588878337376 2583.3
25834 0.9821659968319251 2583.4
25835 0.9821731081239783 2583.5
25836 0.9821802203461714 2583.6
25837 0.9821873323889128 2583.7
25838 0.9821944433888452 2583.8
25839 0.9822015344461089 2583.9
25840 0.9822086106221823 2584
25841 0.9822156849631932 2584.1
25842 0.9822225171252599 2584.2
25843 0.9822292294937587 2584.3
25844 0.9822359695710378 2584.4
25845 0.9822427359282456 2584.5
25846 0.9822495269628928 2584.6
25847 0.9822563410401736 2584.7
25848 0.9822631765918061 2584.8
25849 0.9822700321497827 2584.9
25850 0.9822769063773964 2585
25851 0.9822837980832995 2585.1
25852 0.9822907062244536 2585.2
25853 0.982297629893769 2585.3
25854 0.9823045683247588 2585.4
25855 0.9823115208823556 2585.5
25856 0.9823184870490566 2585.6
25857 0.9823254664179317 2585.7
25858 0.9823324586866937 2585.8
25859 0.9823394636477671 2585.9
25860 0.9823464811826679 2586
25861 0.9823535112559871 2586.1
25862 0.9823605539117559 2586.2
25863 0.9823676092697169 2586.3
25864 0.9823746775028314 2586.4
25865 0.9823817588561902 2586.5
25866 0.9823888536687115 2586.6
25867 0.9823959078989587 2586.7
25868 0.9824028875979531 2586.8
25869 0.9824098773150729 2586.9
25870 0.9824168910919565 2587
25871 0.9824239290656834 2587.1
25872 0.9824309914072864 2587.2
25873 0.9824380783532343 2587.3
25874 0.9824451902190885 2587.4
25875 0.9824523274057526 2587.5
25876 0.98245949040349 2587.6
25877 0.9824666797901075 2587.7
25878 0.9824738962271133 2587.8
25879 0.9824811404438919 2587.9
25880 0.9824884132236195 2588
25881 0.9824957153871477 2588.1
25882 0.9825030477764775 2588.2
25883 0.9825104112362971 2588.3
25884 0.9825178065901933 2588.4
25885 0.9825252346193282 2588.5
25886 0.9825326960553052 2588.6
25887 0.9825401915622033 2588.7
25888 0.9825477217400839 2588.8
25889 0.9825552870703796 2588.9
25890 0.9825628878700705 2589
25891 0.9825705243069061 2589.1
25892 0.9825781963942682 2589.2
25893 0.9825859040005848 2589.3
25894 0.9825936468414468 2589.4
25895 0.9826014244833053 2589.5
25896 0.9826092150302493 2589.6
25897 0.9826170283625729 2589.7
25898 0.982624875319231 2589.8
25899 0.982632755016681 2589.9
25900 0.9826406662063146 2590
25901 0.9826486075145524 2590.1
25902 0.9826565774165242 2590.2
25903 0.9826645742813571 2590.3
25904 0.9826725964309542 2590.4
25905 0.9826805724401185 2590.5
25906 0.982688524849168 2590.6
25907 0.9826964950114835 2590.7
25908 0.9827044831407455 2590.8
25909 0.9827124892041477 2590.9
25910 0.9827205011238715 2591
25911 0.9827284945576236 2591.1
25912 0.9827365019067665 2591.2
25913 0.9827445231881575 2591.3
25914 0.9827525583114386 2591.4
25915 0.9827606070857939 2591.5
25916 0.9827686692385074 2591.6
25917 0.9827767444131562 2591.7
25918 0.9827848321778875 2591.8
25919 0.9827929321346698 2591.9
25920 0.9828010439098031 2592
25921 0.9828091672249613 2592.1
25922 0.9828173018469523 2592.2
25923 0.9828254474763738 2592.3
25924 0.9828335909805449 2592.4
25925 0.9828417159444514 2592.5
25926 0.982849847026982 2592.6
25927 0.9828579838132008 2592.7
25928 0.9828661260762004 2592.8
25929 0.9828742737594768 2592.9
25930 0.9828824269556389 2593
25931 0.9828905464683867 2593.1
25932 0.9828983300172338 2593.2
25933 0.98290613588799 2593.3
25934 0.9829139745817328 2593.4
25935 0.982921846104945 2593.5
25936 0.9829297501283076 2593.6
25937 0.9829376861189036 2593.7
25938 0.9829456534755372 2593.8
25939 0.9829536317035749 2593.9
25940 0.9829614686210927 2594
25941 0.9829693446365747 2594.1
25942 0.9829772591555089 2594.2
25943 0.9829852111964604 2594.3
25944 0.9829931996163964 2594.4
25945 0.9830012231965076 2594.5
25946 0.9830092807013073 2594.6
25947 0.9830173708786738 2594.7
25948 0.9830254924384559 2594.8
25949 0.9830336440488071 2594.9
25950 0.9830418242674955 2595
25951 0.9830500315664404 2595.1
25952 0.9830582642915389 2595.2
25953 0.9830665205577681 2595.3
25954 0.9830747983746149 2595.4
25955 0.9830830956364691 2595.5
25956 0.9830914101176118 2595.6
25957 0.9830997143446694 2595.7
25958 0.9831080034389802 2595.8
25959 0.9831162922849065 2595.9
25960 0.9831245939014219 2596
25961 0.9831329111207711 2596.1
25962 0.9831412200808802 2596.2
25963 0.9831495301767849 2596.3
25964 0.9831578392462245 2596.4
25965 0.9831661449716781 2596.5
25966 0.9831744451047454 2596.6
25967 0.9831827374668779 2596.7
25968 0.9831910199627701 2596.8
25969 0.983199290594459 2596.9
25970 0.9832075474852225 2597
25971 0.9832157888985384 2597.1
25972 0.9832240132536014 2597.2
25973 0.9832322191246682 2597.3
25974 0.9832404052346055 2597.4
25975 0.9832485704805585 2597.5
25976 0.9832566980852163 2597.6
25977 0.9832647549414786 2597.7
25978 0.9832727900174629 2597.8
25979 0.9832808027257842 2597.9
25980 0.9832887926319203 2598
25981 0.9832967594505729 2598.1
25982 0.9833047032716583 2598.2
25983 0.9833126242160497 2598.3
25984 0.9833205223629384 2598.4
25985 0.9833283979738342 2598.5
25986 0.9833362514960954 2598.6
25987 0.9833440835203378 2598.7
25988 0.9833518947265474 2598.8
25989 0.9833595071168947 2598.9
25990 0.9833669937678996 2599
25991 0.9833744876984316 2599.1
25992 0.9833819884295949 2599.2
25993 0.9833894953778926 2599.3
25994 0.9833970079563433 2599.4
25995 0.9834045256386316 2599.5
25996 0.9834120479988787 2599.6
25997 0.9834195747232565 2599.7
25998 0.9834271056164189 2599.8
25999 0.9834346406079963 2599.9
26000 0.9834421797419769 2600
26001 0.9834497231493996 2600.1
26002 0.983457271047273 2600.2
26003 0.9834648237308135 2600.3
26004 0.9834723815618194 2600.4
26005 0.9834799449286458 2600.5
26006 0.9834875142497688 2600.6
26007 0.9834950900144944 2600.7
26008 0.9835026726983449 2600.8
26009 0.9835102504647163 2600.9
26010 0.9835177552228191 2601
26011 0.9835252756440238 2601.1
26012 0.9835328113049051 2601.2
26013 0.9835403616778318 2601.3
26014 0.983547926253494 2601.4
26015 0.9835555045734955 2601.5
26016 0.9835630962204366 2601.6
26017 0.9835707008128091 2601.7
26018 0.9835783179890547 2601.8
26019 0.9835859473945296 2601.9
26020 0.9835935886691568 2602
26021 0.9836012414365342 2602.1
26022 0.9836089052924152 2602.2
26023 0.9836165797956592 2602.3
26024 0.9836242644637531 2602.4
26025 0.9836319587690804 2602.5
26026 0.9836396621357724 2602.6
26027 0.9836473739405077 2602.7
26028 0.9836550935152273 2602.8
26029 0.9836628201839976 2602.9
26030 0.9836705532811598 2603
26031 0.9836782922935119 2603.1
26032 0.9836860366915849 2603.2
26033 0.9836937859160014 2603.3
26034 0.9837015163604589 2603.4
26035 0.9837092279718583 2603.5
26036 0.9837169445929759 2603.6
26037 0.9837246653498524 2603.7
26038 0.9837323893944185 2603.8
26039 0.9837401159246558 2603.9
26040 0.9837478441926215 2604
26041 0.9837555735110316 2604.1
26042 0.9837633032401411 2604.2
26043 0.9837710327961146 2604.3
26044 0.9837787616646038 2604.4
26045 0.983786379684441 2604.5
26046 0.9837940023502074 2604.6
26047 0.9838016298215364 2604.7
26048 0.9838092616854458 2604.8
26049 0.9838168973905954 2604.9
26050 0.9838245363580831 2605
26051 0.9838321780459792 2605.1
26052 0.9838398219855072 2605.2
26053 0.9838474678002436 2605.3
26054 0.9838551152135958 2605.4
26055 0.9838627640503362 2605.5
26056 0.9838704142334572 2605.6
26057 0.9838780657792944 2605.7
26058 0.9838857188014621 2605.8
26059 0.9838933735302287 2605.9
26060 0.9839010303056355 2606
26061 0.9839086894629895 2606.1
26062 0.9839163513780157 2606.2
26063 0.9839240164767558 2606.3
26064 0.9839316852305294 2606.4
26065 0.9839392901286614 2606.5
26066 0.9839467258561464 2606.6
26067 0.98395418297465 2606.7
26068 0.9839616610011073 2606.8
26069 0.9839691594492207 2606.9
26070 0.9839766777242448 2607
26071 0.9839842152733447 2607.1
26072 0.9839917718348329 2607.2
26073 0.9839993471002423 2607.3
26074 0.9840069409394249 2607.4
26075 0.9840145533921293 2607.5
26076 0.9840221846477853 2607.6
26077 0.9840298350217539 2607.7
26078 0.9840375049303028 2607.8
26079 0.9840451948633208 2607.9
26080 0.9840529053630621 2608
26081 0.9840606370049796 2608.1
26082 0.9840683903635187 2608.2
26083 0.9840761660187426 2608.3
26084 0.9840839645251391 2608.4
26085 0.9840917863769 2608.5
26086 0.9840996320307158 2608.6
26087 0.9841075019076386 2608.7
26088 0.9841153842880936 2608.8
26089 0.9841232347805922 2608.9
26090 0.984131121142549 2609
26091 0.9841390429049166 2609.1
26092 0.9841469994385178 2609.2
26093 0.9841549638154469 2609.3
26094 0.9841628692063894 2609.4
26095 0.9841708069849169 2609.5
26096 0.984178782801962 2609.6
26097 0.9841867946818085 2609.7
26098 0.9841948404546903 2609.8
26099 0.9842028238348238 2609.9
26100 0.9842107396303322 2610
26101 0.9842186263958 2610.1
26102 0.984226520809755 2610.2
26103 0.9842344421728015 2610.3
26104 0.9842423915440119 2610.4
26105 0.9842503025454116 2610.5
26106 0.9842581010818749 2610.6
26107 0.9842659276842055 2610.7
26108 0.9842737890688968 2610.8
26109 0.9842816839815007 2610.9
26110 0.9842896107311384 2611
26111 0.9842975672446814 2611.1
26112 0.9843055511455727 2611.2
26113 0.9843135460638609 2611.3
26114 0.9843214630824018 2611.4
26115 0.9843293877916115 2611.5
26116 0.9843373186736286 2611.6
26117 0.9843452539612265 2611.7
26118 0.9843531917530123 2611.8
26119 0.9843611300936542 2611.9
26120 0.9843690671695026 2612
26121 0.9843770012256788 2612.1
26122 0.9843849304675437 2612.2
26123 0.9843928530747468 2612.3
26124 0.9844007672432844 2612.4
26125 0.9844086712275788 2612.5
26126 0.984416563358073 2612.6
26127 0.9844244420644205 2612.7
26128 0.9844323058910687 2612.8
26129 0.9844401535065262 2612.9
26130 0.9844479837087085 2613
26131 0.9844557954261591 2613.1
26132 0.9844635876848534 2613.2
26133 0.9844713596485731 2613.3
26134 0.9844791106110211 2613.4
26135 0.9844865308543392 2613.5
26136 0.9844938786075339 2613.6
26137 0.9845012267652512 2613.7
26138 0.9845085750536786 2613.8
26139 0.9845159303080226 2613.9
26140 0.9845232902990294 2614
26141 0.9845306527881137 2614.1
26142 0.9845380155924468 2614.2
26143 0.9845453766455511 2614.3
26144 0.9845527340418142 2614.4
26145 0.9845600181321597 2614.5
26146 0.9845669070403514 2614.6
26147 0.9845736967726061 2614.7
26148 0.984580513244674 2614.8
26149 0.9845873527972575 2614.9
26150 0.9845942111740048 2615
26151 0.9846010806221962 2615.1
26152 0.9846079274402921 2615.2
26153 0.9846147817434395 2615.3
26154 0.9846216404966134 2615.4
26155 0.9846285011678313 2615.5
26156 0.9846353616853679 2615.6
26157 0.9846422203811666 2615.7
26158 0.9846490759444561 2615.8
26159 0.9846559273437222 2615.9
26160 0.9846627737702363 2616
26161 0.9846693398175134 2616.1
26162 0.9846759191880906 2616.2
26163 0.9846825133005427 2616.3
26164 0.9846891158078324 2616.4
26165 0.9846957280011965 2616.5
26166 0.9847020342757675 2616.6
26167 0.9847082527692589 2616.7
26168 0.9847145080987194 2616.8
26169 0.9847207973336436 2616.9
26170 0.9847271166588489 2617
26171 0.9847334620735979 2617.1
26172 0.9847398298263872 2617.2
26173 0.9847462166006108 2617.3
26174 0.9847526195685761 2617.4
26175 0.9847590363636854 2617.5
26176 0.9847654480728487 2617.6
26177 0.9847718410775717 2617.7
26178 0.9847777698459813 2617.8
26179 0.9847836756538038 2617.9
26180 0.9847895498189091 2618
26181 0.9847954302802315 2618.1
26182 0.9848013524843144 2618.2
26183 0.9848073129598751 2618.3
26184 0.9848133081842224 2618.4
26185 0.9848193349452453 2618.5
26186 0.9848248164112499 2618.6
26187 0.9848302835523453 2618.7
26188 0.9848357911705401 2618.8
26189 0.9848413379161544 2618.9
26190 0.984846922552874 2619
26191 0.9848525439376922 2619.1
26192 0.9848582010187881 2619.2
26193 0.984863892832445 2619.3
26194 0.9848696184989451 2619.4
26195 0.9848753772175723 2619.5
26196 0.9848811682631337 2619.6
26197 0.9848869909816621 2619.7
26198 0.984892844786734 2619.8
26199 0.9848987291527873 2619.9
26200 0.984904643609131 2620
26201 0.9849105770058963 2620.1
26202 0.984916515605885 2620.2
26203 0.9849224843809811 2620.3
26204 0.98492848297194 2620.4
26205 0.9849345110658766 2620.5
26206 0.9849405684302193 2620.6
26207 0.9849466549261663 2620.7
26208 0.9849527704909169 2620.8
26209 0.984958915094917 2620.9
26210 0.9849650887732171 2621
26211 0.9849712916345859 2621.1
26212 0.9849775238487722 2621.2
26213 0.9849837858170504 2621.3
26214 0.9849900779118609 2621.4
26215 0.9849964004416626 2621.5
26216 0.9850027537475169 2621.6
26217 0.9850091381991821 2621.7
26218 0.9850155541828236 2621.8
26219 0.9850220021048375 2621.9
26220 0.9850284823774997 2622
26221 0.9850349954143577 2622.1
26222 0.9850415416152327 2622.2
26223 0.9850481213677585 2622.3
26224 0.9850547350286624 2622.4
26225 0.9850613829117044 2622.5
26226 0.9850680652897728 2622.6
26227 0.9850747823832129 2622.7
26228 0.9850815343573232 2622.8
26229 0.9850883212999084 2622.9
26230 0.9850951431760506 2623
26231 0.9851019998410162 2623.1
26232 0.9851088549581117 2623.2
26233 0.9851157416913349 2623.3
26234 0.9851226602971012 2623.4
26235 0.9851296105380698 2623.5
26236 0.9851365919959891 2623.6
26237 0.9851436041431554 2623.7
26238 0.9851506463391638 2623.8
26239 0.9851577178483056 2623.9
26240 0.9851648178525118 2624
26241 0.9851719454391674 2624.1
26242 0.9851790608973865 2624.2
26243 0.9851861911345752 2624.3
26244 0.9851933424692849 2624.4
26245 0.9852005142598875 2624.5
26246 0.9852077064837835 2624.6
26247 0.9852149184560324 2624.7
26248 0.9852221495164306 2624.8
26249 0.9852293990566913 2624.9
26250 0.9852366664775526 2625
26251 0.9852439511794506 2625.1
26252 0.985251252557374 2625.2
26253 0.9852585622153323 2625.3
26254 0.9852657949270619 2625.4
26255 0.9852730353172366 2625.5
26256 0.985280283505949 2625.6
26257 0.9852875395953621 2625.7
26258 0.98529480365505 2625.8
26259 0.9853020756986516 2625.9
26260 0.98530935568491 2626
26261 0.9853166435418046 2626.1
26262 0.9853239391683999 2626.2
26263 0.9853312424450109 2626.3
26264 0.9853385532366217 2626.4
26265 0.9853458714024887 2626.5
26266 0.9853531968019797 2626.6
26267 0.9853605293130805 2626.7
26268 0.9853678689026327 2626.8
26269 0.9853752153776283 2626.9
26270 0.9853825685661086 2627
26271 0.9853899282946788 2627.1
26272 0.9853972943644944 2627.2
26273 0.9854046665450925 2627.3
26274 0.9854117156078097 2627.4
26275 0.9854187472053034 2627.5
26276 0.9854258115111156 2627.6
26277 0.9854329068687734 2627.7
26278 0.9854400314411619 2627.8
26279 0.9854471834054391 2627.9
26280 0.9854543608241645 2628
26281 0.9854615617104331 2628.1
26282 0.9854687840569903 2628.2
26283 0.9854760258738759 2628.3
26284 0.985483285195551 2628.4
26285 0.9854905600943518 2628.5
26286 0.9854977909061445 2628.6
26287 0.985505006228813 2628.7
26288 0.985512207692913 2628.8
26289 0.9855193930240569 2628.9
26290 0.9855265923157326 2629
26291 0.9855338044477276 2629.1
26292 0.9855410282354294 2629.2
26293 0.9855482625098466 2629.3
26294 0.9855555061691658 2629.4
26295 0.9855627581640076 2629.5
26296 0.9855700174960538 2629.6
26297 0.9855772832169479 2629.7
26298 0.985584554426292 2629.8
26299 0.9855918302683484 2629.9
26300 0.985599109931663 2630
26301 0.9856063926572773 2630.1
26302 0.9856136777373908 2630.2
26303 0.9856209645166245 2630.3
26304 0.9856282524118392 2630.4
26305 0.9856355409696516 2630.5
26306 0.985642829769818 2630.6
26307 0.9856501183920807 2630.7
26308 0.9856574064288389 2630.8
26309 0.9856646935026386 2630.9
26310 0.9856719792781797 2631
26311 0.9856792634687271 2631.1
26312 0.985686545836628 2631.2
26313 0.9856938261946931 2631.3
26314 0.9857011044003092 2631.4
26315 0.9857083803504826 2631.5
26316 0.9857155920311549 2631.6
26317 0.9857226745468028 2631.7
26318 0.9857297579271888 2631.8
26319 0.9857368427314921 2631.9
26320 0.9857439289564057 2632
26321 0.9857510162889882 2632.1
26322 0.9857581042842766 2632.2
26323 0.9857651924629751 2632.3
26324 0.9857722803450477 2632.4
26325 0.985779367478345 2632.5
26326 0.9857864534229756 2632.6
26327 0.9857935377433008 2632.7
26328 0.9858004935284664 2632.8
26329 0.9858074260042872 2632.9
26330 0.9858143645371591 2633
26331 0.9858213078482136 2633.1
26332 0.9858282545404332 2633.2
26333 0.9858352031791299 2633.3
26334 0.985842152344052 2633.4
26335 0.9858491007738054 2633.5
26336 0.9858560472048155 2633.6
26337 0.9858627758267228 2633.7
26338 0.9858694159400373 2633.8
26339 0.9858760775258358 2633.9
26340 0.9858827583111334 2634
26341 0.9858894558370197 2634.1
26342 0.9858961677712721 2634.2
26343 0.9859028915742249 2634.3
26344 0.9859096248604244 2634.4
26345 0.985916365420894 2634.5
26346 0.9859231112331046 2634.6
26347 0.9859298604522602 2634.7
26348 0.9859366114527018 2634.8
26349 0.985943362817815 2634.9
26350 0.9859501133019684 2635
26351 0.9859568618175433 2635.1
26352 0.9859636074286818 2635.2
26353 0.9859703493484893 2635.3
26354 0.9859769925177626 2635.4
26355 0.9859836086824603 2635.5
26356 0.9859901996208659 2635.6
26357 0.9859967404142778 2635.7
26358 0.9860032883990032 2635.8
26359 0.9860098427379793 2635.9
26360 0.9860163880869226 2636
26361 0.9860228782777781 2636.1
26362 0.986029376513552 2636.2
26363 0.9860358818678305 2636.3
26364 0.9860423934603454 2636.4
26365 0.9860489105232865 2636.5
26366 0.9860554324286454 2636.6
26367 0.9860619586956422 2636.7
26368 0.9860684889901263 2636.8
26369 0.9860750231113193 2636.9
26370 0.9860815609818687 2637
26371 0.9860881026434539 2637.1
26372 0.9860946482480519 2637.2
26373 0.9861011980376906 2637.3
26374 0.9861077523330805 2637.4
26375 0.9861143115210838 2637.5
26376 0.9861208760435921 2637.6
26377 0.9861274463885814 2637.7
26378 0.9861340230809139 2637.8
26379 0.9861406066765271 2637.9
26380 0.9861471977596235 2638
26381 0.9861537969379369 2638.1
26382 0.9861604048218626 2638.2
26383 0.986167022024997 2638.3
26384 0.9861736491636118 2638.4
26385 0.9861802868486539 2638.5
26386 0.9861869356987586 2638.6
26387 0.9861935963310271 2638.7
26388 0.986200218422269 2638.8
26389 0.9862068416772324 2638.9
26390 0.9862134820514621 2639
26391 0.986220139706855 2639.1
26392 0.9862268147864236 2639.2
26393 0.9862335074439518 2639.3
26394 0.9862402178486032 2639.4
26395 0.9862469461910945 2639.5
26396 0.9862536926610534 2639.6
26397 0.9862604574388069 2639.7
26398 0.9862672406920494 2639.8
26399 0.9862740425737393 2639.9
26400 0.9862808632206504 2640
26401 0.9862877027529456 2640.1
26402 0.986294561274803 2640.2
26403 0.9863014388759634 2640.3
26404 0.9863083356325025 2640.4
26405 0.9863152516105866 2640.5
26406 0.9863221868689329 2640.6
26407 0.9863291414546261 2640.7
26408 0.9863361154030449 2640.8
26409 0.9863431087378234 2640.9
26410 0.9863501214694995 2641
26411 0.9863571535950397 2641.1
26412 0.9863642050979526 2641.2
26413 0.9863712759475993 2641.3
26414 0.9863783660815117 2641.4
26415 0.98638547541356 2641.5
26416 0.986392603838306 2641.6
26417 0.9863997512274947 2641.7
26418 0.9864069174263396 2641.8
26419 0.9864141022550957 2641.9
26420 0.9864213055073267 2642
26421 0.9864285269800089 2642.1
26422 0.9864357664548563 2642.2
26423 0.986443023644595 2642.3
26424 0.9864502982070077 2642.4
26425 0.9864574774979636 2642.5
26426 0.9864646617993911 2642.6
26427 0.986471778961117 2642.7
26428 0.9864789081091172 2642.8
26429 0.9864860547269799 2642.9
26430 0.9864932201554114 2643
26431 0.9865004054215201 2643.1
26432 0.9865076112729833 2643.2
26433 0.9865148382471964 2643.3
26434 0.9865220866960929 2643.4
26435 0.9865293568151597 2643.5
26436 0.9865366486667316 2643.6
26437 0.9865439621988152 2643.7
26438 0.9865512086570652 2643.8
26439 0.9865584479796965 2643.9
26440 0.9865656811458121 2644
26441 0.9865729294376364 2644.1
26442 0.9865801929909899 2644.2
26443 0.9865874719602321 2644.3
26444 0.9865947664505401 2644.4
26445 0.9866020764546186 2644.5
26446 0.9866094018277667 2644.6
26447 0.9866167422789006 2644.7
26448 0.9866240973907626 2644.8
26449 0.9866314666519308 2644.9
26450 0.9866388494948521 2645
26451 0.9866462453226463 2645.1
26452 0.9866536534780658 2645.2
26453 0.9866610733611884 2645.3
26454 0.9866685044109276 2645.4
26455 0.9866759460930693 2645.5
26456 0.9866833978954588 2645.6
26457 0.9866908593214107 2645.7
26458 0.986698329889615 2645.8
26459 0.9867058091319775 2645.9
26460 0.9867132964479521 2646
26461 0.9867207913148998 2646.1
26462 0.986728293307913 2646.2
26463 0.9867357178730907 2646.3
26464 0.9867431258701199 2646.4
26465 0.9867505339609841 2646.5
26466 0.9867579320857117 2646.6
26467 0.9867652935944894 2646.7
26468 0.9867726532652382 2646.8
26469 0.9867797734316642 2646.9
26470 0.9867869069982087 2647
26471 0.9867940536246959 2647.1
26472 0.9868012125180992 2647.2
26473 0.9868083829384775 2647.3
26474 0.9868155637960834 2647.4
26475 0.9868227540098393 2647.5
26476 0.9868299525877623 2647.6
26477 0.9868371400439608 2647.7
26478 0.9868443277124317 2647.8
26479 0.9868515269226935 2647.9
26480 0.9868587374146406 2648
26481 0.9868659588769171 2648.1
26482 0.9868731909983065 2648.2
26483 0.9868804333224945 2648.3
26484 0.9868876433096492 2648.4
26485 0.9868948345041457 2648.5
26486 0.9869017988252599 2648.6
26487 0.9869087675406427 2648.7
26488 0.9869157319943392 2648.8
26489 0.986922696461094 2648.9
26490 0.9869296765981636 2649
26491 0.9869366713122091 2649.1
26492 0.986943679338404 2649.2
26493 0.9869506993301148 2649.3
26494 0.9869577299225331 2649.4
26495 0.9869647697834498 2649.5
26496 0.9869718176458322 2649.6
26497 0.9869788722849956 2649.7
26498 0.9869859135307224 2649.8
26499 0.9869929511803645 2649.9
26500 0.9869999230389496 2650
26501 0.9870068384639741 2650.1
26502 0.9870137665975004 2650.2
26503 0.9870207061347045 2650.3
26504 0.987027655608897 2650.4
26505 0.9870346134607588 2650.5
26506 0.9870415780851166 2650.6
26507 0.9870485479262773 2650.7
26508 0.9870555215232764 2650.8
26509 0.987062497527977 2650.9
26510 0.9870694747390789 2651
26511 0.9870764521197882 2651.1
26512 0.9870834287201206 2651.2
26513 0.9870903848128899 2651.3
26514 0.9870972878142646 2651.4
26515 0.9871041840651507 2651.5
26516 0.9871110733231683 2651.6
26517 0.9871179556260119 2651.7
26518 0.9871248312968762 2651.8
26519 0.9871317006500978 2651.9
26520 0.9871385640188135 2652
26521 0.9871453661335304 2652.1
26522 0.9871519693070833 2652.2
26523 0.9871585852539443 2652.3
26524 0.9871652130779703 2652.4
26525 0.9871718515067888 2652.5
26526 0.9871784991271394 2652.6
26527 0.9871851544851672 2652.7
26528 0.9871918161802429 2652.8
26529 0.9871984829248809 2652.9
26530 0.9872051535864408 2653
26531 0.9872118272055298 2653.1
26532 0.9872185032033683 2653.2
26533 0.9872251810197832 2653.3
26534 0.9872318601425839 2653.4
26535 0.9872385401626971 2653.5
26536 0.9872452207892951 2653.6
26537 0.9872517396128944 2653.7
26538 0.9872582419581256 2653.8
26539 0.9872647594635491 2653.9
26540 0.9872712912818216 2654
26541 0.9872778364129505 2654.1
26542 0.9872843938769889 2654.2
26543 0.9872909628203668 2654.3
26544 0.9872975424773939 2654.4
26545 0.987304132149123 2654.5
26546 0.9873107312024161 2654.6
26547 0.9873173390699824 2654.7
26548 0.9873238141490831 2654.8
26549 0.9873302351304126 2654.9
26550 0.9873366762520727 2655
26551 0.9873431353923808 2655.1
26552 0.9873496104610762 2655.2
26553 0.9873560995573829 2655.3
26554 0.9873624898935068 2655.4
26555 0.9873688444585358 2655.5
26556 0.9873752207886599 2655.6
26557 0.9873816174082536 2655.7
26558 0.9873880327337068 2655.8
26559 0.9873944652178711 2655.9
26560 0.9874009134375569 2656
26561 0.9874073761388108 2656.1
26562 0.9874138522565693 2656.2
26563 0.9874203409184991 2656.3
26564 0.9874268414319454 2656.4
26565 0.9874333532687664 2656.5
26566 0.9874398760460301 2656.6
26567 0.9874464095093642 2656.7
26568 0.98745284979588 2656.8
26569 0.9874592612648766 2656.9
26570 0.9874656938954062 2657
26571 0.9874721469333226 2657.1
26572 0.9874786195720741 2657.2
26573 0.987485111021026 2657.3
26574 0.9874916204627695 2657.4
26575 0.9874981471159856 2657.5
26576 0.987504690238047 2657.6
26577 0.9875112491173282 2657.7
26578 0.9875178230618081 2657.8
26579 0.9875244113852308 2657.9
26580 0.9875310133968273 2658
26581 0.987537628384496 2658.1
26582 0.9875442556015974 2658.2
26583 0.9875508942904754 2658.3
26584 0.987557543673789 2658.4
26585 0.9875642029519299 2658.5
26586 0.9875708712988178 2658.6
26587 0.987577547856474 2658.7
26588 0.9875842317276344 2658.8
26589 0.9875909219772729 2658.9
26590 0.9875976176331082 2659
26591 0.9876041177138132 2659.1
26592 0.9876104798596042 2659.2
26593 0.9876168651467535 2659.3
26594 0.9876232730669003 2659.4
26595 0.9876296859802769 2659.5
26596 0.9876360816306631 2659.6
26597 0.9876425010825778 2659.7
26598 0.9876489424177445 2659.8
26599 0.9876554036112256 2659.9
26600 0.9876618827082969 2660
26601 0.9876683778497876 2660.1
26602 0.9876748872303037 2660.2
26603 0.9876814090754288 2660.3
26604 0.9876879416396402 2660.4
26605 0.9876944832086988 2660.5
26606 0.9877010321157863 2660.6
26607 0.9877075287874996 2660.7
26608 0.9877139962470468 2660.8
26609 0.9877204698015127 2660.9
26610 0.9877269228581024 2661
26611 0.9877330043896856 2661.1
26612 0.9877391137479227 2661.2
26613 0.9877452493058181 2661.3
26614 0.987751407965472 2661.4
26615 0.9877574969430165 2661.5
26616 0.9877635417929933 2661.6
26617 0.9877695968907434 2661.7
26618 0.9877756599742542 2661.8
26619 0.9877817289710302 2661.9
26620 0.9877878020624142 2662
26621 0.9877938776907165 2662.1
26622 0.9877995873317369 2662.2
26623 0.9878052003494403 2662.3
26624 0.9878108419370205 2662.4
26625 0.9878164448718921 2662.5
26626 0.9878220164837523 2662.6
26627 0.9878276154191364 2662.7
26628 0.9878332384024449 2662.8
26629 0.9878388824504207 2662.9
26630 0.9878443275556408 2663
26631 0.987849440994594 2663.1
26632 0.9878545827015263 2663.2
26633 0.9878597516410742 2663.3
26634 0.9878649469120548 2663.4
26635 0.9878701667512286 2663.5
26636 0.9878750837075456 2663.6
26637 0.9878800491304638 2663.7
26638 0.9878850615196105 2663.8
26639 0.9878901191473556 2663.9
26640 0.98789522023345 2664
26641 0.9879003616532472 2664.1
26642 0.9879055014784497 2664.2
26643 0.9879106075114933 2664.3
26644 0.9879157563397696 2664.4
26645 0.9879209460228525 2664.5
26646 0.9879261746809095 2664.6
26647 0.98793144061997 2664.7
26648 0.9879367423170324 2664.8
26649 0.9879420784037755 2664.9
26650 0.9879474476524678 2665
26651 0.9879528489614039 2665.1
26652 0.9879582813406378 2665.2
26653 0.9879637438975408 2665.3
26654 0.9879692324728253 2665.4
26655 0.9879747187140027 2665.5
26656 0.9879802295785653 2665.6
26657 0.9879857645761263 2665.7
26658 0.987991323308418 2665.8
26659 0.9879969054397787 2665.9
26660 0.9880025106774483 2666
26661 0.9880081387725749 2666.1
26662 0.9880137894993295 2666.2
26663 0.9880194626433424 2666.3
26664 0.9880251580105395 2666.4
26665 0.9880308754180553 2666.5
26666 0.9880366147023959 2666.6
26667 0.9880423757251275 2666.7
26668 0.9880481583656862 2666.8
26669 0.9880539625143763 2666.9
26670 0.9880597880641564 2667
26671 0.9880656349167924 2667.1
26672 0.9880715029787436 2667.2
26673 0.9880773921563692 2667.3
26674 0.9880833023572776 2667.4
26675 0.988089233489832 2667.5
26676 0.9880951854622019 2667.6
26677 0.9881011581819892 2667.7
26678 0.9881071515505622 2667.8
26679 0.9881131654618778 2667.9
26680 0.988119199800393 2668
26681 0.9881252544403399 2668.1
26682 0.9881313292445135 2668.2
26683 0.9881374240639089 2668.3
26684 0.9881435387380614 2668.4
26685 0.9881496730962879 2668.5
26686 0.9881558269592696 2668.6
26687 0.9881620001757351 2668.7
26688 0.9881681926136017 2668.8
26689 0.9881744041139198 2668.9
26690 0.9881806345028338 2669
26691 0.9881868836163019 2669.1
26692 0.988193151316228 2669.2
26693 0.9881994374603348 2669.3
26694 0.988205741871809 2669.4
26695 0.9882120643426081 2669.5
26696 0.9882184046363796 2669.6
26697 0.9882247624957133 2669.7
26698 0.9882311376570269 2669.8
26699 0.9882375298748005 2669.9
26700 0.9882438691622838 2670
26701 0.988250203304246 2670.1
26702 0.988256549749617 2670.2
26703 0.9882629088978011 2670.3
26704 0.9882692810103815 2670.4
26705 0.9882756663468386 2670.5
26706 0.9882820651370453 2670.6
26707 0.9882884775636083 2670.7
26708 0.9882949037497573 2670.8
26709 0.9883013437593343 2670.9
26710 0.9883077975942962 2671
26711 0.9883142651950595 2671.1
26712 0.9883207464588092 2671.2
26713 0.9883272412235209 2671.3
26714 0.9883337492759491 2671.4
26715 0.9883402703240589 2671.5
26716 0.9883468039973885 2671.6
26717 0.9883533499021758 2671.7
26718 0.9883599075152831 2671.8
26719 0.9883664762275104 2671.9
26720 0.988373025026824 2672
26721 0.9883794181533541 2672.1
26722 0.9883858308810295 2672.2
26723 0.988392262420597 2672.3
26724 0.9883987114345315 2672.4
26725 0.9884051762494342 2672.5
26726 0.9884116550720653 2672.6
26727 0.9884181460632072 2672.7
26728 0.9884246476253667 2672.8
26729 0.9884311579708823 2672.9
26730 0.9884376753951929 2673
26731 0.9884441982902871 2673.1
26732 0.9884507251489956 2673.2
26733 0.9884572545658483 2673.3
26734 0.9884637852303639 2673.4
26735 0.9884703159215351 2673.5
26736 0.9884768455024449 2673.6
26737 0.9884833425892102 2673.7
26738 0.9884898248075263 2673.8
26739 0.9884963039154889 2673.9
26740 0.9885027790140974 2674
26741 0.9885092492446066 2674.1
26742 0.9885157047116504 2674.2
26743 0.988522021420479 2674.3
26744 0.9885283443735229 2674.4
26745 0.9885346721655385 2674.5
26746 0.9885409936274973 2674.6
26747 0.9885472852641 2674.7
26748 0.9885535760802919 2674.8
26749 0.9885598649790639 2674.9
26750 0.9885661509986613 2675
26751 0.9885724332933371 2675.1
26752 0.9885787111106895 2675.2
26753 0.9885849837848484 2675.3
26754 0.9885912507318079 2675.4
26755 0.9885975114470924 2675.5
26756 0.9886037655035063 2675.6
26757 0.9886100125448769 2675.7
26758 0.9886162522850929 2675.8
26759 0.9886224845050597 2675.9
26760 0.9886287090506417 2676
26761 0.9886349258307242 2676.1
26762 0.9886411348136673 2676.2
26763 0.9886473360291945 2676.3
26764 0.9886535295934018 2676.4
26765 0.9886597156329773 2676.5
26766 0.9886658943100897 2676.6
26767 0.9886720658152093 2676.7
26768 0.9886782303891484 2676.8
26769 0.9886843883520481 2676.9
26770 0.9886905400706 2677
26771 0.9886966860001717 2677.1
26772 0.9887028266015945 2677.2
26773 0.9887088810822727 2677.3
26774 0.9887148119467951 2677.4
26775 0.9887206654440701 2677.5
26776 0.9887264443953678 2677.6
26777 0.9887322320729073 2677.7
26778 0.9887380380147781 2677.8
26779 0.9887438693665702 2677.9
26780 0.9887497241995858 2678
26781 0.9887556007690874 2678.1
26782 0.9887614975549027 2678.2
26783 0.9887674132711409 2678.3
26784 0.9887733468554056 2678.4
26785 0.9887792974521991 2678.5
26786 0.9887852643884913 2678.6
26787 0.9887912471460834 2678.7
26788 0.9887972453391562 2678.8
26789 0.9888032586894311 2678.9
26790 0.9888092870049962 2679
26791 0.988815330159169 2679.1
26792 0.9888213880732825 2679.2
26793 0.9888273085262173 2679.3
26794 0.9888332510746232 2679.4
26795 0.9888392189363437 2679.5
26796 0.9888452114198293 2679.6
26797 0.9888512277662808 2679.7
26798 0.9888572671828315 2679.8
26799 0.9888633289004261 2679.9
26800 0.9888694121620892 2680
26801 0.9888755162289219 2680.1
26802 0.9888816403883557 2680.2
26803 0.9888877839472008 2680.3
26804 0.9888939462369594 2680.4
26805 0.9889001266204835 2680.5
26806 0.9889063244955242 2680.6
26807 0.9889125392814148 2680.7
26808 0.9889187704247269 2680.8
26809 0.9889250173991422 2680.9
26810 0.9889312797031671 2681
26811 0.9889375568555906 2681.1
26812 0.9889438483847223 2681.2
26813 0.9889501538266349 2681.3
26814 0.9889564726248652 2681.4
26815 0.9889627781422743 2681.5
26816 0.9889690904319203 2681.6
26817 0.9889754170925065 2681.7
26818 0.9889817582207284 2681.8
26819 0.9889881138843087 2681.9
26820 0.988994481648087 2682
26821 0.9890007692243962 2682.1
26822 0.9890070648563406 2682.2
26823 0.9890133691778048 2682.3
26824 0.9890196647331271 2682.4
26825 0.9890259619262591 2682.5
26826 0.9890322746214566 2682.6
26827 0.9890386029622531 2682.7
26828 0.9890449469830191 2682.8
26829 0.9890513066158443 2682.9
26830 0.9890576817015566 2683
26831 0.9890640719969112 2683.1
26832 0.9890704771905448 2683.2
26833 0.9890768969093877 2683.3
26834 0.9890833307239978 2683.4
26835 0.9890897701034547 2683.5
26836 0.9890961897893592 2683.6
26837 0.9891025853571735 2683.7
26838 0.9891089545120232 2683.8
26839 0.9891153197493919 2683.9
26840 0.9891216924856121 2684
26841 0.9891280724628517 2684.1
26842 0.9891344593282931 2684.2
26843 0.9891408526404633 2684.3
26844 0.9891472519290885 2684.4
26845 0.989153656819394 2684.5
26846 0.9891600670056818 2684.6
26847 0.9891664819401438 2684.7
26848 0.9891729010582907 2684.8
26849 0.9891793237938959 2684.9
26850 0.9891857496709833 2685
26851 0.989192178217596 2685.1
26852 0.9891986089070421 2685.2
26853 0.9892050411817738 2685.3
26854 0.9892114745164925 2685.4
26855 0.9892179083700867 2685.5
26856 0.9892243421967696 2685.6
26857 0.9892307754650844 2685.7
26858 0.9892372076656014 2685.8
26859 0.9892436383150538 2685.9
26860 0.9892500669584816 2686
26861 0.989256493170513 2686.1
26862 0.9892629165480548 2686.2
26863 0.9892693367157499 2686.3
26864 0.9892757534807203 2686.4
26865 0.9892821665578313 2686.5
26866 0.9892885756818863 2686.6
26867 0.9892949597782321 2686.7
26868 0.9893012737983439 2686.8
26869 0.9893075863375074 2686.9
26870 0.9893138970776083 2687
26871 0.9893202054928006 2687.1
26872 0.9893265110035051 2687.2
26873 0.9893328135244344 2687.3
26874 0.9893391127741816 2687.4
26875 0.9893454083927542 2687.5
26876 0.9893517000933033 2687.6
26877 0.989357987650533 2687.7
26878 0.989364270889095 2687.8
26879 0.9893705496760496 2687.9
26880 0.9893768239148152 2688
26881 0.989383093540775 2688.1
26882 0.9893893585174046 2688.2
26883 0.9893956188322648 2688.3
26884 0.9894018744611559 2688.4
26885 0.9894081253559093 2688.5
26886 0.989414371561345 2688.6
26887 0.989420613184017 2688.7
26888 0.9894266979321666 2688.8
26889 0.9894327308918154 2688.9
26890 0.9894387730229491 2689
26891 0.9894448238005866 2689.1
26892 0.9894508825162607 2689.2
26893 0.9894569483747402 2689.3
26894 0.9894630206035081 2689.4
26895 0.9894690828067813 2689.5
26896 0.9894750914920459 2689.6
26897 0.9894811100815681 2689.7
26898 0.9894871374990698 2689.8
26899 0.9894931727575522 2689.9
26900 0.9894992149992218 2690
26901 0.9895052635008702 2690.1
26902 0.9895113176734348 2690.2
26903 0.9895173770492877 2690.3
26904 0.9895234412669078 2690.4
26905 0.9895295100553959 2690.5
26906 0.9895355832193736 2690.6
26907 0.9895416606323508 2690.7
26908 0.9895477422332086 2690.8
26909 0.9895538253982563 2690.9
26910 0.9895597928921338 2691
26911 0.9895657584351952 2691.1
26912 0.9895717374267382 2691.2
26913 0.989577729471826 2691.3
26914 0.9895837341569148 2691.4
26915 0.9895897510670445 2691.5
26916 0.9895957797965618 2691.6
26917 0.9896018199462134 2691.7
26918 0.9896078711481697 2691.8
26919 0.9896139330674779 2691.9
26920 0.9896200053886327 2692
26921 0.9896260878261935 2692.1
26922 0.989632180126332 2692.2
26923 0.9896382820675804 2692.3
26924 0.9896443934584415 2692.4
26925 0.9896505141370994 2692.5
26926 0.9896566439769553 2692.6
26927 0.9896627828829456 2692.7
26928 0.9896689307902374 2692.8
26929 0.9896750876626083 2692.9
26930 0.9896812534904559 2693
26931 0.9896874282886874 2693.1
26932 0.9896936120934496 2693.2
26933 0.9896997305832403 2693.3
26934 0.9897058464535377 2693.4
26935 0.9897119786791573 2693.5
26936 0.9897181269572403 2693.6
26937 0.9897242908200891 2693.7
26938 0.989730469668671 2693.8
26939 0.9897366532346863 2693.9
26940 0.9897428508488877 2694
26941 0.9897490620843984 2694.1
26942 0.9897552865590492 2694.2
26943 0.9897615239361598 2694.3
26944 0.9897677739221825 2694.4
26945 0.9897740362678605 2694.5
26946 0.9897803107633772 2694.6
26947 0.9897865972091829 2694.7
26948 0.9897928954258046 2694.8
26949 0.9897992052551754 2694.9
26950 0.989805526555123 2695
26951 0.9898118591908813 2695.1
26952 0.9898182030285837 2695.2
26953 0.9898245580860673 2695.3
26954 0.989830924258595 2695.4
26955 0.9898373013655025 2695.5
26956 0.989843689214003 2695.6
26957 0.9898500875808499 2695.7
26958 0.9898564962359055 2695.8
26959 0.9898629149393577 2695.9
26960 0.989869343441649 2696
26961 0.9898757814800083 2696.1
26962 0.9898822287732669 2696.2
26963 0.9898886662398571 2696.3
26964 0.9898950644010059 2696.4
26965 0.9899014662638729 2696.5
26966 0.9899078719682542 2696.6
26967 0.9899142817245034 2696.7
26968 0.9899206957133422 2696.8
26969 0.9899271140889481 2696.9
26970 0.9899335369803739 2697
26971 0.9899399644772263 2697.1
26972 0.989946396621356 2697.2
26973 0.9899528334052714 2697.3
26974 0.9899592747742 2697.4
26975 0.9899657206296031 2697.5
26976 0.9899721708305091 2697.6
26977 0.9899786251943888 2697.7
26978 0.989985083508049 2697.8
26979 0.9899915455256277 2697.9
26980 0.9899980109738484 2698
26981 0.99000447955464 2698.1
26982 0.990010950945036 2698.2
26983 0.9900174247950859 2698.3
26984 0.9900239007293908 2698.4
26985 0.9900303783537485 2698.5
26986 0.990036857252369 2698.6
26987 0.9900433369722755 2698.7
26988 0.9900498170363439 2698.8
26989 0.9900562969563762 2698.9
26990 0.9900627762371902 2699
26991 0.9900692543779447 2699.1
26992 0.9900757222982431 2699.2
26993 0.9900820556191718 2699.3
26994 0.9900883909063155 2699.4
26995 0.990094729964097 2699.5
26996 0.9901010716438754 2699.6
26997 0.9901074146873089 2699.7
26998 0.990113757825001 2699.8
26999 0.9901200998318173 2699.9
27000 0.9901264395631871 2700
27001 0.9901326682059156 2700.1
27002 0.9901388755930127 2700.2
27003 0.9901450867957656 2700.3
27004 0.9901513006600435 2700.4
27005 0.9901575158953371 2700.5
27006 0.9901637311929522 2700.6
27007 0.9901699452557615 2700.7
27008 0.9901761568837693 2700.8
27009 0.9901823649956464 2700.9
27010 0.9901885686284581 2701
27011 0.9901947668978757 2701.1
27012 0.9902009590618082 2701.2
27013 0.9902071445258352 2701.3
27014 0.9902133227694117 2701.4
27015 0.9902194933438927 2701.5
27016 0.990225655867621 2701.6
27017 0.9902318100206174 2701.7
27018 0.9902379056423617 2701.8
27019 0.9902439713160428 2701.9
27020 0.9902500327184749 2702
27021 0.9902560892947627 2702.1
27022 0.9902621405176426 2702.2
27023 0.990268185896543 2702.3
27024 0.9902742249491617 2702.4
27025 0.9902802573016701 2702.5
27026 0.9902862826370979 2702.6
27027 0.9902923006566808 2702.7
27028 0.9902983110972398 2702.8
27029 0.9903041628489924 2702.9
27030 0.9903099416220827 2703
27031 0.9903157240961943 2703.1
27032 0.9903215098097621 2703.2
27033 0.9903272981253189 2703.3
27034 0.9903330883294734 2703.4
27035 0.9903388797006197 2703.5
27036 0.9903446715501221 2703.6
27037 0.99035046324723 2703.7
27038 0.9903562542325748 2703.8
27039 0.9903620440221731 2703.9
27040 0.9903678322073735 2704
27041 0.9903736184539944 2704.1
27042 0.9903794024965112 2704.2
27043 0.9903851841190792 2704.3
27044 0.9903909555452568 2704.4
27045 0.9903967236320679 2704.5
27046 0.9904022808046654 2704.6
27047 0.9904078070410922 2704.7
27048 0.9904132081320556 2704.8
27049 0.9904186323820385 2704.9
27050 0.9904240786846876 2705
27051 0.9904295455007168 2705.1
27052 0.9904350311122182 2705.2
27053 0.9904405251112447 2705.3
27054 0.9904459967836335 2705.4
27055 0.9904514826547238 2705.5
27056 0.9904569811781829 2705.6
27057 0.990462490949225 2705.7
27058 0.9904680107008242 2705.8
27059 0.99047353930949 2705.9
27060 0.990479075772918 2706
27061 0.990484619194136 2706.1
27062 0.9904901687727563 2706.2
27063 0.9904957238048391 2706.3
27064 0.9905012836653411 2706.4
27065 0.9905068350237223 2706.5
27066 0.9905123382900198 2706.6
27067 0.9905178496240369 2706.7
27068 0.9905233685112843 2706.8
27069 0.9905288944275291 2706.9
27070 0.9905344268557374 2707
27071 0.9905399652949334 2707.1
27072 0.9905455092640354 2707.2
27073 0.9905510583034729 2707.3
27074 0.9905566119758077 2707.4
27075 0.9905621258820472 2707.5
27076 0.9905676199109014 2707.6
27077 0.9905731182085661 2707.7
27078 0.9905786203616604 2707.8
27079 0.9905839377615738 2707.9
27080 0.9905891861695937 2708
27081 0.9905944549130921 2708.1
27082 0.9905997426499232 2708.2
27083 0.9906050476750026 2708.3
27084 0.9906103682662428 2708.4
27085 0.9906157026207215 2708.5
27086 0.9906210490018117 2708.6
27087 0.9906264058830611 2708.7
27088 0.9906317171160262 2708.8
27089 0.9906370233907772 2708.9
27090 0.9906423386916083 2709
27091 0.9906476622598758 2709.1
27092 0.9906529934647825 2709.2
27093 0.9906583317888444 2709.3
27094 0.9906636768123799 2709.4
27095 0.990669028236271 2709.5
27096 0.9906743573965083 2709.6
27097 0.9906795621777363 2709.7
27098 0.9906845367153124 2709.8
27099 0.9906895397338265 2709.9
27100 0.9906945702183271 2710
27101 0.990699626232071 2710.1
27102 0.9907047054878032 2710.2
27103 0.9907098057282835 2710.3
27104 0.9907149249526297 2710.4
27105 0.9907200614829704 2710.5
27106 0.9907252139370426 2710.6
27107 0.9907303811971429 2710.7
27108 0.9907355623767592 2710.8
27109 0.99074041236868 2710.9
27110 0.9907452112335051 2711
27111 0.9907500468915466 2711.1
27112 0.9907549172946946 2711.2
27113 0.9907598202379539 2711.3
27114 0.9907647536095806 2711.4
27115 0.9907697153675917 2711.5
27116 0.9907746834591886 2711.6
27117 0.990779452640085 2711.7
27118 0.9907839508539207 2711.8
27119 0.9907884793215662 2711.9
27120 0.9907930377312946 2712
27121 0.9907976258102018 2712.1
27122 0.9908022433087661 2712.2
27123 0.9908068899883887 2712.3
27124 0.990811565612725 2712.4
27125 0.9908162699424592 2712.5
27126 0.9908210027384103 2712.6
27127 0.9908257637608798 2712.7
27128 0.9908305527499697 2712.8
27129 0.99083536943032 2712.9
27130 0.9908402135071664 2713
27131 0.9908450846727027 2713.1
27132 0.9908499826070555 2713.2
27133 0.9908549069851138 2713.3
27134 0.9908598574711904 2713.4
27135 0.99086483369925 2713.5
27136 0.9908697430295109 2713.6
27137 0.9908746624065479 2713.7
27138 0.9908796133130758 2713.8
27139 0.9908845944922946 2713.9
27140 0.9908896046787098 2714
27141 0.9908946426490305 2714.1
27142 0.9908997072379416 2714.2
27143 0.9909047973374058 2714.3
27144 0.9909099118870507 2714.4
27145 0.9909150498626893 2714.5
27146 0.9909202102675434 2714.6
27147 0.9909253921251017 2714.7
27148 0.990930594469501 2714.8
27149 0.9909358163398828 2714.9
27150 0.9909410567752444 2715
27151 0.9909463148162935 2715.1
27152 0.9909515895186012 2715.2
27153 0.9909568585123049 2715.3
27154 0.9909621291313134 2715.4
27155 0.9909674162827803 2715.5
27156 0.990972719599839 2715.6
27157 0.9909780387104895 2715.7
27158 0.9909833731875642 2715.8
27159 0.9909887225266272 2715.9
27160 0.9909940861490244 2716
27161 0.9909994203213067 2716.1
27162 0.9910047416108723 2716.2
27163 0.9910100756956951 2716.3
27164 0.991015422498983 2716.4
27165 0.9910207818301658 2716.5
27166 0.991026153381054 2716.6
27167 0.9910315367351332 2716.7
27168 0.9910369313839642 2716.8
27169 0.9910423367447662 2716.9
27170 0.9910477521770938 2717
27171 0.9910531769977455 2717.1
27172 0.9910586104943289 2717.2
27173 0.991063985282659 2717.3
27174 0.9910693599506254 2717.4
27175 0.9910747381463175 2717.5
27176 0.9910801195660144 2717.6
27177 0.9910855038067803 2717.7
27178 0.9910908904001885 2717.8
27179 0.9910962788460166 2717.9
27180 0.9911016686406726 2718
27181 0.9911070592904964 2718.1
27182 0.9911124503204704 2718.2
27183 0.991117841279723 2718.3
27184 0.9911232317422058 2718.4
27185 0.9911286213098515 2718.5
27186 0.9911340096190975 2718.6
27187 0.9911393963387573 2718.7
27188 0.9911447811693312 2718.8
27189 0.9911501638424326 2718.9
27190 0.9911555441195544 2719
27191 0.9911609217908229 2719.1
27192 0.9911662966732731 2719.2
27193 0.9911716686097314 2719.3
27194 0.9911770374670142 2719.4
27195 0.9911824031343555 2719.5
27196 0.991187765522147 2719.6
27197 0.9911931245653482 2719.7
27198 0.991198480224984 2719.8
27199 0.9912037135463676 2719.9
27200 0.9912089450224617 2720
27201 0.9912141758972223 2720.1
27202 0.9912194060740899 2720.2
27203 0.9912246353101524 2720.3
27204 0.9912298633030918 2720.4
27205 0.9912350897512578 2720.5
27206 0.9912401259351172 2720.6
27207 0.9912451452043829 2720.7
27208 0.9912501811581728 2720.8
27209 0.9912552328179524 2720.9
27210 0.9912602991255637 2721
27211 0.9912653790499646 2721.1
27212 0.991270471637699 2721.2
27213 0.9912755674778868 2721.3
27214 0.9912806718797432 2721.4
27215 0.9912857867477056 2721.5
27216 0.991290911592247 2721.6
27217 0.9912960459836718 2721.7
27218 0.9913011785125231 2721.8
27219 0.9913061610701803 2721.9
27220 0.9913111628431196 2722
27221 0.9913161832398799 2722.1
27222 0.991321221553958 2722.2
27223 0.991326277035552 2722.3
27224 0.9913313489243994 2722.4
27225 0.9913364364823677 2722.5
27226 0.9913415390306349 2722.6
27227 0.9913466559447718 2722.7
27228 0.9913517866592495 2722.8
27229 0.9913569306684791 2722.9
27230 0.9913620875265775 2723
27231 0.9913672568456097 2723.1
27232 0.991372438290369 2723.2
27233 0.9913776315760288 2723.3
27234 0.9913828364610637 2723.4
27235 0.9913880527407332 2723.5
27236 0.9913932802413717 2723.6
27237 0.9913985188147755 2723.7
27238 0.9914037683325423 2723.8
27239 0.9914090286807498 2723.9
27240 0.991414299749826 2724
27241 0.9914195814244094 2724.1
27242 0.9914248736001033 2724.2
27243 0.9914301540040271 2724.3
27244 0.9914353833710577 2724.4
27245 0.9914406312599482 2724.5
27246 0.9914458972343654 2724.6
27247 0.9914511808114463 2724.7
27248 0.9914564814861323 2724.8
27249 0.9914617987444461 2724.9
27250 0.9914671320688414 2725
27251 0.9914724809406177 2725.1
27252 0.991477844844023 2725.2
27253 0.9914832232595709 2725.3
27254 0.9914886156653374 2725.4
27255 0.9914940215405946 2725.5
27256 0.9914994403669771 2725.6
27257 0.991504871628867 2725.7
27258 0.9915103148141349 2725.8
27259 0.9915157694156135 2725.9
27260 0.9915212349322247 2726
27261 0.9915267108708956 2726.1
27262 0.9915321967486096 2726.2
27263 0.9915376920943388 2726.3
27264 0.9915431535065589 2726.4
27265 0.9915486149922621 2726.5
27266 0.9915540732605432 2726.6
27267 0.9915595403222781 2726.7
27268 0.991565016317866 2726.8
27269 0.9915705013608027 2726.9
27270 0.9915759955276273 2727
27271 0.9915814988574548 2727.1
27272 0.9915870113540687 2727.2
27273 0.9915925329905153 2727.3
27274 0.9915980637147576 2727.4
27275 0.9916036034407174 2727.5
27276 0.9916091520556328 2727.6
27277 0.9916147094251225 2727.7
27278 0.9916202753951882 2727.8
27279 0.991625818695498 2727.9
27280 0.99163135363035 2728
27281 0.9916368927746319 2728.1
27282 0.9916424361080293 2728.2
27283 0.9916479836350808 2728.3
27284 0.991653535365345 2728.4
27285 0.9916590913065211 2728.5
27286 0.9916646514596874 2728.6
27287 0.9916702158171478 2728.7
27288 0.9916757843620565 2728.8
27289 0.9916813570681381 2728.9
27290 0.9916869339001744 2729
27291 0.9916925148195597 2729.1
27292 0.9916980997843023 2729.2
27293 0.9917036887490883 2729.3
27294 0.9917092816666753 2729.4
27295 0.9917148784899621 2729.5
27296 0.9917204791730779 2729.6
27297 0.9917260836717827 2729.7
27298 0.9917316919329419 2729.8
27299 0.9917372801860781 2729.9
27300 0.9917428091918929 2730
27301 0.9917483443016462 2730.1
27302 0.991753885878538 2730.2
27303 0.9917594340594292 2730.3
27304 0.9917649888473072 2730.4
27305 0.9917704953956846 2730.5
27306 0.9917759908850179 2730.6
27307 0.9917814937179512 2730.7
27308 0.9917870036780284 2730.8
27309 0.9917925205172601 2730.9
27310 0.9917980439707627 2731
27311 0.9918035737738859 2731.1
27312 0.9918091096571156 2731.2
27313 0.9918146513431574 2731.3
27314 0.9918201985529708 2731.4
27315 0.9918257510069084 2731.5
27316 0.9918313084280664 2731.6
27317 0.9918368155290379 2731.7
27318 0.9918422885079511 2731.8
27319 0.9918477666567941 2731.9
27320 0.9918532495745209 2732
27321 0.9918587368506936 2732.1
27322 0.9918642281134079 2732.2
27323 0.991869716837027 2732.3
27324 0.991875103348154 2732.4
27325 0.9918804468296251 2732.5
27326 0.9918857949874591 2732.6
27327 0.9918911483192738 2732.7
27328 0.9918965071975824 2732.8
27329 0.9919018718787208 2732.9
27330 0.9919072425252083 2733
27331 0.991912619192118 2733.1
27332 0.9919180018668352 2733.2
27333 0.9919233904441119 2733.3
27334 0.9919287847559841 2733.4
27335 0.9919341845877924 2733.5
27336 0.9919395896832265 2733.6
27337 0.9919449997549217 2733.7
27338 0.991950414492222 2733.8
27339 0.9919558335491488 2733.9
27340 0.9919612565656095 2734
27341 0.9919666831753701 2734.1
27342 0.99197211300577 2734.2
27343 0.9919775456810217 2734.3
27344 0.9919829808236983 2734.4
27345 0.9919884180570019 2734.5
27346 0.9919938570070496 2734.6
27347 0.9919992972909853 2734.7
27348 0.992004738531446 2734.8
27349 0.9920101803706762 2734.9
27350 0.9920156224669593 2735
27351 0.9920210644940359 2735.1
27352 0.9920265061432431 2735.2
27353 0.9920319471226446 2735.3
27354 0.9920373871611045 2735.4
27355 0.9920428260157647 2735.5
27356 0.9920482634602624 2735.6
27357 0.9920536992851394 2735.7
27358 0.9920591333000489 2735.8
27359 0.9920645653350784 2735.9
27360 0.9920699952412686 2736
27361 0.99207542290616 2736.1
27362 0.9920808482317455 2736.2
27363 0.9920862711354886 2736.3
27364 0.9920916915530166 2736.4
27365 0.9920971094382929 2736.5
27366 0.9921025247637928 2736.6
27367 0.9921079374686979 2736.7
27368 0.9921133475472468 2736.8
27369 0.9921186363740242 2736.9
27370 0.9921239219512811 2737
27371 0.992129209383255 2737.1
27372 0.9921344985518805 2737.2
27373 0.9921397892013318 2737.3
27374 0.9921450810198336 2737.4
27375 0.9921503736927219 2737.5
27376 0.9921556669354701 2737.6
27377 0.992160960511599 2737.7
27378 0.9921662542390776 2737.8
27379 0.992171547980963 2737.9
27380 0.992176841661447 2738
27381 0.9921821352456065 2738.1
27382 0.9921874287525626 2738.2
27383 0.9921927222522899 2738.3
27384 0.9921980158254403 2738.4
27385 0.9922033096009936 2738.5
27386 0.9922086037296511 2738.6
27387 0.9922138983610448 2738.7
27388 0.9922190900303005 2738.8
27389 0.9922241887695801 2738.9
27390 0.9922291866844702 2739
27391 0.9922341987181494 2739.1
27392 0.9922392242210327 2739.2
27393 0.9922442624933013 2739.3
27394 0.9922493128535517 2739.4
27395 0.9922543746706554 2739.5
27396 0.9922594473753917 2739.6
27397 0.9922645304630638 2739.7
27398 0.9922696234917643 2739.8
27399 0.9922747260799909 2739.9
27400 0.9922798379006567 2740
27401 0.9922849586760235 2740.1
27402 0.9922900881695722 2740.2
27403 0.9922952261794502 2740.3
27404 0.9923003725327643 2740.4
27405 0.9923055270813161 2740.5
27406 0.9923106896960011 2740.6
27407 0.9923158602623501 2740.7
27408 0.992321038678937 2740.8
27409 0.9923262248537196 2740.9
27410 0.9923314187016872 2741
27411 0.9923366201426883 2741.1
27412 0.9923418291000211 2741.2
27413 0.9923470454989228 2741.3
27414 0.9923522692657744 2741.4
27415 0.9923575003279459 2741.5
27416 0.9923627386127741 2741.6
27417 0.9923679840472708 2741.7
27418 0.9923732365598188 2741.8
27419 0.9923784737176733 2741.9
27420 0.992383684985813 2742
27421 0.9923889072132802 2742.1
27422 0.9923941401701765 2742.2
27423 0.9923993835252315 2742.3
27424 0.9924046369051314 2742.4
27425 0.9924098999266242 2742.5
27426 0.9924151722147678 2742.6
27427 0.9924204534135257 2742.7
27428 0.9924257431917878 2742.8
27429 0.9924310412476293 2742.9
27430 0.9924363387723109 2743
27431 0.9924416026137471 2743.1
27432 0.9924468783037147 2743.2
27433 0.9924521654558081 2743.3
27434 0.9924574263504837 2743.4
27435 0.9924626962091071 2743.5
27436 0.9924679761819556 2743.6
27437 0.9924732661516326 2743.7
27438 0.9924785660264722 2743.8
27439 0.9924838757372638 2743.9
27440 0.9924891952342606 2744
27441 0.9924945244839901 2744.1
27442 0.9924998634665607 2744.2
27443 0.992505212183536 2744.3
27444 0.9925105706449944 2744.4
27445 0.9925159388617278 2744.5
27446 0.9925213168534156 2744.6
27447 0.9925267046427861 2744.7
27448 0.9925321022510396 2744.8
27449 0.9925375096969368 2744.9
27450 0.9925429269946728 2745
27451 0.9925483541526449 2745.1
27452 0.9925537911717005 2745.2
27453 0.9925592380350906 2745.3
27454 0.9925646947229827 2745.4
27455 0.9925701612124802 2745.5
27456 0.9925756374750979 2745.6
27457 0.9925811234741982 2745.7
27458 0.9925866191627666 2745.8
27459 0.9925921244813899 2745.9
27460 0.9925976393562861 2746
27461 0.9926031636960636 2746.1
27462 0.9926086973875728 2746.2
27463 0.9926142402995779 2746.3
27464 0.9926197922868416 2746.4
27465 0.9926253532175054 2746.5
27466 0.9926309229918262 2746.6
27467 0.9926365014605459 2746.7
27468 0.9926420884443887 2746.8
27469 0.9926476540408995 2746.9
27470 0.9926531983764982 2747
27471 0.99265874962011 2747.1
27472 0.9926643081502732 2747.2
27473 0.9926698420853763 2747.3
27474 0.9926753780093056 2747.4
27475 0.9926809192430438 2747.5
27476 0.9926864661125807 2747.6
27477 0.9926920188675999 2747.7
27478 0.9926975776773916 2747.8
27479 0.9927031426332789 2747.9
27480 0.9927087137546383 2748
27481 0.992714290996544 2748.1
27482 0.9927198742592714 2748.2
27483 0.9927254633935574 2748.3
27484 0.9927310582077814 2748.4
27485 0.9927366584603321 2748.5
27486 0.9927422638854551 2748.6
27487 0.9927478741973914 2748.7
27488 0.992753489042116 2748.8
27489 0.9927591080892498 2748.9
27490 0.9927647310055254 2749
27491 0.9927703574659064 2749.1
27492 0.9927759871512218 2749.2
27493 0.9927816197465652 2749.3
27494 0.9927872549400691 2749.4
27495 0.9927928924344201 2749.5
27496 0.9927985320889509 2749.6
27497 0.9928041735850103 2749.7
27498 0.9928098166040624 2749.8
27499 0.9928154608242388 2749.9
27500 0.9928211059331252 2750
27501 0.9928266898525178 2750.1
27502 0.9928322387525302 2750.2
27503 0.992837793998587 2750.3
27504 0.9928433550647627 2750.4
27505 0.992848921247934 2750.5
27506 0.9928544917655997 2750.6
27507 0.9928600658962086 2750.7
27508 0.9928656428671252 2750.8
27509 0.9928712218812269 2750.9
27510 0.9928768022026768 2751
27511 0.9928823831499983 2751.1
27512 0.9928879641028662 2751.2
27513 0.992893544493869 2751.3
27514 0.9928990891348654 2751.4
27515 0.9929045346564396 2751.5
27516 0.9929099817735766 2751.6
27517 0.9929154301751127 2751.7
27518 0.9929208793006089 2751.8
27519 0.9929263284562123 2751.9
27520 0.9929317768925525 2752
27521 0.9929372238576185 2752.1
27522 0.9929426686302077 2752.2
27523 0.9929481105400633 2752.3
27524 0.9929535489839709 2752.4
27525 0.9929589834272282 2752.5
27526 0.9929644134226936 2752.6
27527 0.9929698385809262 2752.7
27528 0.9929752585326568 2752.8
27529 0.9929806316220267 2752.9
27530 0.9929859862186378 2753
27531 0.9929912135589085 2753.1
27532 0.9929963539397083 2753.2
27533 0.9930015007492289 2753.3
27534 0.9930066534783845 2753.4
27535 0.9930118115398593 2753.5
27536 0.9930169743132357 2753.6
27537 0.9930221411670731 2753.7
27538 0.9930273114701142 2753.8
27539 0.9930324845986995 2753.9
27540 0.9930376599387498 2754
27541 0.9930428368907742 2754.1
27542 0.9930480148777733 2754.2
27543 0.9930531933488542 2754.3
27544 0.9930583718284119 2754.4
27545 0.9930635498300745 2754.5
27546 0.9930687268926003 2754.6
27547 0.9930738753693354 2754.7
27548 0.9930789578870112 2754.8
27549 0.9930840391821352 2754.9
27550 0.9930891187949072 2755
27551 0.9930941962816754 2755.1
27552 0.9930992712239508 2755.2
27553 0.9931042970202164 2755.3
27554 0.9931092208703152 2755.4
27555 0.9931139462634342 2755.5
27556 0.9931186522285836 2755.6
27557 0.9931233717402287 2755.7
27558 0.993128103901048 2755.8
27559 0.9931328474030552 2755.9
27560 0.9931376009284278 2756
27561 0.9931423632202031 2756.1
27562 0.9931471331326706 2756.2
27563 0.9931519096305036 2756.3
27564 0.9931566917939186 2756.4
27565 0.9931614788246176 2756.5
27566 0.993166270027636 2756.6
27567 0.99317106479393 2756.7
27568 0.9931758626105104 2756.8
27569 0.9931806630444939 2756.9
27570 0.9931854657289546 2757
27571 0.9931902703652719 2757.1
27572 0.9931950767192937 2757.2
27573 0.9931998782990901 2757.3
27574 0.993204671516333 2757.4
27575 0.9932094691437036 2757.5
27576 0.9932142710594479 2757.6
27577 0.9932190771542397 2757.7
27578 0.9932238873360775 2757.8
27579 0.9932287015324671 2757.9
27580 0.9932335196896518 2758
27581 0.9932383417719577 2758.1
27582 0.993243167771356 2758.2
27583 0.9932479976953882 2758.3
27584 0.993252831557491 2758.4
27585 0.9932576693799685 2758.5
27586 0.993262510708726 2758.6
27587 0.9932673425004338 2758.7
27588 0.9932721766055729 2758.8
27589 0.9932770131714311 2758.9
27590 0.9932817975314078 2759
27591 0.9932864796065842 2759.1
27592 0.9932911744159818 2759.2
27593 0.9932958812677929 2759.3
27594 0.9933005993867595 2759.4
27595 0.9933053280208467 2759.5
27596 0.9933099112863942 2759.6
27597 0.9933144860855051 2759.7
27598 0.9933190809817721 2759.8
27599 0.9933236949356534 2759.9
27600 0.9933283267094981 2760
27601 0.9933329749018058 2760.1
27602 0.9933376382496034 2760.2
27603 0.9933423156671195 2760.3
27604 0.9933470061425171 2760.4
27605 0.9933517087491924 2760.5
27606 0.9933564014370633 2760.6
27607 0.9933610749801226 2760.7
27608 0.9933657553308279 2760.8
27609 0.9933704422705241 2760.9
27610 0.9933750439627854 2761
27611 0.993379642064389 2761.1
27612 0.9933842542304144 2761.2
27613 0.9933888800406577 2761.3
27614 0.9933935190566422 2761.4
27615 0.993398170840523 2761.5
27616 0.9934028349657494 2761.6
27617 0.9934075110216702 2761.7
27618 0.9934121986135517 2761.8
27619 0.9934168973628447 2761.9
27620 0.9934216069198287 2762
27621 0.9934263269689069 2762.1
27622 0.9934310571728384 2762.2
27623 0.9934357907870375 2762.3
27624 0.9934402805532432 2762.4
27625 0.9934447958524295 2762.5
27626 0.993449335757284 2762.6
27627 0.9934538988986122 2762.7
27628 0.9934584837916902 2762.8
27629 0.9934630887442832 2762.9
27630 0.9934677120387663 2763
27631 0.993472352052292 2763.1
27632 0.9934770072911643 2763.2
27633 0.9934816764109735 2763.3
27634 0.9934863582345848 2763.4
27635 0.9934910517212778 2763.5
27636 0.993495755940634 2763.6
27637 0.993500470062135 2763.7
27638 0.9935051933515812 2763.8
27639 0.9935099251318938 2763.9
27640 0.993514662264892 2764
27641 0.9935190799987831 2764.1
27642 0.9935235244581491 2764.2
27643 0.993527994578019 2764.3
27644 0.993532488427031 2764.4
27645 0.9935370036552141 2764.5
27646 0.9935415378677379 2764.6
27647 0.9935460888149737 2764.7
27648 0.9935506544511737 2764.8
27649 0.9935552330017221 2764.9
27650 0.9935598229515036 2765
27651 0.9935644229493612 2765.1
27652 0.9935686520957138 2765.2
27653 0.9935729093217586 2765.3
27654 0.9935771938075091 2765.4
27655 0.9935815031567876 2765.5
27656 0.9935858349231614 2765.6
27657 0.9935901868050835 2765.7
27658 0.9935945566054697 2765.8
27659 0.9935989423426551 2765.9
27660 0.993603043682657 2766
27661 0.9936070286539188 2766.1
27662 0.9936110336598838 2766.2
27663 0.9936150577561045 2766.3
27664 0.993619100048597 2766.4
27665 0.9936231596918595 2766.5
27666 0.9936272358864224 2766.6
27667 0.9936313278773649 2766.7
27668 0.9936354349527212 2766.8
27669 0.9936395564419521 2766.9
27670 0.9936436917143165 2767
27671 0.9936478401772916 2767.1
27672 0.993652001275272 2767.2
27673 0.9936561744920706 2767.3
27674 0.9936603593826391 2767.4
27675 0.9936645555114169 2767.5
27676 0.9936687624578008 2767.6
27677 0.9936729798186738 2767.7
27678 0.9936772072115754 2767.8
27679 0.9936814442780751 2767.9
27680 0.9936856906861914 2768
27681 0.993689946130515 2768.1
27682 0.9936942103312894 2768.2
27683 0.9936984830336796 2768.3
27684 0.9937027640060444 2768.4
27685 0.9937070530332982 2768.5
27686 0.993711349915962 2768.6
27687 0.9937156148424312 2768.7
27688 0.9937197441254514 2768.8
27689 0.9937238906280724 2768.9
27690 0.9937280539875489 2769
27691 0.9937322336248201 2769.1
27692 0.9937364288705981 2769.2
27693 0.9937406390607495 2769.3
27694 0.9937448635504796 2769.4
27695 0.993749101690973 2769.5
27696 0.9937533528808599 2769.6
27697 0.9937576165768565 2769.7
27698 0.9937618923008793 2769.8
27699 0.9937661796097796 2769.9
27700 0.993770478108514 2770
27701 0.9937747874491686 2770.1
27702 0.9937790801519489 2770.2
27703 0.9937833781571282 2770.3
27704 0.9937876849914588 2770.4
27705 0.9937920005874422 2770.5
27706 0.9937963248965039 2770.6
27707 0.9938006578800179 2770.7
27708 0.9938049995034073 2770.8
27709 0.9938093497332202 2770.9
27710 0.9938137085351357 2771
27711 0.9938180758734271 2771.1
27712 0.9938224135408313 2771.2
27713 0.9938266698087648 2771.3
27714 0.9938309466528638 2771.4
27715 0.9938352435713228 2771.5
27716 0.9938395599190172 2771.6
27717 0.9938438950014965 2771.7
27718 0.9938482481263399 2771.8
27719 0.9938526186285485 2771.9
27720 0.993857005881239 2772
27721 0.9938614092988024 2772.1
27722 0.993865828335608 2772.2
27723 0.9938702624803425 2772.3
27724 0.9938747112565226 2772.4
27725 0.9938791742183161 2772.5
27726 0.9938836509469186 2772.6
27727 0.9938881410470886 2772.7
27728 0.9938926441439568 2772.8
27729 0.9938971598823861 2772.9
27730 0.993901687927195 2773
27731 0.9939062279603138 2773.1
27732 0.9939107796778314 2773.2
27733 0.993915342786548 2773.3
27734 0.9939199170010126 2773.4
27735 0.9939245020410584 2773.5
27736 0.993929097629778 2773.6
27737 0.993933703491975 2773.7
27738 0.9939383193525771 2773.8
27739 0.9939429449354993 2773.9
27740 0.9939475799625395 2774
27741 0.9939522241524141 2774.1
27742 0.9939568772196516 2774.2
27743 0.9939615388714178 2774.3
27744 0.9939662088109512 2774.4
27745 0.9939708867381003 2774.5
27746 0.9939755723498025 2774.6
27747 0.9939802653364571 2774.7
27748 0.993984965378175 2774.8
27749 0.9939896721423357 2774.9
27750 0.9939943853069976 2775
27751 0.9939991045449678 2775.1
27752 0.9940038295201657 2775.2
27753 0.9940085598861141 2775.3
27754 0.9940132952850766 2775.4
27755 0.9940180353483474 2775.5
27756 0.9940227603153318 2775.6
27757 0.9940274633146308 2775.7
27758 0.9940321678960268 2775.8
27759 0.9940368740098883 2775.9
27760 0.9940415816433487 2776
27761 0.9940462907935114 2776.1
27762 0.9940510014492062 2776.2
27763 0.9940557135812855 2776.3
27764 0.9940604271372279 2776.4
27765 0.9940651420371194 2776.5
27766 0.9940698581731854 2776.6
27767 0.9940745754105087 2776.7
27768 0.9940792935878959 2776.8
27769 0.9940840125193872 2776.9
27770 0.9940887319962901 2777
27771 0.9940933915871627 2777.1
27772 0.9940980244361024 2777.2
27773 0.9941026577622591 2777.3
27774 0.9941072911967264 2777.4
27775 0.9941119243494922 2777.5
27776 0.9941165568236036 2777.6
27777 0.9941211882200196 2777.7
27778 0.9941258181349111 2777.8
27779 0.99413044619915 2777.9
27780 0.9941350720487527 2778
27781 0.9941396953266277 2778.1
27782 0.9941443156932384 2778.2
27783 0.9941488859851345 2778.3
27784 0.9941533989376039 2778.4
27785 0.9941579110450558 2778.5
27786 0.9941624220380854 2778.6
27787 0.9941669316350084 2778.7
27788 0.9941714395618577 2778.8
27789 0.9941759455590636 2778.9
27790 0.9941804493845396 2779
27791 0.9941849508168764 2779.1
27792 0.9941894126876933 2779.2
27793 0.9941937945934085 2779.3
27794 0.9941981791035706 2779.4
27795 0.9942025656008006 2779.5
27796 0.9942069534083819 2779.6
27797 0.9942113418544565 2779.7
27798 0.994215730307884 2779.8
27799 0.9942201182048699 2779.9
27800 0.9942245050507849 2780
27801 0.9942288904171503 2780.1
27802 0.9942332739356329 2780.2
27803 0.9942376553007333 2780.3
27804 0.9942420342622829 2780.4
27805 0.9942464106035098 2780.5
27806 0.9942507841574026 2780.6
27807 0.9942551548030388 2780.7
27808 0.9942595224587226 2780.8
27809 0.9942638870762806 2780.9
27810 0.9942682486367684 2781
27811 0.994272607146773 2781.1
27812 0.9942769626354685 2781.2
27813 0.9942813151524318 2781.3
27814 0.9942856637245027 2781.4
27815 0.9942900025143717 2781.5
27816 0.9942943404422268 2781.6
27817 0.9942986775467683 2781.7
27818 0.9943030138971735 2781.8
27819 0.9943073495728346 2781.9
27820 0.9943116846512645 2782
27821 0.9943160192118661 2782.1
27822 0.9943203533398256 2782.2
27823 0.9943246871269226 2782.3
27824 0.9943290206736164 2782.4
27825 0.9943333500860857 2782.5
27826 0.9943376386336369 2782.6
27827 0.9943418010007179 2782.7
27828 0.9943459749193302 2782.8
27829 0.9943501602753657 2782.9
27830 0.9943543567263624 2783
27831 0.9943585638650061 2783.1
27832 0.9943627812584345 2783.2
27833 0.9943670084490023 2783.3
27834 0.9943712449945254 2783.4
27835 0.9943754904895278 2783.5
27836 0.9943797445797711 2783.6
27837 0.994384006966743 2783.7
27838 0.9943882774055751 2783.8
27839 0.9943925557040307 2783.9
27840 0.9943968417178893 2784
27841 0.9944011353458224 2784.1
27842 0.9944054365243042 2784.2
27843 0.9944097452223575 2784.3
27844 0.9944140614366268 2784.4
27845 0.9944183851869148 2784.5
27846 0.994422716512135 2784.6
27847 0.994427055466612 2784.7
27848 0.9944314021154622 2784.8
27849 0.994435756531592 2784.9
27850 0.9944401187966619 2785
27851 0.9944444889984896 2785.1
27852 0.994448867228319 2785.2
27853 0.9944532535784368 2785.3
27854 0.9944576481406592 2785.4
27855 0.9944620510036362 2785.5
27856 0.9944664622506654 2785.6
27857 0.9944708819758475 2785.7
27858 0.9944753102991127 2785.8
27859 0.9944797473139478 2785.9
27860 0.9944841930961084 2786
27861 0.9944886477152846 2786.1
27862 0.994493111234719 2786.2
27863 0.9944975836994652 2786.3
27864 0.9945020651506962 2786.4
27865 0.9945065556199973 2786.5
27866 0.9945110551292101 2786.6
27867 0.9945155636913406 2786.7
27868 0.9945200813109304 2786.8
27869 0.994524607984509 2786.9
27870 0.9945291437004146 2787
27871 0.9945336884385169 2787.1
27872 0.9945382421717737 2787.2
27873 0.9945428048674905 2787.3
27874 0.9945473662616354 2787.4
27875 0.9945519078747422 2787.5
27876 0.9945564556242484 2787.6
27877 0.9945610096428217 2787.7
27878 0.9945655700663391 2787.8
27879 0.9945701370369791 2787.9
27880 0.9945747106871374 2788
27881 0.9945792911028777 2788.1
27882 0.9945838783776387 2788.2
27883 0.9945884725916584 2788.3
27884 0.9945930738052803 2788.4
27885 0.9945976820597298 2788.5
27886 0.9946022973791904 2788.6
27887 0.9946069197722276 2788.7
27888 0.9946115492331854 2788.8
27889 0.9946161857432618 2788.9
27890 0.9946208292720689 2789
27891 0.9946254797799373 2789.1
27892 0.9946301372141315 2789.2
27893 0.994634801515399 2789.3
27894 0.9946394726191689 2789.4
27895 0.9946441504527991 2789.5
27896 0.9946488349331766 2789.6
27897 0.9946535259648489 2789.7
27898 0.9946582234414322 2789.8
27899 0.9946629272581288 2789.9
27900 0.9946676373019495 2790
27901 0.9946723534363184 2790.1
27902 0.9946770755188048 2790.2
27903 0.9946818034063288 2790.3
27904 0.9946865369520014 2790.4
27905 0.9946912760024044 2790.5
27906 0.9946960203912272 2790.6
27907 0.9947007699447956 2790.7
27908 0.9947055244846299 2790.8
27909 0.9947102838271119 2790.9
27910 0.9947150477836089 2791
27911 0.9947198161608931 2791.1
27912 0.9947245887607199 2791.2
27913 0.9947293653795402 2791.3
27914 0.9947341458094313 2791.4
27915 0.9947389298380124 2791.5
27916 0.9947437172453062 2791.6
27917 0.9947485078028941 2791.7
27918 0.9947532684216586 2791.8
27919 0.9947580247925104 2791.9
27920 0.9947627827685496 2792
27921 0.994767542358336 2792.1
27922 0.9947723035690613 2792.2
27923 0.9947770664015985 2792.3
27924 0.9947818308465726 2792.4
27925 0.9947865968828702 2792.5
27926 0.9947913644766475 2792.6
27927 0.9947961335813157 2792.7
27928 0.9948009041376414 2792.8
27929 0.9948056760744627 2792.9
27930 0.9948104493091333 2793
27931 0.9948152237474531 2793.1
27932 0.994819999285857 2793.2
27933 0.9948247758125279 2793.3
27934 0.9948295532083845 2793.4
27935 0.9948343313476539 2793.5
27936 0.9948391100981643 2793.6
27937 0.9948438893226644 2793.7
27938 0.9948486688795711 2793.8
27939 0.9948534486236631 2793.9
27940 0.9948582284062595 2794
27941 0.9948630080749442 2794.1
27942 0.994867787486502 2794.2
27943 0.9948725665102423 2794.3
27944 0.9948773450147737 2794.4
27945 0.9948821228691913 2794.5
27946 0.9948868999430143 2794.6
27947 0.9948916761053511 2794.7
27948 0.9948964512248325 2794.8
27949 0.9949012251713532 2794.9
27950 0.9949059978131152 2795
27951 0.994910769016408 2795.1
27952 0.9949155386461378 2795.2
27953 0.9949203065662916 2795.3
27954 0.9949250726407849 2795.4
27955 0.9949298367330759 2795.5
27956 0.9949345987059793 2795.6
27957 0.9949393584224477 2795.7
27958 0.9949441157468749 2795.8
27959 0.9949488705234574 2795.9
27960 0.9949536225964224 2796
27961 0.9949583718444582 2796.1
27962 0.9949631181516101 2796.2
27963 0.9949678614046991 2796.3
27964 0.9949726014935609 2796.4
27965 0.994977338311096 2796.5
27966 0.9949820717522768 2796.6
27967 0.9949868017158329 2796.7
27968 0.9949914316005742 2796.8
27969 0.9949960376269701 2796.9
27970 0.9950006470696845 2797
27971 0.9950052593678184 2797.1
27972 0.995009873882176 2797.2
27973 0.9950144899623196 2797.3
27974 0.9950191069828913 2797.4
27975 0.9950237243625548 2797.5
27976 0.9950283415701635 2797.6
27977 0.9950329581300187 2797.7
27978 0.9950375736237731 2797.8
27979 0.9950421876843488 2797.9
27980 0.9950467999778966 2798
27981 0.99505141022591 2798.1
27982 0.9950560181962738 2798.2
27983 0.9950605949417078 2798.3
27984 0.9950651236255281 2798.4
27985 0.9950696378267196 2798.5
27986 0.995074105849252 2798.6
27987 0.9950785738985219 2798.7
27988 0.9950830418053613 2798.8
27989 0.9950875093117949 2798.9
27990 0.9950919761415085 2799
27991 0.9950964419960752 2799.1
27992 0.995100906578223 2799.2
27993 0.9951053696025844 2799.3
27994 0.99510983080855 2799.4
27995 0.9951142899635902 2799.5
27996 0.9951187468658853 2799.6
27997 0.9951232013455713 2799.7
27998 0.9951276532638801 2799.8
27999 0.9951321025106664 2799.9
28000 0.995136478637073 2800
28001 0.9951408178274828 2800.1
28002 0.9951451564146108 2800.2
28003 0.9951494943016205 2800.3
28004 0.9951538313987581 2800.4
28005 0.9951581676046167 2800.5
28006 0.9951625028538477 2800.6
28007 0.9951668371018075 2800.7
28008 0.9951711703127492 2800.8
28009 0.9951755024642875 2800.9
28010 0.9951798335560499 2801
28011 0.9951841636085069 2801.1
28012 0.9951884926597195 2801.2
28013 0.995192820774695 2801.3
28014 0.9951971219429248 2801.4
28015 0.9952013671408257 2801.5
28016 0.9952056142306649 2801.6
28017 0.995209863241823 2801.7
28018 0.9952141141843694 2801.8
28019 0.9952183670581626 2801.9
28020 0.9952226218626321 2802
28021 0.9952268786094691 2802.1
28022 0.9952311373069896 2802.2
28023 0.9952353979802913 2802.3
28024 0.9952396606562796 2802.4
28025 0.9952439253695229 2802.5
28026 0.9952481921620617 2802.6
28027 0.9952524610825693 2802.7
28028 0.9952567321848987 2802.8
28029 0.9952610055267561 2802.9
28030 0.9952652811688175 2803
28031 0.9952695591742626 2803.1
28032 0.9952738396045885 2803.2
28033 0.9952781225182196 2803.3
28034 0.9952824079752235 2803.4
28035 0.9952866960380778 2803.5
28036 0.9952909867736318 2803.6
28037 0.9952952802531568 2803.7
28038 0.9952995765420952 2803.8
28039 0.995303875698357 2803.9
28040 0.9953081777596601 2804
28041 0.9953124827240066 2804.1
28042 0.9953167906007317 2804.2
28043 0.995321101412581 2804.3
28044 0.9953254151862292 2804.4
28045 0.9953297319517664 2804.5
28046 0.9953340517418743 2804.6
28047 0.9953383745898798 2804.7
28048 0.9953427005269899 2804.8
28049 0.9953470295783226 2804.9
28050 0.9953513617617682 2805
28051 0.9953556970838643 2805.1
28052 0.9953600355447092 2805.2
28053 0.9953643771391167 2805.3
28054 0.9953687218561035 2805.4
28055 0.9953730696786266 2805.5
28056 0.9953774205793704 2805.6
28057 0.9953817745272127 2805.7
28058 0.9953861314891627 2805.8
28059 0.9953904914097935 2805.9
28060 0.9953948542304666 2806
28061 0.9953992199210427 2806.1
28062 0.9954035884498239 2806.2
28063 0.9954079597823952 2806.3
28064 0.9954123338750993 2806.4
28065 0.9954167106799444 2806.5
28066 0.9954210901524344 2806.6
28067 0.9954254722503932 2806.7
28068 0.995429856932883 2806.8
28069 0.9954342441597528 2806.9
28070 0.9954385732350076 2807
28071 0.9954428862160034 2807.1
28072 0.9954472066501719 2807.2
28073 0.9954515342959146 2807.3
28074 0.9954558687923986 2807.4
28075 0.9954602097280462 2807.5
28076 0.9954645566805708 2807.6
28077 0.9954689092395493 2807.7
28078 0.995473267018266 2807.8
28079 0.9954776296603124 2807.9
28080 0.9954819968420704 2808
28081 0.9954863682730568 2808.1
28082 0.9954907436939883 2808.2
28083 0.995495122867913 2808.3
28084 0.9954995055922159 2808.4
28085 0.9955038916939011 2808.5
28086 0.9955082810252323 2808.6
28087 0.9955126734599136 2808.7
28088 0.9955170688915795 2808.8
28089 0.9955214672291967 2808.9
28090 0.9955258683942124 2809
28091 0.9955302723188177 2809.1
28092 0.9955346789322221 2809.2
28093 0.9955390881748306 2809.3
28094 0.9955434999949362 2809.4
28095 0.9955479143407959 2809.5
28096 0.9955523311848682 2809.6
28097 0.995556750509083 2809.7
28098 0.9955611722970473 2809.8
28099 0.9955655965291836 2809.9
28100 0.9955700231806154 2810
28101 0.9955744522203176 2810.1
28102 0.9955788836109328 2810.2
28103 0.9955833173080734 2810.3
28104 0.9955877532517656 2810.4
28105 0.9955921913951522 2810.5
28106 0.9955965689239276 2810.6
28107 0.9956009444604044 2810.7
28108 0.9956053191663891 2810.8
28109 0.9956096933265475 2810.9
28110 0.9956140672353231 2811
28111 0.9956184411895465 2811.1
28112 0.9956228154816729 2811.2
28113 0.9956271903958677 2811.3
28114 0.9956315662036253 2811.4
28115 0.995635837305099 2811.5
28116 0.9956400856042165 2811.6
28117 0.9956443425249686 2811.7
28118 0.9956486078679221 2811.8
28119 0.9956528813007203 2811.9
28120 0.9956571624327508 2812
28121 0.995661450857098 2812.1
28122 0.9956657461744224 2812.2
28123 0.9956700480051522 2812.3
28124 0.9956743560008433 2812.4
28125 0.9956786698415677 2812.5
28126 0.9956829892239794 2812.6
28127 0.9956873138612098 2812.7
28128 0.9956916434820335 2812.8
28129 0.9956959756471659 2812.9
28130 0.9957002022931789 2813
28131 0.995704440239678 2813.1
28132 0.9957086891362883 2813.2
28133 0.9957129483965361 2813.3
28134 0.9957172087205058 2813.4
28135 0.9957213723984213 2813.5
28136 0.9957255523618367 2813.6
28137 0.9957297476201672 2813.7
28138 0.9957339571630374 2813.8
28139 0.9957381800016191 2813.9
28140 0.9957424151881362 2814
28141 0.9957466618311753 2814.1
28142 0.9957509190900925 2814.2
28143 0.9957551861812729 2814.3
28144 0.9957594623892998 2814.4
28145 0.9957637470502915 2814.5
28146 0.9957680395518591 2814.6
28147 0.9957723393239543 2814.7
28148 0.9957766458319386 2814.8
28149 0.9957809585720224 2814.9
28150 0.9957852770660596 2815
28151 0.9957896008601873 2815.1
28152 0.9957939295250631 2815.2
28153 0.9957982626541454 2815.3
28154 0.9958025998625442 2815.4
28155 0.9958069407862922 2815.5
28156 0.9958112850813311 2815.6
28157 0.9958156324231595 2815.7
28158 0.9958199825066588 2815.8
28159 0.9958243350446478 2815.9
28160 0.9958286897670616 2816
28161 0.9958330464204788 2816.1
28162 0.9958374047676122 2816.2
28163 0.9958417645866472 2816.3
28164 0.9958461256703629 2816.4
28165 0.9958504878255212 2816.5
28166 0.9958548508719665 2816.6
28167 0.9958592146418782 2816.7
28168 0.995863578979014 2816.8
28169 0.9958679437380822 2816.9
28170 0.9958723087840606 2817
28171 0.9958766739912652 2817.1
28172 0.9958810392428851 2817.2
28173 0.9958854044301859 2817.3
28174 0.9958897694519198 2817.4
28175 0.9958941283837019 2817.5
28176 0.9958983523080925 2817.6
28177 0.9959025846230257 2817.7
28178 0.9959068250323946 2817.8
28179 0.9959110729561232 2817.9
28180 0.9959153276765329 2818
28181 0.9959195884262976 2818.1
28182 0.9959238543637774 2818.2
28183 0.9959281247740187 2818.3
28184 0.9959323990596106 2818.4
28185 0.9959366766554629 2818.5
28186 0.9959409570420457 2818.6
28187 0.9959452397406942 2818.7
28188 0.9959495243182502 2818.8
28189 0.9959538103950593 2818.9
28190 0.9959580976371747 2819
28191 0.9959623857437515 2819.1
28192 0.9959666744301455 2819.2
28193 0.9959709634381385 2819.3
28194 0.9959752525278933 2819.4
28195 0.9959795414705152 2819.5
28196 0.9959838300464311 2819.6
28197 0.995988118045484 2819.7
28198 0.9959924052641247 2819.8
28199 0.9959966915033536 2819.9
28200 0.9960009765696177 2820
28201 0.9960051739011462 2820.1
28202 0.996009327339016 2820.2
28203 0.9960134809335889 2820.3
28204 0.9960176343186875 2820.4
28205 0.9960217870996873 2820.5
28206 0.996025938855106 2820.6
28207 0.9960300616684333 2820.7
28208 0.9960340602899003 2820.8
28209 0.9960380587209771 2820.9
28210 0.9960420566006556 2821
28211 0.9960458818219298 2821.1
28212 0.9960495634805511 2821.2
28213 0.9960532574580583 2821.3
28214 0.9960569630759878 2821.4
28215 0.9960606791539819 2821.5
28216 0.9960644044686503 2821.6
28217 0.9960681324215703 2821.7
28218 0.9960718384278547 2821.8
28219 0.9960755496905029 2821.9
28220 0.9960792654528854 2822
28221 0.9960829850827478 2822.1
28222 0.996086708040156 2822.2
28223 0.9960904338666773 2822.3
28224 0.9960941194174487 2822.4
28225 0.9960977840988066 2822.5
28226 0.9961014546164604 2822.6
28227 0.996105130725831 2822.7
28228 0.9961088121879078 2822.8
28229 0.9961124987734773 2822.9
28230 0.9961161902648421 2823
28231 0.996119886450082 2823.1
28232 0.9961235871240894 2823.2
28233 0.9961272920905591 2823.3
28234 0.996131001162032 2823.4
28235 0.9961347141596595 2823.5
28236 0.9961382030911397 2823.6
28237 0.9961416922371549 2823.7
28238 0.9961451990293078 2823.8
28239 0.996148722527567 2823.9
28240 0.9961522615516106 2824
28241 0.9961558147331691 2824.1
28242 0.9961593807100896 2824.2
28243 0.9961629582244544 2824.3
28244 0.9961665461616972 2824.4
28245 0.9961701435273959 2824.5
28246 0.9961737494716677 2824.6
28247 0.9961773632726293 2824.7
28248 0.9961809843134114 2824.8
28249 0.9961846120649375 2824.9
28250 0.9961882460662246 2825
28251 0.996191852468749 2825.1
28252 0.9961952050847649 2825.2
28253 0.9961985800277314 2825.3
28254 0.9962019765156912 2825.4
28255 0.9962053931143049 2825.5
28256 0.9962088281262607 2825.6
28257 0.9962122798596781 2825.7
28258 0.9962157467488751 2825.8
28259 0.9962192273757615 2825.9
28260 0.9962227205134132 2826
28261 0.9962262251012232 2826.1
28262 0.9962295567182412 2826.2
28263 0.9962327130290709 2826.3
28264 0.9962358927850191 2826.4
28265 0.9962390123888606 2826.5
28266 0.9962421519643073 2826.6
28267 0.9962453120828921 2826.7
28268 0.9962484912162515 2826.8
28269 0.996251687884335 2826.9
28270 0.9962548415062857 2827
28271 0.9962576982574751 2827.1
28272 0.9962605756468694 2827.2
28273 0.9962634730018829 2827.3
28274 0.9962663897274742 2827.4
28275 0.9962693252542967 2827.5
28276 0.9962722790320147 2827.6
28277 0.9962752505353664 2827.7
28278 0.9962782392780696 2827.8
28279 0.9962812448152522 2827.9
28280 0.9962842667135237 2828
28281 0.9962873045529927 2828.1
28282 0.9962903579288759 2828.2
28283 0.9962934264566834 2828.3
28284 0.9962965097735185 2828.4
28285 0.9962996075368017 2828.5
28286 0.9963027194808095 2828.6
28287 0.9963058453301274 2828.7
28288 0.9963089847741908 2828.8
28289 0.9963121375119645 2828.9
28290 0.9963153032536908 2829
28291 0.9963184817212567 2829.1
28292 0.9963216726473365 2829.2
28293 0.9963248118939608 2829.3
28294 0.9963278945761914 2829.4
28295 0.9963309981792448 2829.5
28296 0.9963341221209905 2829.6
28297 0.9963372657059529 2829.7
28298 0.9963404282001636 2829.8
28299 0.9963436088715238 2829.9
28300 0.9963468070114697 2830
28301 0.9963500219453435 2830.1
28302 0.9963532530372091 2830.2
28303 0.9963564996918213 2830.3
28304 0.9963597613534318 2830.4
28305 0.9963630375049116 2830.5
28306 0.9963663276667071 2830.6
28307 0.9963696313952483 2830.7
28308 0.9963729482805889 2830.8
28309 0.9963762779434957 2830.9
28310 0.996379620034779 2831
28311 0.996382974231889 2831.1
28312 0.9963863402323314 2831.2
28313 0.9963897177431703 2831.3
28314 0.9963931065012851 2831.4
28315 0.9963965062693534 2831.5
28316 0.9963999168312102 2831.6
28317 0.9964033379848436 2831.7
28318 0.9964067695379902 2831.8
28319 0.9964102113064198 2831.9
28320 0.9964136631132059 2832
28321 0.9964171247870943 2832.1
28322 0.9964205961646334 2832.2
28323 0.9964240771096448 2832.3
28324 0.9964275674983443 2832.4
28325 0.9964310672093473 2832.5
28326 0.996434576124011 2832.6
28327 0.9964380941265198 2832.7
28328 0.9964416211035104 2832.8
28329 0.9964451569428076 2832.9
28330 0.996448701532715 2833
28331 0.9964522547642753 2833.1
28332 0.9964557907791564 2833.2
28333 0.9964593275612088 2833.3
28334 0.9964628721300076 2833.4
28335 0.9964664245429559 2833.5
28336 0.9964699848630507 2833.6
28337 0.9964735531496458 2833.7
28338 0.9964771294475367 2833.8
28339 0.9964807137895419 2833.9
28340 0.9964843061956503 2834
28341 0.9964879066721468 2834.1
28342 0.9964915152110699 2834.2
28343 0.9964951317899382 2834.3
28344 0.9964987563715155 2834.4
28345 0.9965023889038309 2834.5
28346 0.9965060293202367 2834.6
28347 0.9965096775393594 2834.7
28348 0.9965133334655253 2834.8
28349 0.9965169969889367 2834.9
28350 0.9965206679862156 2835
28351 0.9965243463220816 2835.1
28352 0.9965280318489054 2835.2
28353 0.9965317244060615 2835.3
28354 0.9965354238207459 2835.4
28355 0.9965391299088142 2835.5
28356 0.99654284247542 2835.6
28357 0.9965465613162889 2835.7
28358 0.9965502862174197 2835.8
28359 0.9965540169581846 2835.9
28360 0.9965577533125434 2836
28361 0.9965614950476128 2836.1
28362 0.9965652419219282 2836.2
28363 0.9965689936851715 2836.3
28364 0.9965727500787268 2836.4
28365 0.9965765108370314 2836.5
28366 0.9965802756886429 2836.6
28367 0.9965840443575633 2836.7
28368 0.9965878165642909 2836.8
28369 0.9965915920311126 2836.9
28370 0.9965953704891857 2837
28371 0.99659915168122 2837.1
28372 0.9966029353471745 2837.2
28373 0.9966067212210968 2837.3
28374 0.9966105090333643 2837.4
28375 0.99661429851203 2837.5
28376 0.9966180893839141 2837.6
28377 0.9966218813753319 2837.7
28378 0.9966256742129206 2837.8
28379 0.9966294676240411 2837.9
28380 0.9966332613436458 2838
28381 0.9966370551109157 2838.1
28382 0.9966408486614776 2838.2
28383 0.9966446417303992 2838.3
28384 0.9966484340540551 2838.4
28385 0.9966522253715988 2838.5
28386 0.9966560154254316 2838.6
28387 0.9966598039626168 2838.7
28388 0.9966635907351822 2838.8
28389 0.9966673755008838 2838.9
28390 0.996671158023269 2839
28391 0.9966749318021879 2839.1
28392 0.9966786288079992 2839.2
28393 0.9966823224167359 2839.3
28394 0.9966860124537923 2839.4
28395 0.996689698704588 2839.5
28396 0.9966933809468836 2839.6
28397 0.9966970589694845 2839.7
28398 0.9967007325759391 2839.8
28399 0.9967044015834372 2839.9
28400 0.9967080658221644 2840
28401 0.9967117251325031 2840.1
28402 0.9967153793655464 2840.2
28403 0.9967190283885434 2840.3
28404 0.9967226720822716 2840.4
28405 0.9967263103435146 2840.5
28406 0.9967299430865534 2840.6
28407 0.9967335702370973 2840.7
28408 0.996737191741372 2840.8
28409 0.9967408075637407 2840.9
28410 0.9967444176841449 2841
28411 0.9967480097343063 2841.1
28412 0.9967514781416656 2841.2
28413 0.9967549444936209 2841.3
28414 0.9967584087476046 2841.4
28415 0.9967618708240099 2841.5
28416 0.9967653306448673 2841.6
28417 0.9967687881342946 2841.7
28418 0.9967722432094889 2841.8
28419 0.9967756958014062 2841.9
28420 0.9967791458538785 2842
28421 0.9967825933083018 2842.1
28422 0.9967860381262887 2842.2
28423 0.9967894802941322 2842.3
28424 0.9967929198188142 2842.4
28425 0.9967963567249216 2842.5
28426 0.9967997910523765 2842.6
28427 0.9968032228551185 2842.7
28428 0.9968066521998307 2842.8
28429 0.9968100791641904 2842.9
28430 0.9968135038363038 2843
28431 0.9968169263149739 2843.1
28432 0.9968203467088057 2843.2
28433 0.9968237651358367 2843.3
28434 0.9968271817228813 2843.4
28435 0.9968305965959808 2843.5
28436 0.996834009882315 2843.6
28437 0.9968374217256062 2843.7
28438 0.9968408299202768 2843.8
28439 0.9968441970218169 2843.9
28440 0.996847567304108 2844
28441 0.9968509408786874 2844.1
28442 0.9968543178387659 2844.2
28443 0.9968576982715692 2844.3
28444 0.9968610822633905 2844.4
28445 0.9968644699017122 2844.5
28446 0.9968678612755647 2844.6
28447 0.9968712564745654 2844.7
28448 0.9968746555878212 2844.8
28449 0.9968780587059669 2844.9
28450 0.9968814659203454 2845
28451 0.9968848773223959 2845.1
28452 0.9968882930027581 2845.2
28453 0.9968917130884033 2845.3
28454 0.9968951376777864 2845.4
28455 0.9968985668516692 2845.5
28456 0.9969020006886338 2845.6
28457 0.9969054392647501 2845.7
28458 0.9969088826537362 2845.8
28459 0.9969123309266456 2845.9
28460 0.9969157841517658 2846
28461 0.9969192423938185 2846.1
28462 0.9969227057139135 2846.2
28463 0.9969261669501313 2846.3
28464 0.9969296143535715 2846.4
28465 0.9969330569012544 2846.5
28466 0.9969365046100054 2846.6
28467 0.9969399574133329 2846.7
28468 0.996943415246143 2846.8
28469 0.9969468780486256 2846.9
28470 0.9969503457676226 2847
28471 0.9969538183575561 2847.1
28472 0.9969572957806644 2847.2
28473 0.996960778004631 2847.3
28474 0.9969642650018095 2847.4
28475 0.996967756748917 2847.5
28476 0.9969712532264254 2847.6
28477 0.9969747544176071 2847.7
28478 0.9969782603077998 2847.8
28479 0.9969817708839008 2847.9
28480 0.9969852861335587 2848
28481 0.9969888060445733 2848.1
28482 0.9969923306045214 2848.2
28483 0.9969958598003703 2848.3
28484 0.9969993936179248 2848.4
28485 0.9970029320399113 2848.5
28486 0.9970064750767251 2848.6
28487 0.9970100227270898 2848.7
28488 0.9970135749801626 2848.8
28489 0.9970171318182186 2848.9
28490 0.9970206932188884 2849
28491 0.9970242591539499 2849.1
28492 0.9970278295927631 2849.2
28493 0.9970314045036578 2849.3
28494 0.9970349838539493 2849.4
28495 0.9970385676099589 2849.5
28496 0.9970421557372715 2849.6
28497 0.9970457482006374 2849.7
28498 0.9970493449660423 2849.8
28499 0.9970529459986731 2849.9
28500 0.9970565512621908 2850
28501 0.9970601607197452 2850.1
28502 0.9970637743309959 2850.2
28503 0.9970673920544801 2850.3
28504 0.997071013849344 2850.4
28505 0.9970746396757169 2850.5
28506 0.9970782694907482 2850.6
28507 0.9970819032491888 2850.7
28508 0.997085540903795 2850.8
28509 0.9970891824039209 2850.9
28510 0.9970928276965101 2851
28511 0.9970964767263253 2851.1
28512 0.9971001294362215 2851.2
28513 0.9971037857651156 2851.3
28514 0.9971074456486962 2851.4
28515 0.9971111090197158 2851.5
28516 0.9971147758076974 2851.6
28517 0.9971184459392839 2851.7
28518 0.9971221193396238 2851.8
28519 0.9971257959293626 2851.9
28520 0.9971294756249882 2852
28521 0.9971331583387616 2852.1
28522 0.9971368439790016 2852.2
28523 0.9971405324548511 2852.3
28524 0.9971442237003479 2852.4
28525 0.9971479176347212 2852.5
28526 0.997151614182087 2852.6
28527 0.997155313271065 2852.7
28528 0.997159014834671 2852.8
28529 0.9971627188033267 2852.9
28530 0.9971664251017899 2853
28531 0.9971701336482286 2853.1
28532 0.9971738443538395 2853.2
28533 0.9971775571217604 2853.3
28534 0.9971812718481822 2853.4
28535 0.9971849884227714 2853.5
28536 0.997188706729002 2853.6
28537 0.9971924266442325 2853.7
28538 0.9971961480396518 2853.8
28539 0.9971998707791899 2853.9
28540 0.9972035947205556 2854
28541 0.9972073197168015 2854.1
28542 0.9972110456167184 2854.2
28543 0.9972147722650532 2854.3
28544 0.9972184995029766 2854.4
28545 0.9972222271686894 2854.5
28546 0.9972259550979539 2854.6
28547 0.997229683124901 2854.7
28548 0.9972334110822426 2854.8
28549 0.9972371388020707 2854.9
28550 0.9972408661199852 2855
28551 0.9972445928715866 2855.1
28552 0.9972483188923517 2855.2
28553 0.9972520440180476 2855.3
28554 0.9972557680852185 2855.4
28555 0.9972594909323165 2855.5
28556 0.9972632123996492 2855.6
28557 0.9972669323306455 2855.7
28558 0.9972706505717234 2855.8
28559 0.9972743669720322 2855.9
28560 0.9972780813835758 2856
28561 0.9972817936612447 2856.1
28562 0.9972855036624789 2856.2
28563 0.9972892112480263 2856.3
28564 0.9972929162823463 2856.4
28565 0.9972966186338039 2856.5
28566 0.9973003181746548 2856.6
28567 0.9973040147815991 2856.7
28568 0.9973077083368376 2856.8
28569 0.9973113987277935 2856.9
28570 0.9973150858473747 2857
28571 0.9973187695939167 2857.1
28572 0.9973224498709164 2857.2
28573 0.9973261265867035 2857.3
28574 0.9973297996563619 2857.4
28575 0.9973334690001832 2857.5
28576 0.9973371345381397 2857.6
28577 0.9973407961854284 2857.7
28578 0.9973444538688038 2857.8
28579 0.997348107523728 2857.9
28580 0.9973517570907477 2858
28581 0.997355402514295 2858.1
28582 0.9973590437429469 2858.2
28583 0.9973626807345993 2858.3
28584 0.9973663134552562 2858.4
28585 0.9973699418782336 2858.5
28586 0.9973735659836855 2858.6
28587 0.9973771857578825 2858.7
28588 0.9973808011929778 2858.8
28589 0.9973844122867612 2858.9
28590 0.9973880190418879 2859
28591 0.9973916214657742 2859.1
28592 0.9973952195701051 2859.2
28593 0.9973988133699723 2859.3
28594 0.9974022992196248 2859.4
28595 0.9974057765566691 2859.5
28596 0.9974092530972665 2859.6
28597 0.9974127287847644 2859.7
28598 0.9974162035484536 2859.8
28599 0.9974196773231447 2859.9
28600 0.9974231500548357 2860
28601 0.9974266216930919 2860.1
28602 0.9974300921867724 2860.2
28603 0.9974335614942824 2860.3
28604 0.997437029575368 2860.4
28605 0.9974404964004383 2860.5
28606 0.9974439619546716 2860.6
28607 0.9974474262368347 2860.7
28608 0.997450889257775 2860.8
28609 0.9974543510393863 2860.9
28610 0.9974578116140866 2861
28611 0.9974612710234015 2861.1
28612 0.9974647293175188 2861.2
28613 0.9974681865550264 2861.3
28614 0.9974716428020747 2861.4
28615 0.997475098131684 2861.5
28616 0.9974785526233638 2861.6
28617 0.9974820063632428 2861.7
28618 0.9974854595040814 2861.8
28619 0.9974889121398214 2861.9
28620 0.99749236436413 2862
28621 0.9974958162750177 2862.1
28622 0.9974992679745939 2862.2
28623 0.9975027195688191 2862.3
28624 0.9975061711660543 2862.4
28625 0.9975096228769452 2862.5
28626 0.9975130748154256 2862.6
28627 0.997516527099465 2862.7
28628 0.9975199798502747 2862.8
28629 0.9975234331917435 2862.9
28630 0.9975268872492492 2863
28631 0.9975303421491428 2863.1
28632 0.9975337696734076 2863.2
28633 0.9975371731868458 2863.3
28634 0.9975405812579139 2863.4
28635 0.9975439938944746 2863.5
28636 0.9975474110218425 2863.6
28637 0.9975508325246664 2863.7
28638 0.9975542582721659 2863.8
28639 0.9975576881327841 2863.9
28640 0.9975611219820298 2864
28641 0.9975645597069356 2864.1
28642 0.9975680012078537 2864.2
28643 0.99757144640176 2864.3
28644 0.9975748952208999 2864.4
28645 0.9975783476096129 2864.5
28646 0.9975818035234256 2864.6
28647 0.99758526292822 2864.7
28648 0.9975887257975951 2864.8
28649 0.9975921921114669 2864.9
28650 0.9975956618572079 2865
28651 0.9975991350283749 2865.1
28652 0.9976026116234885 2865.2
28653 0.9976060916441188 2865.3
28654 0.9976095750939796 2865.4
28655 0.9976130619776054 2865.5
28656 0.9976165522995748 2865.6
28657 0.9976200460635299 2865.7
28658 0.9976235432715825 2865.8
28659 0.9976270439229146 2865.9
28660 0.9976305480142083 2866
28661 0.9976340555395846 2866.1
28662 0.997637566489943 2866.2
28663 0.9976410808527684 2866.3
28664 0.9976445986117713 2866.4
28665 0.997648119746475 2866.5
28666 0.9976516442322223 2866.6
28667 0.9976551720400114 2866.7
28668 0.997658703132226 2866.8
28669 0.9976622374693292 2866.9
28670 0.9976657750105773 2867
28671 0.9976693157119022 2867.1
28672 0.9976728595256237 2867.2
28673 0.9976764063991201 2867.3
28674 0.9976799562745952 2867.4
28675 0.9976835090886186 2867.5
28676 0.9976870647714015 2867.6
28677 0.997690623247391 2867.7
28678 0.9976941844356049 2867.8
28679 0.997697748250277 2867.9
28680 0.9977013146054743 2868
28681 0.9977048834305816 2868.1
28682 0.9977084546529101 2868.2
28683 0.9977120281949252 2868.3
28684 0.9977156039732227 2868.4
28685 0.9977191818880137 2868.5
28686 0.9977227618427678 2868.6
28687 0.9977263437398145 2868.7
28688 0.9977299274787518 2868.8
28689 0.9977335129550957 2868.9
28690 0.9977371000596181 2869
28691 0.9977406886755928 2869.1
28692 0.997744278680055 2869.2
28693 0.9977478699444023 2869.3
28694 0.9977514623343946 2869.4
28695 0.997755055709498 2869.5
28696 0.9977586499227619 2869.6
28697 0.9977622448213413 2869.7
28698 0.9977658402455696 2869.8
28699 0.997769436030462 2869.9
28700 0.9977730320072126 2870
28701 0.9977766280032166 2870.1
28702 0.9977802238427249 2870.2
28703 0.9977838193474741 2870.3
28704 0.9977874143369967 2870.4
28705 0.9977910086294137 2870.5
28706 0.9977946020416896 2870.6
28707 0.9977981943903769 2870.7
28708 0.9978017854921571 2870.8
28709 0.9978053751644315 2870.9
28710 0.9978089632257253 2871
28711 0.9978125494961039 2871.1
28712 0.9978161337981444 2871.2
28713 0.9978197159572897 2871.3
28714 0.99782329580186 2871.4
28715 0.9978268731632133 2871.5
28716 0.9978304478764072 2871.6
28717 0.99783401978058 2871.7
28718 0.997837562630134 2871.8
28719 0.9978410555429381 2871.9
28720 0.9978445496428112 2872
28721 0.9978480446435493 2872.1
28722 0.9978515401541133 2872.2
28723 0.9978550357352289 2872.3
28724 0.9978585309349027 2872.4
28725 0.9978620253055501 2872.5
28726 0.9978655184066921 2872.6
28727 0.9978690098305483 2872.7
28728 0.9978724992017176 2872.8
28729 0.9978759861758832 2872.9
28730 0.9978794704385007 2873
28731 0.9978829517028821 2873.1
28732 0.9978864297074288 2873.2
28733 0.9978899042150606 2873.3
28734 0.9978933750121319 2873.4
28735 0.9978968419062326 2873.5
28736 0.9979003047222128 2873.6
28737 0.9979037632987143 2873.7
28738 0.9979072174939172 2873.8
28739 0.9979106671821436 2873.9
28740 0.9979141122545931 2874
28741 0.9979175526163157 2874.1
28742 0.9979209881847345 2874.2
28743 0.9979243065789749 2874.3
28744 0.9979276000552154 2874.4
28745 0.9979308916486418 2874.5
28746 0.9979341812175767 2874.6
28747 0.9979374686061013 2874.7
28748 0.9979407536598057 2874.8
28749 0.9979440362146497 2874.9
28750 0.9979473161069567 2875
28751 0.9979505931843834 2875.1
28752 0.9979538673181367 2875.2
28753 0.9979571384062332 2875.3
28754 0.9979604063698854 2875.4
28755 0.997963671148856 2875.5
28756 0.9979669326971209 2875.6
28757 0.9979701909720565 2875.7
28758 0.9979734459151484 2875.8
28759 0.9979766974784245 2875.9
28760 0.9979799456256472 2876
28761 0.9979831903317501 2876.1
28762 0.9979864315819077 2876.2
28763 0.9979896693737071 2876.3
28764 0.9979929037296954 2876.4
28765 0.9979961058924139 2876.5
28766 0.9979992435708588 2876.6
28767 0.9980023827364397 2876.7
28768 0.9980055233956815 2876.8
28769 0.9980086655263779 2876.9
28770 0.9980118090968924 2877
28771 0.9980149540794131 2877.1
28772 0.9980181004562415 2877.2
28773 0.9980212482223064 2877.3
28774 0.9980243973804112 2877.4
28775 0.9980275479446742 2877.5
28776 0.9980306999389935 2877.6
28777 0.9980338533904483 2877.7
28778 0.998037008329824 2877.8
28779 0.9980401647909147 2877.9
28780 0.9980433228134695 2878
28781 0.9980464824424407 2878.1
28782 0.9980496062210279 2878.2
28783 0.9980526761453775 2878.3
28784 0.9980557534754325 2878.4
28785 0.998058838067196 2878.5
28786 0.9980619296399507 2878.6
28787 0.9980650278504548 2878.7
28788 0.9980681323349408 2878.8
28789 0.9980712427344289 2878.9
28790 0.9980743587098407 2879
28791 0.9980774799457538 2879.1
28792 0.9980806061649458 2879.2
28793 0.9980837371242123 2879.3
28794 0.9980868726112146 2879.4
28795 0.9980900124413854 2879.5
28796 0.998093156457999 2879.6
28797 0.9980963045234248 2879.7
28798 0.9980994565145828 2879.8
28799 0.9981026123304155 2879.9
28800 0.9981057718860312 2880
28801 0.9981089351084997 2880.1
28802 0.9981121019339668 2880.2
28803 0.9981152723052953 2880.3
28804 0.9981184461700964 2880.4
28805 0.9981216234791365 2880.5
28806 0.9981248041843165 2880.6
28807 0.998127988237354 2880.7
28808 0.998131175589105 2880.8
28809 0.9981343661890595 2880.9
28810 0.9981375599833942 2881
28811 0.9981407569164845 2881.1
28812 0.9981439569307677 2881.2
28813 0.9981471599660016 2881.3
28814 0.9981503659594575 2881.4
28815 0.9981535748465025 2881.5
28816 0.9981567865603981 2881.6
28817 0.9981600010323102 2881.7
28818 0.9981632181909912 2881.8
28819 0.9981664379628979 2881.9
28820 0.9981696602718817 2882
28821 0.9981728850395619 2882.1
28822 0.9981761121861263 2882.2
28823 0.9981793416304247 2882.3
28824 0.9981825732902603 2882.4
28825 0.9981858070816882 2882.5
28826 0.998189042918989 2882.6
28827 0.9981922807157027 2882.7
28828 0.9981955028949084 2882.8
28829 0.9981987183217533 2882.9
28830 0.9982019350034603 2883
28831 0.9982051530185858 2883.1
28832 0.9982082703919495 2883.2
28833 0.9982113777640758 2883.3
28834 0.9982144937851545 2883.4
28835 0.9982176181757721 2883.5
28836 0.9982207505150469 2883.6
28837 0.9982238903130897 2883.7
28838 0.9982270370374104 2883.8
28839 0.9982301901558601 2883.9
28840 0.9982333492652813 2884
28841 0.9982365139758843 2884.1
28842 0.9982396839188156 2884.2
28843 0.9982428587484454 2884.3
28844 0.9982460381369929 2884.4
28845 0.9982492217926372 2884.5
28846 0.9982524094555921 2884.6
28847 0.9982556008844022 2884.7
28848 0.9982587958512863 2884.8
28849 0.9982619941392707 2884.9
28850 0.998265195539751 2885
28851 0.9982683998504596 2885.1
28852 0.9982716068742853 2885.2
28853 0.9982748164176973 2885.3
28854 0.9982780282898451 2885.4
28855 0.9982812423017958 2885.5
28856 0.9982844582659042 2885.6
28857 0.9982876759953476 2885.7
28858 0.9982908953036932 2885.8
28859 0.9982941160046741 2885.9
28860 0.9982973379118594 2886
28861 0.9983005608386254 2886.1
28862 0.9983037845980346 2886.2
28863 0.9983070090027328 2886.3
28864 0.998310233864999 2886.4
28865 0.9983134589972982 2886.5
28866 0.9983166842122604 2886.6
28867 0.9983199093228032 2886.7
28868 0.9983231341422671 2886.8
28869 0.9983263584847593 2886.9
28870 0.9983295821651746 2887
28871 0.9983327503306108 2887.1
28872 0.998335827978041 2887.2
28873 0.998338913157421 2887.3
28874 0.9983420053730336 2887.4
28875 0.9983451038338258 2887.5
28876 0.9983482076521436 2887.6
28877 0.9983513160364367 2887.7
28878 0.9983544282109816 2887.8
28879 0.9983575207992921 2887.9
28880 0.9983605674340736 2888
28881 0.9983636147230139 2888.1
28882 0.9983666621433821 2888.2
28883 0.9983697091793523 2888.3
28884 0.9983727553436037 2888.4
28885 0.9983758002034891 2888.5
28886 0.9983788433781046 2888.6
28887 0.998381884532126 2888.7
28888 0.9983849233740484 2888.8
28889 0.9983879596485635 2888.9
28890 0.9983909931293159 2889
28891 0.9983940236105253 2889.1
28892 0.9983970508955673 2889.2
28893 0.9984000747994083 2889.3
28894 0.9984030951617568 2889.4
28895 0.9984061118409988 2889.5
28896 0.998409124710841 2889.6
28897 0.9984121336578488 2889.7
28898 0.9984151385801331 2889.8
28899 0.9984181393860676 2889.9
28900 0.9984211359943832 2890
28901 0.9984241283330939 2890.1
28902 0.9984269649644774 2890.2
28903 0.998429771485587 2890.3
28904 0.9984325842313503 2890.4
28905 0.9984354024945169 2890.5
28906 0.9984382255212105 2890.6
28907 0.9984410524875258 2890.7
28908 0.9984438824900524 2890.8
28909 0.9984467146263341 2890.9
28910 0.9984495480758006 2891
28911 0.9984523326129167 2891.1
28912 0.998455037842622 2891.2
28913 0.9984577474258953 2891.3
28914 0.9984604608843252 2891.4
28915 0.9984631777591269 2891.5
28916 0.9984658976269135 2891.6
28917 0.9984686200752885 2891.7
28918 0.9984713447758128 2891.8
28919 0.9984740714341708 2891.9
28920 0.998476799790128 2892
28921 0.9984795296160864 2892.1
28922 0.998482260714796 2892.2
28923 0.9984849681860768 2892.3
28924 0.9984874732567506 2892.4
28925 0.9984899923107391 2892.5
28926 0.9984925247737891 2892.6
28927 0.998495069856068 2892.7
28928 0.9984976265075262 2892.8
28929 0.9985001935832948 2892.9
28930 0.9985027699859955 2893
28931 0.99850535472709 2893.1
28932 0.9985079469531039 2893.2
28933 0.9985105459090308 2893.3
28934 0.9985131509625096 2893.4
28935 0.998515761581384 2893.5
28936 0.9985183773170582 2893.6
28937 0.9985209977881512 2893.7
28938 0.9985235114941535 2893.8
28939 0.9985258806968982 2893.9
28940 0.9985282684778791 2894
28941 0.9985306740167242 2894.1
28942 0.9985330960790439 2894.2
28943 0.9985355333032189 2894.3
28944 0.9985379843728506 2894.4
28945 0.9985404480857339 2894.5
28946 0.9985429233583548 2894.6
28947 0.9985454092537567 2894.7
28948 0.9985478216065086 2894.8
28949 0.9985500379865452 2894.9
28950 0.9985522774160677 2895
28951 0.9985545387120598 2895.1
28952 0.9985568203938369 2895.2
28953 0.998559121015384 2895.3
28954 0.998561439179761 2895.4
28955 0.9985637735874575 2895.5
28956 0.9985660793129955 2895.6
28957 0.9985681191457243 2895.7
28958 0.9985701773830985 2895.8
28959 0.9985722534704308 2895.9
28960 0.9985743468654511 2896
28961 0.9985764570458826 2896.1
28962 0.9985785835079921 2896.2
28963 0.998580725765094 2896.3
28964 0.9985828833465471 2896.4
28965 0.998585055796851 2896.5
28966 0.9985872426746466 2896.6
28967 0.9985894435518083 2896.7
28968 0.9985916580127601 2896.8
28969 0.9985938856538005 2896.9
28970 0.9985961260825172 2897
28971 0.9985983789171654 2897.1
28972 0.9986006437861428 2897.2
28973 0.9986029203276546 2897.3
28974 0.9986052081891467 2897.4
28975 0.9986075070269665 2897.5
28976 0.9986098165059943 2897.6
28977 0.9986121362994076 2897.7
28978 0.9986144660882914 2897.8
28979 0.9986168055614184 2897.9
28980 0.9986191544150915 2898
28981 0.9986215123527653 2898.1
28982 0.9986238790848692 2898.2
28983 0.9986262543282067 2898.3
28984 0.9986286378059606 2898.4
28985 0.998631029247781 2898.5
28986 0.998633428389466 2898.6
28987 0.9986358349729255 2898.7
28988 0.998638248745808 2898.8
28989 0.9986406694616992 2898.9
28990 0.9986430968795198 2899
28991 0.9986455307634445 2899.1
28992 0.9986479708825399 2899.2
28993 0.9986504170104803 2899.3
28994 0.9986528689253602 2899.4
28995 0.9986553264094812 2899.5
28996 0.9986577892491388 2899.6
28997 0.9986602572344915 2899.7
28998 0.9986627301593907 2899.8
28999 0.9986652078212284 2899.9
29000 0.9986676900209148 2900
29001 0.9986701765622342 2900.1
29002 0.9986726672526883 2900.2
29003 0.9986751619032747 2900.3
29004 0.9986776603282931 2900.4
29005 0.9986801623453314 2900.5
29006 0.9986826677751819 2900.6
29007 0.9986851764418219 2900.7
29008 0.9986876881723796 2900.8
29009 0.9986902027972451 2900.9
29010 0.9986927201501088 2901
29011 0.998695240067652 2901.1
29012 0.9986977623897562 2901.2
29013 0.9987002869593329 2901.3
29014 0.9987028136224898 2901.4
29015 0.9987053422284664 2901.5
29016 0.9987078726295858 2901.6
29017 0.9987104046813576 2901.7
29018 0.9987129382424043 2901.8
29019 0.9987154731745406 2901.9
29020 0.998718009342525 2902
29021 0.9987205466146499 2902.1
29022 0.9987230848621185 2902.2
29023 0.9987256239592109 2902.3
29024 0.9987281637834752 2902.4
29025 0.9987307042156959 2902.5
29026 0.9987332451398562 2902.6
29027 0.9987357864465993 2902.7
29028 0.9987383280316292 2902.8
29029 0.9987408697921619 2902.9
29030 0.9987434116273027 2903
29031 0.9987459534375489 2903.1
29032 0.9987484951269852 2903.2
29033 0.998751036602623 2903.3
29034 0.998753577773962 2903.4
29035 0.9987561185528209 2903.5
29036 0.9987586588533837 2903.6
29037 0.9987611985925038 2903.7
29038 0.9987637376897817 2903.8
29039 0.9987662760677182 2903.9
29040 0.9987688136517134 2904
29041 0.9987713503703178 2904.1
29042 0.9987738778673183 2904.2
29043 0.9987763112505222 2904.3
29044 0.9987787467007851 2904.4
29045 0.9987811842176205 2904.5
29046 0.9987836237067705 2904.6
29047 0.9987860650323588 2904.7
29048 0.9987885080458611 2904.8
29049 0.9987909526011889 2904.9
29050 0.9987933985608276 2905
29051 0.9987958457960148 2905.1
29052 0.9987982941866216 2905.2
29053 0.9988007436219374 2905.3
29054 0.9988031939952076 2905.4
29055 0.9988056452148647 2905.5
29056 0.9988080972107574 2905.6
29057 0.9988105499252447 2905.7
29058 0.9988130033094885 2905.8
29059 0.998815457323749 2905.9
29060 0.9988179119359871 2906
29061 0.9988203671211018 2906.1
29062 0.9988228228603768 2906.2
29063 0.9988252791403596 2906.3
29064 0.9988277359529082 2906.4
29065 0.9988301932947079 2906.5
29066 0.9988326511667899 2906.6
29067 0.998835109573619 2906.7
29068 0.9988375685226689 2906.8
29069 0.9988400280247174 2906.9
29070 0.9988424880932846 2907
29071 0.9988449487442305 2907.1
29072 0.9988474099932882 2907.2
29073 0.9988498718586646 2907.3
29074 0.9988523343606687 2907.4
29075 0.9988547975212931 2907.5
29076 0.9988572613642485 2907.6
29077 0.9988597259155977 2907.7
29078 0.9988621912015943 2907.8
29079 0.9988646572485012 2907.9
29080 0.9988671240823558 2908
29081 0.9988695917288581 2908.1
29082 0.9988720602130879 2908.2
29083 0.9988745295592887 2908.3
29084 0.9988769997907232 2908.4
29085 0.9988794709295394 2908.5
29086 0.9988819429965142 2908.6
29087 0.9988844160109506 2908.7
29088 0.9988868899906522 2908.8
29089 0.9988893649517745 2908.9
29090 0.9988918409088267 2909
29091 0.9988943178745493 2909.1
29092 0.9988967958599471 2909.2
29093 0.9988992748741584 2909.3
29094 0.9989017549287942 2909.4
29095 0.9989042360353954 2909.5
29096 0.9989067182019327 2909.6
29097 0.9989092014327905 2909.7
29098 0.9989116857298275 2909.8
29099 0.9989141710923448 2909.9
29100 0.9989166575170934 2910
29101 0.9989191449984629 2910.1
29102 0.9989216335283878 2910.2
29103 0.9989241230964422 2910.3
29104 0.998926613690004 2910.4
29105 0.998929105294145 2910.5
29106 0.9989315978918258 2910.6
29107 0.9989340914638332 2910.7
29108 0.9989365859889233 2910.8
29109 0.9989390814438388 2910.9
29110 0.9989415778034231 2911
29111 0.9989440750406955 2911.1
29112 0.9989465731268826 2911.2
29113 0.9989490720311649 2911.3
29114 0.9989515717211686 2911.4
29115 0.9989540721630694 2911.5
29116 0.9989565733218055 2911.6
29117 0.9989590751609948 2911.7
29118 0.9989615776429556 2911.8
29119 0.9989640807289296 2911.9
29120 0.9989665843789278 2912
29121 0.9989690885520546 2912.1
29122 0.9989715932064619 2912.2
29123 0.9989740982994939 2912.3
29124 0.9989766037877668 2912.4
29125 0.9989791096272682 2912.5
29126 0.9989816157733826 2912.6
29127 0.9989841221810186 2912.7
29128 0.9989866288047332 2912.8
29129 0.9989891355987657 2912.9
29130 0.9989916425171498 2913
29131 0.9989941495138296 2913.1
29132 0.9989966565427075 2913.2
29133 0.9989991635577529 2913.3
29134 0.9990016705131635 2913.4
29135 0.9990041773633808 2913.5
29136 0.9990066840631669 2913.6
29137 0.9990091905678558 2913.7
29138 0.9990116968330457 2913.8
29139 0.999014202814819 2913.9
29140 0.999016708469838 2914
29141 0.999019213755451 2914.1
29142 0.9990217186296978 2914.2
29143 0.999024223051917 2914.3
29144 0.999026726982416 2914.4
29145 0.9990292303823738 2914.5
29146 0.999031733213896 2914.6
29147 0.9990342354401326 2914.7
29148 0.9990367370252601 2914.8
29149 0.9990392379345915 2914.9
29150 0.9990417381347012 2915
29151 0.9990442375934726 2915.1
29152 0.9990467362798804 2915.2
29153 0.99904923416421 2915.3
29154 0.9990517312182278 2915.4
29155 0.9990542274153524 2915.5
29156 0.9990567227301805 2915.6
29157 0.9990591564786208 2915.7
29158 0.9990615867872055 2915.8
29159 0.9990640182472962 2915.9
29160 0.9990664508191605 2916
29161 0.9990688844215552 2916.1
29162 0.9990713189564669 2916.2
29163 0.9990737543225147 2916.3
29164 0.9990761904216525 2916.4
29165 0.9990786271625722 2916.5
29166 0.99908106446208 2916.6
29167 0.9990835022453372 2916.7
29168 0.9990859404457101 2916.8
29169 0.9990883790041092 2916.9
29170 0.9990908178684524 2917
29171 0.9990932569928334 2917.1
29172 0.9990956963370208 2917.2
29173 0.9990981358656965 2917.3
29174 0.9991005755477149 2917.4
29175 0.9991030153557156 2917.5
29176 0.9991054552654005 2917.6
29177 0.9991078952550925 2917.7
29178 0.9991103353053671 2917.8
29179 0.9991127753986345 2917.9
29180 0.9991152155189269 2918
29181 0.9991176556521648 2918.1
29182 0.9991200957859084 2918.2
29183 0.9991225359016743 2918.3
29184 0.9991249759859134 2918.4
29185 0.9991274160292298 2918.5
29186 0.9991298560235778 2918.6
29187 0.9991322959618492 2918.7
29188 0.9991347358377773 2918.8
29189 0.9991371756453239 2918.9
29190 0.9991396153785418 2919
29191 0.9991420550314868 2919.1
29192 0.9991444945980007 2919.2
29193 0.9991469340717318 2919.3
29194 0.9991493734462539 2919.4
29195 0.9991518127147542 2919.5
29196 0.9991542518702035 2919.6
29197 0.9991566909054089 2919.7
29198 0.9991591298130466 2919.8
29199 0.9991615685855665 2919.9
29200 0.9991640072150381 2920
29201 0.9991664456966116 2920.1
29202 0.999168884027767 2920.2
29203 0.9991713222080116 2920.3
29204 0.9991737602337092 2920.4
29205 0.99917619809889 2920.5
29206 0.9991786357957373 2920.6
29207 0.9991810733144388 2920.7
29208 0.9991835106443366 2920.8
29209 0.9991859477739501 2920.9
29210 0.9991883846909914 2921
29211 0.9991908213822092 2921.1
29212 0.9991932578339656 2921.2
29213 0.999195694032297 2921.3
29214 0.9991981299627862 2921.4
29215 0.9992005656106644 2921.5
29216 0.9992030009607459 2921.6
29217 0.9992054359973886 2921.7
29218 0.9992078707046412 2921.8
29219 0.9992103050661967 2921.9
29220 0.9992127390654778 2922
29221 0.9992151726856844 2922.1
29222 0.9992176059097183 2922.2
29223 0.9992200387202457 2922.3
29224 0.9992224710996614 2922.4
29225 0.9992249030302151 2922.5
29226 0.999227334493946 2922.6
29227 0.9992297654728194 2922.7
29228 0.9992321959485738 2922.8
29229 0.9992346259029319 2922.9
29230 0.9992370553176955 2923
29231 0.9992394841745627 2923.1
29232 0.9992419124552094 2923.2
29233 0.9992443401413181 2923.3
29234 0.9992467672145795 2923.4
29235 0.9992491936567209 2923.5
29236 0.9992516194495941 2923.6
29237 0.9992540445751464 2923.7
29238 0.9992564690154534 2923.8
29239 0.9992588927527586 2923.9
29240 0.9992613157694462 2924
29241 0.999263738048134 2924.1
29242 0.9992661595716285 2924.2
29243 0.9992685803229693 2924.3
29244 0.999271000285412 2924.4
29245 0.9992734194417174 2924.5
29246 0.9992758377757031 2924.6
29247 0.9992782552720236 2924.7
29248 0.999280671915745 2924.8
29249 0.9992830876922664 2924.9
29250 0.9992855025873251 2925
29251 0.999287916586777 2925.1
29252 0.9992903296767347 2925.2
29253 0.9992927418434686 2925.3
29254 0.999295153073515 2925.4
29255 0.9992975633537764 2925.5
29256 0.9992999726714246 2925.6
29257 0.9993023810141649 2925.7
29258 0.9993047883701265 2925.8
29259 0.9993071947276749 2925.9
29260 0.9993096000757102 2926
29261 0.9993120044036162 2926.1
29262 0.9993144077014621 2926.2
29263 0.9993168099597631 2926.3
29264 0.9993192111694263 2926.4
29265 0.9993216113219184 2926.5
29266 0.9993240104091756 2926.6
29267 0.9993264084235441 2926.7
29268 0.9993288053578804 2926.8
29269 0.9993312012054095 2926.9
29270 0.9993335731628059 2927
29271 0.9993358975610581 2927.1
29272 0.9993382233307324 2927.2
29273 0.9993405504580958 2927.3
29274 0.9993428788524706 2927.4
29275 0.9993452083876979 2927.5
29276 0.9993475389249555 2927.6
29277 0.999349870324844 2927.7
29278 0.9993522024535834 2927.8
29279 0.9993545351859784 2927.9
29280 0.9993568684064008 2928
29281 0.9993592020086863 2928.1
29282 0.9993615358959759 2928.2
29283 0.999363869979902 2928.3
29284 0.999366204179724 2928.4
29285 0.9993685384215539 2928.5
29286 0.9993708726376387 2928.6
29287 0.9993732067656406 2928.7
29288 0.9993755407478815 2928.8
29289 0.9993778745307932 2928.9
29290 0.9993802080677241 2929
29291 0.9993825413168566 2929.1
29292 0.9993848742376606 2929.2
29293 0.9993872067899906 2929.3
29294 0.9993895389343678 2929.4
29295 0.9993918706267879 2929.5
29296 0.9993942018248693 2929.6
29297 0.999396532493192 2929.7
29298 0.9993988626074737 2929.8
29299 0.9994011921426151 2929.9
29300 0.9994035210729681 2930
29301 0.9994058493723261 2930.1
29302 0.9994081770143847 2930.2
29303 0.9994105039728209 2930.3
29304 0.9994128302215941 2930.4
29305 0.9994151557348391 2930.5
29306 0.9994174804872826 2930.6
29307 0.9994198044539574 2930.7
29308 0.9994221276103084 2930.8
29309 0.9994244499323662 2930.9
29310 0.9994267713966437 2931
29311 0.9994290919793691 2931.1
29312 0.9994314116575641 2931.2
29313 0.9994337304090712 2931.3
29314 0.9994360482123611 2931.4
29315 0.9994383650465383 2931.5
29316 0.9994406808912077 2931.6
29317 0.9994429957264378 2931.7
29318 0.9994453095327958 2931.8
29319 0.9994476222914143 2931.9
29320 0.9994499339838375 2932
29321 0.9994522445921273 2932.1
29322 0.9994545540988199 2932.2
29323 0.9994568624867642 2932.3
29324 0.9994591697392178 2932.4
29325 0.9994614758397007 2932.5
29326 0.9994637807720432 2932.6
29327 0.999466084520381 2932.7
29328 0.9994683870683446 2932.8
29329 0.9994706884000866 2932.9
29330 0.9994729885004771 2933
29331 0.9994752873548768 2933.1
29332 0.99947758494924 2933.2
29333 0.9994798812697419 2933.3
29334 0.9994821763027463 2933.4
29335 0.9994844700349474 2933.5
29336 0.9994867624531774 2933.6
29337 0.9994890535445349 2933.7
29338 0.9994913432963798 2933.8
29339 0.9994936316964352 2933.9
29340 0.9994959187324349 2934
29341 0.9994982043919425 2934.1
29342 0.9995004886633708 2934.2
29343 0.9995027715358082 2934.3
29344 0.9995050529980569 2934.4
29345 0.999507333038947 2934.5
29346 0.9995096116471789 2934.6
29347 0.999511888811652 2934.7
29348 0.999514164521274 2934.8
29349 0.9995164387652256 2934.9
29350 0.999518711532801 2935
29351 0.9995209828135829 2935.1
29352 0.9995232525972718 2935.2
29353 0.9995255208744737 2935.3
29354 0.9995277876361468 2935.4
29355 0.9995300528737889 2935.5
29356 0.9995323165792075 2935.6
29357 0.9995345787445616 2935.7
29358 0.9995367846619223 2935.8
29359 0.9995389559978258 2935.9
29360 0.999541128975305 2936
29361 0.9995433035335377 2936.1
29362 0.9995454795364804 2936.2
29363 0.9995476568162357 2936.3
29364 0.9995498351915836 2936.4
29365 0.9995520144818189 2936.5
29366 0.9995541945137638 2936.6
29367 0.9995563751247707 2936.7
29368 0.9995585561636527 2936.8
29369 0.9995607374905572 2936.9
29370 0.9995629189777747 2937
29371 0.9995651005166579 2937.1
29372 0.9995672820046053 2937.2
29373 0.9995694633449131 2937.3
29374 0.9995716444467111 2937.4
29375 0.999573825224962 2937.5
29376 0.9995760055909456 2937.6
29377 0.9995781854661414 2937.7
29378 0.9995803647823849 2937.8
29379 0.9995825434780877 2937.9
29380 0.9995847214962723 2938
29381 0.9995868987834616 2938.1
29382 0.9995890752891955 2938.2
29383 0.999591250965454 2938.3
29384 0.9995934257663763 2938.4
29385 0.9995955996479668 2938.5
29386 0.999597772567937 2938.6
29387 0.9995999444831628 2938.7
29388 0.9996021153497773 2938.8
29389 0.9996042851255931 2938.9
29390 0.9996064537697046 2939
29391 0.9996086212428369 2939.1
29392 0.9996107875071736 2939.2
29393 0.9996129525260412 2939.3
29394 0.9996151162641107 2939.4
29395 0.9996172786870117 2939.5
29396 0.9996194397614362 2939.6
29397 0.9996215994552426 2939.7
29398 0.999623757737569 2939.8
29399 0.9996259145784083 2939.9
29400 0.9996280699488035 2940
29401 0.9996302238206753 2940.1
29402 0.9996323761667507 2940.2
29403 0.9996345269604886 2940.3
29404 0.9996366761761601 2940.4
29405 0.9996388237885498 2940.5
29406 0.9996409697731365 2940.6
29407 0.9996431141061041 2940.7
29408 0.9996452567628062 2940.8
29409 0.9996473977199072 2940.9
29410 0.999649536955254 2941
29411 0.9996516744476167 2941.1
29412 0.9996538101761498 2941.2
29413 0.9996559441203237 2941.3
29414 0.9996580762595189 2941.4
29415 0.9996602065743239 2941.5
29416 0.9996623350462334 2941.6
29417 0.9996644616568686 2941.7
29418 0.9996665863883598 2941.8
29419 0.9996687092230239 2941.9
29420 0.9996708301437606 2942
29421 0.9996729491339387 2942.1
29422 0.9996750661774229 2942.2
29423 0.9996771812584456 2942.3
29424 0.9996792943626774 2942.4
29425 0.9996814054768941 2942.5
29426 0.9996834654353918 2942.6
29427 0.9996854606839197 2942.7
29428 0.9996874579778851 2942.8
29429 0.9996894572598154 2942.9
29430 0.9996914583584869 2943
29431 0.9996934610696531 2943.1
29432 0.9996954651705916 2943.2
29433 0.9996974704335352 2943.3
29434 0.9996994766343897 2943.4
29435 0.9997014835566967 2943.5
29436 0.999703490994139 2943.6
29437 0.9997054987525682 2943.7
29438 0.9997075066501171 2943.8
29439 0.9997095145072304 2943.9
29440 0.9997115221713885 2944
29441 0.9997135295095366 2944.1
29442 0.9997155364030382 2944.2
29443 0.9997175427441987 2944.3
29444 0.9997195484343041 2944.4
29445 0.9997215533815494 2944.5
29446 0.9997235574993802 2944.6
29447 0.9997255607068294 2944.7
29448 0.9997275629279296 2944.8
29449 0.9997295640909247 2944.9
29450 0.9997315641279216 2945
29451 0.9997335629753719 2945.1
29452 0.9997355605728164 2945.2
29453 0.9997375568627598 2945.3
29454 0.9997395517905642 2945.4
29455 0.9997415453037047 2945.5
29456 0.9997435373470878 2945.6
29457 0.9997455278666256 2945.7
29458 0.9997475168104873 2945.8
29459 0.9997495041288376 2945.9
29460 0.9997514897737551 2946
29461 0.9997534736987064 2946.1
29462 0.9997554558585543 2946.2
29463 0.9997574362098069 2946.3
29464 0.999759414710513 2946.4
29465 0.9997613913202421 2946.5
29466 0.9997633660004974 2946.6
29467 0.999765338713682 2946.7
29468 0.9997673094230471 2946.8
29469 0.99976927809164 2946.9
29470 0.9997712446830802 2947
29471 0.999773209161978 2947.1
29472 0.9997751714948133 2947.2
29473 0.9997771316493378 2947.3
29474 0.9997790895938452 2947.4
29475 0.999781045297254 2947.5
29476 0.9997829987290938 2947.6
29477 0.9997849498597877 2947.7
29478 0.9997868986602995 2947.8
29479 0.9997888451009467 2947.9
29480 0.9997906883925667 2948
29481 0.9997924931842179 2948.1
29482 0.9997943005106202 2948.2
29483 0.9997961102542181 2948.3
29484 0.9997979221865414 2948.4
29485 0.9997997360305326 2948.5
29486 0.999801551498849 2948.6
29487 0.9998033682941405 2948.7
29488 0.9998051861159472 2948.8
29489 0.9998070046647846 2948.9
29490 0.9998088236654751 2949
29491 0.9998106428783015 2949.1
29492 0.9998124620888833 2949.2
29493 0.9998142811054498 2949.3
29494 0.9998160997553177 2949.4
29495 0.9998179178816962 2949.5
29496 0.9998197353415227 2949.6
29497 0.9998215520040912 2949.7
29498 0.999823367749141 2949.8
29499 0.9998251824656321 2949.9
29500 0.9998269960502942 2950
29501 0.9998288084068785 2950.1
29502 0.9998306194454186 2950.2
29503 0.999832429081479 2950.3
29504 0.9998342372356002 2950.4
29505 0.9998360438327929 2950.5
29506 0.999837848801697 2950.6
29507 0.9998396520746063 2950.7
29508 0.9998414535840318 2950.8
29509 0.9998432532581378 2950.9
29510 0.9998450510276459 2951
29511 0.9998468468259618 2951.1
29512 0.9998486405872486 2951.2
29513 0.9998504322442167 2951.3
29514 0.9998522217341376 2951.4
29515 0.9998540089975284 2951.5
29516 0.9998557939778779 2951.6
29517 0.9998575766219902 2951.7
29518 0.9998593568788976 2951.8
29519 0.9998611346991082 2951.9
29520 0.9998629100347325 2952
29521 0.9998646828393171 2952.1
29522 0.9998664530678546 2952.2
29523 0.9998680547241169 2952.3
29524 0.9998696570411448 2952.4
29525 0.9998712625258567 2952.5
29526 0.9998728709686848 2952.6
29527 0.9998744820562803 2952.7
29528 0.9998760954235594 2952.8
29529 0.9998777106846428 2952.9
29530 0.9998793274367739 2953
29531 0.9998809453008 2953.1
29532 0.9998825639321248 2953.2
29533 0.9998841830193538 2953.3
29534 0.9998858022829111 2953.4
29535 0.999887421472804 2953.5
29536 0.9998890403653456 2953.6
29537 0.9998906587599795 2953.7
29538 0.9998922764760675 2953.8
29539 0.9998938933498704 2953.9
29540 0.9998955092318006 2954
29541 0.9998971239832395 2954.1
29542 0.9998987374764441 2954.2
29543 0.9999003495869 2954.3
29544 0.9999019601984531 2954.4
29545 0.9999035692052689 2954.5
29546 0.9999051765095673 2954.6
29547 0.9999067820199697 2954.7
29548 0.999908385650694 2954.8
29549 0.9999099873206017 2954.9
29550 0.9999115869524382 2955
29551 0.9999131844637633 2955.1
29552 0.9999147797682825 2955.2
29553 0.9999163727833008 2955.3
29554 0.9999179634290004 2955.4
29555 0.9999195516283221 2955.5
29556 0.9999211373068223 2955.6
29557 0.9999225496013898 2955.7
29558 0.9999239362245887 2955.8
29559 0.999925326785319 2955.9
29560 0.9999267210503432 2956
29561 0.9999281186336998 2956.1
29562 0.999929519045349 2956.2
29563 0.9999309217880895 2956.3
29564 0.9999323263530258 2956.4
29565 0.9999337322684815 2956.5
29566 0.9999351391020184 2956.6
29567 0.9999365464649715 2956.7
29568 0.9999379540127409 2956.8
29569 0.9999393614353815 2956.9
29570 0.9999407684533325 2957
29571 0.9999421748219747 2957.1
29572 0.9999435803242349 2957.2
29573 0.9999449847657448 2957.3
29574 0.9999463879710238 2957.4
29575 0.9999477897801191 2957.5
29576 0.9999491900462576 2957.6
29577 0.9999505886338468 2957.7
29578 0.9999519854169225 2957.8
29579 0.9999533802775633 2957.9
29580 0.9999547731047568 2958
29581 0.9999561637937815 2958.1
29582 0.9999575522438423 2958.2
29583 0.9999587338710447 2958.3
29584 0.9999598864375704 2958.4
29585 0.9999610439389544 2958.5
29586 0.9999622060480002 2958.6
29587 0.999963372171837 2958.7
29588 0.9999645417435478 2958.8
29589 0.9999657140936916 2958.9
29590 0.9999668885617561 2959
29591 0.9999680645418095 2959.1
29592 0.9999692415012894 2959.2
29593 0.999970418982208 2959.3
29594 0.9999715965860082 2959.4
29595 0.999972773963993 2959.5
29596 0.9999739508093632 2959.6
29597 0.9999751268503767 2959.7
29598 0.9999763018449258 2959.8
29599 0.9999774755759226 2959.9
29600 0.9999786478474604 2960
29601 0.9999797010395913 2960.1
29602 0.9999805970356356 2960.2
29603 0.9999814994646185 2960.3
29604 0.9999824079203268 2960.4
29605 0.9999833218754763 2960.5
29606 0.9999842406035065 2960.6
29607 0.9999851632761523 2960.7
29608 0.9999860890553031 2960.8
29609 0.9999870172041386 2960.9
29610 0.9999879470879368 2961
29611 0.9999888781588 2961.1
29612 0.9999898099437147 2961.2
29613 0.9999907420302939 2961.3
29614 0.9999915341978289 2961.4
29615 0.9999921604298426 2961.5
29616 0.9999927949796238 2961.6
29617 0.9999934375316981 2961.7
29618 0.9999940873096521 2961.8
29619 0.9999947433445526 2961.9
29620 0.9999954046663789 2962
29621 0.9999960703610116 2962.1
29622 0.9999967396226273 2962.2
29623 0.9999974117461784 2962.3
29624 0.9999977896894235 2962.4
29625 0.9999981337804494 2962.5
29626 0.9999984876130181 2962.6
29627 0.999998850367943 2962.7
29628 0.9999992211935167 2962.8
29629 0.9999995991101325 2962.9
29630 0.9999999831266783 2963
29631 1 2963.1
29632 1 2963.2
29633 1 2963.3
29634 1 2963.4
29635 1 2963.5
29636 1 2963.6
29637 1 2963.7
29638 1 2963.8
29639 1 2963.9
29640 1 2964
29641 1 2964.1
29642 1 2964.2
29643 1 2964.3
29644 1 2964.4
29645 1 2964.5
29646 1 2964.6
29647 1 2964.7
29648 1 2964.8
29649 1 2964.9
29650 1 2965
29651 1 2965.1
29652 1 2965.2
29653 1 2965.3
29654 1 2965.4
29655 1 2965.5
29656 1 2965.6
29657 1 2965.7
29658 1 2965.8
29659 1 2965.9
29660 1 2966
29661 1 2966.1
29662 1 2966.2
29663 1 2966.3
29664 1 2966.4
29665 1 2966.5
29666 1 2966.6
29667 1 2966.7
29668 1 2966.8
29669 1 2966.9
29670 1 2967
29671 1 2967.1
29672 1 2967.2
29673 1 2967.3
29674 1 2967.4
29675 1 2967.5
29676 1 2967.6
29677 1 2967.7
29678 1 2967.8
29679 1 2967.9
29680 1 2968
29681 1 2968.1
29682 1 2968.2
29683 1 2968.3
29684 1 2968.4
29685 1 2968.5
29686 1 2968.6
29687 1 2968.7
29688 1 2968.8
29689 1 2968.9
29690 1 2969
29691 1 2969.1
29692 1 2969.2
29693 1 2969.3
29694 1 2969.4
29695 1 2969.5
29696 1 2969.6
29697 1 2969.7
29698 1 2969.8
29699 1 2969.9
29700 1 2970
29701 1 2970.1
29702 1 2970.2
29703 1 2970.3
29704 1 2970.4
29705 1 2970.5
29706 1 2970.6
29707 1 2970.7
29708 1 2970.8
29709 1 2970.9
29710 1 2971
29711 1 2971.1
29712 1 2971.2
29713 1 2971.3
29714 1 2971.4
29715 1 2971.5
29716 1 2971.6
29717 1 2971.7
29718 1 2971.8
29719 1 2971.9
29720 1 2972
29721 1 2972.1
29722 1 2972.2
29723 1 2972.3
29724 1 2972.4
29725 1 2972.5
29726 1 2972.6
29727 1 2972.7
29728 1 2972.8
29729 1 2972.9
29730 1 2973
29731 1 2973.1
29732 1 2973.2
29733 1 2973.3
29734 1 2973.4
29735 1 2973.5
29736 1 2973.6
29737 1 2973.7
29738 1 2973.8
29739 1 2973.9
29740 1 2974
29741 1 2974.1
29742 1 2974.2
29743 1 2974.3
29744 1 2974.4
29745 1 2974.5
29746 1 2974.6
29747 1 2974.7
29748 1 2974.8
29749 1 2974.9
29750 1 2975
29751 1 2975.1
29752 1 2975.2
29753 1 2975.3
29754 1 2975.4
29755 1 2975.5
29756 1 2975.6
29757 1 2975.7
29758 1 2975.8
29759 1 2975.9
29760 1 2976
29761 1 2976.1
29762 1 2976.2
29763 1 2976.3
29764 1 2976.4
29765 1 2976.5
29766 1 2976.6
29767 1 2976.7
29768 1 2976.8
29769 1 2976.9
29770 1 2977
29771 1 2977.1
29772 1 2977.2
29773 1 2977.3
29774 1 2977.4
29775 1 2977.5
29776 1 2977.6
29777 1 2977.7
29778 1 2977.8
29779 1 2977.9
29780 1 2978
29781 1 2978.1
29782 1 2978.2
29783 1 2978.3
29784 1 2978.4
29785 1 2978.5
29786 1 2978.6
29787 1 2978.7
29788 1 2978.8
29789 1 2978.9
29790 1 2979
