"liquid-fraction-rfile"
"Time Step" "liquid-fraction etc.."
("Time Step" "liquid-fraction" "flow-time")
0 0 0
1 -0.1077425263077159 0.1
2 -0.1073024715628667 0.2
3 -0.1066589639433214 0.3
4 -0.1058958912228088 0.4
5 -0.1049602951402014 0.5
6 -0.1038026712107722 0.6000000000000001
7 -0.1023652303413058 0.7000000000000001
8 -0.1006802298472926 0.8
9 -0.09866390123985473 0.9
10 -0.09633678676418617 1
11 -0.09362206598584327 1.1
12 -0.09057313327647182 1.2
13 -0.08719341029777525 1.3
14 -0.08366443279161831 1.4
15 -0.08003806309727114 1.5
16 -0.07628035601384441 1.6
17 -0.07251537785042007 1.7
18 -0.06875827003954051 1.8
19 -0.06505690491946557 1.9
20 -0.06142088673708716 2
21 -0.05757628916249525 2.1
22 -0.05291886165584142 2.2
23 -0.04843987096611841 2.3
24 -0.04386609309758233 2.4
25 -0.03955662133696712 2.5
26 -0.03548004735194782 2.6
27 -0.03166610831780609 2.7
28 -0.02808479899375425 2.8
29 -0.02466247854417223 2.9
30 -0.02140153612742831 3
31 -0.01828639641635094 3.1
32 -0.01531311399892881 3.2
33 -0.01246735950165725 3.3
34 -0.009719016958661302 3.4
35 -0.007087444771870409 3.5
36 -0.004551698075135792 3.6
37 -0.002089759002306995 3.7
38 0.0003042839090793411 3.8
39 0.002682374507797064 3.9
40 0.004962286410413475 4
41 0.00709027862231746 4.100000000000001
42 0.009160779560677595 4.2
43 0.01341933199823595 4.3
44 0.01819022030771416 4.4
45 0.02248585570677159 4.5
46 0.02630274361413842 4.600000000000001
47 0.02984881311821102 4.7
48 0.03314857770373231 4.800000000000001
49 0.0361798826547052 4.9
50 0.03900822239844517 5
51 0.04162211509244654 5.100000000000001
52 0.04404251960781252 5.2
53 0.04602532778709428 5.300000000000001
54 0.04806555557020523 5.4
55 0.0499597306609636 5.5
56 0.05207753951411465 5.600000000000001
57 0.05418969773406216 5.7
58 0.05617082871726815 5.800000000000001
59 0.05800606544707618 5.9
60 0.05946628413524768 6
61 0.06058232735142678 6.100000000000001
62 0.06148922932626949 6.2
63 0.06231738689998744 6.300000000000001
64 0.06317809622269713 6.4
65 0.06420828560324227 6.5
66 0.06532941965090076 6.600000000000001
67 0.06659019775658291 6.7
68 0.06775560842362237 6.800000000000001
69 0.06878898542919083 6.9
70 0.06970012978733006 7
71 0.0707181570680761 7.100000000000001
72 0.07191918855434352 7.2
73 0.07247794153652698 7.300000000000001
74 0.07549271612875982 7.4
75 0.07914131388428768 7.5
76 0.08340937039733982 7.600000000000001
77 0.08775747713221878 7.7
78 0.09291325863819454 7.800000000000001
79 0.0977345920976439 7.9
80 0.1023114888869235 8
81 0.1065173264957725 8.1
82 0.1107428403940705 8.200000000000001
83 0.1180364364136968 8.300000000000001
84 0.125328799740154 8.4
85 0.1322065423944655 8.5
86 0.1386214571679256 8.6
87 0.1445417533257551 8.700000000000001
88 0.1501390124799782 8.800000000000001
89 0.155336879040521 8.9
90 0.1622824538502143 9
91 0.1694616325180714 9.1
92 0.1761544000009011 9.200000000000001
93 0.1823939330018548 9.300000000000001
94 0.190252870197602 9.4
95 0.2007755019564621 9.5
96 0.2119211999740589 9.600000000000001
97 0.2272163399695975 9.700000000000001
98 0.247555045303426 9.800000000000001
99 0.2706227661464812 9.9
100 0.2977483880111675 10
101 0.3305650960212857 10.1
102 0.3755253873672899 10.2
103 0.432255355602559 10.3
104 0.4845555086714027 10.4
105 0.5330255110649843 10.5
106 0.5783988388775867 10.6
107 0.6206014996096428 10.7
108 0.6609480468212138 10.8
109 0.6986472070591844 10.9
110 0.733783969427339 11
111 0.7665425624645362 11.1
112 0.7971089445882165 11.2
113 0.8255620880936235 11.3
114 0.8523380495949359 11.4
115 0.8775721719353377 11.5
116 0.9012134479831686 11.6
117 0.923332295854654 11.7
118 0.9436702506289706 11.8
119 0.9624979375166265 11.9
120 0.9801482225201267 12
121 0.9965476780142545 12.1
122 1.011877947047053 12.2
123 1.026266397569024 12.3
124 1.039703440372652 12.4
125 1.051929919145263 12.5
126 1.063205401260843 12.6
127 1.073628193963583 12.7
128 1.083378385286504 12.8
129 1.092505192145895 12.9
130 1.100784699679393 13
131 1.108699016751982 13.1
132 1.116011768043143 13.2
133 1.122504986278797 13.3
134 1.128517097135539 13.4
135 1.133868935636515 13.5
136 1.139148078986951 13.6
137 1.144401185991058 13.7
138 1.149329823174389 13.8
139 1.153957275908608 13.9
140 1.158281038841525 14
141 1.162054896537235 14.1
142 1.165510746519325 14.2
143 1.168827136733606 14.3
144 1.171716795743292 14.4
145 1.174427749776494 14.5
146 1.17695908849715 14.6
147 1.179350258269559 14.7
148 1.181548237023949 14.8
149 1.183724821646333 14.9
150 1.185666307253447 15
151 1.187507737205245 15.1
152 1.189378720718317 15.2
153 1.191055271406905 15.3
154 1.192616882167059 15.4
155 1.193979023814616 15.5
156 1.195176914899905 15.6
157 1.196343928379513 15.7
158 1.197371744689532 15.8
159 1.198248502416765 15.9
160 1.199189304460039 16
161 1.200103572273464 16.1
162 1.200941586573468 16.2
163 1.201661283535673 16.3
164 1.202431942131226 16.4
165 1.203547260053745 16.5
166 1.204617689617117 16.6
167 1.205584327124981 16.7
168 1.206418432332982 16.8
169 1.207278486199201 16.9
170 1.20756551633975 17
171 1.207775231282133 17.1
172 1.207729412961912 17.2
173 1.207438678315474 17.3
174 1.206963043042876 17.4
175 1.206120852019656 17.5
176 1.205108315054231 17.6
177 1.204267880130987 17.7
178 1.203414341506466 17.8
179 1.20246437362304 17.9
180 1.201583072210179 18
181 1.200764311542943 18.1
182 1.199899118478129 18.2
183 1.198945184096307 18.3
184 1.197940580787545 18.4
185 1.196996693171681 18.5
186 1.19613112937976 18.6
187 1.195512551799269 18.7
188 1.195075270108211 18.8
189 1.194287065417609 18.9
190 1.193431198256623 19
191 1.192816941322168 19.1
192 1.192275742824447 19.2
193 1.191780253353201 19.3
194 1.191193305114805 19.4
195 1.190488059664109 19.5
196 1.189774317745343 19.6
197 1.189194686969266 19.7
198 1.188520202241099 19.8
199 1.187796161523491 19.9
200 1.186975155253251 20
201 1.186043369686308 20.1
202 1.184874293630169 20.2
203 1.183505544130267 20.3
204 1.181991265782673 20.4
205 1.180399448472084 20.5
206 1.17882404368191 20.6
207 1.176943541267214 20.7
208 1.174768595382431 20.8
209 1.172378229031074 20.9
210 1.170305487848209 21
211 1.167578312188456 21.1
212 1.164783462329885 21.2
213 1.161825389778408 21.3
214 1.159952573608712 21.4
215 1.158851417255903 21.5
216 1.157844876927653 21.6
217 1.156840960730055 21.7
218 1.15575958419666 21.8
219 1.154729340631683 21.9
220 1.153722211912395 22
221 1.152714753302947 22.1
222 1.151931407356796 22.2
223 1.151334564169832 22.3
224 1.150897584351864 22.4
225 1.150202575371961 22.5
226 1.149640962079126 22.6
227 1.149140198769504 22.7
228 1.148592528373901 22.8
229 1.147896082526276 22.9
230 1.147042311723444 23
231 1.146120897575964 23.1
232 1.145090579996722 23.2
233 1.143936028854138 23.3
234 1.142870663757991 23.4
235 1.141390356164992 23.5
236 1.139850584980998 23.6
237 1.138052240062281 23.7
238 1.136112031345678 23.8
239 1.134133855957921 23.9
240 1.132192379230277 24
241 1.130057260209103 24.1
242 1.127826446825768 24.2
243 1.124089956738087 24.3
244 1.120519436537342 24.4
245 1.11746806288007 24.5
246 1.114164513853563 24.6
247 1.112730005671007 24.7
248 1.111317018116966 24.8
249 1.110013345276355 24.9
250 1.108727241589442 25
251 1.107339707013873 25.1
252 1.105888459968522 25.2
253 1.104110731503925 25.3
254 1.102304652734087 25.4
255 1.100324105585914 25.5
256 1.097957807733081 25.6
257 1.095136275944622 25.7
258 1.092363092129049 25.8
259 1.089363665712828 25.9
260 1.086238310826747 26
261 1.08284474969495 26.1
262 1.07890958969837 26.2
263 1.073831990942688 26.3
264 1.071415035962866 26.4
265 1.069031840601882 26.5
266 1.06696952847424 26.6
267 1.064827805526282 26.7
268 1.062488763189795 26.8
269 1.059963596801973 26.9
270 1.057446778841955 27
271 1.054858113058334 27.1
272 1.051839977345857 27.2
273 1.048198230454823 27.3
274 1.044387190443716 27.4
275 1.040478947340357 27.5
276 1.036311409445503 27.6
277 1.032055661039361 27.7
278 1.027879933631885 27.8
279 1.025162555817614 27.9
280 1.022955846064946 28
281 1.020702709057569 28.1
282 1.018288220159684 28.2
283 1.015515051470278 28.3
284 1.012275392292803 28.4
285 1.008701910278134 28.5
286 1.00484150003631 28.6
287 1.00076187697917 28.7
288 0.9963288986043953 28.8
289 0.9918702874130303 28.9
290 0.9874714277284526 29
291 0.984098952130305 29.1
292 0.9817534762418917 29.2
293 0.9790032444713127 29.3
294 0.9759137212500608 29.4
295 0.9727314998575747 29.5
296 0.9693742679391151 29.6
297 0.9655193863473346 29.7
298 0.9616576423779537 29.8
299 0.9576958334726501 29.9
300 0.9535766322924997 30
301 0.9488583645451824 30.1
302 0.946348336642761 30.2
303 0.9434535611573996 30.3
304 0.9399409183776897 30.4
305 0.9360038133039189 30.5
306 0.9317315517263648 30.6
307 0.9270262496820225 30.7
308 0.9220151252190554 30.8
309 0.916845288815571 30.9
310 0.9115373451026955 31
311 0.9074475281318193 31.1
312 0.9043843964262763 31.2
313 0.9008797038312505 31.3
314 0.896901864603585 31.4
315 0.8926977430192383 31.5
316 0.8882056032361828 31.6
317 0.8836242810924172 31.7
318 0.8791481375429523 31.8
319 0.8747846543202461 31.9
320 0.8719864333423619 32
321 0.8705707341274165 32.1
322 0.8690027115060615 32.2
323 0.8672420053838603 32.3
324 0.8653452683470053 32.4
325 0.8633329433278079 32.5
326 0.8614459928475338 32.6
327 0.8596456470135186 32.7
328 0.8579064991677007 32.8
329 0.8575480559124351 32.9
330 0.8576182727984092 33
331 0.8569303146217085 33.1
332 0.8559731137949742 33.2
333 0.8548306802069151 33.3
334 0.8534046625754819 33.4
335 0.8521619558673842 33.5
336 0.8512004989997233 33.6
337 0.8502467891008069 33.7
338 0.8510239737283676 33.8
339 0.8522693933969593 33.9
340 0.8531553427459262 34
341 0.853928874474608 34.1
342 0.8545139357914392 34.2
343 0.8548180006015218 34.3
344 0.8548839813697998 34.4
345 0.8547237235346862 34.5
346 0.8538373340228936 34.6
347 0.8542063618204976 34.7
348 0.8554192335990789 34.8
349 0.8564986730647707 34.9
350 0.8572506624799828 35
351 0.8577696533932354 35.1
352 0.8579314818567609 35.2
353 0.8579556663619083 35.3
354 0.8579061302128812 35.4
355 0.8576793215247795 35.5
356 0.8577080241293439 35.6
357 0.859224142017209 35.7
358 0.8610969307624944 35.8
359 0.8627531573613699 35.9
360 0.8636571579368428 36
361 0.8642513770652589 36.1
362 0.864513239168106 36.2
363 0.8643535615349657 36.3
364 0.863943704334669 36.4
365 0.8633152781652672 36.5
366 0.8624248680146019 36.6
367 0.8617157635327177 36.7
368 0.8623895309103339 36.8
369 0.862562922750479 36.9
370 0.8622209701112017 37
371 0.861360690707854 37.1
372 0.8601197153114966 37.2
373 0.8586268415331758 37.3
374 0.8567294204784832 37.4
375 0.8544098807038326 37.5
376 0.8519442658602625 37.6
377 0.8494920632269558 37.7
378 0.8471563459726299 37.8
379 0.8459003243998607 37.9
380 0.8457352930280728 38
381 0.8453996877482466 38.1
382 0.8450148795937935 38.2
383 0.8446447986023612 38.3
384 0.8443244385638387 38.40000000000001
385 0.8440412722818018 38.5
386 0.8438635649771389 38.6
387 0.8438945216127808 38.7
388 0.8439657334926964 38.8
389 0.8440395357977919 38.90000000000001
390 0.8445858808274332 39
391 0.845709510762419 39.1
392 0.8466524563088506 39.2
393 0.8488773922561325 39.3
394 0.8509905474424612 39.40000000000001
395 0.8527524491274571 39.5
396 0.8541861721158511 39.6
397 0.85535706951841 39.7
398 0.8562910049786424 39.8
399 0.8569433825069515 39.90000000000001
400 0.8572875845740666 40
401 0.8573614633482777 40.1
402 0.85717947543576 40.2
403 0.8567474906437764 40.3
404 0.856137118069378 40.40000000000001
405 0.8552733390836804 40.5
406 0.8541929731775167 40.6
407 0.8529486381249017 40.7
408 0.8512483475231342 40.8
409 0.8495958986530515 40.90000000000001
410 0.8486165805635972 41
411 0.8471849758321741 41.1
412 0.8455989116937626 41.2
413 0.8435594426307214 41.3
414 0.8409626126308366 41.40000000000001
415 0.8378677515094163 41.5
416 0.8343070998793256 41.6
417 0.8304151703009746 41.7
418 0.8280621895387065 41.8
419 0.8260145401671493 41.90000000000001
420 0.8238778315029115 42
421 0.8207145982476924 42.1
422 0.8174956749333133 42.2
423 0.8142549634077191 42.3
424 0.8110160157389541 42.40000000000001
425 0.8078764567082114 42.5
426 0.8053985462927573 42.6
427 0.8031009862832522 42.7
428 0.8009820316906681 42.8
429 0.7990710505515785 42.90000000000001
430 0.7980107092841108 43
431 0.797697316329792 43.1
432 0.7978770503713247 43.2
433 0.7986067609260102 43.3
434 0.7996581444180746 43.40000000000001
435 0.8009964472379738 43.5
436 0.8025124004613867 43.6
437 0.8041832236480043 43.7
438 0.8059648630478188 43.8
439 0.8078145039613873 43.90000000000001
440 0.8096674932856696 44
441 0.8115345724718834 44.1
442 0.8132577046019149 44.2
443 0.8151958516104877 44.3
444 0.817288214474488 44.40000000000001
445 0.8194179219901886 44.5
446 0.8215539369236818 44.6
447 0.8236022776423145 44.7
448 0.8256910541141953 44.8
449 0.827870192309731 44.90000000000001
450 0.8300055903725332 45
451 0.8321147343674037 45.1
452 0.8341904997671193 45.2
453 0.8362232089636652 45.3
454 0.8381658292364983 45.40000000000001
455 0.8399653928395432 45.5
456 0.8416355527491366 45.6
457 0.8431166372315255 45.7
458 0.844343801887014 45.8
459 0.8453693017963054 45.90000000000001
460 0.8461762982853134 46
461 0.8470145028927404 46.1
462 0.8477784655846282 46.2
463 0.8482962869461061 46.3
464 0.8486136674960609 46.40000000000001
465 0.8486865492569481 46.5
466 0.8488238722393631 46.6
467 0.8485470322020783 46.7
468 0.8480521608761165 46.8
469 0.8473376712654959 46.90000000000001
470 0.8464086522878732 47
471 0.8452132676013494 47.1
472 0.8438376236088468 47.2
473 0.8424185544058794 47.3
474 0.8410187559161587 47.40000000000001
475 0.8396066091039815 47.5
476 0.8380818527003192 47.6
477 0.836790526182115 47.7
478 0.8356567609349048 47.8
479 0.834656127697512 47.90000000000001
480 0.8341171498654054 48
481 0.8337986259600202 48.1
482 0.8333051143505258 48.2
483 0.8326083335739848 48.3
484 0.8318713285326668 48.40000000000001
485 0.8310910987916175 48.5
486 0.8302620805064791 48.6
487 0.8293641557119364 48.7
488 0.8285880381470636 48.8
489 0.8278146509749132 48.90000000000001
490 0.8270445767670559 49
491 0.8262560400353932 49.1
492 0.8254460085851959 49.2
493 0.8246130946906014 49.3
494 0.8238097825309941 49.40000000000001
495 0.8230329195199543 49.5
496 0.8222355554975361 49.6
497 0.8214001492904527 49.7
498 0.8205185869350327 49.8
499 0.8195326599591098 49.90000000000001
500 0.8184393520164113 50
501 0.8170860176668784 50.1
502 0.8156896750622868 50.2
503 0.8143712274129252 50.3
504 0.813019383051759 50.40000000000001
505 0.8115823379702513 50.5
506 0.8096887333185967 50.6
507 0.8074483505098199 50.7
508 0.8049584110778873 50.8
509 0.8022339760024536 50.90000000000001
510 0.799786882361193 51
511 0.7975503144967624 51.1
512 0.7953481876504668 51.2
513 0.7933100871301496 51.3
514 0.7914768700287765 51.40000000000001
515 0.7894962498681273 51.5
516 0.7876369660829712 51.6
517 0.7859141194824019 51.7
518 0.7843087706555062 51.8
519 0.7827420156636407 51.90000000000001
520 0.7815224210059395 52
521 0.7797673138324082 52.1
522 0.7780539757492224 52.2
523 0.776417140607867 52.3
524 0.7749215135707467 52.40000000000001
525 0.7741282790252162 52.5
526 0.7739942646319711 52.6
527 0.7741999372611797 52.7
528 0.7748708554920377 52.8
529 0.775879793623073 52.90000000000001
530 0.7771166383490156 53
531 0.778309020782369 53.1
532 0.779694674265783 53.2
533 0.7808320853780117 53.3
534 0.7819520326928485 53.40000000000001
535 0.7835656498439538 53.5
536 0.7854507663425169 53.6
537 0.7876143952486547 53.7
538 0.7898264683178298 53.8
539 0.7921643561445328 53.90000000000001
540 0.794133204259622 54
541 0.7958003387732104 54.1
542 0.7969348469388058 54.2
543 0.7978685707842276 54.3
544 0.7986832583067938 54.40000000000001
545 0.7993403775972348 54.5
546 0.7997328205043485 54.6
547 0.7997010020862464 54.7
548 0.8002370815142223 54.8
549 0.8004845859889775 54.90000000000001
550 0.8006953039658522 55
551 0.8008442864579769 55.1
552 0.8013096835796382 55.2
553 0.8018111452231076 55.3
554 0.8020014745772061 55.40000000000001
555 0.8023312815837473 55.5
556 0.8029166979236591 55.6
557 0.8035382000776019 55.7
558 0.8042772225100689 55.8
559 0.8052650956180315 55.90000000000001
560 0.806538759297351 56
561 0.8078694476632537 56.1
562 0.8092358302671576 56.2
563 0.8105528845189611 56.3
564 0.8118178048749368 56.40000000000001
565 0.8131065563981844 56.5
566 0.8143175417438224 56.6
567 0.8154168523845866 56.7
568 0.8163774022266453 56.8
569 0.8170197677207695 56.90000000000001
570 0.8175537557588082 57
571 0.8178804376899145 57.1
572 0.8179644677238107 57.2
573 0.8177161873103588 57.3
574 0.8171163722220605 57.40000000000001
575 0.8165118872684024 57.5
576 0.8154538965065048 57.6
577 0.8138493620189389 57.7
578 0.811722177402372 57.8
579 0.809000487168732 57.90000000000001
580 0.8057745230990107 58
581 0.80241322218334 58.1
582 0.7988194998733015 58.2
583 0.7949545639064632 58.3
584 0.7909666430172627 58.40000000000001
585 0.7870186459715048 58.5
586 0.7833183932853811 58.6
587 0.779908178254989 58.7
588 0.7766493283931271 58.8
589 0.7735427266706401 58.90000000000001
590 0.7708888442095677 59
591 0.7686664795346049 59.1
592 0.766714797410439 59.2
593 0.7651218658061902 59.3
594 0.7637944419377777 59.40000000000001
595 0.7627660798333631 59.5
596 0.7619816076798086 59.6
597 0.7614168304987434 59.7
598 0.7610883700889065 59.8
599 0.7609541947159026 59.90000000000001
600 0.7609785710309637 60
601 0.7611290764410332 60.1
602 0.761389795933797 60.2
603 0.7616744383435382 60.3
604 0.7620772123989504 60.40000000000001
605 0.7624696444249025 60.5
606 0.7628601372188174 60.6
607 0.7631793250914505 60.7
608 0.7635757698899902 60.8
609 0.7638493695581912 60.90000000000001
610 0.7639538194527092 61
611 0.7638024452973301 61.1
612 0.7633344432573571 61.2
613 0.7624936708733028 61.3
614 0.7612383923263996 61.40000000000001
615 0.759463625501604 61.5
616 0.7572175008763696 61.6
617 0.7547333083658468 61.7
618 0.7521026378535328 61.8
619 0.7500767401070058 61.90000000000001
620 0.748029666600909 62
621 0.7461408929025499 62.1
622 0.7445700413788878 62.2
623 0.7432305041036977 62.3
624 0.7422482831915582 62.40000000000001
625 0.7415659192302484 62.5
626 0.7413438987937896 62.6
627 0.7415134804486551 62.7
628 0.7420586282164002 62.8
629 0.7429288551590454 62.90000000000001
630 0.7440725771659698 63
631 0.7454713218795962 63.1
632 0.7470955067607408 63.2
633 0.7489545903892403 63.3
634 0.7509754626947331 63.40000000000001
635 0.7531271921114606 63.5
636 0.7552987421850677 63.6
637 0.7575058964427646 63.7
638 0.759597041440832 63.8
639 0.7616239769603149 63.90000000000001
640 0.7635353551190057 64
641 0.7653779415100544 64.10000000000001
642 0.7670472737698787 64.2
643 0.7684524250798084 64.3
644 0.7695661399779441 64.40000000000001
645 0.7703566863028741 64.5
646 0.7706920789680388 64.60000000000001
647 0.7708227855192621 64.7
648 0.7705093719296869 64.8
649 0.769813034073461 64.90000000000001
650 0.7686845485567739 65
651 0.7672297038019306 65.10000000000001
652 0.7663829508657232 65.2
653 0.7655213259280398 65.3
654 0.7647778513062901 65.40000000000001
655 0.7643035749531345 65.5
656 0.7640377791577236 65.60000000000001
657 0.7638392418526869 65.7
658 0.7639143325924016 65.8
659 0.7643203772985049 65.90000000000001
660 0.7649033291907813 66
661 0.7656428911068111 66.10000000000001
662 0.7664824772052097 66.2
663 0.7672948943454946 66.3
664 0.7678414922632583 66.40000000000001
665 0.7677575615555726 66.5
666 0.766555730617 66.60000000000001
667 0.7636511632426335 66.7
668 0.7595276741658118 66.8
669 0.7550021405036473 66.90000000000001
670 0.7506977006933083 67
671 0.7469244023306703 67.10000000000001
672 0.7437666686601394 67.2
673 0.7413811459008515 67.3
674 0.7406543333747695 67.40000000000001
675 0.74091274879931 67.5
676 0.7413791865517624 67.60000000000001
677 0.7418508071834619 67.7
678 0.7420360071224583 67.8
679 0.7417849871492049 67.90000000000001
680 0.7410617421354718 68
681 0.7398555391128188 68.10000000000001
682 0.7381430344047869 68.2
683 0.7359273213432801 68.3
684 0.7332489396421564 68.40000000000001
685 0.7300984022892161 68.5
686 0.7266503473911641 68.60000000000001
687 0.7229654053269483 68.7
688 0.7191821486426786 68.8
689 0.7156048459386635 68.90000000000001
690 0.712343459270029 69
691 0.7094324947110309 69.10000000000001
692 0.7070226559967786 69.2
693 0.7050328282799857 69.3
694 0.7036430892434494 69.40000000000001
695 0.7026010554198863 69.5
696 0.7021742378445948 69.60000000000001
697 0.7022563633966388 69.7
698 0.7032085591000959 69.8
699 0.7048708627266467 69.90000000000001
700 0.7070335621525476 70
701 0.7097024761589351 70.10000000000001
702 0.7125864938626558 70.2
703 0.7156191198213789 70.3
704 0.718755750720995 70.40000000000001
705 0.7219771690756034 70.5
706 0.7252245034584827 70.60000000000001
707 0.7284559104657584 70.7
708 0.7316369416677133 70.8
709 0.7347383141424683 70.90000000000001
710 0.7375924386808221 71
711 0.7401970898967899 71.10000000000001
712 0.7425074076074147 71.2
713 0.7444606385995424 71.3
714 0.7460210012846363 71.40000000000001
715 0.747238072536734 71.5
716 0.7480770632098396 71.60000000000001
717 0.748443790693166 71.7
718 0.7482820651115831 71.8
719 0.7476033464455351 71.90000000000001
720 0.7464277335045242 72
721 0.7447811779603676 72.10000000000001
722 0.7426275178626283 72.2
723 0.7400126652905803 72.3
724 0.7370099586361037 72.40000000000001
725 0.733795153680546 72.5
726 0.7302908706193648 72.60000000000001
727 0.7267159510542793 72.7
728 0.7235223319690494 72.8
729 0.7204145244461981 72.90000000000001
730 0.7174630362364464 73
731 0.7145918098940729 73.10000000000001
732 0.7119366916984833 73.2
733 0.7094499423293819 73.3
734 0.7071697805027662 73.40000000000001
735 0.7050908765458416 73.5
736 0.7032278859788172 73.60000000000001
737 0.7015577814830951 73.7
738 0.6999599196498699 73.8
739 0.6983929890078571 73.90000000000001
740 0.6975793871121866 74
741 0.6970160883832958 74.10000000000001
742 0.6967539104277676 74.2
743 0.6968650766983523 74.3
744 0.6971777902052589 74.40000000000001
745 0.6975723470342974 74.5
746 0.6980933970736324 74.60000000000001
747 0.6987937244665875 74.7
748 0.6997079992448065 74.8
749 0.7007035758299982 74.90000000000001
750 0.7017659145790184 75
751 0.7029221763758394 75.10000000000001
752 0.7041224425261854 75.2
753 0.7053505709116363 75.3
754 0.7065635372936608 75.40000000000001
755 0.7077754690414696 75.5
756 0.7089572959120624 75.60000000000001
757 0.7101437611797458 75.7
758 0.7113157829499954 75.8
759 0.7124861611226481 75.90000000000001
760 0.7135846034202609 76
761 0.7145831925375217 76.10000000000001
762 0.7154627044524222 76.2
763 0.7162322179459899 76.3
764 0.7168784235041182 76.40000000000001
765 0.7173732127072192 76.5
766 0.7177734739004493 76.60000000000001
767 0.7180156298744145 76.7
768 0.7181147540285663 76.80000000000001
769 0.7181091764893645 76.90000000000001
770 0.7180016082773822 77
771 0.7177721687511157 77.10000000000001
772 0.7175586772456578 77.2
773 0.7175315148000313 77.30000000000001
774 0.7183229703310048 77.40000000000001
775 0.7192349592288464 77.5
776 0.7202796453248712 77.60000000000001
777 0.7215543835777674 77.7
778 0.7230042114013865 77.80000000000001
779 0.7245713741354428 77.90000000000001
780 0.7261720697148204 78
781 0.7279161913270876 78.10000000000001
782 0.7297171358731673 78.2
783 0.7316372470905568 78.30000000000001
784 0.7334625076616335 78.40000000000001
785 0.7350972139966928 78.5
786 0.736499730765423 78.60000000000001
787 0.7381213940292597 78.7
788 0.7394898306707477 78.80000000000001
789 0.7405865579177406 78.90000000000001
790 0.7413992527047651 79
791 0.741917875960708 79.10000000000001
792 0.7421312238398485 79.2
793 0.7420814158507198 79.30000000000001
794 0.7418653128502506 79.40000000000001
795 0.7415706296152036 79.5
796 0.7413099262963705 79.60000000000001
797 0.7409718853413551 79.7
798 0.7406746709987534 79.80000000000001
799 0.7404529573222411 79.90000000000001
800 0.7402975769776025 80
801 0.7401993103018433 80.10000000000001
802 0.7402168552018306 80.2
803 0.7403086662507035 80.30000000000001
804 0.7404381066053977 80.40000000000001
805 0.7405636982592859 80.5
806 0.7407029149328016 80.60000000000001
807 0.7407360245278061 80.7
808 0.7408214985819935 80.80000000000001
809 0.7408325052744266 80.90000000000001
810 0.7407048968129697 81
811 0.740610719089282 81.10000000000001
812 0.7404621310064065 81.2
813 0.7403990708301628 81.30000000000001
814 0.7402727566607469 81.40000000000001
815 0.7401755959413518 81.5
816 0.7402528018972354 81.60000000000001
817 0.7403892771486167 81.7
818 0.7405638335923446 81.80000000000001
819 0.7410175442165245 81.90000000000001
820 0.7417328028432858 82
821 0.7428709438146736 82.10000000000001
822 0.7439916916275947 82.2
823 0.7452122589517945 82.30000000000001
824 0.7466576371067758 82.40000000000001
825 0.7484410723482212 82.5
826 0.7503407067087495 82.60000000000001
827 0.7521861626313756 82.7
828 0.7540338870328215 82.80000000000001
829 0.7558357747895992 82.90000000000001
830 0.7575412808585065 83
831 0.7590142736122389 83.10000000000001
832 0.7600598745018061 83.2
833 0.7607645862378283 83.30000000000001
834 0.761002960584432 83.40000000000001
835 0.7606902817122068 83.5
836 0.7601685603582403 83.60000000000001
837 0.7596144390506597 83.7
838 0.7590301425560874 83.80000000000001
839 0.7581143454819173 83.90000000000001
840 0.7569154237900628 84
841 0.7554664155601956 84.10000000000001
842 0.7539525340467417 84.2
843 0.7524635246839381 84.30000000000001
844 0.7509446597958124 84.40000000000001
845 0.7494315582931161 84.5
846 0.7479911994059606 84.60000000000001
847 0.7466723688450185 84.7
848 0.7454930422763842 84.80000000000001
849 0.7443757318986215 84.90000000000001
850 0.7433393548198844 85
851 0.7423729625830507 85.10000000000001
852 0.7413778783219379 85.2
853 0.7404464788632652 85.30000000000001
854 0.7395647322559076 85.40000000000001
855 0.7387427459901316 85.5
856 0.73784603252273 85.60000000000001
857 0.7369525607925081 85.7
858 0.7361156335094962 85.80000000000001
859 0.735277159400151 85.90000000000001
860 0.7344107772800338 86
861 0.7335546951517959 86.10000000000001
862 0.7326988460499112 86.2
863 0.7321049895392747 86.30000000000001
864 0.7315372816250362 86.40000000000001
865 0.7308758232242201 86.5
866 0.7301571654013654 86.60000000000001
867 0.7295006006762503 86.7
868 0.7289656344550598 86.80000000000001
869 0.7283549311873807 86.90000000000001
870 0.7276177876733994 87
871 0.7269269522819912 87.10000000000001
872 0.726287024056588 87.2
873 0.7258559643811799 87.30000000000001
874 0.7257225008798561 87.40000000000001
875 0.7255696969386221 87.5
876 0.7255052244522124 87.60000000000001
877 0.7253739287655178 87.7
878 0.7253074945047153 87.80000000000001
879 0.7252746786146241 87.90000000000001
880 0.7251549047853514 88
881 0.7255270906101763 88.10000000000001
882 0.7261208319231187 88.2
883 0.7268050266951535 88.30000000000001
884 0.7273972991233771 88.40000000000001
885 0.7279066871253084 88.5
886 0.7285638221025916 88.60000000000001
887 0.7291766987069899 88.7
888 0.7296390979957628 88.80000000000001
889 0.7299576334658637 88.90000000000001
890 0.7300984229211668 89
891 0.7300246705620257 89.10000000000001
892 0.7297138296129689 89.2
893 0.7292170640882939 89.30000000000001
894 0.7286087804235584 89.40000000000001
895 0.727752203431266 89.5
896 0.7265079143693268 89.60000000000001
897 0.7246297133828452 89.7
898 0.7223640819291198 89.80000000000001
899 0.7200429590933438 89.90000000000001
900 0.7178590018735876 90
901 0.7158399095881091 90.10000000000001
902 0.7138048719495235 90.2
903 0.7116808876264673 90.30000000000001
904 0.7095272600456002 90.40000000000001
905 0.7073593849066839 90.5
906 0.7052273451020662 90.60000000000001
907 0.7035706117173863 90.7
908 0.7019212036748548 90.80000000000001
909 0.7005370279128672 90.90000000000001
910 0.6993749017630758 91
911 0.6984232796059863 91.10000000000001
912 0.6977394459980576 91.2
913 0.6973586990427278 91.30000000000001
914 0.6972409585070695 91.40000000000001
915 0.6974271185277056 91.5
916 0.6978915769567644 91.60000000000001
917 0.6985694692858319 91.7
918 0.6995813077897656 91.80000000000001
919 0.7007588094942581 91.90000000000001
920 0.7019903537846588 92
921 0.7033795228799069 92.10000000000001
922 0.704909642344974 92.2
923 0.70655917341287 92.30000000000001
924 0.7083367502283531 92.40000000000001
925 0.7101823466797242 92.5
926 0.7120851082188967 92.60000000000001
927 0.714031811999603 92.7
928 0.715991320343606 92.80000000000001
929 0.7179594380404557 92.90000000000001
930 0.7199102116990205 93
931 0.7216329202802978 93.10000000000001
932 0.7232611867805385 93.2
933 0.7247753472534162 93.30000000000001
934 0.7262746432302246 93.40000000000001
935 0.7276015205281215 93.5
936 0.7288801718940339 93.60000000000001
937 0.7300199201053377 93.7
938 0.7309768027403716 93.80000000000001
939 0.7315533314690658 93.90000000000001
940 0.7319414170516211 94
941 0.7322822075075726 94.10000000000001
942 0.732436521804092 94.2
943 0.732531710417194 94.30000000000001
944 0.7326633308651214 94.40000000000001
945 0.7329340412250486 94.5
946 0.7330173388658293 94.60000000000001
947 0.7329063294773297 94.7
948 0.732500125346072 94.80000000000001
949 0.7318786269761411 94.90000000000001
950 0.7310175246588595 95
951 0.7299539633560427 95.10000000000001
952 0.7286037127871029 95.2
953 0.727127774599344 95.30000000000001
954 0.7255341920707615 95.40000000000001
955 0.723884599056548 95.5
956 0.7221447815106938 95.60000000000001
957 0.7203425890768105 95.7
958 0.7182589277704192 95.80000000000001
959 0.7158631157488886 95.90000000000001
960 0.7133954259467006 96
961 0.7106265456536621 96.10000000000001
962 0.7076487076203907 96.2
963 0.7047837878323397 96.30000000000001
964 0.7017582617311752 96.40000000000001
965 0.6985619529245332 96.5
966 0.6953283572755282 96.60000000000001
967 0.6922958738143633 96.7
968 0.6895058629106144 96.80000000000001
969 0.6868225090132004 96.90000000000001
970 0.6844097215416345 97
971 0.6824487307382467 97.10000000000001
972 0.6809585634471501 97.2
973 0.6800456980952474 97.30000000000001
974 0.6798650732711222 97.40000000000001
975 0.6800232745901934 97.5
976 0.6804547103946211 97.60000000000001
977 0.6811399597997567 97.7
978 0.6821779847721253 97.80000000000001
979 0.6834425990080651 97.90000000000001
980 0.6848588493299218 98
981 0.6864168159589162 98.10000000000001
982 0.6880512846134782 98.2
983 0.6897357262290746 98.30000000000001
984 0.6915169820807597 98.40000000000001
985 0.6933336047077294 98.5
986 0.6950221019300623 98.60000000000001
987 0.6966853915514379 98.7
988 0.6985651529054964 98.80000000000001
989 0.7004417529411261 98.90000000000001
990 0.7022842699090205 99
991 0.704072703227672 99.10000000000001
992 0.7057898555455399 99.2
993 0.7073171525928751 99.30000000000001
994 0.7086726360117925 99.40000000000001
995 0.7100391828734148 99.5
996 0.711292923441269 99.60000000000001
997 0.7125183238178672 99.7
998 0.7135511182275361 99.80000000000001
999 0.714492368304296 99.90000000000001
1000 0.7152885287251912 100
1001 0.7159516490204703 100.1
1002 0.716486193256094 100.2
1003 0.7169125895106471 100.3
1004 0.7173405786180999 100.4
1005 0.7176439392748573 100.5
1006 0.717844776210141 100.6
1007 0.7178611699623999 100.7
1008 0.7177209546691808 100.8
1009 0.7175636817451199 100.9
1010 0.7173623809836981 101
1011 0.7171588885378234 101.1
1012 0.7169445775206073 101.2
1013 0.7165804023876226 101.3
1014 0.7163577319115951 101.4
1015 0.7161885298495749 101.5
1016 0.7159431136651351 101.6
1017 0.7156739833958476 101.7
1018 0.7153218228635478 101.8
1019 0.7148998560708747 101.9
1020 0.7144721394910426 102
1021 0.7140280130003549 102.1
1022 0.7135664990967694 102.2
1023 0.7130838853870789 102.3
1024 0.7126140033137353 102.4
1025 0.7121053746280084 102.5
1026 0.7115144846973432 102.6
1027 0.7108478016878205 102.7
1028 0.7100627219624415 102.8
1029 0.7091613059339635 102.9
1030 0.7081403623685002 103
1031 0.7069416076523597 103.1
1032 0.7055361555507023 103.2
1033 0.7038701866585441 103.3
1034 0.7019258620853056 103.4
1035 0.6996921589756412 103.5
1036 0.6974862527064909 103.6
1037 0.695326694474738 103.7
1038 0.6930366507900894 103.8
1039 0.6907274442980262 103.9
1040 0.6885105523722912 104
1041 0.6863206220773712 104.1
1042 0.6842464476394928 104.2
1043 0.6822970332227786 104.3
1044 0.6805747377063197 104.4
1045 0.6790329764266815 104.5
1046 0.6777099011746772 104.6
1047 0.6766162230959756 104.7
1048 0.6759203105104686 104.8
1049 0.6754852316334007 104.9
1050 0.6755661047422934 105
1051 0.6760599019549874 105.1
1052 0.6766457251867766 105.2
1053 0.677489169923673 105.3
1054 0.6785726434237683 105.4
1055 0.6798763786814861 105.5
1056 0.6814156275431617 105.6
1057 0.6831022914409801 105.7
1058 0.6849383102187978 105.8
1059 0.6869042330284407 105.9
1060 0.6889388257304526 106
1061 0.6910578831014543 106.1
1062 0.6932079736575166 106.2
1063 0.6953785904141024 106.3
1064 0.6975650058556859 106.4
1065 0.6997371407235121 106.5
1066 0.7018556979925865 106.6
1067 0.7039900664616666 106.7
1068 0.7060696130381214 106.8
1069 0.7082143077707151 106.9
1070 0.7104395942310604 107
1071 0.7125996441283736 107.1
1072 0.7147384957475861 107.2
1073 0.7168440690439207 107.3
1074 0.7188914006568567 107.4
1075 0.7208769718369291 107.5
1076 0.722815227277524 107.6
1077 0.724668925069674 107.7
1078 0.7264359880149547 107.8
1079 0.7281351019565314 107.9
1080 0.7297513029864582 108
1081 0.7312808127447 108.1
1082 0.732738454432595 108.2
1083 0.7340919041204724 108.3
1084 0.7353322059583561 108.4
1085 0.736481653922027 108.5
1086 0.7375239470284823 108.6
1087 0.7384409509562437 108.7
1088 0.7392566252883754 108.8
1089 0.7400355870515685 108.9
1090 0.7408206480024615 109
1091 0.7414388683302907 109.1
1092 0.7419360893208705 109.2
1093 0.7422778598277153 109.3
1094 0.7424624904437552 109.4
1095 0.7424469494280734 109.5
1096 0.7422444193164009 109.6
1097 0.7418671024180585 109.7
1098 0.7412831395545377 109.8
1099 0.7404711108482945 109.9
1100 0.739415940177625 110
1101 0.7381863926409342 110.1
1102 0.7366837619707759 110.2
1103 0.7350500201624993 110.3
1104 0.7332170278988412 110.4
1105 0.7310787197345835 110.5
1106 0.728764724055516 110.6
1107 0.7261676902888209 110.7
1108 0.7233238189151246 110.8
1109 0.7202507664114495 110.9
1110 0.7171301080349934 111
1111 0.7139866663463531 111.1
1112 0.7105366859026778 111.2
1113 0.7073265347585207 111.3
1114 0.7043713317561493 111.4
1115 0.7016709081756972 111.5
1116 0.6992591939195554 111.6
1117 0.697004648263741 111.7
1118 0.695010537498531 111.8
1119 0.6932358919248963 111.9
1120 0.6916556552375264 112
1121 0.6903388637218915 112.1
1122 0.6894311415623108 112.2
1123 0.6887282616931868 112.3
1124 0.6881382771267456 112.4
1125 0.6875774160423966 112.5
1126 0.6871773834427934 112.6
1127 0.686887911071197 112.7
1128 0.6867076362373981 112.8
1129 0.6867845250514849 112.9
1130 0.6871207545480414 113
1131 0.6875885153284971 113.1
1132 0.6881668154126394 113.2
1133 0.6890441875023415 113.3
1134 0.6902136906587345 113.4
1135 0.6914371364774644 113.5
1136 0.6927305144418587 113.6
1137 0.6940572322011305 113.7
1138 0.6953244066020072 113.8
1139 0.6965223016768157 113.9
1140 0.697725543024822 114
1141 0.6988810683411154 114.1
1142 0.6998742204031503 114.2
1143 0.7009377574227406 114.3
1144 0.7020450707733099 114.4
1145 0.7031010509484532 114.5
1146 0.7041371947056679 114.6
1147 0.7051380937933718 114.7
1148 0.7061113821743077 114.8
1149 0.7070483859283687 114.9
1150 0.7079580362088013 115
1151 0.708847456840342 115.1
1152 0.7096296367224449 115.2
1153 0.7103693708011886 115.3
1154 0.7110698899109441 115.4
1155 0.7117545430306111 115.5
1156 0.7124498082024445 115.6
1157 0.7130767458491516 115.7
1158 0.7136836693036065 115.8
1159 0.7142562898639754 115.9
1160 0.7148400109284545 116
1161 0.7152177913007058 116.1
1162 0.7157718833741692 116.2
1163 0.7163822962843593 116.3
1164 0.7169636337880542 116.4
1165 0.7175879756752663 116.5
1166 0.7181834478727817 116.6
1167 0.7187848161613514 116.7
1168 0.7193787832359385 116.8
1169 0.7199631029830504 116.9
1170 0.7205555255657357 117
1171 0.7211182612919121 117.1
1172 0.7216493869135288 117.2
1173 0.7221916226021877 117.3
1174 0.7228457995590786 117.4
1175 0.7234832970992646 117.5
1176 0.7241105885858348 117.6
1177 0.7247726668446387 117.7
1178 0.7254126233024153 117.8
1179 0.7260220851153818 117.9
1180 0.7266135153849373 118
1181 0.7273327543092671 118.1
1182 0.728084220448186 118.2
1183 0.7287212936722617 118.3
1184 0.7292379434354501 118.4
1185 0.7296259789662544 118.5
1186 0.7298545385260112 118.6
1187 0.7299073378314385 118.7
1188 0.7297480926921989 118.8
1189 0.729401896996139 118.9
1190 0.7288284201162728 119
1191 0.7280243883451357 119.1
1192 0.7270289791875536 119.2
1193 0.7257600431266151 119.3
1194 0.724283973358658 119.4
1195 0.7225665497439365 119.5
1196 0.7205574851282464 119.6
1197 0.7182687040147869 119.7
1198 0.7157195729323537 119.8
1199 0.7129507689159317 119.9
1200 0.7102685115024341 120
1201 0.7075532216198082 120.1
1202 0.7047634225314724 120.2
1203 0.7020278500272176 120.3
1204 0.6993362576347159 120.4
1205 0.6966981635951102 120.5
1206 0.6941708857753182 120.6
1207 0.6917864970021697 120.7
1208 0.6897433010469004 120.8
1209 0.6879827670701643 120.9
1210 0.686291226287373 121
1211 0.6847760116694661 121.1
1212 0.6834950634282244 121.2
1213 0.6823893092541038 121.3
1214 0.6814345223647369 121.4
1215 0.680552442998257 121.5
1216 0.6797539749797318 121.6
1217 0.6790980630978817 121.7
1218 0.6785913920378981 121.8
1219 0.6782955911185407 121.9
1220 0.6781075627500303 122
1221 0.6780324369972596 122.1
1222 0.6783825165583441 122.2
1223 0.6788200767220031 122.3
1224 0.6792950210278392 122.4
1225 0.6798630989716932 122.5
1226 0.6804783506420813 122.6
1227 0.6811073236950805 122.7
1228 0.6817432908962006 122.8
1229 0.6824413872572371 122.9
1230 0.6832917099292489 123
1231 0.6842133404396622 123.1
1232 0.685168331816792 123.2
1233 0.6860227382612134 123.3
1234 0.6869051676278374 123.4
1235 0.6878263453402621 123.5
1236 0.6887593204777964 123.6
1237 0.6897458723259774 123.7
1238 0.6908052752818692 123.8
1239 0.6920093436028207 123.9
1240 0.6934758897253547 124
1241 0.6948428438402915 124.1
1242 0.6961958030921147 124.2
1243 0.6975659309795571 124.3
1244 0.6990567232678035 124.4
1245 0.700536682227792 124.5
1246 0.7019938243045292 124.6
1247 0.703461405772759 124.7
1248 0.7049202826294731 124.8
1249 0.7064128048704854 124.9
1250 0.7078989358192606 125
1251 0.7093841573092746 125.1
1252 0.7108643157714473 125.2
1253 0.7123751891286995 125.3
1254 0.7138494061110382 125.4
1255 0.7153145432202214 125.5
1256 0.7167697922746541 125.6
1257 0.7182313918025115 125.7
1258 0.7196645550507655 125.8
1259 0.7210788908973984 125.9
1260 0.7224076994630797 126
1261 0.723725317494551 126.1
1262 0.7250091806557533 126.2
1263 0.726301642620924 126.3
1264 0.7275484049711501 126.4
1265 0.7287277040098957 126.5
1266 0.7297964617184234 126.6
1267 0.7308424378437347 126.7
1268 0.7318366399339076 126.8
1269 0.7327703368434502 126.9
1270 0.7336232902218037 127
1271 0.7344115590945901 127.1
1272 0.7351182716242448 127.2
1273 0.7357347553306869 127.3
1274 0.7362624923911888 127.4
1275 0.7367279750122147 127.5
1276 0.7370597793979332 127.6
1277 0.7372612993475198 127.7
1278 0.7373423497814385 127.8
1279 0.7372962140820392 127.9
1280 0.7370985492836871 128
1281 0.7367752223760716 128.1
1282 0.7363091358539914 128.2
1283 0.7357309543400313 128.3
1284 0.7350805028067625 128.4
1285 0.7342578667238214 128.5
1286 0.7331020791794445 128.6
1287 0.731647170847567 128.7
1288 0.7300559727872133 128.8
1289 0.728241018523361 128.9
1290 0.7261995605362708 129
1291 0.7239384448379634 129.1
1292 0.7215073337688496 129.2
1293 0.7189031848443117 129.3
1294 0.7161899440424346 129.4
1295 0.7133124377614636 129.5
1296 0.7103498643446938 129.6
1297 0.7073454850458323 129.7
1298 0.7043439212469553 129.8
1299 0.7015402400330784 129.9
1300 0.6987429074796871 130
1301 0.6959910547820788 130.1
1302 0.6933125016211513 130.2
1303 0.690718803841201 130.3
1304 0.6882304724991682 130.4
1305 0.6859095491230425 130.5
1306 0.6837560963730571 130.6
1307 0.6817108918571403 130.7
1308 0.6797263090314573 130.8
1309 0.6778805863210683 130.9
1310 0.6760899026315451 131
1311 0.6743809232205317 131.1
1312 0.6727523115785723 131.2
1313 0.6712192306866421 131.3
1314 0.6697739930811186 131.4
1315 0.6683801221372258 131.5
1316 0.6673280869421355 131.6
1317 0.6663658387120519 131.7
1318 0.6655025886941467 131.8
1319 0.6647593726540669 131.9
1320 0.6641337358038036 132
1321 0.6636301756711545 132.1
1322 0.6633238651826924 132.2
1323 0.663078411499389 132.3
1324 0.6628297626857743 132.4
1325 0.6626930421342393 132.5
1326 0.6627114090849615 132.6
1327 0.6628295273814945 132.7
1328 0.6630075397054975 132.8
1329 0.6633031742917038 132.9
1330 0.6636935958328956 133
1331 0.6641949191724814 133.1
1332 0.6648188185206122 133.2
1333 0.6655302286294357 133.3
1334 0.6663186138815209 133.4
1335 0.6671575218947686 133.5
1336 0.6681341072378079 133.6
1337 0.669304897061875 133.7
1338 0.670509647401437 133.8
1339 0.6717437874797089 133.9
1340 0.6732358487676238 134
1341 0.6747408083114494 134.1
1342 0.6762779333567116 134.2
1343 0.6778802458635196 134.3
1344 0.6795553337683035 134.4
1345 0.6814060903835507 134.5
1346 0.6832783297387268 134.6
1347 0.6851377400087496 134.7
1348 0.6869587120656868 134.8
1349 0.6887617752537883 134.9
1350 0.6905573339526174 135
1351 0.6923410127019168 135.1
1352 0.6942010769653968 135.2
1353 0.6961755984610569 135.3
1354 0.6981132317376242 135.4
1355 0.7000033913644887 135.5
1356 0.701862073039994 135.6
1357 0.7036055577011642 135.7
1358 0.7053323073976274 135.8
1359 0.7070950182986919 135.9
1360 0.7088097836625762 136
1361 0.7104343734454585 136.1
1362 0.7119981756789955 136.2
1363 0.7135341519740472 136.3
1364 0.7149777260872535 136.4
1365 0.7164085619711663 136.5
1366 0.717750515742863 136.6
1367 0.7190493987315845 136.7
1368 0.7203913482724519 136.8
1369 0.7216343107912885 136.9
1370 0.7229110819004343 137
1371 0.7241807767479435 137.1
1372 0.7254297367974382 137.2
1373 0.7265940444272784 137.3
1374 0.7277576618786183 137.4
1375 0.728856294558349 137.5
1376 0.7299073461516372 137.6
1377 0.7309167753656591 137.7
1378 0.7318732026218066 137.8
1379 0.7327686599325139 137.9
1380 0.7334744468820917 138
1381 0.7343109398313693 138.1
1382 0.7351140893736847 138.2
1383 0.7357542717722785 138.3
1384 0.7361724007525837 138.4
1385 0.7364251519512161 138.5
1386 0.7364412712463496 138.6
1387 0.7362394228906918 138.7
1388 0.7358670929900492 138.8
1389 0.7353650668388066 138.9
1390 0.7345637444184671 139
1391 0.7332336625543938 139.1
1392 0.7312956905201875 139.2
1393 0.7297662550860492 139.3
1394 0.7281230405806105 139.4
1395 0.7261539258002614 139.5
1396 0.7241857937829267 139.6
1397 0.7220464286920141 139.7
1398 0.719760654725749 139.8
1399 0.717361596475855 139.9
1400 0.7148976931542177 140
1401 0.7124145790990152 140.1
1402 0.7100245608014598 140.2
1403 0.7076888761723685 140.3
1404 0.7054236786310548 140.4
1405 0.7032347223378331 140.5
1406 0.7011791223554455 140.6
1407 0.6992298132442937 140.7
1408 0.6973233322126647 140.8
1409 0.6955300293633579 140.9
1410 0.6941917750005189 141
1411 0.6928682737302931 141.1
1412 0.691608014429653 141.2
1413 0.690583752392838 141.3
1414 0.6897910082836842 141.4
1415 0.6892630584878373 141.5
1416 0.6888607481089328 141.6
1417 0.6885676050931417 141.7
1418 0.6884561134968574 141.8
1419 0.6884458689762515 141.9
1420 0.6885250108756892 142
1421 0.688664701695105 142.1
1422 0.6888779341272385 142.2
1423 0.6892461767086409 142.3
1424 0.6896814826778855 142.4
1425 0.6901967310753925 142.5
1426 0.6908152166552821 142.6
1427 0.6914667273447125 142.7
1428 0.6921294715036068 142.8
1429 0.6928073607119902 142.9
1430 0.693535819706169 143
1431 0.6942321381146124 143.1
1432 0.694952901021889 143.2
1433 0.6955775429816036 143.3
1434 0.6961853836185273 143.4
1435 0.6967676306216515 143.5
1436 0.6973156012798746 143.6
1437 0.6977746115524305 143.7
1438 0.6981553665939754 143.8
1439 0.6984438725676512 143.9
1440 0.698669169420514 144
1441 0.6988773759740466 144.1
1442 0.6990551236159087 144.2
1443 0.6991120453007056 144.3
1444 0.699148324941772 144.4
1445 0.6990944125621427 144.5
1446 0.6989753327931243 144.6
1447 0.6987941750144733 144.7
1448 0.6985439250829529 144.8
1449 0.6982725483052979 144.9
1450 0.698056175216154 145
1451 0.697811247802109 145.1
1452 0.6975134530102691 145.2
1453 0.6971604487027692 145.3
1454 0.6970269832235864 145.4
1455 0.6968559418593406 145.5
1456 0.6966329351793509 145.6
1457 0.6963379747424436 145.7
1458 0.6960150930397222 145.8
1459 0.6956640813813872 145.9
1460 0.6952724043822782 146
1461 0.6948909388192877 146.1
1462 0.6945634518472924 146.2
1463 0.6941760765493045 146.3
1464 0.6937433652749115 146.4
1465 0.6934224253039781 146.5
1466 0.6932536342454307 146.6
1467 0.6930766219273378 146.7
1468 0.6928800921807456 146.8
1469 0.6925805016000487 146.9
1470 0.6921702388111504 147
1471 0.6917751883184637 147.1
1472 0.6913794697568191 147.2
1473 0.6909987902773078 147.3
1474 0.6906599524090883 147.4
1475 0.690343059571674 147.5
1476 0.6902980904469114 147.6
1477 0.6902915131463643 147.7
1478 0.6903927428782015 147.8
1479 0.6905416341728576 147.9
1480 0.6907566009860474 148
1481 0.6910116738413492 148.1
1482 0.6913334899755326 148.2
1483 0.6917441582207414 148.3
1484 0.6921704527482457 148.4
1485 0.6926013908599882 148.5
1486 0.6930383063362404 148.6
1487 0.6934928062486585 148.7
1488 0.6939535393376401 148.8
1489 0.6944770191373668 148.9
1490 0.6950034377337682 149
1491 0.6955379992539172 149.1
1492 0.6960253143222229 149.2
1493 0.6964649763581564 149.3
1494 0.6970745492697834 149.4
1495 0.6977068755059602 149.5
1496 0.6983458313686597 149.6
1497 0.6989689257490562 149.7
1498 0.6995769638276631 149.8
1499 0.7001664885412552 149.9
1500 0.7007180180957604 150
1501 0.701204613042086 150.1
1502 0.7015417186323917 150.2
1503 0.7018777009879794 150.3
1504 0.7021825083354689 150.4
1505 0.7023928141360872 150.5
1506 0.7025658802650825 150.6
1507 0.7026265397189547 150.7
1508 0.7025718819242037 150.8
1509 0.702403396079067 150.9
1510 0.7020740509445753 151
1511 0.7016324216906048 151.1
1512 0.7010771024421921 151.2
1513 0.7004071088814009 151.3
1514 0.6996265547836912 151.4
1515 0.6986987759800705 151.5
1516 0.6976566715132632 151.6
1517 0.6965106603935692 151.7
1518 0.6952525129706404 151.8
1519 0.6939007603321585 151.9
1520 0.6924581859950295 152
1521 0.6909520107408574 152.1
1522 0.6893682791063031 152.2
1523 0.6879025786768801 152.3
1524 0.6864872487500437 152.4
1525 0.6851828748445309 152.5
1526 0.6837972925953143 152.6
1527 0.6825155849149581 152.7
1528 0.6814027761457534 152.8
1529 0.6803795449841267 152.9
1530 0.679403744666183 153
1531 0.6785015507726071 153.1
1532 0.6776663319665701 153.2
1533 0.676919622197523 153.3
1534 0.6763451448547396 153.4
1535 0.6758402983434452 153.5
1536 0.6753288838938004 153.6
1537 0.6749417730923398 153.7
1538 0.6746294322755024 153.8
1539 0.6743684307683189 153.9
1540 0.6741365360568425 154
1541 0.6740206382974023 154.1
1542 0.6741742265996321 154.2
1543 0.6743961945546135 154.3
1544 0.6747044985492705 154.4
1545 0.675063742722059 154.5
1546 0.6754763554117577 154.6
1547 0.6758815446449262 154.7
1548 0.6763319858564784 154.8
1549 0.6768377542154705 154.9
1550 0.6775504117722625 155
1551 0.6782952806992835 155.1
1552 0.67911032127098 155.2
1553 0.6799916448015821 155.3
1554 0.6809216744758966 155.4
1555 0.6818930680744958 155.5
1556 0.6828826939601438 155.6
1557 0.6838707096985431 155.7
1558 0.6848381314695552 155.8
1559 0.6858001907899018 155.9
1560 0.6868033897817388 156
1561 0.6878448609305059 156.1
1562 0.6888695714384119 156.2
1563 0.6898650376779152 156.3
1564 0.6908289064617017 156.4
1565 0.6917561784165086 156.5
1566 0.6926300126826759 156.6
1567 0.6935015020987322 156.7
1568 0.6943417926738836 156.8
1569 0.695137191749019 156.9
1570 0.6958395864942637 157
1571 0.6964492092986719 157.1
1572 0.6970025660028285 157.2
1573 0.697549729079648 157.3
1574 0.6979949825743454 157.4
1575 0.6983426644805639 157.5
1576 0.6986020981886568 157.6
1577 0.6987621010848595 157.7
1578 0.6988286744380021 157.8
1579 0.6987727091813104 157.9
1580 0.698646633750738 158
1581 0.6984644866941576 158.1
1582 0.6982311404089692 158.2
1583 0.6979989407611356 158.3
1584 0.6976976438928547 158.4
1585 0.6973895804224605 158.5
1586 0.6970012075937564 158.6
1587 0.6964709123285481 158.7
1588 0.6955030388973646 158.8
1589 0.694311112018054 158.9
1590 0.6931220564910504 159
1591 0.6919794983557311 159.1
1592 0.6908595440739241 159.2
1593 0.6896770428314289 159.3
1594 0.6883767280082592 159.4
1595 0.6870667149088336 159.5
1596 0.6856480615251437 159.6
1597 0.6844459515840277 159.7
1598 0.6832342983617262 159.8
1599 0.6820664560755755 159.9
1600 0.6811341398541053 160
1601 0.6802784510953903 160.1
1602 0.679509524199674 160.2
1603 0.6788609552869004 160.3
1604 0.6783302096360435 160.4
1605 0.6778689637997345 160.5
1606 0.677515989716474 160.6
1607 0.6772743009954383 160.7
1608 0.6772105084961911 160.8
1609 0.6772320576899766 160.9
1610 0.677348158548098 161
1611 0.6776053216033435 161.1
1612 0.6779212745837743 161.2
1613 0.6782742246323179 161.3
1614 0.6786353927435272 161.4
1615 0.6790171586477804 161.5
1616 0.6794457004173464 161.6
1617 0.6799389800110214 161.7
1618 0.6804410273401158 161.8
1619 0.6809174640362134 161.9
1620 0.6813927359960266 162
1621 0.6818727579897383 162.1
1622 0.682247642356701 162.2
1623 0.6825002967336221 162.3
1624 0.6827758283219455 162.4
1625 0.6830562555926226 162.5
1626 0.6833522280258345 162.6
1627 0.6837983958666762 162.7
1628 0.6842329693719702 162.8
1629 0.6846436314100125 162.9
1630 0.6850111964404924 163
1631 0.6853560137518923 163.1
1632 0.6856549551319842 163.2
1633 0.6859158783086737 163.3
1634 0.6861597863477952 163.4
1635 0.6863961941786754 163.5
1636 0.6865889934479728 163.6
1637 0.686828171107436 163.7
1638 0.6870836231238457 163.8
1639 0.6872947525003547 163.9
1640 0.6874384173031289 164
1641 0.6875240556025912 164.1
1642 0.6875635930336428 164.2
1643 0.6875034895653803 164.3
1644 0.6874090590124838 164.4
1645 0.6872515469693682 164.5
1646 0.6869379995235685 164.6
1647 0.6865030205289863 164.7
1648 0.6860987151223717 164.8
1649 0.6856237786321051 164.9
1650 0.6850835036995783 165
1651 0.6844839314316183 165.1
1652 0.6840040287196931 165.2
1653 0.6835680283073843 165.3
1654 0.6831806999649257 165.4
1655 0.6829086230753675 165.5
1656 0.6826568999797369 165.6
1657 0.6824220623622593 165.7
1658 0.6822986019589006 165.8
1659 0.6821960747997848 165.9
1660 0.6821503803166936 166
1661 0.6821526148034509 166.1
1662 0.6821551419579401 166.2
1663 0.6821837884043499 166.3
1664 0.6823056969808532 166.4
1665 0.6824346746733844 166.5
1666 0.6825865124741718 166.6
1667 0.6827484431058043 166.7
1668 0.6829081768511582 166.8
1669 0.6830387786154012 166.9
1670 0.6831279117894953 167
1671 0.6831645008401026 167.1
1672 0.6831061304672587 167.2
1673 0.6829985745107339 167.3
1674 0.6828333556298467 167.4
1675 0.6825663570950997 167.5
1676 0.6822429572019637 167.6
1677 0.6819133060337407 167.7
1678 0.6815385513737943 167.8
1679 0.6810443455774942 167.9
1680 0.680597392784944 168
1681 0.6801664311785119 168.1
1682 0.67980395140698 168.2
1683 0.6795286947061329 168.3
1684 0.6793391457745941 168.4
1685 0.6791004870872406 168.5
1686 0.6788867995396569 168.6
1687 0.6788521068257413 168.7
1688 0.6788487084722142 168.8
1689 0.6788837769821265 168.9
1690 0.6789616682576489 169
1691 0.6790623039757521 169.1
1692 0.6791501582273666 169.2
1693 0.6792448354287344 169.3
1694 0.6793333763631426 169.4
1695 0.6794160411092014 169.5
1696 0.6794994488336989 169.6
1697 0.679739199780458 169.7
1698 0.6798799466681642 169.8
1699 0.6801631399084025 169.9
1700 0.6805586371526581 170
1701 0.6810111004055981 170.1
1702 0.6814683036683948 170.2
1703 0.6819458871328584 170.3
1704 0.6824473045416856 170.4
1705 0.6829805059291442 170.5
1706 0.6835344820824067 170.6
1707 0.6840830387711461 170.7
1708 0.6846288800772597 170.8
1709 0.685163365212867 170.9
1710 0.6857596388908471 171
1711 0.68635066208316 171.1
1712 0.6869037283858299 171.2
1713 0.6873933526424643 171.3
1714 0.6878764482327109 171.4
1715 0.6883925054062596 171.5
1716 0.6889405936745447 171.6
1717 0.6895469913157694 171.7
1718 0.6901215590557852 171.8
1719 0.6906361901365389 171.9
1720 0.6910814410634198 172
1721 0.6915426800215868 172.1
1722 0.6919694866463564 172.2
1723 0.6923202913663458 172.3
1724 0.6926006988368516 172.4
1725 0.6928507845241513 172.5
1726 0.6931253261722647 172.6
1727 0.6934209632081748 172.7
1728 0.6937252956915567 172.8
1729 0.6940540076862017 172.9
1730 0.6943903336613053 173
1731 0.6946939396833887 173.1
1732 0.6949650012347895 173.2
1733 0.695188584490454 173.3
1734 0.6953666391867503 173.4
1735 0.69549492575991 173.5
1736 0.6955033528424925 173.6
1737 0.6954314193003228 173.7
1738 0.6952813552644213 173.8
1739 0.6950843339108191 173.9
1740 0.6946299069644872 174
1741 0.6938844679016153 174.1
1742 0.6934765517233911 174.2
1743 0.693114604490926 174.3
1744 0.6928802584375614 174.4
1745 0.692641009169404 174.5
1746 0.6923643874583112 174.6
1747 0.6921031900292047 174.7
1748 0.6918909249640351 174.8
1749 0.6916920865321236 174.9
1750 0.6915241889989387 175
1751 0.6917925105109827 175.1
1752 0.692209718650336 175.2
1753 0.6923391832365496 175.3
1754 0.6922820587950226 175.4
1755 0.6921268598488887 175.5
1756 0.6918948538878268 175.6
1757 0.6916568054847372 175.7
1758 0.6914039945991537 175.8
1759 0.6911601967555192 175.9
1760 0.6909409780324617 176
1761 0.6906512096245661 176.1
1762 0.6904560466693586 176.2
1763 0.6903361017033336 176.3
1764 0.690262649308176 176.4
1765 0.6902884927842735 176.5
1766 0.690298461533836 176.6
1767 0.6903347424300276 176.7
1768 0.6904565511038138 176.8
1769 0.6905644205719547 176.9
1770 0.6908594041411561 177
1771 0.6913632321287797 177.1
1772 0.6918699389162908 177.2
1773 0.6923239195235904 177.3
1774 0.6927181876067886 177.4
1775 0.6931000098985082 177.5
1776 0.6934761554801979 177.6
1777 0.6938335932218813 177.7
1778 0.6941598157448753 177.8
1779 0.694439455739812 177.9
1780 0.6946635768102645 178
1781 0.6948593631087908 178.1
1782 0.694998547249715 178.2
1783 0.6950860763968971 178.3
1784 0.6951192313937564 178.4
1785 0.6950909757467638 178.5
1786 0.6950375919735151 178.6
1787 0.6949450957207007 178.7
1788 0.6947881628352284 178.8
1789 0.6945631806727596 178.9
1790 0.6942576305030955 179
1791 0.6938463814318708 179.1
1792 0.6933537267934788 179.2
1793 0.6927747805030056 179.3
1794 0.692105382252526 179.4
1795 0.6913445396522806 179.5
1796 0.6905339527685834 179.6
1797 0.6898903492072791 179.7
1798 0.6892007399384049 179.8
1799 0.6885211399359349 179.9
1800 0.6878414781168574 180
1801 0.6872367423167778 180.1
1802 0.6866934000918415 180.2
1803 0.6861950033461262 180.3
1804 0.6857599487550818 180.4
1805 0.6853894130078836 180.5
1806 0.6850867747885531 180.6
1807 0.6848501375182077 180.7
1808 0.6846503578500973 180.8
1809 0.6845445635608902 180.9
1810 0.6844285066172563 181
1811 0.6843168396764432 181.1
1812 0.6842148276601879 181.2
1813 0.6840768613810975 181.3
1814 0.683965434588239 181.4
1815 0.6838386059239894 181.5
1816 0.683818266660209 181.6
1817 0.6837931086228163 181.7
1818 0.6837575799165343 181.8
1819 0.6837270295933036 181.9
1820 0.6836678240026273 182
1821 0.6836365187256234 182.1
1822 0.6835441236037099 182.2
1823 0.6833747229704102 182.3
1824 0.6831573270338243 182.4
1825 0.6828352646797083 182.5
1826 0.6822480114815306 182.6
1827 0.681847322883122 182.7
1828 0.6815019684562458 182.8
1829 0.6810617667978337 182.9
1830 0.6803524067561356 183
1831 0.6794764263633979 183.1
1832 0.6787602819948535 183.2
1833 0.677977214997612 183.3
1834 0.6771569254932103 183.4
1835 0.6762435915876357 183.5
1836 0.6750259982382341 183.6
1837 0.6734886396175318 183.7
1838 0.6720602679596026 183.8
1839 0.6710163775335757 183.9
1840 0.6699157489954637 184
1841 0.6689287217406049 184.1
1842 0.6680112909093974 184.2
1843 0.6670924169120548 184.3
1844 0.6661672417923087 184.4
1845 0.6651857060552379 184.5
1846 0.6641921357732422 184.6
1847 0.6632336190741219 184.7
1848 0.6622453135081607 184.8
1849 0.6612314529621842 184.9
1850 0.6604057827164855 185
1851 0.6596004269356847 185.1
1852 0.6588059703784394 185.2
1853 0.6577517082930996 185.3
1854 0.6566958154442747 185.4
1855 0.6556774924933189 185.5
1856 0.654688486312674 185.6
1857 0.6537268102053954 185.7
1858 0.6528052404949367 185.8
1859 0.6519112199183612 185.9
1860 0.6510874360881025 186
1861 0.6503065621886215 186.1
1862 0.6495831033302555 186.2
1863 0.6489109050485561 186.3
1864 0.6482876372738696 186.4
1865 0.6477015375296188 186.5
1866 0.6471667988123004 186.6
1867 0.6466875800767077 186.7
1868 0.6462514791684048 186.8
1869 0.6458477295499426 186.9
1870 0.6455064130155963 187
1871 0.6452546670448325 187.1
1872 0.6450109937694614 187.2
1873 0.6447823021346638 187.3
1874 0.6445035313574272 187.4
1875 0.6442163666522763 187.5
1876 0.6439155850535879 187.6
1877 0.643605251505301 187.7
1878 0.6432723528340379 187.8
1879 0.642947325114316 187.9
1880 0.6426137692633765 188
1881 0.6422678494132141 188.1
1882 0.6419891290267353 188.2
1883 0.6417649699671443 188.3
1884 0.6415117971776692 188.4
1885 0.6412801226580571 188.5
1886 0.6410867439969427 188.6
1887 0.6409639926973689 188.7
1888 0.6409567910322002 188.8
1889 0.640905136561804 188.9
1890 0.6409155755343269 189
1891 0.6409990733018155 189.1
1892 0.6410344637283403 189.2
1893 0.6411540607136853 189.3
1894 0.6412884767394557 189.4
1895 0.6414692618560992 189.5
1896 0.6416603559529097 189.6
1897 0.6418907312296138 189.7
1898 0.642144657157621 189.8
1899 0.6424072392053122 189.9
1900 0.6426599905088716 190
1901 0.6428468907421088 190.1
1902 0.6430810173260806 190.2
1903 0.6433146606780029 190.3
1904 0.6434453126587357 190.4
1905 0.6436938771128197 190.5
1906 0.6439774174824312 190.6
1907 0.6442434908564574 190.7
1908 0.6444917658844668 190.8
1909 0.644760294683844 190.9
1910 0.6450122756569675 191
1911 0.6451983592383936 191.1
1912 0.6455197425331444 191.2
1913 0.6459545242025643 191.3
1914 0.6464646640594097 191.4
1915 0.647093597488081 191.5
1916 0.6477633811358682 191.6
1917 0.6485074031325374 191.7
1918 0.6493015284083825 191.8
1919 0.6501451686743752 191.9
1920 0.6510161459942923 192
1921 0.6519098322557033 192.1
1922 0.6530250554180542 192.2
1923 0.6544832447183571 192.3
1924 0.6559916591907183 192.4
1925 0.6575242636655068 192.5
1926 0.6588472882837884 192.6
1927 0.6598079610214335 192.7
1928 0.6607403851401275 192.8
1929 0.6617061320606199 192.9
1930 0.6626190880100067 193
1931 0.6634289690159183 193.1
1932 0.6642826398775024 193.2
1933 0.6651400949201335 193.3
1934 0.6664595827552338 193.4
1935 0.6677585519028906 193.5
1936 0.6686132086597955 193.6
1937 0.6691106397107013 193.7
1938 0.6694757066736369 193.8
1939 0.6699995681176495 193.9
1940 0.6703105630958287 194
1941 0.6704786185485219 194.1
1942 0.6705647650514109 194.2
1943 0.670799944704722 194.3
1944 0.6712211301895705 194.4
1945 0.6715756400078249 194.5
1946 0.6718690559374584 194.6
1947 0.6721355922876012 194.7
1948 0.6723304582014499 194.8
1949 0.6726338614815617 194.9
1950 0.6728996507742354 195
1951 0.6731052266633712 195.1
1952 0.6732602506543232 195.2
1953 0.6733315392579828 195.3
1954 0.6733344318320763 195.4
1955 0.6732934614306948 195.5
1956 0.673213763846255 195.6
1957 0.6730849272825378 195.7
1958 0.6728617041677508 195.8
1959 0.6725821157496573 195.9
1960 0.6722253940149567 196
1961 0.6718039707015859 196.1
1962 0.67132222688412 196.2
1963 0.6707898427547 196.3
1964 0.6702011521692341 196.4
1965 0.6695217170620987 196.5
1966 0.6687673869634907 196.6
1967 0.6679581940544679 196.7
1968 0.6671903412875545 196.8
1969 0.6664144573926117 196.9
1970 0.6656762210322712 197
1971 0.6648849099208533 197.1
1972 0.6639981193836606 197.2
1973 0.663072795588094 197.3
1974 0.6620572727473092 197.4
1975 0.6610997201878652 197.5
1976 0.6601790501543903 197.6
1977 0.6593628901397224 197.7
1978 0.6586765810509998 197.8
1979 0.6580467765310331 197.9
1980 0.6574875942155664 198
1981 0.6570822367332253 198.1
1982 0.6567598480397272 198.2
1983 0.6565022649496041 198.3
1984 0.6564069916688127 198.4
1985 0.656464392145668 198.5
1986 0.6565708463930598 198.6
1987 0.6567394745825292 198.7
1988 0.6569664114849411 198.8
1989 0.6572468141365493 198.9
1990 0.6575710170847903 199
1991 0.6579330575603145 199.1
1992 0.6583392910284385 199.2
1993 0.6587688318559834 199.3
1994 0.6592279882887284 199.4
1995 0.6596713139352378 199.5
1996 0.6601169836197449 199.6
1997 0.6605439190505668 199.7
1998 0.6609841608645521 199.8
1999 0.6614058849812335 199.9
2000 0.6618087053394438 200
2001 0.6621828657141934 200.1
2002 0.6625166810674833 200.2
2003 0.6628229143182953 200.3
2004 0.6630572992563224 200.4
2005 0.663168560203798 200.5
2006 0.6632274855854724 200.6
2007 0.663260729226918 200.7
2008 0.6632559596964287 200.8
2009 0.6632267527765878 200.9
2010 0.6631905360792679 201
2011 0.6631700851772719 201.1
2012 0.663161307641483 201.2
2013 0.6631666675822437 201.3
2014 0.6631831816093191 201.4
2015 0.6632137663072243 201.5
2016 0.6632455150953172 201.6
2017 0.6632787588051138 201.7
2018 0.6631417548186399 201.8
2019 0.6632596034617239 201.9
2020 0.6633773372877255 202
2021 0.6635009448040318 202.1
2022 0.663607213594535 202.2
2023 0.6637030890784728 202.3
2024 0.6637421897117036 202.4
2025 0.6638140767559155 202.5
2026 0.6638933887185923 202.6
2027 0.6639568583037624 202.7
2028 0.6640107469764835 202.8
2029 0.6640490380094982 202.9
2030 0.6640751940020996 203
2031 0.6640935602650461 203.1
2032 0.6641016549527956 203.2
2033 0.6640860212195655 203.3
2034 0.6640452876140538 203.4
2035 0.6639770878323334 203.5
2036 0.663893080168508 203.6
2037 0.6638030825586231 203.7
2038 0.6636691209663758 203.8
2039 0.6634954013555043 203.9
2040 0.6633353507054301 204
2041 0.663110019751689 204.1
2042 0.6628228061000537 204.2
2043 0.6624861310657425 204.3
2044 0.6620916857517805 204.4
2045 0.6616294167682186 204.5
2046 0.6611088623375121 204.6
2047 0.6605559537211966 204.7
2048 0.6599426795936085 204.8
2049 0.659265209476841 204.9
2050 0.6585316624941667 205
2051 0.6577558950514332 205.1
2052 0.6569417317228291 205.2
2053 0.6560284818734619 205.3
2054 0.6550675025304104 205.4
2055 0.6541103076025577 205.5
2056 0.6533061161480489 205.6
2057 0.6524977452284162 205.7
2058 0.6517028319619893 205.8
2059 0.6509139734512995 205.9
2060 0.6501539889175086 206
2061 0.6494045556608816 206.1
2062 0.6486794304164096 206.2
2063 0.6479975548834822 206.3
2064 0.6473735109777214 206.4
2065 0.6467870042544509 206.5
2066 0.6462067197816006 206.6
2067 0.6456452797391388 206.7
2068 0.6450766425893558 206.8
2069 0.6445041678100883 206.9
2070 0.6439499698885557 207
2071 0.6433887164664792 207.1
2072 0.6428600826858031 207.2
2073 0.642355778516957 207.3
2074 0.6418003081749709 207.4
2075 0.6412124236896586 207.5
2076 0.6406386473352007 207.6
2077 0.6401602153481359 207.7
2078 0.6396808966503036 207.8
2079 0.6391161476727245 207.9
2080 0.6385144435531853 208
2081 0.6379239160950196 208.1
2082 0.6373258003738741 208.2
2083 0.6367148952365106 208.3
2084 0.6361311217072213 208.4
2085 0.6356714487310351 208.5
2086 0.635133129734062 208.6
2087 0.6345764694701188 208.7
2088 0.6341208885357051 208.8
2089 0.6337295745367673 208.9
2090 0.6333329488209425 209
2091 0.6329421455137739 209.1
2092 0.6325647734766305 209.2
2093 0.6322231376915295 209.3
2094 0.6319263411745779 209.4
2095 0.631664608224098 209.5
2096 0.6314352642729681 209.6
2097 0.6312514200908919 209.7
2098 0.6311696336630367 209.8
2099 0.6311310873648592 209.9
2100 0.6311892062619248 210
2101 0.6313174110536928 210.1
2102 0.6314751629544276 210.2
2103 0.6316756792752403 210.3
2104 0.6319025857595394 210.4
2105 0.6321831813386358 210.5
2106 0.6324953532674139 210.6
2107 0.6328213698563796 210.7
2108 0.6331579260801188 210.8
2109 0.6334935123489936 210.9
2110 0.633828557431412 211
2111 0.6341492997923478 211.1
2112 0.6344488473643404 211.2
2113 0.634702630928525 211.3
2114 0.634900977669948 211.4
2115 0.6350497963161928 211.5
2116 0.6351738002058218 211.6
2117 0.6352826935034193 211.7
2118 0.6355102989458902 211.8
2119 0.6357684968858982 211.9
2120 0.6360967296965782 212
2121 0.6365901711379376 212.1
2122 0.6370844406730639 212.2
2123 0.6375874901432488 212.3
2124 0.6375285453050252 212.4
2125 0.6370065965587077 212.5
2126 0.6366767340794789 212.6
2127 0.6370533540226632 212.7
2128 0.6373992503761615 212.8
2129 0.6376331879439966 212.9
2130 0.6371976110139537 213
2131 0.6367587796053266 213.1
2132 0.6367349659334816 213.2
2133 0.63647902447932 213.3
2134 0.6359198855165406 213.4
2135 0.6353441036552979 213.5
2136 0.6348510893802288 213.6
2137 0.6344435773121784 213.7
2138 0.6341942335443169 213.8
2139 0.634135953472978 213.9
2140 0.6342939380127662 214
2141 0.6348228470133197 214.1
2142 0.6357617918801831 214.2
2143 0.6372361859823191 214.3
2144 0.6395118888195637 214.4
2145 0.6412222546315879 214.5
2146 0.6412455042630032 214.6
2147 0.6412061467341414 214.7
2148 0.6411539281952735 214.8
2149 0.6411722225131832 214.9
2150 0.6412145276003561 215
2151 0.6412982632764336 215.1
2152 0.6414587110023002 215.2
2153 0.6416649290475342 215.3
2154 0.6418945962142142 215.4
2155 0.6421794019450192 215.5
2156 0.6424149598613338 215.6
2157 0.6425602132219603 215.7
2158 0.6426550505170738 215.8
2159 0.6427524454857164 215.9
2160 0.6428326531068693 216
2161 0.6429300235341073 216.1
2162 0.643031220874153 216.2
2163 0.6431218566647781 216.3
2164 0.643196740997854 216.4
2165 0.643253736353529 216.5
2166 0.6433045532394649 216.6
2167 0.6433213538357708 216.7
2168 0.6434109653052911 216.8
2169 0.6435033225986275 216.9
2170 0.6435743602585112 217
2171 0.643631437344928 217.1
2172 0.6437042203097619 217.2
2173 0.6437909409009699 217.3
2174 0.6438600819724976 217.4
2175 0.6439053117419701 217.5
2176 0.643923077254828 217.6
2177 0.6439135048611383 217.7
2178 0.6438355696196969 217.8
2179 0.6437278596197799 217.9
2180 0.6436792813519467 218
2181 0.6435577519156064 218.1
2182 0.6434390098042412 218.2
2183 0.6432906366544087 218.3
2184 0.643103202348709 218.4
2185 0.64288175182001 218.5
2186 0.6426962101324774 218.6
2187 0.6426091878385369 218.7
2188 0.6422853403628929 218.8
2189 0.6419518453983281 218.9
2190 0.6415757542293905 219
2191 0.6411823781503205 219.1
2192 0.6407493422218847 219.2
2193 0.6403265021207539 219.3
2194 0.640018220147638 219.4
2195 0.6396957185719033 219.5
2196 0.6394422446835537 219.6
2197 0.6391481020558014 219.7
2198 0.6389041439778238 219.8
2199 0.6387001566424939 219.9
2200 0.6384776579754199 220
2201 0.6383516292699343 220.1
2202 0.6383163170207283 220.2
2203 0.6383636114380963 220.3
2204 0.6384416331446099 220.4
2205 0.6384796501932246 220.5
2206 0.6384797001830023 220.6
2207 0.6384686341717308 220.7
2208 0.6384407909939414 220.8
2209 0.6384436608993861 220.9
2210 0.6384547541789876 221
2211 0.6384963728997948 221.1
2212 0.6386744572260825 221.2
2213 0.6387739561507118 221.3
2214 0.6387828481461919 221.4
2215 0.6390316506601909 221.5
2216 0.6393133409763905 221.6
2217 0.6396133966379129 221.7
2218 0.6399359625650513 221.8
2219 0.6402546302035578 221.9
2220 0.6405512852416194 222
2221 0.6408790655966378 222.1
2222 0.6412302636843162 222.2
2223 0.6415216578124654 222.3
2224 0.6417895155881572 222.4
2225 0.6420904091046608 222.5
2226 0.6424315231845862 222.6
2227 0.6427790974799683 222.7
2228 0.6431273215033139 222.8
2229 0.6434941513478049 222.9
2230 0.6438634340157237 223
2231 0.6442442333098547 223.1
2232 0.6446223886409479 223.2
2233 0.6449948867139573 223.3
2234 0.6453580469587838 223.4
2235 0.6457126373635576 223.5
2236 0.6460570231974314 223.6
2237 0.6464075089269246 223.7
2238 0.6467444798077633 223.8
2239 0.6470594547422218 223.9
2240 0.6473387138834126 224
2241 0.6475993022427079 224.1
2242 0.647828603693563 224.2
2243 0.648027565496018 224.3
2244 0.6481970046682158 224.4
2245 0.6483309937432272 224.5
2246 0.6484277977621767 224.6
2247 0.6484789373959977 224.7
2248 0.6484777306730624 224.8
2249 0.6484442832650732 224.9
2250 0.6483650366277349 225
2251 0.6482488686637 225.1
2252 0.6481363698141455 225.2
2253 0.647974028162611 225.3
2254 0.6478252527675431 225.4
2255 0.6476597988703506 225.5
2256 0.6474655302140959 225.6
2257 0.6473246798792122 225.7
2258 0.647221988423592 225.8
2259 0.6470234960257577 225.9
2260 0.646860614916312 226
2261 0.6466930318152591 226.1
2262 0.6465388977434448 226.2
2263 0.646402930987374 226.3
2264 0.6463075226135064 226.4
2265 0.6462819752511154 226.5
2266 0.6462408634725635 226.6
2267 0.6461889412865205 226.7
2268 0.6461636471679635 226.8
2269 0.6461809853104029 226.9
2270 0.646248411914651 227
2271 0.646314853844272 227.1
2272 0.6464045047153906 227.2
2273 0.6464899026685726 227.3
2274 0.6465485149692716 227.4
2275 0.6465871912255765 227.5
2276 0.6465896791477508 227.6
2277 0.6465398382067928 227.7
2278 0.6464746065577495 227.8
2279 0.6463480207131073 227.9
2280 0.6461680050428407 228
2281 0.6459734998463226 228.1
2282 0.6457290505756358 228.2
2283 0.6454421382394107 228.3
2284 0.6451339686299484 228.4
2285 0.6448021539839314 228.5
2286 0.6444257318363463 228.6
2287 0.6439819680349013 228.7
2288 0.6434649933230878 228.8
2289 0.6429418681047409 228.9
2290 0.6424367479153457 229
2291 0.6419784958329594 229.1
2292 0.6414707429298429 229.2
2293 0.6409456255705985 229.3
2294 0.640411682070566 229.4
2295 0.6398698915342385 229.5
2296 0.6393332041720082 229.6
2297 0.6387713114544511 229.7
2298 0.6381940413236333 229.8
2299 0.6375992019890728 229.9
2300 0.6369785125708434 230
2301 0.6363522793000238 230.1
2302 0.6357287412962188 230.2
2303 0.6351156203795139 230.3
2304 0.6345045605857071 230.4
2305 0.6339073615927656 230.5
2306 0.6332948596463375 230.6
2307 0.6326316128269164 230.7
2308 0.6319624905473202 230.8
2309 0.6312449345122136 230.9
2310 0.6304920168247936 231
2311 0.6297408087942892 231.1
2312 0.6289699819893245 231.2
2313 0.6281843081430073 231.3
2314 0.627356782806428 231.4
2315 0.6266536608725678 231.5
2316 0.6259681922211234 231.6
2317 0.6252948272744617 231.7
2318 0.6246426159040378 231.8
2319 0.6240285574738706 231.9
2320 0.6234497822036722 232
2321 0.6229138415767276 232.1
2322 0.6224434253683893 232.2
2323 0.6220505977508091 232.3
2324 0.6217278273802744 232.4
2325 0.6215054863364821 232.5
2326 0.6212268803876881 232.6
2327 0.6201638686477322 232.7
2328 0.6198902913119546 232.8
2329 0.6194663214752395 232.9
2330 0.6191444857299988 233
2331 0.618889222954901 233.1
2332 0.6184391272807973 233.2
2333 0.61805771771065 233.3
2334 0.6178370839451045 233.4
2335 0.6177990002592224 233.5
2336 0.6178222798278147 233.6
2337 0.6177628727586744 233.7
2338 0.6178519811952348 233.8
2339 0.6179090722918652 233.9
2340 0.6178990885972462 234
2341 0.617926224129669 234.1
2342 0.6179566003136985 234.2
2343 0.6179321591912197 234.3
2344 0.61792086228354 234.4
2345 0.6179406512709462 234.5
2346 0.6179819681486227 234.6
2347 0.6180828241834986 234.7
2348 0.6184807707218543 234.8
2349 0.6188922131749848 234.9
2350 0.6193226089388125 235
2351 0.6197715170821921 235.1
2352 0.6200825337150063 235.2
2353 0.6204317516626467 235.3
2354 0.6210500376735358 235.4
2355 0.6215452659776642 235.5
2356 0.6220098150395521 235.6
2357 0.6225096432796627 235.7
2358 0.6230177350794618 235.8
2359 0.6235455009245167 235.9
2360 0.6240885080993588 236
2361 0.6246391629082414 236.1
2362 0.6251956820990157 236.2
2363 0.6258201343900048 236.3
2364 0.6264320631744044 236.4
2365 0.6270262738150011 236.5
2366 0.6276153527742291 236.6
2367 0.6282100984028911 236.7
2368 0.6287714366160324 236.8
2369 0.629374051556814 236.9
2370 0.6299708871388768 237
2371 0.63055692736344 237.1
2372 0.631049778571556 237.2
2373 0.6315009467502833 237.3
2374 0.6319276952112918 237.4
2375 0.6323848022090582 237.5
2376 0.632813765848861 237.6
2377 0.6332118826468586 237.7
2378 0.6335972999664686 237.8
2379 0.6339440319987089 237.9
2380 0.6342520222641413 238
2381 0.6345186051597588 238.1
2382 0.6347412252399114 238.2
2383 0.6349194164323451 238.3
2384 0.6350313828702508 238.4
2385 0.6350777727601697 238.5
2386 0.6350869926747847 238.6
2387 0.6350095173811076 238.7
2388 0.634889627319228 238.8
2389 0.6347036127105081 238.9
2390 0.6344552477085639 239
2391 0.6340964648293145 239.1
2392 0.6337079756918859 239.2
2393 0.6332987748410034 239.3
2394 0.6329804783143078 239.4
2395 0.6327100200359376 239.5
2396 0.6325220495757067 239.6
2397 0.6322576699123831 239.7
2398 0.6318559278682249 239.8
2399 0.6315178894041429 239.9
2400 0.6314444717300209 240
2401 0.631370274316274 240.1
2402 0.6313081820334445 240.2
2403 0.6313180797323443 240.3
2404 0.631445185104648 240.4
2405 0.6316965913054552 240.5
2406 0.6319913981138591 240.6
2407 0.6323149927393953 240.7
2408 0.6325592591804668 240.8
2409 0.6328117356661062 240.9
2410 0.6331273911690164 241
2411 0.6333054358024074 241.1
2412 0.6334748159364217 241.2
2413 0.6335427551363624 241.3
2414 0.6335011806703412 241.4
2415 0.6333591953109065 241.5
2416 0.6329886449446345 241.6
2417 0.6327807270960071 241.7
2418 0.6325268785238288 241.8
2419 0.6322646923867394 241.9
2420 0.6321673364607497 242
2421 0.6320667573376439 242.1
2422 0.6319371752278119 242.2
2423 0.6317934933151037 242.3
2424 0.6316296628031084 242.4
2425 0.6314353583405016 242.5
2426 0.6312091339820418 242.6
2427 0.6309890635599709 242.7
2428 0.630762425907608 242.8
2429 0.6305110749056054 242.9
2430 0.6302266530605652 243
2431 0.6299283564026809 243.1
2432 0.6296424633402102 243.2
2433 0.629341403082565 243.3
2434 0.6290320332669429 243.4
2435 0.628739964837174 243.5
2436 0.6284990760026361 243.6
2437 0.6282920600023765 243.7
2438 0.628123478287047 243.8
2439 0.6279861837564727 243.9
2440 0.6278134735642694 244
2441 0.6276775932851093 244.1
2442 0.6275710940002216 244.2
2443 0.627483246468991 244.3
2444 0.6274110921938006 244.4
2445 0.6273129030728004 244.5
2446 0.6272028017068834 244.6
2447 0.6270853210357411 244.7
2448 0.6269859927610177 244.8
2449 0.6268716507742377 244.9
2450 0.6267534530263692 245
2451 0.6266435334495082 245.1
2452 0.6265057034269021 245.2
2453 0.626480569379507 245.3
2454 0.6263384840702684 245.4
2455 0.6262756770863663 245.5
2456 0.6262866165289052 245.6
2457 0.6263138567629968 245.7
2458 0.626383239974224 245.8
2459 0.626431678381939 245.9
2460 0.6265009655049963 246
2461 0.6265655296488074 246.1
2462 0.6265976795860931 246.2
2463 0.6266054349704089 246.3
2464 0.6265900232327305 246.4
2465 0.6265912746242959 246.5
2466 0.6266110444630419 246.6
2467 0.6266287938333572 246.7
2468 0.6266515146691872 246.8
2469 0.6266605012178048 246.9
2470 0.626658652060892 247
2471 0.6266384343028413 247.1
2472 0.6266110184195807 247.2
2473 0.6265668315472096 247.3
2474 0.6260867302709205 247.4
2475 0.625533794213449 247.5
2476 0.6251305200984779 247.6
2477 0.6248328990965863 247.7
2478 0.624695974169622 247.8
2479 0.6246025615929929 247.9
2480 0.6245433279501982 248
2481 0.6245019062637069 248.1
2482 0.6244741237374097 248.2
2483 0.6244196374754659 248.3
2484 0.6243992549678995 248.4
2485 0.6243951310575948 248.5
2486 0.6244015835481747 248.6
2487 0.6243938628569552 248.7
2488 0.6243958568773593 248.8
2489 0.6244023050701052 248.9
2490 0.6244183703361389 249
2491 0.6244379699771583 249.1
2492 0.6244684708059831 249.2
2493 0.6244932390442429 249.3
2494 0.624522649003601 249.4
2495 0.6245619569904612 249.5
2496 0.6245824614269919 249.6
2497 0.6245690103555045 249.7
2498 0.6245950054213256 249.8
2499 0.6246651489724937 249.9
2500 0.624729431796184 250
2501 0.6247048895567414 250.1
2502 0.6246796684368985 250.2
2503 0.6247260382707119 250.3
2504 0.6247471910198622 250.4
2505 0.6246883171761902 250.5
2506 0.6245946188002995 250.6
2507 0.6245063861050304 250.7
2508 0.6244319003789085 250.8
2509 0.6243511537887926 250.9
2510 0.6242598089450004 251
2511 0.6241709750815131 251.1
2512 0.6240799009469787 251.2
2513 0.6239921182560482 251.3
2514 0.6239104322071497 251.4
2515 0.6238270459310457 251.5
2516 0.6237383341599683 251.6
2517 0.6236479103543462 251.7
2518 0.6235469022997385 251.8
2519 0.6234371260053649 251.9
2520 0.623353234767454 252
2521 0.6232643656951797 252.1
2522 0.6232155201851419 252.2
2523 0.6231758785434387 252.3
2524 0.6231315979363127 252.4
2525 0.623061002866712 252.5
2526 0.6230648289993972 252.6
2527 0.6232261356329596 252.7
2528 0.6234795531338287 252.8
2529 0.6232037177623658 252.9
2530 0.6232959095007761 253
2531 0.6232594824368789 253.1
2532 0.6232117746840583 253.2
2533 0.623905810549607 253.3
2534 0.6246940541837174 253.4
2535 0.6252217157718877 253.5
2536 0.6256704878795486 253.6
2537 0.6260387812554233 253.7
2538 0.6262596127728323 253.8
2539 0.6265860082735045 253.9
2540 0.6267947777895304 254
2541 0.6269737261664106 254.1
2542 0.6271526519296993 254.2
2543 0.6272659063484727 254.3
2544 0.6274544759420344 254.4
2545 0.6276848148853167 254.5
2546 0.6279167969442722 254.6
2547 0.628233345854593 254.7
2548 0.628666382859205 254.8
2549 0.6292465116084055 254.9
2550 0.6298872920549534 255
2551 0.6305642620876192 255.1
2552 0.6312209658406058 255.2
2553 0.6318248717198398 255.3
2554 0.6323194332382583 255.4
2555 0.6327725371785169 255.5
2556 0.6331766935524418 255.6
2557 0.6335285937500122 255.7
2558 0.6338540825362665 255.8
2559 0.6341557999656496 255.9
2560 0.6344495015617089 256
2561 0.6347586998784813 256.1
2562 0.635122556614909 256.2
2563 0.6354931872586577 256.3
2564 0.6358437578850924 256.4
2565 0.636187898617826 256.5
2566 0.6365501836921952 256.6
2567 0.6368935092141067 256.7
2568 0.6372124643533672 256.8
2569 0.6375234228141157 256.9
2570 0.6377970740531614 257
2571 0.6380194696905129 257.1
2572 0.6382590497924348 257.2
2573 0.6385067876220435 257.3
2574 0.6386575055766694 257.4
2575 0.6388078624859017 257.5
2576 0.6389420021960405 257.6
2577 0.6390544151648663 257.7
2578 0.6391482831077857 257.8
2579 0.6392447332513609 257.9
2580 0.6393125955240898 258
2581 0.6392890700343913 258.1
2582 0.6392261954710827 258.2
2583 0.6390931083140813 258.3
2584 0.6389659007606862 258.4
2585 0.6388572139343908 258.5
2586 0.6387078468789013 258.6
2587 0.6385240672169997 258.7
2588 0.6382967236260403 258.8
2589 0.6380428929695282 258.9
2590 0.6377577884840921 259
2591 0.6374592146378079 259.1
2592 0.6371252904897694 259.2
2593 0.6367214125970676 259.3
2594 0.6363085799274295 259.4
2595 0.6358870466609355 259.5
2596 0.6355052894698963 259.6
2597 0.6350769997439416 259.7
2598 0.6346168385690628 259.8
2599 0.6341342387681066 259.9
2600 0.6336434432936455 260
2601 0.6331256782893691 260.1
2602 0.6325947943047791 260.2
2603 0.6320837833827165 260.3
2604 0.6315466364079229 260.4
2605 0.6311697731992214 260.5
2606 0.6307397874712649 260.6
2607 0.6302603640050513 260.7
2608 0.6298481919557305 260.8
2609 0.6296160213252461 260.9
2610 0.6293254509719542 261
2611 0.6287749879042909 261.1
2612 0.6282340709401002 261.2
2613 0.6279047456601273 261.3
2614 0.6277340769353924 261.4
2615 0.6276108417548294 261.5
2616 0.6274291694088741 261.6
2617 0.6271164301278582 261.7
2618 0.6265485879890709 261.8
2619 0.6259126528897458 261.9
2620 0.625217438569575 262
2621 0.6244493785747857 262.1
2622 0.6236392504562794 262.2
2623 0.6229763418963545 262.3
2624 0.6223146747183084 262.4
2625 0.6216761566268718 262.5
2626 0.621048675599947 262.6
2627 0.6202737593174451 262.7
2628 0.6197654513655445 262.8
2629 0.6194076563978813 262.9
2630 0.6190975468317851 263
2631 0.6188142859454681 263.1
2632 0.6186172995435425 263.2
2633 0.6184589358318181 263.3
2634 0.618299879796959 263.4
2635 0.6181559847003095 263.5
2636 0.6180254187351211 263.6
2637 0.6179164527585976 263.7
2638 0.6178270891843229 263.8
2639 0.6177504184439128 263.9
2640 0.6176669669385093 264
2641 0.6175691146924713 264.1
2642 0.617459788507363 264.2
2643 0.6173390667208578 264.3
2644 0.6172124696090567 264.4
2645 0.6170784298964561 264.5
2646 0.6169397137555438 264.6
2647 0.6168018608808921 264.7
2648 0.6166363266817039 264.8
2649 0.6164675311679095 264.9
2650 0.6163089404584849 265
2651 0.6161339597724708 265.1
2652 0.6158369321846781 265.2
2653 0.6155465435821182 265.3
2654 0.6152712429339245 265.4
2655 0.6147842557089462 265.5
2656 0.6142344778058539 265.6
2657 0.6137089779542431 265.7
2658 0.6133235645863166 265.8
2659 0.61305300549417 265.9
2660 0.6128556177294111 266
2661 0.6127457608832166 266.1
2662 0.6125998961133551 266.2
2663 0.6124195060895389 266.3
2664 0.6122586105598289 266.4
2665 0.6120620241656822 266.5
2666 0.6119262230022914 266.6
2667 0.6118747976838074 266.7
2668 0.611846547782768 266.8
2669 0.6118565800865329 266.9
2670 0.6118094943128636 267
2671 0.6116921983267319 267.1
2672 0.6115680077372301 267.2
2673 0.6114574510181331 267.3
2674 0.6113576696427281 267.4
2675 0.6112656001983191 267.5
2676 0.6111308883483092 267.6
2677 0.6110453281320017 267.7
2678 0.6110673222603331 267.8
2679 0.611109672069612 267.9
2680 0.6111817379890718 268
2681 0.6112964730910772 268.1
2682 0.6114097791299782 268.2
2683 0.6115510540215922 268.3
2684 0.6117062223552786 268.4
2685 0.6118763955189052 268.5
2686 0.6120682694452858 268.6
2687 0.6122813430086282 268.7
2688 0.6125137660784521 268.8
2689 0.6127670243957986 268.9
2690 0.6130241508479632 269
2691 0.6133069445676484 269.1
2692 0.613593596856864 269.2
2693 0.6138921780110299 269.3
2694 0.6141985050472506 269.4
2695 0.6144948120490556 269.5
2696 0.6148017162254752 269.6
2697 0.6151088785559037 269.7
2698 0.6154205328315031 269.8
2699 0.6157323323089762 269.9
2700 0.6160428326277335 270
2701 0.6163171729565086 270.1
2702 0.6165694682679249 270.2
2703 0.6168508809088589 270.3
2704 0.6171011242517984 270.4
2705 0.6173710246289591 270.5
2706 0.6176187054238037 270.6
2707 0.6178688506582832 270.7
2708 0.6180692702779274 270.8
2709 0.6182725080023975 270.9
2710 0.6184500491880426 271
2711 0.6185893155251178 271.1
2712 0.6186975695990576 271.2
2713 0.6187897676651799 271.3
2714 0.6188642384013537 271.4
2715 0.618912557153816 271.5
2716 0.618907268349322 271.6
2717 0.6188869327935711 271.7
2718 0.6188408434391093 271.8
2719 0.6187846576271102 271.9
2720 0.6187123820338637 272
2721 0.6186406153667007 272.1
2722 0.6185636720120712 272.2
2723 0.6185293022421369 272.3
2724 0.6185122352778342 272.4
2725 0.6185130482230843 272.5
2726 0.6185266743141492 272.6
2727 0.618558058143318 272.7
2728 0.6186288636984588 272.8
2729 0.6187291345411334 272.9
2730 0.6188503363818219 273
2731 0.6189724911759283 273.1
2732 0.6191220045210168 273.2
2733 0.6191036106581455 273.3
2734 0.6190221722191889 273.4
2735 0.6190816329391173 273.5
2736 0.6191122397079276 273.6
2737 0.6196467099010459 273.7
2738 0.6199876825116793 273.8
2739 0.6198759310200394 273.9
2740 0.6191599027857734 274
2741 0.6190808370008866 274.1
2742 0.6189115001895543 274.2
2743 0.618634774065477 274.3
2744 0.6184652708919229 274.4
2745 0.6183958575480889 274.5
2746 0.618509922036528 274.6
2747 0.6187635948653815 274.7
2748 0.6190332435203453 274.8
2749 0.6192343392153523 274.9
2750 0.6193952343620861 275
2751 0.619421385233261 275.1
2752 0.6194310431321387 275.2
2753 0.6194682989656227 275.3
2754 0.6195475212072271 275.4
2755 0.6195872311109895 275.5
2756 0.6196457829663209 275.6
2757 0.6197411905075526 275.7
2758 0.6198772435056981 275.8
2759 0.6200715715058953 275.9
2760 0.6202964259897401 276
2761 0.6205329829235742 276.1
2762 0.6207648331972175 276.2
2763 0.6209893402132594 276.3
2764 0.6212161750583812 276.4
2765 0.6214413339623563 276.5
2766 0.6216440242770723 276.6
2767 0.6217714652456887 276.7
2768 0.6219512056087387 276.8
2769 0.6221352494859335 276.9
2770 0.622304248252073 277
2771 0.6224558622272932 277.1
2772 0.6225977411950712 277.2
2773 0.6227373177495921 277.3
2774 0.6228801561829603 277.4
2775 0.6230114658376351 277.5
2776 0.6231805079736322 277.6
2777 0.6233466583117692 277.7
2778 0.6234886737222414 277.8
2779 0.6235589158544883 277.9
2780 0.6236275727047544 278
2781 0.6236973483183763 278.1
2782 0.6237333119885379 278.2
2783 0.6237092457862021 278.3
2784 0.623622295201266 278.4
2785 0.6235180078943272 278.5
2786 0.6233486290857856 278.6
2787 0.623118979428207 278.7
2788 0.6228445164983185 278.8
2789 0.6225266594439262 278.9
2790 0.6221433551154334 279
2791 0.6217188482237247 279.1
2792 0.6212265209496823 279.2
2793 0.6207132033110545 279.3
2794 0.6201774837191815 279.4
2795 0.6196236556957591 279.5
2796 0.6191065740541543 279.6
2797 0.6186532159556172 279.7
2798 0.6181565879798255 279.8
2799 0.6176711350985181 279.9
2800 0.6172043997046591 280
2801 0.6170207123767876 280.1
2802 0.6168496115826534 280.2
2803 0.6166566550727119 280.3
2804 0.6164814437515687 280.4
2805 0.6163384088098343 280.5
2806 0.6162050763838717 280.6
2807 0.615753738524828 280.7
2808 0.6151387831491021 280.8
2809 0.6145147257729819 280.9
2810 0.6138919894858914 281
2811 0.613334689227725 281.1
2812 0.6127794381735368 281.2
2813 0.6122154220158775 281.3
2814 0.6116454776512169 281.4
2815 0.6110709043016108 281.5
2816 0.6104872170793773 281.6
2817 0.6098997739395851 281.7
2818 0.6092347926104333 281.8
2819 0.6085162259485913 281.9
2820 0.6078213906420604 282
2821 0.6071546499041851 282.1
2822 0.6065172135647835 282.2
2823 0.6059206332596001 282.3
2824 0.6053487091239067 282.4
2825 0.6047926108339565 282.5
2826 0.6042446847969453 282.6
2827 0.6037181853719006 282.7
2828 0.6032107130452361 282.8
2829 0.6027039487255395 282.9
2830 0.6022139598806083 283
2831 0.6017651593128456 283.1
2832 0.601350499713001 283.2
2833 0.6009427764323232 283.3
2834 0.6005365078665841 283.4
2835 0.6001215777053126 283.5
2836 0.5997299793259069 283.6
2837 0.5995541963061451 283.7
2838 0.5994205740264589 283.8
2839 0.5992661917770687 283.9
2840 0.5991935649674053 284
2841 0.5991325716069344 284.1
2842 0.5990885345930173 284.2
2843 0.5990587360197671 284.3
2844 0.5990222642042946 284.4
2845 0.5990157075779934 284.5
2846 0.5988622530325955 284.6
2847 0.5984012494322979 284.7
2848 0.5980868511992067 284.8
2849 0.5978052170321047 284.9
2850 0.5979765661897418 285
2851 0.598268966244358 285.1
2852 0.5986797423124969 285.2
2853 0.5988776541168614 285.3
2854 0.599165681229674 285.4
2855 0.5994112603786346 285.5
2856 0.5994729127551236 285.6
2857 0.5995151409173263 285.7
2858 0.5995861302567556 285.8
2859 0.5996132847113332 285.9
2860 0.5996240284272212 286
2861 0.5996661446893001 286.1
2862 0.5997337656950197 286.2
2863 0.5998257526484647 286.3
2864 0.600043830117059 286.4
2865 0.6002591674054445 286.5
2866 0.6004382803258369 286.6
2867 0.6006421600633475 286.7
2868 0.6008708421939642 286.8
2869 0.6011250128059976 286.9
2870 0.6013976855854808 287
2871 0.6016865869035691 287.1
2872 0.6020035982460229 287.2
2873 0.6023730940840991 287.3
2874 0.6028186218070922 287.4
2875 0.6032499021265705 287.5
2876 0.6036905710212246 287.6
2877 0.6041406550627948 287.7
2878 0.6046073551079394 287.8
2879 0.6050916473781107 287.9
2880 0.6059619943314966 288
2881 0.6068786152501413 288.1
2882 0.6077989728992143 288.2
2883 0.6090543764837431 288.3
2884 0.6102536693554426 288.4
2885 0.6110213140977722 288.5
2886 0.6116883810420981 288.6
2887 0.6122767973072953 288.7
2888 0.6128251637971694 288.8
2889 0.6133682684397495 288.9
2890 0.6138937757657067 289
2891 0.6143608621737962 289.1
2892 0.6148087599279062 289.2
2893 0.615244366580609 289.3
2894 0.6156583012683912 289.4
2895 0.616101095443245 289.5
2896 0.6165734170290826 289.6
2897 0.6170458347653659 289.7
2898 0.6175093606573762 289.8
2899 0.6179523536409016 289.9
2900 0.6183623418435901 290
2901 0.6187877865036908 290.1
2902 0.6192045121400696 290.2
2903 0.6197033883303624 290.3
2904 0.6201932320089881 290.4
2905 0.6206652243838265 290.5
2906 0.6211492152259841 290.6
2907 0.6216501755550941 290.7
2908 0.6221681383617652 290.8
2909 0.6226611499629888 290.9
2910 0.6231385438096728 291
2911 0.6235686094019425 291.1
2912 0.6239858198239405 291.2
2913 0.62438054755835 291.3
2914 0.6247737610460711 291.4
2915 0.6251642059228656 291.5
2916 0.6255506382999162 291.6
2917 0.6259156224867611 291.7
2918 0.62624069194885 291.8
2919 0.6265510978294113 291.9
2920 0.6268484611041316 292
2921 0.627126212902229 292.1
2922 0.6273857954811303 292.2
2923 0.6276291803440462 292.3
2924 0.6278230056122572 292.4
2925 0.6279690538240448 292.5
2926 0.6280979802029873 292.6
2927 0.6281848608692867 292.7
2928 0.6282492959611281 292.8
2929 0.6282710431632089 292.9
2930 0.6281876727255091 293
2931 0.6280595806467038 293.1
2932 0.627867266271621 293.2
2933 0.6276028969549379 293.3
2934 0.6272944859052072 293.4
2935 0.6269402467575487 293.5
2936 0.6266348553696081 293.6
2937 0.6262333650745278 293.7
2938 0.6258273678419628 293.8
2939 0.6253754722183626 293.9
2940 0.6249082254294722 294
2941 0.6244475108824261 294.1
2942 0.6241101653595853 294.2
2943 0.6238361194726721 294.3
2944 0.6236319143833162 294.4
2945 0.6233824869307431 294.5
2946 0.6226871947072863 294.6
2947 0.6219469338116842 294.7
2948 0.6214068169593073 294.8
2949 0.6215279178795614 294.9
2950 0.6211611887925554 295
2951 0.6206739500929065 295.1
2952 0.6198920915747895 295.2
2953 0.6191346242726987 295.3
2954 0.6183500532102568 295.4
2955 0.6176198264200982 295.5
2956 0.6169745039156879 295.6
2957 0.6163209354008673 295.7
2958 0.6158019417524517 295.8
2959 0.615573495880267 295.9
2960 0.6151241876688494 296
2961 0.6145514876909457 296.1
2962 0.6138492287993139 296.2
2963 0.6129971029229727 296.3
2964 0.6121347356850987 296.4
2965 0.6112731466149027 296.5
2966 0.6104519697957377 296.6
2967 0.609663176346729 296.7
2968 0.6089521551898306 296.8
2969 0.6082968682122311 296.9
2970 0.6076765180509578 297
2971 0.6070641176407169 297.1
2972 0.6063848344181304 297.2
2973 0.6059309567352856 297.3
2974 0.6055496165063634 297.4
2975 0.6051897387672989 297.5
2976 0.604859391497698 297.6
2977 0.6045336475654668 297.7
2978 0.6042100028724596 297.8
2979 0.6038538135047432 297.9
2980 0.6034979262206666 298
2981 0.6031447604231819 298.1
2982 0.6027917580569578 298.2
2983 0.6024131528414747 298.3
2984 0.6020252370007494 298.4
2985 0.601955729674908 298.5
2986 0.6016499159444323 298.6
2987 0.6013371622680235 298.7
2988 0.6010703761608193 298.8
2989 0.600828267204814 298.9
2990 0.6005942209324061 299
2991 0.6003689337641661 299.1
2992 0.600162744303687 299.2
2993 0.5999630615720525 299.3
2994 0.5997280535172135 299.4
2995 0.599487312639569 299.5
2996 0.5992534656344563 299.6
2997 0.5990170750944553 299.7
2998 0.598762985894612 299.8
2999 0.598476028785932 299.9
3000 0.5981832423698048 300
3001 0.5979031923244432 300.1
3002 0.5976798538433346 300.2
3003 0.5975020159144923 300.3
3004 0.5973682229628329 300.4
3005 0.5972734129793057 300.5
3006 0.5971880437221061 300.6
3007 0.5971004621333907 300.7
3008 0.5970330702264445 300.8
3009 0.5969619686892279 300.9
3010 0.5968739583908858 301
3011 0.5963761904076514 301.1
3012 0.5960415972619705 301.2
3013 0.5957639071840589 301.3
3014 0.5955732460318685 301.4
3015 0.5955100034719727 301.5
3016 0.5956013208787009 301.6
3017 0.59575884360313 301.7
3018 0.5959485026051954 301.8
3019 0.5959587285931464 301.9
3020 0.5959699511599781 302
3021 0.5959832414548097 302.1
3022 0.5959941096438983 302.2
3023 0.5960144952989372 302.3
3024 0.5960367553548857 302.4
3025 0.5961069659906106 302.5
3026 0.5961781093772586 302.6
3027 0.5962526476190833 302.7
3028 0.5963651636511536 302.8
3029 0.5965030036103243 302.9
3030 0.5967122225022434 303
3031 0.5969325713809904 303.1
3032 0.5971756251705309 303.2
3033 0.5974418810345919 303.3
3034 0.5977147362026407 303.4
3035 0.5979864283776363 303.5
3036 0.5982755907260358 303.6
3037 0.5985804013735603 303.7
3038 0.5989597623300899 303.8
3039 0.5993651361504608 303.9
3040 0.5997791029322668 304
3041 0.6002103222620438 304.1
3042 0.6006534041568067 304.2
3043 0.6011015396754651 304.3
3044 0.601543201144199 304.4
3045 0.6019698914551851 304.5
3046 0.6024137218885488 304.6
3047 0.6028841676362235 304.7
3048 0.6033121710226201 304.8
3049 0.6037308655792033 304.9
3050 0.6041621017040548 305
3051 0.604488001761635 305.1
3052 0.6048088050453199 305.2
3053 0.6051559626295283 305.3
3054 0.6055322811206836 305.4
3055 0.6059209322004316 305.5
3056 0.6063162442174395 305.6
3057 0.6067274098091797 305.7
3058 0.6071355031704579 305.8
3059 0.6075427932833324 305.9
3060 0.6079393560715806 306
3061 0.6083338841902565 306.1
3062 0.6087266894957176 306.2
3063 0.609110297321082 306.3
3064 0.6094919363729663 306.4
3065 0.6098686787910117 306.5
3066 0.6102216439292332 306.6
3067 0.6105806811847163 306.7
3068 0.6109757461726013 306.8
3069 0.6113612911727426 306.9
3070 0.6116562318101968 307
3071 0.6118312329403343 307.1
3072 0.6121009567400644 307.2
3073 0.6123616424964252 307.3
3074 0.6126009141468337 307.4
3075 0.6128218889623797 307.5
3076 0.6130243117091981 307.6
3077 0.6132092639437384 307.7
3078 0.6133621806751045 307.8
3079 0.6134862061392864 307.9
3080 0.6135827973017659 308
3081 0.6136372284586685 308.1
3082 0.6136332175857481 308.2
3083 0.6135788699924071 308.3
3084 0.6134706254774235 308.4
3085 0.6133247332161438 308.5
3086 0.6132173521578004 308.6
3087 0.6131116601351234 308.7
3088 0.6130977438406425 308.8
3089 0.6129128119057151 308.9
3090 0.6123181128667305 309
3091 0.6118551225541657 309.1
3092 0.6114323003125522 309.2
3093 0.6111179671532135 309.3
3094 0.6107763542206329 309.4
3095 0.6105480033942212 309.5
3096 0.6102220847483372 309.6
3097 0.6098274337728873 309.7
3098 0.6096184414688777 309.8
3099 0.6094479127731974 309.9
3100 0.6093727179730477 310
3101 0.609376824665637 310.1
3102 0.6092960598247842 310.2
3103 0.6091000208116899 310.3
3104 0.6087794739409161 310.4
3105 0.6084335222703355 310.5
3106 0.6080722234815911 310.6
3107 0.6077854843175692 310.7
3108 0.6075182109427111 310.8
3109 0.6072253249588685 310.9
3110 0.6068409919431998 311
3111 0.6064196973779975 311.1
3112 0.6059660986268388 311.2
3113 0.6054998818197735 311.3
3114 0.6050363167212537 311.4
3115 0.6045687918405607 311.5
3116 0.6040946986305923 311.6
3117 0.6036261540073363 311.7
3118 0.6031504360366492 311.8
3119 0.6026736966289268 311.9
3120 0.6021993521536521 312
3121 0.6017255414138258 312.1
3122 0.6012693118796278 312.2
3123 0.600835940468966 312.3
3124 0.6004086058812533 312.4
3125 0.5999721131952914 312.5
3126 0.5995333797626402 312.6
3127 0.5991046247088707 312.7
3128 0.5986799312988659 312.8
3129 0.5982737090130003 312.9
3130 0.5979230639566839 313
3131 0.5975140316321057 313.1
3132 0.5971022681236929 313.2
3133 0.5966893880296422 313.3
3134 0.5962694722109452 313.4
3135 0.5958599536988859 313.5
3136 0.5954630606376901 313.6
3137 0.5950790249496783 313.7
3138 0.5947166681451584 313.8
3139 0.5943353868207251 313.9
3140 0.5939629653298774 314
3141 0.5935962646701011 314.1
3142 0.5932405169854247 314.2
3143 0.5928917794102473 314.3
3144 0.5925330831971277 314.4
3145 0.5922350026730384 314.5
3146 0.5919656922931648 314.6
3147 0.591732586932967 314.7
3148 0.5915299699007127 314.8
3149 0.5913361514918619 314.9
3150 0.5911319219305613 315
3151 0.5909260775902452 315.1
3152 0.5907356786180704 315.2
3153 0.5905593861592223 315.3
3154 0.5903814047253974 315.4
3155 0.5901940550887732 315.5
3156 0.5899984328033533 315.6
3157 0.5898310741715453 315.7
3158 0.5896983731931362 315.8
3159 0.5895761962298844 315.9
3160 0.5895120294597858 316
3161 0.5895541332745715 316.1
3162 0.5893029141574538 316.2
3163 0.5890073584470996 316.3
3164 0.5887646480692166 316.4
3165 0.5888332783321302 316.5
3166 0.5889705386863887 316.6
3167 0.5892810494596284 316.7
3168 0.5897058132814752 316.8
3169 0.5900588261677259 316.9
3170 0.590342053251258 317
3171 0.5903371544438276 317.1
3172 0.5901759403995454 317.2
3173 0.5901768063770829 317.3
3174 0.5900692945774686 317.4
3175 0.5900160653822377 317.5
3176 0.5900457923573378 317.6
3177 0.5900439331111752 317.7
3178 0.5900288771026186 317.8
3179 0.5899928990996821 317.9
3180 0.5899725720197924 318
3181 0.5900014401357893 318.1
3182 0.5900965331727146 318.2
3183 0.5902415497393763 318.3
3184 0.5904393543414523 318.4
3185 0.5905456186789966 318.5
3186 0.590658717776579 318.6
3187 0.591110431076408 318.7
3188 0.5915182693382205 318.8
3189 0.5918383669102845 318.9
3190 0.5920890233379924 319
3191 0.5922474942023486 319.1
3192 0.5923245253657627 319.2
3193 0.5923522590048013 319.3
3194 0.5923588307272193 319.4
3195 0.5923448867503476 319.5
3196 0.5922582425356585 319.6
3197 0.5921695978842015 319.7
3198 0.5920776373464841 319.8
3199 0.5919894833584449 319.9
3200 0.5919267056031103 320
3201 0.5918644100011428 320.1
3202 0.5918125047106622 320.2
3203 0.5918588485377649 320.3
3204 0.5919578062180777 320.4
3205 0.5921064588073423 320.5
3206 0.5922935428713377 320.6
3207 0.592504305761331 320.7
3208 0.5927403935856557 320.8
3209 0.5929882787355117 320.9
3210 0.5932408756685591 321
3211 0.5934914965780924 321.1
3212 0.5937260594231268 321.2
3213 0.5939535439564243 321.3
3214 0.5941914069769071 321.4
3215 0.5944205557626503 321.5
3216 0.5946201683511749 321.6
3217 0.5948188224317829 321.7
3218 0.5950138380566536 321.8
3219 0.5952191507926829 321.9
3220 0.595487109033314 322
3221 0.5957830824581823 322.1
3222 0.5960647486720051 322.2
3223 0.5963645365000391 322.3
3224 0.5966522232308225 322.4
3225 0.5969310370726653 322.5
3226 0.5971844494345284 322.6
3227 0.5974309561769164 322.7
3228 0.5976713455392608 322.8
3229 0.5979015913164052 322.9
3230 0.5981163148969479 323
3231 0.598314600902947 323.1
3232 0.598498334569059 323.2
3233 0.5986617753005455 323.3
3234 0.5987469746662781 323.4
3235 0.5988226404951981 323.5
3236 0.598880412332996 323.6
3237 0.5989275637263551 323.7
3238 0.5989951400912483 323.8
3239 0.5990447762774069 323.9
3240 0.5990320990280152 324
3241 0.5989824213043419 324.1
3242 0.5988812910277187 324.2
3243 0.5987275957951663 324.3
3244 0.5985216438735227 324.4
3245 0.5982667893105025 324.5
3246 0.5979702901254775 324.6
3247 0.5976485040485224 324.7
3248 0.5973043125675407 324.8
3249 0.5969341557623176 324.9
3250 0.5965489292226452 325
3251 0.5961393471724586 325.1
3252 0.59570397125269 325.2
3253 0.5952289608160343 325.3
3254 0.5947697256088993 325.4
3255 0.5942710516456714 325.5
3256 0.59370981781871 325.6
3257 0.5931026702040973 325.7
3258 0.5924693491324478 325.8
3259 0.5918782191744718 325.9
3260 0.5913339714747869 326
3261 0.590794633457799 326.1
3262 0.5902053648535749 326.2
3263 0.5896394363247437 326.3
3264 0.5890968186114998 326.4
3265 0.5885644519748929 326.5
3266 0.5880435914169118 326.6
3267 0.5875479554110574 326.7
3268 0.5870325076318587 326.8
3269 0.5865028506898867 326.9
3270 0.5860013998029688 327
3271 0.5855283014474677 327.1
3272 0.5850925817814182 327.2
3273 0.5846636414801221 327.3
3274 0.5842658139187706 327.4
3275 0.5838854049455809 327.5
3276 0.583533109046363 327.6
3277 0.5831654195752104 327.7
3278 0.5827945723635307 327.8
3279 0.5824318251620736 327.9
3280 0.5820712906269458 328
3281 0.5817044579872255 328.1
3282 0.5813295640381427 328.2
3283 0.5809737885134133 328.3
3284 0.5806153767378436 328.4
3285 0.5802877180280015 328.5
3286 0.5799803465218148 328.6
3287 0.5796784882231162 328.7
3288 0.5793757930895048 328.8
3289 0.5790749852038533 328.9
3290 0.5787813042949671 329
3291 0.5784855738663086 329.1
3292 0.5782277837336972 329.2
3293 0.5779867245783923 329.3
3294 0.5777178933915179 329.4
3295 0.577466028711848 329.5
3296 0.5772316559560073 329.6
3297 0.5770115535033175 329.7
3298 0.5768560809867361 329.8
3299 0.576650054342513 329.9
3300 0.5765642964793113 330
3301 0.576525655279526 330.1
3302 0.5765219850001244 330.2
3303 0.5765349652154093 330.3
3304 0.5765523266796698 330.4
3305 0.5767056875486243 330.5
3306 0.5768682318567845 330.6
3307 0.5770323261508351 330.7
3308 0.5772004022678112 330.8
3309 0.5773930954368666 330.9
3310 0.5776011846794887 331
3311 0.5778037712673524 331.1
3312 0.5780037880222426 331.2
3313 0.5782174629590821 331.3
3314 0.5784449336289432 331.4
3315 0.5786771052805665 331.5
3316 0.5789349409763193 331.6
3317 0.5791744391273409 331.7
3318 0.5794263711050827 331.8
3319 0.579691680455975 331.9
3320 0.5799640323176236 332
3321 0.5802592315714702 332.1
3322 0.5805587134095186 332.2
3323 0.5808700417019629 332.3
3324 0.5812039206358671 332.4
3325 0.5815469014315743 332.5
3326 0.5819814684987352 332.6
3327 0.5823943104952175 332.7
3328 0.5828152179916317 332.8
3329 0.5832174910879528 332.9
3330 0.5836140049854418 333
3331 0.5839890212188588 333.1
3332 0.5843563446872998 333.2
3333 0.5847169345421492 333.3
3334 0.5850686227601386 333.4
3335 0.5854180768417391 333.5
3336 0.5857679777596116 333.6
3337 0.5861325732159972 333.7
3338 0.5864873424013545 333.8
3339 0.5868266161720908 333.9
3340 0.5871843537633071 334
3341 0.5875192888590636 334.1
3342 0.5878295634342326 334.2
3343 0.5881602344313316 334.3
3344 0.5884505485089022 334.4
3345 0.5887178299806505 334.5
3346 0.5889570812372471 334.6
3347 0.5891521588797275 334.7
3348 0.589304598297367 334.8
3349 0.5894338339251715 334.9
3350 0.589555477059611 335
3351 0.5896632913775636 335.1
3352 0.5897269349933755 335.2
3353 0.5898211132198637 335.3
3354 0.5899091739099297 335.4
3355 0.589978370384039 335.5
3356 0.5901327127245043 335.6
3357 0.5903567471161143 335.7
3358 0.5903781131325019 335.8
3359 0.5904274040277299 335.9
3360 0.5904826137180601 336
3361 0.5904201246543329 336.1
3362 0.5902176089914896 336.2
3363 0.5899753418559648 336.3
3364 0.5896878740886671 336.4
3365 0.5893807070092848 336.5
3366 0.5890619297908001 336.6
3367 0.5887693041986806 336.7
3368 0.5884739553968641 336.8
3369 0.5881892183275481 336.9
3370 0.587915049928437 337
3371 0.5876637098810095 337.1
3372 0.5874177419918488 337.2
3373 0.5871681189471007 337.3
3374 0.5868413591146414 337.4
3375 0.5864336490371066 337.5
3376 0.5860260173655623 337.6
3377 0.5856213901201983 337.7
3378 0.5852761898559266 337.8
3379 0.5849230674122535 337.9
3380 0.5846085076643958 338
3381 0.5843417188625936 338.1
3382 0.583908649750444 338.2
3383 0.5833828306389872 338.3
3384 0.5829738431973156 338.4
3385 0.5826782111093043 338.5
3386 0.582606713571617 338.6
3387 0.5825883012899602 338.7
3388 0.5827178802863083 338.8
3389 0.5827648590876267 338.9
3390 0.5826866922666472 339
3391 0.5823840829785049 339.1
3392 0.5820102920855481 339.2
3393 0.5818402427362206 339.3
3394 0.5815231025192729 339.4
3395 0.5812151522802351 339.5
3396 0.5809118924507699 339.6
3397 0.5806035029929054 339.7
3398 0.5802871954923928 339.8
3399 0.5800580109144748 339.9
3400 0.5797432217749255 340
3401 0.5794504882026764 340.1
3402 0.5792020377617819 340.2
3403 0.5789731351627536 340.3
3404 0.5788020963030615 340.4
3405 0.578695622541943 340.5
3406 0.578681796346774 340.6
3407 0.5788145318772341 340.7
3408 0.578995464168221 340.8
3409 0.5791826286076031 340.9
3410 0.5793487762210245 341
3411 0.5794886012866831 341.1
3412 0.5795624327452356 341.2
3413 0.5795885374563466 341.3
3414 0.5795889205815659 341.4
3415 0.579541490712968 341.5
3416 0.5794658866983017 341.6
3417 0.5794197859681589 341.7
3418 0.5793682882178239 341.8
3419 0.5792737140017259 341.9
3420 0.5791607963430915 342
3421 0.579108965703101 342.1
3422 0.579100529711102 342.2
3423 0.5791692861191998 342.3
3424 0.5792521854767492 342.4
3425 0.5793168018685962 342.5
3426 0.579393683385797 342.6
3427 0.5794848313599328 342.7
3428 0.5795882287097067 342.8
3429 0.5796991661617006 342.9
3430 0.5798087915261392 343
3431 0.5799165876351479 343.1
3432 0.5800425486177456 343.2
3433 0.5801807155679445 343.3
3434 0.5803224569047004 343.4
3435 0.580481042645842 343.5
3436 0.5806798736871983 343.6
3437 0.5808822134964412 343.7
3438 0.5811007639358975 343.8
3439 0.5813244448230934 343.9
3440 0.5815319521631352 344
3441 0.5817341821289641 344.1
3442 0.5819316156737963 344.2
3443 0.5821315373349324 344.3
3444 0.5823302221922098 344.4
3445 0.5825349433055573 344.5
3446 0.5827357387975354 344.6
3447 0.5829422858483144 344.7
3448 0.5831556958206761 344.8
3449 0.5833629705446337 344.9
3450 0.5835646963054223 345
3451 0.583770557848961 345.1
3452 0.5839800369903386 345.2
3453 0.5841908693189813 345.3
3454 0.5843869242834138 345.4
3455 0.5845730393490227 345.5
3456 0.5847393141552897 345.6
3457 0.5848791895011032 345.7
3458 0.5849617393934998 345.8
3459 0.5850767749991354 345.9
3460 0.5851573018546044 346
3461 0.5852307767256119 346.1
3462 0.5852587042557582 346.2
3463 0.585259736044916 346.3
3464 0.5852502825694026 346.4
3465 0.5852351525046632 346.5
3466 0.5852124522074981 346.6
3467 0.5851816915633937 346.7
3468 0.5851522751143829 346.8
3469 0.5851260772360797 346.9
3470 0.5850698750262183 347
3471 0.5849975290447528 347.1
3472 0.5849575398297733 347.2
3473 0.5849730707091473 347.3
3474 0.5849793135354432 347.4
3475 0.5849617018699717 347.5
3476 0.584960236265609 347.6
3477 0.5849166600518355 347.7
3478 0.5849165675811604 347.8
3479 0.5849113113621118 347.9
3480 0.58485509861209 348
3481 0.5847314796217529 348.1
3482 0.5846201676950044 348.2
3483 0.5845204191253719 348.3
3484 0.5844670200263677 348.4
3485 0.5844430589902281 348.5
3486 0.5844706806030594 348.6
3487 0.5844725433736649 348.7
3488 0.5844580899266008 348.8
3489 0.5844863763671563 348.9
3490 0.584508102285109 349
3491 0.5845053039224104 349.1
3492 0.5844599032544927 349.2
3493 0.5843492427712104 349.3
3494 0.5841701749617266 349.4
3495 0.5839477748394778 349.5
3496 0.5837152245962828 349.6
3497 0.5834486792313591 349.7
3498 0.5831391330377126 349.8
3499 0.5828054958084029 349.9
3500 0.5824461244864494 350
3501 0.5820504797428372 350.1
3502 0.5816703975353279 350.2
3503 0.5812761317606423 350.3
3504 0.5808218976353846 350.4
3505 0.580351230402588 350.5
3506 0.5798780049326537 350.6
3507 0.5793709762566468 350.7
3508 0.578844221878282 350.8
3509 0.5783146675051681 350.9
3510 0.5777926553437295 351
3511 0.5772788712606806 351.1
3512 0.576738973786729 351.2
3513 0.5761774511514953 351.3
3514 0.5755797206749698 351.4
3515 0.5749677708801082 351.5
3516 0.5743506428737247 351.6
3517 0.5737503995195535 351.7
3518 0.5731797973650374 351.8
3519 0.5726010632094278 351.9
3520 0.5720306587783328 352
3521 0.5714614216938496 352.1
3522 0.5708999179792535 352.2
3523 0.5703454256898152 352.3
3524 0.5697962497664126 352.4
3525 0.5692432708736525 352.5
3526 0.5686888076370981 352.6
3527 0.5681296913311471 352.7
3528 0.5675362069570404 352.8
3529 0.5667009525871176 352.9
3530 0.566109847532997 353
3531 0.565631430805337 353.1
3532 0.5651836806174682 353.2
3533 0.5647263094346782 353.3
3534 0.5642784198750542 353.4
3535 0.5638684179857103 353.5
3536 0.5634812985816923 353.6
3537 0.5631138598342924 353.7
3538 0.5627499447154685 353.8
3539 0.56237276302422 353.9
3540 0.5620262016313119 354
3541 0.5616859347394979 354.1
3542 0.5613647472227858 354.2
3543 0.5610375003133077 354.3
3544 0.5607176924292183 354.4
3545 0.5604108813640107 354.5
3546 0.5601838531669853 354.6
3547 0.560020867653743 354.7
3548 0.5598615527051186 354.8
3549 0.5597041821757519 354.9
3550 0.5595279713626427 355
3551 0.5593402765585047 355.1
3552 0.5591448454717303 355.2
3553 0.558937844041603 355.3
3554 0.5586964629597648 355.4
3555 0.5584472696690223 355.5
3556 0.5581898258029566 355.6
3557 0.5579239112561868 355.7
3558 0.5576582163752325 355.8
3559 0.5573851333675028 355.9
3560 0.5571290763072863 356
3561 0.5568892619220088 356.1
3562 0.5566581234082724 356.2
3563 0.5564273230549179 356.3
3564 0.5561796246425731 356.4
3565 0.555925593646209 356.5
3566 0.5556609052732197 356.6
3567 0.5553711358591671 356.7
3568 0.5550475074258936 356.8
3569 0.5546874912507702 356.9
3570 0.5542917214756641 357
3571 0.5538644026367823 357.1
3572 0.5533957272272917 357.2
3573 0.5528935271645048 357.3
3574 0.5524338518197754 357.4
3575 0.5520674580919248 357.5
3576 0.5516894242510407 357.6
3577 0.551288377747792 357.7
3578 0.5508627644376862 357.8
3579 0.5503851118325798 357.9
3580 0.5498593479492798 358
3581 0.5492777970761018 358.1
3582 0.5486644459885043 358.2
3583 0.5480866942684616 358.3
3584 0.5476008145659393 358.4
3585 0.5475624331981618 358.5
3586 0.5475468515390505 358.6
3587 0.5475475099195636 358.7
3588 0.5475503749067238 358.8
3589 0.5475734233575802 358.9
3590 0.5476010576644531 359
3591 0.5476318784476364 359.1
3592 0.547660212935114 359.2
3593 0.5476904326680605 359.3
3594 0.5477155561867185 359.4
3595 0.5477498976562017 359.5
3596 0.5477852750235345 359.6
3597 0.5478313652221635 359.7
3598 0.5478848533065073 359.8
3599 0.5479618078110766 359.9
3600 0.5480532241990396 360
3601 0.5481839012211925 360.1
3602 0.5483538189269709 360.2
3603 0.5485932277294244 360.3
3604 0.5488552268957504 360.4
3605 0.5490194763838779 360.5
3606 0.5490303323516228 360.6
3607 0.5491363591983541 360.7
3608 0.5492537139750909 360.8
3609 0.5495319654934425 360.9
3610 0.5499696554657999 361
3611 0.5501112192144877 361.1
3612 0.5503756567084979 361.2
3613 0.5504413306933383 361.3
3614 0.5504421137966581 361.4
3615 0.5505633616927685 361.5
3616 0.5506398991620257 361.6
3617 0.5507811236487954 361.7
3618 0.5509518826833879 361.8
3619 0.5510339210303008 361.9
3620 0.5513686794851743 362
3621 0.5516107178642471 362.1
3622 0.551627914470797 362.2
3623 0.5514792040702653 362.3
3624 0.5513096663248336 362.4
3625 0.5511884001259618 362.5
3626 0.5510699103665975 362.6
3627 0.5509586654369025 362.7
3628 0.5508758885642541 362.8
3629 0.5507572766343211 362.9
3630 0.5506134960169369 363
3631 0.5504640312394805 363.1
3632 0.5503122471532353 363.2
3633 0.5501594713352805 363.3
3634 0.5500075226276723 363.4
3635 0.5498687635867083 363.5
3636 0.5498434807065452 363.6
3637 0.549878012227576 363.7
3638 0.5501648793058111 363.8
3639 0.5502923409295152 363.9
3640 0.5504067801358152 364
3641 0.550504733701355 364.1
3642 0.5505974212956375 364.2
3643 0.5506144049477137 364.3
3644 0.5505982792002956 364.4
3645 0.5505721530803848 364.5
3646 0.5505290525729125 364.6
3647 0.5504626532036937 364.7
3648 0.5503702469139707 364.8
3649 0.5502471132406629 364.9
3650 0.550097088432951 365
3651 0.5499045426199792 365.1
3652 0.5496689990431269 365.2
3653 0.5494188923762073 365.3
3654 0.5491579723064363 365.4
3655 0.5489137282413633 365.5
3656 0.5486480190276821 365.6
3657 0.5483695912544471 365.7
3658 0.5480811221100208 365.8
3659 0.5477822859453796 365.9
3660 0.5474755842358408 366
3661 0.5471580062317513 366.1
3662 0.5468437481808396 366.2
3663 0.5465185425745659 366.3
3664 0.5461662768006488 366.4
3665 0.5457822621173731 366.5
3666 0.5453575169045819 366.6
3667 0.5448742740146221 366.7
3668 0.5444012533146455 366.8
3669 0.5439637679420607 366.9
3670 0.5435571194453905 367
3671 0.5431783236606736 367.1
3672 0.5428313227411963 367.2
3673 0.5425499274126711 367.3
3674 0.542283124547138 367.4
3675 0.5420034850585603 367.5
3676 0.5416951227132366 367.6
3677 0.5413910998711021 367.7
3678 0.5410837229599331 367.8
3679 0.5407555469139393 367.9
3680 0.5404038848542712 368
3681 0.5400376936125604 368.1
3682 0.5396793282216727 368.2
3683 0.5393283667702399 368.3
3684 0.5389699735452766 368.4
3685 0.5385994853995276 368.5
3686 0.5382356402923315 368.6
3687 0.5378897001462861 368.7
3688 0.5375369717843812 368.8
3689 0.5372109147408319 368.9
3690 0.5368820046677797 369
3691 0.5365243382965017 369.1
3692 0.5361641275781958 369.2
3693 0.5358068071185724 369.3
3694 0.5354763726038303 369.4
3695 0.5351601031841344 369.5
3696 0.5348578116401261 369.6
3697 0.5345687308680991 369.7
3698 0.5343050602661173 369.8
3699 0.5340741485983012 369.9
3700 0.533850493555417 370
3701 0.5336449771592254 370.1
3702 0.5334620688171997 370.2
3703 0.5333022490031568 370.3
3704 0.5331406363783918 370.4
3705 0.5329826793619472 370.5
3706 0.5328421015174205 370.6
3707 0.5327120598066681 370.7
3708 0.5325895304688361 370.8
3709 0.5324808050815252 370.9
3710 0.532386410330577 371
3711 0.5323001048150676 371.1
3712 0.5322197189030135 371.2
3713 0.5321423736733419 371.3
3714 0.5320720869079211 371.4
3715 0.5319865746191821 371.5
3716 0.5319638641904223 371.6
3717 0.5319570276963655 371.7
3718 0.5319754736087809 371.8
3719 0.5319960760885131 371.9
3720 0.5320036416491117 372
3721 0.5318272302590549 372.1
3722 0.5316384425821037 372.2
3723 0.5314755805541607 372.3
3724 0.5313448234988126 372.4
3725 0.5312936799045657 372.5
3726 0.5312818496568034 372.6
3727 0.53129855275326 372.7
3728 0.5313075226560569 372.8
3729 0.53129602313694 372.9
3730 0.5313122104949985 373
3731 0.531386999901051 373.1
3732 0.5315206623001338 373.2
3733 0.5315653289785091 373.3
3734 0.5316225146170143 373.4
3735 0.5316905762697413 373.5
3736 0.5317664571417503 373.6
3737 0.5318536123371429 373.7
3738 0.5319565039800649 373.8
3739 0.5320726787068516 373.9
3740 0.5321994872998914 374
3741 0.5323400675528802 374.1
3742 0.5324916712050066 374.2
3743 0.532643927446013 374.3
3744 0.5328136718888253 374.4
3745 0.5329891664417375 374.5
3746 0.5331657501283174 374.6
3747 0.5333312523332165 374.7
3748 0.5334983291222303 374.8
3749 0.5336697486014677 374.9
3750 0.533839979926497 375
3751 0.5340400994761392 375.1
3752 0.5342410594922246 375.2
3753 0.5344525279486789 375.3
3754 0.5346665406036626 375.4
3755 0.5348879585647974 375.5
3756 0.5351141785670717 375.6
3757 0.5353433550825871 375.7
3758 0.5355756960725497 375.8
3759 0.5358088700316479 375.9
3760 0.5360352095625346 376
3761 0.5362543013289811 376.1
3762 0.5364042494710133 376.2
3763 0.536606136370594 376.3
3764 0.5368273831031977 376.4
3765 0.537032910070084 376.5
3766 0.5372138445282553 376.6
3767 0.5373732407771841 376.7
3768 0.5375206038604247 376.8
3769 0.5376994523191251 376.9
3770 0.5378710959954435 377
3771 0.5380343162056941 377.1
3772 0.5381669833427041 377.2
3773 0.53827619754601 377.3
3774 0.538375762693127 377.4
3775 0.5384780201149999 377.5
3776 0.5385590548650977 377.6
3777 0.5386306057620466 377.7
3778 0.5387002598348475 377.8
3779 0.5387636439257444 377.9
3780 0.5388186152173189 378
3781 0.5388614163777243 378.1
3782 0.5389063679887571 378.2
3783 0.5389428208054615 378.3
3784 0.5389672690094369 378.4
3785 0.5389949773119528 378.5
3786 0.5390539874537796 378.6
3787 0.5390642008327873 378.7
3788 0.5390454717508469 378.8
3789 0.5390155317124701 378.9
3790 0.5389766326217578 379
3791 0.5389335434410233 379.1
3792 0.5388995431145125 379.2
3793 0.5388413648116908 379.3
3794 0.5387661895040521 379.4
3795 0.5386704809596776 379.5
3796 0.5385642999946825 379.6
3797 0.5384487149267847 379.7
3798 0.5383334586818765 379.8
3799 0.5382435176060968 379.9
3800 0.5381563519203567 380
3801 0.5380726715183227 380.1
3802 0.5380037909561662 380.2
3803 0.5379420569163933 380.3
3804 0.5379757311250987 380.4
3805 0.5377946286061175 380.5
3806 0.5376120980326986 380.6
3807 0.5374855569915664 380.7
3808 0.5373483468260086 380.8
3809 0.5372144196663627 380.9
3810 0.5370765711002098 381
3811 0.536932462420697 381.1
3812 0.5367805493361905 381.2
3813 0.5365449067210846 381.3
3814 0.5362214881584377 381.4
3815 0.5358229539374026 381.5
3816 0.5353269194877232 381.6
3817 0.5347600751298913 381.7
3818 0.534499537689483 381.8
3819 0.5344631579906624 381.9
3820 0.5344814446429245 382
3821 0.5345771621098236 382.1
3822 0.5347443329521274 382.2
3823 0.5348672950870529 382.3
3824 0.5349454741935608 382.4
3825 0.5349886037623653 382.5
3826 0.5350665278661225 382.6
3827 0.5350496662122644 382.7
3828 0.5351262478565547 382.8
3829 0.5351709284074434 382.9
3830 0.5349172155064904 383
3831 0.5344274088680586 383.1
3832 0.534458437845181 383.2
3833 0.5344950688966531 383.3
3834 0.5343299356665986 383.4
3835 0.5341524487774472 383.5
3836 0.5340027845520198 383.6
3837 0.5337749939501575 383.7
3838 0.5335499176591865 383.8
3839 0.5332792931493772 383.9
3840 0.5329834358671671 384
3841 0.5327269056077385 384.1
3842 0.5325025063087353 384.2
3843 0.5322933918764154 384.3
3844 0.532104385295072 384.4
3845 0.5319712208923341 384.5
3846 0.531836918636747 384.6
3847 0.5316835708582439 384.7
3848 0.5315009217341083 384.8
3849 0.5312457196758753 384.9
3850 0.5309941146941001 385
3851 0.5307132917639321 385.1
3852 0.5304937052566626 385.2
3853 0.5303186262081886 385.3
3854 0.5301480109840558 385.4
3855 0.5299659073982583 385.5
3856 0.5297630661201826 385.6
3857 0.5295946878616812 385.7
3858 0.5294162774870428 385.8
3859 0.5292417954448558 385.9
3860 0.5290974132220402 386
3861 0.5289627047306344 386.1
3862 0.5288123561633614 386.2
3863 0.5286497442865707 386.3
3864 0.5285036243659745 386.4
3865 0.5285821248390583 386.5
3866 0.5284978923758268 386.6
3867 0.5282996954136482 386.7
3868 0.5280721312861121 386.8
3869 0.5278468646152914 386.9
3870 0.5276245091448342 387
3871 0.5273999807107234 387.1
3872 0.5271931480278804 387.2
3873 0.5270058510425966 387.3
3874 0.5268280476851973 387.4
3875 0.5266452773816633 387.5
3876 0.5264774515651056 387.6
3877 0.5262995291117426 387.7
3878 0.5261026885943845 387.8
3879 0.5258797620437554 387.9
3880 0.5256209458620457 388
3881 0.5253400353912572 388.1
3882 0.5250482459930007 388.2
3883 0.5247647225131317 388.3
3884 0.524552868377159 388.4
3885 0.5244351748480911 388.5
3886 0.5243257589032374 388.6
3887 0.5242233768659442 388.7
3888 0.5241453976820518 388.8
3889 0.524073599757603 388.9
3890 0.5240193587858381 389
3891 0.5238731398446862 389.1
3892 0.523656153180495 389.2
3893 0.5233715633846191 389.3
3894 0.5230972908936246 389.4
3895 0.5228184388449263 389.5
3896 0.5225528400860011 389.6
3897 0.5223008327468132 389.7
3898 0.522051223647464 389.8
3899 0.5218119329378864 389.9
3900 0.5215837845814173 390
3901 0.5213789283407297 390.1
3902 0.5212113725460221 390.2
3903 0.5210681798356963 390.3
3904 0.5209038232173143 390.4
3905 0.5207671775191396 390.5
3906 0.5207216114096365 390.6
3907 0.5206997287956127 390.7
3908 0.5206910811366543 390.8
3909 0.5206933358400916 390.9
3910 0.52071484285306 391
3911 0.5207628126367982 391.1
3912 0.5208303079548831 391.2
3913 0.5209124445471901 391.3
3914 0.5210032445213137 391.4
3915 0.5210961346407743 391.5
3916 0.5212030150598518 391.6
3917 0.5213013353310758 391.7
3918 0.5214558400970182 391.8
3919 0.5215634913699735 391.9
3920 0.5216322757710902 392
3921 0.5216669002006041 392.1
3922 0.5216515705961239 392.2
3923 0.5215786963207042 392.3
3924 0.5215028910393293 392.4
3925 0.5214091115702078 392.5
3926 0.5212721686728701 392.6
3927 0.5211070630894594 392.7
3928 0.5209189832229488 392.8
3929 0.5207004211239026 392.9
3930 0.5204860155115577 393
3931 0.5202236436574943 393.1
3932 0.5199607398864207 393.2
3933 0.519680907767997 393.3
3934 0.5193747887442489 393.4
3935 0.5190513173067587 393.5
3936 0.5187150636686978 393.6
3937 0.5183270273323454 393.7
3938 0.5179128169654563 393.8
3939 0.5174811564346885 393.9
3940 0.5170287984923464 394
3941 0.5166376685457155 394.1
3942 0.5162479122841975 394.2
3943 0.5157779284908506 394.3
3944 0.5152947788068222 394.4
3945 0.5148000063093172 394.5
3946 0.5143026050826567 394.6
3947 0.5138015265686811 394.7
3948 0.5132883616073752 394.8
3949 0.5127861592009505 394.9
3950 0.512363377278405 395
3951 0.511918419800245 395.1
3952 0.511500543200726 395.2
3953 0.511099435815274 395.3
3954 0.5107103145544849 395.4
3955 0.5103419021211496 395.5
3956 0.5099673054244288 395.6
3957 0.5095697769738879 395.7
3958 0.5091769292661497 395.8
3959 0.5088655752754688 395.9
3960 0.5085758488861842 396
3961 0.5082919982217735 396.1
3962 0.5080152236301334 396.2
3963 0.5077224364985322 396.3
3964 0.5074367566197778 396.4
3965 0.5071596140423207 396.5
3966 0.5068894773456067 396.6
3967 0.506652082190479 396.7
3968 0.5064324848536301 396.8
3969 0.5062318431439075 396.9
3970 0.5060472496296551 397
3971 0.5058922929289702 397.1
3972 0.5057407057222354 397.2
3973 0.5056091792954408 397.3
3974 0.5054852661822715 397.4
3975 0.5053696772079755 397.5
3976 0.5052575199069566 397.6
3977 0.505137679919454 397.7
3978 0.5050037664776871 397.8
3979 0.5048729383477074 397.9
3980 0.5047456562490283 398
3981 0.5046250363271343 398.1
3982 0.5045103552163382 398.2
3983 0.5043844166328116 398.3
3984 0.5042704392410761 398.4
3985 0.5041771229305946 398.5
3986 0.5040906645000151 398.6
3987 0.5040148989629734 398.7
3988 0.503946535716123 398.8
3989 0.5038922022042114 398.9
3990 0.5038655211042489 399
3991 0.5038476048481011 399.1
3992 0.5038219347385485 399.2
3993 0.5037990650825355 399.3
3994 0.5037869818025023 399.4
3995 0.5036992804927718 399.5
3996 0.5035175234782028 399.6
3997 0.5035267455402184 399.7
3998 0.503553808943676 399.8
3999 0.5035949447798133 399.9
4000 0.5036390240968992 400
4001 0.503706292861259 400.1
4002 0.5037702928250795 400.2
4003 0.5038173786512217 400.3
4004 0.5038784516198931 400.4
4005 0.5039500143920398 400.5
4006 0.5040334029902803 400.6
4007 0.5041157016824901 400.7
4008 0.5042367742981115 400.8
4009 0.5043663530096909 400.9
4010 0.5044886494243331 401
4011 0.5046082634684318 401.1
4012 0.5046858509703868 401.2
4013 0.5047352912796951 401.3
4014 0.5047736306534093 401.4
4015 0.5047967379711881 401.5
4016 0.5047983082867475 401.6
4017 0.5047872289289188 401.7
4018 0.5047688508671724 401.8
4019 0.5047348603931916 401.9
4020 0.5046934936640085 402
4021 0.504649977236112 402.1
4022 0.5045877056067954 402.2
4023 0.5044768455224483 402.3
4024 0.5043566249586245 402.4
4025 0.5042139617371889 402.5
4026 0.5040854578625074 402.6
4027 0.503929223095217 402.7
4028 0.5037590703113486 402.8
4029 0.5035001955027278 402.9
4030 0.5031381689217395 403
4031 0.502679720710084 403.1
4032 0.5021511056653951 403.2
4033 0.5015972521374089 403.3
4034 0.5013109213055436 403.4
4035 0.5006853268251081 403.5
4036 0.5004300423406585 403.6
4037 0.4999541876629519 403.7
4038 0.4998722612701026 403.8
4039 0.4998886319018139 403.9
4040 0.5000806193728543 404
4041 0.5003963643678677 404.1
4042 0.5005259367495787 404.2
4043 0.5006969524420439 404.3
4044 0.5007244750559923 404.4
4045 0.5004658686250516 404.5
4046 0.5002391848274903 404.6
4047 0.5000247016238717 404.7
4048 0.499790673145619 404.8
4049 0.4994960218814381 404.9
4050 0.4991973968184101 405
4051 0.4989098123753286 405.1
4052 0.4986419382590168 405.2
4053 0.4984188179167031 405.3
4054 0.4982097897884657 405.4
4055 0.4980186832463472 405.5
4056 0.4978418312340459 405.6
4057 0.4976853661321577 405.7
4058 0.4975554203493269 405.8
4059 0.497443479481501 405.9
4060 0.4973685168209852 406
4061 0.4973129015959851 406.1
4062 0.4972633814003538 406.2
4063 0.4972204354743999 406.3
4064 0.497179761423985 406.4
4065 0.4971432148688233 406.5
4066 0.4970961322275894 406.6
4067 0.4970392605623668 406.7
4068 0.4969892559054 406.8
4069 0.4969415196187747 406.9
4070 0.4970163734548669 407
4071 0.4970910304080343 407.1
4072 0.497247044044251 407.2
4073 0.4974102364176998 407.3
4074 0.4975854855655851 407.4
4075 0.4977723291233015 407.5
4076 0.4979693360603625 407.6
4077 0.4981633853976241 407.7
4078 0.4983433587999577 407.8
4079 0.498544354817046 407.9
4080 0.4987563807649785 408
4081 0.4988204012956004 408.1
4082 0.498868470470211 408.2
4083 0.4990697775419042 408.3
4084 0.499311887694936 408.4
4085 0.4995439963966617 408.5
4086 0.4997738767682839 408.6
4087 0.5000064013489443 408.7
4088 0.5002383702243998 408.8
4089 0.5004875559165105 408.9
4090 0.5007353991956907 409
4091 0.5009782191388752 409.1
4092 0.5012089243360234 409.2
4093 0.5014846880020241 409.3
4094 0.5017820494423915 409.4
4095 0.5020807492087428 409.5
4096 0.5023705811161453 409.6
4097 0.5026483111192022 409.7
4098 0.5029451925924514 409.8
4099 0.5033067193667203 409.9
4100 0.5037225551310728 410
4101 0.504084754502975 410.1
4102 0.5044309010983505 410.2
4103 0.5048084855605389 410.3
4104 0.5051848978399053 410.4
4105 0.5055649449409247 410.5
4106 0.5059438569027894 410.6
4107 0.5063922943533848 410.7
4108 0.5068738169347603 410.8
4109 0.5073491231824091 410.9
4110 0.5077275532002863 411
4111 0.5080991479504468 411.1
4112 0.5085306489272181 411.2
4113 0.5089836866626061 411.3
4114 0.5094077769050207 411.4
4115 0.5097462675609244 411.5
4116 0.5100451487018663 411.6
4117 0.5103298764363116 411.7
4118 0.5106027145647589 411.8
4119 0.5108625461675995 411.9
4120 0.5110861995599215 412
4121 0.5112996162530828 412.1
4122 0.5114913079009598 412.2
4123 0.5117639734054118 412.3
4124 0.5120440070158958 412.4
4125 0.5123173874553753 412.5
4126 0.5125804181235841 412.6
4127 0.5128368070319692 412.7
4128 0.5130856418981994 412.8
4129 0.5133290115748064 412.9
4130 0.5135649310602165 413
4131 0.5137954169261948 413.1
4132 0.5140224465407387 413.2
4133 0.5142403213028253 413.3
4134 0.5144500488227384 413.4
4135 0.5146486807035934 413.5
4136 0.5148470035128947 413.6
4137 0.5150385134163344 413.7
4138 0.5152170324784665 413.8
4139 0.5153892714226191 413.9
4140 0.5155506974465865 414
4141 0.5157060549411646 414.1
4142 0.5158551249534565 414.2
4143 0.5160146021887302 414.3
4144 0.516171749217766 414.4
4145 0.5163218716728494 414.5
4146 0.5164656658349298 414.6
4147 0.5166071528561063 414.7
4148 0.5167395661151245 414.8
4149 0.5168651241707852 414.9
4150 0.5169862372798194 415
4151 0.5171047867564271 415.1
4152 0.5172211215115766 415.2
4153 0.5172178453908256 415.3
4154 0.517229776939802 415.4
4155 0.5173003395565112 415.5
4156 0.5173637876842841 415.6
4157 0.5174167291105706 415.7
4158 0.5174413136988099 415.8
4159 0.5174432088516162 415.9
4160 0.5174157716063453 416
4161 0.5173673414793025 416.1
4162 0.5173114544483571 416.2
4163 0.5172488848191941 416.3
4164 0.5171751389382739 416.4
4165 0.517121495747812 416.5
4166 0.5169467536962478 416.6
4167 0.5166437301889628 416.7
4168 0.5164060663745184 416.8
4169 0.5162565246925466 416.9
4170 0.5160239064546444 417
4171 0.5157759614137164 417.1
4172 0.5155090075816504 417.2
4173 0.5152708332502158 417.3
4174 0.5150178684624098 417.4
4175 0.5147642057005321 417.5
4176 0.5144847559958883 417.6
4177 0.5141664228137852 417.7
4178 0.5138220976867166 417.8
4179 0.513424642934954 417.9
4180 0.5130197780389597 418
4181 0.5125839343702584 418.1
4182 0.5121194156942191 418.2
4183 0.5116673900518532 418.3
4184 0.5112152586859334 418.4
4185 0.5107661329817029 418.5
4186 0.5103153913538852 418.6
4187 0.5098770722693728 418.7
4188 0.5094136104458732 418.8
4189 0.5089658583579307 418.9
4190 0.5085352130989637 419
4191 0.5081139548336254 419.1
4192 0.5077286184704087 419.2
4193 0.5073767910461919 419.3
4194 0.5070481114198457 419.4
4195 0.5067402973963079 419.5
4196 0.5064661775944802 419.6
4197 0.5062098327271078 419.7
4198 0.506002120294345 419.8
4199 0.5058209768177034 419.9
4200 0.5056779034223844 420
4201 0.5055555491021158 420.1
4202 0.5054384032379263 420.2
4203 0.5053423111845069 420.3
4204 0.5052590181939673 420.4
4205 0.505182495906691 420.5
4206 0.5051172390849934 420.6
4207 0.5050560780134514 420.7
4208 0.5050007000351142 420.8
4209 0.504940786465207 420.9
4210 0.5049054598816441 421
4211 0.5048768854479661 421.1
4212 0.5048383342209176 421.2
4213 0.5048269641184226 421.3
4214 0.5047896650492154 421.4
4215 0.5047431249462472 421.5
4216 0.5047024071178973 421.6
4217 0.5046704150079435 421.7
4218 0.5046546971792857 421.8
4219 0.5046525434543294 421.9
4220 0.5046790381368274 422
4221 0.5047119443362993 422.1
4222 0.5047427810299915 422.2
4223 0.504761987090976 422.3
4224 0.5047937892750384 422.4
4225 0.5048109801433905 422.5
4226 0.5048314056735717 422.6
4227 0.5048443243185791 422.7
4228 0.50481776712005 422.8
4229 0.5045980134103301 422.9
4230 0.5046323370364943 423
4231 0.5046736801346915 423.1
4232 0.5047055314703958 423.2
4233 0.5047314497513486 423.3
4234 0.5047681011409839 423.4
4235 0.5047907563895602 423.5
4236 0.5048033090985273 423.6
4237 0.5048252827128815 423.7
4238 0.5048415906636481 423.8
4239 0.504856379300529 423.9
4240 0.5048681789383019 424
4241 0.5048920047584805 424.1
4242 0.5049656733512022 424.2
4243 0.5050747373213644 424.3
4244 0.5052068135704448 424.4
4245 0.5052600971616705 424.5
4246 0.5053577753718121 424.6
4247 0.5054985591899031 424.7
4248 0.5054913380927636 424.8
4249 0.5055101970904401 424.9
4250 0.5055039949853751 425
4251 0.5054513589331066 425.1
4252 0.5054882971423085 425.2
4253 0.5054332923859048 425.3
4254 0.5053228877738131 425.4
4255 0.5053349777030628 425.5
4256 0.5051807891489501 425.6
4257 0.5050301945120298 425.7
4258 0.5048602856173743 425.8
4259 0.5046624884141316 425.9
4260 0.5046078130813979 426
4261 0.504442951352749 426.1
4262 0.504289035477456 426.2
4263 0.5041286047789941 426.3
4264 0.5039636730211313 426.4
4265 0.5037881422373349 426.5
4266 0.5036353665086062 426.6
4267 0.5035300182634327 426.7
4268 0.5034099374920729 426.8
4269 0.503292137120301 426.9
4270 0.5031681920410511 427
4271 0.5030391320916365 427.1
4272 0.5029029164572677 427.2
4273 0.5027387646094686 427.3
4274 0.5025721936945294 427.4
4275 0.5024082979916523 427.5
4276 0.5022533345555091 427.6
4277 0.5020980851481858 427.7
4278 0.5019201319463499 427.8
4279 0.5017441872925839 427.9
4280 0.5016026053232383 428
4281 0.5014842168353636 428.1
4282 0.5013650918942919 428.2
4283 0.5012480794369015 428.3
4284 0.5011508020229396 428.4
4285 0.5011012335189279 428.5
4286 0.5010624836817434 428.6
4287 0.5010305684375763 428.7
4288 0.5009972038961 428.8
4289 0.500974473689886 428.9
4290 0.5009573606795825 429
4291 0.5009468760619754 429.1
4292 0.50094264912444 429.2
4293 0.5009221289229779 429.3
4294 0.5009136546277752 429.4
4295 0.5008757649045973 429.5
4296 0.5008273734229529 429.6
4297 0.5007696335841796 429.7
4298 0.5007085724499069 429.8
4299 0.5006302189600386 429.9
4300 0.5005380806871181 430
4301 0.5004241589958316 430.1
4302 0.500328403291031 430.2
4303 0.5001965701965191 430.3
4304 0.5000308325661458 430.4
4305 0.4998644975411983 430.5
4306 0.4996976029322261 430.6
4307 0.4994209878765572 430.7
4308 0.4991416393797815 430.8
4309 0.4988695764311459 430.9
4310 0.4986076888561138 431
4311 0.4983509458217474 431.1
4312 0.4980980268956224 431.2
4313 0.4978190327591915 431.3
4314 0.4975551557427939 431.4
4315 0.4973146665657449 431.5
4316 0.4970793801024165 431.6
4317 0.4967934687027297 431.7
4318 0.4965053281671835 431.8
4319 0.4962556034762811 431.9
4320 0.4960293196704141 432
4321 0.4958193014898289 432.1
4322 0.4954392166924916 432.2
4323 0.4950510337253633 432.3
4324 0.4946690517250549 432.4
4325 0.4944515139901661 432.5
4326 0.4943209570197006 432.6
4327 0.4942169939091335 432.7
4328 0.4941301846698367 432.8
4329 0.4940604835670392 432.9
4330 0.493993994172646 433
4331 0.4939314226204313 433.1
4332 0.4938920217437094 433.2
4333 0.4938764910860161 433.3
4334 0.4938921017220986 433.4
4335 0.4939412763996727 433.5
4336 0.4940256366081649 433.6
4337 0.4941405460960421 433.7
4338 0.4942793119569272 433.8
4339 0.494436354500168 433.9
4340 0.4945264218335383 434
4341 0.4946685029509405 434.1
4342 0.4948345549348415 434.2
4343 0.4950147292117155 434.3
4344 0.4952019657207258 434.4
4345 0.4953665019075338 434.5
4346 0.4955336943816527 434.6
4347 0.4957343097047061 434.7
4348 0.4959352811049647 434.8
4349 0.4961307486206484 434.9
4350 0.4963213813821217 435
4351 0.4965537559719363 435.1
4352 0.4967887161205097 435.2
4353 0.497028667219913 435.3
4354 0.4972753054246379 435.4
4355 0.4975231688155032 435.5
4356 0.49777497454909 435.6
4357 0.4980138399820771 435.7
4358 0.4982591880099413 435.8
4359 0.4985099550969959 435.9
4360 0.4987608390690251 436
4361 0.4990107460053806 436.1
4362 0.4992548268050795 436.2
4363 0.4994909703873034 436.3
4364 0.4997128461591274 436.4
4365 0.499922092200432 436.5
4366 0.5001184505564588 436.6
4367 0.5002982960650796 436.7
4368 0.5004531407636338 436.8
4369 0.5005980752984205 436.9
4370 0.5007142579810746 437
4371 0.5008028327190202 437.1
4372 0.5008817063328178 437.2
4373 0.5009217689257049 437.3
4374 0.5009239287505053 437.4
4375 0.5008934001027999 437.5
4376 0.5008454656281042 437.6
4377 0.5007650423605778 437.7
4378 0.5006583477822265 437.8
4379 0.5005339936701624 437.9
4380 0.5003890015944523 438
4381 0.5002233585433866 438.1
4382 0.5000401615097468 438.2
4383 0.4998453258634384 438.3
4384 0.4996395525419596 438.4
4385 0.4994002887447289 438.5
4386 0.4991227776784131 438.6
4387 0.498829013382978 438.7
4388 0.4985205028659356 438.8
4389 0.4981435628277936 438.9
4390 0.4977546398534461 439
4391 0.4974045480252196 439.1
4392 0.4970287400955251 439.2
4393 0.4966278523395347 439.3
4394 0.4962091456818917 439.4
4395 0.4957702206766728 439.5
4396 0.49531488175096 439.6
4397 0.4948741109268442 439.7
4398 0.4944118596699931 439.8
4399 0.4939343537475356 439.9
4400 0.4934441903285103 440
4401 0.4929472783399553 440.1
4402 0.4924671587051803 440.2
4403 0.491976893582196 440.3
4404 0.4914668561609977 440.4
4405 0.4909591800506364 440.5
4406 0.4904687008201179 440.6
4407 0.4899968935231284 440.7
4408 0.489446296783835 440.8
4409 0.4888994062378444 440.9
4410 0.488363076743989 441
4411 0.4878293357843058 441.1
4412 0.4872855494241081 441.2
4413 0.4867504130864082 441.3
4414 0.4862396334428402 441.4
4415 0.4857517973345225 441.5
4416 0.485271352499766 441.6
4417 0.4847975765993063 441.7
4418 0.4843204993902714 441.8
4419 0.4838508857954532 441.9
4420 0.4833881158004424 442
4421 0.4829326268964936 442.1
4422 0.4824892986919786 442.2
4423 0.4820625179765124 442.3
4424 0.4816451703285633 442.4
4425 0.4812312580294947 442.5
4426 0.4808415959167149 442.6
4427 0.4804539703032878 442.7
4428 0.4800773140812206 442.8
4429 0.4797261739212869 442.9
4430 0.4793987855354336 443
4431 0.4791033465881654 443.1
4432 0.4788255025698436 443.2
4433 0.4785596658470164 443.3
4434 0.4783280944932868 443.4
4435 0.4781558649311965 443.5
4436 0.4780398021300011 443.6
4437 0.4779575856816025 443.7
4438 0.4779094056693053 443.8
4439 0.4778203356201328 443.9
4440 0.4777657513322977 444
4441 0.4777570880172338 444.1
4442 0.4776990543105217 444.2
4443 0.4775921797876866 444.3
4444 0.477395219332262 444.4
4445 0.4770615594739144 444.5
4446 0.4766855891484899 444.6
4447 0.4764315632882539 444.7
4448 0.4763747150778727 444.8
4449 0.476263529642325 444.9
4450 0.4762227045841054 445
4451 0.4762051564904389 445.1
4452 0.4760994300676889 445.2
4453 0.4759809752124631 445.3
4454 0.4758671167564608 445.4
4455 0.4757800984207751 445.5
4456 0.4757059974646143 445.6
4457 0.4756198255161173 445.7
4458 0.4755727687257397 445.8
4459 0.4755260306097228 445.9
4460 0.4754931226709663 446
4461 0.4754173604117096 446.1
4462 0.4753227052220879 446.2
4463 0.4753818654697836 446.3
4464 0.4754460940377714 446.4
4465 0.475553329711826 446.5
4466 0.4757021401634088 446.6
4467 0.4758349689292091 446.7
4468 0.4759226969564122 446.8
4469 0.4760080130639098 446.9
4470 0.4761116982043535 447
4471 0.4762768052542233 447.1
4472 0.4765229661066809 447.2
4473 0.4768292912797734 447.3
4474 0.4772527442400242 447.4
4475 0.477607740788445 447.5
4476 0.4779703965370073 447.6
4477 0.4784190322776708 447.7
4478 0.4788637725527307 447.8
4479 0.4793399772365955 447.9
4480 0.4798255801906993 448
4481 0.4803524543825942 448.1
4482 0.480865421806177 448.2
4483 0.4813629652374136 448.3
4484 0.4818830591486654 448.4
4485 0.4824378121132173 448.5
4486 0.4829659291440796 448.6
4487 0.4835460095546681 448.7
4488 0.4840892788430883 448.8
4489 0.4845817152885325 448.9
4490 0.4850613105918951 449
4491 0.485589383432008 449.1
4492 0.4860967565313364 449.2
4493 0.4865918727463316 449.3
4494 0.4870849636823711 449.4
4495 0.4875776452138279 449.5
4496 0.4880668643703009 449.6
4497 0.4885554283910742 449.7
4498 0.4890428965344814 449.8
4499 0.4895334677930483 449.9
4500 0.4900220062505398 450
4501 0.4905045220050259 450.1
4502 0.4909898370379487 450.2
4503 0.4914738159134563 450.3
4504 0.4919525629916133 450.4
4505 0.4924359664780725 450.5
4506 0.4929255494303358 450.6
4507 0.4934172790750617 450.7
4508 0.4939256368838109 450.8
4509 0.4944334160330465 450.9
4510 0.494925891322424 451
4511 0.4954051593055742 451.1
4512 0.4958762255085504 451.2
4513 0.4963382983204871 451.3
4514 0.4967596405177558 451.4
4515 0.4971900662452152 451.5
4516 0.4976091237879905 451.6
4517 0.4980090240905151 451.7
4518 0.498382496985292 451.8
4519 0.4987447536747685 451.9
4520 0.49909423920516 452
4521 0.4994359151486006 452.1
4522 0.4997642769267442 452.2
4523 0.5000830469811693 452.3
4524 0.5003815523485399 452.4
4525 0.5006646093293042 452.5
4526 0.50093492716766 452.6
4527 0.5011916385529551 452.7
4528 0.5014305526355932 452.8
4529 0.5016522794227039 452.9
4530 0.5018623252308279 453
4531 0.5020726141324997 453.1
4532 0.502263479362499 453.2
4533 0.502436983952551 453.3
4534 0.5025902106072025 453.4
4535 0.5027229358453469 453.5
4536 0.502842353232645 453.6
4537 0.5029453037070517 453.7
4538 0.5030346498435466 453.8
4539 0.5031031429596998 453.9
4540 0.5031559150602128 454
4541 0.5032007877960324 454.1
4542 0.5032102822016117 454.2
4543 0.5032149237665218 454.3
4544 0.5032162044565961 454.4
4545 0.5032064050552544 454.5
4546 0.5031813321707347 454.6
4547 0.5031393917165582 454.7
4548 0.5030787631649927 454.8
4549 0.5029989748435056 454.9
4550 0.5029012100787839 455
4551 0.5027857382991799 455.1
4552 0.502655234295858 455.2
4553 0.502506637270143 455.3
4554 0.502350010267379 455.4
4555 0.5021838057724326 455.5
4556 0.5020590242799348 455.6
4557 0.5019282653455146 455.7
4558 0.5017978308931594 455.8
4559 0.5016650995830948 455.9
4560 0.5015300142190791 456
4561 0.5013908978905586 456.1
4562 0.5012526704004078 456.2
4563 0.5011160947187454 456.3
4564 0.5009807716125942 456.4
4565 0.5008430829868148 456.5
4566 0.5007109284185158 456.6
4567 0.5005771923714175 456.7
4568 0.5004420078028625 456.8
4569 0.5003048450432953 456.9
4570 0.5001658210411746 457
4571 0.5000338184179752 457.1
4572 0.4998982007546606 457.2
4573 0.4997608091532267 457.3
4574 0.4996232306749539 457.4
4575 0.4994875643400244 457.5
4576 0.4993491396617601 457.6
4577 0.4991973212799551 457.7
4578 0.4990398532879992 457.8
4579 0.4988780278885272 457.9
4580 0.4986706959670737 458
4581 0.4984573783662233 458.1
4582 0.4982341374311547 458.2
4583 0.498011372277436 458.3
4584 0.4977810899317276 458.4
4585 0.497553680636695 458.5
4586 0.4973386716481009 458.6
4587 0.4971243641513552 458.7
4588 0.4969294214353058 458.8
4589 0.4967623615503322 458.9
4590 0.4966057713365556 459
4591 0.4964643242118634 459.1
4592 0.4963384080636083 459.2
4593 0.4962848565324536 459.3
4594 0.4961612091630834 459.4
4595 0.4960406604264439 459.5
4596 0.4959413323602619 459.6
4597 0.4958579581396226 459.7
4598 0.4957577513293504 459.8
4599 0.49566469185821 459.9
4600 0.4955856796948376 460
4601 0.4955256783670631 460.1
4602 0.4955249677814037 460.2
4603 0.4955187370791568 460.3
4604 0.4955074631295383 460.4
4605 0.4955146952704236 460.5
4606 0.4955083172401908 460.6
4607 0.4955272694297684 460.7
4608 0.495563725673532 460.8
4609 0.4956067840339353 460.9
4610 0.4956420541388635 461
4611 0.4956990710457507 461.1
4612 0.4957480859580645 461.2
4613 0.4958115846998367 461.3
4614 0.4958631661908612 461.4
4615 0.4959417608281434 461.5
4616 0.4960455638625617 461.6
4617 0.4961617884971564 461.7
4618 0.4962635780856473 461.8
4619 0.4963134105942897 461.9
4620 0.4963631071632966 462
4621 0.4964144234574915 462.1
4622 0.4964566926803345 462.2
4623 0.4965016473185631 462.3
4624 0.4965184425466043 462.4
4625 0.4965200578354695 462.5
4626 0.4965120642846218 462.6
4627 0.4965145072607421 462.7
4628 0.4965082707745175 462.8
4629 0.4965067587130289 462.9
4630 0.496517435291639 463
4631 0.4965510701206987 463.1
4632 0.4966239452400648 463.2
4633 0.4967083001323735 463.3
4634 0.4965180090912208 463.4
4635 0.4963017440172656 463.5
4636 0.4962626997053945 463.6
4637 0.4963143848634545 463.7
4638 0.4965598645326212 463.8
4639 0.4971103471803009 463.9
4640 0.4971702098589469 464
4641 0.497457754513348 464.1
4642 0.4974410760246857 464.2
4643 0.4975322681293702 464.3
4644 0.4975479686961851 464.4
4645 0.4974969387736349 464.5
4646 0.4974537630171997 464.6
4647 0.4976122716325249 464.7
4648 0.4981845539434914 464.8
4649 0.4982955719674613 464.9
4650 0.4983662983665252 465
4651 0.4983952052082357 465.1
4652 0.4984436816093594 465.2
4653 0.4985450424424455 465.3
4654 0.4986254932725013 465.4
4655 0.4987082478388518 465.5
4656 0.4987801991646653 465.6
4657 0.498886140002837 465.7
4658 0.4989839834926375 465.8
4659 0.4990385186794365 465.9
4660 0.4990486292093007 466
4661 0.4990521140085111 466.1
4662 0.4990436214986624 466.2
4663 0.4990587775624717 466.3
4664 0.4990753822262964 466.4
4665 0.4990888633086364 466.5
4666 0.499102708432881 466.6
4667 0.4991127976896962 466.7
4668 0.4991263208547089 466.8
4669 0.4991078130162801 466.9
4670 0.4990783185830724 467
4671 0.4990444452085946 467.1
4672 0.4990072004601421 467.2
4673 0.4990050451269179 467.3
4674 0.4989976377051243 467.4
4675 0.4989815592041988 467.5
4676 0.4989480391004683 467.6
4677 0.4988927873817656 467.7
4678 0.49882032820149 467.8
4679 0.498707305943112 467.9
4680 0.498590432869858 468
4681 0.4984693422939399 468.1
4682 0.4983458589659736 468.2
4683 0.4982409498439881 468.3
4684 0.4981314431040281 468.4
4685 0.4980217659344336 468.5
4686 0.4979331625538456 468.6
4687 0.4978423703171277 468.7
4688 0.497746093355537 468.8
4689 0.4976478569968906 468.9
4690 0.4975419287888601 469
4691 0.4974508686468777 469.1
4692 0.4973982102412733 469.2
4693 0.4973240573985661 469.3
4694 0.4971673858983376 469.4
4695 0.497094580164292 469.5
4696 0.4970165661295606 469.6
4697 0.4969268179403482 469.7
4698 0.496848922527369 469.8
4699 0.4967645853640664 469.9
4700 0.496644388737616 470
4701 0.4965175196533911 470.1
4702 0.4963876436460801 470.2
4703 0.4962506355880906 470.3
4704 0.4961132640549777 470.4
4705 0.4959707639034698 470.5
4706 0.4958293971077755 470.6
4707 0.4956867937648804 470.7
4708 0.4955256399171911 470.8
4709 0.4953491005970723 470.9
4710 0.4951445209110165 471
4711 0.4949431100836824 471.1
4712 0.4947329579651021 471.2
4713 0.4945080949378374 471.3
4714 0.4942670384532036 471.4
4715 0.4940032624792029 471.5
4716 0.4936875279078696 471.6
4717 0.4933828553113357 471.7
4718 0.4930378909554608 471.8
4719 0.4927088718439681 471.9
4720 0.49239336577815 472
4721 0.4920214897046656 472.1
4722 0.4915919104992003 472.2
4723 0.4910840942219796 472.3
4724 0.4904828088423315 472.4
4725 0.4898689632779905 472.5
4726 0.4892352501859408 472.6
4727 0.4886019213083704 472.7
4728 0.4879062136553527 472.8
4729 0.4871144154270501 472.9
4730 0.486207968718971 473
4731 0.4853255997789011 473.1
4732 0.4844650113531338 473.2
4733 0.4835997569890673 473.3
4734 0.4827423230380883 473.4
4735 0.4819517324784847 473.5
4736 0.4812054678684522 473.6
4737 0.4804741370641042 473.7
4738 0.4798032697562785 473.8
4739 0.4791546826868077 473.9
4740 0.4785316800113802 474
4741 0.4779692803199212 474.1
4742 0.4774946311637217 474.2
4743 0.4770806868745078 474.3
4744 0.476711105931689 474.4
4745 0.4763676060306098 474.5
4746 0.4760351801193266 474.6
4747 0.4757483567065 474.7
4748 0.475455198658656 474.8
4749 0.4751729740583717 474.9
4750 0.4749033483111402 475
4751 0.4746516237402323 475.1
4752 0.4744029663774568 475.2
4753 0.4741794428345971 475.3
4754 0.4739720233732586 475.4
4755 0.4737822289971126 475.5
4756 0.4736108927898149 475.6
4757 0.473463227042112 475.7
4758 0.4733594548362251 475.8
4759 0.4732723567972608 475.9
4760 0.4731898400259711 476
4761 0.4731140673670822 476.1
4762 0.4730449389773929 476.2
4763 0.4729692888455153 476.3
4764 0.4729179531855058 476.4
4765 0.4728629346355741 476.5
4766 0.4727934108785649 476.6
4767 0.4727067576951454 476.7
4768 0.4725953045075899 476.8
4769 0.4725041248699904 476.9
4770 0.4724000074609845 477
4771 0.472284512504609 477.1
4772 0.4721585204277467 477.2
4773 0.472032887575069 477.3
4774 0.4718983899995066 477.4
4775 0.4717430334368446 477.5
4776 0.4715710053739494 477.6
4777 0.4714006747403179 477.7
4778 0.471222618486778 477.8
4779 0.471029997408911 477.9
4780 0.4708370258724645 478
4781 0.4706350215992882 478.1
4782 0.4704172369526885 478.2
4783 0.4702020787364517 478.3
4784 0.4699778377851979 478.4
4785 0.4697370277607545 478.5
4786 0.4694818712025745 478.6
4787 0.4692119506753756 478.7
4788 0.4689271822622079 478.8
4789 0.4686452487342429 478.9
4790 0.4683492382559445 479
4791 0.4680635397151427 479.1
4792 0.4677876513983916 479.2
4793 0.4675376627343926 479.3
4794 0.4672971239060705 479.4
4795 0.4670793314543383 479.5
4796 0.4668726073380686 479.6
4797 0.4666786980516803 479.7
4798 0.4665031416314294 479.8
4799 0.4663490198771824 479.9
4800 0.4661925109440136 480
4801 0.46604890182869 480.1
4802 0.465927870429981 480.2
4803 0.4658407444251095 480.3
4804 0.4658002109400293 480.4
4805 0.4657858821566866 480.5
4806 0.4657990442763112 480.6
4807 0.4658310784243314 480.7
4808 0.4658870431856202 480.8
4809 0.4659778668291503 480.9
4810 0.4660943853853837 481
4811 0.4662480782879897 481.1
4812 0.4664323631440997 481.2
4813 0.4666346129499846 481.3
4814 0.4668798046910641 481.4
4815 0.4671616491589065 481.5
4816 0.4674451376501854 481.6
4817 0.4677689752327771 481.7
4818 0.4681080039667534 481.8
4819 0.4684466391969945 481.9
4820 0.468787552302861 482
4821 0.4691249296947255 482.1
4822 0.4694548500681645 482.2
4823 0.469777093561329 482.3
4824 0.4700766698577781 482.4
4825 0.4703624204626908 482.5
4826 0.470637165334939 482.6
4827 0.4708921059782885 482.7
4828 0.4711435963483264 482.8
4829 0.4713778013481028 482.9
4830 0.4716169056408167 483
4831 0.4718499666263312 483.1
4832 0.4721029647394228 483.2
4833 0.472382252728604 483.3
4834 0.4727688331234597 483.4
4835 0.4731022492830956 483.5
4836 0.4733822031384113 483.6
4837 0.473645394758171 483.7
4838 0.4738908371631986 483.8
4839 0.474141872675472 483.9
4840 0.4743657556814411 484
4841 0.4744701339362059 484.1
4842 0.4744836300037094 484.2
4843 0.4742805993847695 484.3
4844 0.4740935625435786 484.4
4845 0.4740001227743307 484.5
4846 0.474039366428389 484.6
4847 0.4739373242239182 484.7
4848 0.4738270483823073 484.8
4849 0.4737012567668621 484.9
4850 0.4739012376977356 485
4851 0.4737986840359001 485.1
4852 0.4735669896288258 485.2
4853 0.4733273776812162 485.3
4854 0.4731021269128266 485.4
4855 0.4728753301672965 485.5
4856 0.4726549978794736 485.6
4857 0.4724028623633831 485.7
4858 0.4721733055441428 485.8
4859 0.471944937506803 485.9
4860 0.4717108654857107 486
4861 0.4714521643759071 486.1
4862 0.4711882678691972 486.2
4863 0.4709177172319846 486.3
4864 0.4706323389802016 486.4
4865 0.4703533049704454 486.5
4866 0.4700749788513165 486.6
4867 0.4698004415337319 486.7
4868 0.4695176653983325 486.8
4869 0.4692258750460419 486.9
4870 0.4689181111380177 487
4871 0.4686140089972527 487.1
4872 0.4682888642666312 487.2
4873 0.4679544968314245 487.3
4874 0.467606622227613 487.4
4875 0.4672328258060721 487.5
4876 0.4668548176024514 487.6
4877 0.4664757501266341 487.7
4878 0.4660960774441145 487.8
4879 0.4657129476843326 487.9
4880 0.4653240530234267 488
4881 0.464964649913844 488.1
4882 0.4645927062285067 488.2
4883 0.4642223662318921 488.3
4884 0.4638717282879173 488.4
4885 0.4635135654284367 488.5
4886 0.4631610558797834 488.6
4887 0.462850929146942 488.7
4888 0.4625418716889613 488.8
4889 0.462238455006006 488.9
4890 0.4619457901844796 489
4891 0.4616694736802044 489.1
4892 0.4614262845453992 489.2
4893 0.4611908735188088 489.3
4894 0.4609689555437999 489.4
4895 0.460765737098641 489.5
4896 0.460581830761867 489.6
4897 0.460415166155778 489.7
4898 0.460266292397617 489.8
4899 0.4601381403709457 489.9
4900 0.4600310534168311 490
4901 0.4599169682563506 490.1
4902 0.459803027985279 490.2
4903 0.4597102510677776 490.3
4904 0.4596341348871932 490.4
4905 0.4595654733197218 490.5
4906 0.4595237670863366 490.6
4907 0.4594699397389539 490.7
4908 0.4594161736947704 490.8
4909 0.4593598917032726 490.9
4910 0.459301287701072 491
4911 0.4592463373692795 491.1
4912 0.4592017997344278 491.2
4913 0.459170370490565 491.3
4914 0.4591357575559372 491.4
4915 0.4590974500858335 491.5
4916 0.459059686017846 491.6
4917 0.4590198778658824 491.7
4918 0.4589935472317197 491.8
4919 0.4589652114166315 491.9
4920 0.4589356344004208 492
4921 0.4589088557073374 492.1
4922 0.4588930091068643 492.2
4923 0.4589075993754276 492.3
4924 0.4589101917894205 492.4
4925 0.4588913415845561 492.5
4926 0.4587875560398489 492.6
4927 0.4587681599477137 492.7
4928 0.4587521513007191 492.8
4929 0.458729956429496 492.9
4930 0.4587083192469426 493
4931 0.458687831441527 493.1
4932 0.4586679221977978 493.2
4933 0.4586478377663943 493.3
4934 0.458628526668399 493.4
4935 0.4586319373048111 493.5
4936 0.4586353771961697 493.6
4937 0.4586394540855407 493.7
4938 0.458645148798469 493.8
4939 0.4586533790212717 493.9
4940 0.4586561129108951 494
4941 0.4586749587694874 494.1
4942 0.4586936770156629 494.2
4943 0.4587088766468754 494.3
4944 0.4587267618509042 494.4
4945 0.4587437528635681 494.5
4946 0.4587560573052876 494.6
4947 0.4587639618938074 494.7
4948 0.4587595445192328 494.8
4949 0.4587720912875818 494.9
4950 0.4587895681038915 495
4951 0.4588080362068913 495.1
4952 0.4588279288987124 495.2
4953 0.4588486257209849 495.3
4954 0.4588717044878207 495.4
4955 0.4589022703261133 495.5
4956 0.4589390824570717 495.6
4957 0.4589915149796689 495.7
4958 0.45904850392015 495.8
4959 0.4591061747582381 495.9
4960 0.4591710378623477 496
4961 0.4592467160586328 496.1
4962 0.4593422234928877 496.2
4963 0.4594507861794704 496.3
4964 0.4595827991174367 496.4
4965 0.4597154424187145 496.5
4966 0.4598700329334761 496.6
4967 0.4600808983241069 496.7
4968 0.4603013548206296 496.8
4969 0.4605344818229336 496.9
4970 0.460745361421893 497
4971 0.4609847820700755 497.1
4972 0.4612562006071724 497.2
4973 0.4614717280569534 497.3
4974 0.4617184597952703 497.4
4975 0.4619848109970696 497.5
4976 0.4622443450627995 497.6
4977 0.4624916062657293 497.7
4978 0.4627420345694125 497.8
4979 0.4630531706838434 497.9
4980 0.4633957156840161 498
4981 0.4637223767373368 498.1
4982 0.4640077454337371 498.2
4983 0.4643160172249245 498.3
4984 0.4646537563809601 498.4
4985 0.4650085757182568 498.5
4986 0.4653939159310079 498.6
4987 0.4657300131694552 498.7
4988 0.4660680588531262 498.8
4989 0.4663848415225248 498.9
4990 0.4667027996247609 499
4991 0.4670123750603841 499.1
4992 0.4673045378424405 499.2
4993 0.4675934525097696 499.3
4994 0.4678958581759478 499.4
4995 0.4681899761574448 499.5
4996 0.4685022515702054 499.6
4997 0.4688023610994748 499.7
4998 0.4691121665998615 499.8
4999 0.4694386168149383 499.9
5000 0.4698047553919008 500
5001 0.4701844741366016 500.1
5002 0.4705626938988821 500.2
5003 0.4709044720509369 500.3
5004 0.471106436697642 500.4
5005 0.471359397342561 500.5
5006 0.4716095844157192 500.6
5007 0.4718374734414871 500.7
5008 0.4720317825003677 500.8
5009 0.4722184975569449 500.9
5010 0.4723884145012762 501
5011 0.4725273221887155 501.1
5012 0.47266290216791 501.2
5013 0.4727971538263376 501.3
5014 0.4729284300872008 501.4
5015 0.473098770919729 501.5
5016 0.4732835256874619 501.6
5017 0.4734566554080745 501.7
5018 0.4736293985337419 501.8
5019 0.4737842173343375 501.9
5020 0.4739322333654181 502
5021 0.4740733876116411 502.1
5022 0.4742031236565899 502.2
5023 0.4743173137795056 502.3
5024 0.4744221004660726 502.4
5025 0.4745055025534418 502.5
5026 0.4745624884909879 502.6
5027 0.4745958483441133 502.7
5028 0.4746306897673878 502.8
5029 0.4746454638517736 502.9
5030 0.4746556213810952 503
5031 0.4746996058966923 503.1
5032 0.4747379530069165 503.2
5033 0.4747392099034713 503.3
5034 0.474777708933561 503.4
5035 0.4748873533455037 503.5
5036 0.4750088623682462 503.6
5037 0.4750755614903164 503.7
5038 0.4751590463900663 503.8
5039 0.475214140167158 503.9
5040 0.4751861989365614 504
5041 0.4753977498926367 504.1
5042 0.4750669258372036 504.2
5043 0.4749076518396549 504.3
5044 0.4747169775327711 504.4
5045 0.4744598486578273 504.5
5046 0.4742616984365219 504.6
5047 0.4740531649971521 504.7
5048 0.4738745624104642 504.8
5049 0.4736630017068422 504.9
5050 0.4736557405853937 505
5051 0.4735880165963048 505.1
5052 0.4733680125893975 505.2
5053 0.4731403226788767 505.3
5054 0.4729367383084858 505.4
5055 0.4727652193631851 505.5
5056 0.4726315619465321 505.6
5057 0.4725224767276035 505.7
5058 0.4724123820889802 505.8
5059 0.4723017516960411 505.9
5060 0.4721558374105078 506
5061 0.4719801284059518 506.1
5062 0.4717820796141839 506.2
5063 0.471576524459079 506.3
5064 0.4713511647546825 506.4
5065 0.4711108277437075 506.5
5066 0.4708875092910914 506.6
5067 0.4706671399076417 506.7
5068 0.4704479306049389 506.8
5069 0.4702299720059176 506.9
5070 0.4700089460244615 507
5071 0.4698019834361359 507.1
5072 0.4696053515526575 507.2
5073 0.4694358814984479 507.3
5074 0.4692738780489387 507.4
5075 0.4691273290012695 507.5
5076 0.4689726551163379 507.6
5077 0.4688139368663494 507.7
5078 0.4686558106332838 507.8
5079 0.4684414992058196 507.9
5080 0.4682525867897765 508
5081 0.4680461984195853 508.1
5082 0.4678171069535527 508.2
5083 0.4675543193684691 508.3
5084 0.4672481389691527 508.4
5085 0.4669351601884538 508.5
5086 0.4666252909047352 508.6
5087 0.4662936937700767 508.7
5088 0.4660175850899126 508.8
5089 0.4657507506919539 508.9
5090 0.4655005813213127 509
5091 0.4652824239495227 509.1
5092 0.4650525970890044 509.2
5093 0.464790029373239 509.3
5094 0.4645265183905871 509.4
5095 0.4643061336090962 509.5
5096 0.4641016523301647 509.6
5097 0.4638942146085241 509.7
5098 0.4636883955699269 509.8
5099 0.463483629261742 509.9
5100 0.4632858897647307 510
5101 0.4631200558796758 510.1
5102 0.462970261392818 510.2
5103 0.4628452351977603 510.3
5104 0.4627321864588329 510.4
5105 0.4626196054271742 510.5
5106 0.4625276090688519 510.6
5107 0.4624637576366383 510.7
5108 0.4624187238079924 510.8
5109 0.4623873768809607 510.9
5110 0.4623749226159324 511
5111 0.4623761292460675 511.1
5112 0.4623945257561766 511.2
5113 0.4624076421074436 511.3
5114 0.4624225564627551 511.4
5115 0.4624360208493207 511.5
5116 0.4624493766510303 511.6
5117 0.4624576590404384 511.7
5118 0.4624820031287946 511.8
5119 0.4625058045322404 511.9
5120 0.4625288283226777 512
5121 0.4625500173112423 512.1
5122 0.4625760993874319 512.2
5123 0.4625895639067202 512.3000000000001
5124 0.4626030311063701 512.4
5125 0.4626156788330033 512.5
5126 0.4625485840259647 512.6
5127 0.4625058460272282 512.7
5128 0.4624382604125145 512.8000000000001
5129 0.4624302012559802 512.9
5130 0.4624025620412068 513
5131 0.4623792298380732 513.1
5132 0.4623435875977629 513.2
5133 0.4623137589815232 513.3000000000001
5134 0.462295267538925 513.4
5135 0.4622542890469594 513.5
5136 0.4622403270107238 513.6
5137 0.4622140849298939 513.7
5138 0.46218934139988 513.8000000000001
5139 0.4621720520694701 513.9
5140 0.4621441760980758 514
5141 0.4621066775625927 514.1
5142 0.4620568054684717 514.2
5143 0.4619940148485972 514.3000000000001
5144 0.4619244881947073 514.4
5145 0.4618238980348918 514.5
5146 0.4617007627080106 514.6
5147 0.4615544390685098 514.7
5148 0.4613921169305697 514.8000000000001
5149 0.4612300121417289 514.9
5150 0.4610488799389449 515
5151 0.4608612391185704 515.1
5152 0.4606700029658081 515.2
5153 0.4604767013052063 515.3000000000001
5154 0.4602841848896825 515.4
5155 0.4600797739872933 515.5
5156 0.4598691425490705 515.6
5157 0.4596022656976564 515.7
5158 0.4593502415837288 515.8000000000001
5159 0.4591280060051974 515.9
5160 0.4588986689613155 516
5161 0.4587262368975149 516.1
5162 0.4585783866502647 516.2
5163 0.4584206946273902 516.3000000000001
5164 0.4582492512080416 516.4
5165 0.4580598579378959 516.5
5166 0.4577674063915348 516.6
5167 0.4574429144547784 516.7
5168 0.4571072332057844 516.8000000000001
5169 0.4567797016926797 516.9
5170 0.456469092362865 517
5171 0.4561495563666854 517.1
5172 0.4558382743019794 517.2
5173 0.4555246570328103 517.3000000000001
5174 0.4552073197268152 517.4
5175 0.4548706646010201 517.5
5176 0.4545173524537934 517.6
5177 0.4541599439273747 517.7
5178 0.4538262698079328 517.8000000000001
5179 0.4534850789660457 517.9
5180 0.4530688389365057 518
5181 0.4526333213162936 518.1
5182 0.4521852424845018 518.2
5183 0.4517294839692965 518.3000000000001
5184 0.4512653499935438 518.4
5185 0.4507888006564565 518.5
5186 0.4503707203806269 518.6
5187 0.4499347365016554 518.7
5188 0.4494869597701773 518.8000000000001
5189 0.4490246514937849 518.9
5190 0.4485600023244029 519
5191 0.4480912303539034 519.1
5192 0.4476276161158536 519.2
5193 0.4471615938169926 519.3000000000001
5194 0.4466984538080557 519.4
5195 0.4462512293763006 519.5
5196 0.4457715648640929 519.6
5197 0.4452950015676374 519.7
5198 0.4448081201089293 519.8000000000001
5199 0.4443169935178991 519.9
5200 0.4438027721356092 520
5201 0.4433197176806279 520.1
5202 0.4428543669711878 520.2
5203 0.442397826272887 520.3000000000001
5204 0.4419703098414769 520.4
5205 0.4415366162778721 520.5
5206 0.4411795331692866 520.6
5207 0.4408575454941336 520.7
5208 0.4405461328152006 520.8000000000001
5209 0.4402300712267091 520.9
5210 0.4399374342076118 521
5211 0.4396383875729941 521.1
5212 0.4393692425390391 521.2
5213 0.4390979772397821 521.3000000000001
5214 0.4388320210008514 521.4
5215 0.4386098718472479 521.5
5216 0.4384590628021922 521.6
5217 0.4383430299729063 521.7
5218 0.4382861183739793 521.8000000000001
5219 0.4382963285406261 521.9
5220 0.4383482194999497 522
5221 0.438445570150067 522.1
5222 0.4385684554074387 522.2
5223 0.4386694167551957 522.3000000000001
5224 0.4387994932116465 522.4
5225 0.4389427428223359 522.5
5226 0.4391416997635192 522.6
5227 0.4393163900972535 522.7
5228 0.4394447220110155 522.8000000000001
5229 0.439637254755954 522.9
5230 0.4398336686681188 523
5231 0.4400206238610311 523.1
5232 0.440200168853646 523.2
5233 0.4403647833175359 523.3000000000001
5234 0.4405112578787176 523.4
5235 0.4406546086213004 523.5
5236 0.4408044268866269 523.6
5237 0.4409664808605618 523.7
5238 0.4411308499978632 523.8000000000001
5239 0.4413538939809838 523.9
5240 0.4416279315659301 524
5241 0.4418910895212628 524.1
5242 0.442184160689963 524.2
5243 0.4425404376357299 524.3000000000001
5244 0.4428920546635647 524.4
5245 0.4432063569725626 524.5
5246 0.4435441987218285 524.6
5247 0.4438930440784765 524.7
5248 0.444097141798632 524.8000000000001
5249 0.4440786464630638 524.9
5250 0.4440794007205121 525
5251 0.4441059531998327 525.1
5252 0.444114654845633 525.2
5253 0.4441624579266832 525.3000000000001
5254 0.4442109374121044 525.4
5255 0.4443340593485392 525.5
5256 0.4444478661455485 525.6
5257 0.4448002844603941 525.7
5258 0.4449363945156647 525.8000000000001
5259 0.4450358718430626 525.9
5260 0.4451161831222405 526
5261 0.4451867402801878 526.1
5262 0.4452807370472555 526.2
5263 0.4453624907195478 526.3000000000001
5264 0.44543520467725 526.4
5265 0.4454859855819157 526.5
5266 0.4455209006075119 526.6
5267 0.4455549932499987 526.7
5268 0.445597971475731 526.8000000000001
5269 0.4456324330993797 526.9
5270 0.4456610696912249 527
5271 0.4456979703823441 527.1
5272 0.4457271658794785 527.2
5273 0.4457469880430012 527.3000000000001
5274 0.4457571054296222 527.4
5275 0.4457601084208904 527.5
5276 0.4457488440787236 527.6
5277 0.4457242640368105 527.7
5278 0.4456826989753288 527.8000000000001
5279 0.4456353532922979 527.9
5280 0.4455909285473637 528
5281 0.4455259330120628 528.1
5282 0.4454485608977394 528.2
5283 0.4453573616591148 528.3000000000001
5284 0.4452688070422029 528.4
5285 0.4451116250209439 528.5
5286 0.4449196223042162 528.6
5287 0.4447549454888081 528.7
5288 0.4446654725076728 528.8000000000001
5289 0.444576251979013 528.9
5290 0.4444872097527803 529
5291 0.4443959766547155 529.1
5292 0.4443047857328472 529.2
5293 0.4442128465496288 529.3000000000001
5294 0.4441262971165903 529.4
5295 0.4439600642915926 529.5
5296 0.4437895148158454 529.6
5297 0.4436267009651034 529.7
5298 0.4434946703274088 529.8000000000001
5299 0.4434228358648097 529.9
5300 0.4433697212066071 530
5301 0.4433184679499884 530.1
5302 0.4432683266375132 530.2
5303 0.4432140978485197 530.3000000000001
5304 0.4431639053101793 530.4
5305 0.4431178953368936 530.5
5306 0.4430764952027306 530.6
5307 0.4430347115777473 530.7
5308 0.4429639067099171 530.8000000000001
5309 0.4428921624204856 530.9
5310 0.4428486733249504 531
5311 0.4427954718542875 531.1
5312 0.4427214188962327 531.2
5313 0.4426429250199121 531.3000000000001
5314 0.442559149021308 531.4
5315 0.4424611380717456 531.5
5316 0.4423499223760699 531.6
5317 0.4422333871241394 531.7
5318 0.4420913029981957 531.8000000000001
5319 0.4419436222649312 531.9
5320 0.4417876200499246 532
5321 0.4416168614839631 532.1
5322 0.4414122032740218 532.2
5323 0.4412002208555001 532.3000000000001
5324 0.4409762479484415 532.4
5325 0.4406993081193719 532.5
5326 0.4404381186911392 532.6
5327 0.4401511747784859 532.7
5328 0.4398432489818753 532.8000000000001
5329 0.4395127727795461 532.9
5330 0.439147509522671 533
5331 0.4387704677719027 533.1
5332 0.4383651663519477 533.2
5333 0.4380003528331599 533.3000000000001
5334 0.4376248053337493 533.4
5335 0.4372530189786435 533.5
5336 0.4368427797480487 533.6
5337 0.4364207233515683 533.7
5338 0.4359742786907059 533.8000000000001
5339 0.4355112373622737 533.9
5340 0.4350390875352498 534
5341 0.4345848795839843 534.1
5342 0.4341073213355189 534.2
5343 0.4336117497019557 534.3000000000001
5344 0.4330867144070948 534.4
5345 0.4325417448147193 534.5
5346 0.4320005928477269 534.6
5347 0.4314870217755576 534.7
5348 0.4309703502748827 534.8000000000001
5349 0.4304773795373081 534.9
5350 0.4299904706893389 535
5351 0.429529155175247 535.1
5352 0.4291090939108065 535.2
5353 0.4287259931966341 535.3000000000001
5354 0.4283504550735411 535.4
5355 0.4279898783812225 535.5
5356 0.4276418153080283 535.6
5357 0.427310981124523 535.7
5358 0.426982549231426 535.8000000000001
5359 0.426665450570025 535.9
5360 0.4263702640431821 536
5361 0.4260861894222915 536.1
5362 0.4258061957649774 536.2
5363 0.4255091416874817 536.3000000000001
5364 0.4252745661299704 536.4
5365 0.4250703762961129 536.5
5366 0.4249045090506247 536.6
5367 0.4247628503030365 536.7
5368 0.4246406177918677 536.8000000000001
5369 0.4245154155842437 536.9
5370 0.4243974059398795 537
5371 0.4242963090340304 537.1
5372 0.4241535189966303 537.2
5373 0.4240081007455013 537.3000000000001
5374 0.423879306207316 537.4
5375 0.4237632058675182 537.5
5376 0.4236565227753658 537.6
5377 0.423560161319662 537.7
5378 0.4234828908670382 537.8000000000001
5379 0.4234237386302357 537.9
5380 0.4233841235642717 538
5381 0.4233575930508099 538.1
5382 0.4233168966220504 538.2
5383 0.4232701491705197 538.3000000000001
5384 0.4232379965423245 538.4
5385 0.4232067035064175 538.5
5386 0.4231663698836785 538.6
5387 0.4230776768010828 538.7
5388 0.4230008137522764 538.8000000000001
5389 0.4229657952709966 538.9
5390 0.4229286410531909 539
5391 0.4228807555555651 539.1
5392 0.4228421964853726 539.2
5393 0.4228066885240558 539.3000000000001
5394 0.4227806184713608 539.4
5395 0.4227604680785345 539.5
5396 0.4227420471380822 539.6
5397 0.4227348107427075 539.7
5398 0.4227381364242728 539.8000000000001
5399 0.4227391074954604 539.9
5400 0.4227532656393681 540
5401 0.4227729939958085 540.1
5402 0.4228016833061539 540.2
5403 0.4228375981038393 540.3000000000001
5404 0.4228700430148468 540.4
5405 0.4229047859961021 540.5
5406 0.4229326088035247 540.6
5407 0.4229437774140311 540.7
5408 0.4229315228637688 540.8000000000001
5409 0.422913947024839 540.9
5410 0.4228737041407279 541
5411 0.4228384989338991 541.1
5412 0.4227922070874018 541.2
5413 0.4227525471082194 541.3000000000001
5414 0.4227073166048563 541.4
5415 0.4226781397005763 541.5
5416 0.4226583939964128 541.6
5417 0.4226401785624818 541.7
5418 0.42262046092912 541.8000000000001
5419 0.4226155318461042 541.9
5420 0.4226142496263749 542
5421 0.4226022004646212 542.1
5422 0.4225929237485075 542.2
5423 0.4225977312337383 542.3000000000001
5424 0.4226134966406845 542.4
5425 0.4226283388017419 542.5
5426 0.4226769711390553 542.6
5427 0.4227416742724728 542.7
5428 0.4228499864743722 542.8000000000001
5429 0.4229862138184972 542.9
5430 0.4231581923808974 543
5431 0.42331281274848 543.1
5432 0.4234268712234136 543.2
5433 0.4235827792828599 543.3000000000001
5434 0.4237281075327344 543.4
5435 0.4238726370666347 543.5
5436 0.4240299136588405 543.6
5437 0.4241771527482512 543.7
5438 0.424287063297577 543.8000000000001
5439 0.4243849664966231 543.9
5440 0.4244852507268722 544
5441 0.4245719325935815 544.1
5442 0.4246693482405478 544.2
5443 0.424786421380704 544.3000000000001
5444 0.4249173777010695 544.4
5445 0.4250876737005932 544.5
5446 0.425306569464613 544.6
5447 0.4255750766546695 544.7
5448 0.4258763597763471 544.8000000000001
5449 0.4261804136415373 544.9
5450 0.426506337476201 545
5451 0.4267748911757368 545.1
5452 0.4270090764924612 545.2
5453 0.4272185978040152 545.3000000000001
5454 0.4273599107858593 545.4
5455 0.427422906148117 545.5
5456 0.4273456338395824 545.6
5457 0.4272557546520247 545.7
5458 0.4272177503619418 545.8000000000001
5459 0.4272443633316514 545.9
5460 0.4272892693426511 546
5461 0.4273472313537254 546.1
5462 0.427381885082002 546.2
5463 0.4274127355810555 546.3000000000001
5464 0.4274847051168655 546.4
5465 0.427558675663921 546.5
5466 0.4276350006751463 546.6
5467 0.4277108919784515 546.7
5468 0.4278121347325238 546.8000000000001
5469 0.4279007634257508 546.9
5470 0.4279571345827821 547
5471 0.4279832821873638 547.1
5472 0.4280670775452005 547.2
5473 0.4281600465638923 547.3000000000001
5474 0.4282552598708405 547.4
5475 0.4283523007409435 547.5
5476 0.4284255556351665 547.6
5477 0.4284864075040952 547.7
5478 0.428532951783029 547.8000000000001
5479 0.428564621136772 547.9
5480 0.4285880247431347 548
5481 0.4286072553391619 548.1
5482 0.4286187396722845 548.2
5483 0.4286185636380169 548.3000000000001
5484 0.4286282898571934 548.4
5485 0.4286520241608739 548.5
5486 0.4286814263461275 548.6
5487 0.4286979113234225 548.7
5488 0.4287360658102834 548.8000000000001
5489 0.4287496028089297 548.9
5490 0.4287694286278766 549
5491 0.4287991919889686 549.1
5492 0.4288216867097125 549.2
5493 0.4288547102102639 549.3000000000001
5494 0.4288646895444121 549.4
5495 0.428848293213484 549.5
5496 0.4288216707615342 549.6
5497 0.4287821791315706 549.7
5498 0.4287186567599658 549.8000000000001
5499 0.4286436103838402 549.9
5500 0.4285585095146373 550
5501 0.4284584266734821 550.1
5502 0.4283424216150921 550.2
5503 0.4282098205362858 550.3000000000001
5504 0.4280716606242904 550.4
5505 0.4279236907510969 550.5
5506 0.4277639882186646 550.6
5507 0.4276050075288296 550.7
5508 0.4274443863312025 550.8000000000001
5509 0.427214712500235 550.9
5510 0.427013771870977 551
5511 0.4268294672350378 551.1
5512 0.426690463952059 551.2
5513 0.4265688607238078 551.3000000000001
5514 0.426464608378912 551.4
5515 0.4263696192873144 551.5
5516 0.4262870217988182 551.6
5517 0.4262147626549855 551.7
5518 0.4261434320447524 551.8000000000001
5519 0.4260907380087274 551.9
5520 0.4260531914127503 552
5521 0.4260257274845846 552.1
5522 0.4260057512568979 552.2
5523 0.4259976097062521 552.3000000000001
5524 0.4260080233234402 552.4
5525 0.4260260539840178 552.5
5526 0.4260518616124993 552.6
5527 0.426088144311252 552.7
5528 0.4261469389402374 552.8000000000001
5529 0.4262102859072059 552.9
5530 0.4262879607017782 553
5531 0.4263701219468813 553.1
5532 0.4264679695154099 553.2
5533 0.4265757750854089 553.3000000000001
5534 0.4266915143485267 553.4
5535 0.4268129291618253 553.5
5536 0.42693989754673 553.6
5537 0.4270725987501611 553.7
5538 0.4272037049545227 553.8000000000001
5539 0.4273343203864196 553.9
5540 0.4274624029340476 554
5541 0.4275960629157494 554.1
5542 0.4277057024025414 554.2
5543 0.427806952449478 554.3000000000001
5544 0.4278887252076202 554.4
5545 0.4279918243723679 554.5
5546 0.4281018491879002 554.6
5547 0.428186544133705 554.7
5548 0.4282545504310438 554.8000000000001
5549 0.4283091426211993 554.9
5550 0.4283723135737604 555
5551 0.4284006743310605 555.1
5552 0.4284472713994746 555.2
5553 0.4284850819461359 555.3000000000001
5554 0.4285054857051461 555.4
5555 0.4285281871982641 555.5
5556 0.4285574421905036 555.6
5557 0.4285669064382429 555.7
5558 0.428576261350954 555.8000000000001
5559 0.428594482097864 555.9
5560 0.4286274230801863 556
5561 0.4286153839517495 556.1
5562 0.4286009035774168 556.2
5563 0.4285891079402301 556.3000000000001
5564 0.4285670558676332 556.4
5565 0.4285486795516739 556.5
5566 0.4285122433051578 556.6
5567 0.4284562042837645 556.7
5568 0.4284039614824376 556.8000000000001
5569 0.4283307443364916 556.9
5570 0.4282319715488022 557
5571 0.4281397973035095 557.1
5572 0.4280672848222913 557.2
5573 0.4279901694355802 557.3000000000001
5574 0.4279132035015925 557.4
5575 0.4278425252172869 557.5
5576 0.4277982140866253 557.6
5577 0.427765646841749 557.7
5578 0.4277474218919584 557.8000000000001
5579 0.4277429414719949 557.9
5580 0.427748841165002 558
5581 0.427777120794538 558.1
5582 0.4278184856196326 558.2
5583 0.4278595263360122 558.3000000000001
5584 0.4279118474553548 558.4
5585 0.4279601269838483 558.5
5586 0.4280032253647368 558.6
5587 0.4280528732348156 558.7
5588 0.4281256732078166 558.8000000000001
5589 0.4281824596750234 558.9
5590 0.4282618461355947 559
5591 0.4283397790875266 559.1
5592 0.4284186549003248 559.2
5593 0.428500491814785 559.3000000000001
5594 0.4285876853057627 559.4
5595 0.4286843538954183 559.5
5596 0.428796371919802 559.6
5597 0.4289093148351403 559.7
5598 0.429028822258378 559.8000000000001
5599 0.429145395336374 559.9
5600 0.4292667690796094 560
5601 0.4293997202382845 560.1
5602 0.4295382629183216 560.2
5603 0.429701678824371 560.3000000000001
5604 0.4298595731554362 560.4
5605 0.430029612578421 560.5
5606 0.4301610380320834 560.6
5607 0.4302952382389167 560.7
5608 0.4304459766351356 560.8000000000001
5609 0.4305589903303363 560.9
5610 0.4306718156093176 561
5611 0.4308055185580829 561.1
5612 0.4309559457788701 561.2
5613 0.4311071295043302 561.3000000000001
5614 0.4312578548339512 561.4
5615 0.4313662425080058 561.5
5616 0.4312299925362538 561.6
5617 0.4313770856968062 561.7
5618 0.4315514168641555 561.8000000000001
5619 0.4317085953746124 561.9
5620 0.4318574754970781 562
5621 0.4319981071025839 562.1
5622 0.4321393201158535 562.2
5623 0.4322752740984145 562.3000000000001
5624 0.4324020333414448 562.4
5625 0.4325417333310375 562.5
5626 0.4326787837263257 562.6
5627 0.4328244771143593 562.7
5628 0.43296263128897 562.8000000000001
5629 0.4331000728606543 562.9
5630 0.4332338822934472 563
5631 0.4333809216040729 563.1
5632 0.4335384760499989 563.2
5633 0.4336917145519294 563.3000000000001
5634 0.4338251454183227 563.4
5635 0.4339500252788223 563.5
5636 0.4340679962718948 563.6
5637 0.434171370347072 563.7
5638 0.4342839204175286 563.8000000000001
5639 0.434379237300102 563.9
5640 0.4344434815122016 564
5641 0.4345087602208604 564.1
5642 0.4345620434254923 564.2
5643 0.434597908978426 564.3000000000001
5644 0.4346127153655232 564.4
5645 0.4346127879309634 564.5
5646 0.4345665017655262 564.6
5647 0.4345167432148302 564.7
5648 0.4344702631332337 564.8000000000001
5649 0.4343729391875792 564.9
5650 0.4342060827501645 565
5651 0.4340305400865417 565.1
5652 0.4338833005571451 565.2
5653 0.4337526928452323 565.3000000000001
5654 0.4336697087369746 565.4
5655 0.4336656755677558 565.5
5656 0.4336372173716173 565.6
5657 0.4336350730583517 565.7
5658 0.4336157127016315 565.8000000000001
5659 0.4336273530563742 565.9
5660 0.4335986327274556 566
5661 0.4335740551946113 566.1
5662 0.4335011014254433 566.2
5663 0.4334168712112878 566.3000000000001
5664 0.4332594402787152 566.4
5665 0.4329098722312804 566.5
5666 0.4325775979856215 566.6
5667 0.4322863881125421 566.7
5668 0.4319908946464376 566.8000000000001
5669 0.4316705954751386 566.9
5670 0.431375256830591 567
5671 0.431069386383891 567.1
5672 0.4307531616779681 567.2
5673 0.4304503267412133 567.3000000000001
5674 0.4301463986024933 567.4
5675 0.4299004446548256 567.5
5676 0.4296430494927513 567.6
5677 0.4293880220350611 567.7
5678 0.4291548444989549 567.8000000000001
5679 0.4288844550703499 567.9
5680 0.4286056406630931 568
5681 0.4282814723510419 568.1
5682 0.427932491967411 568.2
5683 0.427564353718729 568.3000000000001
5684 0.4271911001068378 568.4
5685 0.4268147319355933 568.5
5686 0.4264139597555552 568.6
5687 0.4260057909887954 568.7
5688 0.4256046723341472 568.8000000000001
5689 0.4252021063546881 568.9
5690 0.4247859408454201 569
5691 0.4243651110775715 569.1
5692 0.4239611378177772 569.2
5693 0.4235559999202831 569.3000000000001
5694 0.4231505319587122 569.4
5695 0.4227465811141108 569.5
5696 0.4223489068187102 569.6
5697 0.42196656763045 569.7
5698 0.4216369751728885 569.8000000000001
5699 0.42132137919552 569.9
5700 0.421021560145717 570
5701 0.4207279490633767 570.1
5702 0.4204436238754327 570.2
5703 0.4201626360175948 570.3000000000001
5704 0.4198865006342364 570.4
5705 0.4196156210605647 570.5
5706 0.4193640956466058 570.6
5707 0.4191316312339211 570.7
5708 0.4189027200428193 570.8000000000001
5709 0.4186497227760774 570.9
5710 0.4184026055714556 571
5711 0.4181711952527392 571.1
5712 0.417936354208492 571.2
5713 0.4177126106280808 571.3000000000001
5714 0.4174966839218517 571.4
5715 0.4172895690779685 571.5
5716 0.4170892125314634 571.6
5717 0.4168994875535217 571.7
5718 0.4167237590402842 571.8000000000001
5719 0.4165570214529876 571.9
5720 0.4163975411368882 572
5721 0.4162443203832435 572.1
5722 0.41609440669647 572.2
5723 0.4159470813312034 572.3000000000001
5724 0.4158049581312964 572.4
5725 0.4156588788418903 572.5
5726 0.4155143086690926 572.6
5727 0.4153953528715346 572.7
5728 0.4152795534328716 572.8000000000001
5729 0.4151648380918949 572.9
5730 0.4150529565951801 573
5731 0.4149371526032642 573.1
5732 0.4148134675634029 573.2
5733 0.4146735041557381 573.3000000000001
5734 0.414521388016974 573.4
5735 0.4143492590031251 573.5
5736 0.4141663330249097 573.6
5737 0.4139815818218802 573.7
5738 0.4137983932543758 573.8000000000001
5739 0.4136263537738761 573.9
5740 0.4134641817027137 574
5741 0.4133154427085101 574.1
5742 0.4131861250420071 574.2
5743 0.41307170346913 574.3000000000001
5744 0.412984827779752 574.4
5745 0.4129155395597549 574.5
5746 0.4128534081227552 574.6
5747 0.4128023644223618 574.7
5748 0.4127622882448417 574.8000000000001
5749 0.4127314462035107 574.9
5750 0.4127113963390069 575
5751 0.4127004782413648 575.1
5752 0.4126966760424473 575.2
5753 0.4126947453390522 575.3000000000001
5754 0.412693455804801 575.4
5755 0.41269313389695 575.5
5756 0.4126658396817254 575.6
5757 0.4126259397804662 575.7
5758 0.4125824342766326 575.8000000000001
5759 0.412547007389425 575.9
5760 0.412515504089011 576
5761 0.4125249612771932 576.1
5762 0.4125353857435793 576.2
5763 0.4125726619783275 576.3000000000001
5764 0.4126183076692715 576.4
5765 0.4126701101193128 576.5
5766 0.4127176042331215 576.6
5767 0.4127678886048132 576.7
5768 0.4128367050817188 576.8000000000001
5769 0.412911894478326 576.9
5770 0.4129963008367825 577
5771 0.4130805168873031 577.1
5772 0.4131595649250333 577.2
5773 0.4132432887622524 577.3000000000001
5774 0.4133383565640505 577.4
5775 0.4134285733543402 577.5
5776 0.4134883070932649 577.6
5777 0.4135855817197265 577.7
5778 0.4136644157294268 577.8000000000001
5779 0.413741572515743 577.9
5780 0.4138318891598418 578
5781 0.4139275604321713 578.1
5782 0.4140314819192075 578.2
5783 0.4141398920770047 578.3000000000001
5784 0.4142433567843308 578.4
5785 0.4143545219667589 578.5
5786 0.4144605784613027 578.6
5787 0.4145545918149012 578.7
5788 0.4146452051808124 578.8000000000001
5789 0.414749499241419 578.9
5790 0.4148314025348978 579
5791 0.4149146486680982 579.1
5792 0.4149998980856965 579.2
5793 0.4150869031683734 579.3000000000001
5794 0.4151640023216026 579.4
5795 0.4152388089765707 579.5
5796 0.4152987783485129 579.6
5797 0.4153463302029752 579.7
5798 0.4153838795806252 579.8000000000001
5799 0.4154183466052747 579.9
5800 0.4154169321764111 580
5801 0.4154101586750025 580.1
5802 0.4154011418805586 580.2
5803 0.415387644334655 580.3000000000001
5804 0.4153692068283753 580.4
5805 0.4153381044618077 580.5
5806 0.4152998026647343 580.6
5807 0.415266286780376 580.7
5808 0.4152324503249156 580.8000000000001
5809 0.4151734632623004 580.9
5810 0.4151074681498578 581
5811 0.4150637208086743 581.1
5812 0.4150212276985232 581.2
5813 0.4149693945332333 581.3000000000001
5814 0.4149119758733653 581.4
5815 0.414851665797519 581.5
5816 0.4147845849701536 581.6
5817 0.4147174686143889 581.7
5818 0.4146549454394596 581.8000000000001
5819 0.4146000306854608 581.9
5820 0.4145568700452389 582
5821 0.4145497489375622 582.1
5822 0.4145579582194426 582.2
5823 0.4145410038974703 582.3000000000001
5824 0.4145084190006535 582.4
5825 0.4144778123740155 582.5
5826 0.4145104232439932 582.6
5827 0.4145308084767304 582.7
5828 0.4145272833082937 582.8000000000001
5829 0.4145070565631168 582.9
5830 0.4144033918416424 583
5831 0.4143148224052399 583.1
5832 0.4141350953444309 583.2
5833 0.4139496143446539 583.3000000000001
5834 0.4137484232698618 583.4
5835 0.4135496314867016 583.5
5836 0.4133566114299564 583.6
5837 0.4131772805321416 583.7
5838 0.4130128070967363 583.8000000000001
5839 0.4128570321673013 583.9
5840 0.4127037304076952 584
5841 0.4125604413835767 584.1
5842 0.4124185851655842 584.2
5843 0.4122205390705879 584.3000000000001
5844 0.4120197674114723 584.4
5845 0.4119135016344005 584.5
5846 0.4118439953302906 584.6
5847 0.4117848293351162 584.7
5848 0.4117169051292514 584.8000000000001
5849 0.4116199775631952 584.9
5850 0.4115341337536633 585
5851 0.4114191718264152 585.1
5852 0.4112513610022236 585.2
5853 0.4110763329110554 585.3000000000001
5854 0.41091754976034 585.4
5855 0.410752063108888 585.5
5856 0.4106116822422901 585.6
5857 0.4104552668712091 585.7
5858 0.4102991980435448 585.8000000000001
5859 0.4101517777445997 585.9
5860 0.4100354653761979 586
5861 0.4099716989807401 586.1
5862 0.4099541516803188 586.2
5863 0.4099711778478679 586.3000000000001
5864 0.4100371456812284 586.4
5865 0.4100814333667495 586.5
5866 0.4100642065077487 586.6
5867 0.4100191202478641 586.7
5868 0.4099695276977642 586.8000000000001
5869 0.4099114233550099 586.9
5870 0.409819565400146 587
5871 0.4096660103505558 587.1
5872 0.4093831663694 587.2
5873 0.4090125679261544 587.3000000000001
5874 0.4086584587474075 587.4
5875 0.4083399823112971 587.5
5876 0.408061198672641 587.6
5877 0.4077977598630184 587.7
5878 0.407502664149159 587.8000000000001
5879 0.4072239251193853 587.9
5880 0.4069690498757095 588
5881 0.4067320179173768 588.1
5882 0.4065382926706118 588.2
5883 0.4063725906134247 588.3000000000001
5884 0.4062173486389462 588.4
5885 0.4060369536863185 588.5
5886 0.4058562238701788 588.6
5887 0.4056226667683896 588.7
5888 0.4053913107400886 588.8000000000001
5889 0.4051508116750988 588.9
5890 0.4048889232208974 589
5891 0.4046199205580441 589.1
5892 0.4043246468817845 589.2
5893 0.4040137960221192 589.3000000000001
5894 0.4037102166471691 589.4
5895 0.4034085071630681 589.5
5896 0.4031034664288228 589.6
5897 0.4027955244482569 589.7
5898 0.4024950626051453 589.8000000000001
5899 0.4022012585869211 589.9
5900 0.4019122586168365 590
5901 0.4016265701582362 590.1
5902 0.4013496993790468 590.2
5903 0.4010762019780069 590.3000000000001
5904 0.4008125151682633 590.4
5905 0.4005489564033591 590.5
5906 0.4002922470105365 590.6
5907 0.4000557974558548 590.7
5908 0.3998427720847009 590.8000000000001
5909 0.3996343090948332 590.9
5910 0.3994194231385401 591
5911 0.3992320693344102 591.1
5912 0.3990382786411761 591.2
5913 0.398865134894975 591.3000000000001
5914 0.3986968236428291 591.4
5915 0.398528925850575 591.5
5916 0.3983698713714603 591.6
5917 0.3982257963794573 591.7
5918 0.3980880150642115 591.8000000000001
5919 0.397971651059488 591.9
5920 0.3978844611569817 592
5921 0.3977749496274044 592.1
5922 0.3976768702574352 592.2
5923 0.3976026971097094 592.3000000000001
5924 0.3975453018230302 592.4
5925 0.3975233837875016 592.5
5926 0.3975120860895549 592.6
5927 0.3975019793466511 592.7
5928 0.3974980893498116 592.8000000000001
5929 0.397501529790764 592.9
5930 0.397503541350896 593
5931 0.3975028515131243 593.1
5932 0.3974952521984045 593.2
5933 0.3974856917972104 593.3000000000001
5934 0.3974908526514338 593.4
5935 0.3974660296163684 593.5
5936 0.3974468086378179 593.6
5937 0.3974129220721663 593.7
5938 0.3973471494439089 593.8000000000001
5939 0.3972837703649332 593.9
5940 0.3971858022761895 594
5941 0.3970883060581915 594.1
5942 0.3969871243428259 594.2
5943 0.3968858916180048 594.3000000000001
5944 0.3967852650140078 594.4
5945 0.3966904438347696 594.5
5946 0.3966013809570648 594.6
5947 0.3965113281266298 594.7
5948 0.396440328361355 594.8000000000001
5949 0.3963787294017303 594.9
5950 0.396333979338118 595
5951 0.3963004412399422 595.1
5952 0.3962554184351511 595.2
5953 0.3962249069343222 595.3000000000001
5954 0.3961867555808672 595.4
5955 0.3961576732991179 595.5
5956 0.3961205082797241 595.6
5957 0.3961118914071338 595.7
5958 0.3960966986410958 595.8000000000001
5959 0.3960833180134385 595.9
5960 0.3960711042490217 596
5961 0.396060649085097 596.1
5962 0.3960459984871847 596.2
5963 0.3960322206920892 596.3000000000001
5964 0.3960044543479943 596.4
5965 0.3959730335054549 596.5
5966 0.3959377510971503 596.6
5967 0.3958933890286082 596.7
5968 0.3958419990649563 596.8000000000001
5969 0.3957855289392743 596.9
5970 0.3957254663323773 597
5971 0.3956678155786094 597.1
5972 0.3956056076610969 597.2
5973 0.3955347615033075 597.3000000000001
5974 0.3954620499003541 597.4
5975 0.3953848893460827 597.5
5976 0.3953059668650108 597.6
5977 0.3952295447762474 597.7
5978 0.3951427030798327 597.8000000000001
5979 0.3950506982201913 597.9
5980 0.3949397182374259 598
5981 0.3948170355272197 598.1
5982 0.3946744272391071 598.2
5983 0.3945080821297203 598.3000000000001
5984 0.3943409255873975 598.4
5985 0.3941806236245352 598.5
5986 0.3940127144555906 598.6
5987 0.393842575012278 598.7
5988 0.3936641704468904 598.8000000000001
5989 0.3934712014652961 598.9
5990 0.3932893722046717 599
5991 0.3931076544327661 599.1
5992 0.3929197391955454 599.2
5993 0.3927238188329212 599.3000000000001
5994 0.3925174983543979 599.4
5995 0.3922924944087801 599.5
5996 0.3920935552889115 599.6
5997 0.3918887284165224 599.7
5998 0.3916896425341849 599.8000000000001
5999 0.3914942656321853 599.9
6000 0.3912921752557468 600
6001 0.3910756820678397 600.1
6002 0.3908799541926395 600.2
6003 0.39069395908896 600.3000000000001
6004 0.3905156089678253 600.4
6005 0.3903449416447196 600.5
6006 0.3901754963614285 600.6
6007 0.3900116295367885 600.7
6008 0.389851321789537 600.8000000000001
6009 0.3896917739118588 600.9
6010 0.3895328541645011 601
6011 0.3893766664787364 601.1
6012 0.389227996649988 601.2
6013 0.389105333673525 601.3000000000001
6014 0.3889779842335745 601.4
6015 0.3888473864032553 601.5
6016 0.3887207852934244 601.6
6017 0.3886009748361384 601.7
6018 0.388484631061613 601.8000000000001
6019 0.38837337022115 601.9
6020 0.3882635974367214 602
6021 0.3881608101739259 602.1
6022 0.3880690907910813 602.2
6023 0.3879891300678732 602.3000000000001
6024 0.3879144828529328 602.4
6025 0.3878539505851406 602.5
6026 0.3878076669678791 602.6
6027 0.387768239922195 602.7
6028 0.3877460656630467 602.8000000000001
6029 0.3877555942207621 602.9
6030 0.3877784911374712 603
6031 0.3878071756328597 603.1
6032 0.3878365011014736 603.2
6033 0.3878715113289461 603.3000000000001
6034 0.3879054473045193 603.4
6035 0.3879230821935433 603.5
6036 0.3879387930642295 603.6
6037 0.3879552851761725 603.7
6038 0.3879355465605649 603.8000000000001
6039 0.3879128544825042 603.9
6040 0.3878905175544677 604
6041 0.3878662174902745 604.1
6042 0.3878489621646476 604.2
6043 0.387838275136421 604.3000000000001
6044 0.3878339620496361 604.4
6045 0.3878789051643142 604.5
6046 0.3879384765053151 604.6
6047 0.3879896216361475 604.7
6048 0.3880583866814815 604.8000000000001
6049 0.3881620824422302 604.9
6050 0.3882783260373276 605
6051 0.3883871358315799 605.1
6052 0.388499804940187 605.2
6053 0.3886114192314771 605.3000000000001
6054 0.3887340873893503 605.4
6055 0.388867640809862 605.5
6056 0.3890377943649552 605.6
6057 0.389193410317004 605.7
6058 0.3893485873457968 605.8000000000001
6059 0.3894781549270139 605.9
6060 0.3895759040821667 606
6061 0.3896682848759035 606.1
6062 0.3897381588023802 606.2
6063 0.3897685985918005 606.3000000000001
6064 0.3897992852496295 606.4
6065 0.3898804851971014 606.5
6066 0.3899889907182616 606.6
6067 0.3900366292648015 606.7
6068 0.3901141002215211 606.8000000000001
6069 0.39016083941456 606.9
6070 0.3901019727631838 607
6071 0.3901130636132387 607.1
6072 0.3900734596360616 607.2
6073 0.389992444153785 607.3000000000001
6074 0.389811056746826 607.4
6075 0.3896099582138933 607.5
6076 0.3894830364591711 607.6
6077 0.3893854781571963 607.7
6078 0.3893386267848487 607.8000000000001
6079 0.3892793603994837 607.9
6080 0.3892322532120427 608
6081 0.3892273556103401 608.1
6082 0.3892362009572089 608.2
6083 0.3892720091101183 608.3000000000001
6084 0.3892988869504374 608.4
6085 0.3893101121135973 608.5
6086 0.3893328778474032 608.6
6087 0.3893624399802761 608.7
6088 0.3893964351715906 608.8000000000001
6089 0.3894131710878756 608.9
6090 0.3894288488217533 609
6091 0.3894933033536786 609.1
6092 0.3895583077737879 609.2
6093 0.3896236827643772 609.3000000000001
6094 0.389684688145084 609.4
6095 0.3897487340193329 609.5
6096 0.3898343974785675 609.6
6097 0.3898480548426435 609.7
6098 0.389866050952483 609.8000000000001
6099 0.3899763985845383 609.9
6100 0.3900362327979775 610
6101 0.3901527221271062 610.1
6102 0.3902514635917055 610.2
6103 0.3903446948539451 610.3000000000001
6104 0.3904926775138601 610.4
6105 0.3906043148225689 610.5
6106 0.3907120470627918 610.6
6107 0.3908525677840254 610.7
6108 0.3909979776613203 610.8000000000001
6109 0.3911513349847299 610.9
6110 0.3913141850389105 611
6111 0.391479308694105 611.1
6112 0.3916232617884077 611.2
6113 0.3917606860499541 611.3000000000001
6114 0.3919170937164083 611.4
6115 0.3920382700837038 611.5
6116 0.3921747301774144 611.6
6117 0.3923056718606293 611.7
6118 0.3924132506431346 611.8000000000001
6119 0.3925088035817741 611.9
6120 0.3925983005837516 612
6121 0.3926817002120609 612.1
6122 0.3927632184428481 612.2
6123 0.3928442470445606 612.3000000000001
6124 0.3929196974279329 612.4
6125 0.3929941210827366 612.5
6126 0.393050776387328 612.6
6127 0.3930936727201346 612.7
6128 0.3931250856926551 612.8000000000001
6129 0.3931527938577132 612.9
6130 0.393164687457886 613
6131 0.3931728785321842 613.1
6132 0.3931761217928776 613.2
6133 0.3931676584445127 613.3000000000001
6134 0.3931532401003509 613.4
6135 0.3931338998174147 613.5
6136 0.3931169450197393 613.6
6137 0.3930957641201213 613.7
6138 0.3930697082244616 613.8000000000001
6139 0.3930432199925399 613.9
6140 0.3930277645135404 614
6141 0.3930320746167596 614.1
6142 0.3930873633802963 614.2
6143 0.3932055633265213 614.3000000000001
6144 0.3933061281000717 614.4
6145 0.3933810023751466 614.5
6146 0.3934072199908485 614.6
6147 0.3934323691613862 614.7
6148 0.3934322471126718 614.8000000000001
6149 0.3933958998147667 614.9
6150 0.3933290750735158 615
6151 0.3932371098805987 615.1
6152 0.3931334606354585 615.2
6153 0.3930239853404799 615.3000000000001
6154 0.3929013274221496 615.4
6155 0.3927676610446992 615.5
6156 0.3926271763334992 615.6
6157 0.3924706894521353 615.7
6158 0.3923251257668492 615.8000000000001
6159 0.3921964630986642 615.9
6160 0.3920870969733743 616
6161 0.3920069351173716 616.1
6162 0.3919372499759471 616.2
6163 0.3918796530321801 616.3000000000001
6164 0.39181929217237 616.4
6165 0.3917681611245316 616.5
6166 0.3917212732862671 616.6
6167 0.3916830388128012 616.7
6168 0.3916462301391539 616.8000000000001
6169 0.3916252724529395 616.9
6170 0.3916167133212866 617
6171 0.3916103833423147 617.1
6172 0.3916037225819052 617.2
6173 0.3915967447572088 617.3000000000001
6174 0.3915802032327808 617.4
6175 0.3915606040587369 617.5
6176 0.3915469703823 617.6
6177 0.3915315654675012 617.7
6178 0.3915100836711922 617.8000000000001
6179 0.3914799402103459 617.9
6180 0.3914467254534477 618
6181 0.3913960678013603 618.1
6182 0.3913374001745041 618.2
6183 0.39126428734992 618.3000000000001
6184 0.3911843965257781 618.4
6185 0.3911108655961948 618.5
6186 0.3910410545276636 618.6
6187 0.3909476898134052 618.7
6188 0.3908549128276491 618.8000000000001
6189 0.3907687056253162 618.9
6190 0.3906757806044353 619
6191 0.3905772228965657 619.1
6192 0.3904857499192411 619.2
6193 0.3903933150047156 619.3000000000001
6194 0.3902886433131048 619.4
6195 0.3901775641024231 619.5
6196 0.390063273299978 619.6
6197 0.3899374680718775 619.7
6198 0.3898061493785501 619.8000000000001
6199 0.3896680345685732 619.9
6200 0.3895273242021836 620
6201 0.3893787096982283 620.1
6202 0.3892249996769268 620.2
6203 0.3890759523665709 620.3000000000001
6204 0.3889429094317012 620.4
6205 0.3888164953195886 620.5
6206 0.3886908264619774 620.6
6207 0.3885802520230058 620.7
6208 0.3884859059415406 620.8000000000001
6209 0.3883893814046552 620.9
6210 0.3882781473833481 621
6211 0.3881672530487068 621.1
6212 0.3880626413367148 621.2
6213 0.3879452347606388 621.3000000000001
6214 0.3878373653410276 621.4
6215 0.3877342241279974 621.5
6216 0.3876376569835704 621.6
6217 0.3875846416671411 621.7
6218 0.3875076197180025 621.8000000000001
6219 0.387441206717656 621.9
6220 0.3874157145647292 622
6221 0.3873960819279691 622.1
6222 0.3873678269992106 622.2
6223 0.3873083800227802 622.3000000000001
6224 0.3872416089063905 622.4
6225 0.387179217198965 622.5
6226 0.3871699160447106 622.6
6227 0.3871001501427743 622.7
6228 0.3870423142201846 622.8000000000001
6229 0.3870052612881474 622.9
6230 0.386931885842628 623
6231 0.3868395927277484 623.1
6232 0.3867859972542589 623.2
6233 0.3866801075633642 623.3000000000001
6234 0.3865391296142349 623.4
6235 0.3863898253611066 623.5
6236 0.3862405157993384 623.6
6237 0.3860755052761088 623.7
6238 0.3859088067109892 623.8000000000001
6239 0.3857477632501521 623.9
6240 0.3855966054590034 624
6241 0.3854909281120182 624.1
6242 0.3853713699670867 624.2
6243 0.3852820890117283 624.3000000000001
6244 0.3852462184512769 624.4
6245 0.3852268105537353 624.5
6246 0.3851867390126751 624.6
6247 0.3851402042306056 624.7
6248 0.3851083540326784 624.8000000000001
6249 0.3851166354041747 624.9
6250 0.385104727335808 625
6251 0.3850658443370921 625.1
6252 0.3850168449274463 625.2
6253 0.3849762963625938 625.3000000000001
6254 0.3849374489102214 625.4
6255 0.3849167137468427 625.5
6256 0.3848832125310535 625.6
6257 0.3846155674369797 625.7
6258 0.3842601228951302 625.8000000000001
6259 0.3836767187859908 625.9
6260 0.383662029196778 626
6261 0.3837023895976127 626.1
6262 0.3843197198773818 626.2
6263 0.3853379953660517 626.3000000000001
6264 0.3858528887007924 626.4
6265 0.3861103390648045 626.5
6266 0.3860159601152822 626.6
6267 0.385800119477445 626.7
6268 0.3855992229272162 626.8000000000001
6269 0.3855054999649562 626.9
6270 0.3854539052342192 627
6271 0.3854275799657141 627.1
6272 0.3853952375075134 627.2
6273 0.3853740539357125 627.3000000000001
6274 0.3853708759159946 627.4
6275 0.3854164197641665 627.5
6276 0.3854544861222802 627.6
6277 0.3855189070426738 627.7
6278 0.3855844285583104 627.8000000000001
6279 0.3856454010191261 627.9
6280 0.3856991268291606 628
6281 0.3857525150636197 628.1
6282 0.3857875364648155 628.2
6283 0.385830859981255 628.3000000000001
6284 0.3858761720122186 628.4
6285 0.3859404756368518 628.5
6286 0.3860282559225025 628.6
6287 0.3861127242854694 628.7
6288 0.3861956581799462 628.8000000000001
6289 0.386278739019995 628.9
6290 0.3863607186816966 629
6291 0.3864487022833563 629.1
6292 0.386503147276714 629.2
6293 0.3865032553115361 629.3000000000001
6294 0.3866290283635019 629.4
6295 0.3867739180422627 629.5
6296 0.3869054877361656 629.6
6297 0.3870073408576084 629.7
6298 0.3870999611230534 629.8000000000001
6299 0.3872099120568727 629.9
6300 0.3873180638907531 630
6301 0.3874449096563981 630.1
6302 0.387564520608513 630.2
6303 0.387663169218223 630.3000000000001
6304 0.3877463938975692 630.4
6305 0.38782752067082 630.5
6306 0.387901193182685 630.6
6307 0.3879659729090641 630.7
6308 0.3880156945338092 630.8000000000001
6309 0.3880580522955802 630.9
6310 0.3880926033776709 631
6311 0.3881085212240399 631.1
6312 0.3881300895967572 631.2
6313 0.3881540400264009 631.3000000000001
6314 0.3881710205014965 631.4
6315 0.3881849731626132 631.5
6316 0.3882020065169085 631.6
6317 0.3882192736284989 631.7
6318 0.3882288373823677 631.8000000000001
6319 0.3882364536083429 631.9
6320 0.3882480453394873 632
6321 0.3882589300372328 632.1
6322 0.3882644522109265 632.2
6323 0.3882636031210998 632.3000000000001
6324 0.3882568096531037 632.4
6325 0.3882518633446083 632.5
6326 0.388253813032157 632.6
6327 0.3882525684446954 632.7
6328 0.3882632006874332 632.8000000000001
6329 0.3882828320383026 632.9
6330 0.3883058729522096 633
6331 0.3883205022320524 633.1
6332 0.3883248111142518 633.2
6333 0.3883081985850915 633.3000000000001
6334 0.3882613096402682 633.4
6335 0.3882071693190554 633.5
6336 0.3881552989298915 633.6
6337 0.3880977067155642 633.7
6338 0.3880297318261711 633.8000000000001
6339 0.3879527141317626 633.9
6340 0.3878870017117385 634
6341 0.3878060080499778 634.1
6342 0.3877217454543208 634.2
6343 0.3876211501499793 634.3000000000001
6344 0.3875175769980785 634.4
6345 0.3874092685634443 634.5
6346 0.3872998018173687 634.6
6347 0.387181729313929 634.7
6348 0.3870500061669091 634.8000000000001
6349 0.3869090025422569 634.9
6350 0.386785806950317 635
6351 0.38664802953536 635.1
6352 0.3864894254476152 635.2
6353 0.3863359396653389 635.3000000000001
6354 0.3861966313458525 635.4
6355 0.38605223505606 635.5
6356 0.3859052110878572 635.6
6357 0.3857566449479704 635.7
6358 0.3856156897269981 635.8000000000001
6359 0.3854221102073242 635.9
6360 0.3852541505126548 636
6361 0.3850746882782485 636.1
6362 0.384871351056287 636.2
6363 0.3846530745957423 636.3000000000001
6364 0.3844220910436094 636.4
6365 0.3841865398004495 636.5
6366 0.3839536849549435 636.6
6367 0.3837280729485136 636.7
6368 0.3835068870957627 636.8000000000001
6369 0.3833033519460483 636.9
6370 0.3831260661343968 637
6371 0.3829554564100449 637.1
6372 0.3827801478040377 637.2
6373 0.3826081474648169 637.3000000000001
6374 0.3824435604193394 637.4
6375 0.3822847837843517 637.5
6376 0.3821574921897555 637.6
6377 0.3820537174562673 637.7
6378 0.3819555440748452 637.8000000000001
6379 0.3818604810825738 637.9
6380 0.3817525497326044 638
6381 0.3816693278884581 638.1
6382 0.3815982273153181 638.2
6383 0.3815299177292626 638.3000000000001
6384 0.381469755740847 638.4
6385 0.3814179068210498 638.5
6386 0.3813755345967175 638.6
6387 0.3813417083515029 638.7
6388 0.3813120400259123 638.8000000000001
6389 0.3812950462207158 638.9
6390 0.3812789316895838 639
6391 0.3812659329616542 639.1
6392 0.3812554020564851 639.2
6393 0.3812507366842422 639.3000000000001
6394 0.381252507313605 639.4
6395 0.3812571378443767 639.5
6396 0.3812714760854384 639.6
6397 0.3812970210356448 639.7
6398 0.3813257910543829 639.8000000000001
6399 0.3813612304135025 639.9
6400 0.3813983256814523 640
6401 0.3814404706309424 640.1
6402 0.3814921459874249 640.2
6403 0.3815547135080289 640.3000000000001
6404 0.3816214630117123 640.4
6405 0.3817058810616304 640.5
6406 0.3817932407727652 640.6
6407 0.3818976123266495 640.7
6408 0.3820153514320805 640.8000000000001
6409 0.3821242205672072 640.9
6410 0.3822498297129446 641
6411 0.382360724506336 641.1
6412 0.3824670582876859 641.2
6413 0.3825741304377441 641.3000000000001
6414 0.3826476909078971 641.4
6415 0.382727831977533 641.5
6416 0.3828245727651609 641.6
6417 0.3828908574699522 641.7
6418 0.382941242630066 641.8000000000001
6419 0.3829692693831238 641.9
6420 0.3830431588407238 642
6421 0.3831394189567219 642.1
6422 0.3832466138008927 642.2
6423 0.3833605491594236 642.3000000000001
6424 0.383480379072319 642.4
6425 0.3836209451214133 642.5
6426 0.3837634016337117 642.6
6427 0.3839127123647854 642.7
6428 0.3840834174021541 642.8000000000001
6429 0.3842650768741724 642.9
6430 0.3844671887347695 643
6431 0.3846952759944637 643.1
6432 0.3849518120457768 643.2
6433 0.3852247287314703 643.3000000000001
6434 0.3854570854737286 643.4
6435 0.3857391251001025 643.5
6436 0.3859913194284419 643.6
6437 0.3861743061168945 643.7
6438 0.3863975814888351 643.8000000000001
6439 0.3866506583612576 643.9
6440 0.3868487698264705 644
6441 0.3869887211849592 644.1
6442 0.3871057470281055 644.2
6443 0.3872010985472316 644.3000000000001
6444 0.3873095573854057 644.4
6445 0.3873547401770059 644.5
6446 0.3874034151022129 644.6
6447 0.3874575977999261 644.7
6448 0.3875181085975655 644.8000000000001
6449 0.387592187782361 644.9
6450 0.3876771731735181 645
6451 0.3877622023776413 645.1
6452 0.3878443020529878 645.2
6453 0.3879366736628747 645.3000000000001
6454 0.3880618080090597 645.4
6455 0.3882426401427628 645.5
6456 0.3883604350312516 645.6
6457 0.3884692828738799 645.7
6458 0.3885747536826701 645.8000000000001
6459 0.3887311841052439 645.9
6460 0.3888445011894944 646
6461 0.3889231930104829 646.1
6462 0.3889849097398157 646.2
6463 0.388988757227039 646.3000000000001
6464 0.3888954827339928 646.4
6465 0.3888368849041433 646.5
6466 0.3888185347599828 646.6
6467 0.3888151441214459 646.7
6468 0.3888748341404899 646.8000000000001
6469 0.3890014120381061 646.9
6470 0.3891003538728823 647
6471 0.3892416352005683 647.1
6472 0.3893525617682632 647.2
6473 0.3894853177254823 647.3000000000001
6474 0.3895846343669343 647.4
6475 0.3896757266372374 647.5
6476 0.3897501487323554 647.6
6477 0.3898029280309168 647.7
6478 0.3898458752967146 647.8000000000001
6479 0.3898826565338271 647.9
6480 0.3899155644294983 648
6481 0.3899040115060544 648.1
6482 0.3899263875835836 648.2
6483 0.3899182094304446 648.3000000000001
6484 0.3899069675332873 648.4
6485 0.3898830721657131 648.5
6486 0.3898640224972986 648.6
6487 0.3898310885177678 648.7
6488 0.3897722118768592 648.8000000000001
6489 0.3897194768262834 648.9
6490 0.3896654388448618 649
6491 0.3896012123630734 649.1
6492 0.3895340574684307 649.2
6493 0.3894597294125224 649.3000000000001
6494 0.3893748551740835 649.4
6495 0.389260308625972 649.5
6496 0.3891259650446867 649.6
6497 0.3889869520665719 649.7
6498 0.3888370158919841 649.8000000000001
6499 0.3886739773361964 649.9
6500 0.3884970586694341 650
6501 0.3883022973847916 650.1
6502 0.3880762074179233 650.2
6503 0.3878279487675588 650.3000000000001
6504 0.3875643604491534 650.4
6505 0.3872807671262339 650.5
6506 0.3869795665028786 650.6
6507 0.3866605495300187 650.7
6508 0.3863405688191725 650.8000000000001
6509 0.3860160642855562 650.9
6510 0.3856916611214826 651
6511 0.3853615080580725 651.1
6512 0.3850450238950847 651.2
6513 0.3847008113406588 651.3000000000001
6514 0.3843145794428866 651.4
6515 0.3839788763294358 651.5
6516 0.3836370944463954 651.6
6517 0.3832966295540172 651.7
6518 0.3829571442708067 651.8000000000001
6519 0.382620946161566 651.9
6520 0.3823001226997044 652
6521 0.3819769511990042 652.1
6522 0.3816516551231662 652.2
6523 0.3813322274133908 652.3000000000001
6524 0.38101757548232 652.4
6525 0.3807109970548989 652.5
6526 0.3804132510926145 652.6
6527 0.3801094619047033 652.7
6528 0.3798097118879908 652.8000000000001
6529 0.379514593747615 652.9
6530 0.3792216891655908 653
6531 0.3789395439788268 653.1
6532 0.3786768754906675 653.2
6533 0.3784369295994605 653.3000000000001
6534 0.3781836005823289 653.4
6535 0.3779448837726087 653.5
6536 0.3777203822365802 653.6
6537 0.3775103631141316 653.7
6538 0.3773119402196573 653.8000000000001
6539 0.3771212388887952 653.9
6540 0.3769377458834698 654
6541 0.3767673596747082 654.1
6542 0.3766154117065708 654.2
6543 0.3764807210243071 654.3000000000001
6544 0.3763626563831667 654.4000000000001
6545 0.3762566880707417 654.5
6546 0.3761625037429352 654.6
6547 0.3760835337806344 654.7
6548 0.3760189238610367 654.8000000000001
6549 0.3759653350179007 654.9000000000001
6550 0.3759232311736032 655
6551 0.3758905537300196 655.1
6552 0.375870606010379 655.2
6553 0.37584362273574 655.3000000000001
6554 0.3758182194214504 655.4000000000001
6555 0.3757947365333075 655.5
6556 0.3757669662322851 655.6
6557 0.3757596614298678 655.7
6558 0.375743892378738 655.8000000000001
6559 0.3757335333097735 655.9000000000001
6560 0.3757251640282865 656
6561 0.3757179958823259 656.1
6562 0.3757150399791522 656.2
6563 0.3757141652604992 656.3000000000001
6564 0.3757135513703498 656.4000000000001
6565 0.3757159879682611 656.5
6566 0.375716394126276 656.6
6567 0.3757143892857312 656.7
6568 0.3757109853340878 656.8000000000001
6569 0.3757056459673635 656.9000000000001
6570 0.3756981971107072 657
6571 0.3756922650923269 657.1
6572 0.3756842867673277 657.2
6573 0.3756808231536051 657.3000000000001
6574 0.3756823260333459 657.4000000000001
6575 0.3756778043797834 657.5
6576 0.3756685411177547 657.6
6577 0.3756688465004695 657.7
6578 0.3756802770750908 657.8000000000001
6579 0.3757019738299746 657.9000000000001
6580 0.375719371647311 658
6581 0.3757347431191396 658.1
6582 0.3757330916306917 658.2
6583 0.3757278240170978 658.3000000000001
6584 0.3757270265586162 658.4000000000001
6585 0.3757274510755824 658.5
6586 0.3757327003397274 658.6
6587 0.3757263776674004 658.7
6588 0.3757193618865636 658.8000000000001
6589 0.3757210180486468 658.9000000000001
6590 0.3757384336509816 659
6591 0.37576381384636 659.1
6592 0.3757872287256417 659.2
6593 0.375823966127199 659.3000000000001
6594 0.3758663655245925 659.4000000000001
6595 0.3759226226553228 659.5
6596 0.375991837530925 659.6
6597 0.3760504712505839 659.7
6598 0.376120688278661 659.8000000000001
6599 0.3761730114787632 659.9000000000001
6600 0.3762169345093297 660
6601 0.3762757168312021 660.1
6602 0.37634783244421 660.2
6603 0.3764172054702609 660.3000000000001
6604 0.3764952126380639 660.4000000000001
6605 0.3765635234272139 660.5
6606 0.3765913061057143 660.6
6607 0.3766414925261147 660.7
6608 0.3767219555971074 660.8000000000001
6609 0.3768119969564704 660.9000000000001
6610 0.3768980372936958 661
6611 0.3769999366010771 661.1
6612 0.3770909484214741 661.2
6613 0.3771634755918079 661.3000000000001
6614 0.3772687398231284 661.4000000000001
6615 0.3773440738951238 661.5
6616 0.3773776784016225 661.6
6617 0.3774388455643245 661.7
6618 0.3775182163063949 661.8000000000001
6619 0.3776104817847966 661.9000000000001
6620 0.3777101116708848 662
6621 0.3778423518471656 662.1
6622 0.3779880643497858 662.2
6623 0.378140919422042 662.3000000000001
6624 0.3782856608286508 662.4000000000001
6625 0.3784398355674265 662.5
6626 0.3785733012827317 662.6
6627 0.3786822021056481 662.7
6628 0.3787836977696984 662.8000000000001
6629 0.3788754211968216 662.9000000000001
6630 0.3789602988067157 663
6631 0.3790313988870536 663.1
6632 0.3790925017223537 663.2
6633 0.379173935556407 663.3000000000001
6634 0.3792502143201021 663.4000000000001
6635 0.3793557309634432 663.5
6636 0.3793275012131413 663.6
6637 0.3794355139354511 663.7
6638 0.3795774684732496 663.8000000000001
6639 0.3797288940259055 663.9000000000001
6640 0.3798665367777828 664
6641 0.3800062857545486 664.1
6642 0.3801297807148573 664.2
6643 0.3802040663237017 664.3000000000001
6644 0.3802006331260974 664.4000000000001
6645 0.3801418536376708 664.5
6646 0.3801363066099205 664.6
6647 0.3801549035064112 664.7
6648 0.3801474573551126 664.8000000000001
6649 0.380171519527037 664.9000000000001
6650 0.3802066332744459 665
6651 0.3802388024478177 665.1
6652 0.3802756255880059 665.2
6653 0.3803123211326037 665.3000000000001
6654 0.3803270449957557 665.4000000000001
6655 0.3803278760200502 665.5
6656 0.3803037811287608 665.6
6657 0.3802992074871137 665.7
6658 0.3802973791712249 665.8000000000001
6659 0.3802953872549671 665.9000000000001
6660 0.380286187246706 666
6661 0.3802640489303759 666.1
6662 0.3802317331027588 666.2
6663 0.3801809676910998 666.3000000000001
6664 0.3801148209793213 666.4000000000001
6665 0.3800343434166262 666.5
6666 0.3799488477757044 666.6
6667 0.3798648598232802 666.7
6668 0.3798319066143405 666.8000000000001
6669 0.3797580401157999 666.9000000000001
6670 0.3796925210130588 667
6671 0.3796434325189515 667.1
6672 0.3795907065684811 667.2
6673 0.3795372526053435 667.3000000000001
6674 0.3795066229067015 667.4000000000001
6675 0.3794794530971012 667.5
6676 0.3794343024257512 667.6
6677 0.3793555034696108 667.7
6678 0.3792574332952507 667.8000000000001
6679 0.3791466321569865 667.9000000000001
6680 0.3790288550343314 668
6681 0.3789108394764679 668.1
6682 0.3788019603481229 668.2
6683 0.3786981853345286 668.3000000000001
6684 0.3785896074698103 668.4000000000001
6685 0.3784913989431788 668.5
6686 0.3783896105423816 668.6
6687 0.3782839098009426 668.7
6688 0.3781828587976279 668.8000000000001
6689 0.378086219102546 668.9000000000001
6690 0.3779955623993479 669
6691 0.3779118917307627 669.1
6692 0.3778229509715865 669.2
6693 0.3777449034539497 669.3000000000001
6694 0.3776647041908734 669.4000000000001
6695 0.3775896516282411 669.5
6696 0.3775298559665587 669.6
6697 0.377464730276663 669.7
6698 0.3774010824574497 669.8000000000001
6699 0.3773404907922046 669.9000000000001
6700 0.3772762315957123 670
6701 0.3772172231750375 670.1
6702 0.3771546257213051 670.2
6703 0.3770941909742014 670.3000000000001
6704 0.377048633701996 670.4000000000001
6705 0.3770032592906433 670.5
6706 0.3770069778027468 670.6
6707 0.3770075174467261 670.7
6708 0.3769942202755447 670.8000000000001
6709 0.3769955424606655 670.9000000000001
6710 0.3770220129436293 671
6711 0.3770594515426509 671.1
6712 0.3771108982141546 671.2
6713 0.3771843813648673 671.3000000000001
6714 0.3772750626714669 671.4000000000001
6715 0.3773580876820071 671.5
6716 0.3774276423025812 671.6
6717 0.3775038818282361 671.7
6718 0.3775730982343687 671.8000000000001
6719 0.3776207656307422 671.9000000000001
6720 0.3776563831551947 672
6721 0.3776882991863629 672.1
6722 0.3777179475875683 672.2
6723 0.3777254844791998 672.3000000000001
6724 0.3777055266236991 672.4000000000001
6725 0.3776847429211994 672.5
6726 0.3776458860484429 672.6
6727 0.3776165310977939 672.7
6728 0.3776021331308176 672.8000000000001
6729 0.3775805633242564 672.9000000000001
6730 0.3775730095412422 673
6731 0.3775795948895889 673.1
6732 0.3775466077580933 673.2
6733 0.3775618912368295 673.3000000000001
6734 0.3776235001280014 673.4000000000001
6735 0.3776978321658195 673.5
6736 0.3777800079242631 673.6
6737 0.3778676424772912 673.7
6738 0.3779564401010805 673.8000000000001
6739 0.3780554226834222 673.9000000000001
6740 0.3781515545243209 674
6741 0.3782501959734001 674.1
6742 0.3783362442368002 674.2
6743 0.3784243644772423 674.3000000000001
6744 0.3785017001278764 674.4000000000001
6745 0.378584519964962 674.5
6746 0.3786651208946157 674.6
6747 0.3787413740763302 674.7
6748 0.3788044737353335 674.8000000000001
6749 0.3788622527301682 674.9000000000001
6750 0.3789124449648996 675
6751 0.37895309625232 675.1
6752 0.3789796590720685 675.2
6753 0.3790048858273444 675.3000000000001
6754 0.3790160797822935 675.4000000000001
6755 0.3789739381904367 675.5
6756 0.3789776580137905 675.6
6757 0.3789789896028836 675.7
6758 0.3789647809439692 675.8000000000001
6759 0.3789411851616432 675.9000000000001
6760 0.3789140750848144 676
6761 0.3788837386909932 676.1
6762 0.3788429078737453 676.2
6763 0.3787827627060303 676.3000000000001
6764 0.3787098161691518 676.4000000000001
6765 0.3786243581554627 676.5
6766 0.3785387263239784 676.6
6767 0.3784412796036413 676.7
6768 0.3783237056107459 676.8000000000001
6769 0.3782120141207993 676.9000000000001
6770 0.3781039542238552 677
6771 0.3780155380210135 677.1
6772 0.3779186024955832 677.2
6773 0.3778329410732063 677.3000000000001
6774 0.3777440575235551 677.4000000000001
6775 0.377658113074427 677.5
6776 0.3775706238693143 677.6
6777 0.3774733821746924 677.7
6778 0.3773648989824792 677.8000000000001
6779 0.3772637342191617 677.9000000000001
6780 0.3771569112176155 678
6781 0.377064025586842 678.1
6782 0.3769462259123398 678.2
6783 0.3768524704307503 678.3000000000001
6784 0.3767846283121807 678.4000000000001
6785 0.3767594231026777 678.5
6786 0.3767658269108559 678.6
6787 0.3767703202352631 678.7
6788 0.3767720903335278 678.8000000000001
6789 0.376756883883262 678.9000000000001
6790 0.3767142974894447 679
6791 0.3767111589447152 679.1
6792 0.3767038106499508 679.2
6793 0.3766637927659657 679.3000000000001
6794 0.3765346757529437 679.4000000000001
6795 0.3763934963900391 679.5
6796 0.3763048068452139 679.6
6797 0.3762574810338399 679.7
6798 0.3762580287874235 679.8000000000001
6799 0.3762487596402377 679.9000000000001
6800 0.3762245944200487 680
6801 0.3761661011233358 680.1
6802 0.3760779992059428 680.2
6803 0.3760013483809638 680.3000000000001
6804 0.3759189276700613 680.4000000000001
6805 0.3757855512821344 680.5
6806 0.3756055845158603 680.6
6807 0.3754231742016458 680.7
6808 0.3752525176969107 680.8000000000001
6809 0.3750804907429 680.9000000000001
6810 0.3749187744081192 681
6811 0.3747623645795186 681.1
6812 0.3746261223014639 681.2
6813 0.3744939732550374 681.3000000000001
6814 0.3743464318758357 681.4000000000001
6815 0.3742070397267376 681.5
6816 0.3740721443053753 681.6
6817 0.3739312812168848 681.7
6818 0.3737870905546591 681.8000000000001
6819 0.3736376344297215 681.9000000000001
6820 0.3734872297940963 682
6821 0.3733470728442844 682.1
6822 0.3732031556732882 682.2
6823 0.3730525641033195 682.3000000000001
6824 0.3728976643756349 682.4000000000001
6825 0.3727406295699977 682.5
6826 0.3725869141812927 682.6
6827 0.3724434420906698 682.7
6828 0.3723040119249202 682.8000000000001
6829 0.3721578808870236 682.9000000000001
6830 0.3720133427169786 683
6831 0.3718816929062383 683.1
6832 0.3717359687117569 683.2
6833 0.3716105199224259 683.3000000000001
6834 0.371495224601502 683.4000000000001
6835 0.3713851401016107 683.5
6836 0.3712622051990937 683.6
6837 0.3711377335786495 683.7
6838 0.3710147871025471 683.8000000000001
6839 0.3708788946062091 683.9000000000001
6840 0.3707339596317994 684
6841 0.3705879422979072 684.1
6842 0.3704476045786512 684.2
6843 0.3703077578007163 684.3000000000001
6844 0.3701711400406821 684.4000000000001
6845 0.3700370762338405 684.5
6846 0.3698987518149318 684.6
6847 0.369761787034825 684.7
6848 0.3696469020664374 684.8000000000001
6849 0.3695051153230496 684.9000000000001
6850 0.3693626404358833 685
6851 0.3692225597994291 685.1
6852 0.3690838467085499 685.2
6853 0.3689618177126672 685.3000000000001
6854 0.3688627208392896 685.4000000000001
6855 0.3687536348863754 685.5
6856 0.3686523091546746 685.6
6857 0.3685420440092479 685.7
6858 0.3684191707641735 685.8000000000001
6859 0.3683087581602772 685.9000000000001
6860 0.3681948180418548 686
6861 0.3680840938394695 686.1
6862 0.3679973006796268 686.2
6863 0.3679441885098333 686.3000000000001
6864 0.3678983064283438 686.4000000000001
6865 0.367849965307446 686.5
6866 0.3677934349965779 686.6
6867 0.3677773849243775 686.7
6868 0.3677600057745802 686.8000000000001
6869 0.3677270263123638 686.9000000000001
6870 0.3676687392159521 687
6871 0.367589399531901 687.1
6872 0.3675038319325359 687.2
6873 0.3674137480696018 687.3000000000001
6874 0.367327059862318 687.4000000000001
6875 0.3672517578117323 687.5
6876 0.3671604035471346 687.6
6877 0.3670761271804408 687.7
6878 0.3669930921073676 687.8000000000001
6879 0.3669215207955811 687.9000000000001
6880 0.3668712464148245 688
6881 0.3668252490603535 688.1
6882 0.3667775809347673 688.2
6883 0.3667342398004507 688.3000000000001
6884 0.3667004929665778 688.4000000000001
6885 0.3666710218641117 688.5
6886 0.3666450858647552 688.6
6887 0.3666266741305858 688.7
6888 0.3666086151703004 688.8000000000001
6889 0.3665882100921445 688.9000000000001
6890 0.3665900680781226 689
6891 0.3665918884651387 689.1
6892 0.3665991476283412 689.2
6893 0.3666101003148845 689.3000000000001
6894 0.366623202150147 689.4000000000001
6895 0.366655835675971 689.5
6896 0.3667032657801906 689.6
6897 0.3667513964317178 689.7
6898 0.3668017026035492 689.8000000000001
6899 0.3668661051377268 689.9000000000001
6900 0.3669424274613818 690
6901 0.3670325130651436 690.1
6902 0.3671246188200468 690.2
6903 0.3672203384970352 690.3000000000001
6904 0.3673284601553511 690.4000000000001
6905 0.3674534420180637 690.5
6906 0.3675955649602098 690.6
6907 0.3677500492179555 690.7
6908 0.3679158353178461 690.8000000000001
6909 0.368085951064533 690.9000000000001
6910 0.3682605255666552 691
6911 0.3684331719480894 691.1
6912 0.3685965443718888 691.2
6913 0.3687497528327825 691.3000000000001
6914 0.3688899436393684 691.4000000000001
6915 0.3690054775358986 691.5
6916 0.3691041294388169 691.6
6917 0.3691880149478332 691.7
6918 0.3692628804161176 691.8000000000001
6919 0.369341345339006 691.9000000000001
6920 0.3694369409150312 692
6921 0.3695509932993521 692.1
6922 0.3696858101991856 692.2
6923 0.369835089554321 692.3000000000001
6924 0.3700074199366719 692.4000000000001
6925 0.3702002919429819 692.5
6926 0.3704040107475197 692.6
6927 0.3706186768619405 692.7
6928 0.3708407842701498 692.8000000000001
6929 0.3710545116432044 692.9000000000001
6930 0.3712478450653665 693
6931 0.3714528898895928 693.1
6932 0.3716665326097924 693.2
6933 0.3718895641388761 693.3000000000001
6934 0.3721280582151911 693.4000000000001
6935 0.3723718085424108 693.5
6936 0.3726211840973292 693.6
6937 0.3728711894668706 693.7
6938 0.3731133302305083 693.8000000000001
6939 0.373359621376755 693.9000000000001
6940 0.3736104439841224 694
6941 0.3738475129523924 694.1
6942 0.3740591578758013 694.2
6943 0.3742816900608086 694.3000000000001
6944 0.3745190924296004 694.4000000000001
6945 0.3747522505961714 694.5
6946 0.3749885507220703 694.6
6947 0.3752408785107724 694.7
6948 0.3754834162056954 694.8000000000001
6949 0.3756534850744023 694.9000000000001
6950 0.3758605339081566 695
6951 0.3760892914667152 695.1
6952 0.3763459090294418 695.2
6953 0.3765676600495423 695.3000000000001
6954 0.3767819064251797 695.4000000000001
6955 0.3769955356381744 695.5
6956 0.3772419124260918 695.6
6957 0.3774735360607783 695.7
6958 0.377671331799476 695.8000000000001
6959 0.3778932143270473 695.9000000000001
6960 0.3781312530177532 696
6961 0.3783732101527197 696.1
6962 0.3786318777066814 696.2
6963 0.3788412264226172 696.3000000000001
6964 0.3790146169973624 696.4000000000001
6965 0.3790473831526232 696.5
6966 0.379097190066141 696.6
6967 0.3792268746685987 696.7
6968 0.3793968559415686 696.8000000000001
6969 0.3795603983819935 696.9000000000001
6970 0.379721848388612 697
6971 0.3798534962081836 697.1
6972 0.3799192669478018 697.2
6973 0.3800356733948098 697.3000000000001
6974 0.380103782389584 697.4000000000001
6975 0.3800984199066353 697.5
6976 0.3800567282308218 697.6
6977 0.3800076708386588 697.7
6978 0.3799472702054548 697.8000000000001
6979 0.3798661811952647 697.9000000000001
6980 0.3797851437511831 698
6981 0.3797138738825691 698.1
6982 0.3796367788990669 698.2
6983 0.379534973852115 698.3000000000001
6984 0.3794203350291216 698.4000000000001
6985 0.3793101388240575 698.5
6986 0.3791929683493577 698.6
6987 0.3790772807675361 698.7
6988 0.3789575198870207 698.8000000000001
6989 0.3788188678790433 698.9000000000001
6990 0.378659709005749 699
6991 0.3784884547037504 699.1
6992 0.3783055971434628 699.2
6993 0.3781215466501634 699.3000000000001
6994 0.377934000423876 699.4000000000001
6995 0.3777355822180463 699.5
6996 0.3775228706828579 699.6
6997 0.3773056685491447 699.7
6998 0.3770785365193522 699.8000000000001
6999 0.3768544612030262 699.9000000000001
7000 0.3766502788764998 700
7001 0.3764304654035555 700.1
7002 0.3762143776120686 700.2
7003 0.3759900733936845 700.3000000000001
7004 0.37577624996322 700.4000000000001
7005 0.3755619173739719 700.5
7006 0.3753439638220377 700.6
7007 0.3751301437755814 700.7
7008 0.3749203972169851 700.8000000000001
7009 0.3747051599286745 700.9000000000001
7010 0.3744906020029388 701
7011 0.3742740806492871 701.1
7012 0.3740571117003157 701.2
7013 0.3738364191579596 701.3000000000001
7014 0.3736136450011151 701.4000000000001
7015 0.3733877645532782 701.5
7016 0.3731605679538951 701.6
7017 0.3729343733681705 701.7
7018 0.3727132113012985 701.8000000000001
7019 0.3724969556132179 701.9000000000001
7020 0.3722834103673571 702
7021 0.3720765171281714 702.1
7022 0.3718781360556594 702.2
7023 0.3716869489158184 702.3000000000001
7024 0.3714994595373489 702.4000000000001
7025 0.3713182385141274 702.5
7026 0.3711407562579693 702.6
7027 0.3709702740645694 702.7
7028 0.3708092534110615 702.8000000000001
7029 0.3706450961485803 702.9000000000001
7030 0.3704827700572444 703
7031 0.370333320927923 703.1
7032 0.37017075401442 703.2
7033 0.3700419087535455 703.3000000000001
7034 0.3699021838433982 703.4000000000001
7035 0.3697639812531447 703.5
7036 0.369594143807797 703.6
7037 0.3694458302901242 703.7
7038 0.3693004741772538 703.8000000000001
7039 0.3691735362221494 703.9000000000001
7040 0.3690568780010192 704
7041 0.368967097220863 704.1
7042 0.3688876114680347 704.2
7043 0.3688217419919584 704.3000000000001
7044 0.368795335114117 704.4000000000001
7045 0.3687757862826733 704.5
7046 0.3687477315879653 704.6
7047 0.3687275155386007 704.7
7048 0.3687030497463987 704.8000000000001
7049 0.3686902498670765 704.9000000000001
7050 0.3686756456433634 705
7051 0.3686385208551063 705.1
7052 0.3685619588071398 705.2
7053 0.3684681642921429 705.3000000000001
7054 0.3683632141366151 705.4000000000001
7055 0.3682595702400327 705.5
7056 0.36815698370441 705.6
7057 0.3680860780140205 705.7
7058 0.3679945767785713 705.8000000000001
7059 0.3679162929844447 705.9000000000001
7060 0.367852993541221 706
7061 0.3678044297646506 706.1
7062 0.3677592768040358 706.2
7063 0.3677233054788719 706.3000000000001
7064 0.3676947520921137 706.4000000000001
7065 0.3676713028283338 706.5
7066 0.367669905452537 706.6
7067 0.3676877310821841 706.7
7068 0.3677157883179269 706.8000000000001
7069 0.3677524565628896 706.9000000000001
7070 0.3677956823763476 707
7071 0.3678606633223252 707.1
7072 0.3679279984315164 707.2
7073 0.3680113894622533 707.3000000000001
7074 0.3680992881742129 707.4000000000001
7075 0.3681864455176959 707.5
7076 0.3682884995315348 707.6
7077 0.3683947289475066 707.7
7078 0.3685079065018838 707.8000000000001
7079 0.3686298821035064 707.9000000000001
7080 0.3687643492778848 708
7081 0.3688901144260154 708.1
7082 0.3690177798648566 708.2
7083 0.3691283773862484 708.3000000000001
7084 0.3692315694265981 708.4000000000001
7085 0.3693071423270844 708.5
7086 0.3693673954502086 708.6
7087 0.3694225664550553 708.7
7088 0.3694797874123677 708.8000000000001
7089 0.3695124223578027 708.9000000000001
7090 0.3694858151852539 709
7091 0.3695195706420667 709.1
7092 0.3695364336621376 709.2
7093 0.3695786555080802 709.3000000000001
7094 0.3696065025922121 709.4000000000001
7095 0.3696466311729688 709.5
7096 0.3696844139419944 709.6
7097 0.3697264682108372 709.7
7098 0.3697894436204723 709.8000000000001
7099 0.3698973002376032 709.9000000000001
7100 0.3699973895076009 710
7101 0.3700310189531911 710.1
7102 0.3700519700929881 710.2
7103 0.3700747710068583 710.3000000000001
7104 0.3700970461229534 710.4000000000001
7105 0.3701383631113968 710.5
7106 0.3701660996267153 710.6
7107 0.3701899196638809 710.7
7108 0.3701900683219039 710.8000000000001
7109 0.3701926153963342 710.9000000000001
7110 0.3702052823905203 711
7111 0.3702296550896939 711.1
7112 0.3702545999348607 711.2
7113 0.3702812393895271 711.3000000000001
7114 0.370323164758659 711.4000000000001
7115 0.3703453996135753 711.5
7116 0.370367848678421 711.6
7117 0.3703899064087288 711.7
7118 0.3704157553844181 711.8000000000001
7119 0.3704422325186758 711.9000000000001
7120 0.3704774010139555 712
7121 0.370535822677328 712.1
7122 0.3705512252533428 712.2
7123 0.3705764220777816 712.3000000000001
7124 0.3706247835688798 712.4000000000001
7125 0.3706539060691125 712.5
7126 0.370691987593892 712.6
7127 0.3707260060686363 712.7
7128 0.3707607536566299 712.8000000000001
7129 0.3708068827982482 712.9000000000001
7130 0.3708630119791557 713
7131 0.3709457561336041 713.1
7132 0.3710407429456877 713.2
7133 0.3711384145684538 713.3000000000001
7134 0.3712414800586912 713.4000000000001
7135 0.3713166520138604 713.5
7136 0.3714633038317658 713.6
7137 0.3716766960395358 713.7
7138 0.3718097133294117 713.8000000000001
7139 0.3718605612828338 713.9000000000001
7140 0.371838755435365 714
7141 0.3717853523624091 714.1
7142 0.3717733255879886 714.2
7143 0.3717945612053386 714.3000000000001
7144 0.371833264767169 714.4000000000001
7145 0.3718864971108504 714.5
7146 0.3719426110290893 714.6
7147 0.3720043344871389 714.7
7148 0.3720588038337064 714.8000000000001
7149 0.3721207053859942 714.9000000000001
7150 0.3721746525845086 715
7151 0.3722227942561495 715.1
7152 0.3722578128286472 715.2
7153 0.3722854286892697 715.3000000000001
7154 0.3723167422081002 715.4000000000001
7155 0.37233849367257 715.5
7156 0.3723806916869614 715.6
7157 0.3724258609015905 715.7
7158 0.3724626820599629 715.8000000000001
7159 0.3724991694361154 715.9000000000001
7160 0.3725384966155752 716
7161 0.3725797053664296 716.1
7162 0.3726344520649966 716.2
7163 0.3726897516773747 716.3000000000001
7164 0.3727409918943064 716.4000000000001
7165 0.3727676508103465 716.5
7166 0.3727461906890434 716.6
7167 0.3727752125279871 716.7
7168 0.3727933177429454 716.8000000000001
7169 0.3728044582943651 716.9000000000001
7170 0.3728143262571641 717
7171 0.3728168860216882 717.1
7172 0.3728124336020084 717.2
7173 0.3727955018520704 717.3000000000001
7174 0.3727710076760213 717.4000000000001
7175 0.3727401096792964 717.5
7176 0.3727073746276008 717.6
7177 0.3726712144225703 717.7
7178 0.3726252779483446 717.8000000000001
7179 0.3725733701300814 717.9000000000001
7180 0.3725061458170512 718
7181 0.3724338219214735 718.1
7182 0.3723590956009257 718.2
7183 0.3722616166779374 718.3000000000001
7184 0.3721498604765544 718.4000000000001
7185 0.3720315182825285 718.5
7186 0.3719040635815426 718.6
7187 0.3717612467602158 718.7
7188 0.3716062683615357 718.8000000000001
7189 0.3714613819197495 718.9000000000001
7190 0.371323350024597 719
7191 0.3712252951742622 719.1
7192 0.3711161870883772 719.2
7193 0.371025312594251 719.3000000000001
7194 0.3709199940889918 719.4000000000001
7195 0.3707874375085145 719.5
7196 0.3706124298115741 719.6
7197 0.3704036887519006 719.7
7198 0.3702749110783898 719.8000000000001
7199 0.3701457284428176 719.9000000000001
7200 0.3700113521328587 720
7201 0.3698622102419546 720.1
7202 0.3697041545600245 720.2
7203 0.3695443714885591 720.3000000000001
7204 0.3693842872800464 720.4000000000001
7205 0.3692131970377227 720.5
7206 0.3690317897648515 720.6
7207 0.3688377178772512 720.7
7208 0.3686467729141595 720.8000000000001
7209 0.3684697465703654 720.9000000000001
7210 0.368298024876691 721
7211 0.3681309591935911 721.1
7212 0.3679695050915771 721.2
7213 0.3678142805336942 721.3000000000001
7214 0.367670856649683 721.4000000000001
7215 0.3675345561711194 721.5
7216 0.3673969276443675 721.6
7217 0.3672624066565942 721.7
7218 0.3671236430969943 721.8000000000001
7219 0.3669877121387145 721.9000000000001
7220 0.3668460322931291 722
7221 0.3667022015190039 722.1
7222 0.3665450580785335 722.2
7223 0.3663785713439532 722.3000000000001
7224 0.366184275947539 722.4000000000001
7225 0.3660164468526185 722.5
7226 0.365841705652748 722.6
7227 0.3656794822343426 722.7
7228 0.3655301711849577 722.8000000000001
7229 0.3653916963579586 722.9000000000001
7230 0.3652687927017118 723
7231 0.3651451638768687 723.1
7232 0.3650196555958315 723.2
7233 0.3649373861926437 723.3000000000001
7234 0.3648630960611208 723.4000000000001
7235 0.3648071881185152 723.5
7236 0.3647841453736667 723.6
7237 0.3647674190063675 723.7
7238 0.3647640932216584 723.8000000000001
7239 0.3647669532842538 723.9000000000001
7240 0.3647589070776201 724
7241 0.3647225190490613 724.1
7242 0.3646727732355147 724.2
7243 0.3646467239103982 724.3000000000001
7244 0.364629348791991 724.4000000000001
7245 0.3646241638438033 724.5
7246 0.3646337114206815 724.6
7247 0.3646548755018444 724.7
7248 0.3646761912546785 724.8000000000001
7249 0.3647016070543983 724.9000000000001
7250 0.3647416995633403 725
7251 0.3647868827732145 725.1
7252 0.3648313377073584 725.2
7253 0.3648697626785021 725.3000000000001
7254 0.3649001872530624 725.4000000000001
7255 0.364932087240841 725.5
7256 0.3649715871720825 725.6
7257 0.3650091981400943 725.7
7258 0.3650427513929567 725.8000000000001
7259 0.3650858977806089 725.9000000000001
7260 0.3651173658029903 726
7261 0.3651306690745564 726.1
7262 0.3651666221863891 726.2
7263 0.3652264297721182 726.3000000000001
7264 0.3652924586636363 726.4000000000001
7265 0.365361934584011 726.5
7266 0.3654514251065879 726.6
7267 0.3655548398102415 726.7
7268 0.3656629952211044 726.8000000000001
7269 0.3657211954089731 726.9000000000001
7270 0.3658774054611018 727
7271 0.3660128000530097 727.1
7272 0.3661557147112819 727.2
7273 0.3663092225626279 727.3000000000001
7274 0.3664657386390329 727.4000000000001
7275 0.3666361247546993 727.5
7276 0.3667999552280739 727.6
7277 0.3670072388638093 727.7
7278 0.3671927108656632 727.8000000000001
7279 0.3673368732328434 727.9000000000001
7280 0.3674777913131013 728
7281 0.3676401524158842 728.1
7282 0.3678331081377048 728.2
7283 0.3680441029048988 728.3000000000001
7284 0.3682751776628099 728.4000000000001
7285 0.368514374020224 728.5
7286 0.3687488150022657 728.6
7287 0.3689640064718762 728.7
7288 0.3691724688389015 728.8000000000001
7289 0.3693526909734677 728.9000000000001
7290 0.3695241995255111 729
7291 0.3696706483359998 729.1
7292 0.3698234227385546 729.2
7293 0.3699991294355706 729.3000000000001
7294 0.3701856838748485 729.4000000000001
7295 0.3703842264357777 729.5
7296 0.3705947360899937 729.6
7297 0.3708215488394807 729.7
7298 0.3710591798189473 729.8000000000001
7299 0.371312287575528 729.9000000000001
7300 0.3715775253989176 730
7301 0.3718431211242814 730.1
7302 0.3721098853584906 730.2
7303 0.3723704945862977 730.3000000000001
7304 0.3726452736505714 730.4000000000001
7305 0.3729351638636995 730.5
7306 0.3732229896001944 730.6
7307 0.373518203453185 730.7
7308 0.3738091848117234 730.8000000000001
7309 0.3740558500472038 730.9000000000001
7310 0.3742690387655506 731
7311 0.3745275447633683 731.1
7312 0.3747787387803272 731.2
7313 0.3750068036346751 731.3000000000001
7314 0.3752312766338782 731.4000000000001
7315 0.3754434953145537 731.5
7316 0.3756511964215561 731.6
7317 0.3758389207520246 731.7
7318 0.3760219024827371 731.8000000000001
7319 0.3762057648224014 731.9000000000001
7320 0.3764371082722346 732
7321 0.376734935880663 732.1
7322 0.3770092030273216 732.2
7323 0.3772438907719108 732.3000000000001
7324 0.3775346751086544 732.4000000000001
7325 0.3778930075173192 732.5
7326 0.3781862208914429 732.6
7327 0.3784047208092044 732.7
7328 0.3785352642487603 732.8000000000001
7329 0.3785979285424809 732.9000000000001
7330 0.3786840300528638 733
7331 0.378798809214879 733.1
7332 0.3788979213718077 733.2
7333 0.3790009230943344 733.3000000000001
7334 0.3790984334187699 733.4000000000001
7335 0.3792132271762173 733.5
7336 0.379313259994395 733.6
7337 0.3794085889628287 733.7
7338 0.3794932505818785 733.8000000000001
7339 0.3795632024547523 733.9000000000001
7340 0.3796272888286555 734
7341 0.379678639218393 734.1
7342 0.3797138540818756 734.2
7343 0.3797390517351837 734.3000000000001
7344 0.3797574729928782 734.4000000000001
7345 0.3797660158279088 734.5
7346 0.379763207861839 734.6
7347 0.3797572608427582 734.7
7348 0.3797253187915274 734.8000000000001
7349 0.3796936832322213 734.9000000000001
7350 0.3796526643134689 735
7351 0.3795788875397326 735.1
7352 0.3794805496720307 735.2
7353 0.3793748662044892 735.3000000000001
7354 0.379270410665253 735.4000000000001
7355 0.3791622420542075 735.5
7356 0.3790588626370703 735.6
7357 0.3789563403742875 735.7
7358 0.3788465928741181 735.8000000000001
7359 0.3787289494324877 735.9000000000001
7360 0.3785938987340679 736
7361 0.3784611457320225 736.1
7362 0.378317442364367 736.2
7363 0.3781516508362769 736.3000000000001
7364 0.3779898918367771 736.4000000000001
7365 0.3777849302902851 736.5
7366 0.3775918580604113 736.6
7367 0.3774298295318518 736.7
7368 0.3772854536186366 736.8000000000001
7369 0.3771486559862082 736.9000000000001
7370 0.3769754707673475 737
7371 0.3768737398070737 737.1
7372 0.3767375224442203 737.2
7373 0.3766325182293386 737.3000000000001
7374 0.3765597868556734 737.4000000000001
7375 0.3764596191968748 737.5
7376 0.3762741208714526 737.6
7377 0.3760850865263053 737.7
7378 0.3758874511028553 737.8000000000001
7379 0.3756635286248854 737.9000000000001
7380 0.3753946544787026 738
7381 0.3751751531260494 738.1
7382 0.3749271812399501 738.2
7383 0.3746825168735302 738.3000000000001
7384 0.3744394043450482 738.4000000000001
7385 0.3742040812357385 738.5
7386 0.3740067496851616 738.6
7387 0.3738894904138069 738.7
7388 0.3737888567175402 738.8000000000001
7389 0.3737124526911354 738.9000000000001
7390 0.3736590298081272 739
7391 0.3735995496951535 739.1
7392 0.3735459287616281 739.2
7393 0.3735156141472116 739.3000000000001
7394 0.3734953555599974 739.4000000000001
7395 0.3734674157163314 739.5
7396 0.3733999599004521 739.6
7397 0.3732900199366723 739.7
7398 0.3732126713353948 739.8000000000001
7399 0.373165527045375 739.9000000000001
7400 0.3731295785784721 740
7401 0.3730819203377024 740.1
7402 0.3730468951823657 740.2
7403 0.3730194554373275 740.3000000000001
7404 0.3730244097791467 740.4000000000001
7405 0.3730360055411109 740.5
7406 0.3730383147039343 740.6
7407 0.3730440170098314 740.7
7408 0.3730306346368862 740.8000000000001
7409 0.373015435074865 740.9000000000001
7410 0.3730025255105696 741
7411 0.3730081683982279 741.1
7412 0.373009141632267 741.2
7413 0.3730026487589981 741.3000000000001
7414 0.3730059043639502 741.4000000000001
7415 0.3729888174759428 741.5
7416 0.372977434062617 741.6
7417 0.3729396397366511 741.7
7418 0.3729002015985957 741.8000000000001
7419 0.3728644254526773 741.9000000000001
7420 0.3728388076692866 742
7421 0.3728424679387189 742.1
7422 0.3728499783166329 742.2
7423 0.372860105291122 742.3000000000001
7424 0.3728879429958358 742.4000000000001
7425 0.3729125725572611 742.5
7426 0.3729386317113326 742.6
7427 0.3729591494737766 742.7
7428 0.3729905391669748 742.8000000000001
7429 0.3729851720890432 742.9000000000001
7430 0.3729750778696342 743
7431 0.3729647447665732 743.1
7432 0.3729563653987814 743.2
7433 0.3729816739238204 743.3000000000001
7434 0.3730317237949473 743.4000000000001
7435 0.3730977932674144 743.5
7436 0.3731729117402391 743.6
7437 0.3732531680859841 743.7
7438 0.3733406773641911 743.8000000000001
7439 0.373422221257864 743.9000000000001
7440 0.3734752758146561 744
7441 0.3734946937575547 744.1
7442 0.373519788438234 744.2
7443 0.3735353670938013 744.3000000000001
7444 0.3735608797892529 744.4000000000001
7445 0.373572280949023 744.5
7446 0.3735836256239864 744.6
7447 0.3735913346273728 744.7
7448 0.3735872619086824 744.8000000000001
7449 0.3735917137214279 744.9000000000001
7450 0.3735896461354444 745
7451 0.3735789235366056 745.1
7452 0.3735694705862255 745.2
7453 0.3735568006192075 745.3000000000001
7454 0.3735434349779411 745.4000000000001
7455 0.37352992656149 745.5
7456 0.3735049275910374 745.6
7457 0.3734861842918903 745.7
7458 0.3734656481743568 745.8000000000001
7459 0.3734547926531293 745.9000000000001
7460 0.3734447017264649 746
7461 0.373424862745956 746.1
7462 0.3734024810615471 746.2
7463 0.3733797315684974 746.3000000000001
7464 0.3733588555928772 746.4000000000001
7465 0.3733407180726733 746.5
7466 0.3733207783433356 746.6
7467 0.3732953634606742 746.7
7468 0.3732733890848303 746.8000000000001
7469 0.3732472753578214 746.9000000000001
7470 0.3732255372011251 747
7471 0.3731993271928005 747.1
7472 0.3731657493906355 747.2
7473 0.373121127275835 747.3000000000001
7474 0.3730602161806652 747.4000000000001
7475 0.3730077819851075 747.5
7476 0.3729388728362722 747.6
7477 0.372834118015624 747.7
7478 0.3727229177171388 747.8000000000001
7479 0.3726152206050473 747.9000000000001
7480 0.3725196919930482 748
7481 0.3724393213539748 748.1
7482 0.3723595794384763 748.2
7483 0.3722934793439751 748.3000000000001
7484 0.3722268620512745 748.4000000000001
7485 0.3721609810299118 748.5
7486 0.3721027876451168 748.6
7487 0.3720675123818896 748.7
7488 0.3720493446303457 748.8000000000001
7489 0.3720319351185902 748.9000000000001
7490 0.3719877601946465 749
7491 0.3719389394983607 749.1
7492 0.3718857490479938 749.2
7493 0.3718371297814528 749.3000000000001
7494 0.3717995645066869 749.4000000000001
7495 0.3717760708071691 749.5
7496 0.3717176529702586 749.6
7497 0.371660293422051 749.7
7498 0.3716381178978928 749.8000000000001
7499 0.3716918790035378 749.9000000000001
7500 0.3717831816972151 750
7501 0.3718925427212914 750.1
7502 0.3720044124832018 750.2
7503 0.3720715044564984 750.3000000000001
7504 0.3721730999570992 750.4000000000001
7505 0.3722707262312299 750.5
7506 0.3723729193030664 750.6
7507 0.3724597451545622 750.7
7508 0.3725675064821272 750.8000000000001
7509 0.3726868921805316 750.9000000000001
7510 0.3727918057974267 751
7511 0.3729186035152044 751.1
7512 0.3730173150372087 751.2
7513 0.3731197105937381 751.3000000000001
7514 0.3732394733898011 751.4000000000001
7515 0.3732985542575432 751.5
7516 0.373335342333658 751.6
7517 0.3733239635211288 751.7
7518 0.3732267671084152 751.8000000000001
7519 0.3731681733109766 751.9000000000001
7520 0.3731432839061627 752
7521 0.3731349940730858 752.1
7522 0.3731446051230508 752.2
7523 0.3731399498391262 752.3000000000001
7524 0.37313143816319 752.4000000000001
7525 0.3731571053764006 752.5
7526 0.3732048202961787 752.6
7527 0.3732639092600813 752.7
7528 0.3733218147070149 752.8000000000001
7529 0.3733869870917086 752.9000000000001
7530 0.3734705953060954 753
7531 0.3735423446848566 753.1
7532 0.3736449364924722 753.2
7533 0.3737579974016915 753.3000000000001
7534 0.3738530892457553 753.4000000000001
7535 0.3739737371192109 753.5
7536 0.3740653031109544 753.6
7537 0.3741703566272288 753.7
7538 0.3742677382314712 753.8000000000001
7539 0.374373225286005 753.9000000000001
7540 0.3744722821954586 754
7541 0.3745661887806392 754.1
7542 0.3746780807883149 754.2
7543 0.3747573984499632 754.3000000000001
7544 0.3748393233509991 754.4000000000001
7545 0.3749300261421205 754.5
7546 0.3750796729521015 754.6
7547 0.3752377502709887 754.7
7548 0.3753860636408624 754.8000000000001
7549 0.3755060805490575 754.9000000000001
7550 0.3756117975576011 755
7551 0.3757340929076785 755.1
7552 0.3758699042663785 755.2
7553 0.375978385998731 755.3000000000001
7554 0.376083022715298 755.4000000000001
7555 0.3762097790041567 755.5
7556 0.3762640422535589 755.6
7557 0.3763205116969244 755.7
7558 0.3763291264498755 755.8000000000001
7559 0.3763271495547331 755.9000000000001
7560 0.3763685779039734 756
7561 0.3764125414839006 756.1
7562 0.3764395943964852 756.2
7563 0.3764763454313753 756.3000000000001
7564 0.376526173638691 756.4000000000001
7565 0.3765514001731235 756.5
7566 0.3765880176297786 756.6
7567 0.3766347981167982 756.7
7568 0.3766661021370658 756.8000000000001
7569 0.3766879059258735 756.9000000000001
7570 0.3767174415530138 757
7571 0.3767588919398637 757.1
7572 0.3767923594849159 757.2
7573 0.3768243483838705 757.3000000000001
7574 0.3768525324627039 757.4000000000001
7575 0.3768729534727839 757.5
7576 0.3768954894920382 757.6
7577 0.3769293873666233 757.7
7578 0.3769423307327926 757.8000000000001
7579 0.3769641321059662 757.9000000000001
7580 0.3769886274490922 758
7581 0.3770217996443579 758.1
7582 0.3770631302465356 758.2
7583 0.3771006692756243 758.3000000000001
7584 0.3771281023299001 758.4000000000001
7585 0.3771604993335912 758.5
7586 0.3771933028888951 758.6
7587 0.3772290320853562 758.7
7588 0.3772715003921513 758.8000000000001
7589 0.3773199899055668 758.9000000000001
7590 0.3773675238317483 759
7591 0.3774134695299838 759.1
7592 0.377454760925999 759.2
7593 0.3774244531444972 759.3000000000001
7594 0.3774690536447345 759.4000000000001
7595 0.3775151518329634 759.5
7596 0.3775627242542734 759.6
7597 0.3776235027566294 759.7
7598 0.3776692356678602 759.8000000000001
7599 0.3777349635867215 759.9000000000001
7600 0.3778021519000817 760
7601 0.3778740636745029 760.1
7602 0.3779474103370044 760.2
7603 0.3780002414687542 760.3000000000001
7604 0.3780670937642782 760.4000000000001
7605 0.3781273178420587 760.5
7606 0.3781504626446224 760.6
7607 0.3781724157555477 760.7
7608 0.3781785122254112 760.8000000000001
7609 0.3781880382898482 760.9000000000001
7610 0.3781930472083731 761
7611 0.3781944689480026 761.1
7612 0.3781753645346522 761.2
7613 0.3781488109287559 761.3000000000001
7614 0.3781362590310264 761.4000000000001
7615 0.3781413664297595 761.5
7616 0.3781600255955548 761.6
7617 0.3781887691374595 761.7
7618 0.3781880338419884 761.8000000000001
7619 0.3782200019855136 761.9000000000001
7620 0.3782657883896833 762
7621 0.3782955430002919 762.1
7622 0.3782778192167346 762.2
7623 0.3782352381053722 762.3000000000001
7624 0.3781564204229562 762.4000000000001
7625 0.3780875167798219 762.5
7626 0.378035507949095 762.6
7627 0.3780103021499601 762.7
7628 0.3779910892480746 762.8000000000001
7629 0.377974231157275 762.9000000000001
7630 0.3779468513192419 763
7631 0.3779210158694685 763.1
7632 0.3778807585125818 763.2
7633 0.3778346480947615 763.3000000000001
7634 0.3777630338073505 763.4000000000001
7635 0.3777048151032994 763.5
7636 0.3776551516859743 763.6
7637 0.3776470181715365 763.7
7638 0.3776414556430884 763.8000000000001
7639 0.3776263223004107 763.9000000000001
7640 0.3776116254316982 764
7641 0.3776132275065741 764.1
7642 0.3775848126819402 764.2
7643 0.3775377126772503 764.3000000000001
7644 0.3774933715850212 764.4000000000001
7645 0.3774588314676216 764.5
7646 0.377427201580562 764.6
7647 0.3773801651953766 764.7
7648 0.3773561511020847 764.8000000000001
7649 0.3773465707346984 764.9000000000001
7650 0.3773492269228729 765
7651 0.3773419255830666 765.1
7652 0.3773470982606164 765.2
7653 0.3773551643394442 765.3000000000001
7654 0.3773475241957171 765.4000000000001
7655 0.3773514108161689 765.5
7656 0.377362981828531 765.6
7657 0.377377778366305 765.7
7658 0.377388331784698 765.8000000000001
7659 0.377389408208361 765.9000000000001
7660 0.3773795258283406 766
7661 0.3773723423161685 766.1
7662 0.3773395753296298 766.2
7663 0.3772992949276494 766.3000000000001
7664 0.3772647331142208 766.4000000000001
7665 0.3772374157503908 766.5
7666 0.3772231338607072 766.6
7667 0.3772196430503639 766.7
7668 0.377220379800608 766.8000000000001
7669 0.3772230108471519 766.9000000000001
7670 0.3772175116465207 767
7671 0.377178429222513 767.1
7672 0.3771784943552576 767.2
7673 0.3771829114662683 767.3000000000001
7674 0.377179460742609 767.4000000000001
7675 0.3771786720929541 767.5
7676 0.3771783096618852 767.6
7677 0.3771799776887347 767.7
7678 0.3771898772036057 767.8000000000001
7679 0.377219011525037 767.9000000000001
7680 0.3772497247631128 768
7681 0.377286430088458 768.1
7682 0.3772984660011193 768.2
7683 0.3772713858989001 768.3000000000001
7684 0.3772945487302286 768.4000000000001
7685 0.377309218358728 768.5
7686 0.3772709969906316 768.6
7687 0.3772811554608375 768.7
7688 0.3773271419267546 768.8000000000001
7689 0.3773583244193193 768.9000000000001
7690 0.3773852823723429 769
7691 0.3774272294645813 769.1
7692 0.3774941695905401 769.2
7693 0.3775399159325326 769.3000000000001
7694 0.3775959002137818 769.4000000000001
7695 0.377637535278764 769.5
7696 0.3777246239445968 769.6
7697 0.37781461027255 769.7
7698 0.3778400876761632 769.8000000000001
7699 0.3778680939343783 769.9000000000001
7700 0.3779432860824055 770
7701 0.3779826378289718 770.1
7702 0.3779890626518174 770.2
7703 0.3779571978703347 770.3000000000001
7704 0.3778635485743732 770.4000000000001
7705 0.3777791828059265 770.5
7706 0.3777246922777581 770.6
7707 0.3776908780511886 770.7
7708 0.3776568877993191 770.8000000000001
7709 0.377598370124923 770.9000000000001
7710 0.3775594227148774 771
7711 0.3775256493647868 771.1
7712 0.3775115507342288 771.2
7713 0.3774902370148511 771.3000000000001
7714 0.3774661339708942 771.4000000000001
7715 0.3774471776374786 771.5
7716 0.3774361519858485 771.6
7717 0.3774300765098476 771.7
7718 0.3774314444390904 771.8000000000001
7719 0.3774428670328012 771.9000000000001
7720 0.3774532979679519 772
7721 0.3774658009777162 772.1
7722 0.3774762558735592 772.2
7723 0.3774924550063735 772.3000000000001
7724 0.3775173643586335 772.4000000000001
7725 0.3775419445559569 772.5
7726 0.3775801734092907 772.6
7727 0.3776239108674005 772.7
7728 0.3776925926504303 772.8000000000001
7729 0.3777371840868115 772.9000000000001
7730 0.377795874864783 773
7731 0.377852389779727 773.1
7732 0.3779080719661849 773.2
7733 0.3779338661646738 773.3000000000001
7734 0.3779893775994786 773.4000000000001
7735 0.3780515307935531 773.5
7736 0.3780724900399026 773.6
7737 0.3780804972825509 773.7
7738 0.3780412926891228 773.8000000000001
7739 0.3780246674918123 773.9000000000001
7740 0.3780292214761365 774
7741 0.3780454119754897 774.1
7742 0.3780642198027039 774.2
7743 0.3780850693201458 774.3000000000001
7744 0.3781108165999522 774.4000000000001
7745 0.3781457593976149 774.5
7746 0.3781862102563781 774.6
7747 0.3782266749643139 774.7
7748 0.3782821704647052 774.8000000000001
7749 0.3783398609551394 774.9000000000001
7750 0.3783935230341161 775
7751 0.3784229560230684 775.1
7752 0.3784335462652252 775.2
7753 0.3784720136068506 775.3000000000001
7754 0.3785321758126101 775.4000000000001
7755 0.3785841105421858 775.5
7756 0.3786399498507547 775.6
7757 0.3787059390162857 775.7
7758 0.3787748538017683 775.8000000000001
7759 0.3788494757231323 775.9000000000001
7760 0.3789270757563591 776
7761 0.3790019217446707 776.1
7762 0.3790764568536547 776.2
7763 0.3791358603187351 776.3000000000001
7764 0.3791576410246907 776.4000000000001
7765 0.3791993276201195 776.5
7766 0.3792954414052384 776.6
7767 0.3794266936485774 776.7
7768 0.379572440181802 776.8000000000001
7769 0.3796914410803893 776.9000000000001
7770 0.379797625725911 777
7771 0.3798663022134647 777.1
7772 0.3799152051742443 777.2
7773 0.3799731591585482 777.3000000000001
7774 0.3800288198366872 777.4000000000001
7775 0.3800824446743509 777.5
7776 0.3801396827020156 777.6
7777 0.3801978058280759 777.7
7778 0.3802535133620525 777.8000000000001
7779 0.3803194776595442 777.9000000000001
7780 0.380401267649222 778
7781 0.3804926118263143 778.1
7782 0.3805884313437604 778.2
7783 0.3806903472337436 778.3000000000001
7784 0.3807971327093264 778.4000000000001
7785 0.3808983000613857 778.5
7786 0.3810011612504911 778.6
7787 0.3811064898522008 778.7
7788 0.3812082074473618 778.8000000000001
7789 0.3813103113883762 778.9000000000001
7790 0.3814271970547412 779
7791 0.381544988273942 779.1
7792 0.3816622473466492 779.2
7793 0.3817835527343396 779.3000000000001
7794 0.3819088585957439 779.4000000000001
7795 0.3820392948918186 779.5
7796 0.3821706156861435 779.6
7797 0.3823145200313618 779.7
7798 0.38246425872172 779.8000000000001
7799 0.3826166521919053 779.9000000000001
7800 0.3827793052796036 780
7801 0.3829468716013382 780.1
7802 0.3831172093528128 780.2
7803 0.3832900863848602 780.3000000000001
7804 0.3834726593451134 780.4000000000001
7805 0.3836550506329046 780.5
7806 0.3838436205358004 780.6
7807 0.3840304869266558 780.7
7808 0.3841971861609556 780.8000000000001
7809 0.384339318246168 780.9000000000001
7810 0.3845327786836254 781
7811 0.3847208606941233 781.1
7812 0.3849027509080384 781.2
7813 0.3850784539118359 781.3000000000001
7814 0.3852550880212181 781.4000000000001
7815 0.3854358739209472 781.5
7816 0.3856092960874431 781.6
7817 0.3857671274227381 781.7
7818 0.3859543314396906 781.8000000000001
7819 0.3861419205855599 781.9000000000001
7820 0.3862779431474712 782
7821 0.3864125219374398 782.1
7822 0.386560789645861 782.2
7823 0.3867308761145047 782.3000000000001
7824 0.3869203111064156 782.4000000000001
7825 0.3871371768194892 782.5
7826 0.3873237323321799 782.6
7827 0.3874781512413694 782.7
7828 0.3876159907378782 782.8000000000001
7829 0.3877579357818206 782.9000000000001
7830 0.3879002033619298 783
7831 0.3880416873426336 783.1
7832 0.3881751425504912 783.2
7833 0.3883034894689043 783.3000000000001
7834 0.3884325903969454 783.4000000000001
7835 0.3885755491200764 783.5
7836 0.3887198115554009 783.6
7837 0.3888603454015944 783.7
7838 0.3889957261341468 783.8000000000001
7839 0.3891262213851147 783.9000000000001
7840 0.389245931711537 784
7841 0.3893757930782632 784.1
7842 0.3894884680657125 784.2
7843 0.3895955136143935 784.3000000000001
7844 0.3897020163103936 784.4000000000001
7845 0.3898065309677594 784.5
7846 0.389906941629308 784.6
7847 0.3900059579699665 784.7
7848 0.3901061230321509 784.8000000000001
7849 0.3901935689555238 784.9000000000001
7850 0.3902855469649726 785
7851 0.3903580300674262 785.1
7852 0.3904229042681981 785.2
7853 0.3904860552507333 785.3000000000001
7854 0.3905329332305063 785.4000000000001
7855 0.3906391599143452 785.5
7856 0.3907373371224324 785.6
7857 0.3907849152300931 785.7
7858 0.3907794674442166 785.8000000000001
7859 0.390750333789431 785.9000000000001
7860 0.3907211962173667 786
7861 0.3906691510794247 786.1
7862 0.3906356967397907 786.2
7863 0.390591909194549 786.3000000000001
7864 0.3905391686989618 786.4000000000001
7865 0.3904761883709427 786.5
7866 0.3904117117932607 786.6
7867 0.3903527519729048 786.7
7868 0.3902905238842371 786.8000000000001
7869 0.3902194444005647 786.9000000000001
7870 0.3901482549740015 787
7871 0.3900698365475198 787.1
7872 0.3899872826853453 787.2
7873 0.3898940192105481 787.3000000000001
7874 0.3897760362197207 787.4000000000001
7875 0.389665571759428 787.5
7876 0.3895536782096465 787.6
7877 0.3894279704655277 787.7
7878 0.389306989549447 787.8000000000001
7879 0.3891968375504966 787.9000000000001
7880 0.3891109221033503 788
7881 0.3890184979552159 788.1
7882 0.3889161322453755 788.2
7883 0.3888187320274287 788.3000000000001
7884 0.3887529230320079 788.4000000000001
7885 0.3886638858436026 788.5
7886 0.3885509685774841 788.6
7887 0.3884146453162267 788.7
7888 0.3881895613159768 788.8000000000001
7889 0.3879660393042709 788.9000000000001
7890 0.3877546657808671 789
7891 0.387573221074321 789.1
7892 0.3874229076729845 789.2
7893 0.3872950691169594 789.3000000000001
7894 0.3871706793378157 789.4000000000001
7895 0.3870735231379868 789.5
7896 0.387016110674747 789.6
7897 0.3869781985685649 789.7
7898 0.3869203805791983 789.8000000000001
7899 0.3868209196756189 789.9000000000001
7900 0.3866982378083927 790
7901 0.3865658685231425 790.1
7902 0.3864236525404071 790.2
7903 0.3862868830114507 790.3000000000001
7904 0.3861652188149451 790.4000000000001
7905 0.3860519214243155 790.5
7906 0.3859430030192443 790.6
7907 0.3858354872891011 790.7
7908 0.3857420957855627 790.8000000000001
7909 0.3856501510351056 790.9000000000001
7910 0.3855655289321029 791
7911 0.3854920947170741 791.1
7912 0.3854317247791957 791.2
7913 0.385381079205056 791.3000000000001
7914 0.3853364008189998 791.4000000000001
7915 0.3853013713385735 791.5
7916 0.3852807497188933 791.6
7917 0.3852758609247429 791.7
7918 0.38527039136365 791.8000000000001
7919 0.3852556627624381 791.9000000000001
7920 0.3852404684541264 792
7921 0.3852151644263725 792.1
7922 0.3852076724602363 792.2
7923 0.3851917776034106 792.3000000000001
7924 0.3851636377268518 792.4000000000001
7925 0.3851286704245709 792.5
7926 0.3850884334444649 792.6
7927 0.3850480144877975 792.7
7928 0.3850063008829318 792.8000000000001
7929 0.384964353729244 792.9000000000001
7930 0.3849456251876918 793
7931 0.3849308933391491 793.1
7932 0.384915435759742 793.2
7933 0.3849014257831097 793.3000000000001
7934 0.3848937525920558 793.4000000000001
7935 0.3848802832895101 793.5
7936 0.3848780116811365 793.6
7937 0.38488047150892 793.7
7938 0.3848869068065008 793.8000000000001
7939 0.3849003645496916 793.9000000000001
7940 0.3849131450633155 794
7941 0.3849295398491215 794.1
7942 0.3849553735459315 794.2
7943 0.3849749383261636 794.3000000000001
7944 0.3850110086553937 794.4000000000001
7945 0.3850566781863772 794.5
7946 0.3850869192653995 794.6
7947 0.3851118311940485 794.7
7948 0.3851377998602353 794.8000000000001
7949 0.3851637647332933 794.9000000000001
7950 0.3851929633005782 795
7951 0.3852175466919976 795.1
7952 0.3852422069915956 795.2
7953 0.3852617184842095 795.3000000000001
7954 0.385276325131641 795.4000000000001
7955 0.3853007798274573 795.5
7956 0.3853192094015347 795.6
7957 0.38534211109141 795.7
7958 0.3853745895323311 795.8000000000001
7959 0.3854096654134886 795.9000000000001
7960 0.3854490724543986 796
7961 0.3854939193046513 796.1
7962 0.385543308423503 796.2
7963 0.3855989524953348 796.3000000000001
7964 0.3856586468573213 796.4000000000001
7965 0.3857252678606668 796.5
7966 0.385800532972102 796.6
7967 0.385879791421808 796.7
7968 0.385961066689513 796.8000000000001
7969 0.3860493756991591 796.9000000000001
7970 0.3861454180335518 797
7971 0.3862388541400136 797.1
7972 0.386326011934158 797.2
7973 0.386418382570993 797.3000000000001
7974 0.3865067909089158 797.4000000000001
7975 0.3865806871007522 797.5
7976 0.3866380771740368 797.6
7977 0.3866884299672443 797.7
7978 0.3867344327103373 797.8000000000001
7979 0.3867895533973503 797.9000000000001
7980 0.386832426916642 798
7981 0.3868524507476163 798.1
7982 0.3868771417475437 798.2
7983 0.3868554689387235 798.3000000000001
7984 0.386857213979433 798.4000000000001
7985 0.3869143036586898 798.5
7986 0.3868921514773633 798.6
7987 0.3868410069446747 798.7
7988 0.3867288129678644 798.8000000000001
7989 0.3866183125483738 798.9000000000001
7990 0.3865417688276344 799
7991 0.3865484167915567 799.1
7992 0.3865643909334412 799.2
7993 0.3865674078257072 799.3000000000001
7994 0.3865372771626755 799.4000000000001
7995 0.3865116278332775 799.5
7996 0.3864866893363001 799.6
7997 0.3864655390193422 799.7
7998 0.3864402468823996 799.8000000000001
7999 0.3864019305994357 799.9000000000001
8000 0.3863760832156478 800
8001 0.3863551823475632 800.1
8002 0.3863258680187797 800.2
8003 0.3862677705401133 800.3000000000001
8004 0.3862429034325064 800.4000000000001
8005 0.3862303732139725 800.5
8006 0.3862188487573395 800.6
8007 0.3861986942577535 800.7
8008 0.3861722111204378 800.8000000000001
8009 0.3861255833534988 800.9000000000001
8010 0.3860803147612866 801
8011 0.38601899999989 801.1
8012 0.3859648467838647 801.2
8013 0.3858823343136671 801.3000000000001
8014 0.3858153198800258 801.4000000000001
8015 0.3857474458838261 801.5
8016 0.3857024635764542 801.6
8017 0.3856396352963242 801.7
8018 0.3855368293461739 801.8000000000001
8019 0.3854599965343467 801.9000000000001
8020 0.3854145109005933 802
8021 0.3853758330776489 802.1
8022 0.3853255917468018 802.2
8023 0.3852236580048243 802.3000000000001
8024 0.3852113893122028 802.4000000000001
8025 0.3852153306929966 802.5
8026 0.3852208075565587 802.6
8027 0.385237383480492 802.7
8028 0.3852158651196178 802.8000000000001
8029 0.3851968534754 802.9000000000001
8030 0.3851731594826426 803
8031 0.3851504584923904 803.1
8032 0.3851216088155174 803.2
8033 0.3850972903991994 803.3000000000001
8034 0.3850586489847729 803.4000000000001
8035 0.3850273511637666 803.5
8036 0.3849914907281596 803.6
8037 0.3849482259424514 803.7
8038 0.3849168597044984 803.8000000000001
8039 0.384893413456511 803.9000000000001
8040 0.3848732089237708 804
8041 0.3848633410696403 804.1
8042 0.384859377469615 804.2
8043 0.3848564465713342 804.3000000000001
8044 0.3848551319041966 804.4000000000001
8045 0.3848269241586514 804.5
8046 0.384839409615864 804.6
8047 0.3848454179351758 804.7
8048 0.38485146830458 804.8000000000001
8049 0.3848444768615305 804.9000000000001
8050 0.3848364634420864 805
8051 0.3848129156936403 805.1
8052 0.3847945088610354 805.2
8053 0.3847851360059641 805.3000000000001
8054 0.3847892720981895 805.4000000000001
8055 0.3847913746747901 805.5
8056 0.3848114492574231 805.6
8057 0.3848675365779012 805.7
8058 0.3849569341655831 805.8000000000001
8059 0.3850489023177764 805.9000000000001
8060 0.3851878599090005 806
8061 0.3853472222120073 806.1
8062 0.3854727177704386 806.2
8063 0.3856045687898305 806.3000000000001
8064 0.3856928155235289 806.4000000000001
8065 0.3857565243858962 806.5
8066 0.3857479410061991 806.6
8067 0.3857472594391898 806.7
8068 0.3857735223174492 806.8000000000001
8069 0.3858048149861186 806.9000000000001
8070 0.3858315143644001 807
8071 0.3858574192311028 807.1
8072 0.3858806901362428 807.2
8073 0.385916442670996 807.3000000000001
8074 0.3859687497878045 807.4000000000001
8075 0.3860297909482296 807.5
8076 0.3860772145829026 807.6
8077 0.3861310427383078 807.7
8078 0.3861906028757783 807.8000000000001
8079 0.3862431974675679 807.9000000000001
8080 0.3862986154825518 808
8081 0.3863550619424042 808.1
8082 0.3864107788901355 808.2
8083 0.3864590055557048 808.3000000000001
8084 0.3865092182942957 808.4000000000001
8085 0.3865588757367518 808.5
8086 0.3866179637928409 808.6
8087 0.3866795779478193 808.7
8088 0.3867359745769897 808.8000000000001
8089 0.386786874818302 808.9000000000001
8090 0.3868386622371164 809
8091 0.3868737247695901 809.1
8092 0.3869211407711403 809.2
8093 0.3869896546133673 809.3000000000001
8094 0.3870615081658108 809.4000000000001
8095 0.3871336637010758 809.5
8096 0.3872009912927727 809.6
8097 0.387268731992963 809.7
8098 0.3873418458576539 809.8000000000001
8099 0.387415208430491 809.9000000000001
8100 0.3874783662115754 810
8101 0.3875452783796255 810.1
8102 0.3876022553523921 810.2
8103 0.387670286169292 810.3000000000001
8104 0.3877328400427378 810.4000000000001
8105 0.3878036468607517 810.5
8106 0.3878862596002836 810.6
8107 0.3879528192961955 810.7
8108 0.3879963716700082 810.8000000000001
8109 0.3880673777946131 810.9000000000001
8110 0.3881233076485277 811
8111 0.3881761754114171 811.1
8112 0.3882403067246278 811.2
8113 0.3882981068388948 811.3000000000001
8114 0.3883432364247839 811.4000000000001
8115 0.3883870292860095 811.5
8116 0.3884341830573266 811.6
8117 0.3885111171566161 811.7
8118 0.3885881908767557 811.8000000000001
8119 0.38867527540214 811.9000000000001
8120 0.3887625120442419 812
8121 0.3888206339490302 812.1
8122 0.3888820297732693 812.2
8123 0.3889475468656558 812.3000000000001
8124 0.3890158974827311 812.4000000000001
8125 0.3891072470898567 812.5
8126 0.3891969951486751 812.6
8127 0.3892918042626083 812.7
8128 0.389387730915269 812.8000000000001
8129 0.3894678037332225 812.9000000000001
8130 0.3895290805118438 813
8131 0.3896024358875592 813.1
8132 0.3896391885801493 813.2
8133 0.3896860796375161 813.3000000000001
8134 0.3897470243112774 813.4000000000001
8135 0.3898321644531459 813.5
8136 0.3899354034710319 813.6
8137 0.3900332013790799 813.7
8138 0.3901313110998709 813.8000000000001
8139 0.390254960510834 813.9000000000001
8140 0.3903752413682763 814
8141 0.3905014443903679 814.1
8142 0.3906269115874523 814.2
8143 0.3907523410058421 814.3000000000001
8144 0.3908794831854534 814.4000000000001
8145 0.391009817729668 814.5
8146 0.3911310217756302 814.6
8147 0.3912471945090896 814.7
8148 0.3913654279497618 814.8000000000001
8149 0.3914887942397833 814.9000000000001
8150 0.3916004570070813 815
8151 0.391694190570478 815.1
8152 0.3917608038789977 815.2
8153 0.3918479814566938 815.3000000000001
8154 0.3919269371940329 815.4000000000001
8155 0.3920397090529263 815.5
8156 0.3921930797981203 815.6
8157 0.3923321750688863 815.7
8158 0.3924825481381709 815.8000000000001
8159 0.392641277923339 815.9000000000001
8160 0.3928012602276382 816
8161 0.3929506906700749 816.1
8162 0.3931010217497207 816.2
8163 0.3932457846993258 816.3000000000001
8164 0.3933946023807713 816.4000000000001
8165 0.3935514096043878 816.5
8166 0.3937145252989405 816.6
8167 0.3938722869468525 816.7
8168 0.3940230159028393 816.8000000000001
8169 0.3941622453184746 816.9000000000001
8170 0.3943028079331158 817
8171 0.3944577095424268 817.1
8172 0.394632131687111 817.2
8173 0.3947995540923862 817.3000000000001
8174 0.3949599712351314 817.4000000000001
8175 0.3951174172777841 817.5
8176 0.3952771649527914 817.6
8177 0.3954342977754085 817.7
8178 0.3955865223740733 817.8000000000001
8179 0.3957355416982539 817.9000000000001
8180 0.3958792982236676 818
8181 0.3960169480436114 818.1
8182 0.3961502413668709 818.2
8183 0.3962934982880881 818.3000000000001
8184 0.3964503787264849 818.4000000000001
8185 0.3966122354349337 818.5
8186 0.3967751837439524 818.6
8187 0.3969345072336324 818.7
8188 0.397094676667554 818.8000000000001
8189 0.3972592133297033 818.9000000000001
8190 0.3974267477466099 819
8191 0.3975982193294184 819.1
8192 0.3977758610885313 819.2
8193 0.3979562284515244 819.3000000000001
8194 0.398131047250786 819.4000000000001
8195 0.3983024387042285 819.5
8196 0.3984806375441 819.6
8197 0.3986479322057938 819.7
8198 0.3988043313439717 819.8000000000001
8199 0.3989339441506883 819.9000000000001
8200 0.3990693630873409 820
8201 0.3992021125377719 820.1
8202 0.3993367014054867 820.2
8203 0.3995156795482389 820.3000000000001
8204 0.399731925262462 820.4000000000001
8205 0.399954908401435 820.5
8206 0.4001319395839491 820.6
8207 0.4003227588987258 820.7
8208 0.4004980765572209 820.8000000000001
8209 0.4006549794283164 820.9000000000001
8210 0.4008206459596958 821
8211 0.4009819447744815 821.1
8212 0.4011341167714167 821.2
8213 0.4012874281397181 821.3000000000001
8214 0.4014502993592336 821.4000000000001
8215 0.4016201262816857 821.5
8216 0.4017748480450266 821.6
8217 0.4019258029383307 821.7
8218 0.4020807153030811 821.8000000000001
8219 0.4022289121453546 821.9000000000001
8220 0.4023780785551028 822
8221 0.402517774049247 822.1
8222 0.402657461115513 822.2
8223 0.4027993815377256 822.3000000000001
8224 0.402942283114875 822.4000000000001
8225 0.4030580279610829 822.5
8226 0.403164034690319 822.6
8227 0.403282479744276 822.7
8228 0.4034012803567641 822.8000000000001
8229 0.4035088201789397 822.9000000000001
8230 0.4036123772782277 823
8231 0.4037024371570411 823.1
8232 0.4037790420891207 823.2
8233 0.4038528743506822 823.3000000000001
8234 0.4039199081583391 823.4000000000001
8235 0.4039370192944009 823.5
8236 0.4040069998404929 823.6
8237 0.4040835664031883 823.7
8238 0.4041542883020847 823.8000000000001
8239 0.4042453912174556 823.9000000000001
8240 0.4043209140759444 824
8241 0.4043797862332971 824.1
8242 0.4044492999325822 824.2
8243 0.4044991005814201 824.3000000000001
8244 0.4045316435986452 824.4000000000001
8245 0.4045358101261008 824.5
8246 0.4044942725198509 824.6
8247 0.4044002625493887 824.7
8248 0.4043261830729281 824.8000000000001
8249 0.4042642036334511 824.9000000000001
8250 0.4041990149206965 825
8251 0.40412411530108 825.1
8252 0.4040232503494755 825.2
8253 0.4039237960074307 825.3000000000001
8254 0.4038178355261346 825.4000000000001
8255 0.4037171347436945 825.5
8256 0.4036058887022719 825.6
8257 0.4034954922317736 825.7
8258 0.4033746327416244 825.8000000000001
8259 0.4032546222608117 825.9000000000001
8260 0.4031314195756999 826
8261 0.4030117590281842 826.1
8262 0.4029095972478413 826.2
8263 0.402790118574176 826.3000000000001
8264 0.4026843260803671 826.4000000000001
8265 0.4025755108558711 826.5
8266 0.4024712390297382 826.6
8267 0.4023792459670667 826.7
8268 0.4023225581451506 826.8000000000001
8269 0.4022519173125051 826.9000000000001
8270 0.4021547491994593 827
8271 0.4020463107775263 827.1
8272 0.4019275095179925 827.2
8273 0.4017762315524082 827.3000000000001
8274 0.4016406212792765 827.4000000000001
8275 0.4015553391661036 827.5
8276 0.401475386277257 827.6
8277 0.4013937960776338 827.7
8278 0.4013103626385515 827.8000000000001
8279 0.4012262930524094 827.9000000000001
8280 0.4011512162551547 828
8281 0.4010874863799802 828.1
8282 0.4010163906396671 828.2
8283 0.4009507614608869 828.3000000000001
8284 0.400892709685477 828.4000000000001
8285 0.4008407220315586 828.5
8286 0.4007984534792786 828.6
8287 0.4007453082712767 828.7
8288 0.4006948576523153 828.8000000000001
8289 0.4006490640621246 828.9000000000001
8290 0.4006212452462848 829
8291 0.4005749767924754 829.1
8292 0.4005319054148837 829.2
8293 0.4004889283773666 829.3000000000001
8294 0.400445476910691 829.4000000000001
8295 0.4004062150258419 829.5
8296 0.4003673491651414 829.6
8297 0.400331995657362 829.7
8298 0.4002998627259295 829.8000000000001
8299 0.400266553977702 829.9000000000001
8300 0.4002321783416491 830
8301 0.4001987122012849 830.1
8302 0.4001598847098984 830.2
8303 0.4001246587402997 830.3000000000001
8304 0.4000940267032503 830.4000000000001
8305 0.4000631211813088 830.5
8306 0.4000423813387539 830.6
8307 0.4000195612918839 830.7
8308 0.399997559428926 830.8000000000001
8309 0.3999755024127454 830.9000000000001
8310 0.3999565511420248 831
8311 0.3999397543082364 831.1
8312 0.3999271537071262 831.2
8313 0.3999150719790215 831.3000000000001
8314 0.3998997091030169 831.4000000000001
8315 0.3998947108742931 831.5
8316 0.3998839267825487 831.6
8317 0.3998778719229322 831.7
8318 0.3998676240756425 831.8000000000001
8319 0.3998545654754011 831.9000000000001
8320 0.3998425850116919 832
8321 0.3998090309762139 832.1
8322 0.3997660857903351 832.2
8323 0.3997083409194271 832.3000000000001
8324 0.3996405587765641 832.4000000000001
8325 0.3995719274700379 832.5
8326 0.3995037396334361 832.6
8327 0.3994307090922927 832.7
8328 0.3993860270927416 832.8000000000001
8329 0.3993829693023238 832.9000000000001
8330 0.3993558720762574 833
8331 0.3993404586267071 833.1
8332 0.3993074484216078 833.2
8333 0.3992916688587442 833.3000000000001
8334 0.3992533496851602 833.4000000000001
8335 0.3991983645999336 833.5
8336 0.3991359405919367 833.6
8337 0.3990679035941809 833.7
8338 0.3990022040221131 833.8
8339 0.3989279665602249 833.9000000000001
8340 0.3988605789788038 834
8341 0.3987904512071893 834.1
8342 0.3987169531252099 834.2
8343 0.3986493667653042 834.3
8344 0.3985729979906185 834.4000000000001
8345 0.3985143344979272 834.5
8346 0.398431840880548 834.6
8347 0.3983260498042238 834.7
8348 0.3982026086411803 834.8
8349 0.3980854869632904 834.9000000000001
8350 0.3980392877567956 835
8351 0.3979802108512342 835.1
8352 0.3978927511817272 835.2
8353 0.3978147345634837 835.3
8354 0.3977326568286035 835.4000000000001
8355 0.3976572415217408 835.5
8356 0.39756589023709 835.6
8357 0.3974628070006406 835.7
8358 0.3973633165661127 835.8
8359 0.3972657639146034 835.9000000000001
8360 0.3971639891832959 836
8361 0.3970512190311224 836.1
8362 0.3969480924772119 836.2
8363 0.3968547089652174 836.3
8364 0.3967802929802531 836.4000000000001
8365 0.3967167593142114 836.5
8366 0.3966596631741964 836.6
8367 0.3966077949264661 836.7
8368 0.3965614928975793 836.8
8369 0.3965301788611697 836.9000000000001
8370 0.3965031644503665 837
8371 0.3964893086758198 837.1
8372 0.3964883111341997 837.2
8373 0.3965101016582211 837.3
8374 0.3965434244089853 837.4000000000001
8375 0.3965792220126277 837.5
8376 0.3966356464070545 837.6
8377 0.3967042665877335 837.7
8378 0.3967801573263226 837.8
8379 0.3968576021575495 837.9000000000001
8380 0.3969372813429871 838
8381 0.3970277126052651 838.1
8382 0.3971304821546626 838.2
8383 0.3972431165191152 838.3
8384 0.3973618419677061 838.4000000000001
8385 0.3974864699263997 838.5
8386 0.3976014524951196 838.6
8387 0.3976940448264069 838.7
8388 0.397797422965566 838.8
8389 0.3979061248938869 838.9000000000001
8390 0.3980348946809421 839
8391 0.3981616277962496 839.1
8392 0.3982986496156433 839.2
8393 0.3984304492325697 839.3
8394 0.3985721427518966 839.4000000000001
8395 0.398714086421122 839.5
8396 0.398854295796079 839.6
8397 0.3990012860026511 839.7
8398 0.3991484485495947 839.8
8399 0.399294923401818 839.9000000000001
8400 0.3994326621074514 840
8401 0.3995752573695206 840.1
8402 0.3997257345759137 840.2
8403 0.3998852628539009 840.3
8404 0.4000544821551414 840.4000000000001
8405 0.4002176594386308 840.5
8406 0.4004141186577171 840.6
8407 0.4005718054961444 840.7
8408 0.4006900590224369 840.8
8409 0.4007907701681328 840.9000000000001
8410 0.4009337451928806 841
8411 0.4010944886422532 841.1
8412 0.4012432126264975 841.2
8413 0.4013780133184366 841.3
8414 0.4015286287689397 841.4000000000001
8415 0.4016795058839593 841.5
8416 0.4018323033336317 841.6
8417 0.4019867792362287 841.7
8418 0.4021284085456911 841.8
8419 0.4022732974503623 841.9000000000001
8420 0.4024244000359978 842
8421 0.4025628813691157 842.1
8422 0.402679223370506 842.2
8423 0.4028533137460162 842.3
8424 0.4030180931013643 842.4000000000001
8425 0.4031759194817141 842.5
8426 0.403323706367509 842.6
8427 0.4034648013861028 842.7
8428 0.4035743694986549 842.8
8429 0.4036284842198927 842.9000000000001
8430 0.4036780562570351 843
8431 0.4037444643037426 843.1
8432 0.4038234037832192 843.2
8433 0.4038932931242821 843.3
8434 0.4039597131910309 843.4000000000001
8435 0.4040450503761087 843.5
8436 0.4041300499057496 843.6
8437 0.4042144499399118 843.7
8438 0.4042968421418044 843.8
8439 0.4043817201671353 843.9000000000001
8440 0.4044719204926931 844
8441 0.4045524686015786 844.1
8442 0.4046318595591696 844.2
8443 0.4046414801848094 844.3
8444 0.4046867906754871 844.4000000000001
8445 0.404730046064891 844.5
8446 0.4048010227018984 844.6
8447 0.4048638472306075 844.7
8448 0.4049312127572586 844.8
8449 0.4049992920112203 844.9000000000001
8450 0.4050709560756807 845
8451 0.4051182071061882 845.1
8452 0.4051580358503497 845.2
8453 0.405198004157648 845.3
8454 0.4052380224376952 845.4000000000001
8455 0.4052775507932742 845.5
8456 0.4053167707048733 845.6
8457 0.4053529622750454 845.7
8458 0.4053919678922866 845.8
8459 0.4054245264699431 845.9000000000001
8460 0.4054539732691084 846
8461 0.4054815800754875 846.1
8462 0.4055017765720257 846.2
8463 0.4055188954299103 846.3
8464 0.4055374407469131 846.4000000000001
8465 0.4055523299362526 846.5
8466 0.4055609891160099 846.6
8467 0.4055668640658651 846.7
8468 0.4055769160892351 846.8
8469 0.405582331399354 846.9000000000001
8470 0.4055853580475415 847
8471 0.4055944833974363 847.1
8472 0.4055953914455874 847.2
8473 0.4055832973166097 847.3
8474 0.4055393351691798 847.4000000000001
8475 0.405531910940042 847.5
8476 0.4055025503134727 847.6
8477 0.4055321663773623 847.7
8478 0.4056127090313238 847.8
8479 0.4056539224433688 847.9000000000001
8480 0.4057118243379077 848
8481 0.4057714163844884 848.1
8482 0.4057925336100673 848.2
8483 0.4058274055541999 848.3
8484 0.405853541846614 848.4000000000001
8485 0.4058678424017915 848.5
8486 0.4058704768053344 848.6
8487 0.4058646878603775 848.7
8488 0.4058635777463156 848.8
8489 0.4058939249555193 848.9000000000001
8490 0.4059374294965876 849
8491 0.4059788789071608 849.1
8492 0.406035771616758 849.2
8493 0.4060976713247664 849.3
8494 0.4061473146759308 849.4000000000001
8495 0.4062209703146839 849.5
8496 0.4063018116488453 849.6
8497 0.4063803521411772 849.7
8498 0.4064566994808476 849.8
8499 0.4065333731671145 849.9000000000001
8500 0.4066053543086121 850
8501 0.406671274910656 850.1
8502 0.4067455784577115 850.2
8503 0.4068250021995131 850.3
8504 0.4069086990650841 850.4000000000001
8505 0.4069898668072802 850.5
8506 0.407075203721721 850.6
8507 0.4071614634486196 850.7
8508 0.4072377667441384 850.8
8509 0.4073222454863769 850.9000000000001
8510 0.4074053361709015 851
8511 0.4074923063077026 851.1
8512 0.4075808475868234 851.2
8513 0.4076710054747911 851.3
8514 0.4077632661598504 851.4000000000001
8515 0.4078608369178104 851.5
8516 0.4079640451464188 851.6
8517 0.4080752772722681 851.7
8518 0.4081796050733266 851.8
8519 0.408290645318547 851.9000000000001
8520 0.4084111867094233 852
8521 0.4085295325417478 852.1
8522 0.4086516291045852 852.2
8523 0.4087745623081744 852.3
8524 0.4088917343176319 852.4000000000001
8525 0.4090150661428237 852.5
8526 0.4091675783097975 852.6
8527 0.4093263882528202 852.7
8528 0.4094810229641517 852.8
8529 0.4096388510109382 852.9000000000001
8530 0.4097976602232615 853
8531 0.409962041956967 853.1
8532 0.4101340157939615 853.2
8533 0.4102991768264501 853.3
8534 0.4104713021410566 853.4000000000001
8535 0.4106543975901618 853.5
8536 0.4108524835312612 853.6
8537 0.4110259530983916 853.7
8538 0.4111803732588356 853.8
8539 0.4113246359006995 853.9000000000001
8540 0.4114564254612603 854
8541 0.41157192821535 854.1
8542 0.4116786361661694 854.2
8543 0.4117985213202106 854.3
8544 0.4119288215148464 854.4000000000001
8545 0.4120656501449164 854.5
8546 0.4122104799368535 854.6
8547 0.4123617364749351 854.7
8548 0.4125055929577964 854.8
8549 0.4126425462339611 854.9000000000001
8550 0.4127761077865471 855
8551 0.412902689201075 855.1
8552 0.4130243514737741 855.2
8553 0.4131371804727637 855.3
8554 0.4132482915369786 855.4000000000001
8555 0.4133476713104409 855.5
8556 0.4134516643392415 855.6
8557 0.4135491933555608 855.7
8558 0.4136490808489289 855.8
8559 0.4137462727440287 855.9000000000001
8560 0.4138526777418221 856
8561 0.4139671650702014 856.1
8562 0.4140789709763653 856.2
8563 0.4141939217221188 856.3
8564 0.4143130187153281 856.4000000000001
8565 0.4144324092955299 856.5
8566 0.4145511958981445 856.6
8567 0.4146649461699627 856.7
8568 0.4147753132938614 856.8
8569 0.4148801500464899 856.9000000000001
8570 0.4149913797266416 857
8571 0.4151046641916766 857.1
8572 0.4152157302769912 857.2
8573 0.4153279288816776 857.3
8574 0.4154365671717778 857.4000000000001
8575 0.4155417550228172 857.5
8576 0.4156458088503137 857.6
8577 0.4157388492593365 857.7
8578 0.4158363692331124 857.8
8579 0.4159417497631283 857.9000000000001
8580 0.4160541328926481 858
8581 0.4161718814139032 858.1
8582 0.4162811975758853 858.2
8583 0.4163895775794272 858.3
8584 0.4165069417086055 858.4000000000001
8585 0.4166201170870655 858.5
8586 0.4167281458354397 858.6
8587 0.4168194258277079 858.7
8588 0.4169115711972428 858.8
8589 0.4169925318254615 858.9000000000001
8590 0.4170881540107184 859
8591 0.4171973486448218 859.1
8592 0.4172985596932456 859.2
8593 0.4174044154169673 859.3
8594 0.4175109034374623 859.4000000000001
8595 0.4176008725675089 859.5
8596 0.41764103155051 859.6
8597 0.4177140574254721 859.7
8598 0.4177807531229353 859.8
8599 0.4178471995716691 859.9000000000001
8600 0.417916385949038 860
8601 0.4179490198535233 860.1
8602 0.4179762642487129 860.2
8603 0.4179990523263836 860.3
8604 0.4180321457744922 860.4000000000001
8605 0.4181177234557068 860.5
8606 0.4182175078996169 860.6
8607 0.4183093920498533 860.7
8608 0.4183891372624838 860.8
8609 0.418483122539667 860.9000000000001
8610 0.4186097758184893 861
8611 0.4187453719377277 861.1
8612 0.4188241040752965 861.2
8613 0.4188824399870683 861.3
8614 0.4188880785638758 861.4000000000001
8615 0.4188393775934496 861.5
8616 0.4187801956544462 861.6
8617 0.4187243677110246 861.7
8618 0.4186848033706791 861.8
8619 0.4186521886712035 861.9000000000001
8620 0.4186132569893193 862
8621 0.4185799805371249 862.1
8622 0.4185509366194281 862.2
8623 0.4185156965320342 862.3
8624 0.4184881909117426 862.4000000000001
8625 0.4184598300078902 862.5
8626 0.4184303672502979 862.6
8627 0.4184134188978879 862.7
8628 0.4184037636999386 862.8
8629 0.4183766105630639 862.9000000000001
8630 0.4183683416340622 863
8631 0.4183648377470806 863.1
8632 0.4183576139575533 863.2
8633 0.4183593295000789 863.3
8634 0.4183737464419524 863.4000000000001
8635 0.4183758439587533 863.5
8636 0.4183788465965942 863.6
8637 0.4183623747030545 863.7
8638 0.418337548623711 863.8
8639 0.4183134113493749 863.9000000000001
8640 0.4182849978785208 864
8641 0.4182554462353329 864.1
8642 0.4182202831033742 864.2
8643 0.4182080796991935 864.3
8644 0.4182118441776125 864.4000000000001
8645 0.4182209532600979 864.5
8646 0.418243461237943 864.6
8647 0.4182711542239558 864.7
8648 0.4182357837351879 864.8
8649 0.418221111302138 864.9000000000001
8650 0.4182099036105771 865
8651 0.4181790148915257 865.1
8652 0.4181531343166958 865.2
8653 0.4181240948926911 865.3
8654 0.4181239971374917 865.4000000000001
8655 0.4181431541838724 865.5
8656 0.4181855082263161 865.6
8657 0.4182377997285318 865.7
8658 0.4183013774346753 865.8
8659 0.4183431849925049 865.9000000000001
8660 0.4183909459100579 866
8661 0.4184455571870709 866.1
8662 0.4185059657515203 866.2
8663 0.4185672604340775 866.3
8664 0.4186312380684357 866.4000000000001
8665 0.41870505369977 866.5
8666 0.4187692080831282 866.6
8667 0.4188362914821642 866.7
8668 0.4189159118503608 866.8
8669 0.4189958657865982 866.9000000000001
8670 0.4190714141535255 867
8671 0.4191513970165761 867.1
8672 0.4192364649638452 867.2
8673 0.419333899613464 867.3
8674 0.4194335194960904 867.4000000000001
8675 0.4195282814974629 867.5
8676 0.4196173004888402 867.6
8677 0.419701354711743 867.7
8678 0.419784284551862 867.8
8679 0.4198593653096275 867.9000000000001
8680 0.419931776458135 868
8681 0.420004360108243 868.1
8682 0.420080688525937 868.2
8683 0.4201570858846762 868.3
8684 0.4202402058791467 868.4000000000001
8685 0.4203258656795699 868.5
8686 0.4204140354199687 868.6
8687 0.4205042124733585 868.7
8688 0.4205877037806689 868.8
8689 0.4206498296315913 868.9000000000001
8690 0.4207648473254343 869
8691 0.420903810892851 869.1
8692 0.4210482461780384 869.2
8693 0.4212134614919211 869.3
8694 0.4213765861257764 869.4000000000001
8695 0.4215311807703383 869.5
8696 0.4216690066213686 869.6
8697 0.4218106051973237 869.7
8698 0.4219559827663931 869.8
8699 0.4221045675265301 869.9000000000001
8700 0.4222502573216974 870
8701 0.4223847079281327 870.1
8702 0.4225285436149765 870.2
8703 0.4226822713215057 870.3
8704 0.422831216108265 870.4000000000001
8705 0.4229725822833869 870.5
8706 0.4231119575776284 870.6
8707 0.4232541220053497 870.7
8708 0.4233920462864126 870.8
8709 0.4235307119845659 870.9000000000001
8710 0.4236665860645514 871
8711 0.4237987235156713 871.1
8712 0.4239282553112408 871.2
8713 0.4240493398421278 871.3
8714 0.424169148331608 871.4000000000001
8715 0.4242844049073852 871.5
8716 0.424394678427029 871.6
8717 0.4245051233748481 871.7
8718 0.4246063884814629 871.8
8719 0.424694024110606 871.9000000000001
8720 0.4247849382124685 872
8721 0.4248537176540386 872.1
8722 0.4249102115646045 872.2
8723 0.4249618343936033 872.3
8724 0.4249796883449434 872.4000000000001
8725 0.4249924970044754 872.5
8726 0.4250439676116949 872.6
8727 0.4251361194425775 872.7
8728 0.4252097861135922 872.8
8729 0.4253393058172122 872.9000000000001
8730 0.4254522385239927 873
8731 0.4255470695004812 873.1
8732 0.425624233482741 873.2
8733 0.4256806717885045 873.3
8734 0.4257417090012336 873.4000000000001
8735 0.4258164145795045 873.5
8736 0.4258949019802493 873.6
8737 0.4259740067695477 873.7
8738 0.4260524919883366 873.8
8739 0.4261229416050384 873.9000000000001
8740 0.4261868425822035 874
8741 0.4262355923082214 874.1
8742 0.4262727738434524 874.2
8743 0.4263031175712001 874.3
8744 0.4263261834123267 874.4000000000001
8745 0.4263630636390136 874.5
8746 0.4264123228674609 874.6
8747 0.4264172579951115 874.7
8748 0.4264205675032503 874.8
8749 0.426437369283828 874.9000000000001
8750 0.4264371117681937 875
8751 0.4264245294479228 875.1
8752 0.4263974129586109 875.2
8753 0.4263528251262471 875.3
8754 0.4263054786709777 875.4000000000001
8755 0.42628585889784 875.5
8756 0.4262855767638837 875.6
8757 0.4262942944294285 875.7
8758 0.4263173134828749 875.8
8759 0.4263471705986283 875.9000000000001
8760 0.4263935108751273 876
8761 0.4264398476288966 876.1
8762 0.4264904419713243 876.2
8763 0.4265117432149381 876.3
8764 0.4265302852693711 876.4000000000001
8765 0.4265548429687126 876.5
8766 0.4265861586317062 876.6
8767 0.4266194054908067 876.7
8768 0.4266567915682883 876.8
8769 0.4267017386122956 876.9000000000001
8770 0.4267649011550493 877
8771 0.4268278613889521 877.1
8772 0.4268975301627573 877.2
8773 0.4269638355684032 877.3
8774 0.4270289213999509 877.4000000000001
8775 0.4270844134243736 877.5
8776 0.4271174738220965 877.6
8777 0.4271616354836467 877.7
8778 0.4272242053535606 877.8
8779 0.4272770563406555 877.9000000000001
8780 0.4273185890642736 878
8781 0.4273687955209948 878.1
8782 0.427397667650416 878.2
8783 0.4274468449379901 878.3
8784 0.4275251225217839 878.4000000000001
8785 0.4276171739189498 878.5
8786 0.4277161103215537 878.6
8787 0.4278330524536147 878.7
8788 0.4279412483258467 878.8
8789 0.4280398626211053 878.9000000000001
8790 0.4281365978420647 879
8791 0.4282451333199773 879.1
8792 0.4283526769730949 879.2
8793 0.428444382171695 879.3
8794 0.4285633875712507 879.4000000000001
8795 0.4286903395120575 879.5
8796 0.4288075132790888 879.6
8797 0.4289243850366486 879.7
8798 0.429046283713551 879.8
8799 0.4291426029754059 879.9000000000001
8800 0.4292209370216843 880
8801 0.4292772939092622 880.1
8802 0.429337004557768 880.2
8803 0.4294248004153925 880.3
8804 0.4295258249539175 880.4000000000001
8805 0.4296301775518466 880.5
8806 0.4297283181402798 880.6
8807 0.4298397048407024 880.7
8808 0.4299331517787713 880.8
8809 0.4300277092426837 880.9000000000001
8810 0.4301180677780191 881
8811 0.4301986874686112 881.1
8812 0.4302729364861926 881.2
8813 0.4303428127212493 881.3
8814 0.4304204379968751 881.4000000000001
8815 0.4305014592895909 881.5
8816 0.4305378508196701 881.6
8817 0.4305987924229899 881.7
8818 0.4306639699287547 881.8
8819 0.4307327680937863 881.9000000000001
8820 0.4308419136438975 882
8821 0.4309525812909634 882.1
8822 0.4310609456665984 882.2
8823 0.4311566120632614 882.3
8824 0.431235387113703 882.4000000000001
8825 0.4313075522939625 882.5
8826 0.4313811193520082 882.6
8827 0.4314660726969092 882.7
8828 0.431560517285819 882.8
8829 0.4316761754687565 882.9000000000001
8830 0.4317946989950844 883
8831 0.4319052405553754 883.1
8832 0.4320208210149855 883.2
8833 0.4321422058553069 883.3
8834 0.432254949507905 883.4000000000001
8835 0.4323567493346654 883.5
8836 0.4324330664103848 883.6
8837 0.432523970377976 883.7
8838 0.4325958614563028 883.8
8839 0.4326902709721676 883.9000000000001
8840 0.4327820044901127 884
8841 0.4328705971453931 884.1
8842 0.4329763759858461 884.2
8843 0.4330954096723028 884.3
8844 0.4332082147825705 884.4000000000001
8845 0.4333195550080698 884.5
8846 0.4334291918789971 884.6
8847 0.433543424089834 884.7
8848 0.4336633562692376 884.8000000000001
8849 0.4337850060344307 884.9000000000001
8850 0.4339076548415052 885
8851 0.4339956831625807 885.1
8852 0.4341055334145184 885.2
8853 0.4342091945392313 885.3000000000001
8854 0.4343280201036339 885.4000000000001
8855 0.4344362762708838 885.5
8856 0.4345380834742257 885.6
8857 0.4346354092132051 885.7
8858 0.4347345727168581 885.8000000000001
8859 0.4348208583647104 885.9000000000001
8860 0.4348923386960598 886
8861 0.4349555158354138 886.1
8862 0.4350293225571351 886.2
8863 0.4351074583287127 886.3000000000001
8864 0.4351778730218454 886.4000000000001
8865 0.4352527991385603 886.5
8866 0.4353227908979427 886.6
8867 0.4353793548332494 886.7
8868 0.4354303783633039 886.8000000000001
8869 0.4354807333970597 886.9000000000001
8870 0.4355540944088537 887
8871 0.4356308971342225 887.1
8872 0.4357242062747017 887.2
8873 0.435827786691937 887.3000000000001
8874 0.4359251736073818 887.4000000000001
8875 0.4360205542667928 887.5
8876 0.4361126388724871 887.6
8877 0.4361862077033858 887.7
8878 0.4362637014781385 887.8000000000001
8879 0.4363555960167492 887.9000000000001
8880 0.4364468859537188 888
8881 0.4365412016298956 888.1
8882 0.436636829032841 888.2
8883 0.436725687545936 888.3000000000001
8884 0.4368162450847969 888.4000000000001
8885 0.4369102566713478 888.5
8886 0.4369981938692867 888.6
8887 0.4370857636153884 888.7
8888 0.4371734202717308 888.8000000000001
8889 0.4372572872182466 888.9000000000001
8890 0.4373461449289681 889
8891 0.4374344175005752 889.1
8892 0.4375216959984807 889.2
8893 0.4376171479957185 889.3000000000001
8894 0.4377068892939392 889.4000000000001
8895 0.4377890707367089 889.5
8896 0.4378664425662331 889.6
8897 0.4379337173549503 889.7
8898 0.4379922982061321 889.8000000000001
8899 0.4380428393236241 889.9000000000001
8900 0.4380933793932568 890
8901 0.4381482931257216 890.1
8902 0.438226569332565 890.2
8903 0.4383369263009796 890.3000000000001
8904 0.4384231598192274 890.4000000000001
8905 0.438488105263711 890.5
8906 0.4385473780923403 890.6
8907 0.4386021400085084 890.7
8908 0.4386442512944974 890.8000000000001
8909 0.4386660383623462 890.9000000000001
8910 0.4386950011027427 891
8911 0.4387262600207475 891.1
8912 0.438757185246773 891.2
8913 0.4387583710960294 891.3000000000001
8914 0.438789376713218 891.4000000000001
8915 0.4388264722274426 891.5
8916 0.4388669451666794 891.6
8917 0.4389169132167633 891.7
8918 0.4389706235521487 891.8000000000001
8919 0.4390350342229518 891.9000000000001
8920 0.4391160316264313 892
8921 0.4391860669988474 892.1
8922 0.4392508104051559 892.2
8923 0.4393108300318341 892.3000000000001
8924 0.4393750724136089 892.4000000000001
8925 0.4394284478534796 892.5
8926 0.4394685001347108 892.6
8927 0.4394932955338101 892.7
8928 0.4395198775278425 892.8000000000001
8929 0.4395532389052355 892.9000000000001
8930 0.4395853406882242 893
8931 0.4396269586409113 893.1
8932 0.4396634181860182 893.2
8933 0.4397013150036362 893.3000000000001
8934 0.4397312224864475 893.4000000000001
8935 0.4397500012189436 893.5
8936 0.4397661818540211 893.6
8937 0.439787163988817 893.7
8938 0.43980977038375 893.8000000000001
8939 0.4398377536104976 893.9000000000001
8940 0.4398778352417894 894
8941 0.4399146149516753 894.1
8942 0.4399511640481658 894.2
8943 0.4399840584607757 894.3000000000001
8944 0.4400121939750146 894.4000000000001
8945 0.4400264225039461 894.5
8946 0.4400247033835465 894.6
8947 0.4400123790480864 894.7
8948 0.4399970267895613 894.8000000000001
8949 0.4399849515626346 894.9000000000001
8950 0.4399598288462736 895
8951 0.439915880639818 895.1
8952 0.4398640878766823 895.2
8953 0.4398045305185051 895.3000000000001
8954 0.4397496258659219 895.4000000000001
8955 0.4396928602796326 895.5
8956 0.4396352450064754 895.6
8957 0.4395743946896286 895.7
8958 0.4395051253197688 895.8000000000001
8959 0.4394359073978867 895.9000000000001
8960 0.4393487440155822 896
8961 0.439249884816705 896.1
8962 0.4391437251601505 896.2
8963 0.4390251824804721 896.3000000000001
8964 0.4389051947618756 896.4000000000001
8965 0.4387683328454142 896.5
8966 0.4386124766268709 896.6
8967 0.4384508826623961 896.7
8968 0.438259821710221 896.8000000000001
8969 0.4380699353030768 896.9000000000001
8970 0.4379589857794938 897
8971 0.4378378377951127 897.1
8972 0.4377052062727525 897.2
8973 0.4375801465604746 897.3000000000001
8974 0.4374341013882671 897.4000000000001
8975 0.4372965133658556 897.5
8976 0.4371716050294348 897.6
8977 0.4370679368109727 897.7
8978 0.4369626651510228 897.8000000000001
8979 0.4368474472733145 897.9000000000001
8980 0.4367272929515965 898
8981 0.4366054216361161 898.1
8982 0.4364922186207842 898.2
8983 0.4363702394788556 898.3000000000001
8984 0.4362276365248632 898.4000000000001
8985 0.4360654577615169 898.5
8986 0.4359110780274941 898.6
8987 0.4357791755136793 898.7
8988 0.4356532062112005 898.8000000000001
8989 0.4355315071233291 898.9000000000001
8990 0.4354197546578194 899
8991 0.4353245075426134 899.1
8992 0.4352306967421173 899.2
8993 0.4351418988591881 899.3000000000001
8994 0.4350544558672432 899.4000000000001
8995 0.4349683671858983 899.5
8996 0.4348915693710682 899.6
8997 0.4348183636696042 899.7
8998 0.4347416971001632 899.8000000000001
8999 0.4346697524578669 899.9000000000001
9000 0.4346076075895136 900
9001 0.4345551878159896 900.1
9002 0.4345133312900852 900.2
9003 0.4344765679729509 900.3000000000001
9004 0.4344430387209713 900.4000000000001
9005 0.4344031659481367 900.5
9006 0.4343782891061039 900.6
9007 0.4343562911959412 900.7
9008 0.4343440114577454 900.8000000000001
9009 0.4343409127335825 900.9000000000001
9010 0.4343600450482263 901
9011 0.4343797282539395 901.1
9012 0.4344239898021561 901.2
9013 0.4344590569267129 901.3000000000001
9014 0.4345092762038751 901.4000000000001
9015 0.4345733942496218 901.5
9016 0.434632456328964 901.6
9017 0.4346783000175724 901.7
9018 0.4347204223857388 901.8000000000001
9019 0.4347698677361131 901.9000000000001
9020 0.4348246281775928 902
9021 0.4348898513083541 902.1
9022 0.4349586439660084 902.2
9023 0.4350259770414652 902.3000000000001
9024 0.435092410462811 902.4000000000001
9025 0.4351603162593372 902.5
9026 0.4352260944677852 902.6
9027 0.4352992115392378 902.7
9028 0.4353784371437658 902.8000000000001
9029 0.4354734873925861 902.9000000000001
9030 0.435583319594911 903
9031 0.435696445829433 903.1
9032 0.435824038123149 903.2
9033 0.4359615028654691 903.3000000000001
9034 0.4361036698893103 903.4000000000001
9035 0.4362504502310342 903.5
9036 0.4364062985809359 903.6
9037 0.4365654795782439 903.7
9038 0.436724609503696 903.8000000000001
9039 0.4368825409195456 903.9000000000001
9040 0.4370420445442632 904
9041 0.4372099020352386 904.1
9042 0.4373713662111641 904.2
9043 0.4375472856011886 904.3000000000001
9044 0.4377127384710788 904.4000000000001
9045 0.4379135884241901 904.5
9046 0.4381207529365517 904.6
9047 0.4382888508676462 904.7
9048 0.4384859086170108 904.8000000000001
9049 0.4386963559228408 904.9000000000001
9050 0.4389216508747612 905
9051 0.4391172372453905 905.1
9052 0.4393441650892488 905.2
9053 0.4395871525899614 905.3000000000001
9054 0.4398241710395266 905.4000000000001
9055 0.4400636987001023 905.5
9056 0.4402910318652845 905.6
9057 0.4405142572161484 905.7
9058 0.4407466267683739 905.8000000000001
9059 0.4409837312638091 905.9000000000001
9060 0.4412199475419613 906
9061 0.4414404679280279 906.1
9062 0.4416747331772669 906.2
9063 0.4419064884421469 906.3000000000001
9064 0.4421365137849412 906.4000000000001
9065 0.4423618802701884 906.5
9066 0.4426093226715336 906.6
9067 0.4428568175155214 906.7
9068 0.4431013514309821 906.8000000000001
9069 0.4433400794787979 906.9000000000001
9070 0.4435753157923333 907
9071 0.4438181859529596 907.1
9072 0.4440658379158234 907.2
9073 0.4443091591644722 907.3000000000001
9074 0.4445492921044243 907.4000000000001
9075 0.444788717625356 907.5
9076 0.4450325253888029 907.6
9077 0.4452889924119173 907.7
9078 0.4455555204857082 907.8000000000001
9079 0.445821299334093 907.9000000000001
9080 0.446087889294155 908
9081 0.4463593466875528 908.1
9082 0.4466337187804923 908.2
9083 0.4468905935708537 908.3000000000001
9084 0.4471352582613577 908.4000000000001
9085 0.4473699625029421 908.5
9086 0.4475960672608559 908.6
9087 0.447835174020505 908.7
9088 0.4480821886489402 908.8000000000001
9089 0.448331353898297 908.9000000000001
9090 0.4485767190006843 909
9091 0.4488481518365513 909.1
9092 0.4491172058069021 909.2
9093 0.4493826189665066 909.3000000000001
9094 0.4496431011107985 909.4000000000001
9095 0.4499018761651194 909.5
9096 0.4501547274932076 909.6
9097 0.4504003276263446 909.7
9098 0.4506367265240849 909.8000000000001
9099 0.4508700250606333 909.9000000000001
9100 0.4510960462150204 910
9101 0.4513129213857156 910.1
9102 0.4515236400224377 910.2
9103 0.4517429451215436 910.3000000000001
9104 0.4519646662400947 910.4000000000001
9105 0.452188754057871 910.5
9106 0.4524111637149525 910.6
9107 0.4526301194549567 910.7
9108 0.4528442261717029 910.8000000000001
9109 0.4530559523357311 910.9000000000001
9110 0.4532697497500152 911
9111 0.4534738151352821 911.1
9112 0.4536697237537752 911.2
9113 0.4538683441821793 911.3000000000001
9114 0.4540605050172052 911.4000000000001
9115 0.4542593335834462 911.5
9116 0.4544576044652432 911.6
9117 0.4546544095390423 911.7
9118 0.4548571947732756 911.8000000000001
9119 0.4550746524340782 911.9000000000001
9120 0.4552802168858666 912
9121 0.455477262020778 912.1
9122 0.45567115926344 912.2
9123 0.4558580570305804 912.3000000000001
9124 0.4560388830553597 912.4000000000001
9125 0.4562072774229487 912.5
9126 0.4563765345354073 912.6
9127 0.4565573905639362 912.7
9128 0.4567283229900971 912.8000000000001
9129 0.4568821279514977 912.9000000000001
9130 0.4570291371339184 913
9131 0.4571713494452218 913.1
9132 0.4573072390161348 913.2
9133 0.4574351958678998 913.3000000000001
9134 0.4575477472713235 913.4000000000001
9135 0.4576452849487462 913.5
9136 0.4577303661616545 913.6
9137 0.4577859793160715 913.7
9138 0.4578468454754566 913.8000000000001
9139 0.4578931147128099 913.9000000000001
9140 0.4579064165042624 914
9141 0.4579349454029781 914.1
9142 0.4579603148646867 914.2
9143 0.4579790714421671 914.3000000000001
9144 0.4580121519855432 914.4000000000001
9145 0.4580572668422052 914.5
9146 0.4580974097819829 914.6
9147 0.4581248428054551 914.7
9148 0.4581513262416017 914.8000000000001
9149 0.4581917721839865 914.9000000000001
9150 0.4582292605630703 915
9151 0.4582407410151278 915.1
9152 0.4582453056207612 915.2
9153 0.4582469223931001 915.3000000000001
9154 0.4582590800141906 915.4000000000001
9155 0.4582702820339418 915.5
9156 0.4582833307311412 915.6
9157 0.45829525988824 915.7
9158 0.4583029609732994 915.8000000000001
9159 0.4582826502396 915.9000000000001
9160 0.4582788578829068 916
9161 0.4582576017520862 916.1
9162 0.4582333956122133 916.2
9163 0.4582065344267824 916.3000000000001
9164 0.4581622828691169 916.4000000000001
9165 0.4581046554740431 916.5
9166 0.4580753034318588 916.6
9167 0.4580562408411579 916.7
9168 0.4580474424993409 916.8000000000001
9169 0.4580513613304361 916.9000000000001
9170 0.4580581303778776 917
9171 0.4580733292098294 917.1
9172 0.4580958390650707 917.2
9173 0.4581185737743769 917.3000000000001
9174 0.4581459592805184 917.4000000000001
9175 0.4581704537704164 917.5
9176 0.4582064673117008 917.6
9177 0.4582441921273984 917.7
9178 0.4582841751680899 917.8000000000001
9179 0.4583321941418344 917.9000000000001
9180 0.4583927187806728 918
9181 0.4584502730875956 918.1
9182 0.4585070646959375 918.2
9183 0.4585778382326603 918.3000000000001
9184 0.4586419376199033 918.4000000000001
9185 0.4587540085613196 918.5
9186 0.4588262350713267 918.6
9187 0.4589078625504028 918.7
9188 0.4590034930734799 918.8000000000001
9189 0.4591026321572335 918.9000000000001
9190 0.4591999710435747 919
9191 0.4592940307653932 919.1
9192 0.4593696105117328 919.2
9193 0.459453384915764 919.3000000000001
9194 0.4595902751457162 919.4000000000001
9195 0.4597406999821615 919.5
9196 0.459893389379433 919.6
9197 0.4600484793346143 919.7
9198 0.4601880024225132 919.8000000000001
9199 0.4602992671717511 919.9000000000001
9200 0.4604010342056617 920
9201 0.4604979270184809 920.1
9202 0.4605752560702214 920.2
9203 0.4606600177783713 920.3000000000001
9204 0.460733626237683 920.4000000000001
9205 0.4608366962622303 920.5
9206 0.4609446412145512 920.6
9207 0.4610619473594069 920.7
9208 0.4611695110916453 920.8000000000001
9209 0.4612969058731289 920.9000000000001
9210 0.4614136905296907 921
9211 0.4615168067116283 921.1
9212 0.4616254832184236 921.2
9213 0.4617266343344384 921.3000000000001
9214 0.4618411490159803 921.4000000000001
9215 0.4619459652701905 921.5
9216 0.46203912747668 921.6
9217 0.4621187228738475 921.7
9218 0.4621891787237106 921.8000000000001
9219 0.4622573188692086 921.9000000000001
9220 0.4623268601343901 922
9221 0.4623972034906268 922.1
9222 0.4624667279982238 922.2
9223 0.4625312297029356 922.3000000000001
9224 0.462597122770014 922.4000000000001
9225 0.4626625990720989 922.5
9226 0.4627311652571219 922.6
9227 0.4627998802199317 922.7
9228 0.4628611940127373 922.8000000000001
9229 0.4629208113152039 922.9000000000001
9230 0.4629901378623726 923
9231 0.4630549940708819 923.1
9232 0.4631149123854572 923.2
9233 0.4631761396215905 923.3000000000001
9234 0.4632619523447511 923.4000000000001
9235 0.4633329958076015 923.5
9236 0.463400094114661 923.6
9237 0.4634593385664471 923.7
9238 0.4635185661784068 923.8000000000001
9239 0.4635726521212023 923.9000000000001
9240 0.463621275586839 924
9241 0.4636693693988045 924.1
9242 0.4637141135232096 924.2
9243 0.4637502935201649 924.3000000000001
9244 0.463771930624698 924.4000000000001
9245 0.4638034227268648 924.5
9246 0.4638227684233819 924.6
9247 0.4638343575558483 924.7
9248 0.4638579165013862 924.8000000000001
9249 0.4638958691961113 924.9000000000001
9250 0.4639371973190899 925
9251 0.4639908200546999 925.1
9252 0.4640184342254948 925.2
9253 0.464068831620205 925.3000000000001
9254 0.4641058065949676 925.4000000000001
9255 0.4641290752711182 925.5
9256 0.4641512396270724 925.6
9257 0.4641875030180356 925.7
9258 0.4642093886677576 925.8000000000001
9259 0.4642247869678655 925.9000000000001
9260 0.4642397006251046 926
9261 0.4642472242027523 926.1
9262 0.464259394691782 926.2
9263 0.4642772627415684 926.3000000000001
9264 0.4642992581310643 926.4000000000001
9265 0.4643162420033636 926.5
9266 0.4643283132398256 926.6
9267 0.464334986731582 926.7
9268 0.4643315894124808 926.8000000000001
9269 0.4643124483937825 926.9000000000001
9270 0.4642778884071014 927
9271 0.4642639468698622 927.1
9272 0.4642399066097499 927.2
9273 0.4642081092477264 927.3000000000001
9274 0.4641766168226388 927.4000000000001
9275 0.4641460305295053 927.5
9276 0.4641311521328123 927.6
9277 0.4641461183357314 927.7
9278 0.4641763262833816 927.8000000000001
9279 0.4641930086824002 927.9000000000001
9280 0.4641939955838543 928
9281 0.4641605526280242 928.1
9282 0.4641375501047552 928.2
9283 0.4641103059533284 928.3000000000001
9284 0.4640880109747395 928.4000000000001
9285 0.4640716577038569 928.5
9286 0.46406539950419 928.6
9287 0.464060968740782 928.7
9288 0.4640439368423134 928.8000000000001
9289 0.4640165396982828 928.9000000000001
9290 0.4639892051402098 929
9291 0.4639776126647733 929.1
9292 0.4639624254670531 929.2
9293 0.4639403654296791 929.3000000000001
9294 0.4639209575749113 929.4000000000001
9295 0.4639163481481853 929.5
9296 0.4639227160679599 929.6
9297 0.4639341145554997 929.7
9298 0.4639499023103735 929.8000000000001
9299 0.4639682472271595 929.9000000000001
9300 0.4639851177484492 930
9301 0.4640022948762948 930.1
9302 0.464023476444297 930.2
9303 0.4640443165257202 930.3000000000001
9304 0.4640449348089147 930.4000000000001
9305 0.4640409876869554 930.5
9306 0.4640437638673562 930.6
9307 0.4640223641419443 930.7
9308 0.4640058169493712 930.8000000000001
9309 0.4639895796440577 930.9000000000001
9310 0.4639813517987637 931
9311 0.4639700381985886 931.1
9312 0.4639404363778281 931.2
9313 0.4639006994922712 931.3000000000001
9314 0.4638604844249528 931.4000000000001
9315 0.4638369586751991 931.5
9316 0.4638212937351114 931.6
9317 0.463814243163292 931.7
9318 0.4638039627588507 931.8000000000001
9319 0.4637963004082687 931.9000000000001
9320 0.4637957027844484 932
9321 0.4638064993270661 932.1
9322 0.4637890357512368 932.2
9323 0.4637570324679051 932.3000000000001
9324 0.4637404857443426 932.4000000000001
9325 0.4637168802460254 932.5
9326 0.4636959645956509 932.6
9327 0.4636731670632314 932.7
9328 0.4636538846405183 932.8000000000001
9329 0.4636289434298351 932.9000000000001
9330 0.4636063652953559 933
9331 0.4635828911381641 933.1
9332 0.4635504357071935 933.2
9333 0.4635308257065728 933.3000000000001
9334 0.4635140848540854 933.4000000000001
9335 0.4634959519009156 933.5
9336 0.4634627935250594 933.6
9337 0.4634274114147466 933.7
9338 0.4633967056646155 933.8000000000001
9339 0.4633801795074815 933.9000000000001
9340 0.4633741803460432 934
9341 0.4633653707755721 934.1
9342 0.4633589057531144 934.2
9343 0.4633732978516336 934.3000000000001
9344 0.4633824193841292 934.4000000000001
9345 0.4633949617414319 934.5
9346 0.4634172163047562 934.6
9347 0.4634566382998074 934.7
9348 0.4634990297203108 934.8000000000001
9349 0.4635392869530257 934.9000000000001
9350 0.4635942818673139 935
9351 0.4636228833425184 935.1
9352 0.4636600658849362 935.2
9353 0.4636899664709487 935.3000000000001
9354 0.4637373916127059 935.4000000000001
9355 0.4638179330461423 935.5
9356 0.4639024537360639 935.6
9357 0.4640008328116439 935.7
9358 0.4640784031417273 935.8000000000001
9359 0.46415746225586 935.9000000000001
9360 0.4642134360834809 936
9361 0.4642629742501589 936.1
9362 0.4643126751266584 936.2
9363 0.4643750662363599 936.3000000000001
9364 0.4644329070791523 936.4000000000001
9365 0.4644887352869526 936.5
9366 0.4645351240318515 936.6
9367 0.4645787001395753 936.7
9368 0.464619104132019 936.8000000000001
9369 0.464659470204326 936.9000000000001
9370 0.464700745260571 937
9371 0.4647529836941381 937.1
9372 0.4647996155055241 937.2
9373 0.4648323174926199 937.3000000000001
9374 0.4648621035954503 937.4000000000001
9375 0.464910187156495 937.5
9376 0.464944840459846 937.6
9377 0.4649663497034567 937.7
9378 0.4649798010596846 937.8000000000001
9379 0.4649966688716088 937.9000000000001
9380 0.4650339452519344 938
9381 0.4650510342310325 938.1
9382 0.4650871529845019 938.2
9383 0.4651453667897826 938.3000000000001
9384 0.4651677731204757 938.4000000000001
9385 0.4651723586385376 938.5
9386 0.465181170407075 938.6
9387 0.4651757155302957 938.7
9388 0.4651631098424038 938.8000000000001
9389 0.4651367735910136 938.9000000000001
9390 0.4651101713361367 939
9391 0.46508476394219 939.1
9392 0.4650552278081166 939.2
9393 0.465021435652831 939.3000000000001
9394 0.4649983349213753 939.4000000000001
9395 0.464987246623788 939.5
9396 0.4649790374987887 939.6
9397 0.4649772509400856 939.7
9398 0.4649937160498916 939.8000000000001
9399 0.4650063266325469 939.9000000000001
9400 0.4650220757346387 940
9401 0.4650363415274007 940.1
9402 0.4650509136264851 940.2
9403 0.465065604366288 940.3000000000001
9404 0.4650958780058322 940.4000000000001
9405 0.4651059493435342 940.5
9406 0.465101738423826 940.6
9407 0.4650948927526614 940.7
9408 0.4650841688560702 940.8000000000001
9409 0.4650651719067453 940.9000000000001
9410 0.4650570704695599 941
9411 0.4650342176381024 941.1
9412 0.4650058957916897 941.2
9413 0.4649708469010941 941.3000000000001
9414 0.4649358617367159 941.4000000000001
9415 0.4649128354262521 941.5
9416 0.464901776033346 941.6
9417 0.4648766290216748 941.7
9418 0.4648769795644314 941.8000000000001
9419 0.4648560539063259 941.9000000000001
9420 0.4648343326350547 942
9421 0.4648148488767692 942.1
9422 0.4647927347335766 942.2
9423 0.4647700515315111 942.3000000000001
9424 0.46473845128166 942.4000000000001
9425 0.4646992409677009 942.5
9426 0.46465768300946 942.6
9427 0.4646235412990425 942.7
9428 0.4645969660378998 942.8000000000001
9429 0.4645861213237248 942.9000000000001
9430 0.4645775589169688 943
9431 0.4645538870865492 943.1
9432 0.4645202247265022 943.2
9433 0.4645026647141602 943.3000000000001
9434 0.4644950779558151 943.4000000000001
9435 0.4644946604523206 943.5
9436 0.4645063666794898 943.6
9437 0.4645243685930568 943.7
9438 0.4645355870823908 943.8000000000001
9439 0.4645510665329147 943.9000000000001
9440 0.4645682251893362 944
9441 0.464586877960732 944.1
9442 0.4646079387378219 944.2
9443 0.4646376574674581 944.3000000000001
9444 0.4646668878148633 944.4000000000001
9445 0.4646941805606919 944.5
9446 0.4647319706526556 944.6
9447 0.4647771628475121 944.7
9448 0.4648341338612397 944.8000000000001
9449 0.4648954151726342 944.9000000000001
9450 0.4649682012155262 945
9451 0.4650445161797548 945.1
9452 0.4651270877396135 945.2
9453 0.4652174732958671 945.3000000000001
9454 0.4653209046174706 945.4000000000001
9455 0.465443747443109 945.5
9456 0.4655610888072607 945.6
9457 0.4656741524254644 945.7
9458 0.4657931707297971 945.8000000000001
9459 0.4659106739379074 945.9000000000001
9460 0.4660412798173271 946
9461 0.466178342330317 946.1
9462 0.4663169333101858 946.2
9463 0.4664562466507258 946.3000000000001
9464 0.4666013493968887 946.4000000000001
9465 0.466748204696412 946.5
9466 0.4668882814943546 946.6
9467 0.467021745512476 946.7
9468 0.4671462572256516 946.8000000000001
9469 0.467273122816816 946.9000000000001
9470 0.4673958425537558 947
9471 0.4675079409026289 947.1
9472 0.4676138235268675 947.2
9473 0.4677185922214446 947.3000000000001
9474 0.4678301443437475 947.4000000000001
9475 0.4679456745771695 947.5
9476 0.4680638840779601 947.6
9477 0.4681877057274279 947.7
9478 0.4683166413936463 947.8000000000001
9479 0.4684666097808399 947.9000000000001
9480 0.4686141876822203 948
9481 0.4687628407765845 948.1
9482 0.4689124179417845 948.2
9483 0.4690567863072401 948.3000000000001
9484 0.4691901846797322 948.4000000000001
9485 0.4693292725874645 948.5
9486 0.4694712162518568 948.6
9487 0.4696120034663815 948.7
9488 0.4697398746030664 948.8000000000001
9489 0.4698709182805488 948.9000000000001
9490 0.4700001935856178 949
9491 0.4701328205186475 949.1
9492 0.4702702718690336 949.2
9493 0.4704150624390403 949.3000000000001
9494 0.4705614147217463 949.4000000000001
9495 0.4707035125511866 949.5
9496 0.4708430353756248 949.6
9497 0.4709870307979188 949.7
9498 0.4711337993858609 949.8000000000001
9499 0.4712821280857416 949.9000000000001
9500 0.471444385099358 950
9501 0.4715963055924867 950.1
9502 0.4717629270077097 950.2
9503 0.4719405121254281 950.3000000000001
9504 0.4721112623611388 950.4000000000001
9505 0.4722622959736871 950.5
9506 0.472414593292593 950.6
9507 0.4725669410863249 950.7
9508 0.4727073954618555 950.8000000000001
9509 0.4728314342707184 950.9000000000001
9510 0.4729562427071065 951
9511 0.4730848030933338 951.1
9512 0.4732280761266819 951.2
9513 0.4733612340529775 951.3000000000001
9514 0.4734963909417738 951.4000000000001
9515 0.4736525937521656 951.5
9516 0.4738194172343019 951.6
9517 0.4739891386814962 951.7
9518 0.4741561063475978 951.8000000000001
9519 0.4743154809140621 951.9000000000001
9520 0.4744700229301078 952
9521 0.474626941822919 952.1
9522 0.474776222258314 952.2
9523 0.4749199818859248 952.3000000000001
9524 0.4750574537795116 952.4000000000001
9525 0.4752031972059088 952.5
9526 0.4753407565901477 952.6
9527 0.475473697703153 952.7
9528 0.4756045521753012 952.8000000000001
9529 0.4757458809228855 952.9000000000001
9530 0.4759027558419116 953
9531 0.476061772999021 953.1
9532 0.4762178002648105 953.2
9533 0.4763576262300356 953.3000000000001
9534 0.4764955343313276 953.4000000000001
9535 0.4766389657956832 953.5
9536 0.4767863359110527 953.6
9537 0.4769317059146286 953.7
9538 0.4770655177053332 953.8000000000001
9539 0.477210887493893 953.9000000000001
9540 0.4773647387117559 954
9541 0.4775137988875184 954.1
9542 0.4776553893482439 954.2
9543 0.4777975237516432 954.3000000000001
9544 0.4779328158748153 954.4000000000001
9545 0.478066469198601 954.5
9546 0.4781981040806527 954.6
9547 0.4783422357294416 954.7
9548 0.4784865458914419 954.8000000000001
9549 0.4786268382975774 954.9000000000001
9550 0.4787690199415848 955
9551 0.4789147500921561 955.1
9552 0.4790589184382302 955.2
9553 0.4791984285397602 955.3000000000001
9554 0.4793374716426625 955.4000000000001
9555 0.4794844920318864 955.5
9556 0.4796311388728843 955.6
9557 0.4797769347752317 955.7
9558 0.4799290021762923 955.8000000000001
9559 0.4800776657062928 955.9000000000001
9560 0.4802263946904591 956
9561 0.4803762289836166 956.1
9562 0.4805225605007087 956.2
9563 0.4806693960769318 956.3000000000001
9564 0.4808141463008938 956.4000000000001
9565 0.4809559159246307 956.5
9566 0.481092631769737 956.6
9567 0.4812199678152967 956.7
9568 0.4813507037776025 956.8000000000001
9569 0.4814833281310415 956.9000000000001
9570 0.4816167038945942 957
9571 0.4817505499881237 957.1
9572 0.481891906935664 957.2
9573 0.4820349452600188 957.3000000000001
9574 0.482180635203503 957.4000000000001
9575 0.482333299187152 957.5
9576 0.4824927955666181 957.6
9577 0.4826499934275478 957.7
9578 0.4828081785910884 957.8000000000001
9579 0.4829692815383305 957.9000000000001
9580 0.4831293677408264 958
9581 0.4832894411382487 958.1
9582 0.4834517469335504 958.2
9583 0.4836165303362678 958.3000000000001
9584 0.4837817590521943 958.4000000000001
9585 0.483948997099716 958.5
9586 0.484124946346356 958.6
9587 0.4842996211685545 958.7
9588 0.484470677441644 958.8000000000001
9589 0.4846841696269905 958.9000000000001
9590 0.4849031432744456 959
9591 0.4850719992252941 959.1
9592 0.4852399638865565 959.2
9593 0.4854423963010047 959.3000000000001
9594 0.4856384002767965 959.4000000000001
9595 0.4858336958570353 959.5
9596 0.4860317402352644 959.6
9597 0.4862327264962463 959.7
9598 0.4864266039405483 959.8000000000001
9599 0.4866119865012353 959.9000000000001
9600 0.4867967417210095 960
9601 0.4869805560827906 960.1
9602 0.487132433370892 960.2
9603 0.4872742427321957 960.3000000000001
9604 0.4874114218253159 960.4000000000001
9605 0.4875442657281591 960.5
9606 0.4876704491337834 960.6
9607 0.4877878385151401 960.7
9608 0.4878948030262824 960.8000000000001
9609 0.4880068082461269 960.9000000000001
9610 0.4881102174060751 961
9611 0.4881995560435594 961.1
9612 0.4882916988540548 961.2
9613 0.4883848575736652 961.3000000000001
9614 0.4884798379619727 961.4000000000001
9615 0.4885716891999304 961.5
9616 0.4886660687052702 961.6
9617 0.4887586074945954 961.7
9618 0.48884465407307 961.8000000000001
9619 0.4889333182850404 961.9000000000001
9620 0.4890105339959609 962
9621 0.4890828829138771 962.1
9622 0.4891495291711698 962.2
9623 0.4892197212103444 962.3000000000001
9624 0.4892838234134929 962.4000000000001
9625 0.4893477958307981 962.5
9626 0.4894010544051444 962.6
9627 0.4894614045290273 962.7
9628 0.4895054662309246 962.8000000000001
9629 0.4895444286542125 962.9000000000001
9630 0.4895959300593775 963
9631 0.4896417356338814 963.1
9632 0.4896863276360269 963.2
9633 0.4897311151914806 963.3000000000001
9634 0.4897649830348966 963.4000000000001
9635 0.489797337190995 963.5
9636 0.489822249766127 963.6
9637 0.4898441503477549 963.7
9638 0.4898628808548843 963.8000000000001
9639 0.4898757355569427 963.9000000000001
9640 0.4898884651834531 964
9641 0.4898962899445543 964.1
9642 0.4898997384541441 964.2
9643 0.489904651318148 964.3000000000001
9644 0.4899111410279612 964.4000000000001
9645 0.4899164053235214 964.5
9646 0.4899131908199282 964.6
9647 0.489912718462858 964.7
9648 0.489916949670934 964.8000000000001
9649 0.4899175117587215 964.9000000000001
9650 0.4899127939660426 965
9651 0.4899047706366786 965.1
9652 0.4898881768989179 965.2
9653 0.4898738878921264 965.3000000000001
9654 0.4898607001883299 965.4000000000001
9655 0.4898500405495217 965.5
9656 0.4898381156643363 965.6
9657 0.4898243407119228 965.7
9658 0.4898129008645086 965.8000000000001
9659 0.4898069703582505 965.9000000000001
9660 0.489797820884831 966
9661 0.4897862460756564 966.1
9662 0.489781312980368 966.2
9663 0.4897821480638942 966.3000000000001
9664 0.4897821132419877 966.4000000000001
9665 0.4897850778291135 966.5
9666 0.4897885927255083 966.6
9667 0.4897870350000466 966.7
9668 0.4897886378990403 966.8000000000001
9669 0.4898050028460268 966.9000000000001
9670 0.4898192013030476 967
9671 0.489832157969996 967.1
9672 0.4898488325396259 967.2
9673 0.4898687951651893 967.3000000000001
9674 0.4898917778353603 967.4000000000001
9675 0.4899209316670443 967.5
9676 0.4899356221745572 967.6
9677 0.4899760574544403 967.7
9678 0.4900109635879018 967.8000000000001
9679 0.4900457001330173 967.9000000000001
9680 0.4900428039489523 968
9681 0.4900286256566824 968.1
9682 0.4900313603737213 968.2
9683 0.4900334526783522 968.3000000000001
9684 0.4900044687655971 968.4000000000001
9685 0.4900024017962501 968.5
9686 0.4900000398193369 968.6
9687 0.4900084994235063 968.7
9688 0.4900182144593002 968.8000000000001
9689 0.4900401721541159 968.9000000000001
9690 0.4900522418734402 969
9691 0.4900698355929642 969.1
9692 0.4901132334627363 969.2
9693 0.4901697924759457 969.3000000000001
9694 0.4902288941137551 969.4000000000001
9695 0.4902886156214647 969.5
9696 0.4903541937333527 969.6
9697 0.4904238923750459 969.7
9698 0.4905009931305069 969.8000000000001
9699 0.4905805851283734 969.9000000000001
9700 0.4906375299622094 970
9701 0.4906964375145303 970.1
9702 0.4907570264610313 970.2
9703 0.490818533950202 970.3000000000001
9704 0.4908840495623217 970.4000000000001
9705 0.4909569519593342 970.5
9706 0.4910282915485928 970.6
9707 0.4911027672882371 970.7
9708 0.4911816995191295 970.8000000000001
9709 0.4912659034502533 970.9000000000001
9710 0.4913586985813762 971
9711 0.4914696778125802 971.1
9712 0.4915853215731659 971.2
9713 0.4917028270737624 971.3000000000001
9714 0.4918279739646924 971.4000000000001
9715 0.4919558022316141 971.5
9716 0.4920831277093648 971.6
9717 0.4922121269364391 971.7
9718 0.4923427043268463 971.8000000000001
9719 0.4924870699068928 971.9000000000001
9720 0.4926265929846356 972
9721 0.4927783606468879 972.1
9722 0.4929134739329131 972.2
9723 0.4930551690370549 972.3000000000001
9724 0.4932041169384756 972.4000000000001
9725 0.4933531435226566 972.5
9726 0.4935032523664251 972.6
9727 0.4936473586748035 972.7
9728 0.4937999155931327 972.8000000000001
9729 0.4939567264605321 972.9000000000001
9730 0.494108526054843 973
9731 0.4942603433391082 973.1
9732 0.4943958173760662 973.2
9733 0.4945276050695216 973.3000000000001
9734 0.4946878144289479 973.4000000000001
9735 0.4948455613176101 973.5
9736 0.4949962173270194 973.6
9737 0.4951469668957079 973.7
9738 0.4952967912776403 973.8000000000001
9739 0.4954433143393168 973.9000000000001
9740 0.4955897286137183 974
9741 0.4957392867008565 974.1
9742 0.495891682354306 974.2
9743 0.4960449655662197 974.3000000000001
9744 0.4961999445279643 974.4000000000001
9745 0.4963571644103132 974.5
9746 0.4965108679821153 974.6
9747 0.4966596935162108 974.7
9748 0.496807814921775 974.8000000000001
9749 0.4969536398859501 974.9000000000001
9750 0.4970943439331559 975
9751 0.4972364210253249 975.1
9752 0.4973766985437393 975.2
9753 0.4975067783563164 975.3000000000001
9754 0.4976413675709424 975.4000000000001
9755 0.497784671188258 975.5
9756 0.4979263386752324 975.6
9757 0.4980425788056477 975.7
9758 0.4981496623367797 975.8000000000001
9759 0.4982671372943858 975.9000000000001
9760 0.4983869558049542 976
9761 0.4985092542274855 976.1
9762 0.4986295246111884 976.2
9763 0.4987485394565898 976.3000000000001
9764 0.4988634999315252 976.4000000000001
9765 0.4989737506429884 976.5
9766 0.4990724551731949 976.6
9767 0.4991750466067487 976.7
9768 0.4992707379599517 976.8000000000001
9769 0.4993542023662154 976.9000000000001
9770 0.4994384736135684 977
9771 0.4995121436187638 977.1
9772 0.4995858274950686 977.2
9773 0.499653189816657 977.3000000000001
9774 0.4997166091901862 977.4000000000001
9775 0.4997819462593026 977.5
9776 0.4998565006085209 977.6
9777 0.499925604562505 977.7
9778 0.4999910748177589 977.8000000000001
9779 0.5000505663741637 977.9000000000001
9780 0.5000976449139216 978
9781 0.5001464930772729 978.1
9782 0.5001901145372488 978.2
9783 0.5002288558488449 978.3000000000001
9784 0.5002621783584539 978.4000000000001
9785 0.5002880086856992 978.5
9786 0.500311560213287 978.6
9787 0.5003295499410193 978.7
9788 0.5003430808334223 978.8000000000001
9789 0.5003503496742692 978.9000000000001
9790 0.5003542884112123 979
9791 0.5003535129120348 979.1
9792 0.5003426501461904 979.2
9793 0.5003296229622508 979.3000000000001
9794 0.5003159207884715 979.4000000000001
9795 0.5002930037503438 979.5
9796 0.5002638828315231 979.6
9797 0.5002394595341466 979.7
9798 0.5002112455478663 979.8000000000001
9799 0.5001823098044863 979.9000000000001
9800 0.5001448315985965 980
9801 0.5001068036363429 980.1
9802 0.5000689282520936 980.2
9803 0.5000172821870482 980.3000000000001
9804 0.4999622826496438 980.4000000000001
9805 0.4999053458681089 980.5
9806 0.4998507472229567 980.6
9807 0.4997941945860864 980.7
9808 0.4997419370946345 980.8000000000001
9809 0.4996924597666408 980.9000000000001
9810 0.4996460003367599 981
9811 0.4996005385279477 981.1
9812 0.4995581813737429 981.2
9813 0.4995323338235125 981.3000000000001
9814 0.4995086605611473 981.4000000000001
9815 0.4994890438411533 981.5
9816 0.4994777235488135 981.6
9817 0.4994812259500324 981.7
9818 0.4994909111762364 981.8000000000001
9819 0.4994973579899337 981.9000000000001
9820 0.499510135781447 982
9821 0.4995327714783301 982.1
9822 0.4995539349434032 982.2
9823 0.4995781748394088 982.3000000000001
9824 0.499601786163539 982.4000000000001
9825 0.4996296139234447 982.5
9826 0.499661121313817 982.6
9827 0.499700820424207 982.7
9828 0.4997473946023834 982.8000000000001
9829 0.4997855720990186 982.9000000000001
9830 0.4998302689070335 983
9831 0.4998796792555354 983.1
9832 0.4999392587155476 983.2
9833 0.5000063737299032 983.3000000000001
9834 0.5000768931749062 983.4000000000001
9835 0.500163812489782 983.5
9836 0.5002470407691855 983.6
9837 0.500326641819658 983.7
9838 0.5004151282580568 983.8000000000001
9839 0.5005066478424194 983.9000000000001
9840 0.500602248251787 984
9841 0.5007032809113776 984.1
9842 0.5008058026720827 984.2
9843 0.5009106379420395 984.3000000000001
9844 0.5010193082420356 984.4000000000001
9845 0.5011297408610713 984.5
9846 0.501240288736725 984.6
9847 0.5013653478085565 984.7
9848 0.501491690332442 984.8000000000001
9849 0.5016223551217894 984.9000000000001
9850 0.5017514194596981 985
9851 0.5018749108478331 985.1
9852 0.502004362811436 985.2
9853 0.5021184201543233 985.3000000000001
9854 0.5022550745115225 985.4000000000001
9855 0.5023847054765035 985.5
9856 0.5024811209181392 985.6
9857 0.5025871953365224 985.7
9858 0.5027014576118095 985.8000000000001
9859 0.5028206323205574 985.9000000000001
9860 0.5029551721480136 986
9861 0.5030954688415876 986.1
9862 0.5032460798153819 986.2
9863 0.5033978947807551 986.3000000000001
9864 0.503555760726407 986.4000000000001
9865 0.5037039310092574 986.5
9866 0.503844153162828 986.6
9867 0.503981879903537 986.7
9868 0.5041176479562819 986.8000000000001
9869 0.5042501766227855 986.9000000000001
9870 0.5043853032820141 987
9871 0.5045187167792132 987.1
9872 0.5046609239486156 987.2
9873 0.5048017699114481 987.3000000000001
9874 0.5049348989157033 987.4000000000001
9875 0.5050680429711532 987.5
9876 0.505198984349739 987.6
9877 0.5053297158392174 987.7
9878 0.505451300713137 987.8000000000001
9879 0.5055880184965575 987.9000000000001
9880 0.5057290533892158 988
9881 0.5058658315654223 988.1
9882 0.5059987276889464 988.2
9883 0.5061294980322987 988.3000000000001
9884 0.5062615518480412 988.4000000000001
9885 0.5063918018300322 988.5
9886 0.5065199549946013 988.6
9887 0.5066493545198157 988.7
9888 0.5067790829676899 988.8000000000001
9889 0.5069062655378813 988.9000000000001
9890 0.507029369841803 989
9891 0.5071583105723342 989.1
9892 0.5072894621936445 989.2
9893 0.5074215002873124 989.3000000000001
9894 0.5075500205592112 989.4000000000001
9895 0.5076820915733748 989.5
9896 0.5078174170496333 989.6
9897 0.5079536017357015 989.7
9898 0.5080828919050903 989.8000000000001
9899 0.50820406325389 989.9000000000001
9900 0.5083266350176481 990
9901 0.5084585391578076 990.1
9902 0.508585462605285 990.2
9903 0.5087196405611508 990.3000000000001
9904 0.5088660579682888 990.4000000000001
9905 0.5090168629456275 990.5
9906 0.5091645642091687 990.6
9907 0.5092951069649738 990.7
9908 0.5094281943998799 990.8000000000001
9909 0.5095577249374074 990.9000000000001
9910 0.5096877259826108 991
9911 0.5098198722720763 991.1
9912 0.5099688101495655 991.2
9913 0.510110775084033 991.3000000000001
9914 0.5102536465320088 991.4000000000001
9915 0.5104225772567397 991.5
9916 0.5105904348044943 991.6
9917 0.5107576755175441 991.7
9918 0.5109233001077461 991.8000000000001
9919 0.5111062741077745 991.9000000000001
9920 0.5112785041690725 992
9921 0.5114491365580286 992.1
9922 0.5116166408285496 992.2
9923 0.5117804935743913 992.3000000000001
9924 0.5119447309524494 992.4000000000001
9925 0.5121113725585622 992.5
9926 0.5122833597863949 992.6
9927 0.5124517397560039 992.7
9928 0.5126176086857623 992.8000000000001
9929 0.5127842272099209 992.9000000000001
9930 0.5129482006968625 993
9931 0.5131091254865054 993.1
9932 0.5132712990876572 993.2
9933 0.5134329373046217 993.3000000000001
9934 0.5135824912880149 993.4000000000001
9935 0.5137208429850337 993.5
9936 0.5138578857388831 993.6
9937 0.5139957223439037 993.7
9938 0.514136018010141 993.8000000000001
9939 0.5142764482406685 993.9000000000001
9940 0.5144223438378467 994
9941 0.5145752984007012 994.1
9942 0.5147300268706939 994.2
9943 0.5148866605101585 994.3000000000001
9944 0.515045483775649 994.4000000000001
9945 0.5152043814923615 994.5
9946 0.5153635801294473 994.6
9947 0.5155229760726189 994.7
9948 0.5156817682644897 994.8000000000001
9949 0.5158408861319265 994.9000000000001
9950 0.5159998964929898 995
9951 0.5161576914682068 995.1
9952 0.5163162175841572 995.2
9953 0.5164812469809721 995.3000000000001
9954 0.5166461361183697 995.4000000000001
9955 0.5168102473332791 995.5
9956 0.516979231527924 995.6
9957 0.517148751591443 995.7
9958 0.5173138614732952 995.8000000000001
9959 0.5174775982192303 995.9000000000001
9960 0.5176364131730056 996
9961 0.5177925255612189 996.1
9962 0.517945185435835 996.2
9963 0.5180980603280236 996.3000000000001
9964 0.5182463334382337 996.4000000000001
9965 0.5183916341515458 996.5
9966 0.5185341721123232 996.6
9967 0.5186761659270975 996.7
9968 0.5188178036871723 996.8000000000001
9969 0.5189502834103344 996.9000000000001
9970 0.5190781628037933 997
9971 0.5192026771208956 997.1
9972 0.5193283576925671 997.2
9973 0.5194547997370101 997.3000000000001
9974 0.5195793575082471 997.4000000000001
9975 0.5197070041939666 997.5
9976 0.5198235974170134 997.6
9977 0.5199356898479329 997.7
9978 0.5200446411024424 997.8000000000001
9979 0.5201482238341704 997.9000000000001
9980 0.5202531017819236 998
9981 0.5203541167746265 998.1
9982 0.5204561261892479 998.2
9983 0.520556708187499 998.3000000000001
9984 0.5206541762466697 998.4000000000001
9985 0.5207565840442618 998.5
9986 0.5208564663812166 998.6
9987 0.5209621830497538 998.7
9988 0.5210713933039154 998.8000000000001
9989 0.5211805505856137 998.9000000000001
9990 0.5212936723143243 999
9991 0.5214173042398209 999.1
9992 0.5215181831818944 999.2
9993 0.5216166192154661 999.3000000000001
9994 0.5217111781013487 999.4000000000001
9995 0.5218064246888431 999.5
9996 0.5218977308915713 999.6
9997 0.5220041386226882 999.7
9998 0.5221118381651084 999.8000000000001
9999 0.5222218712867657 999.9000000000001
10000 0.5223346465960521 1000
10001 0.5224468608151581 1000.1
10002 0.5225439140733322 1000.2
10003 0.5226381163105959 1000.3
10004 0.5227300953660373 1000.4
10005 0.5228231673072899 1000.5
10006 0.5229185888526353 1000.6
10007 0.5229990009488344 1000.7
10008 0.5230966056412901 1000.8
10009 0.5231981023117231 1000.9
10010 0.5232966189778945 1001
10011 0.5233948569011356 1001.1
10012 0.5234925670775161 1001.2
10013 0.5235884255103769 1001.3
10014 0.5236862172673031 1001.4
10015 0.5237925013693933 1001.5
10016 0.5239136987850086 1001.6
10017 0.5240733223114949 1001.7
10018 0.5242138106686915 1001.8
10019 0.5243754057925312 1001.9
10020 0.5245382797548457 1002
10021 0.5246971426626152 1002.1
10022 0.5248600122722281 1002.2
10023 0.5250179614874934 1002.3
10024 0.5251675582288946 1002.4
10025 0.5252933927898181 1002.5
10026 0.5254047185413329 1002.6
10027 0.5255240435929506 1002.7
10028 0.5256531241613576 1002.8
10029 0.525801711182547 1002.9
10030 0.5259488359299931 1003
10031 0.526098201381189 1003.1
10032 0.5262604322759886 1003.2
10033 0.5264228261183856 1003.3
10034 0.5265864682127904 1003.4
10035 0.5267472407171802 1003.5
10036 0.5269069626814236 1003.6
10037 0.5270713602535975 1003.7
10038 0.5272146213246816 1003.8
10039 0.5273667237208199 1003.9
10040 0.5275132210599607 1004
10041 0.5276662438839608 1004.1
10042 0.5278148611862098 1004.2
10043 0.5279650065948766 1004.3
10044 0.5281205175702514 1004.4
10045 0.5282879649449704 1004.5
10046 0.52846167253677 1004.6
10047 0.5286124499799226 1004.7
10048 0.5287645438157501 1004.8
10049 0.5289101644561679 1004.9
10050 0.5290539295182124 1005
10051 0.5291968941967948 1005.1
10052 0.5293469087480221 1005.2
10053 0.5294900765655524 1005.3
10054 0.5296355577010592 1005.4
10055 0.5297751454761443 1005.5
10056 0.5298911179737671 1005.6
10057 0.5300135569375451 1005.7
10058 0.5301242540313013 1005.8
10059 0.5302247650655736 1005.9
10060 0.5303212718149474 1006
10061 0.5304172011016892 1006.1
10062 0.5305258488798975 1006.2
10063 0.5306278003694416 1006.3
10064 0.5307165863363815 1006.4
10065 0.5307983375155199 1006.5
10066 0.5308810693546787 1006.6
10067 0.5309649090912507 1006.7
10068 0.5310560722056596 1006.8
10069 0.5311465401736422 1006.9
10070 0.5312393532954061 1007
10071 0.5313407853495092 1007.1
10072 0.5314418112804254 1007.2
10073 0.5315411263488981 1007.3
10074 0.5316405286431802 1007.4
10075 0.5317398164860285 1007.5
10076 0.5318414612787442 1007.6
10077 0.5319422521546915 1007.7
10078 0.5320368456505046 1007.8
10079 0.5321270466443394 1007.9
10080 0.5322223090970712 1008
10081 0.532323187300528 1008.1
10082 0.5324257620686851 1008.2
10083 0.5325258900333772 1008.3
10084 0.5326273401057807 1008.4
10085 0.5327145908758349 1008.5
10086 0.5328087958374645 1008.6
10087 0.5328981049766038 1008.7
10088 0.533000349726525 1008.8
10089 0.5331170047725544 1008.9
10090 0.5332479559973579 1009
10091 0.5333883850687626 1009.1
10092 0.5335290220208754 1009.2
10093 0.5336736448246941 1009.3
10094 0.5338152760596585 1009.4
10095 0.533964623033051 1009.5
10096 0.5341150805995546 1009.6
10097 0.534270235538548 1009.7
10098 0.5344268306094937 1009.8
10099 0.5345828925467071 1009.9
10100 0.5347334536731194 1010
10101 0.5348808028354126 1010.1
10102 0.5350335196640108 1010.2
10103 0.5351943878130048 1010.3
10104 0.5353558583546097 1010.4
10105 0.5355286084246837 1010.5
10106 0.5357040627738856 1010.6
10107 0.5358764339830941 1010.7
10108 0.5360502927537315 1010.8
10109 0.5362018405864499 1010.9
10110 0.5363644939062168 1011
10111 0.5365221762409299 1011.1
10112 0.53667570568283 1011.2
10113 0.5368310827792674 1011.3
10114 0.5369951975410043 1011.4
10115 0.5371665715969181 1011.5
10116 0.5373446549603782 1011.6
10117 0.5375368721570023 1011.7
10118 0.537741838962135 1011.8
10119 0.5379188707702792 1011.9
10120 0.5380759121582431 1012
10121 0.5382374316229881 1012.1
10122 0.5384029975151819 1012.2
10123 0.5385774220394507 1012.3
10124 0.5387493556165683 1012.4
10125 0.5389263166078959 1012.5
10126 0.539120492596786 1012.6
10127 0.539320709125336 1012.7
10128 0.5395241157647768 1012.8
10129 0.5397321392170723 1012.9
10130 0.539944455223928 1013
10131 0.5401589939076445 1013.1
10132 0.5403811961656312 1013.2
10133 0.540606516656885 1013.3
10134 0.5408439707486513 1013.4
10135 0.5410960232604878 1013.5
10136 0.5413499618395567 1013.6
10137 0.5415969620654048 1013.7
10138 0.5418334152745545 1013.8
10139 0.5420662880395071 1013.9
10140 0.5422935597376375 1014
10141 0.5425210460743858 1014.1
10142 0.5427508530902374 1014.2
10143 0.5429834846930787 1014.3
10144 0.5432097443085849 1014.4
10145 0.5434375248106972 1014.5
10146 0.5436672017495751 1014.6
10147 0.5438984502272898 1014.7
10148 0.544134281470012 1014.8
10149 0.5443556385750066 1014.9
10150 0.5445572734306579 1015
10151 0.5447563246354936 1015.1
10152 0.5449550014711327 1015.2
10153 0.5451659466606984 1015.3
10154 0.5453644710857254 1015.4
10155 0.5455601632178299 1015.5
10156 0.545761464595852 1015.6
10157 0.5459541041278324 1015.7
10158 0.5461480373683166 1015.8
10159 0.5463400745901104 1015.9
10160 0.5465270142125024 1016
10161 0.5467137053586172 1016.1
10162 0.5468970464146728 1016.2
10163 0.5470844903026857 1016.3
10164 0.5472700197879127 1016.4
10165 0.5474646700908019 1016.5
10166 0.5476599200882893 1016.6
10167 0.5478484703786775 1016.7
10168 0.5480339862686249 1016.8
10169 0.5482189308033796 1016.9
10170 0.548404959109228 1017
10171 0.548584822582582 1017.1
10172 0.5487628553410976 1017.2
10173 0.548941533336757 1017.3
10174 0.5491142541277267 1017.4
10175 0.5492949408498358 1017.5
10176 0.5494806371623335 1017.6
10177 0.549657519133801 1017.7
10178 0.549828478148817 1017.8
10179 0.5499990673316864 1017.9
10180 0.5501766438557819 1018
10181 0.5503733429855024 1018.1
10182 0.5505697277113067 1018.2
10183 0.5507671810847264 1018.3
10184 0.550960457776709 1018.4
10185 0.5511463677372458 1018.5
10186 0.5513306162208639 1018.6
10187 0.5514948031335289 1018.7
10188 0.5516498908461216 1018.8
10189 0.5518312877466164 1018.9
10190 0.5519746237205355 1019
10191 0.5521349055189327 1019.1
10192 0.5522992922173116 1019.2
10193 0.5524744326939192 1019.3
10194 0.5526446049777523 1019.4
10195 0.5527888502002125 1019.5
10196 0.5529298089919192 1019.6
10197 0.5530636512806056 1019.7
10198 0.5532033694797758 1019.8
10199 0.5533443570519366 1019.9
10200 0.5534879819142243 1020
10201 0.5536370332360292 1020.1
10202 0.553801177548052 1020.2
10203 0.5539774696762314 1020.3
10204 0.5541309875907982 1020.4
10205 0.5543015955849683 1020.5
10206 0.5544714417824356 1020.6
10207 0.5546790530903191 1020.7
10208 0.5548781940189738 1020.8
10209 0.5550540727095888 1020.9
10210 0.5552336676537821 1021
10211 0.5554098599471426 1021.1
10212 0.5555855530985548 1021.2
10213 0.5557524503178201 1021.3
10214 0.555914608947952 1021.4
10215 0.5560720593843829 1021.5
10216 0.5562270060439248 1021.6
10217 0.5563863968095589 1021.7
10218 0.5565439159326189 1021.8
10219 0.5567030785466872 1021.9
10220 0.556868668216242 1022
10221 0.557037071301045 1022.1
10222 0.5572152315272387 1022.2
10223 0.5573716348523426 1022.3
10224 0.5575349128172479 1022.4
10225 0.5576948201687585 1022.5
10226 0.5578706075054255 1022.6
10227 0.5580463623391541 1022.7
10228 0.5582109956604707 1022.8
10229 0.5583786028215461 1022.9
10230 0.5585502097502909 1023
10231 0.5587263529298319 1023.1
10232 0.5588986784892247 1023.2
10233 0.5590844777539695 1023.3
10234 0.5592691015678367 1023.4
10235 0.5594566430056886 1023.5
10236 0.5596488460270435 1023.6
10237 0.5598409125693512 1023.7
10238 0.560014485320468 1023.8
10239 0.5601864610659899 1023.9
10240 0.5603546923760538 1024
10241 0.5605235851404106 1024.1
10242 0.5607024584351483 1024.2
10243 0.5608855389450348 1024.3
10244 0.5610677964404781 1024.4
10245 0.5612494070078605 1024.5
10246 0.5614207911313469 1024.6
10247 0.5615888880635748 1024.7
10248 0.5617537322740431 1024.8
10249 0.5619142734657762 1024.9
10250 0.5620719035782296 1025
10251 0.5622300251136106 1025.1
10252 0.5623842917603169 1025.2
10253 0.5625385133259863 1025.3
10254 0.5626989592182774 1025.4
10255 0.5628507451519441 1025.5
10256 0.5629961826707818 1025.6
10257 0.5631334532792354 1025.7
10258 0.5632681311114677 1025.8
10259 0.5634078567263099 1025.9
10260 0.5635447465560853 1026
10261 0.563680898894368 1026.1
10262 0.5638125703276473 1026.2
10263 0.5639609305233132 1026.3
10264 0.5641069856728802 1026.4
10265 0.5642443273680975 1026.5
10266 0.5643761455219619 1026.6
10267 0.5645011848444387 1026.7
10268 0.5646218580354957 1026.8
10269 0.5647410492852322 1026.9
10270 0.5648625075539327 1027
10271 0.5649805157545018 1027.1
10272 0.5651021477466842 1027.2
10273 0.5652182013728353 1027.3
10274 0.565327393126737 1027.4
10275 0.565431216720765 1027.5
10276 0.5655323008231105 1027.6
10277 0.5656295419737796 1027.7
10278 0.5657119711579126 1027.8
10279 0.5658010120092236 1027.9
10280 0.5658778258347108 1028
10281 0.5659402609592965 1028.1
10282 0.5660071314016104 1028.2
10283 0.5660710393372838 1028.3
10284 0.5661299377287858 1028.4
10285 0.5661889443839305 1028.5
10286 0.5662480093858459 1028.6
10287 0.5662883992494281 1028.7
10288 0.5663200471005664 1028.8
10289 0.5663495583424846 1028.9
10290 0.5663794260864923 1029
10291 0.5664129918672507 1029.1
10292 0.5664623845447662 1029.2
10293 0.566509246772726 1029.3
10294 0.5665621529827605 1029.4
10295 0.5666152649713037 1029.5
10296 0.5666682311355118 1029.6
10297 0.5667200366126987 1029.7
10298 0.566773224725726 1029.8
10299 0.5668300717829453 1029.9
10300 0.566889268258114 1030
10301 0.5669511460325821 1030.1
10302 0.5669991877922156 1030.2
10303 0.5670508386955596 1030.3
10304 0.5671067271932387 1030.4
10305 0.567160177048154 1030.5
10306 0.5672287194281446 1030.6
10307 0.5672972535970636 1030.7
10308 0.567361225556283 1030.8
10309 0.5674192678342377 1030.9
10310 0.5674746896440093 1031
10311 0.5675308460184493 1031.1
10312 0.5675857308314499 1031.2
10313 0.5676480815044932 1031.3
10314 0.56770923471018 1031.4
10315 0.5677687909421947 1031.5
10316 0.5678177943875076 1031.6
10317 0.5678687627885577 1031.7
10318 0.5679190490717069 1031.8
10319 0.5679732510505621 1031.9
10320 0.5680301825552677 1032
10321 0.5680863036764793 1032.1
10322 0.5681425971313894 1032.2
10323 0.5681985916035504 1032.3
10324 0.5682591701131464 1032.4
10325 0.5683274881084478 1032.5
10326 0.5684015073880322 1032.6
10327 0.5684830428377651 1032.7
10328 0.5685722552627749 1032.8
10329 0.5686691421187938 1032.9
10330 0.5687717279438058 1033
10331 0.5688761000881662 1033.1
10332 0.5689805913457409 1033.2
10333 0.5690907376328502 1033.3
10334 0.5692081131795564 1033.4
10335 0.5693371618768788 1033.5
10336 0.5694742834647761 1033.6
10337 0.5696068826064967 1033.7
10338 0.5697370954657116 1033.8
10339 0.5698734702426166 1033.9
10340 0.5700121343652231 1034
10341 0.5701537518296442 1034.1
10342 0.5702965732768014 1034.2
10343 0.5704458521076666 1034.3
10344 0.5705885458766378 1034.4
10345 0.5707554035541654 1034.5
10346 0.5709364217894312 1034.6
10347 0.5711086053826294 1034.7
10348 0.5712821190922589 1034.8
10349 0.5714571990039911 1034.9
10350 0.5716348840882687 1035
10351 0.5718214424031414 1035.1
10352 0.572010852996641 1035.2
10353 0.5722010743983326 1035.3
10354 0.5723924208913685 1035.4
10355 0.5725984827783871 1035.5
10356 0.572807760404648 1035.6
10357 0.5730128802893181 1035.7
10358 0.5732292549801239 1035.8
10359 0.5734519381685708 1035.9
10360 0.5736567026941295 1036
10361 0.5738730901606222 1036.1
10362 0.5740707510471627 1036.2
10363 0.5742661327107835 1036.3
10364 0.5744655589026917 1036.4
10365 0.5746715345547425 1036.5
10366 0.5748777782843054 1036.6
10367 0.575086726506719 1036.7
10368 0.5753032346103379 1036.8
10369 0.5755145230364417 1036.9
10370 0.5757219752706417 1037
10371 0.5759301006414775 1037.1
10372 0.5761556752325402 1037.2
10373 0.576390520096619 1037.3
10374 0.576624422330104 1037.4
10375 0.5768572769524078 1037.5
10376 0.577088343888426 1037.6
10377 0.5773069169991812 1037.7
10378 0.5775215523058699 1037.8
10379 0.5777230790096135 1037.9
10380 0.5779275381537797 1038
10381 0.5781269932506774 1038.1
10382 0.578339728113676 1038.2
10383 0.5785562218982294 1038.3
10384 0.5787728279102425 1038.4
10385 0.578990652813969 1038.5
10386 0.5792025318595632 1038.6
10387 0.5794236964797074 1038.7
10388 0.5796521150469685 1038.8
10389 0.5798719677998244 1038.9
10390 0.5800936282669357 1039
10391 0.5803181072429074 1039.1
10392 0.5805362522865367 1039.2
10393 0.5807572737700656 1039.3
10394 0.5809673491002422 1039.4
10395 0.5811880452413143 1039.5
10396 0.5813824543095313 1039.6
10397 0.5815776165217814 1039.7
10398 0.5817432606514643 1039.8
10399 0.5819136059172372 1039.9
10400 0.5820815261871807 1040
10401 0.5822465232778914 1040.1
10402 0.5824074008411962 1040.2
10403 0.582564429664885 1040.3
10404 0.5827231453660818 1040.4
10405 0.582885710867338 1040.5
10406 0.5830540090418226 1040.6
10407 0.5832130100965192 1040.7
10408 0.5833669639932583 1040.8
10409 0.5835072316239072 1040.9
10410 0.5836809299487037 1041
10411 0.5838562169573116 1041.1
10412 0.5840226864489417 1041.2
10413 0.5841907751051748 1041.3
10414 0.5843627461103766 1041.4
10415 0.5845334465052959 1041.5
10416 0.584701170434516 1041.6
10417 0.5848632714776058 1041.7
10418 0.5850246553147186 1041.8
10419 0.5851724694526274 1041.9
10420 0.5853102786391221 1042
10421 0.5854478923769862 1042.1
10422 0.5855775815714732 1042.2
10423 0.5856981706246941 1042.3
10424 0.5858149829750195 1042.4
10425 0.5859243065332618 1042.5
10426 0.5860295215717582 1042.6
10427 0.5861278379497162 1042.7
10428 0.586216118715961 1042.8
10429 0.5862959880594342 1042.9
10430 0.5863690647134024 1043
10431 0.5864418574594237 1043.1
10432 0.5865145384574124 1043.2
10433 0.5865783668765189 1043.3
10434 0.5866404600643892 1043.4
10435 0.586702169932625 1043.5
10436 0.5867491837338977 1043.6
10437 0.5867944335832561 1043.7
10438 0.5868531864188364 1043.8
10439 0.586886121553636 1043.9
10440 0.5869203490415079 1044
10441 0.586953752370388 1044.1
10442 0.5869825365643578 1044.2
10443 0.5870061489602465 1044.3
10444 0.5870171280357243 1044.4
10445 0.58704061400569 1044.5
10446 0.587070600505001 1044.6
10447 0.5871110915146467 1044.7
10448 0.5871386713021506 1044.8
10449 0.587163435963466 1044.9
10450 0.5871874690452559 1045
10451 0.5872123541174663 1045.1
10452 0.5872288115671382 1045.2
10453 0.587243631413255 1045.3
10454 0.5872566071197795 1045.4
10455 0.5872821670551309 1045.5
10456 0.5873104202899564 1045.6
10457 0.5873411237190949 1045.7
10458 0.5873746363400137 1045.8
10459 0.5873897675191161 1045.9
10460 0.5873981527769125 1046
10461 0.5874068940292216 1046.1
10462 0.5874361918391516 1046.2
10463 0.5874729788131942 1046.3
10464 0.5875054123346743 1046.4
10465 0.5875412452800235 1046.5
10466 0.5875686229405772 1046.6
10467 0.587586261384267 1046.7
10468 0.5876183012999416 1046.8
10469 0.5876536821800725 1046.9
10470 0.5876881247735188 1047
10471 0.5877229706216637 1047.1
10472 0.5877545772192745 1047.2
10473 0.5877843372011686 1047.3
10474 0.5878097154342758 1047.4
10475 0.5878316629649226 1047.5
10476 0.5878592260771521 1047.6
10477 0.587890214992338 1047.7
10478 0.5879281066600301 1047.8
10479 0.5879744258359603 1047.9
10480 0.5880227839512295 1048
10481 0.5880648664990482 1048.1
10482 0.5881099890834306 1048.2
10483 0.5881536088688839 1048.3
10484 0.588200225085001 1048.4
10485 0.5882524684551333 1048.5
10486 0.5883105299411442 1048.6
10487 0.5883927193847713 1048.7
10488 0.5884768962817604 1048.8
10489 0.5885495082835415 1048.9
10490 0.5886207665769553 1049
10491 0.5887153455044698 1049.1
10492 0.5888131128450941 1049.2
10493 0.5889137980804395 1049.3
10494 0.5890187823532569 1049.4
10495 0.5891272051635708 1049.5
10496 0.5892349595596952 1049.6
10497 0.5893439942554149 1049.7
10498 0.5894630632078641 1049.8
10499 0.589584471715446 1049.9
10500 0.5897042495682485 1050
10501 0.5898284833076832 1050.1
10502 0.5899544118382263 1050.2
10503 0.5900642938002286 1050.3
10504 0.5901828771583818 1050.4
10505 0.5903121398815342 1050.5
10506 0.5904443873311358 1050.6
10507 0.5905808786416616 1050.7
10508 0.5907157346097341 1050.8
10509 0.5908467872354579 1050.9
10510 0.5909740843413401 1051
10511 0.591102884744109 1051.1
10512 0.5912326692395063 1051.2
10513 0.5913547286289264 1051.3
10514 0.5914528571663838 1051.4
10515 0.5915573014635525 1051.5
10516 0.591684211249775 1051.6
10517 0.5918066833579581 1051.7
10518 0.5919225926254641 1051.8
10519 0.5920416344733784 1051.9
10520 0.5921482882059315 1052
10521 0.5922691334231716 1052.1
10522 0.5923950301060563 1052.2
10523 0.5925247552891854 1052.3
10524 0.5926580790524337 1052.4
10525 0.5927954009443902 1052.5
10526 0.5929233311955968 1052.6
10527 0.5930349043875278 1052.7
10528 0.5931436026406504 1052.8
10529 0.5932739282824238 1052.9
10530 0.5934057573435589 1053
10531 0.5935382804296224 1053.1
10532 0.5936594370765615 1053.2
10533 0.5937790675136916 1053.3
10534 0.5939026042421657 1053.4
10535 0.5940537368428944 1053.5
10536 0.59420635209269 1053.6
10537 0.594364410399948 1053.7
10538 0.5945203678923439 1053.8
10539 0.5946898494168678 1053.9
10540 0.5948517387384363 1054
10541 0.59500208893506 1054.1
10542 0.5951567949763577 1054.2
10543 0.5953122533546068 1054.3
10544 0.5954698943456016 1054.4
10545 0.5956143675288631 1054.5
10546 0.595754402285981 1054.6
10547 0.5959068919825712 1054.7
10548 0.5960703899541887 1054.8
10549 0.5962470119254712 1054.9
10550 0.5964192383455712 1055
10551 0.5965846669571103 1055.1
10552 0.5967615187857497 1055.2
10553 0.5969318221301135 1055.3
10554 0.597095381314739 1055.4
10555 0.5972620776488974 1055.5
10556 0.5974360341814818 1055.6
10557 0.5976218283677157 1055.7
10558 0.5978143164897015 1055.8
10559 0.5980009093006565 1055.9
10560 0.5981888739401428 1056
10561 0.5983865261137851 1056.1
10562 0.5985858165176373 1056.2
10563 0.5987688937876749 1056.3
10564 0.5989568425275088 1056.4
10565 0.5991514776092888 1056.5
10566 0.5993547529252502 1056.6
10567 0.5995600308618604 1056.7
10568 0.5997637316293232 1056.8
10569 0.5999511450922654 1056.9
10570 0.6001373472984902 1057
10571 0.6003238635363168 1057.1
10572 0.6005082481112637 1057.2
10573 0.6006865532060895 1057.3
10574 0.6008751476963777 1057.4
10575 0.601063296141008 1057.5
10576 0.6012535381988399 1057.6
10577 0.6014581168672675 1057.7
10578 0.6016629281098267 1057.8
10579 0.6018630387139563 1057.9
10580 0.6020682426192967 1058
10581 0.6022581472227777 1058.1
10582 0.6024332689879689 1058.2
10583 0.6026082294621289 1058.3
10584 0.6027814036255248 1058.4
10585 0.6029528324592844 1058.5
10586 0.6031070465487168 1058.6
10587 0.6032625212630435 1058.7
10588 0.6034145963303753 1058.8
10589 0.6035738414870142 1058.9
10590 0.6037410934746084 1059
10591 0.6039057432691014 1059.1
10592 0.6040675763185058 1059.2
10593 0.6042247953428368 1059.3
10594 0.6043752321443043 1059.4
10595 0.6045231005283092 1059.5
10596 0.6046696086724443 1059.6
10597 0.6048131532414369 1059.7
10598 0.6049537908044889 1059.8
10599 0.6050946948180561 1059.9
10600 0.6052506105167363 1060
10601 0.6054018956393664 1060.1
10602 0.6055472080255997 1060.2
10603 0.6056990331449358 1060.3
10604 0.6058407866337808 1060.4
10605 0.6059593649222875 1060.5
10606 0.606071436385499 1060.6
10607 0.606195694091935 1060.7
10608 0.6062962443212986 1060.8
10609 0.6063943011540158 1060.9
10610 0.6064907899405805 1061
10611 0.6065848011845679 1061.1
10612 0.6066789576748159 1061.2
10613 0.6067695283968555 1061.3
10614 0.606848730510013 1061.4
10615 0.6069492018636699 1061.5
10616 0.6070479874792162 1061.6
10617 0.6071394547752655 1061.7
10618 0.6072456165512055 1061.8
10619 0.6073569681741025 1061.9
10620 0.6074723889446362 1062
10621 0.6075807502647853 1062.1
10622 0.6076626625728142 1062.2
10623 0.6077370542060443 1062.3
10624 0.6078196573613726 1062.4
10625 0.6079050212349609 1062.5
10626 0.6079978139867017 1062.6
10627 0.6080876450728258 1062.7
10628 0.6081725155909805 1062.8
10629 0.6082572045997485 1062.9
10630 0.6083432692876969 1063
10631 0.6084365346107039 1063.1
10632 0.6085305596146739 1063.2
10633 0.6086156443556393 1063.3
10634 0.6087107283333488 1063.4
10635 0.6088017525316102 1063.5
10636 0.6088933359445367 1063.6
10637 0.6089868634168979 1063.7
10638 0.6090941320960558 1063.8
10639 0.6092000039922738 1063.9
10640 0.609305869532564 1064
10641 0.609412046250232 1064.1
10642 0.6095214576630127 1064.2
10643 0.6096255500918422 1064.3
10644 0.6097349636089519 1064.4
10645 0.6098466278267869 1064.5
10646 0.6099585547518442 1064.6
10647 0.6100718927944165 1064.7
10648 0.6101961834038601 1064.8
10649 0.6103212728566194 1064.9
10650 0.6104487661045714 1065
10651 0.6105779266960704 1065.1
10652 0.6107088985034747 1065.2
10653 0.6108382292904061 1065.3
10654 0.6109692782619623 1065.4
10655 0.6111061452605659 1065.5
10656 0.6112543839982757 1065.6
10657 0.6114068688426428 1065.7
10658 0.6115606152798136 1065.8
10659 0.6117200005860931 1065.9
10660 0.6118661880122406 1066
10661 0.6119930508065282 1066.1
10662 0.6121143464022532 1066.2
10663 0.6122453621305849 1066.3
10664 0.6123723783836396 1066.4
10665 0.6125045501106207 1066.5
10666 0.6126423214077609 1066.6
10667 0.6127751424580061 1066.7
10668 0.6129026848484201 1066.8
10669 0.6130320800493363 1066.9
10670 0.613157109423649 1067
10671 0.6132809541289462 1067.1
10672 0.6134086886200286 1067.2
10673 0.6135378292146855 1067.3
10674 0.6136695075212902 1067.4
10675 0.6138027732496366 1067.5
10676 0.6139301980715873 1067.6
10677 0.6140636217140856 1067.7
10678 0.6142139926485181 1067.8
10679 0.6143637633980945 1067.9
10680 0.6145086289550816 1068
10681 0.6146535012889853 1068.1
10682 0.6148019489068031 1068.2
10683 0.6149499706600317 1068.3
10684 0.6150974840874244 1068.4
10685 0.6152402488684464 1068.5
10686 0.615390792842042 1068.6
10687 0.6155294238180604 1068.7
10688 0.6156627445756192 1068.8
10689 0.6157992991499974 1068.9
10690 0.6159383405930514 1069
10691 0.6160762318716511 1069.1
10692 0.6162124434875935 1069.2
10693 0.6163376680442683 1069.3
10694 0.6164609274680334 1069.4
10695 0.6165808209343305 1069.5
10696 0.6167000114160831 1069.6
10697 0.6168177004518244 1069.7
10698 0.6169330606551052 1069.8
10699 0.6170452037731923 1069.9
10700 0.6171476854337632 1070
10701 0.6172463264020647 1070.1
10702 0.6173402255878728 1070.2
10703 0.61744512904578 1070.3
10704 0.6175513520476273 1070.4
10705 0.6176604249261256 1070.5
10706 0.6177711919298193 1070.6
10707 0.6178864306603127 1070.7
10708 0.6179980286881865 1070.8
10709 0.6181060795130406 1070.9
10710 0.6182073364758544 1071
10711 0.6183039523354302 1071.1
10712 0.6183974812451959 1071.2
10713 0.6184901671314487 1071.3
10714 0.6185849057184201 1071.4
10715 0.6186774152349331 1071.5
10716 0.6187693285864143 1071.6
10717 0.618856709836996 1071.7
10718 0.6189412494775638 1071.8
10719 0.6190289417754408 1071.9
10720 0.6191139346483976 1072
10721 0.6191710766422424 1072.1
10722 0.6192293098798713 1072.2
10723 0.6192848075429511 1072.3
10724 0.619340905878082 1072.4
10725 0.61940155586482 1072.5
10726 0.6194824418607952 1072.6
10727 0.6195605414064845 1072.7
10728 0.6196373472472332 1072.8
10729 0.6197145624991467 1072.9
10730 0.619793709747596 1073
10731 0.6198738304999366 1073.1
10732 0.6199494478533969 1073.2
10733 0.6200259018489259 1073.3
10734 0.6201027680368814 1073.4
10735 0.6201720816917992 1073.5
10736 0.6202444022627348 1073.6
10737 0.6203141353582344 1073.7
10738 0.6203854116579205 1073.8
10739 0.6204576772115801 1073.9
10740 0.6205309069061581 1074
10741 0.6206052695661496 1074.1
10742 0.6206838503586471 1074.2
10743 0.6207590924648754 1074.3
10744 0.6208259875345774 1074.4
10745 0.6208901170942291 1074.5
10746 0.6209524315224727 1074.6
10747 0.6210176941100951 1074.7
10748 0.6210879811076552 1074.8
10749 0.6211630194768343 1074.9
10750 0.6212389023854815 1075
10751 0.6213133573546251 1075.1
10752 0.6213909326769892 1075.2
10753 0.6214709059242421 1075.3
10754 0.6215444515405475 1075.4
10755 0.6216254326441644 1075.5
10756 0.6217139843738088 1075.6
10757 0.6218032503959361 1075.7
10758 0.6218936679280525 1075.8
10759 0.6219846988172671 1075.9
10760 0.6220786991394098 1076
10761 0.6221687148744292 1076.1
10762 0.6222833637669666 1076.2
10763 0.6224016048860138 1076.3
10764 0.6225250733442271 1076.4
10765 0.6226423506441729 1076.5
10766 0.6227692487424837 1076.6
10767 0.6228990511137742 1076.7
10768 0.6230326236786643 1076.8
10769 0.6231675270352779 1076.9
10770 0.6233025333781496 1077
10771 0.6234400451440868 1077.1
10772 0.6235796359154374 1077.2
10773 0.6237150224806528 1077.3
10774 0.623846802357103 1077.4
10775 0.6239776294540403 1077.5
10776 0.6241088271542976 1077.6
10777 0.6242425806278165 1077.7
10778 0.6243781432268979 1077.8
10779 0.6245127163618571 1077.9
10780 0.6246461452043046 1078
10781 0.6247821141523727 1078.1
10782 0.6249209802245206 1078.2
10783 0.6250616741620106 1078.3
10784 0.625213670630839 1078.4
10785 0.6253713690544901 1078.5
10786 0.6255288459340521 1078.6
10787 0.6256715331080493 1078.7
10788 0.6258174637620123 1078.8
10789 0.6259632395343463 1078.9
10790 0.6261073852321202 1079
10791 0.6262327910110413 1079.1
10792 0.6263619092922245 1079.2
10793 0.6264906165269435 1079.3
10794 0.6266180147525511 1079.4
10795 0.6267463694727707 1079.5
10796 0.6268737648173003 1079.6
10797 0.6270102024280907 1079.7
10798 0.6271652185398831 1079.8
10799 0.6273176472140339 1079.9
10800 0.6274676017045582 1080
10801 0.6276168953857816 1080.1
10802 0.6277653656022756 1080.2
10803 0.6279132887212405 1080.3
10804 0.6280617110913044 1080.4
10805 0.6282119509892093 1080.5
10806 0.6283628565656278 1080.6
10807 0.6284910810943716 1080.7
10808 0.6286106678593084 1080.8
10809 0.6287314764119004 1080.9
10810 0.628864891476448 1081
10811 0.6290083034128617 1081.1
10812 0.6291523062379077 1081.2
10813 0.6292971630113097 1081.3
10814 0.6294428985308266 1081.4
10815 0.6295888721195053 1081.5
10816 0.6297348185887925 1081.6
10817 0.6298819481020044 1081.7
10818 0.6300426218783824 1081.8
10819 0.6302128821714853 1081.9
10820 0.6303835404244651 1082
10821 0.6305528635349024 1082.1
10822 0.6307213661844168 1082.2
10823 0.6308896210240329 1082.3
10824 0.6310578688145249 1082.4
10825 0.6312093058661427 1082.5
10826 0.63135947712018 1082.6
10827 0.6315146957181297 1082.7
10828 0.6316696621441023 1082.8
10829 0.6318239509378645 1082.9
10830 0.631976392524277 1083
10831 0.6321287240938982 1083.1
10832 0.6322734689821446 1083.2
10833 0.6324204928394591 1083.3
10834 0.6325683087477474 1083.4
10835 0.6327166140073472 1083.5
10836 0.6328642455845855 1083.6
10837 0.6330098360932686 1083.7
10838 0.633150563542241 1083.8
10839 0.6332904333139973 1083.9
10840 0.6334288432403975 1084
10841 0.6335647747547334 1084.1
10842 0.6337077759135391 1084.2
10843 0.6338492461411954 1084.3
10844 0.6339904508121343 1084.4
10845 0.6341309640842115 1084.5
10846 0.6342590144153334 1084.6
10847 0.6343879966883886 1084.7
10848 0.6345156429394715 1084.8
10849 0.634641739819197 1084.9
10850 0.634763984243741 1085
10851 0.6348840321871153 1085.1
10852 0.6350022934271536 1085.2
10853 0.6351189128901022 1085.3
10854 0.6352334729137247 1085.4
10855 0.6353460906322749 1085.5
10856 0.635458575865734 1085.6
10857 0.635571008831414 1085.7
10858 0.6356827045775303 1085.8
10859 0.6357928847417521 1085.9
10860 0.6358979809435884 1086
10861 0.6360018890331373 1086.1
10862 0.6361118879841623 1086.2
10863 0.6362247516904205 1086.3
10864 0.6363363680445211 1086.4
10865 0.6364469997150757 1086.5
10866 0.6365533262706109 1086.6
10867 0.6366577801644772 1086.7
10868 0.6367609259067928 1086.8
10869 0.6368644854375589 1086.9
10870 0.6369526466875239 1087
10871 0.6370331024727744 1087.1
10872 0.6371125137015439 1087.2
10873 0.637191135167091 1087.3
10874 0.6372786714634705 1087.4
10875 0.6373646307070148 1087.5
10876 0.6374657621669545 1087.6
10877 0.6375678073797041 1087.7
10878 0.637668575962419 1087.8
10879 0.6377747223334749 1087.9
10880 0.6378850826518784 1088
10881 0.637993423397976 1088.1
10882 0.6380968986386065 1088.2
10883 0.638196368157968 1088.3
10884 0.6382931412077207 1088.4
10885 0.6383873364335586 1088.5
10886 0.6384790947476227 1088.6
10887 0.638569850766645 1088.7
10888 0.6386591118707913 1088.8
10889 0.638745407718012 1088.9
10890 0.6388341609678773 1089
10891 0.6389279652651927 1089.1
10892 0.6390239774728527 1089.2
10893 0.6391150640489709 1089.3
10894 0.6391977948209376 1089.4
10895 0.6392788498269683 1089.5
10896 0.6393578294235801 1089.6
10897 0.6394435435036487 1089.7
10898 0.6395348396025952 1089.8
10899 0.6396168363244653 1089.9
10900 0.6396974624887153 1090
10901 0.6397778114765077 1090.1
10902 0.639852776472154 1090.2
10903 0.639929615869426 1090.3
10904 0.6399884097791914 1090.4
10905 0.6400466989685604 1090.5
10906 0.6401042454943223 1090.6
10907 0.6401663005679713 1090.7
10908 0.6402373266579293 1090.8
10909 0.6403089613541794 1090.9
10910 0.6403791735257169 1091
10911 0.640445745780388 1091.1
10912 0.6405094896292114 1091.2
10913 0.6405671269634897 1091.3
10914 0.6406319891035394 1091.4
10915 0.6406919425049061 1091.5
10916 0.6407451180709092 1091.6
10917 0.6407969446795573 1091.7
10918 0.6408467808411751 1091.8
10919 0.640895652302844 1091.9
10920 0.6409338970087473 1092
10921 0.6409689699866524 1092.1
10922 0.6409970167664013 1092.2
10923 0.641022200350852 1092.3
10924 0.6410443974701705 1092.4
10925 0.6410625713967713 1092.5
10926 0.6410780255705564 1092.6
10927 0.6410916453153265 1092.7
10928 0.6411087981076444 1092.8
10929 0.6411264527348394 1092.9
10930 0.6411423018010847 1093
10931 0.641156181581526 1093.1
10932 0.6411672661320121 1093.2
10933 0.6411851075675092 1093.3
10934 0.6411974083899368 1093.4
10935 0.6412088227211388 1093.5
10936 0.6412220141126632 1093.6
10937 0.64123762839626 1093.7
10938 0.6412533159239543 1093.8
10939 0.6412654358829066 1093.9
10940 0.6412811351256674 1094
10941 0.6412941768899447 1094.1
10942 0.6413066322000751 1094.2
10943 0.6413222254447064 1094.3
10944 0.6413410974837583 1094.4
10945 0.6413675827786072 1094.5
10946 0.6413881666297698 1094.6
10947 0.6414066823859452 1094.7
10948 0.6414216497843578 1094.8
10949 0.6414375415766852 1094.9
10950 0.6414587367475084 1095
10951 0.6414821361382231 1095.1
10952 0.6415027887301351 1095.2
10953 0.6415237520336247 1095.3
10954 0.6415520644793747 1095.4
10955 0.6415818679764105 1095.5
10956 0.6416161858348228 1095.6
10957 0.6416551293673552 1095.7
10958 0.6416868106466954 1095.8
10959 0.6417184587110728 1095.9
10960 0.6417488134085746 1096
10961 0.6417797164603818 1096.1
10962 0.6418129240643506 1096.2
10963 0.6418476639958919 1096.3
10964 0.6418812669492859 1096.4
10965 0.6419175024805812 1096.5
10966 0.6419531924811283 1096.6
10967 0.6420054446524531 1096.7
10968 0.642062218657139 1096.8
10969 0.6421186229395165 1096.9
10970 0.6421771967504284 1097
10971 0.6422392244270323 1097.1
10972 0.6423059789651004 1097.2
10973 0.6423790482773628 1097.3
10974 0.6424548117119726 1097.4
10975 0.6425448256466247 1097.5
10976 0.6426406494130009 1097.6
10977 0.6427408764107716 1097.7
10978 0.6428460469253851 1097.8
10979 0.6429474134468626 1097.9
10980 0.6430498963491926 1098
10981 0.643151732383226 1098.1
10982 0.6432594594311744 1098.2
10983 0.6433728152711283 1098.3
10984 0.643491876878919 1098.4
10985 0.6436135529968789 1098.5
10986 0.6437422671660135 1098.6
10987 0.6438759860022941 1098.7
10988 0.6440154295062286 1098.8
10989 0.6441583797766536 1098.9
10990 0.6443063876532008 1099
10991 0.6444570475375324 1099.1
10992 0.6446086376993182 1099.2
10993 0.6447653455057901 1099.3
10994 0.6449269845932232 1099.4
10995 0.6450917567209182 1099.5
10996 0.645260057021921 1099.6
10997 0.6454289761001916 1099.7
10998 0.6456049967118956 1099.8
10999 0.6457839682664469 1099.9
11000 0.6459662090092028 1100
11001 0.6461486998939577 1100.1
11002 0.646331755343862 1100.2
11003 0.6465153948103032 1100.3
11004 0.6467002840365949 1100.4
11005 0.6468899760289681 1100.5
11006 0.6470780980869089 1100.6
11007 0.6472660482722969 1100.7
11008 0.6474538298950121 1100.8
11009 0.6476502579238508 1100.9
11010 0.6478487076302218 1101
11011 0.6480486408208862 1101.1
11012 0.6482504717649462 1101.2
11013 0.6484517695482807 1101.3
11014 0.6486458288604218 1101.4
11015 0.6488386525598042 1101.5
11016 0.6490419034292999 1101.6
11017 0.6492462610735044 1101.7
11018 0.6494459378405815 1101.8
11019 0.6496439238473343 1101.9
11020 0.6498390249225233 1102
11021 0.6500368899608839 1102.1
11022 0.6502354481282044 1102.2
11023 0.6504340410032258 1102.3
11024 0.6506362230604427 1102.4
11025 0.6508400503925434 1102.5
11026 0.6510439922539117 1102.6
11027 0.6512498491193698 1102.7
11028 0.6514590134424862 1102.8
11029 0.6516663472210683 1102.9
11030 0.6518696940105208 1103
11031 0.6520724468705669 1103.1
11032 0.6522749324823912 1103.2
11033 0.6524755336418935 1103.3
11034 0.652675242455708 1103.4
11035 0.6528731569933607 1103.5
11036 0.6530686714326147 1103.6
11037 0.6532605118628843 1103.7
11038 0.6534516000938941 1103.8
11039 0.6536411425861756 1103.9
11040 0.6538309310916752 1104
11041 0.654016951040798 1104.1
11042 0.6542010458534363 1104.2
11043 0.6543833779927434 1104.3
11044 0.6545636647709853 1104.4
11045 0.6547433983594501 1104.5
11046 0.6549234309108829 1104.6
11047 0.6551015890892846 1104.7
11048 0.6552770627241291 1104.8
11049 0.6554482602270141 1104.9
11050 0.6556191609329398 1105
11051 0.6557908222658207 1105.1
11052 0.6559598608019654 1105.2
11053 0.6561244407978015 1105.3
11054 0.6562878059187431 1105.4
11055 0.6564483528249871 1105.5
11056 0.6566058445443111 1105.6
11057 0.6567522666127328 1105.7
11058 0.6568945741786765 1105.8
11059 0.6570358472956032 1105.9
11060 0.6571722171486698 1106
11061 0.6573034691445024 1106.1
11062 0.6574392353166696 1106.2
11063 0.6575753005444587 1106.3
11064 0.6577091415518149 1106.4
11065 0.6578374784047484 1106.5
11066 0.6579634585909739 1106.6
11067 0.6580867883337993 1106.7
11068 0.6582077398490832 1106.8
11069 0.6583288522461666 1106.9
11070 0.658448393975799 1107
11071 0.6585661652949031 1107.1
11072 0.6586691994474178 1107.2
11073 0.6587687916603929 1107.3
11074 0.6588742395571486 1107.4
11075 0.658980799051527 1107.5
11076 0.659084451142341 1107.6
11077 0.6591869964870584 1107.7
11078 0.6592895535468072 1107.8
11079 0.6593896561735858 1107.9
11080 0.6594893104389358 1108
11081 0.65958615779617 1108.1
11082 0.6596757260659372 1108.2
11083 0.6597825565762333 1108.3
11084 0.6598870277547313 1108.4
11085 0.6599903268965813 1108.5
11086 0.6600909081529565 1108.6
11087 0.6601977250709072 1108.7
11088 0.6603028023831086 1108.8
11089 0.660405400436877 1108.9
11090 0.6605024604643883 1109
11091 0.6605939450175183 1109.1
11092 0.6606615496640668 1109.2
11093 0.660724676905555 1109.3
11094 0.6607855195160905 1109.4
11095 0.6608440195071402 1109.5
11096 0.6609004624453498 1109.6
11097 0.660958986476525 1109.7
11098 0.6610152768364611 1109.8
11099 0.6610703610266264 1109.9
11100 0.6611245799067218 1110
11101 0.6611842901757211 1110.1
11102 0.6612478136701895 1110.2
11103 0.6613092477110224 1110.3
11104 0.6613726010673914 1110.4
11105 0.6614316420796225 1110.5
11106 0.661483878441588 1110.6
11107 0.661534235774239 1110.7
11108 0.6615815118482932 1110.8
11109 0.6616251626160199 1110.9
11110 0.6616676497209879 1111
11111 0.6617107549732387 1111.1
11112 0.6617527678212406 1111.2
11113 0.6617944436714751 1111.3
11114 0.661831146965554 1111.4
11115 0.6618679998456627 1111.5
11116 0.6619094922979045 1111.6
11117 0.6619528450157687 1111.7
11118 0.6619945223555587 1111.8
11119 0.6620359861859343 1111.9
11120 0.6620790876303954 1112
11121 0.6621358608642258 1112.1
11122 0.6621929562597485 1112.2
11123 0.6622436272985848 1112.3
11124 0.6623020582143666 1112.4
11125 0.6623651885187916 1112.5
11126 0.6624299424136019 1112.6
11127 0.6624833104369591 1112.7
11128 0.6625275210169602 1112.8
11129 0.6625775612058804 1112.9
11130 0.6626287927394132 1113
11131 0.6626903226381352 1113.1
11132 0.6627491182922568 1113.2
11133 0.6628091680168582 1113.3
11134 0.6628702797830052 1113.4
11135 0.6629345588836801 1113.5
11136 0.6630009511592118 1113.6
11137 0.6630677730739704 1113.7
11138 0.6631346777739857 1113.8
11139 0.6632046808502635 1113.9
11140 0.6632774727439901 1114
11141 0.6633511457885845 1114.1
11142 0.6634213689528586 1114.2
11143 0.663498586728177 1114.3
11144 0.6635833381420515 1114.4
11145 0.6636604226804148 1114.5
11146 0.6637345689380374 1114.6
11147 0.6638081406315475 1114.7
11148 0.6638868052496335 1114.8
11149 0.6639702160440986 1114.9
11150 0.6640564481764801 1115
11151 0.6641400068543423 1115.1
11152 0.6642167218057827 1115.2
11153 0.6642913107795247 1115.3
11154 0.6643654929660364 1115.4
11155 0.664443186008109 1115.5
11156 0.664521211624725 1115.6
11157 0.6645996163122809 1115.7
11158 0.6646735295275906 1115.8
11159 0.664736293872599 1115.9
11160 0.6647994918710073 1116
11161 0.6648652603652582 1116.1
11162 0.6649414000402587 1116.2
11163 0.6650142202957161 1116.3
11164 0.6650853285306141 1116.4
11165 0.6651526153231666 1116.5
11166 0.6652226784184714 1116.6
11167 0.6652932317645613 1116.7
11168 0.6653590691612459 1116.8
11169 0.6654244427488578 1116.9
11170 0.6654875794369631 1117
11171 0.6655500845972452 1117.1
11172 0.665613486170802 1117.2
11173 0.6656768506127266 1117.3
11174 0.6657396915137791 1117.4
11175 0.6658019037465708 1117.5
11176 0.665873717101219 1117.6
11177 0.665953483826598 1117.7
11178 0.6660355589673622 1117.8
11179 0.6661192650522587 1117.9
11180 0.6661870873773813 1118
11181 0.6662520823721534 1118.1
11182 0.6663185674692454 1118.2
11183 0.6663879838868273 1118.3
11184 0.6664609926685143 1118.4
11185 0.6665368319081512 1118.5
11186 0.6666139538624232 1118.6
11187 0.6666958968212224 1118.7
11188 0.6667776002243149 1118.8
11189 0.6668612220629772 1118.9
11190 0.6669466288488889 1119
11191 0.667044448951839 1119.1
11192 0.6671438212958213 1119.2
11193 0.6672465367035968 1119.3
11194 0.6673512913084744 1119.4
11195 0.6674571618849527 1119.5
11196 0.6675683416157259 1119.6
11197 0.6676845262146852 1119.7
11198 0.6678019529652217 1119.8
11199 0.6679208116849192 1119.9
11200 0.668042341243454 1120
11201 0.6681643043142936 1120.1
11202 0.6682899909147391 1120.2
11203 0.6684169986157551 1120.3
11204 0.6685455131666825 1120.4
11205 0.6686768611098106 1120.5
11206 0.6688075115990364 1120.6
11207 0.6689378453212702 1120.7
11208 0.669070241224981 1120.8
11209 0.6692071710812536 1120.9
11210 0.66934311084745 1121
11211 0.6694797419979429 1121.1
11212 0.66961549415656 1121.2
11213 0.6697516271148134 1121.3
11214 0.6698878511097363 1121.4
11215 0.670024550755525 1121.5
11216 0.6701620062514737 1121.6
11217 0.6702989946630981 1121.7
11218 0.6704370937384705 1121.8
11219 0.670576495939053 1121.9
11220 0.6707156023280715 1122
11221 0.6708539657108347 1122.1
11222 0.6709909522139457 1122.2
11223 0.6711263773705374 1122.3
11224 0.6712604914737073 1122.4
11225 0.6713924519976735 1122.5
11226 0.6715236035075836 1122.6
11227 0.6716531736585193 1122.7
11228 0.6717794641920147 1122.8
11229 0.6719019831234651 1122.9
11230 0.672010159591689 1123
11231 0.6721163101445449 1123.1
11232 0.6722214307417809 1123.2
11233 0.6723247202596827 1123.3
11234 0.6724327665102294 1123.4
11235 0.6725515944484201 1123.5
11236 0.6726666234699692 1123.6
11237 0.672778199017238 1123.7
11238 0.6728863235518657 1123.8
11239 0.672991091480911 1123.9
11240 0.6730939599995598 1124
11241 0.6731943365853541 1124.1
11242 0.6732917948060726 1124.2
11243 0.6733859746075638 1124.3
11244 0.6734741027475166 1124.4
11245 0.6735664047745779 1124.5
11246 0.6736517986592448 1124.6
11247 0.6737357961192998 1124.7
11248 0.6738168992070666 1124.8
11249 0.6738971731281714 1124.9
11250 0.6739755357104527 1125
11251 0.6740503812950288 1125.1
11252 0.6741452482300337 1125.2
11253 0.6742388365479787 1125.3
11254 0.6743302863571127 1125.4
11255 0.6744177437660914 1125.5
11256 0.6745072143683397 1125.6
11257 0.6745928729647285 1125.7
11258 0.6746756175183024 1125.8
11259 0.6747564757167586 1125.9
11260 0.6748356529215361 1126
11261 0.6749138818943575 1126.1
11262 0.6749905023824496 1126.2
11263 0.6750695307545129 1126.3
11264 0.6751465341853206 1126.4
11265 0.6752130435998993 1126.5
11266 0.675267734420519 1126.6
11267 0.6753197028519884 1126.7
11268 0.6753703772736017 1126.8
11269 0.6754204489316521 1126.9
11270 0.6754723096457657 1127
11271 0.6755235671718015 1127.1
11272 0.6755742628347208 1127.2
11273 0.6756323162487038 1127.3
11274 0.6756921972097543 1127.4
11275 0.6757544788234587 1127.5
11276 0.6758166244675249 1127.6
11277 0.6758790719794302 1127.7
11278 0.675944743519755 1127.8
11279 0.6759899124021327 1127.9
11280 0.6760366424976382 1128
11281 0.6760838236065496 1128.1
11282 0.6761319521986202 1128.2
11283 0.6761810942022908 1128.3
11284 0.6762317168003793 1128.4
11285 0.6762841415060434 1128.5
11286 0.6763378854327307 1128.6
11287 0.6763897870445031 1128.7
11288 0.676443452980286 1128.8
11289 0.6764971061693521 1128.9
11290 0.6765566696943729 1129
11291 0.6766193558857411 1129.1
11292 0.6766848973298043 1129.2
11293 0.6767513954609782 1129.3
11294 0.6768213013103882 1129.4
11295 0.6768918059810446 1129.5
11296 0.6769742492019558 1129.6
11297 0.6770609429622448 1129.7
11298 0.6771502615240537 1129.8
11299 0.6772395691661435 1129.9
11300 0.6773312626359249 1130
11301 0.6774248006661346 1130.1
11302 0.6775194723504895 1130.2
11303 0.6776147173311009 1130.3
11304 0.6777118211170491 1130.4
11305 0.6778107902005341 1130.5
11306 0.6779137719558335 1130.6
11307 0.6780228248375059 1130.7
11308 0.6781329317919657 1130.8
11309 0.6782427586615897 1130.9
11310 0.6783520616232392 1131
11311 0.678462108580088 1131.1
11312 0.678571233943834 1131.2
11313 0.6786873509819755 1131.3
11314 0.6788038183903579 1131.4
11315 0.6789205171731586 1131.5
11316 0.6790371007451351 1131.6
11317 0.6791535009797177 1131.7
11318 0.6792662796946689 1131.8
11319 0.6793780390102316 1131.9
11320 0.6794897470875767 1132
11321 0.6796031381544875 1132.1
11322 0.6797191383295468 1132.2
11323 0.6798389334558369 1132.3
11324 0.6799592357797944 1132.4
11325 0.6800779662459048 1132.5
11326 0.6801966463903093 1132.6
11327 0.6803151773777262 1132.7
11328 0.6804333965406423 1132.8
11329 0.6805480901108523 1132.9
11330 0.6806562283254978 1133
11331 0.6807624445741273 1133.1
11332 0.680867038183673 1133.2
11333 0.6809662288655327 1133.3
11334 0.6810645005798583 1133.4
11335 0.6811623275814702 1133.5
11336 0.681257388329463 1133.6
11337 0.6813560507818914 1133.7
11338 0.6814570169749983 1133.8
11339 0.6815551007473675 1133.9
11340 0.681650908961588 1134
11341 0.6817518879998522 1134.1
11342 0.6818521047383715 1134.2
11343 0.6819472910690232 1134.3
11344 0.6820401636510659 1134.4
11345 0.6821310436595592 1134.5
11346 0.6822171496275429 1134.6
11347 0.6822994989113065 1134.7
11348 0.6823801656169627 1134.8
11349 0.6824575678367705 1134.9
11350 0.682536063936231 1135
11351 0.6826149649427007 1135.1
11352 0.68268368349582 1135.2
11353 0.6827486379312179 1135.3
11354 0.6828086358437765 1135.4
11355 0.68286614725687 1135.5
11356 0.6829209899872932 1135.6
11357 0.6829739625059429 1135.7
11358 0.6830254885089774 1135.8
11359 0.6830741764654773 1135.9
11360 0.6831196508160241 1136
11361 0.6831639902148703 1136.1
11362 0.6832084535939345 1136.2
11363 0.6832522295267408 1136.3
11364 0.6832987344778003 1136.4
11365 0.6833439651718061 1136.5
11366 0.6833876025046044 1136.6
11367 0.6834303267040128 1136.7
11368 0.6834676119008525 1136.8
11369 0.6835029239220883 1136.9
11370 0.6835365942369175 1137
11371 0.6835694905283635 1137.1
11372 0.683601763388564 1137.2
11373 0.6836359946891213 1137.3
11374 0.6836699406951173 1137.4
11375 0.6837042666256854 1137.5
11376 0.6837359835018572 1137.6
11377 0.683765889581798 1137.7
11378 0.6837959718523464 1137.8
11379 0.6838234692419426 1137.9
11380 0.6838486794302803 1138
11381 0.6838740928221886 1138.1
11382 0.68389960612445 1138.2
11383 0.683926490859494 1138.3
11384 0.6839585198420126 1138.4
11385 0.6840034665567837 1138.5
11386 0.6840517909977744 1138.6
11387 0.6841045615409957 1138.7
11388 0.6841586324379235 1138.8
11389 0.6842147571088543 1138.9
11390 0.6842633583490098 1139
11391 0.6843163044640235 1139.1
11392 0.684371804719656 1139.2
11393 0.6844291343923984 1139.3
11394 0.6844885045497322 1139.4
11395 0.68454926716062 1139.5
11396 0.6846092938598678 1139.6
11397 0.6846637857930864 1139.7
11398 0.6847224971773281 1139.8
11399 0.6847853118963972 1139.9
11400 0.6848512696121547 1140
11401 0.6849220126559679 1140.1
11402 0.6849965026403786 1140.2
11403 0.6850740972101321 1140.3
11404 0.6851536083904718 1140.4
11405 0.6852350749100842 1140.5
11406 0.685333051450047 1140.6
11407 0.6854265590757997 1140.7
11408 0.685527083462018 1140.8
11409 0.6856289633807444 1140.9
11410 0.6857336010031735 1141
11411 0.6858413730362712 1141.1
11412 0.6859502490488787 1141.2
11413 0.6860611641693863 1141.3
11414 0.6861745496081393 1141.4
11415 0.6862903199035951 1141.5
11416 0.6864060289422983 1141.6
11417 0.686522070708762 1141.7
11418 0.686654973059446 1141.8
11419 0.6867932085851615 1141.9
11420 0.6869325256956796 1142
11421 0.6870736993929801 1142.1
11422 0.6872166932325608 1142.2
11423 0.6873622754535895 1142.3
11424 0.6875095459091886 1142.4
11425 0.6876548268818473 1142.5
11426 0.6877792790954566 1142.6
11427 0.6878923559363443 1142.7
11428 0.6880044538928971 1142.8
11429 0.6881162792801355 1142.9
11430 0.6882287065084768 1143
11431 0.688340441323252 1143.1
11432 0.6884701700423683 1143.2
11433 0.688600036542343 1143.3
11434 0.6887290446749328 1143.4
11435 0.6888578903587975 1143.5
11436 0.6889733411652615 1143.6
11437 0.689092234768657 1143.7
11438 0.6892130377143167 1143.8
11439 0.6893329580768527 1143.9
11440 0.6894659821185812 1144
11441 0.6895994942522264 1144.1
11442 0.6897371699558997 1144.2
11443 0.6898744631312993 1144.3
11444 0.6900126364903666 1144.4
11445 0.6901545240814481 1144.5
11446 0.6902975138066195 1144.6
11447 0.6904398887397936 1144.7
11448 0.6905828980524005 1144.8
11449 0.690727016951421 1144.9
11450 0.6908678030424368 1145
11451 0.6910075560836118 1145.1
11452 0.6911503479285077 1145.2
11453 0.6912842322468515 1145.3
11454 0.691418825609312 1145.4
11455 0.691555520799215 1145.5
11456 0.6916928842116378 1145.6
11457 0.6918315174662243 1145.7
11458 0.6919703277301005 1145.8
11459 0.6921110317005417 1145.9
11460 0.6922530491951735 1146
11461 0.6923833902716466 1146.1
11462 0.6925143973280269 1146.2
11463 0.6926485158820058 1146.3
11464 0.6927834939438623 1146.4
11465 0.692919395163387 1146.5
11466 0.6930561034793984 1146.6
11467 0.6931935321821071 1146.7
11468 0.6933313029477388 1146.8
11469 0.6934698030753323 1146.9
11470 0.6936159065492757 1147
11471 0.6937586519567602 1147.1
11472 0.6939042087288613 1147.2
11473 0.6940506425009844 1147.3
11474 0.6942224058526809 1147.4
11475 0.6944026360013785 1147.5
11476 0.6945758902429809 1147.6
11477 0.6947488728373644 1147.7
11478 0.6949222761107441 1147.8
11479 0.6950976551968534 1147.9
11480 0.695274063713881 1148
11481 0.6954527357851876 1148.1
11482 0.6956318638281925 1148.2
11483 0.6958106885278719 1148.3
11484 0.6959892361837891 1148.4
11485 0.6961504975919688 1148.5
11486 0.6963144224366924 1148.6
11487 0.6964780551593427 1148.7
11488 0.6966412071162209 1148.8
11489 0.6968053630840491 1148.9
11490 0.6969686713099469 1149
11491 0.6971319314537769 1149.1
11492 0.6972962213864091 1149.2
11493 0.6974609740142366 1149.3
11494 0.6976244152519449 1149.4
11495 0.6977878701021611 1149.5
11496 0.6979515112418988 1149.6
11497 0.698121583610371 1149.7
11498 0.6982947766598009 1149.8
11499 0.6984687331424635 1149.9
11500 0.6986431950871422 1150
11501 0.6988181695383148 1150.1
11502 0.6989887513350531 1150.2
11503 0.6991574162830793 1150.3
11504 0.6993240655550869 1150.4
11505 0.6994940126181349 1150.5
11506 0.6996654985200003 1150.6
11507 0.6998307206280705 1150.7
11508 0.6999947666405273 1150.8
11509 0.7001576640490006 1150.9
11510 0.7003208625778752 1151
11511 0.700484486080409 1151.1
11512 0.7006521460068954 1151.2
11513 0.7008212349903085 1151.3
11514 0.7009899580901818 1151.4
11515 0.7011579972740309 1151.5
11516 0.7013234821051897 1151.6
11517 0.7014925589576603 1151.7
11518 0.7016639748469096 1151.8
11519 0.7018342858487302 1151.9
11520 0.7020038753581282 1152
11521 0.7021723833010569 1152.1
11522 0.7023392740138307 1152.2
11523 0.7025050064633624 1152.3
11524 0.7026701115394606 1152.4
11525 0.7028276014042655 1152.5
11526 0.7029833375952006 1152.6
11527 0.7031375746494448 1152.7
11528 0.703288412278413 1152.8
11529 0.7034471344478227 1152.9
11530 0.7036052442830083 1153
11531 0.7037592508893785 1153.1
11532 0.7039102037048637 1153.2
11533 0.7040565404540705 1153.3
11534 0.7041975642642716 1153.4
11535 0.7043290853256597 1153.5
11536 0.7044573603149028 1153.6
11537 0.7045825140240852 1153.7
11538 0.7047042167724887 1153.8
11539 0.7048185985139099 1153.9
11540 0.704933079673537 1154
11541 0.7050436571704556 1154.1
11542 0.7051437057135103 1154.2
11543 0.7052476070028354 1154.3
11544 0.705347682758531 1154.4
11545 0.7054446762239133 1154.5
11546 0.7055389079337663 1154.6
11547 0.7056295185194821 1154.7
11548 0.705716247014561 1154.8
11549 0.7057989025114308 1154.9
11550 0.7058776518052089 1155
11551 0.705951432348459 1155.1
11552 0.7060238357461111 1155.2
11553 0.7060925491188229 1155.3
11554 0.7061555334376863 1155.4
11555 0.7062213188587433 1155.5
11556 0.7062836372487632 1155.6
11557 0.706341885068686 1155.7
11558 0.7064002241363407 1155.8
11559 0.7064496862456729 1155.9
11560 0.7064899408951331 1156
11561 0.70652625147691 1156.1
11562 0.7065597762189948 1156.2
11563 0.7065896573809849 1156.3
11564 0.7066162705692431 1156.4
11565 0.7066396684210727 1156.5
11566 0.7066601556691648 1156.6
11567 0.7066784663915158 1156.7
11568 0.7066996701271387 1156.8
11569 0.7067117853239593 1156.9
11570 0.7067199826314033 1157
11571 0.7067264611278827 1157.1
11572 0.7067282737913454 1157.2
11573 0.7067270492748375 1157.3
11574 0.7067201063451185 1157.4
11575 0.706715951426426 1157.5
11576 0.70670973034811 1157.6
11577 0.7067012872571544 1157.7
11578 0.7066912250843234 1157.8
11579 0.7066800164843544 1157.9
11580 0.7066679612263047 1158
11581 0.7066569664013124 1158.1
11582 0.7066426719698952 1158.2
11583 0.7066225506409186 1158.3
11584 0.7066032618362871 1158.4
11585 0.7065803617911832 1158.5
11586 0.7065570376452839 1158.6
11587 0.7065331440679733 1158.7
11588 0.7065216693199082 1158.8
11589 0.7065114275467003 1158.9
11590 0.7064976117242699 1159
11591 0.7064833948332074 1159.1
11592 0.706469025531532 1159.2
11593 0.7064547406456593 1159.3
11594 0.706442549314395 1159.4
11595 0.7064306215706159 1159.5
11596 0.7064226381507211 1159.6
11597 0.7064146979858352 1159.7
11598 0.7064069586657504 1159.8
11599 0.7063999054515728 1159.9
11600 0.7063940743591455 1160
11601 0.7063935084312906 1160.1
11602 0.7063940730274699 1160.2
11603 0.7063938173355949 1160.3
11604 0.7063977769117318 1160.4
11605 0.7064010708076226 1160.5
11606 0.7064064130621928 1160.6
11607 0.7064059072268047 1160.7
11608 0.7064051784564894 1160.8
11609 0.7064071758893571 1160.9
11610 0.7064163390076218 1161
11611 0.7064272209490942 1161.1
11612 0.7064389157216771 1161.2
11613 0.7064530686948204 1161.3
11614 0.7064694621589905 1161.4
11615 0.7064930426947145 1161.5
11616 0.7065196851372423 1161.6
11617 0.7065491952291837 1161.7
11618 0.7065851836119269 1161.8
11619 0.706623466396603 1161.9
11620 0.7066650535071324 1162
11621 0.7067088107098813 1162.1
11622 0.706756626599602 1162.2
11623 0.7068018366572097 1162.3
11624 0.7068296471414981 1162.4
11625 0.7068647397242793 1162.5
11626 0.7069035450499658 1162.6
11627 0.7069451779488889 1162.7
11628 0.7069898478626125 1162.8
11629 0.7070378525268419 1162.9
11630 0.7070948314268066 1163
11631 0.7071569510927028 1163.1
11632 0.7072219271625263 1163.2
11633 0.707299979474273 1163.3
11634 0.7073810910819993 1163.4
11635 0.7074662951629878 1163.5
11636 0.7075535290048657 1163.6
11637 0.7076442367516514 1163.7
11638 0.7077372243463356 1163.8
11639 0.7078324637168211 1163.9
11640 0.7079281164949621 1164
11641 0.7080131572014308 1164.1
11642 0.7081044410632317 1164.2
11643 0.7081980235301057 1164.3
11644 0.7082913913117928 1164.4
11645 0.7083861606643839 1164.5
11646 0.7084839849108771 1164.6
11647 0.7085852362775383 1164.7
11648 0.7086870046915011 1164.8
11649 0.7088031603132452 1164.9
11650 0.7089138227122731 1165
11651 0.7090259430177898 1165.1
11652 0.7091394476673304 1165.2
11653 0.7092527284088698 1165.3
11654 0.7093670277476429 1165.4
11655 0.7094825405500744 1165.5
11656 0.709604478305134 1165.6
11657 0.7097316682590236 1165.7
11658 0.7098623026554456 1165.8
11659 0.7099950356072779 1165.9
11660 0.7101247809307953 1166
11661 0.7102562908239622 1166.1
11662 0.7103767737554787 1166.2
11663 0.7104893996980431 1166.3
11664 0.7106024765426248 1166.4
11665 0.710716941190799 1166.5
11666 0.7108336250616966 1166.6
11667 0.7109580002817026 1166.7
11668 0.7110851911687066 1166.8
11669 0.7112124571682932 1166.9
11670 0.7113396148883423 1167
11671 0.7114687235644183 1167.1
11672 0.7116009481542886 1167.2
11673 0.7117326273190094 1167.3
11674 0.7118637870178595 1167.4
11675 0.711993941683399 1167.5
11676 0.7121209540268766 1167.6
11677 0.7122471092827175 1167.7
11678 0.7123757624630367 1167.8
11679 0.7125062599641433 1167.9
11680 0.712637186905213 1168
11681 0.7127673805016643 1168.1
11682 0.7128975894952227 1168.2
11683 0.7130269200666942 1168.3
11684 0.7131563254384602 1168.4
11685 0.7132861989164878 1168.5
11686 0.7134160586249318 1168.6
11687 0.7135465468323752 1168.7
11688 0.7136795729278709 1168.8
11689 0.7138130384606827 1168.9
11690 0.7139465154942672 1169
11691 0.7140874405308359 1169.1
11692 0.7142290946381308 1169.2
11693 0.7143722648254485 1169.3
11694 0.7145150438624248 1169.4
11695 0.7146538465272161 1169.5
11696 0.7147875007940041 1169.6
11697 0.7149238881288227 1169.7
11698 0.7150642491677343 1169.8
11699 0.7152060719844494 1169.9
11700 0.7153439631472189 1170
11701 0.71548276433463 1170.1
11702 0.7156215230589192 1170.2
11703 0.7157595073145224 1170.3
11704 0.7158970889196725 1170.4
11705 0.71603375078378 1170.5
11706 0.7161704669983521 1170.6
11707 0.7163064106341925 1170.7
11708 0.7164325537942241 1170.8
11709 0.7165495304405282 1170.9
11710 0.7166634178061183 1171
11711 0.7167816899245177 1171.1
11712 0.7169011126375997 1171.2
11713 0.7170233242141167 1171.3
11714 0.7171440194812646 1171.4
11715 0.7172602210979957 1171.5
11716 0.7173755821055962 1171.6
11717 0.7174896394043252 1171.7
11718 0.7175968962504149 1171.8
11719 0.7177015494897366 1171.9
11720 0.7177966718684567 1172
11721 0.7178907539811674 1172.1
11722 0.7179937178218262 1172.2
11723 0.7180944245267096 1172.3
11724 0.7181941988860338 1172.4
11725 0.7182816472841486 1172.5
11726 0.7183664997526559 1172.6
11727 0.7184492018498331 1172.7
11728 0.7185327387753524 1172.8
11729 0.718610926392254 1172.9
11730 0.7186869651722357 1173
11731 0.7187632254733671 1173.1
11732 0.7188386743363476 1173.2
11733 0.7189129771876275 1173.3
11734 0.7189867185625527 1173.4
11735 0.7190597100350101 1173.5
11736 0.7191316412683443 1173.6
11737 0.71920242698782 1173.7
11738 0.7192783035416824 1173.8
11739 0.7193617517672415 1173.9
11740 0.7194383232275785 1174
11741 0.719513183503614 1174.1
11742 0.7195862260706748 1174.2
11743 0.7196561715670333 1174.3
11744 0.7197240195193991 1174.4
11745 0.7197901621998228 1174.5
11746 0.7198564032254108 1174.6
11747 0.7199236119867299 1174.7
11748 0.7199889469949453 1174.8
11749 0.7200527037402377 1174.9
11750 0.7201166544950289 1175
11751 0.7201799791023523 1175.1
11752 0.7202400712339039 1175.2
11753 0.7202992062847261 1175.3
11754 0.7203579989240864 1175.4
11755 0.7204155655318295 1175.5
11756 0.7204724625461663 1175.6
11757 0.7205288666053649 1175.7
11758 0.7205812125973863 1175.8
11759 0.7206324498421656 1175.9
11760 0.7206831396120765 1176
11761 0.7207281792079454 1176.1
11762 0.7207697925804488 1176.2
11763 0.7208120317310923 1176.3
11764 0.7208552729501913 1176.4
11765 0.7208988774165321 1176.5
11766 0.7209432561039563 1176.6
11767 0.7209893116430228 1176.7
11768 0.7210359507040118 1176.8
11769 0.7210833469150579 1176.9
11770 0.7211316161640434 1177
11771 0.7211909916245806 1177.1
11772 0.7212427802589743 1177.2
11773 0.721297549534046 1177.3
11774 0.7213532781330506 1177.4
11775 0.721410477850274 1177.5
11776 0.7214702841362671 1177.6
11777 0.7215315768355864 1177.7
11778 0.7215943322985688 1177.8
11779 0.7216584475826453 1177.9
11780 0.721724064099015 1178
11781 0.7217914900083361 1178.1
11782 0.721860445000274 1178.2
11783 0.7219308248038404 1178.3
11784 0.7220034055218523 1178.4
11785 0.7220836520932244 1178.5
11786 0.7221665073979231 1178.6
11787 0.72225081805418 1178.7
11788 0.7223357335029597 1178.8
11789 0.7224232467208894 1178.9
11790 0.7225111860575265 1179
11791 0.7225975466637242 1179.1
11792 0.7226858117662469 1179.2
11793 0.7227745810739336 1179.3
11794 0.7228629411325436 1179.4
11795 0.7229621503580448 1179.5
11796 0.7230651190889401 1179.6
11797 0.7231691064768149 1179.7
11798 0.7232741159830827 1179.8
11799 0.7233799774306998 1179.9
11800 0.7234866278089399 1180
11801 0.723594137814962 1180.1
11802 0.723701192564535 1180.2
11803 0.7238027446108968 1180.3
11804 0.7239019308359324 1180.4
11805 0.7239994795194604 1180.5
11806 0.72409698726056 1180.6
11807 0.7241948638820184 1180.7
11808 0.7242955315389914 1180.8
11809 0.7243973342400533 1180.9
11810 0.724497835339735 1181
11811 0.7245964949098592 1181.1
11812 0.7246957189070686 1181.2
11813 0.7247969724286684 1181.3
11814 0.7249030019260719 1181.4
11815 0.7250091806499823 1181.5
11816 0.7251151539316206 1181.6
11817 0.7252207868179233 1181.7
11818 0.7253261197044293 1181.8
11819 0.7254250735037803 1181.9
11820 0.7255176125049358 1182
11821 0.725609459696024 1182.1
11822 0.7257008871212955 1182.2
11823 0.7257913772724336 1182.3
11824 0.7258811621947179 1182.4
11825 0.7259702256259043 1182.5
11826 0.7260584444546629 1182.6
11827 0.7261458050834952 1182.7
11828 0.7262321444055025 1182.8
11829 0.726317305193071 1182.9
11830 0.7264011518589214 1183
11831 0.7264831152486251 1183.1
11832 0.7265636768716527 1183.2
11833 0.7266425948043681 1183.3
11834 0.7267250961265814 1183.4
11835 0.726813115142986 1183.5
11836 0.7268973693426466 1183.6
11837 0.7269802900024069 1183.7
11838 0.7270613464615584 1183.8
11839 0.7271405050659877 1183.9
11840 0.7272169651947712 1184
11841 0.7272912392062612 1184.1
11842 0.7273633790470586 1184.2
11843 0.7274333330763844 1184.3
11844 0.7275010367040089 1184.4
11845 0.7275670511170077 1184.5
11846 0.7276255869846566 1184.6
11847 0.7276864662621801 1184.7
11848 0.7277459835331117 1184.8
11849 0.7278030736687461 1184.9
11850 0.7278601157990032 1185
11851 0.7279172179106427 1185.1
11852 0.7279726746962794 1185.2
11853 0.7280257029729452 1185.3
11854 0.7280755387204405 1185.4
11855 0.7281245176714827 1185.5
11856 0.7281715076062976 1185.6
11857 0.7282164241547412 1185.7
11858 0.7282593227943405 1185.8
11859 0.7283001776280816 1185.9
11860 0.7283387827243186 1186
11861 0.7283787836221326 1186.1
11862 0.7284165792182401 1186.2
11863 0.7284516573260847 1186.3
11864 0.7284858001036421 1186.4
11865 0.728518406150979 1186.5
11866 0.7285494830233729 1186.6
11867 0.7285792417829463 1186.7
11868 0.7286079852207724 1186.8
11869 0.7286357766634005 1186.9
11870 0.7286633901263887 1187
11871 0.728690457949253 1187.1
11872 0.7287158212968282 1187.2
11873 0.7287395388238106 1187.3
11874 0.7287627466935737 1187.4
11875 0.728787646703853 1187.5
11876 0.7288131918320017 1187.6
11877 0.7288351646685892 1187.7
11878 0.7288571575994164 1187.8
11879 0.7288793818878845 1187.9
11880 0.7289041832866044 1188
11881 0.7289301314715491 1188.1
11882 0.7289574063924951 1188.2
11883 0.7289856720989596 1188.3
11884 0.7290152542067334 1188.4
11885 0.7290469067142601 1188.5
11886 0.7290799025058181 1188.6
11887 0.7291143901455709 1188.7
11888 0.7291583333513959 1188.8
11889 0.7292032616029556 1188.9
11890 0.7292451843778045 1189
11891 0.7292875540476624 1189.1
11892 0.7293321751154216 1189.2
11893 0.7293759980931992 1189.3
11894 0.7294202633746615 1189.4
11895 0.7294655088975422 1189.5
11896 0.7295157016645228 1189.6
11897 0.7295749144640831 1189.7
11898 0.7296354843524637 1189.8
11899 0.72969641013521 1189.9
11900 0.7297576187137931 1190
11901 0.7298175587319029 1190.1
11902 0.7298779965543133 1190.2
11903 0.7299367867588955 1190.3
11904 0.7299880787791515 1190.4
11905 0.7300503683320338 1190.5
11906 0.7301164609583771 1190.6
11907 0.7301835810169417 1190.7
11908 0.7302507721390242 1190.8
11909 0.7303176836062647 1190.9
11910 0.7303885782285282 1191
11911 0.7304609950019307 1191.1
11912 0.7305397141508279 1191.2
11913 0.7306198251963255 1191.3
11914 0.7307012422328301 1191.4
11915 0.7307858969248493 1191.5
11916 0.7308741681172717 1191.6
11917 0.7309650956666841 1191.7
11918 0.7310579284307016 1191.8
11919 0.7311525074578544 1191.9
11920 0.7312466787161438 1192
11921 0.7313305710303458 1192.1
11922 0.731416531645625 1192.2
11923 0.7315040387307554 1192.3
11924 0.7315930600022211 1192.4
11925 0.7316845912933854 1192.5
11926 0.7317774082531978 1192.6
11927 0.7318712995336385 1192.7
11928 0.7319667898204635 1192.8
11929 0.7320605410175209 1192.9
11930 0.7321601168739352 1193
11931 0.7322596449065745 1193.1
11932 0.7323611398574934 1193.2
11933 0.7324634304297648 1193.3
11934 0.7325668160986035 1193.4
11935 0.7326701864197547 1193.5
11936 0.7327786548068199 1193.6
11937 0.7328882177964652 1193.7
11938 0.7329999758808173 1193.8
11939 0.7331140954232063 1193.9
11940 0.7332292641749538 1194
11941 0.7333467401513686 1194.1
11942 0.7334661127193161 1194.2
11943 0.7335847405152687 1194.3
11944 0.7337045481285068 1194.4
11945 0.7338268194466376 1194.5
11946 0.7339498386348582 1194.6
11947 0.7340738332546572 1194.7
11948 0.7341988989460709 1194.8
11949 0.7343249335837035 1194.9
11950 0.7344488385117313 1195
11951 0.7345740024199133 1195.1
11952 0.7347003250087866 1195.2
11953 0.7348280581755218 1195.3
11954 0.7349581276774879 1195.4
11955 0.7350907511772908 1195.5
11956 0.7352217121069634 1195.6
11957 0.7353541868181364 1195.7
11958 0.7354859215982884 1195.8
11959 0.7356185661151196 1195.9
11960 0.7357520719405676 1196
11961 0.7358856119284889 1196.1
11962 0.7360216486526545 1196.2
11963 0.7361588068614057 1196.3
11964 0.7362957403428863 1196.4
11965 0.7364345778626226 1196.5
11966 0.7365660049412087 1196.6
11967 0.7366919801776532 1196.7
11968 0.7368178714299374 1196.8
11969 0.7369446122675501 1196.9
11970 0.737072377464839 1197
11971 0.7372134519305299 1197.1
11972 0.737354872348164 1197.2
11973 0.7374960043465318 1197.3
11974 0.7376382768200931 1197.4
11975 0.7377722752298459 1197.5
11976 0.7378983266129286 1197.6
11977 0.7380326012673789 1197.7
11978 0.7381732485120561 1197.8
11979 0.7383126959402653 1197.9
11980 0.738451380335205 1198
11981 0.7385895644300257 1198.1
11982 0.7387272359318842 1198.2
11983 0.7388594589607447 1198.3
11984 0.7389910379782409 1198.4
11985 0.7391242485872001 1198.5
11986 0.7392566472322459 1198.6
11987 0.7393922884556611 1198.7
11988 0.7395288667267761 1198.8
11989 0.7396656737484451 1198.9
11990 0.7398020746420226 1199
11991 0.7399380672068167 1199.1
11992 0.7400736243176022 1199.2
11993 0.7402087669220083 1199.3
11994 0.7403399920081856 1199.4
11995 0.7404698668034887 1199.5
11996 0.7405998057166729 1199.6
11997 0.7407284443606591 1199.7
11998 0.7408569869599876 1199.8
11999 0.7409847348436127 1199.9
12000 0.7411199833209435 1200
12001 0.7412619169278022 1200.1
12002 0.7414022999793395 1200.2
12003 0.7415431020344559 1200.3
12004 0.7416831860839784 1200.4
12005 0.7418225822238839 1200.5
12006 0.7419608160531518 1200.6
12007 0.7420979253683243 1200.7
12008 0.7422345101306056 1200.8
12009 0.7423735946045181 1200.9
12010 0.7425143822827276 1201
12011 0.7426546263121776 1201.1
12012 0.7427807754247994 1201.2
12013 0.7429060580162136 1201.3
12014 0.7430301085872574 1201.4
12015 0.7431495040399482 1201.5
12016 0.7432680285549942 1201.6
12017 0.7433878510714365 1201.7
12018 0.7435109519920258 1201.8
12019 0.7436332832343659 1201.9
12020 0.7437552686690051 1202
12021 0.743877591273292 1202.1
12022 0.7439992078622168 1202.2
12023 0.7441202194687891 1202.3
12024 0.7442413730004108 1202.4
12025 0.7443673611911615 1202.5
12026 0.7444920428516323 1202.6
12027 0.744617035858079 1202.7
12028 0.7447410593301766 1202.8
12029 0.7448644095580376 1202.9
12030 0.744995784862193 1203
12031 0.7451333076279243 1203.1
12032 0.7452698662438296 1203.2
12033 0.7454034300148928 1203.3
12034 0.7455381098721938 1203.4
12035 0.7456707199905932 1203.5
12036 0.7457910469618534 1203.6
12037 0.745910709405131 1203.7
12038 0.7460291269089352 1203.8
12039 0.7461475386076069 1203.9
12040 0.7462651004133083 1204
12041 0.7463819407740131 1204.1
12042 0.7464978514395035 1204.2
12043 0.7466128188363542 1204.3
12044 0.746726979655554 1204.4
12045 0.7468399507930635 1204.5
12046 0.7469516596744257 1204.6
12047 0.7470621325569597 1204.7
12048 0.7471713736638793 1204.8
12049 0.7472793231018074 1204.9
12050 0.7473857333587106 1205
12051 0.7474891865563845 1205.1
12052 0.7475918478504948 1205.2
12053 0.7476934857182015 1205.3
12054 0.7477929852559939 1205.4
12055 0.7478896497492605 1205.5
12056 0.7479847995126115 1205.6
12057 0.7480775173233927 1205.7
12058 0.7481685787720288 1205.8
12059 0.7482579077550758 1205.9
12060 0.7483454389358442 1206
12061 0.7484334523874011 1206.1
12062 0.7485196224980634 1206.2
12063 0.7486042478753506 1206.3
12064 0.7486876802213878 1206.4
12065 0.748769693579183 1206.5
12066 0.7488507045777615 1206.6
12067 0.7489303622508793 1206.7
12068 0.749008338810964 1206.8
12069 0.7490819669415966 1206.9
12070 0.749153758163822 1207
12071 0.7492240500237434 1207.1
12072 0.749303010359419 1207.2
12073 0.7493824282602031 1207.3
12074 0.7494599394105507 1207.4
12075 0.7495394700751623 1207.5
12076 0.7496181123577361 1207.6
12077 0.7496950136710683 1207.7
12078 0.7497720442519781 1207.8
12079 0.7498457930480266 1207.9
12080 0.7499161980496081 1208
12081 0.7499847446593748 1208.1
12082 0.7500504846316961 1208.2
12083 0.7501087507220434 1208.3
12084 0.7501660776005313 1208.4
12085 0.7502250848994605 1208.5
12086 0.7502769765817556 1208.6
12087 0.7503274985793243 1208.7
12088 0.7503767994908864 1208.8
12089 0.7504249615308778 1208.9
12090 0.7504728799374449 1209
12091 0.750518185878298 1209.1
12092 0.7505654117936076 1209.2
12093 0.7506142529703831 1209.3
12094 0.7506616839975057 1209.4
12095 0.7507061902359614 1209.5
12096 0.7507497981747119 1209.6
12097 0.7507923284934052 1209.7
12098 0.7508339683242085 1209.8
12099 0.7508748111976294 1209.9
12100 0.7509149530526312 1210
12101 0.7509534071183045 1210.1
12102 0.7509877916381602 1210.2
12103 0.7510217049952981 1210.3
12104 0.7510551603738395 1210.4
12105 0.7510880480326027 1210.5
12106 0.7511202525143656 1210.6
12107 0.7511521301209605 1210.7
12108 0.7511819637209681 1210.8
12109 0.7512101121982736 1210.9
12110 0.7512367157225203 1211
12111 0.7512650574455357 1211.1
12112 0.7512950396503796 1211.2
12113 0.7513258175217514 1211.3
12114 0.7513567181286213 1211.4
12115 0.7513877411301833 1211.5
12116 0.751419275710883 1211.6
12117 0.7514520939804326 1211.7
12118 0.7514866724960061 1211.8
12119 0.7515211888699193 1211.9
12120 0.7515550369628414 1212
12121 0.751589758855386 1212.1
12122 0.7516241783182004 1212.2
12123 0.7516591719992725 1212.3
12124 0.7516966746725976 1212.4
12125 0.7517360280735799 1212.5
12126 0.7517791581438426 1212.6
12127 0.7518217629814555 1212.7
12128 0.751857560207627 1212.8
12129 0.7518913914112838 1212.9
12130 0.7519256418254835 1213
12131 0.7519623157449803 1213.1
12132 0.7520031604927456 1213.2
12133 0.7520617911560679 1213.3
12134 0.7521216323079158 1213.4
12135 0.7521830691417927 1213.5
12136 0.752245693429856 1213.6
12137 0.7523122289596568 1213.7
12138 0.7523804400045812 1213.8
12139 0.7524494708315721 1213.9
12140 0.7525196167419151 1214
12141 0.752591028742971 1214.1
12142 0.7526620002748993 1214.2
12143 0.7527301038778491 1214.3
12144 0.7528002242961145 1214.4
12145 0.7528720769545553 1214.5
12146 0.7529456419702948 1214.6
12147 0.7530209680608538 1214.7
12148 0.7530967364269681 1214.8
12149 0.7531739554353313 1214.9
12150 0.7532520928338098 1215
12151 0.7533316882624823 1215.1
12152 0.7534148637750948 1215.2
12153 0.7534987982181119 1215.3
12154 0.7535811705586537 1215.4
12155 0.7536539365793089 1215.5
12156 0.7537345896959609 1215.6
12157 0.7538151874365173 1215.7
12158 0.7539134006831369 1215.8
12159 0.7540123900819246 1215.9
12160 0.7541123792465323 1216
12161 0.7542134810789416 1216.1
12162 0.7543157231915578 1216.2
12163 0.7544177755094384 1216.3
12164 0.7545170931091821 1216.4
12165 0.7546167386571189 1216.5
12166 0.7547162179954018 1216.6
12167 0.7548164581171515 1216.7
12168 0.7549186917623859 1216.8
12169 0.7550234943385344 1216.9
12170 0.7551291875600019 1217
12171 0.7552356933813419 1217.1
12172 0.7553425611472105 1217.2
12173 0.7554497489189136 1217.3
12174 0.7555574393722337 1217.4
12175 0.7556675380201822 1217.5
12176 0.755783749546125 1217.6
12177 0.7559001138542112 1217.7
12178 0.7560166296014489 1217.8
12179 0.7561332213115121 1217.9
12180 0.7562498353898276 1218
12181 0.7563661888277039 1218.1
12182 0.7564819283406584 1218.2
12183 0.756603240605992 1218.3
12184 0.7567244984446972 1218.4
12185 0.7568438257461902 1218.5
12186 0.7569526836190852 1218.6
12187 0.7570604242662975 1218.7
12188 0.7571675381858338 1218.8
12189 0.7572742125936135 1218.9
12190 0.7573771689999761 1219
12191 0.7574767540671976 1219.1
12192 0.7575755883178861 1219.2
12193 0.7576736510362176 1219.3
12194 0.7577709578800711 1219.4
12195 0.7578675092628251 1219.5
12196 0.757963286637644 1219.6
12197 0.7580582693666192 1219.7
12198 0.7581514296129961 1219.8
12199 0.758243408760026 1219.9
12200 0.7583366487860591 1220
12201 0.7584444608441354 1220.1
12202 0.7585565819281243 1220.2
12203 0.75866832921073 1220.3
12204 0.758779162854477 1220.4
12205 0.7588881640252042 1220.5
12206 0.7589929053753501 1220.6
12207 0.7590895548758438 1220.7
12208 0.759185426239785 1220.8
12209 0.759281732969641 1220.9
12210 0.7593769267278144 1221
12211 0.7594724734789849 1221.1
12212 0.7595674717782031 1221.2
12213 0.7596692184150428 1221.3
12214 0.7597682834082001 1221.4
12215 0.7598656556176713 1221.5
12216 0.7599615511372098 1221.6
12217 0.7600559492527287 1221.7
12218 0.7601494575529115 1221.8
12219 0.7602448845630195 1221.9
12220 0.7603386302764834 1222
12221 0.7604306313652079 1222.1
12222 0.7605209834083072 1222.2
12223 0.7606092010664498 1222.3
12224 0.7606992358472323 1222.4
12225 0.760786524931134 1222.5
12226 0.7608714329199718 1222.6
12227 0.7609540764755007 1222.7
12228 0.7610345403474371 1222.8
12229 0.7611142381617092 1222.9
12230 0.7611918977765926 1223
12231 0.7612673703964212 1223.1
12232 0.7613427068396084 1223.2
12233 0.7614037391057877 1223.3
12234 0.761463043117225 1223.4
12235 0.7615246769977373 1223.5
12236 0.7615924568497396 1223.6
12237 0.7616573133041946 1223.7
12238 0.7617208343709262 1223.8
12239 0.7617724391507156 1223.9
12240 0.7618224306608562 1224
12241 0.7618757281006723 1224.1
12242 0.7619321951409304 1224.2
12243 0.7619841927590425 1224.3
12244 0.7620221452252991 1224.4
12245 0.7620589727711298 1224.5
12246 0.7620938536218219 1224.6
12247 0.76213464500024 1224.7
12248 0.7621757100219211 1224.8
12249 0.7622158388893815 1224.9
12250 0.7622551009733952 1225
12251 0.7622930463507979 1225.1
12252 0.7623298807940649 1225.2
12253 0.7623657147664484 1225.3
12254 0.7624075297191168 1225.4
12255 0.7624505540114062 1225.5
12256 0.7624939619401597 1225.6
12257 0.7625411080787231 1225.7
12258 0.7625878936469055 1225.8
12259 0.7626304651427361 1225.9
12260 0.7626748833323821 1226
12261 0.7627195055474705 1226.1
12262 0.7627645552778741 1226.2
12263 0.7628101562476548 1226.3
12264 0.762855753892715 1226.4
12265 0.7628911378131741 1226.5
12266 0.7629289865065332 1226.6
12267 0.7629733369457535 1226.7
12268 0.7630147746830831 1226.8
12269 0.7630602172110037 1226.9
12270 0.7631073646912492 1227
12271 0.7631577118692103 1227.1
12272 0.7632078431419493 1227.2
12273 0.763260779481896 1227.3
12274 0.7633147772980085 1227.4
12275 0.7633720736877351 1227.5
12276 0.7634309194952519 1227.6
12277 0.76349147597239 1227.7
12278 0.7635538913021943 1227.8
12279 0.7636182145524081 1227.9
12280 0.763686983014266 1228
12281 0.7637590848175537 1228.1
12282 0.7638340736635922 1228.2
12283 0.7639107996988472 1228.3
12284 0.7639896853226557 1228.4
12285 0.7640709832954811 1228.5
12286 0.7641571617332206 1228.6
12287 0.7642449122098978 1228.7
12288 0.7643349554253627 1228.8
12289 0.7644272464084706 1228.9
12290 0.7645216030283295 1229
12291 0.7646178923585331 1229.1
12292 0.7647153744050016 1229.2
12293 0.7648133448800718 1229.3
12294 0.7649138219615812 1229.4
12295 0.7650217745173334 1229.5
12296 0.7651289490606776 1229.6
12297 0.7652343767522158 1229.7
12298 0.7653423571966598 1229.8
12299 0.7654527834546677 1229.9
12300 0.7655663866134763 1230
12301 0.765681438873892 1230.1
12302 0.7657973425651697 1230.2
12303 0.7659144192942438 1230.3
12304 0.766032531928065 1230.4
12305 0.7661520987419032 1230.5
12306 0.7662727266894318 1230.6
12307 0.7663915310175605 1230.7
12308 0.7665105703342785 1230.8
12309 0.7666298080823494 1230.9
12310 0.7667497302969523 1231
12311 0.7668701871220672 1231.1
12312 0.7669877615108784 1231.2
12313 0.7671054403180921 1231.3
12314 0.7672326950520647 1231.4
12315 0.7673611410422488 1231.5
12316 0.7674903213165323 1231.6
12317 0.7676204846651848 1231.7
12318 0.7677507911529953 1231.8
12319 0.7678810535286963 1231.9
12320 0.7680111062983542 1232
12321 0.7681410106639877 1232.1
12322 0.7682703796426674 1232.2
12323 0.7683995424995796 1232.3
12324 0.7685282570004961 1232.4
12325 0.7686552879421773 1232.5
12326 0.7687824277502523 1232.6
12327 0.768908899751035 1232.7
12328 0.7690350005704757 1232.8
12329 0.7691607526527706 1232.9
12330 0.7692860627980453 1233
12331 0.7694051315633712 1233.1
12332 0.7695209473442901 1233.2
12333 0.7696368031473687 1233.3
12334 0.7697519664050323 1233.4
12335 0.7698640948454475 1233.5
12336 0.7699755129162884 1233.6
12337 0.7700869011375245 1233.7
12338 0.7701973564085313 1233.8
12339 0.7703069141860327 1233.9
12340 0.7704155440488568 1234
12341 0.7705231897490618 1234.1
12342 0.7706297149820764 1234.2
12343 0.7707351925762571 1234.3
12344 0.7708391933976018 1234.4
12345 0.7709427394855365 1234.5
12346 0.7710457194651725 1234.6
12347 0.7711470164466531 1234.7
12348 0.7712480977515576 1234.8
12349 0.7713472028879603 1234.9
12350 0.7714445868088261 1235
12351 0.7715409657742824 1235.1
12352 0.7716363496194162 1235.2
12353 0.7717307178133757 1235.3
12354 0.7718237416814866 1235.4
12355 0.7719156830718946 1235.5
12356 0.7720066344295997 1235.6
12357 0.7720967381981915 1235.7
12358 0.7721861818071961 1235.8
12359 0.7722748903069537 1235.9
12360 0.7723625034600553 1236
12361 0.7724500483479463 1236.1
12362 0.7725367834597706 1236.2
12363 0.7726228446756417 1236.3
12364 0.7727091387353475 1236.4
12365 0.7727948631122281 1236.5
12366 0.7728799354932441 1236.6
12367 0.7729661412535861 1236.7
12368 0.7730521576789862 1236.8
12369 0.7731375826431319 1236.9
12370 0.7732222662465782 1237
12371 0.7733061990542279 1237.1
12372 0.7733906376868982 1237.2
12373 0.7734765333670497 1237.3
12374 0.7735619671333921 1237.4
12375 0.7736468842885285 1237.5
12376 0.7737308995070786 1237.6
12377 0.7738141981859671 1237.7
12378 0.7738968159932811 1237.8
12379 0.7739788052120876 1237.9
12380 0.7740601216868042 1238
12381 0.774140770525396 1238.1
12382 0.7742207818577206 1238.2
12383 0.7743000670349779 1238.3
12384 0.774378445401991 1238.4
12385 0.7744538034737178 1238.5
12386 0.7745283176860105 1238.6
12387 0.7746021077833914 1238.7
12388 0.7746759196400647 1238.8
12389 0.7747489852600877 1238.9
12390 0.7748212974355935 1239
12391 0.7748915084854739 1239.1
12392 0.7749602430625062 1239.2
12393 0.7750278699245113 1239.3
12394 0.7750943667548167 1239.4
12395 0.7751599228796424 1239.5
12396 0.7752242762116935 1239.6
12397 0.7752883949346953 1239.7
12398 0.7753544732398436 1239.8
12399 0.7754181958411418 1239.9
12400 0.7754804911508306 1240
12401 0.7755437800627341 1240.1
12402 0.7756064449485597 1240.2
12403 0.7756665824018378 1240.3
12404 0.7757256119936331 1240.4
12405 0.7757836485920248 1240.5
12406 0.7758406963201128 1240.6
12407 0.775896794861123 1240.7
12408 0.7759518798115591 1240.8
12409 0.7760059140763912 1240.9
12410 0.7760591651396038 1241
12411 0.7761116467553942 1241.1
12412 0.7761625541086832 1241.2
12413 0.7762123029001141 1241.3
12414 0.7762618007971295 1241.4
12415 0.7763119101209762 1241.5
12416 0.7763613122281784 1241.6
12417 0.7764098970651747 1241.7
12418 0.7764577567366161 1241.8
12419 0.7765049082606834 1241.9
12420 0.7765499519315582 1242
12421 0.7765929069814976 1242.1
12422 0.7766347623680433 1242.2
12423 0.7766755904626222 1242.3
12424 0.7767095800532273 1242.4
12425 0.7767430525788119 1242.5
12426 0.7767759537789869 1242.6
12427 0.7768073555752288 1242.7
12428 0.7768385281213687 1242.8
12429 0.776869679358416 1242.9
12430 0.7769009374120205 1243
12431 0.7769321936316055 1243.1
12432 0.7769635477159257 1243.2
12433 0.7769948703980174 1243.3
12434 0.7770267177378211 1243.4
12435 0.7770604474975311 1243.5
12436 0.7770988476953267 1243.6
12437 0.7771425264357198 1243.7
12438 0.777186510581113 1243.8
12439 0.7772305724024168 1243.9
12440 0.7772750979944847 1244
12441 0.7773201442004468 1244.1
12442 0.7773658478203965 1244.2
12443 0.7774121955562897 1244.3
12444 0.7774587090222714 1244.4
12445 0.777504985858113 1244.5
12446 0.7775510134322798 1244.6
12447 0.777599140198315 1244.7
12448 0.777646567026363 1244.8
12449 0.7776952134931051 1244.9
12450 0.7777438979344238 1245
12451 0.7777932352837231 1245.1
12452 0.7778441140051621 1245.2
12453 0.777895532830718 1245.3
12454 0.7779464960300837 1245.4
12455 0.777998041535797 1245.5
12456 0.7780522859631377 1245.6
12457 0.7781088091438352 1245.7
12458 0.7781673250974454 1245.8
12459 0.7782276710241453 1245.9
12460 0.7782897888775098 1246
12461 0.7783540675730601 1246.1
12462 0.7784207672880971 1246.2
12463 0.7784895029739792 1246.3
12464 0.7785609565956111 1246.4
12465 0.7786347072115265 1246.5
12466 0.7787104450900653 1246.6
12467 0.7787869064781017 1246.7
12468 0.7788629256236405 1246.8
12469 0.7789446784647925 1246.9
12470 0.7790295539161388 1247
12471 0.7791159173788222 1247.1
12472 0.7792024378275666 1247.2
12473 0.7792893523399835 1247.3
12474 0.7793780449187693 1247.4
12475 0.7794681264758064 1247.5
12476 0.7795651426948388 1247.6
12477 0.7796639843679737 1247.7
12478 0.7797577022791912 1247.8
12479 0.77985259301315 1247.9
12480 0.7799495903584942 1248
12481 0.7800480944263344 1248.1
12482 0.7801513148812108 1248.2
12483 0.780260673997351 1248.3
12484 0.7803717913101271 1248.4
12485 0.7804817128549485 1248.5
12486 0.7805928472818279 1248.6
12487 0.7807055792966072 1248.7
12488 0.7808196099524928 1248.8
12489 0.7809343999446549 1248.9
12490 0.7810500323278178 1249
12491 0.7811651794275186 1249.1
12492 0.7812808182894561 1249.2
12493 0.7813984770946478 1249.3
12494 0.7815183308405836 1249.4
12495 0.7816385627638589 1249.5
12496 0.7817590178289006 1249.6
12497 0.7818795776151621 1249.7
12498 0.7820000486236381 1249.8
12499 0.7821202742564028 1249.9
12500 0.782240214009168 1250
12501 0.7823597800487521 1250.1
12502 0.7824789239185566 1250.2
12503 0.7825984262560822 1250.3
12504 0.7827193916786789 1250.4
12505 0.7828396571429914 1250.5
12506 0.7829583724758408 1250.6
12507 0.7830759040627784 1250.7
12508 0.7831920414562611 1250.8
12509 0.7833071688154852 1250.9
12510 0.7834212913184939 1251
12511 0.7835342160062283 1251.1
12512 0.7836458579505119 1251.2
12513 0.7837639753120422 1251.3
12514 0.7838806409633119 1251.4
12515 0.7839971810996959 1251.5
12516 0.7841108272754472 1251.6
12517 0.7842115738819684 1251.7
12518 0.784311961788945 1251.8
12519 0.7844310877748765 1251.9
12520 0.7845485300805282 1252
12521 0.784662903561119 1252.1
12522 0.7847651603992557 1252.2
12523 0.7848641555065127 1252.3
12524 0.7849619317082736 1252.4
12525 0.7850595520891223 1252.5
12526 0.7851568988099188 1252.6
12527 0.7852529952779596 1252.7
12528 0.7853476814166742 1252.8
12529 0.7854408693639073 1252.9
12530 0.7855316886052482 1253
12531 0.7856207943887724 1253.1
12532 0.7857093348598444 1253.2
12533 0.7857967654145679 1253.3
12534 0.7858831206926779 1253.4
12535 0.7859685507405595 1253.5
12536 0.7860529751974498 1253.6
12537 0.7861363923595569 1253.7
12538 0.7862187051372708 1253.8
12539 0.7862999551085966 1253.9
12540 0.7863805416710985 1254
12541 0.786455662588424 1254.1
12542 0.7865296492641374 1254.2
12543 0.7866025151713594 1254.3
12544 0.7866770826744647 1254.4
12545 0.7867499691790671 1254.5
12546 0.786817071327031 1254.6
12547 0.7868829204705059 1254.7
12548 0.7869521089600194 1254.8
12549 0.7870210316134797 1254.9
12550 0.7870896219232866 1255
12551 0.7871575022144786 1255.1
12552 0.7872246687052905 1255.2
12553 0.787291186284814 1255.3
12554 0.7873570980586749 1255.4
12555 0.7874231662992097 1255.5
12556 0.7874886703338237 1255.6
12557 0.7875532780781054 1255.7
12558 0.7876200833461818 1255.8
12559 0.7876898966677838 1255.9
12560 0.7877534290137982 1256
12561 0.7878167652780743 1256.1
12562 0.787880160443051 1256.2
12563 0.7879405932125424 1256.3
12564 0.7880006677206235 1256.4
12565 0.7880633367350179 1256.5
12566 0.7881252965539799 1256.6
12567 0.7881871727788118 1256.7
12568 0.788248899167128 1256.8
12569 0.7883098350924358 1256.9
12570 0.7883827852551323 1257
12571 0.7884556647222095 1257.1
12572 0.78852894473497 1257.2
12573 0.7886025114805671 1257.3
12574 0.7886756264129297 1257.4
12575 0.7887386339378539 1257.5
12576 0.7888016322824848 1257.6
12577 0.7888669260951207 1257.7
12578 0.7889355455420868 1257.8
12579 0.7890043607294819 1257.9
12580 0.7890729876351081 1258
12581 0.7891416354312567 1258.1
12582 0.7892103804428131 1258.2
12583 0.7892792861267053 1258.3
12584 0.7893483892740697 1258.4
12585 0.7894175609055976 1258.5
12586 0.7894867621589249 1258.6
12587 0.7895551225489572 1258.7
12588 0.789623482715451 1258.8
12589 0.7896920873291335 1258.9
12590 0.7897534787406475 1259
12591 0.789814953604546 1259.1
12592 0.7898766672672886 1259.2
12593 0.7899403040861233 1259.3
12594 0.7900041339205097 1259.4
12595 0.7900680841060068 1259.5
12596 0.790131669179174 1259.6
12597 0.7901956956189852 1259.7
12598 0.7902595223053588 1259.8
12599 0.7903230013346945 1259.9
12600 0.7903866740766017 1260
12601 0.7904527436937063 1260.1
12602 0.790520872093076 1260.2
12603 0.7905878051917613 1260.3
12604 0.7906564876730872 1260.4
12605 0.7907235019550051 1260.5
12606 0.7907877821142475 1260.6
12607 0.7908517553222086 1260.7
12608 0.7909158039933838 1260.8
12609 0.7909795867078901 1260.9
12610 0.7910434843409169 1261
12611 0.7911077619891566 1261.1
12612 0.7911804720684644 1261.2
12613 0.7912553417582493 1261.3
12614 0.7913307381420309 1261.4
12615 0.7914055696784955 1261.5
12616 0.791480165070622 1261.6
12617 0.7915550787017855 1261.7
12618 0.7916302645421789 1261.8
12619 0.7917040302770315 1261.9
12620 0.7917777991095418 1262
12621 0.7918520602270911 1262.1
12622 0.7919250802422991 1262.2
12623 0.7919986181721732 1262.3
12624 0.7920726086245106 1262.4
12625 0.7921496432481456 1262.5
12626 0.7922271799225921 1262.6
12627 0.7923055812851966 1262.7
12628 0.7923815496189042 1262.8
12629 0.7924584927288393 1262.9
12630 0.7925364073783143 1263
12631 0.7926148637894092 1263.1
12632 0.7926938412393584 1263.2
12633 0.7927730871707263 1263.3
12634 0.7928528910769337 1263.4
12635 0.7929333277481312 1263.5
12636 0.7930154122029307 1263.6
12637 0.7930998304725922 1263.7
12638 0.7931845081315642 1263.8
12639 0.7932676731505951 1263.9
12640 0.7933515521356158 1264
12641 0.793436960361582 1264.1
12642 0.7935229421691853 1264.2
12643 0.7936093225221327 1264.3
12644 0.793696145114144 1264.4
12645 0.7937853009291981 1264.5
12646 0.7938762107682611 1264.6
12647 0.7939674447225795 1264.7
12648 0.7940593705136437 1264.8
12649 0.7941543677140762 1264.9
12650 0.7942490184638684 1265
12651 0.7943429013754736 1265.1
12652 0.7944374109686348 1265.2
12653 0.7945324442841835 1265.3
12654 0.7946279752102079 1265.4
12655 0.794723946816404 1265.5
12656 0.7948203874680526 1265.6
12657 0.7949173712459503 1265.7
12658 0.7950147924973769 1265.8
12659 0.7951127193146714 1265.9
12660 0.7952111245229497 1266
12661 0.7953099262647659 1266.1
12662 0.7954087255273926 1266.2
12663 0.795507676353566 1266.3
12664 0.7956009027442303 1266.4
12665 0.7956887410425295 1266.5
12666 0.7957769930988222 1266.6
12667 0.7958735055702646 1266.7
12668 0.7959804398075172 1266.8
12669 0.7960924028134883 1266.9
12670 0.7962048200427165 1267
12671 0.7963179052048328 1267.1
12672 0.7964300004359225 1267.2
12673 0.7965391838277898 1267.3
12674 0.7966487752145427 1267.4
12675 0.7967587766133165 1267.5
12676 0.796869215697218 1267.6
12677 0.7969790134047765 1267.7
12678 0.7970880772208591 1267.8
12679 0.797198098385571 1267.9
12680 0.7973084332205449 1268
12681 0.7974180066376748 1268.1
12682 0.7975285338374268 1268.2
12683 0.7976442568144162 1268.3
12684 0.7977530156484556 1268.4
12685 0.7978600774265304 1268.5
12686 0.7979668594048152 1268.6
12687 0.7980739900138768 1268.7
12688 0.7981830539550659 1268.8
12689 0.7982923640657725 1268.9
12690 0.7984014290901935 1269
12691 0.7985108249131667 1269.1
12692 0.7986207949565604 1269.2
12693 0.7987311562195365 1269.3
12694 0.7988415333475525 1269.4
12695 0.7989523783478626 1269.5
12696 0.7990632083699496 1269.6
12697 0.7991746218922728 1269.7
12698 0.7992867263387682 1269.8
12699 0.7993990863053049 1269.9
12700 0.7995112314248943 1270
12701 0.7996243163665231 1270.1
12702 0.799747093179603 1270.2
12703 0.7998702872500677 1270.3
12704 0.7999950390782311 1270.4
12705 0.8001178504257987 1270.5
12706 0.8002430418252369 1270.6
12707 0.8003664764604865 1270.7
12708 0.8004895942046197 1270.8
12709 0.8006128907062994 1270.9
12710 0.8007391680724995 1271
12711 0.8008656634461261 1271.1
12712 0.8009922382473292 1271.2
12713 0.8011188412762712 1271.3
12714 0.801245520971821 1271.4
12715 0.8013727306876705 1271.5
12716 0.8014998463997371 1271.6
12717 0.8016266517350509 1271.7
12718 0.801752932407097 1271.8
12719 0.801878903535846 1271.9
12720 0.8020046252280063 1272
12721 0.8021300808187458 1272.1
12722 0.8022554307410827 1272.2
12723 0.8023803137806748 1272.3
12724 0.802504709155709 1272.4
12725 0.8026290871513053 1272.5
12726 0.8027536221172622 1272.6
12727 0.8028776917488799 1272.7
12728 0.8030055594593676 1272.8
12729 0.8031320147170419 1272.9
12730 0.8032506878481109 1273
12731 0.8033682575454723 1273.1
12732 0.8034849212225311 1273.2
12733 0.8036007084343422 1273.3
12734 0.8037163750368608 1273.4
12735 0.8038328505306329 1273.5
12736 0.8039485113293582 1273.6
12737 0.804062945382004 1273.7
12738 0.8041765123861412 1273.8
12739 0.8042885871155168 1273.9
12740 0.8043996482915158 1274
12741 0.8045099067586569 1274.1
12742 0.8046210779038349 1274.2
12743 0.8047316280111232 1274.3
12744 0.8048414162766543 1274.4
12745 0.8049503096577308 1274.5
12746 0.805058091971806 1274.6
12747 0.8051650704107228 1274.7
12748 0.8052666872466074 1274.8
12749 0.8053688406070032 1274.9
12750 0.8054677913722718 1275
12751 0.8055641876147898 1275.1
12752 0.8056591797897804 1275.2
12753 0.8057522331699779 1275.3
12754 0.8058435393630398 1275.4
12755 0.8059329342159465 1275.5
12756 0.806021077029357 1275.6
12757 0.8061074351145003 1275.7
12758 0.8061918202079091 1275.8
12759 0.8062740553645427 1275.9
12760 0.8063546601204435 1276
12761 0.806433419116989 1276.1
12762 0.8065109138540948 1276.2
12763 0.8065867150729965 1276.3
12764 0.8066613385304447 1276.4
12765 0.8067339464867045 1276.5
12766 0.8068045439660388 1276.6
12767 0.8068731371005806 1276.7
12768 0.8069397091176499 1276.8
12769 0.8070043322043303 1276.9
12770 0.8070669426275908 1277
12771 0.8071275905693798 1277.1
12772 0.8071857206493706 1277.2
12773 0.80724634858842 1277.3
12774 0.8072985300500277 1277.4
12775 0.8073486988146635 1277.5
12776 0.8073966954735393 1277.6
12777 0.8074413347319488 1277.7
12778 0.8074843924784479 1277.8
12779 0.807526961480182 1277.9
12780 0.8075695218798031 1278
12781 0.8076128070504697 1278.1
12782 0.8076542953672193 1278.2
12783 0.8076941761479894 1278.3
12784 0.8077346744617691 1278.4
12785 0.8077739171200802 1278.5
12786 0.8078147111764644 1278.6
12787 0.8078587651817486 1278.7
12788 0.807901521726789 1278.8
12789 0.8079437968156685 1278.9
12790 0.8079855667772731 1279
12791 0.8080270147431784 1279.1
12792 0.8080681115030389 1279.2
12793 0.8081093286250903 1279.3
12794 0.8081492630183403 1279.4
12795 0.8081818926359459 1279.5
12796 0.8082149851446062 1279.6
12797 0.8082486255672331 1279.7
12798 0.8082830559926335 1279.8
12799 0.8083180328112852 1279.9
12800 0.8083537999197908 1280
12801 0.8083906032565803 1280.1
12802 0.8084286819987869 1280.2
12803 0.808467865066649 1280.3
12804 0.8085083739484787 1280.4
12805 0.8085502594464073 1280.5
12806 0.8085934707208652 1280.6
12807 0.8086374427378111 1280.7
12808 0.8086827540056437 1280.8
12809 0.8087295124725939 1280.9
12810 0.8087777765878319 1281
12811 0.8088282644549292 1281.1
12812 0.8088808423916586 1281.2
12813 0.8089349287757758 1281.3
12814 0.8089904425163289 1281.4
12815 0.8090474129861841 1281.5
12816 0.8091069918916319 1281.6
12817 0.8091674379921682 1281.7
12818 0.8092296860176932 1281.8
12819 0.8092931475490628 1281.9
12820 0.8093602953760547 1282
12821 0.8094309094752024 1282.1
12822 0.8095020758385361 1282.2
12823 0.8095735892113076 1282.3
12824 0.8096539761172349 1282.4
12825 0.8097342232391161 1282.5
12826 0.8098157628443674 1282.6
12827 0.8098944239266024 1282.7
12828 0.8099805249998542 1282.8
12829 0.8100627874650836 1282.9
12830 0.8101462630800464 1283
12831 0.8102310106100508 1283.1
12832 0.8103169571628682 1283.2
12833 0.8104011442358358 1283.3
12834 0.8104865124156583 1283.4
12835 0.8105736783688806 1283.5
12836 0.8106660068982012 1283.6
12837 0.8107593328407602 1283.7
12838 0.8108535930304474 1283.8
12839 0.8109487554588737 1283.9
12840 0.8110447246112977 1284
12841 0.8111413879352561 1284.1
12842 0.8112382138593728 1284.2
12843 0.8113356460770378 1284.3
12844 0.8114349516344406 1284.4
12845 0.8115352866849477 1284.5
12846 0.8116350605367736 1284.6
12847 0.8117302641161527 1284.7
12848 0.8118254933086492 1284.8
12849 0.8119197638615283 1284.9
12850 0.8120128326582927 1285
12851 0.8121195327039931 1285.1
12852 0.8122256158004616 1285.2
12853 0.812330831422492 1285.3
12854 0.8124360067662196 1285.4
12855 0.8125405340782822 1285.5
12856 0.812644264601455 1285.6
12857 0.8127472828767338 1285.7
12858 0.8128490189381468 1285.8
12859 0.8129498422553891 1285.9
12860 0.8130497185010707 1286
12861 0.8131434243306304 1286.1
12862 0.8132338196813764 1286.2
12863 0.8133231719908478 1286.3
12864 0.8134114504031653 1286.4
12865 0.8134986265117045 1286.5
12866 0.8135847123239249 1286.6
12867 0.8136711525721225 1286.7
12868 0.8137563431437191 1286.8
12869 0.8138426584821895 1286.9
12870 0.8139277583246619 1287
12871 0.8140113609982448 1287.1
12872 0.8140922808714063 1287.2
12873 0.8141761640507104 1287.3
12874 0.8142589824932128 1287.4
12875 0.814340818630489 1287.5
12876 0.8144216820021003 1287.6
12877 0.8145013069921095 1287.7
12878 0.814576554120464 1287.8
12879 0.814650285754937 1287.9
12880 0.8147221124113765 1288
12881 0.8147935726759898 1288.1
12882 0.8148650253194034 1288.2
12883 0.814935851749202 1288.3
12884 0.8150060447083673 1288.4
12885 0.8150760349220771 1288.5
12886 0.8151455264192594 1288.6
12887 0.81521228123915 1288.7
12888 0.8152777328094877 1288.8
12889 0.8153426231420549 1288.9
12890 0.8154069194596779 1289
12891 0.8154708152515852 1289.1
12892 0.8155352756520771 1289.2
12893 0.8156009813099707 1289.3
12894 0.8156701121253687 1289.4
12895 0.8157389164410302 1289.5
12896 0.8158039598363789 1289.6
12897 0.8158747157417005 1289.7
12898 0.8159477150740425 1289.8
12899 0.81601217445854 1289.9
12900 0.8160765286427779 1290
12901 0.8161400642842004 1290.1
12902 0.816202557131087 1290.2
12903 0.8162642836908404 1290.3
12904 0.8163254179073601 1290.4
12905 0.8163875532311037 1290.5
12906 0.8164506637332669 1290.6
12907 0.8165123014714502 1290.7
12908 0.8165750317514162 1290.8
12909 0.8166378466082205 1290.9
12910 0.8167019581055556 1291
12911 0.8167662578701432 1291.1
12912 0.8168305482523933 1291.2
12913 0.8168954018575619 1291.3
12914 0.8169609656410299 1291.4
12915 0.8170269105754544 1291.5
12916 0.8170942033954816 1291.6
12917 0.8171623980869271 1291.7
12918 0.8172306702707686 1291.8
12919 0.8172991700335376 1291.9
12920 0.8173680074363484 1292
12921 0.8174345922347278 1292.1
12922 0.81750152838503 1292.2
12923 0.8175687751962374 1292.3
12924 0.817635963792316 1292.4
12925 0.8177037162822963 1292.5
12926 0.8177719525755548 1292.6
12927 0.8178406038019596 1292.7
12928 0.8179095048758463 1292.8
12929 0.8179786571516481 1292.9
12930 0.8180479863543124 1293
12931 0.8181180655824453 1293.1
12932 0.8181882078853091 1293.2
12933 0.8182583082865988 1293.3
12934 0.8183287472014363 1293.4
12935 0.818399670744607 1293.5
12936 0.8184704767109069 1293.6
12937 0.8185410680148079 1293.7
12938 0.8186111886908928 1293.8
12939 0.81868078576078 1293.9
12940 0.8187500236091457 1294
12941 0.8188188512230068 1294.1
12942 0.8188872248005783 1294.2
12943 0.8189550561448308 1294.3
12944 0.8190224332248128 1294.4
12945 0.8190891933054889 1294.5
12946 0.8191563146861479 1294.6
12947 0.8192234695843501 1294.7
12948 0.8192900418385076 1294.8
12949 0.8193560857158101 1294.9
12950 0.8194212448502169 1295
12951 0.8194859456395804 1295.1
12952 0.819549991466936 1295.2
12953 0.8196134806213553 1295.3
12954 0.8196764144231118 1295.4
12955 0.8197387894812953 1295.5
12956 0.8198005740293329 1295.6
12957 0.8198616985750597 1295.7
12958 0.8199260815124185 1295.8
12959 0.8199893530001032 1295.9
12960 0.8200518075533271 1296
12961 0.820113762928372 1296.1
12962 0.8201752001234884 1296.2
12963 0.8202370319930872 1296.3
12964 0.8203019115132135 1296.4
12965 0.8203672083987023 1296.5
12966 0.820432130881785 1296.6
12967 0.8204981138207027 1296.7
12968 0.8205630425883779 1296.8
12969 0.8206273398967711 1296.9
12970 0.8206889327796421 1297
12971 0.8207505718131248 1297.1
12972 0.8208130548624067 1297.2
12973 0.8208750673789318 1297.3
12974 0.8209372338835752 1297.4
12975 0.8210001107719549 1297.5
12976 0.821062545977863 1297.6
12977 0.821124592042212 1297.7
12978 0.8211863330501731 1297.8
12979 0.821247672918236 1297.9
12980 0.8213087608698257 1298
12981 0.8213697132033942 1298.1
12982 0.8214306269229765 1298.2
12983 0.8214919000572461 1298.3
12984 0.8215531782036581 1298.4
12985 0.8216145157141256 1298.5
12986 0.821675872161056 1298.6
12987 0.8217373025869176 1298.7
12988 0.8217987697388296 1298.8
12989 0.8218604673612695 1298.9
12990 0.8219225320227231 1299
12991 0.8219835608965698 1299.1
12992 0.8220440724608112 1299.2
12993 0.8221047124799288 1299.3
12994 0.8221643976161328 1299.4
12995 0.8222218952564671 1299.5
12996 0.8222795953295422 1299.6
12997 0.8223374607767988 1299.7
12998 0.8223968988545137 1299.8
12999 0.8224588188801859 1299.9
13000 0.8225214062593215 1300
13001 0.8225828045417339 1300.1
13002 0.8226433223158868 1300.2
13003 0.8226986668862086 1300.3
13004 0.822751804509076 1300.4
13005 0.8228139728700735 1300.5
13006 0.8228759833509735 1300.6
13007 0.8229382187811005 1300.7
13008 0.8230007867627837 1300.8
13009 0.8230638181879845 1300.9
13010 0.8231269481591944 1301
13011 0.8231903609482351 1301.1
13012 0.8232543063612715 1301.2
13013 0.8233188580559397 1301.3
13014 0.8233841273639859 1301.4
13015 0.8234501907491421 1301.5
13016 0.8235175761100062 1301.6
13017 0.823587280246577 1301.7
13018 0.8236575042212427 1301.8
13019 0.8237272450072292 1301.9
13020 0.8237984793556635 1302
13021 0.823871359590672 1302.1
13022 0.8239454776218945 1302.2
13023 0.8240208924133788 1302.3
13024 0.8240976686553979 1302.4
13025 0.8241761237786666 1302.5
13026 0.8242554013743932 1302.6
13027 0.8243361709466492 1302.7
13028 0.8244184685938359 1302.8
13029 0.8245063544917326 1302.9
13030 0.8245902469917239 1303
13031 0.8246753578732579 1303.1
13032 0.8247658345751597 1303.2
13033 0.8248614818020116 1303.3
13034 0.8249585895725171 1303.4
13035 0.8250574825566527 1303.5
13036 0.8251589549788868 1303.6
13037 0.8252617444945604 1303.7
13038 0.8253641496501106 1303.8
13039 0.8254677209166353 1303.9
13040 0.8255724178132915 1304
13041 0.8256782147107402 1304.1
13042 0.8257860371852758 1304.2
13043 0.8258949770004013 1304.3
13044 0.8260053566231425 1304.4
13045 0.8261155518058166 1304.5
13046 0.8262265782944975 1304.6
13047 0.8263383583387023 1304.7
13048 0.8264507909328377 1304.8
13049 0.8265637735922771 1304.9
13050 0.8266772992000916 1305
13051 0.8267915878030014 1305.1
13052 0.8269061774415407 1305.2
13053 0.8270202914002016 1305.3
13054 0.8271327191256913 1305.4
13055 0.8272455564447447 1305.5
13056 0.8273578935246084 1305.6
13057 0.8274703348046232 1305.7
13058 0.8275844665853216 1305.8
13059 0.8277015154167782 1305.9
13060 0.8278176511968356 1306
13061 0.8279333101542615 1306.1
13062 0.828047353722027 1306.2
13063 0.8281595366179372 1306.3
13064 0.8282714321979325 1306.4
13065 0.8283821689809303 1306.5
13066 0.8284928367080493 1306.6
13067 0.8286042385533684 1306.7
13068 0.8287146107341516 1306.8
13069 0.8288241800025955 1306.9
13070 0.8289330244621852 1307
13071 0.829041165912755 1307.1
13072 0.8291485959262881 1307.2
13073 0.8292546296617959 1307.3
13074 0.8293594744326418 1307.4
13075 0.8294635906471307 1307.5
13076 0.8295663633730935 1307.6
13077 0.8296678397782278 1307.7
13078 0.8297685852371461 1307.8
13079 0.8298686093458597 1307.9
13080 0.8299655465350328 1308
13081 0.8300589172420791 1308.1
13082 0.8301513116024717 1308.2
13083 0.8302428796547713 1308.3
13084 0.8303335451422208 1308.4
13085 0.8304240152229518 1308.5
13086 0.8305138593088927 1308.6
13087 0.8306042461657819 1308.7
13088 0.8306966314057642 1308.8
13089 0.830788160402425 1308.9
13090 0.8308788021992206 1309
13091 0.8309687090282252 1309.1
13092 0.8310540393411741 1309.2
13093 0.8311380449777186 1309.3
13094 0.8312212523355498 1309.4
13095 0.8313037840664593 1309.5
13096 0.8313855604660176 1309.6
13097 0.8314653033519186 1309.7
13098 0.8315438207376411 1309.8
13099 0.8316235141627665 1309.9
13100 0.8317056229743227 1310
13101 0.8317871696168854 1310.1
13102 0.8318686252892554 1310.2
13103 0.831949518256734 1310.3
13104 0.8320253236334102 1310.4
13105 0.8320984000744719 1310.5
13106 0.8321710804428855 1310.6
13107 0.8322433314616514 1310.7
13108 0.832315242249679 1310.8
13109 0.8323863017233517 1310.9
13110 0.8324572401347717 1311
13111 0.8325279790409094 1311.1
13112 0.8325982497146713 1311.2
13113 0.832668249423089 1311.3
13114 0.83273849094957 1311.4
13115 0.8328086326529054 1311.5
13116 0.8328783574155559 1311.6
13117 0.8329479509214254 1311.7
13118 0.8330176601901238 1311.8
13119 0.8330878284146126 1311.9
13120 0.833158159147247 1312
13121 0.8332285963990989 1312.1
13122 0.833299113781529 1312.2
13123 0.8333697909055504 1312.3
13124 0.8334405272191611 1312.4
13125 0.8335111020996534 1312.5
13126 0.8335857957929791 1312.6
13127 0.8336708018328239 1312.7
13128 0.833755766619267 1312.8
13129 0.8338407302906805 1312.9
13130 0.8339257243662698 1313
13131 0.8340107499357511 1313.1
13132 0.8340958074451547 1313.2
13133 0.8341808766386026 1313.3
13134 0.8342665118566125 1313.4
13135 0.8343571229080997 1313.5
13136 0.8344388920651171 1313.6
13137 0.8345223135238954 1313.7
13138 0.8346034944951076 1313.8
13139 0.8346833984079028 1313.9
13140 0.8347626639084977 1314
13141 0.8348420640314747 1314.1
13142 0.8349243514882254 1314.2
13143 0.8350086787212307 1314.3
13144 0.8350931314131957 1314.4
13145 0.8351773447436274 1314.5
13146 0.8352614328639626 1314.6
13147 0.8353455585698008 1314.7
13148 0.8354308278772468 1314.8
13149 0.8355172200289577 1314.9
13150 0.8356036397329641 1315
13151 0.8356901310484983 1315.1
13152 0.8357745486593049 1315.2
13153 0.835859972392592 1315.3
13154 0.8359452414413742 1315.4
13155 0.8360307148343074 1315.5
13156 0.8361170364352658 1315.6
13157 0.8362021077516499 1315.7
13158 0.8362867841281842 1315.8
13159 0.8363710020808326 1315.9
13160 0.8364546860351835 1316
13161 0.8365380109265791 1316.1
13162 0.8366209062989461 1316.2
13163 0.8367030459931372 1316.3
13164 0.8367793498693129 1316.4
13165 0.8368562661194233 1316.5
13166 0.8369324794996126 1316.6
13167 0.8370077339771582 1316.7
13168 0.8370806386174937 1316.8
13169 0.837154503392004 1316.9
13170 0.8372280446783301 1317
13171 0.8373005608537812 1317.1
13172 0.8373722059836849 1317.2
13173 0.8374425841948699 1317.3
13174 0.8375121037116458 1317.4
13175 0.8375785179975161 1317.5
13176 0.8376418864431792 1317.6
13177 0.8377040338159948 1317.7
13178 0.8377650205758261 1317.8
13179 0.8378250113460408 1317.9
13180 0.8378836510000892 1318
13181 0.8379411025637828 1318.1
13182 0.8379975126012058 1318.2
13183 0.8380531711420298 1318.3
13184 0.8381043959084981 1318.4
13185 0.8381541385127158 1318.5
13186 0.8382027076078244 1318.6
13187 0.8382507475390081 1318.7
13188 0.8382981860918195 1318.8
13189 0.8383450896764045 1318.9
13190 0.8383895308956579 1319
13191 0.8384335117714485 1319.1
13192 0.8384774866007272 1319.2
13193 0.8385210860884934 1319.3
13194 0.8385649171385002 1319.4
13195 0.8386093144126732 1319.5
13196 0.8386535272740187 1319.6
13197 0.8386975196132562 1319.7
13198 0.8387409192638441 1319.8
13199 0.8387857279786823 1319.9
13200 0.8388304652603286 1320
13201 0.838875667142043 1320.1
13202 0.8389270557083962 1320.2
13203 0.8389788358350213 1320.3
13204 0.8390297004424309 1320.4
13205 0.8390813829556205 1320.5
13206 0.8391326281176336 1320.6
13207 0.8391824058107589 1320.7
13208 0.8392356457645735 1320.8
13209 0.8392899580944483 1320.9
13210 0.8393454187729066 1321
13211 0.8393939186969605 1321.1
13212 0.839442922989832 1321.2
13213 0.8394925215470987 1321.3
13214 0.8395427455503379 1321.4
13215 0.8395936381782547 1321.5
13216 0.8396452450200815 1321.6
13217 0.8396995558295656 1321.7
13218 0.8397542984666581 1321.8
13219 0.8398095904314485 1321.9
13220 0.8398656458301602 1322
13221 0.8399219327995784 1322.1
13222 0.8399786789413477 1322.2
13223 0.8400415535721915 1322.3
13224 0.8401029773708261 1322.4
13225 0.8401637425816435 1322.5
13226 0.8402267648053007 1322.6
13227 0.8402930022197769 1322.7
13228 0.8403646144867652 1322.8
13229 0.8404352702135525 1322.9
13230 0.8405051297073745 1323
13231 0.8405758818536497 1323.1
13232 0.8406475536146547 1323.2
13233 0.8407203329988543 1323.3
13234 0.8407944352764846 1323.4
13235 0.8408697589019775 1323.5
13236 0.8409449818117006 1323.6
13237 0.8410210721916043 1323.7
13238 0.8411006986510358 1323.8
13239 0.8411829910257378 1323.9
13240 0.8412668239630509 1324
13241 0.841351905873428 1324.1
13242 0.8414377173462092 1324.2
13243 0.8415250583669482 1324.3
13244 0.8416122169389145 1324.4
13245 0.8417030854036648 1324.5
13246 0.8417967066908609 1324.6
13247 0.8418917593505602 1324.7
13248 0.8419864493287696 1324.8
13249 0.8420813498805895 1324.9
13250 0.8421774940082611 1325
13251 0.8422749254569504 1325.1
13252 0.84237529498259 1325.2
13253 0.8424801252759589 1325.3
13254 0.8425854775756928 1325.4
13255 0.8426904436568874 1325.5
13256 0.842797093743782 1325.6
13257 0.8429046657520318 1325.7
13258 0.8430111448821028 1325.8
13259 0.8431185324079196 1325.9
13260 0.8432268187384773 1326
13261 0.8433362845118917 1326.1
13262 0.8434464252529039 1326.2
13263 0.843557383474783 1326.3
13264 0.8436688739815928 1326.4
13265 0.8437810135249171 1326.5
13266 0.8438935505552349 1326.6
13267 0.8440065890347659 1326.7
13268 0.8441196947337818 1326.8
13269 0.8442342685286713 1326.9
13270 0.8443520731447216 1327
13271 0.8444701969921823 1327.1
13272 0.8445885887855482 1327.2
13273 0.8447074832748686 1327.3
13274 0.8448274346604148 1327.4
13275 0.8449477402450566 1327.5
13276 0.8450690887288154 1327.6
13277 0.8451910525926497 1327.7
13278 0.8453132191550693 1327.8
13279 0.8454348788580575 1327.9
13280 0.845556482101662 1328
13281 0.8456778443160406 1328.1
13282 0.8457979304998959 1328.2
13283 0.845918657817492 1328.3
13284 0.8460398962803153 1328.4
13285 0.8461612930046702 1328.5
13286 0.8462828146601825 1328.6
13287 0.846404474461015 1328.7
13288 0.8465279886335441 1328.8
13289 0.8466514664055126 1328.9
13290 0.8467749338740341 1329
13291 0.8468983286624703 1329.1
13292 0.8470264302632305 1329.2
13293 0.8471544730761976 1329.3
13294 0.8472822846084883 1329.4
13295 0.8474088202343838 1329.5
13296 0.8475350405635462 1329.6
13297 0.8476608897406853 1329.7
13298 0.8477854013866578 1329.8
13299 0.8478994375408487 1329.9
13300 0.8480122636417116 1330
13301 0.8481241892578916 1330.1
13302 0.8482356113406313 1330.2
13303 0.848347587711765 1330.3
13304 0.8484556869130544 1330.4
13305 0.8485641508470508 1330.5
13306 0.8486715369206019 1330.6
13307 0.8487779150792739 1330.7
13308 0.8488836440121812 1330.8
13309 0.8489887083889756 1330.9
13310 0.8490930926574236 1331
13311 0.8491968027480716 1331.1
13312 0.8492998317873269 1331.2
13313 0.8494021219545888 1331.3
13314 0.8495031376441328 1331.4
13315 0.8495946108943506 1331.5
13316 0.8496855453054403 1331.6
13317 0.8497761326854166 1331.7
13318 0.849868698680086 1331.8
13319 0.8499708160825004 1331.9
13320 0.8500719648773102 1332
13321 0.8501722031037362 1332.1
13322 0.8502715815679548 1332.2
13323 0.8503698130225096 1332.3
13324 0.8504639905098621 1332.4
13325 0.8505571311499901 1332.5
13326 0.8506495858048914 1332.6
13327 0.8507410763866223 1332.7
13328 0.8508315777348375 1332.8
13329 0.8509202108027196 1332.9
13330 0.8510060362295555 1333
13331 0.8510908513767158 1333.1
13332 0.8511746411053915 1333.2
13333 0.8512572295717509 1333.3
13334 0.8513385366338583 1333.4
13335 0.8514186039504726 1333.5
13336 0.8514973904545208 1333.6
13337 0.8515748798801028 1333.7
13338 0.8516510285448065 1333.8
13339 0.8517256099111939 1333.9
13340 0.8517986904016166 1334
13341 0.8518702816446436 1334.1
13342 0.8519404248043133 1334.2
13343 0.8520101169578653 1334.3
13344 0.8520837728313572 1334.4
13345 0.8521543642142299 1334.5
13346 0.8522241426379746 1334.6
13347 0.8522923101485673 1334.7
13348 0.8523588070299428 1334.8
13349 0.8524259514154264 1334.9
13350 0.8524935201106425 1335
13351 0.8525507402880965 1335.1
13352 0.8526070173730985 1335.2
13353 0.852661586090126 1335.3
13354 0.8527213239884205 1335.4
13355 0.8527808824998784 1335.5
13356 0.852835227160752 1335.6
13357 0.8528885476905343 1335.7
13358 0.8529409218739584 1335.8
13359 0.8529916411782206 1335.9
13360 0.8530414749308168 1336
13361 0.8530905074781234 1336.1
13362 0.8531379905826895 1336.2
13363 0.853184513906345 1336.3
13364 0.8532335431458337 1336.4
13365 0.8532807204506729 1336.5
13366 0.8533264099355283 1336.6
13367 0.8533762471034364 1336.7
13368 0.8534257027010542 1336.8
13369 0.8534748733962679 1336.9
13370 0.8535198562738542 1337
13371 0.8535642674370225 1337.1
13372 0.8536085274654015 1337.2
13373 0.8536526874182772 1337.3
13374 0.8537010920334718 1337.4
13375 0.8537492506224797 1337.5
13376 0.8537974841438427 1337.6
13377 0.8538467610253281 1337.7
13378 0.8538970867085943 1337.8
13379 0.8539511282738231 1337.9
13380 0.8540045045751761 1338
13381 0.8540576924385913 1338.1
13382 0.8541110088519609 1338.2
13383 0.8541647424557892 1338.3
13384 0.8542189160229594 1338.4
13385 0.8542736909840929 1338.5
13386 0.8543299530797417 1338.6
13387 0.8543867628489811 1338.7
13388 0.8544444091002024 1338.8
13389 0.8545028894387616 1338.9
13390 0.8545621275280151 1339
13391 0.8546221991075877 1339.1
13392 0.854682644410186 1339.2
13393 0.8547377356575575 1339.3
13394 0.8547937167084498 1339.4
13395 0.8548507788440726 1339.5
13396 0.8549087992584189 1339.6
13397 0.8549677136732388 1339.7
13398 0.8550299139246824 1339.8
13399 0.8550948053576232 1339.9
13400 0.8551609546716987 1340
13401 0.8552280829789419 1340.1
13402 0.8552961372321508 1340.2
13403 0.8553632322392822 1340.3
13404 0.8554312864692196 1340.4
13405 0.8555002729142981 1340.5
13406 0.8555701803786805 1340.6
13407 0.8556411375580586 1340.7
13408 0.8557129719550325 1340.8
13409 0.8557857584888184 1340.9
13410 0.8558594197193314 1341
13411 0.8559339047862876 1341.1
13412 0.8560102918077328 1341.2
13413 0.8560873916431395 1341.3
13414 0.856164971107559 1341.4
13415 0.8562432179828464 1341.5
13416 0.856319466682728 1341.6
13417 0.8563974262066327 1341.7
13418 0.8564759775976357 1341.8
13419 0.8565551440950296 1341.9
13420 0.8566349056925525 1342
13421 0.8567152226510206 1342.1
13422 0.8567979780182666 1342.2
13423 0.8568847389308148 1342.3
13424 0.8569719520736806 1342.4
13425 0.8570595294765868 1342.5
13426 0.8571471084857901 1342.6
13427 0.8572344436954193 1342.7
13428 0.8573216764288314 1342.8
13429 0.8574089423847295 1342.9
13430 0.8574961962502187 1343
13431 0.8575834196171106 1343.1
13432 0.8576719687677647 1343.2
13433 0.8577606198952832 1343.3
13434 0.8578490991827846 1343.4
13435 0.8579374027757184 1343.5
13436 0.8580266118722776 1343.6
13437 0.8581146769649344 1343.7
13438 0.8582075198346969 1343.8
13439 0.8582990015461108 1343.9
13440 0.8583898820413877 1344
13441 0.858480042771421 1344.1
13442 0.8585700086116662 1344.2
13443 0.8586596726040807 1344.3
13444 0.8587488942116548 1344.4
13445 0.8588367976461431 1344.5
13446 0.858924601341743 1344.6
13447 0.8590122692978577 1344.7
13448 0.8591012778219531 1344.8
13449 0.8591904646493967 1344.9
13450 0.8592795260123713 1345
13451 0.8593684794216916 1345.1
13452 0.8594572949616867 1345.2
13453 0.8595459798075038 1345.3
13454 0.8596344986494595 1345.4
13455 0.8597229371681842 1345.5
13456 0.8598111585988095 1345.6
13457 0.8598991529864349 1345.7
13458 0.8599863762702065 1345.8
13459 0.8600728267396451 1345.9
13460 0.8601589761964098 1346
13461 0.8602447522971497 1346.1
13462 0.8603295563627008 1346.2
13463 0.8604129019866642 1346.3
13464 0.8604958932114916 1346.4
13465 0.8605779489691778 1346.5
13466 0.8606618893338546 1346.6
13467 0.8607454660380611 1346.7
13468 0.8608288995504907 1346.8
13469 0.8609126663790456 1346.9
13470 0.8609960125429232 1347
13471 0.8610787908529164 1347.1
13472 0.8611586170459922 1347.2
13473 0.861236240484112 1347.3
13474 0.8613134989775444 1347.4
13475 0.8613904513386095 1347.5
13476 0.8614681445506226 1347.6
13477 0.8615463990483173 1347.7
13478 0.861624206351507 1347.8
13479 0.8617031038853098 1347.9
13480 0.8617825849167793 1348
13481 0.8618619472353306 1348.1
13482 0.8619417070159769 1348.2
13483 0.8620218994734753 1348.3
13484 0.8621051454328469 1348.4
13485 0.8621794773571013 1348.5
13486 0.8622529504991504 1348.6
13487 0.862326626619099 1348.7
13488 0.8624087144829895 1348.8
13489 0.8624940858379072 1348.9
13490 0.8625796308196315 1349
13491 0.8626653652034174 1349.1
13492 0.8627514819131875 1349.2
13493 0.8628387077117895 1349.3
13494 0.8629260286075309 1349.4
13495 0.8630134871349809 1349.5
13496 0.8631012169264337 1349.6
13497 0.8631830904013659 1349.7
13498 0.8632630088942743 1349.8
13499 0.863343436601884 1349.9
13500 0.8634241435651023 1350
13501 0.8635051881763014 1350.1
13502 0.8635865718479891 1350.2
13503 0.8636679953970814 1350.3
13504 0.8637497995175021 1350.4
13505 0.8638322859818234 1350.5
13506 0.863915244266484 1350.6
13507 0.863998606525583 1350.7
13508 0.8640829204483546 1350.8
13509 0.8641677452685963 1350.9
13510 0.8642529458876554 1351
13511 0.8643385229442728 1351.1
13512 0.8644237255336963 1351.2
13513 0.8645092944358537 1351.3
13514 0.8645951874476088 1351.4
13515 0.8646825764062489 1351.5
13516 0.8647705578855264 1351.6
13517 0.864858630418055 1351.7
13518 0.8649467187765434 1351.8
13519 0.8650351643937795 1351.9
13520 0.8651238171010553 1352
13521 0.865212643934361 1352.1
13522 0.8653016361015679 1352.2
13523 0.865390787005463 1352.3
13524 0.8654800782791611 1352.4
13525 0.8655694898464026 1352.5
13526 0.8656589920227715 1352.6
13527 0.8657487641793633 1352.7
13528 0.8658388926031305 1352.8
13529 0.8659289002594784 1352.9
13530 0.8660220938776442 1353
13531 0.8661183759107707 1353.1
13532 0.8662146176392496 1353.2
13533 0.8663108766786529 1353.3
13534 0.8664070011439771 1353.4
13535 0.8665025398783472 1353.5
13536 0.866597804729508 1353.6
13537 0.8666924958489565 1353.7
13538 0.8667820493621516 1353.8
13539 0.8668706296416745 1353.9
13540 0.8669595276728536 1354
13541 0.8670479595784344 1354.1
13542 0.8671358720647911 1354.2
13543 0.8672232626478271 1354.3
13544 0.8673100568888336 1354.4
13545 0.8673962146510976 1354.5
13546 0.8674819563265713 1354.6
13547 0.867567301224126 1354.7
13548 0.8676527074705344 1354.8
13549 0.8677378157341561 1354.9
13550 0.8678223423409848 1355
13551 0.8679049651189013 1355.1
13552 0.8679862857799285 1355.2
13553 0.8680661947506191 1355.3
13554 0.8681455840511654 1355.4
13555 0.8682238875633762 1355.5
13556 0.8683013344032043 1355.6
13557 0.8683779474533296 1355.7
13558 0.8684537583161167 1355.8
13559 0.8685287791741065 1355.9
13560 0.8686030005740094 1356
13561 0.8686765216113551 1356.1
13562 0.868748320032861 1356.2
13563 0.8688189511177895 1356.3
13564 0.8688889697098731 1356.4
13565 0.8689583460327436 1356.5
13566 0.8690271173393965 1356.6
13567 0.8690953310735148 1356.7
13568 0.8691631636014761 1356.8
13569 0.8692303499373901 1356.9
13570 0.8692970340106926 1357
13571 0.8693634545836665 1357.1
13572 0.8694299835051579 1357.2
13573 0.869495989840502 1357.3
13574 0.8695614242953559 1357.4
13575 0.869626298159082 1357.5
13576 0.8696908209784679 1357.6
13577 0.8697576550890369 1357.7
13578 0.8698242643018461 1357.8
13579 0.869890335302883 1357.9
13580 0.8699558958033293 1358
13581 0.8700209248544577 1358.1
13582 0.8700866223997679 1358.2
13583 0.8701521428687971 1358.3
13584 0.8702172022600612 1358.4
13585 0.8702818065147149 1358.5
13586 0.8703449812676682 1358.6
13587 0.8704120205256627 1358.7
13588 0.870481706152071 1358.8
13589 0.870550912515126 1358.9
13590 0.8706155082401354 1359
13591 0.8706753547406693 1359.1
13592 0.8707348205984577 1359.2
13593 0.8707932282122099 1359.3
13594 0.8708511956602804 1359.4
13595 0.8709088745614597 1359.5
13596 0.8709663346710719 1359.6
13597 0.8710234043859979 1359.7
13598 0.871080100414573 1359.8
13599 0.8711296278737533 1359.9
13600 0.8711787068720664 1360
13601 0.8712274055144952 1360.1
13602 0.8712793519450202 1360.2
13603 0.8713318470534962 1360.3
13604 0.8713839716421241 1360.4
13605 0.8714357560048118 1360.5
13606 0.87148721382161 1360.6
13607 0.8715383678230797 1360.7
13608 0.8715896186334746 1360.8
13609 0.8716407344800976 1360.9
13610 0.8716915229147814 1361
13611 0.8717426337468928 1361.1
13612 0.8717936139470788 1361.2
13613 0.8718445030717278 1361.3
13614 0.8718953292725788 1361.4
13615 0.8719462656890153 1361.5
13616 0.8719972717613237 1361.6
13617 0.8720466994889055 1361.7
13618 0.8720983213078031 1361.8
13619 0.8721497038946987 1361.9
13620 0.8722014914190401 1362
13621 0.8722533939267124 1362.1
13622 0.8723075732114439 1362.2
13623 0.8723632014082722 1362.3
13624 0.8724189889238382 1362.4
13625 0.87247575084327 1362.5
13626 0.8725340667205143 1362.6
13627 0.8725902646336243 1362.7
13628 0.8726466375108558 1362.8
13629 0.8727032699570068 1362.9
13630 0.8727604468665278 1363
13631 0.8728179183477685 1363.1
13632 0.872875410633366 1363.2
13633 0.8729334071215774 1363.3
13634 0.8729918307236967 1363.4
13635 0.8730504682974771 1363.5
13636 0.8731098971881206 1363.6
13637 0.8731644229003382 1363.7
13638 0.8732193890958913 1363.8
13639 0.8732747071704078 1363.9
13640 0.87333032793328 1364
13641 0.8733861514128378 1364.1
13642 0.8734421450315669 1364.2
13643 0.8734991239949622 1364.3
13644 0.8735584953183523 1364.4
13645 0.8736172870930515 1364.5
13646 0.8736754116934417 1364.6
13647 0.8737329577272884 1364.7
13648 0.8737902768293085 1364.8
13649 0.8738517325973846 1364.9
13650 0.873913105525573 1365
13651 0.8739743268287573 1365.1
13652 0.8740355103299191 1365.2
13653 0.874096653183291 1365.3
13654 0.8741577656815072 1365.4
13655 0.8742192213617984 1365.5
13656 0.8742791160734765 1365.6
13657 0.8743389082512935 1365.7
13658 0.8743978825055663 1365.8
13659 0.8744559656974142 1365.9
13660 0.8745138097994449 1366
13661 0.8745715053351578 1366.1
13662 0.8746290001426004 1366.2
13663 0.8746862786949667 1366.3
13664 0.8747433591162866 1366.4
13665 0.8747949043025944 1366.5
13666 0.8748447218099963 1366.6
13667 0.8748946702651272 1366.7
13668 0.8749452901024162 1366.8
13669 0.8749955620413717 1366.9
13670 0.8750454796834857 1367
13671 0.8750950134664914 1367.1
13672 0.8751441626699439 1367.2
13673 0.8751931943776499 1367.3
13674 0.8752421046598023 1367.4
13675 0.8752952695663168 1367.5
13676 0.8753480175728847 1367.6
13677 0.8754003142291424 1367.7
13678 0.875452052429388 1367.8
13679 0.8755032612597494 1367.9
13680 0.8755540155890846 1368
13681 0.8756043405898285 1368.1
13682 0.8756542829708326 1368.2
13683 0.8757038659981833 1368.3
13684 0.8757504596462582 1368.4
13685 0.8757943038744033 1368.5
13686 0.8758375569925128 1368.6
13687 0.8758804664989334 1368.7
13688 0.875923467897167 1368.8
13689 0.8759663206120077 1368.9
13690 0.8760090687793748 1369
13691 0.8760521725106794 1369.1
13692 0.8760951597231158 1369.2
13693 0.8761390952855723 1369.3
13694 0.8761833623699595 1369.4
13695 0.8762270816871423 1369.5
13696 0.8762710400541913 1369.6
13697 0.8763153873955229 1369.7
13698 0.8763610596654342 1369.8
13699 0.876408782371677 1369.9
13700 0.8764577846206458 1370
13701 0.8765073276994384 1370.1
13702 0.8765574911458374 1370.2
13703 0.8766081906598822 1370.3
13704 0.876659536422814 1370.4
13705 0.8767113752094192 1370.5
13706 0.8767643478761065 1370.6
13707 0.8768182953427808 1370.7
13708 0.8768737106564297 1370.8
13709 0.8769302478280979 1370.9
13710 0.8769877049403522 1371
13711 0.877046102669031 1371.1
13712 0.877105499234814 1371.2
13713 0.8771659520038085 1371.3
13714 0.8772287738459997 1371.4
13715 0.8772949181335441 1371.5
13716 0.8773619399574034 1371.6
13717 0.8774305293541448 1371.7
13718 0.8775015115088058 1371.8
13719 0.8775741346828375 1371.9
13720 0.8776473969681109 1372
13721 0.8777208273075429 1372.1
13722 0.8777952692945792 1372.2
13723 0.8778706258960305 1372.3
13724 0.8779471476391935 1372.4
13725 0.8780249795277401 1372.5
13726 0.8781047298748978 1372.6
13727 0.8781861275224447 1372.7
13728 0.8782675087717849 1372.8
13729 0.8783472533895008 1372.9
13730 0.8784295817569245 1373
13731 0.8785221096421783 1373.1
13732 0.8786162125904553 1373.2
13733 0.8787117758491952 1373.3
13734 0.8788026413657484 1373.4
13735 0.8788946372545667 1373.5
13736 0.8789881087478362 1373.6
13737 0.8790829536812822 1373.7
13738 0.8791790867153485 1373.8
13739 0.8792820978624124 1373.9
13740 0.8793873543446321 1374
13741 0.8794937990987064 1374.1
13742 0.8796014643282162 1374.2
13743 0.8797103703016194 1374.3
13744 0.8798198186801104 1374.4
13745 0.87993187187396 1374.5
13746 0.8800453224492719 1374.6
13747 0.8801597793136814 1374.7
13748 0.8802754299189529 1374.8
13749 0.8803919693052673 1374.9
13750 0.8805103832198563 1375
13751 0.8806332081157994 1375.1
13752 0.880757340320386 1375.2
13753 0.8808825979711163 1375.3
13754 0.8810089039796175 1375.4
13755 0.8811360195608766 1375.5
13756 0.8812637822261497 1375.6
13757 0.8813920926151214 1375.7
13758 0.8815207837864026 1375.8
13759 0.8816497369557953 1375.9
13760 0.8817787544414709 1376
13761 0.8819080451063502 1376.1
13762 0.8820372826333225 1376.2
13763 0.8821663521492705 1376.3
13764 0.882293832473474 1376.4
13765 0.8824210625075113 1376.5
13766 0.8825480256915544 1376.6
13767 0.8826746580579482 1376.7
13768 0.882801133601519 1376.8
13769 0.8829266058512533 1376.9
13770 0.8830510295767056 1377
13771 0.8831751131176566 1377.1
13772 0.8832987330637614 1377.2
13773 0.8834218599554211 1377.3
13774 0.8835445142881471 1377.4
13775 0.883666670557598 1377.5
13776 0.8837887042225712 1377.6
13777 0.8839100640807791 1377.7
13778 0.8840306776105757 1377.8
13779 0.8841506536749546 1377.9
13780 0.884263062407553 1378
13781 0.884386820196157 1378.1
13782 0.8845098783200929 1378.2
13783 0.8846324998501832 1378.3
13784 0.8847543571491669 1378.4
13785 0.8848753992757648 1378.5
13786 0.8849955754807673 1378.6
13787 0.8851149125705648 1378.7
13788 0.8852334115559299 1378.8
13789 0.8853529566002879 1378.9
13790 0.8854718173085855 1379
13791 0.8855899131224801 1379.1
13792 0.8857072666759741 1379.2
13793 0.8858238314226201 1379.3
13794 0.8859396152768929 1379.4
13795 0.8860483199280367 1379.5
13796 0.8861474878372042 1379.6
13797 0.886245748009116 1379.7
13798 0.8863448694111717 1379.8
13799 0.8864427601810686 1379.9
13800 0.8865393511454254 1380
13801 0.8866337593519166 1380.1
13802 0.8867260193421638 1380.2
13803 0.8868167959721249 1380.3
13804 0.8869060348613799 1380.4
13805 0.8869937777951413 1380.5
13806 0.8870799748041592 1380.6
13807 0.8871646283945051 1380.7
13808 0.8872475920741286 1380.8
13809 0.887344126161396 1380.9
13810 0.8874390708492003 1381
13811 0.8875321599754596 1381.1
13812 0.8876237212344045 1381.2
13813 0.8877138032277582 1381.3
13814 0.8878021955995756 1381.4
13815 0.8878891332883988 1381.5
13816 0.8879747233267635 1381.6
13817 0.8880595514488613 1381.7
13818 0.8881433289278451 1381.8
13819 0.8882149143394511 1381.9
13820 0.8882845865307382 1382
13821 0.8883531666623515 1382.1
13822 0.888420643045792 1382.2
13823 0.8884873474051939 1382.3
13824 0.8885532507191076 1382.4
13825 0.8886182814915348 1382.5
13826 0.8886823776340191 1382.6
13827 0.8887456030660202 1382.7
13828 0.8888080030036368 1382.8
13829 0.8888701302269379 1382.9
13830 0.8889415101449571 1383
13831 0.8890122275793346 1383.1
13832 0.8890823259510242 1383.2
13833 0.8891518382320565 1383.3
13834 0.8892197741837369 1383.4
13835 0.8892870111648052 1383.5
13836 0.8893535846807472 1383.6
13837 0.8894185230593581 1383.7
13838 0.8894799760169888 1383.8
13839 0.8895412460388329 1383.9
13840 0.8896030971671429 1384
13841 0.8896657338609117 1384.1
13842 0.8897274237467077 1384.2
13843 0.8897878432330744 1384.3
13844 0.8898478774430211 1384.4
13845 0.8899077093846729 1384.5
13846 0.8899675693750415 1384.6
13847 0.8900272629087789 1384.7
13848 0.8900868988449837 1384.8
13849 0.8901462753069349 1384.9
13850 0.8902101777049851 1385
13851 0.8902737219735996 1385.1
13852 0.8903366667050484 1385.2
13853 0.890403193562191 1385.3
13854 0.8904689111270956 1385.4
13855 0.8905341763976078 1385.5
13856 0.8905982041369966 1385.6
13857 0.8906565219843483 1385.7
13858 0.8907151371377205 1385.8
13859 0.8907741189833311 1385.9
13860 0.8908331983722945 1386
13861 0.8908923824401465 1386.1
13862 0.8909516298332917 1386.2
13863 0.8910108732102745 1386.3
13864 0.8910695705281658 1386.4
13865 0.8911284537201638 1386.5
13866 0.891188151197111 1386.6
13867 0.8912479982875658 1386.7
13868 0.891307988026232 1386.8
13869 0.8913679861308406 1386.9
13870 0.8914280750674446 1387
13871 0.8914883574882729 1387.1
13872 0.8915490690231952 1387.2
13873 0.8916096853681934 1387.3
13874 0.8916703365471993 1387.4
13875 0.8917290780576106 1387.5
13876 0.8917839472281068 1387.6
13877 0.8918406875500571 1387.7
13878 0.8918981559587957 1387.8
13879 0.8919560999332757 1387.9
13880 0.8920145037670718 1388
13881 0.8920733235614066 1388.1
13882 0.8921325132535373 1388.2
13883 0.8921921112300554 1388.3
13884 0.8922477804261164 1388.4
13885 0.8923075574094955 1388.5
13886 0.8923714288899387 1388.6
13887 0.8924356104474378 1388.7
13888 0.8925001085888343 1388.8
13889 0.8925647628037858 1388.9
13890 0.8926296546805779 1389
13891 0.8926947809498941 1389.1
13892 0.8927600970093686 1389.2
13893 0.8928256043362319 1389.3
13894 0.8928912559239733 1389.4
13895 0.8929570368035187 1389.5
13896 0.8930229427417365 1389.6
13897 0.8930926026642094 1389.7
13898 0.8931624877531983 1389.8
13899 0.8932332736912149 1389.9
13900 0.8933043623091415 1390
13901 0.8933758261301832 1390.1
13902 0.893446580672664 1390.2
13903 0.8935182827911553 1390.3
13904 0.8935900912478378 1390.4
13905 0.8936620154228677 1390.5
13906 0.8937340506710935 1390.6
13907 0.8938062011275482 1390.7
13908 0.8938784909231641 1390.8
13909 0.8939500387369897 1390.9
13910 0.8940217824929995 1391
13911 0.8940936659942643 1391.1
13912 0.8941656971292575 1391.2
13913 0.8942378596922522 1391.3
13914 0.8943101473322266 1391.4
13915 0.8943825776402137 1391.5
13916 0.8944551349895135 1391.6
13917 0.8945275128924807 1391.7
13918 0.8945992047504054 1391.8
13919 0.8946718614310815 1391.9
13920 0.8947447735900884 1392
13921 0.8948178215366668 1392.1
13922 0.8948911772235691 1392.2
13923 0.8949646922069028 1392.3
13924 0.8950383503560992 1392.4
13925 0.8951113486028878 1392.5
13926 0.8951798296417656 1392.6
13927 0.8952485028026124 1392.7
13928 0.8953172849163704 1392.8
13929 0.8953878537361227 1392.9
13930 0.8954588267716815 1393
13931 0.8955299288794615 1393.1
13932 0.8956012156513181 1393.2
13933 0.8956726829033775 1393.3
13934 0.8957443197395103 1393.4
13935 0.8958161034195995 1393.5
13936 0.8958880315876286 1393.6
13937 0.8959600706821453 1393.7
13938 0.8960322379329064 1393.8
13939 0.8961027973774206 1393.9
13940 0.8961758799751595 1394
13941 0.8962489385342159 1394.1
13942 0.8963220522813006 1394.2
13943 0.896397821112904 1394.3
13944 0.8964732403081186 1394.4
13945 0.8965510050858724 1394.5
13946 0.8966278553520024 1394.6
13947 0.8967045906800882 1394.7
13948 0.8967812662562002 1394.8
13949 0.8968579279371028 1394.9
13950 0.8969346101028435 1395
13951 0.8970113091247381 1395.1
13952 0.8970880351708682 1395.2
13953 0.897165288023351 1395.3
13954 0.8972430212075312 1395.4
13955 0.8973117643578991 1395.5
13956 0.8973800433466368 1395.6
13957 0.8974484756953502 1395.7
13958 0.897517141723441 1395.8
13959 0.8975860272967924 1395.9
13960 0.8976550309101458 1396
13961 0.8977242033527978 1396.1
13962 0.8977935608218961 1396.2
13963 0.8978697260650208 1396.3
13964 0.8979468543786533 1396.4
13965 0.8980243488680322 1396.5
13966 0.8981016137407494 1396.6
13967 0.8981786798781261 1396.7
13968 0.8982556326786573 1396.8
13969 0.8983325185357686 1396.9
13970 0.8984088767780072 1397
13971 0.8984927219166894 1397.1
13972 0.8985767457272913 1397.2
13973 0.8986606733504956 1397.3
13974 0.8987446311019895 1397.4
13975 0.8988286492137643 1397.5
13976 0.8989127451008873 1397.6
13977 0.8989969452253217 1397.7
13978 0.8990813297545098 1397.8
13979 0.8991660210739072 1397.9
13980 0.8992507802478673 1398
13981 0.8993308358409119 1398.1
13982 0.8994113439166402 1398.2
13983 0.8994912534044019 1398.3
13984 0.8995709546436387 1398.4
13985 0.8996507207491772 1398.5
13986 0.8997307305528808 1398.6
13987 0.8998108306139048 1398.7
13988 0.8998909849357971 1398.8
13989 0.8999701278335698 1398.9
13990 0.9000488356167531 1399
13991 0.9001293336728734 1399.1
13992 0.9002111561408095 1399.2
13993 0.9002934369172397 1399.3
13994 0.9003762458386648 1399.4
13995 0.90045961994513 1399.5
13996 0.9005435593411396 1399.6
13997 0.9006281173399853 1399.7
13998 0.9007135368854553 1399.8
13999 0.9008001766849254 1399.9
14000 0.9008936909257738 1400
14001 0.9009881537020079 1400.1
14002 0.9010829011377 1400.2
14003 0.9011778921251131 1400.3
14004 0.9012731343780056 1400.4
14005 0.9013685984487354 1400.5
14006 0.9014640200581435 1400.6
14007 0.9015596586710993 1400.7
14008 0.9016555167543854 1400.8
14009 0.9017516142060352 1400.9
14010 0.9018479702152266 1401
14011 0.901944613019331 1401.1
14012 0.9020415651905405 1401.2
14013 0.9021388766807187 1401.3
14014 0.9022339329591386 1401.4
14015 0.9023295503707709 1401.5
14016 0.9024256682170364 1401.6
14017 0.9025223391839391 1401.7
14018 0.9026196140341372 1401.8
14019 0.902717550139762 1401.9
14020 0.9028164716553092 1402
14021 0.9029179887009702 1402.1
14022 0.9030208797007234 1402.2
14023 0.9031248358945921 1402.3
14024 0.9032171641822399 1402.4
14025 0.9033106995622385 1402.5
14026 0.9034062434315863 1402.6
14027 0.9035110452837284 1402.7
14028 0.9036172202922617 1402.8
14029 0.9037246032075481 1402.9
14030 0.9038340630410999 1403
14031 0.903948869175128 1403.1
14032 0.9040646121702181 1403.2
14033 0.9041813989612191 1403.3
14034 0.9042991612006235 1403.4
14035 0.9044178243896486 1403.5
14036 0.9045373097254964 1403.6
14037 0.904657526819676 1403.7
14038 0.9047783908920015 1403.8
14039 0.9048998103672419 1403.9
14040 0.9050216955840956 1404
14041 0.9051439478288129 1404.1
14042 0.9052664257413663 1404.2
14043 0.9053892702267259 1404.3
14044 0.9055123626992023 1404.4
14045 0.9056355685108534 1404.5
14046 0.9057588216280349 1404.6
14047 0.9058820678545562 1404.7
14048 0.9060052744137829 1404.8
14049 0.9061285696233169 1404.9
14050 0.9062536021966522 1405
14051 0.9063764742625775 1405.1
14052 0.9064997668411811 1405.2
14053 0.9066229819129256 1405.3
14054 0.9067457872983802 1405.4
14055 0.9068681998452651 1405.5
14056 0.9069901627675259 1405.6
14057 0.907111677471134 1405.7
14058 0.9072328437360032 1405.8
14059 0.9073535058406021 1405.9
14060 0.9074789698087743 1406
14061 0.9076047055834452 1406.1
14062 0.9077300895631377 1406.2
14063 0.9078550853128314 1406.3
14064 0.9079796615970902 1406.4
14065 0.908099206691986 1406.5
14066 0.9082185134418521 1406.6
14067 0.9083373670517964 1406.7
14068 0.9084557119840847 1406.8
14069 0.9085739323418343 1406.9
14070 0.9086921298230179 1407
14071 0.9088096188806978 1407.1
14072 0.9089264118370471 1407.2
14073 0.9090424846249273 1407.3
14074 0.9091577805009723 1407.4
14075 0.9092722456166936 1407.5
14076 0.9093858497797719 1407.6
14077 0.9094985763445833 1407.7
14078 0.9096103786136079 1407.8
14079 0.9097212438016755 1407.9
14080 0.9098311031578261 1408
14081 0.9099399229000635 1408.1
14082 0.9100476681387876 1408.2
14083 0.9101542955069485 1408.3
14084 0.9102597927378016 1408.4
14085 0.9103641337019432 1408.5
14086 0.9104678271971348 1408.6
14087 0.9105708326941437 1408.7
14088 0.9106725926823205 1408.8
14089 0.910773131268519 1408.9
14090 0.910872450556462 1409
14091 0.9109630522527368 1409.1
14092 0.9110518287885704 1409.2
14093 0.911145081537307 1409.3
14094 0.9112395171019581 1409.4
14095 0.9113327414756875 1409.5
14096 0.9114247809250854 1409.6
14097 0.9115156527866534 1409.7
14098 0.9116053805458328 1409.8
14099 0.9116927172911836 1409.9
14100 0.9117789226386255 1410
14101 0.9118640356432322 1410.1
14102 0.9119485975853975 1410.2
14103 0.9120322500404923 1410.3
14104 0.9121166026965328 1410.4
14105 0.9121999309568327 1410.5
14106 0.9122823404525059 1410.6
14107 0.9123638577756366 1410.7
14108 0.9124444975904329 1410.8
14109 0.9125242894650938 1410.9
14110 0.9126032520324556 1411
14111 0.9126814159770372 1411.1
14112 0.9127587969417561 1411.2
14113 0.9128354233704363 1411.3
14114 0.9129112692624152 1411.4
14115 0.9129863414971373 1411.5
14116 0.9130575190639296 1411.6
14117 0.9131281767261288 1411.7
14118 0.913198107692984 1411.8
14119 0.9132673298417179 1411.9
14120 0.9133358686363904 1412
14121 0.9134037431610761 1412.1
14122 0.9134712269803138 1412.2
14123 0.9135355216333487 1412.3
14124 0.9135992609728435 1412.4
14125 0.9136625409413202 1412.5
14126 0.9137255816887294 1412.6
14127 0.9137880931227266 1412.7
14128 0.9138504706294952 1412.8
14129 0.9139130881341281 1412.9
14130 0.9139753702376834 1413
14131 0.9140375683245167 1413.1
14132 0.9140993473764549 1413.2
14133 0.9141597404765494 1413.3
14134 0.9142232373849711 1413.4
14135 0.9142880691482576 1413.5
14136 0.9143525055399736 1413.6
14137 0.9144165613126536 1413.7
14138 0.9144802190012844 1413.8
14139 0.914543525742495 1413.9
14140 0.914605890045879 1414
14141 0.9146677699515791 1414.1
14142 0.9147290144757863 1414.2
14143 0.9147899735353671 1414.3
14144 0.9148491666622866 1414.4
14145 0.9149081542670823 1414.5
14146 0.9149668873709695 1414.6
14147 0.9150253817561196 1414.7
14148 0.9150836538945929 1414.8
14149 0.9151417662794534 1414.9
14150 0.9152001047094501 1415
14151 0.9152581514046183 1415.1
14152 0.9153159782924629 1415.2
14153 0.9153736136624322 1415.3
14154 0.9154310517632128 1415.4
14155 0.9154882725219392 1415.5
14156 0.9155452647314408 1415.6
14157 0.9156020149075375 1415.7
14158 0.9156585070189828 1415.8
14159 0.915714635658022 1415.9
14160 0.9157704605149927 1416
14161 0.9158264825583993 1416.1
14162 0.9158842570446896 1416.2
14163 0.9159416789663591 1416.3
14164 0.9159987696378514 1416.4
14165 0.9160555027940184 1416.5
14166 0.9161123192519495 1416.6
14167 0.9161693367674349 1416.7
14168 0.916226036144503 1416.8
14169 0.9162827877038503 1416.9
14170 0.9163398974178847 1417
14171 0.9163962373989413 1417.1
14172 0.9164496781527716 1417.2
14173 0.9165026497522543 1417.3
14174 0.9165552012237406 1417.4
14175 0.9166073619166556 1417.5
14176 0.9166591499915033 1417.6
14177 0.916710586399216 1417.7
14178 0.9167616757316314 1417.8
14179 0.9168124448782472 1417.9
14180 0.9168629119244845 1418
14181 0.9169130929914214 1418.1
14182 0.916962972618701 1418.2
14183 0.9170125757504948 1418.3
14184 0.9170619124814691 1418.4
14185 0.9171109841434599 1418.5
14186 0.9171598165385068 1418.6
14187 0.9172084148659437 1418.7
14188 0.9172567695562226 1418.8
14189 0.9173048528069065 1418.9
14190 0.9173527190356578 1419
14191 0.9174003841899132 1419.1
14192 0.917450271089049 1419.2
14193 0.9175014843618784 1419.3
14194 0.9175526000484536 1419.4
14195 0.9176036213887483 1419.5
14196 0.9176545442852253 1419.6
14197 0.9177053943671031 1419.7
14198 0.9177561700447533 1419.8
14199 0.9178071167366445 1419.9
14200 0.9178578913278062 1420
14201 0.917909362628309 1420.1
14202 0.917961162639045 1420.2
14203 0.9180131619746014 1420.3
14204 0.9180615485064297 1420.4
14205 0.9181085240683889 1420.5
14206 0.9181555673645635 1420.6
14207 0.9182026969213892 1420.7
14208 0.9182499666089031 1420.8
14209 0.9182974194989046 1420.9
14210 0.9183451494964225 1421
14211 0.9183931306681483 1421.1
14212 0.918441375872257 1421.2
14213 0.9184899074596953 1421.3
14214 0.9185387684900786 1421.4
14215 0.9185879920700752 1421.5
14216 0.9186376201679032 1421.6
14217 0.9186876710727078 1421.7
14218 0.9187381930366063 1421.8
14219 0.9187892243081434 1421.9
14220 0.9188407674175031 1422
14221 0.9188928415448089 1422.1
14222 0.9189454720304516 1422.2
14223 0.9189988141779468 1422.3
14224 0.9190534104338576 1422.4
14225 0.9191083995026098 1422.5
14226 0.9191639333829749 1422.6
14227 0.9192200466701183 1422.7
14228 0.919276766730705 1422.8
14229 0.9193341396529551 1422.9
14230 0.9193921341940473 1423
14231 0.9194504655755981 1423.1
14232 0.9195092587963287 1423.2
14233 0.919568794768398 1423.3
14234 0.9196239912414732 1423.4
14235 0.91967984990545 1423.5
14236 0.9197363086942846 1423.6
14237 0.9197935505301442 1423.7
14238 0.9198515714028479 1423.8
14239 0.9199103785936216 1423.9
14240 0.9199705012409549 1424
14241 0.9200316416994234 1424.1
14242 0.920093431735822 1424.2
14243 0.9201558821875462 1424.3
14244 0.9202190486651382 1424.4
14245 0.9202829507546532 1424.5
14246 0.9203496395543598 1424.6
14247 0.9204188314863982 1424.7
14248 0.9204888622755135 1424.8
14249 0.9205597507986701 1424.9
14250 0.9206313685862756 1425
14251 0.920703814615223 1425.1
14252 0.9207770278909223 1425.2
14253 0.9208509667942596 1425.3
14254 0.9209256212519762 1425.4
14255 0.9210009968752395 1425.5
14256 0.9210770769727866 1425.6
14257 0.92115380878755 1425.7
14258 0.9212312407756209 1425.8
14259 0.9213096041173577 1425.9
14260 0.9213893920871568 1426
14261 0.9214698919280205 1426.1
14262 0.9215511621994265 1426.2
14263 0.9216332145087567 1426.3
14264 0.9217160559533726 1426.4
14265 0.9217996975527464 1426.5
14266 0.9218841383287032 1426.6
14267 0.9219746509729128 1426.7
14268 0.9220663750074716 1426.8
14269 0.9221589093383242 1426.9
14270 0.9222523784811111 1427
14271 0.9223465917846897 1427.1
14272 0.9224415487963877 1427.2
14273 0.9225372074339181 1427.3
14274 0.9226335431031282 1427.4
14275 0.9227305132145507 1427.5
14276 0.9228281050763255 1427.6
14277 0.9229263019587778 1427.7
14278 0.9230250699455237 1427.8
14279 0.9231243551549048 1427.9
14280 0.9232241109254566 1428
14281 0.9233243119714322 1428.1
14282 0.9234248221549398 1428.2
14283 0.9235255918712174 1428.3
14284 0.9236266462196944 1428.4
14285 0.9237279189254909 1428.5
14286 0.9238293933997427 1428.6
14287 0.9239310513353683 1428.7
14288 0.9240327866907958 1428.8
14289 0.9241345681819991 1428.9
14290 0.9242363446826743 1429
14291 0.9243380675421218 1429.1
14292 0.9244396872041628 1429.2
14293 0.9245411629168176 1429.3
14294 0.9246424526794051 1429.4
14295 0.9247435158946781 1429.5
14296 0.9248447243230983 1429.6
14297 0.924945866420179 1429.7
14298 0.9250466659698203 1429.8
14299 0.9251473477283076 1429.9
14300 0.9252481424004025 1430
14301 0.9253487697427401 1430.1
14302 0.9254489040851536 1430.2
14303 0.9255485782513224 1430.3
14304 0.9256478129786638 1430.4
14305 0.92574531212358 1430.5
14306 0.9258387171385013 1430.6
14307 0.925931721068063 1430.7
14308 0.9260242913930792 1430.8
14309 0.9261162577498576 1430.9
14310 0.926207616597146 1431
14311 0.9262983806342751 1431.1
14312 0.9263895639074036 1431.2
14313 0.9264814530186578 1431.3
14314 0.9265728049312171 1431.4
14315 0.9266632114309593 1431.5
14316 0.9267504250792611 1431.6
14317 0.9268370949497361 1431.7
14318 0.9269232111503649 1431.8
14319 0.9270087692460984 1431.9
14320 0.9270937652345852 1432
14321 0.9271791186506388 1432.1
14322 0.9272652293704932 1432.2
14323 0.9273504044898626 1432.3
14324 0.9274358027172921 1432.4
14325 0.9275206921034291 1432.5
14326 0.9276050308148769 1432.6
14327 0.9276866847480508 1432.7
14328 0.9277690565011369 1432.8
14329 0.927853636199134 1432.9
14330 0.9279376752671574 1433
14331 0.9280211743307039 1433.1
14332 0.9281041336337389 1433.2
14333 0.9281865636046567 1433.3
14334 0.9282683876375326 1433.4
14335 0.9283496912523258 1433.5
14336 0.9284304809290661 1433.6
14337 0.928510823888863 1433.7
14338 0.9285907843746536 1433.8
14339 0.9286675487772237 1433.9
14340 0.9287422475548085 1434
14341 0.9288164840752927 1434.1
14342 0.9288902643326429 1434.2
14343 0.9289636108088083 1434.3
14344 0.9290366190346488 1434.4
14345 0.9291090833158921 1434.5
14346 0.9291811389144841 1434.6
14347 0.9292528070817229 1434.7
14348 0.9293240932989286 1434.8
14349 0.9293950181595985 1434.9
14350 0.9294655931532168 1435
14351 0.9295359828640652 1435.1
14352 0.929606047127539 1435.2
14353 0.9296758480814933 1435.3
14354 0.9297456544505321 1435.4
14355 0.9298152240253276 1435.5
14356 0.9298830883836067 1435.6
14357 0.9299519634086965 1435.7
14358 0.9300206012907908 1435.8
14359 0.9300890685807618 1435.9
14360 0.9301579780553003 1436
14361 0.9302293447115769 1436.1
14362 0.9303006228451832 1436.2
14363 0.9303706773575998 1436.3
14364 0.930440258189038 1436.4
14365 0.9305102038836194 1436.5
14366 0.9305801937707426 1436.6
14367 0.9306503632488794 1436.7
14368 0.9307207366694249 1436.8
14369 0.9307913086123456 1436.9
14370 0.9308620970962138 1437
14371 0.9309331633959261 1437.1
14372 0.9310045647355091 1437.2
14373 0.9310762871096989 1437.3
14374 0.9311483440734376 1437.4
14375 0.931219970953986 1437.5
14376 0.9312918284586963 1437.6
14377 0.9313638817161862 1437.7
14378 0.9314363862064663 1437.8
14379 0.9315093484956548 1437.9
14380 0.9315827705008949 1438
14381 0.9316566643364752 1438.1
14382 0.9317310308231692 1438.2
14383 0.9318058936493303 1438.3
14384 0.9318812515083581 1438.4
14385 0.9319570989174365 1438.5
14386 0.9320334318399445 1438.6
14387 0.9321102524399947 1438.7
14388 0.9321875410894614 1438.8
14389 0.9322647455166697 1438.9
14390 0.9323423971608342 1439
14391 0.932420459050296 1439.1
14392 0.9324989051550442 1439.2
14393 0.9325777101373498 1439.3
14394 0.9326565098525007 1439.4
14395 0.9327364059747981 1439.5
14396 0.9328177333033354 1439.6
14397 0.9329006452951785 1439.7
14398 0.9329821153263356 1439.8
14399 0.9330636809438424 1439.9
14400 0.9331453974672416 1440
14401 0.9332262987200041 1440.1
14402 0.9333067937052487 1440.2
14403 0.9333874729928168 1440.3
14404 0.9334688564002331 1440.4
14405 0.9335512819573359 1440.5
14406 0.9336339795161261 1440.6
14407 0.9337170146461032 1440.7
14408 0.9338002657708883 1440.8
14409 0.9338839704509754 1440.9
14410 0.9339678321513869 1441
14411 0.9340518241379856 1441.1
14412 0.9341359297419997 1441.2
14413 0.9342205520678457 1441.3
14414 0.9343055751228695 1441.4
14415 0.934386964854848 1441.5
14416 0.9344683361921244 1441.6
14417 0.9345497216811789 1441.7
14418 0.9346311132454365 1441.8
14419 0.9347124806347367 1441.9
14420 0.9347937862207516 1442
14421 0.9348749999618328 1442.1
14422 0.9349560928779052 1442.2
14423 0.9350370128585295 1442.3
14424 0.9351223965407901 1442.4
14425 0.935210529629227 1442.5
14426 0.9352983418979484 1442.6
14427 0.9353858176926433 1442.7
14428 0.935474145833847 1442.8
14429 0.9355624647168873 1442.9
14430 0.9356500800421095 1443
14431 0.9357370553522028 1443.1
14432 0.9358233055916959 1443.2
14433 0.9359090452590404 1443.3
14434 0.9359943293519307 1443.4
14435 0.9360791670626675 1443.5
14436 0.9361635827191928 1443.6
14437 0.9362476005517339 1443.7
14438 0.9363312364806483 1443.8
14439 0.9364144885793323 1443.9
14440 0.9364973376091064 1444
14441 0.936579094460621 1444.1
14442 0.9366571049692275 1444.2
14443 0.9367348341427184 1444.3
14444 0.9368122670220649 1444.4
14445 0.936889291764243 1444.5
14446 0.9369658971136287 1444.6
14447 0.9370420699076846 1444.7
14448 0.9371177999789394 1444.8
14449 0.9371930704083108 1444.9
14450 0.9372678649477253 1445
14451 0.9373421749367177 1445.1
14452 0.9374159686621699 1445.2
14453 0.9374892745973926 1445.3
14454 0.9375617699190494 1445.4
14455 0.9376335306135057 1445.5
14456 0.9377045132645707 1445.6
14457 0.9377721895320719 1445.7
14458 0.9378389863530956 1445.8
14459 0.9379081016731406 1445.9
14460 0.9379767120950696 1446
14461 0.9380446570104878 1446.1
14462 0.9381119409440078 1446.2
14463 0.9381788399422427 1446.3
14464 0.9382438292548126 1446.4
14465 0.9383095114413559 1446.5
14466 0.9383745508493282 1446.6
14467 0.9384389632183204 1446.7
14468 0.9385027643017722 1446.8
14469 0.9385660660267312 1446.9
14470 0.9386288594156126 1447
14471 0.9386913658728848 1447.1
14472 0.9387534611189038 1447.2
14473 0.9388150683181478 1447.3
14474 0.9388763145730568 1447.4
14475 0.9389387557847743 1447.5
14476 0.9390012140132711 1447.6
14477 0.9390633056518565 1447.7
14478 0.9391250595854668 1447.8
14479 0.9391865019743854 1447.9
14480 0.939247658469732 1448
14481 0.9393085531995772 1448.1
14482 0.9393691990002192 1448.2
14483 0.9394296424850985 1448.3
14484 0.9394906877799361 1448.4
14485 0.9395515529909176 1448.5
14486 0.9396122899821652 1448.6
14487 0.9396729065802082 1448.7
14488 0.9397334175548235 1448.8
14489 0.9397938391902965 1448.9
14490 0.9398541850281492 1449
14491 0.9399140025584399 1449.1
14492 0.9399734390597669 1449.2
14493 0.9400328216324052 1449.3
14494 0.940092045127542 1449.4
14495 0.9401511555882526 1449.5
14496 0.9402101860793987 1449.6
14497 0.9402691757066718 1449.7
14498 0.9403281184654927 1449.8
14499 0.9403870335777222 1449.9
14500 0.9404459200911195 1450
14501 0.9405047779160708 1450.1
14502 0.9405636467071992 1450.2
14503 0.9406223817724026 1450.3
14504 0.9406810443886179 1450.4
14505 0.9407396691009494 1450.5
14506 0.9407970667771001 1450.6
14507 0.9408541908215158 1450.7
14508 0.9409112961686049 1450.8
14509 0.9409681059470667 1450.9
14510 0.9410244527117392 1451
14511 0.9410807875114792 1451.1
14512 0.9411371180139281 1451.2
14513 0.9411934483712666 1451.3
14514 0.9412497912476487 1451.4
14515 0.9413060711154979 1451.5
14516 0.9413620999874749 1451.6
14517 0.9414181766703387 1451.7
14518 0.9414743134849304 1451.8
14519 0.9415305204608106 1451.9
14520 0.9415865801567943 1452
14521 0.9416427084522513 1452.1
14522 0.9416989635767159 1452.2
14523 0.9417555457478277 1452.3
14524 0.941812417789453 1452.4
14525 0.9418698724196323 1452.5
14526 0.9419287726699546 1452.6
14527 0.9419878836644611 1452.7
14528 0.9420472379982394 1452.8
14529 0.9421069025436087 1452.9
14530 0.9421669342181997 1453
14531 0.9422273373732974 1453.1
14532 0.942290356980932 1453.2
14533 0.9423538364100347 1453.3
14534 0.9424166587462938 1453.4
14535 0.9424790683606237 1453.5
14536 0.9425422055450596 1453.6
14537 0.9426058859651462 1453.7
14538 0.9426701271393474 1453.8
14539 0.9427349423975696 1453.9
14540 0.942800216792369 1454
14541 0.9428658324161556 1454.1
14542 0.942932072305946 1454.2
14543 0.9429989605267802 1454.3
14544 0.9430665055988091 1454.4
14545 0.9431347123829598 1454.5
14546 0.9432046539708486 1454.6
14547 0.9432766115857895 1454.7
14548 0.9433502666435796 1454.8
14549 0.9434246291215895 1454.9
14550 0.9434996209507869 1455
14551 0.943573615115795 1455.1
14552 0.9436482564379282 1455.2
14553 0.9437235459038998 1455.3
14554 0.9437993772622389 1455.4
14555 0.9438757389072379 1455.5
14556 0.943953250065974 1455.6
14557 0.9440313783927239 1455.7
14558 0.9441101243296414 1455.8
14559 0.9441894830993595 1455.9
14560 0.9442694706631687 1456
14561 0.9443501117290574 1456.1
14562 0.9444313755871599 1456.2
14563 0.9445129676949754 1456.3
14564 0.9445952236505585 1456.4
14565 0.9446781595421534 1456.5
14566 0.9447616997376015 1456.6
14567 0.9448457500451156 1456.7
14568 0.9449304810379029 1456.8
14569 0.9450157083614497 1456.9
14570 0.9451073973648153 1457
14571 0.9451997474360089 1457.1
14572 0.9452928025596996 1457.2
14573 0.9453867528987661 1457.3
14574 0.9454814147691925 1457.4
14575 0.9455729443311844 1457.5
14576 0.9456611600728817 1457.6
14577 0.9457494579735147 1457.7
14578 0.9458384715254435 1457.8
14579 0.9459282024721085 1457.9
14580 0.946018643167082 1458
14581 0.9461097983834441 1458.1
14582 0.946201652217905 1458.2
14583 0.9462942177267327 1458.3
14584 0.9463875082262967 1458.4
14585 0.9464815168367002 1458.5
14586 0.9465764652820686 1458.6
14587 0.9466749141117278 1458.7
14588 0.9467765273062039 1458.8
14589 0.9468788399017168 1458.9
14590 0.9469818408420753 1459
14591 0.9470855113020307 1459.1
14592 0.9471858817842483 1459.2
14593 0.947286821993402 1459.3
14594 0.9473901938828946 1459.4
14595 0.9474940190550146 1459.5
14596 0.9475982061938539 1459.6
14597 0.9477027908719644 1459.7
14598 0.9478077829322835 1459.8
14599 0.9479136245913194 1459.9
14600 0.9480200297442486 1460
14601 0.9481269243211341 1460.1
14602 0.948234319265317 1460.2
14603 0.9483421861808317 1460.3
14604 0.9484505138092337 1460.4
14605 0.9485592893755507 1460.5
14606 0.9486684846166262 1460.6
14607 0.9487780830576074 1460.7
14608 0.9488880627770082 1460.8
14609 0.9489983912250234 1460.9
14610 0.9491090430680807 1461
14611 0.9492201200401972 1461.1
14612 0.949332519218364 1461.2
14613 0.9494436138218805 1461.3
14614 0.9495546723556579 1461.4
14615 0.949665879350603 1461.5
14616 0.9497771848774915 1461.6
14617 0.9498905722535803 1461.7
14618 0.950001065824214 1461.8
14619 0.9501083824148946 1461.9
14620 0.9502154807656678 1462
14621 0.9503224661094737 1462.1
14622 0.9504298759385943 1462.2
14623 0.9505363477076711 1462.3
14624 0.9506428365683591 1462.4
14625 0.9507528169043423 1462.5
14626 0.9508637230080377 1462.6
14627 0.9509747265891355 1462.7
14628 0.9510859032558256 1462.8
14629 0.9511974168219517 1462.9
14630 0.9513087790418806 1463
14631 0.9514199764136412 1463.1
14632 0.9515309808666134 1463.2
14633 0.9516417796571928 1463.3
14634 0.9517523397019598 1463.4
14635 0.9518626441844189 1463.5
14636 0.951972673958508 1463.6
14637 0.9520823929708274 1463.7
14638 0.9521917786652805 1463.8
14639 0.9523008034689504 1463.9
14640 0.9524094346406727 1464
14641 0.9525176733861177 1464.1
14642 0.9526254618920572 1464.2
14643 0.9527327833577273 1464.3
14644 0.9528396326340069 1464.4
14645 0.9529457590200854 1464.5
14646 0.953051205611084 1464.6
14647 0.9531560484944962 1464.7
14648 0.9532639181541837 1464.8
14649 0.953371603972154 1464.9
14650 0.9534786021796287 1465
14651 0.9535849509296008 1465.1
14652 0.9536906466676881 1465.2
14653 0.9537956750039791 1465.3
14654 0.9539000160680444 1465.4
14655 0.9540036705664873 1465.5
14656 0.9541066121479567 1465.6
14657 0.9542088395018269 1465.7
14658 0.9543103577437728 1465.8
14659 0.9544111743251893 1465.9
14660 0.9545112720843431 1466
14661 0.9546106252084768 1466.1
14662 0.9547092734059874 1466.2
14663 0.9548072135972053 1466.3
14664 0.9549043115851558 1466.4
14665 0.9549984240699534 1466.5
14666 0.9550918176734485 1466.6
14667 0.9551845298296011 1466.7
14668 0.9552765726003375 1466.8
14669 0.9553678929334587 1466.9
14670 0.9554585220573842 1467
14671 0.9555484719162803 1467.1
14672 0.9556377481563831 1467.2
14673 0.9557263584183001 1467.3
14674 0.9558143087520733 1467.4
14675 0.9559010898574407 1467.5
14676 0.9559816554557163 1467.6
14677 0.9560615938727288 1467.7
14678 0.9561409238457012 1467.8
14679 0.9562196441332187 1467.9
14680 0.9562977628167886 1468
14681 0.9563760086649601 1468.1
14682 0.9564556671059639 1468.2
14683 0.9565344157224895 1468.3
14684 0.9566126808725829 1468.4
14685 0.9566904444600516 1468.5
14686 0.9567676127614947 1468.6
14687 0.9568441517033597 1468.7
14688 0.9569200758537463 1468.8
14689 0.9569953880184899 1468.9
14690 0.9570700901290664 1469
14691 0.9571441826194789 1469.1
14692 0.9572176677351016 1469.2
14693 0.9572905530041955 1469.3
14694 0.9573628424241699 1469.4
14695 0.9574345244789835 1469.5
14696 0.9575056299520585 1469.6
14697 0.9575761619522841 1469.7
14698 0.9576461262166571 1469.8
14699 0.9577155265372906 1469.9
14700 0.9577843747889943 1470
14701 0.9578538706378661 1470.1
14702 0.9579196236349707 1470.2
14703 0.9579848856440182 1470.3
14704 0.958049705475618 1470.4
14705 0.9581140065921155 1470.5
14706 0.9581778842905697 1470.6
14707 0.9582413752040141 1470.7
14708 0.9583054994330056 1470.8
14709 0.9583763732578697 1470.9
14710 0.9584468667288183 1471
14711 0.9585169995064603 1471.1
14712 0.9585868025935053 1471.2
14713 0.9586563030805516 1471.3
14714 0.9587258818552937 1471.4
14715 0.9587956006220254 1471.5
14716 0.958865035771313 1471.6
14717 0.9589342166790327 1471.7
14718 0.9590031704519628 1471.8
14719 0.9590720075580702 1471.9
14720 0.9591408514923337 1472
14721 0.9592095940775009 1472.1
14722 0.9592780181007873 1472.2
14723 0.9593463383785914 1472.3
14724 0.9594146344354008 1472.4
14725 0.9594830334179815 1472.5
14726 0.9595513997198392 1472.6
14727 0.9596197763828854 1472.7
14728 0.9596881819806108 1472.8
14729 0.9597566187540648 1472.9
14730 0.9598251053599637 1473
14731 0.9598935641221834 1473.1
14732 0.9599620776864385 1473.2
14733 0.9600306473428996 1473.3
14734 0.960099058819301 1473.4
14735 0.960167515731993 1473.5
14736 0.9602359929784833 1473.6
14737 0.9603045142466543 1473.7
14738 0.9603730662539659 1473.8
14739 0.9604416537558812 1473.9
14740 0.9605102804034663 1474
14741 0.9605788554116234 1474.1
14742 0.9606474614438583 1474.2
14743 0.9607160877470989 1474.3
14744 0.9607847477847955 1474.4
14745 0.9608535671088468 1474.5
14746 0.9609224151611332 1474.6
14747 0.9609912479100153 1474.7
14748 0.9610603398582515 1474.8
14749 0.9611294074335539 1474.9
14750 0.9611984608973725 1475
14751 0.9612674930293994 1475.1
14752 0.9613365064913404 1475.2
14753 0.9614054974977194 1475.3
14754 0.9614744714781811 1475.4
14755 0.9615433994050607 1475.5
14756 0.9616123132946098 1475.6
14757 0.9616812112728147 1475.7
14758 0.9617501014189977 1475.8
14759 0.9618189861715909 1475.9
14760 0.9618878696780937 1476
14761 0.9619567542276731 1476.1
14762 0.9620256812514006 1476.2
14763 0.9620947382623962 1476.3
14764 0.9621641059066913 1476.4
14765 0.9622312677246632 1476.5
14766 0.9622983938855334 1476.6
14767 0.9623656156923487 1476.7
14768 0.9624329521213092 1476.8
14769 0.962500415617929 1476.9
14770 0.9625680221270881 1477
14771 0.96263577631708 1477.1
14772 0.9627040963801543 1477.2
14773 0.9627732714032725 1477.3
14774 0.9628424783333813 1477.4
14775 0.9629117280611229 1477.5
14776 0.9629810955286003 1477.6
14777 0.96305063092276 1477.7
14778 0.9631203522355508 1477.8
14779 0.9631903032311638 1477.9
14780 0.9632605090985913 1478
14781 0.9633309892696369 1478.1
14782 0.9634020253152826 1478.2
14783 0.9634736795447715 1478.3
14784 0.9635456428859209 1478.4
14785 0.963617929078062 1478.5
14786 0.9636905446784404 1478.6
14787 0.9637634911934536 1478.7
14788 0.9638367729193654 1478.8
14789 0.9639103900139542 1478.9
14790 0.963984358471292 1479
14791 0.9640586814111336 1479.1
14792 0.9641337137547129 1479.2
14793 0.9642091641412013 1479.3
14794 0.9642849972939596 1479.4
14795 0.964361194383454 1479.5
14796 0.9644377275351125 1479.6
14797 0.9645147465345849 1479.7
14798 0.9645921684835258 1479.8
14799 0.9646700228224036 1479.9
14800 0.9647483100729406 1480
14801 0.9648270273089755 1480.1
14802 0.9649061604723445 1480.2
14803 0.9649857162487948 1480.3
14804 0.9650657010023833 1480.4
14805 0.9651462082721449 1480.5
14806 0.9652289751456017 1480.6
14807 0.9653116855686529 1480.7
14808 0.9653914490375258 1480.8
14809 0.9654714465027083 1480.9
14810 0.9655517748653015 1481
14811 0.9656324713972869 1481.1
14812 0.9657135348578358 1481.2
14813 0.9657949868408737 1481.3
14814 0.9658768196179814 1481.4
14815 0.9659590571989808 1481.5
14816 0.96604171674697 1481.6
14817 0.9661248104306684 1481.7
14818 0.9662083366832591 1481.8
14819 0.9662923020697655 1481.9
14820 0.9663767065532554 1482
14821 0.966461554237127 1482.1
14822 0.9665468598065144 1482.2
14823 0.9666326174099537 1482.3
14824 0.9667188245102132 1482.4
14825 0.9668054863934951 1482.5
14826 0.9668926327473144 1482.6
14827 0.9669802773376002 1482.7
14828 0.9670683613862177 1482.8
14829 0.967156882212174 1482.9
14830 0.9672457879457756 1483
14831 0.9673351097484485 1483.1
14832 0.9674235751205826 1483.2
14833 0.9675114206384643 1483.3
14834 0.9675996791389656 1483.4
14835 0.9676883132944795 1483.5
14836 0.9677772942542138 1483.6
14837 0.9678666157944746 1483.7
14838 0.9679563352992863 1483.8
14839 0.968046433677028 1483.9
14840 0.9681368153574234 1484
14841 0.9682287264069191 1484.1
14842 0.9683222695830335 1484.2
14843 0.9684163049977897 1484.3
14844 0.9685104776444252 1484.4
14845 0.9686048079431808 1484.5
14846 0.9686992927448368 1484.6
14847 0.9687939210750814 1484.7
14848 0.9688886802622348 1484.8
14849 0.9689835561647389 1484.9
14850 0.9690785488135853 1485
14851 0.9691736410750028 1485.1
14852 0.9692701007188471 1485.2
14853 0.9693696859674166 1485.3
14854 0.9694685160442451 1485.4
14855 0.9695674079457608 1485.5
14856 0.9696701680078693 1485.6
14857 0.9697732833295036 1485.7
14858 0.969876391997416 1485.8
14859 0.9699795128674369 1485.9
14860 0.9700827928500779 1486
14861 0.9701860736884742 1486.1
14862 0.970289350009959 1486.2
14863 0.9703925774899892 1486.3
14864 0.9704957353429019 1486.4
14865 0.9705988007811911 1486.5
14866 0.9707017706858259 1486.6
14867 0.9708045851766751 1486.7
14868 0.9709072300282739 1486.8
14869 0.9710096855567258 1486.9
14870 0.9711119405478261 1487
14871 0.9712139546598563 1487.1
14872 0.9713147370309243 1487.2
14873 0.9714119880257078 1487.3
14874 0.9715057091059904 1487.4
14875 0.9715990623448159 1487.5
14876 0.9716920224239481 1487.6
14877 0.9717845568525569 1487.7
14878 0.9718766473401554 1487.8
14879 0.9719682700209039 1487.9
14880 0.972059395237286 1488
14881 0.9721500079501725 1488.1
14882 0.9722400912479445 1488.2
14883 0.9723296236065608 1488.3
14884 0.9724185820693245 1488.4
14885 0.9725069426560666 1488.5
14886 0.9725946912712435 1488.6
14887 0.9726818245554395 1488.7
14888 0.9727682511027242 1488.8
14889 0.9728548098098111 1488.9
14890 0.9729407021167111 1489
14891 0.9730259331612174 1489.1
14892 0.9731105120292425 1489.2
14893 0.9731944377626798 1489.3
14894 0.9732777070396436 1489.4
14895 0.9733602369123447 1489.5
14896 0.9734427377697596 1489.6
14897 0.9735188867850848 1489.7
14898 0.9735929888197765 1489.8
14899 0.9736664208462041 1489.9
14900 0.9737391814345173 1490
14901 0.9738112182490042 1490.1
14902 0.9738826101035637 1490.2
14903 0.973953162938458 1490.3
14904 0.9740226781665117 1490.4
14905 0.9740915471843372 1490.5
14906 0.9741631828695125 1490.6
14907 0.974238109994539 1490.7
14908 0.9743124297604653 1490.8
14909 0.974386147404353 1490.9
14910 0.9744614328861808 1491
14911 0.9745388148166663 1491.1
14912 0.9746157439892356 1491.2
14913 0.9746921578980765 1491.3
14914 0.9747679808289239 1491.4
14915 0.9748433148211094 1491.5
14916 0.9749180600409394 1491.6
14917 0.9749816587360873 1491.7
14918 0.9750443466336751 1491.8
14919 0.9751064985477189 1491.9
14920 0.9751684212043018 1492
14921 0.9752297314442717 1492.1
14922 0.9752908536785874 1492.2
14923 0.9753578214154114 1492.3
14924 0.9754242708216023 1492.4
14925 0.9754901666482342 1492.5
14926 0.9755555774243024 1492.6
14927 0.9756205242324625 1492.7
14928 0.9756850243124007 1492.8
14929 0.9757470543416998 1492.9
14930 0.9758076171291027 1493
14931 0.9758677473034714 1493.1
14932 0.9759274594986845 1493.2
14933 0.9759867670864372 1493.3
14934 0.9760456846203072 1493.4
14935 0.9761042272145558 1493.5
14936 0.9761624100102323 1493.6
14937 0.9762202455129046 1493.7
14938 0.9762784213603813 1493.8
14939 0.9763392980413425 1493.9
14940 0.9763997311025201 1494
14941 0.9764598428372849 1494.1
14942 0.976519651431376 1494.2
14943 0.976579170185607 1494.3
14944 0.9766384042407865 1494.4
14945 0.9766973621776944 1494.5
14946 0.9767560509617704 1494.6
14947 0.9768141887256855 1494.7
14948 0.9768719875733265 1494.8
14949 0.9769302448812074 1494.9
14950 0.9769896093902829 1495
14951 0.9770487439759121 1495.1
14952 0.9771076555371093 1495.2
14953 0.9771663160481455 1495.3
14954 0.9772197222841529 1495.4
14955 0.9772753868955523 1495.5
14956 0.9773309072902646 1495.6
14957 0.9773862498036489 1495.7
14958 0.9774414125671275 1495.8
14959 0.9774964149252895 1495.9
14960 0.9775520655296269 1496
14961 0.9776077606018242 1496.1
14962 0.9776632363789183 1496.2
14963 0.9777185435135225 1496.3
14964 0.9777737294707048 1496.4
14965 0.9778288421246918 1496.5
14966 0.9778839250833509 1496.6
14967 0.9779390033719852 1496.7
14968 0.9779940708321815 1496.8
14969 0.9780491682648667 1496.9
14970 0.9781043883533143 1497
14971 0.9781582638166174 1497.1
14972 0.9782118375107463 1497.2
14973 0.9782655619862388 1497.3
14974 0.9783194739514868 1497.4
14975 0.9783735742681953 1497.5
14976 0.9784278668151557 1497.6
14977 0.9784823631796069 1497.7
14978 0.9785370746648444 1497.8
14979 0.9785919996135225 1497.9
14980 0.9786471343966049 1498
14981 0.9787024960659968 1498.1
14982 0.9787580991482209 1498.2
14983 0.9788139533908974 1498.3
14984 0.9788684640402799 1498.4
14985 0.9789220681913715 1498.5
14986 0.9789751472495419 1498.6
14987 0.9790297309682482 1498.7
14988 0.979084584649107 1498.8
14989 0.9791396474670307 1498.9
14990 0.9791949411185531 1499
14991 0.9792504623030767 1499.1
14992 0.9793061989145793 1499.2
14993 0.9793621429937408 1499.3
14994 0.9794182288579525 1499.4
14995 0.979474487338593 1499.5
14996 0.9795309279432931 1499.6
14997 0.9795880188931064 1499.7
14998 0.9796468266083704 1499.8
14999 0.9797052324352661 1499.9
15000 0.979763515147171 1500
15001 0.9798218302140068 1500.1
15002 0.9798802454168053 1500.2
15003 0.9799388222604909 1500.3
15004 0.9799975933028328 1500.4
15005 0.9800565776095096 1500.5
15006 0.9801157889336918 1500.6
15007 0.9801752367754185 1500.7
15008 0.9802349304519551 1500.8
15009 0.9802948672198254 1500.9
15010 0.9803550735588344 1501
15011 0.9804155550666309 1501.1
15012 0.9804763131106083 1501.2
15013 0.9805372968600895 1501.3
15014 0.9805985645017222 1501.4
15015 0.9806601179172677 1501.5
15016 0.9807219626582843 1501.6
15017 0.9807842978395583 1501.7
15018 0.9808470799433803 1501.8
15019 0.9809100618945984 1501.9
15020 0.9809731828839332 1502
15021 0.9810402568232232 1502.1
15022 0.9811072953104986 1502.2
15023 0.9811746172869541 1502.3
15024 0.9812422134479544 1502.4
15025 0.9813100960777826 1502.5
15026 0.9813782675595245 1502.6
15027 0.9814467214699719 1502.7
15028 0.9815154583882795 1502.8
15029 0.9815844759157553 1502.9
15030 0.981653756201557 1503
15031 0.9817233073204559 1503.1
15032 0.9817931356946307 1503.2
15033 0.9818632413418676 1503.3
15034 0.9819336120496865 1503.4
15035 0.9820042615072084 1503.5
15036 0.9820751883787987 1503.6
15037 0.9821463859599361 1503.7
15038 0.9822178549529461 1503.8
15039 0.9822895982210872 1503.9
15040 0.9823620418640392 1504
15041 0.9824365078317724 1504.1
15042 0.9825112534140185 1504.2
15043 0.982586289959321 1504.3
15044 0.9826616226125102 1504.4
15045 0.9827372535345984 1504.5
15046 0.982813144154757 1504.6
15047 0.9828893034066764 1504.7
15048 0.9829657706676804 1504.8
15049 0.9830425546664837 1504.9
15050 0.9831197676609306 1505
15051 0.9831976052597229 1505.1
15052 0.983275766028465 1505.2
15053 0.9833542510792697 1505.3
15054 0.9834330613962134 1505.4
15055 0.9835121777199695 1505.5
15056 0.9835915987479886 1505.6
15057 0.9836713366274494 1505.7
15058 0.9837513882173758 1505.8
15059 0.9838314769280606 1505.9
15060 0.9839118839835872 1506
15061 0.9839925843417859 1506.1
15062 0.98407355695814 1506.2
15063 0.9841547851304625 1506.3
15064 0.9842362751621259 1506.4
15065 0.9843180252004174 1506.5
15066 0.9844000275428896 1506.6
15067 0.9844822727235576 1506.7
15068 0.9845648306998975 1506.8
15069 0.9846474678643347 1506.9
15070 0.9847302919242018 1507
15071 0.9848133141648654 1507.1
15072 0.9848965292174309 1507.2
15073 0.9849797781661453 1507.3
15074 0.9850631785730004 1507.4
15075 0.9851467378423006 1507.5
15076 0.9852304508680815 1507.6
15077 0.9853143151217465 1507.7
15078 0.9853981924118231 1507.8
15079 0.985482168113721 1507.9
15080 0.9855662663531005 1508
15081 0.9856504774117298 1508.1
15082 0.9857347986797456 1508.2
15083 0.9858187749906139 1508.3
15084 0.9859002709212972 1508.4
15085 0.9859869755742092 1508.5
15086 0.9860739058999224 1508.6
15087 0.9861609015531424 1508.7
15088 0.9862479710868353 1508.8
15089 0.9863351313856931 1508.9
15090 0.9864223779503823 1509
15091 0.9865096988337531 1509.1
15092 0.9865970868831452 1509.2
15093 0.986684535797304 1509.3
15094 0.9867720126042318 1509.4
15095 0.9868599748867957 1509.5
15096 0.9869480080139044 1509.6
15097 0.9870361696320828 1509.7
15098 0.9871243028535257 1509.8
15099 0.9872124270271364 1509.9
15100 0.9873005288113632 1510
15101 0.9873886137655407 1510.1
15102 0.9874766207990717 1510.2
15103 0.9875646019873719 1510.3
15104 0.9876525471683743 1510.4
15105 0.9877388144678911 1510.5
15106 0.9878243187156774 1510.6
15107 0.9879097520884412 1510.7
15108 0.987994886447672 1510.8
15109 0.9880789943425059 1510.9
15110 0.9881658873731103 1511
15111 0.9882534718553521 1511.1
15112 0.9883409111661431 1511.2
15113 0.9884281136329313 1511.3
15114 0.9885150467898229 1511.4
15115 0.9886000903914645 1511.5
15116 0.988682310708928 1511.6
15117 0.9887642497998226 1511.7
15118 0.9888458845241569 1511.8
15119 0.9889271960706977 1511.9
15120 0.9890096261891376 1512
15121 0.9890928492044377 1512.1
15122 0.9891757238918106 1512.2
15123 0.9892582289268272 1512.3
15124 0.9893403458335488 1512.4
15125 0.9894220551828176 1512.5
15126 0.9895033390478062 1512.6
15127 0.9895841786281617 1512.7
15128 0.9896645649513549 1512.8
15129 0.9897445292244119 1512.9
15130 0.9898248885450464 1513
15131 0.9899046358747517 1513.1
15132 0.9899837802219061 1513.2
15133 0.9900623640522233 1513.3
15134 0.9901404714244123 1513.4
15135 0.9902181567523084 1513.5
15136 0.9902953760208859 1513.6
15137 0.9903689289509517 1513.7
15138 0.9904413974539373 1513.8
15139 0.9905134713484259 1513.9
15140 0.9905851742879888 1514
15141 0.9906565388262135 1514.1
15142 0.9907275963834794 1514.2
15143 0.9907983587527442 1514.3
15144 0.9908684016894325 1514.4
15145 0.9909378910962361 1514.5
15146 0.991007130583033 1514.6
15147 0.9910775471721076 1514.7
15148 0.9911467523725334 1514.8
15149 0.9912166713389925 1514.9
15150 0.9912863881005874 1515
15151 0.991355911196994 1515.1
15152 0.9914252505313578 1515.2
15153 0.9914945800403642 1515.3
15154 0.9915640071757112 1515.4
15155 0.9916332958799872 1515.5
15156 0.991702446973162 1515.6
15157 0.9917714505157209 1515.7
15158 0.9918403041132864 1515.8
15159 0.9919090092302408 1515.9
15160 0.9919775599834387 1516
15161 0.9920459426951669 1516.1
15162 0.9921141602503786 1516.2
15163 0.9921822055248164 1516.3
15164 0.9922500713121997 1516.4
15165 0.9923177491965864 1516.5
15166 0.9923852340427246 1516.6
15167 0.9924525253416029 1516.7
15168 0.9925196203227558 1516.8
15169 0.9925865040320307 1516.9
15170 0.9926533163067695 1517
15171 0.9927199884767273 1517.1
15172 0.9927870045779815 1517.2
15173 0.9928534256389756 1517.3
15174 0.9929160162987377 1517.4
15175 0.9929774965242727 1517.5
15176 0.9930387300153275 1517.6
15177 0.9930997553818879 1517.7
15178 0.9931605963831444 1517.8
15179 0.9932212712257033 1517.9
15180 0.9932830026009827 1518
15181 0.9933448666431007 1518.1
15182 0.9934066266290755 1518.2
15183 0.9934683056085616 1518.3
15184 0.9935299240766677 1518.4
15185 0.9935914962966379 1518.5
15186 0.9936530350987302 1518.6
15187 0.993714551546689 1518.7
15188 0.9937760562811832 1518.8
15189 0.993837405389582 1518.9
15190 0.9938987430576975 1519
15191 0.9939652646798833 1519.1
15192 0.9940307522967794 1519.2
15193 0.9940953673503858 1519.3
15194 0.9941600169327393 1519.4
15195 0.994224713301658 1519.5
15196 0.9942894356845238 1519.6
15197 0.9943541837527864 1519.7
15198 0.9944191467528453 1519.8
15199 0.9944841400260548 1519.9
15200 0.994549152785824 1520
15201 0.9946141853863431 1520.1
15202 0.9946792383412214 1520.2
15203 0.9947443101710851 1520.3
15204 0.9948093979723736 1520.4
15205 0.9948744954634903 1520.5
15206 0.9949395102866239 1520.6
15207 0.995004519978815 1520.7
15208 0.995069528290692 1520.8
15209 0.9951327888947272 1520.9
15210 0.9951944254440246 1521
15211 0.9952560470383424 1521.1
15212 0.9953176560226193 1521.2
15213 0.9953792333659246 1521.3
15214 0.9954407740649295 1521.4
15215 0.9955022890197659 1521.5
15216 0.9955637832364276 1521.6
15217 0.995625248852432 1521.7
15218 0.9956866949658522 1521.8
15219 0.9957481245418628 1521.9
15220 0.9958095675946423 1522
15221 0.9958712342594132 1522.1
15222 0.9959328592531589 1522.2
15223 0.9959944888614698 1522.3
15224 0.9960567540695194 1522.4
15225 0.996119058849786 1522.5
15226 0.9961814202071884 1522.6
15227 0.9962438288643435 1522.7
15228 0.996306313886496 1522.8
15229 0.9963688859092481 1522.9
15230 0.9964314144090934 1523
15231 0.9964940170325773 1523.1
15232 0.9965567157204387 1523.2
15233 0.9966195165756456 1523.3
15234 0.9966824294784277 1523.4
15235 0.9967454552897753 1523.5
15236 0.9968087138944596 1523.6
15237 0.9968766342125128 1523.7
15238 0.9969447604278494 1523.8
15239 0.9970096477645842 1523.9
15240 0.9970711115828871 1524
15241 0.9971343559261162 1524.1
15242 0.997198778308633 1524.2
15243 0.9972633367531462 1524.3
15244 0.9973280315649218 1524.4
15245 0.9973928596624199 1524.5
15246 0.9974578280573559 1524.6
15247 0.9975229424407812 1524.7
15248 0.9975882052898825 1524.8
15249 0.9976534541800123 1524.9
15250 0.9977187690531805 1525
15251 0.9977842623372638 1525.1
15252 0.9978499464931475 1525.2
15253 0.9979158312158508 1525.3
15254 0.9979819160554549 1525.4
15255 0.9980481537193173 1525.5
15256 0.998114608320693 1525.6
15257 0.9981812906371992 1525.7
15258 0.9982482094921492 1525.8
15259 0.9983153719252524 1525.9
15260 0.9983827911745917 1526
15261 0.9984504769486525 1526.1
15262 0.9985184423248223 1526.2
15263 0.9985866997711995 1526.3
15264 0.9986553988230297 1526.4
15265 0.9987244082754724 1526.5
15266 0.9987923331810286 1526.6
15267 0.9988639967443318 1526.7
15268 0.9989360821671207 1526.8
15269 0.999008518856232 1526.9
15270 0.9990813155182907 1527
15271 0.9991544734074524 1527.1
15272 0.9992279978064501 1527.2
15273 0.9993017819590639 1527.3
15274 0.9993758429657016 1527.4
15275 0.9994502859898606 1527.5
15276 0.9995296144049177 1527.6
15277 0.9996095967677512 1527.7
15278 0.9996899898711368 1527.8
15279 0.9997707909666286 1527.9
15280 0.9998519873854553 1528
15281 0.9999335621517546 1528.1
15282 1.000015535226725 1528.2
15283 1.000097912364515 1528.3
15284 1.000180697912678 1528.4
15285 1.000263872105529 1528.5
15286 1.000347441707413 1528.6
15287 1.000431383613849 1528.7
15288 1.000510193719593 1528.8
15289 1.000589419619267 1528.9
15290 1.000669036524099 1529
15291 1.000749043033222 1529.1
15292 1.000825838395707 1529.2
15293 1.000902816195858 1529.3
15294 1.000979051749002 1529.4
15295 1.001055134974423 1529.5
15296 1.001131604681782 1529.6
15297 1.00120845620186 1529.7
15298 1.001285690472003 1529.8
15299 1.001363301973831 1529.9
15300 1.001441283691496 1530
15301 1.001519631104486 1530.1
15302 1.001598343928296 1530.2
15303 1.001682535910413 1530.3
15304 1.001768295024096 1530.4
15305 1.001854398395016 1530.5
15306 1.001940714252348 1530.6
15307 1.002027214988878 1530.7
15308 1.002114038780236 1530.8
15309 1.002201188945202 1530.9
15310 1.002288653045264 1531
15311 1.002376300189242 1531.1
15312 1.002464042459137 1531.2
15313 1.00255188252036 1531.3
15314 1.002639995044573 1531.4
15315 1.002728400028236 1531.5
15316 1.002817006708707 1531.6
15317 1.002905755828424 1531.7
15318 1.00299474200757 1531.8
15319 1.003084128943389 1531.9
15320 1.003173807196049 1532
15321 1.003263723192686 1532.1
15322 1.003353872151564 1532.2
15323 1.003444251349551 1532.3
15324 1.003534778068629 1532.4
15325 1.003625275649882 1532.5
15326 1.003715981084451 1532.6
15327 1.003806890824706 1532.7
15328 1.003897990727212 1532.8
15329 1.003992814272957 1532.9
15330 1.004086467187114 1533
15331 1.004179790922662 1533.1
15332 1.004273260047571 1533.2
15333 1.004366862709909 1533.3
15334 1.004460592067613 1533.4
15335 1.004552985326011 1533.5
15336 1.004644374996966 1533.6
15337 1.004735855636335 1533.7
15338 1.004827413534261 1533.8
15339 1.004919029918998 1533.9
15340 1.005011328243058 1534
15341 1.005103829074611 1534.1
15342 1.005195148885912 1534.2
15343 1.005286351557088 1534.3
15344 1.005377480562379 1534.4
15345 1.005468548305057 1534.5
15346 1.00555955785256 1534.6
15347 1.005650490471382 1534.7
15348 1.00574136795222 1534.8
15349 1.005832199559033 1534.9
15350 1.005922990192065 1535
15351 1.006013729763831 1535.1
15352 1.006104419906289 1535.2
15353 1.006195058027249 1535.3
15354 1.006289484535349 1535.4
15355 1.006383929290697 1535.5
15356 1.006478311821298 1535.6
15357 1.006572627234121 1535.7
15358 1.006666869817221 1535.8
15359 1.006761032969073 1535.9
15360 1.00685511293763 1536
15361 1.00694909682472 1536.1
15362 1.007042975501965 1536.2
15363 1.007136736789453 1536.3
15364 1.007230377637013 1536.4
15365 1.00732382825305 1536.5
15366 1.007417100996487 1536.6
15367 1.00751018095816 1536.7
15368 1.007603078892225 1536.8
15369 1.007695911820108 1536.9
15370 1.007788532812168 1537
15371 1.007880914206781 1537.1
15372 1.007972995914765 1537.2
15373 1.008063120395258 1537.3
15374 1.008154030418106 1537.4
15375 1.008244643967617 1537.5
15376 1.008334946443787 1537.6
15377 1.008424921198336 1537.7
15378 1.008514547649457 1537.8
15379 1.008603807845995 1537.9
15380 1.008692692779075 1538
15381 1.008781192625642 1538.1
15382 1.008869298358212 1538.2
15383 1.008956992000827 1538.3
15384 1.009044259364891 1538.4
15385 1.009131103466212 1538.5
15386 1.009217513871848 1538.6
15387 1.009303474507099 1538.7
15388 1.009389002878069 1538.8
15389 1.009474087821064 1538.9
15390 1.009558726761233 1539
15391 1.009642919269708 1539.1
15392 1.009726666594954 1539.2
15393 1.009809967199524 1539.3
15394 1.009892805118241 1539.4
15395 1.009975206131782 1539.5
15396 1.010057530980404 1539.6
15397 1.010139464967012 1539.7
15398 1.010219257411096 1539.8
15399 1.010296617948649 1539.9
15400 1.010373592094989 1540
15401 1.010450228375574 1540.1
15402 1.010526480800603 1540.2
15403 1.010602365998424 1540.3
15404 1.010679004318654 1540.4
15405 1.010762200743758 1540.5
15406 1.010845069177511 1540.6
15407 1.010927618405715 1540.7
15408 1.011009939397697 1540.8
15409 1.011092038265938 1540.9
15410 1.011173842828451 1541
15411 1.01125445663538 1541.1
15412 1.011328554803947 1541.2
15413 1.011409288407671 1541.3
15414 1.011489899291609 1541.4
15415 1.011570320459761 1541.5
15416 1.011650567694487 1541.6
15417 1.011730654465645 1541.7
15418 1.011808483225952 1541.8
15419 1.011885686773115 1541.9
15420 1.011962767411572 1542
15421 1.012039730991907 1542.1
15422 1.012116750057001 1542.2
15423 1.012193723272976 1542.3
15424 1.012270598623453 1542.4
15425 1.012347394097483 1542.5
15426 1.012424134908312 1542.6
15427 1.012500820263833 1542.7
15428 1.012577462704565 1542.8
15429 1.012654079213252 1542.9
15430 1.012730681126919 1543
15431 1.012807271487007 1543.1
15432 1.012883854132473 1543.2
15433 1.012960439263708 1543.3
15434 1.013037027525518 1543.4
15435 1.013113659959037 1543.5
15436 1.01319035204096 1543.6
15437 1.013267043506578 1543.7
15438 1.013342053845844 1543.8
15439 1.013416016153482 1543.9
15440 1.013490021591726 1544
15441 1.013564079349516 1544.1
15442 1.013638192339469 1544.2
15443 1.013712366261838 1544.3
15444 1.013786606448119 1544.4
15445 1.013860917579704 1544.5
15446 1.013935309179546 1544.6
15447 1.014011949902625 1544.7
15448 1.014089179093249 1544.8
15449 1.01416648360879 1544.9
15450 1.014243601551669 1545
15451 1.014318839743447 1545.1
15452 1.014394201216347 1545.2
15453 1.014469683383636 1545.3
15454 1.014545288897093 1545.4
15455 1.014621011392289 1545.5
15456 1.0146968657284 1545.6
15457 1.014772866824512 1545.7
15458 1.014849022268268 1545.8
15459 1.014925341160945 1545.9
15460 1.01500181853904 1546
15461 1.015078472628617 1546.1
15462 1.015155318151603 1546.2
15463 1.01523246104636 1546.3
15464 1.015311206899696 1546.4
15465 1.015390158544287 1546.5
15466 1.015469325902654 1546.6
15467 1.015548714845811 1546.7
15468 1.015628330333452 1546.8
15469 1.015708182584519 1546.9
15470 1.015788276718806 1547
15471 1.015868609836359 1547.1
15472 1.015949194418507 1547.2
15473 1.016030108883698 1547.3
15474 1.016111277365868 1547.4
15475 1.016192707080092 1547.5
15476 1.016274402011386 1547.6
15477 1.016356363765598 1547.7
15478 1.016438593626259 1547.8
15479 1.016521129686678 1547.9
15480 1.016604049056292 1548
15481 1.016687208259792 1548.1
15482 1.016770626283951 1548.2
15483 1.01685147014605 1548.3
15484 1.016929780845161 1548.4
15485 1.017008352926437 1548.5
15486 1.017087197967003 1548.6
15487 1.017166318602092 1548.7
15488 1.01724571498717 1548.8
15489 1.017325385022689 1548.9
15490 1.017405934014702 1549
15491 1.017488451692217 1549.1
15492 1.017569400948763 1549.2
15493 1.017649007466847 1549.3
15494 1.017728875319288 1549.4
15495 1.017809002152664 1549.5
15496 1.01788960908324 1549.6
15497 1.017970623592291 1549.7
15498 1.018051750440868 1549.8
15499 1.018133067040516 1549.9
15500 1.018214591058673 1550
15501 1.018296337621977 1550.1
15502 1.018378303430451 1550.2
15503 1.018460481428042 1550.3
15504 1.018542878496969 1550.4
15505 1.018625490713219 1550.5
15506 1.018708317490966 1550.6
15507 1.018791354997869 1550.7
15508 1.018874541057622 1550.8
15509 1.018959986513584 1550.9
15510 1.019047496551415 1551
15511 1.019135161335205 1551.1
15512 1.019222975485385 1551.2
15513 1.019310930062444 1551.3
15514 1.019399015717348 1551.4
15515 1.019487228537285 1551.5
15516 1.019575551837332 1551.6
15517 1.019663974847687 1551.7
15518 1.019752478101056 1551.8
15519 1.019841031872361 1551.9
15520 1.019929638962983 1552
15521 1.020018289403689 1552.1
15522 1.02010696256552 1552.2
15523 1.020195642869323 1552.3
15524 1.020284308512583 1552.4
15525 1.02037294772905 1552.5
15526 1.020459586619647 1552.6
15527 1.020542706986427 1552.7
15528 1.020625997098956 1552.8
15529 1.02071032942073 1552.9
15530 1.02079455365268 1553
15531 1.020878651178617 1553.1
15532 1.020962606568566 1553.2
15533 1.021046404563478 1553.3
15534 1.021130030790945 1553.4
15535 1.021213445015763 1553.5
15536 1.021296664453431 1553.6
15537 1.021379719556697 1553.7
15538 1.02146256360452 1553.8
15539 1.021545179800172 1553.9
15540 1.021627563527919 1554
15541 1.021709710157007 1554.1
15542 1.021791611754807 1554.2
15543 1.021873264070137 1554.3
15544 1.021954664257826 1554.4
15545 1.022035810446221 1554.5
15546 1.022116701665062 1554.6
15547 1.022197334737432 1554.7
15548 1.022277711291997 1554.8
15549 1.022357829239991 1554.9
15550 1.02243768901566 1555
15551 1.022517280437153 1555.1
15552 1.022596614880116 1555.2
15553 1.022675691430429 1555.3
15554 1.022754499476611 1555.4
15555 1.022833044898263 1555.5
15556 1.022911328974724 1555.6
15557 1.022989349355706 1555.7
15558 1.023067104231689 1555.8
15559 1.023144554651391 1555.9
15560 1.023221730706284 1556
15561 1.023298632727759 1556.1
15562 1.023378800110295 1556.2
15563 1.0234625074846 1556.3
15564 1.023545940657579 1556.4
15565 1.023629100275184 1556.5
15566 1.023711957042012 1556.6
15567 1.023794549297805 1556.7
15568 1.023876924042919 1556.8
15569 1.023958994414186 1556.9
15570 1.024040770313156 1557
15571 1.024122274355158 1557.1
15572 1.02420350604402 1557.2
15573 1.024284463647067 1557.3
15574 1.024365149239006 1557.4
15575 1.024442156234226 1557.5
15576 1.024518488245957 1557.6
15577 1.024594567290609 1557.7
15578 1.024670359166428 1557.8
15579 1.024745867110895 1557.9
15580 1.024821078825924 1558
15581 1.024895967505276 1558.1
15582 1.024970577936009 1558.2
15583 1.025044915111005 1558.3
15584 1.025118982674652 1558.4
15585 1.02519278322628 1558.5
15586 1.025266318912362 1558.6
15587 1.02533951539223 1558.7
15588 1.025407595140816 1558.8
15589 1.025475383168529 1558.9
15590 1.025543147762183 1559
15591 1.025610635841228 1559.1
15592 1.025677885381419 1559.2
15593 1.025744912834511 1559.3
15594 1.025811725798227 1559.4
15595 1.025878313091445 1559.5
15596 1.025944708458568 1559.6
15597 1.026010924380511 1559.7
15598 1.026076956302473 1559.8
15599 1.026142864737932 1559.9
15600 1.026208789356856 1560
15601 1.026274548574205 1560.1
15602 1.026340155001703 1560.2
15603 1.026405626602491 1560.3
15604 1.026470962198307 1560.4
15605 1.026536174360743 1560.5
15606 1.026601266960759 1560.6
15607 1.026666254217165 1560.7
15608 1.026731139680301 1560.8
15609 1.026795969495458 1560.9
15610 1.026860710555071 1561
15611 1.026925368355025 1561.1
15612 1.026989943844134 1561.2
15613 1.027054446049287 1561.3
15614 1.027118873556769 1561.4
15615 1.027183227890625 1561.5
15616 1.027247512151876 1561.6
15617 1.027311725568885 1561.7
15618 1.027375870876326 1561.8
15619 1.027439951944415 1561.9
15620 1.027503971502869 1562
15621 1.02756969421203 1562.1
15622 1.027641009676757 1562.2
15623 1.027712261106235 1562.3
15624 1.027783451803675 1562.4
15625 1.027854575673507 1562.5
15626 1.027925647919137 1562.6
15627 1.027996671213617 1562.7
15628 1.028067654174206 1562.8
15629 1.028138593159755 1562.9
15630 1.02820950602164 1563
15631 1.028280410003719 1563.1
15632 1.028351297076961 1563.2
15633 1.028422185102745 1563.3
15634 1.02849311094544 1563.4
15635 1.028563999279131 1563.5
15636 1.028634892846026 1563.6
15637 1.02870580461167 1563.7
15638 1.028776737395711 1563.8
15639 1.028848316119616 1563.9
15640 1.028919942565225 1564
15641 1.028991617000345 1564.1
15642 1.0290633454041 1564.2
15643 1.02913523876037 1564.3
15644 1.029207269092432 1564.4
15645 1.029279365531309 1564.5
15646 1.029351515071552 1564.6
15647 1.029423727542689 1564.7
15648 1.029496020425815 1564.8
15649 1.029568289759348 1564.9
15650 1.02964093822703 1565
15651 1.029713690959821 1565.1
15652 1.029785631098978 1565.2
15653 1.029857049179857 1565.3
15654 1.029928574616912 1565.4
15655 1.030000204277328 1565.5
15656 1.030071936670503 1565.6
15657 1.030143173877895 1565.7
15658 1.030215017745212 1565.8
15659 1.030286956064633 1565.9
15660 1.030358971194142 1566
15661 1.03043106447569 1566.1
15662 1.030503255730014 1566.2
15663 1.03057555056319 1566.3
15664 1.030647950370015 1566.4
15665 1.030720225124854 1566.5
15666 1.030792597942011 1566.6
15667 1.030865065103657 1566.7
15668 1.030937623121182 1566.8
15669 1.031010198585974 1566.9
15670 1.031082855918044 1567
15671 1.031155668954489 1567.1
15672 1.031228561239006 1567.2
15673 1.03130152391918 1567.3
15674 1.031374660444364 1567.4
15675 1.03144655824359 1567.5
15676 1.031518518922674 1567.6
15677 1.031590547801246 1567.7
15678 1.031662648061368 1567.8
15679 1.03173481750601 1567.9
15680 1.031807054053998 1568
15681 1.031879355790299 1568.1
15682 1.031951720118401 1568.2
15683 1.032024145895669 1568.3
15684 1.032096631046721 1568.4
15685 1.032169174029151 1568.5
15686 1.032242291393098 1568.6
15687 1.032315587829944 1568.7
15688 1.032388923504897 1568.8
15689 1.032462083028433 1568.9
15690 1.032535223820228 1569
15691 1.032608405363787 1569.1
15692 1.03268162790417 1569.2
15693 1.032754889263934 1569.3
15694 1.032828201953729 1569.4
15695 1.032901611493749 1569.5
15696 1.032975054243821 1569.6
15697 1.033048527154923 1569.7
15698 1.033122023024165 1569.8
15699 1.033195541453157 1569.9
15700 1.033269079130962 1570
15701 1.033342633360715 1570.1
15702 1.03341620146623 1570.2
15703 1.03348977999018 1570.3
15704 1.033563365115644 1570.4
15705 1.033636953193944 1570.5
15706 1.033710517265248 1570.6
15707 1.033784071160719 1570.7
15708 1.033857617102783 1570.8
15709 1.033931150493777 1570.9
15710 1.034002436619009 1571
15711 1.034070046670072 1571.1
15712 1.034137637062618 1571.2
15713 1.034205205218362 1571.3
15714 1.034272750296404 1571.4
15715 1.034340264906055 1571.5
15716 1.034407739295343 1571.6
15717 1.034475130378472 1571.7
15718 1.034542488459498 1571.8
15719 1.034609785207216 1571.9
15720 1.034678169201454 1572
15721 1.034747371985096 1572.1
15722 1.034816502495622 1572.2
15723 1.034885576056513 1572.3
15724 1.034954601350134 1572.4
15725 1.035023572525831 1572.5
15726 1.035092487987015 1572.6
15727 1.035163380103918 1572.7
15728 1.035234156307544 1572.8
15729 1.035304855997381 1572.9
15730 1.035375475660508 1573
15731 1.035446010091914 1573.1
15732 1.035516465105933 1573.2
15733 1.035586833299261 1573.3
15734 1.03565710711744 1573.4
15735 1.035727283234587 1573.5
15736 1.035797357659061 1573.6
15737 1.035867316458134 1573.7
15738 1.035937171172871 1573.8
15739 1.036006921082518 1573.9
15740 1.036076563894815 1574
15741 1.036146097670984 1574.1
15742 1.036215519731353 1574.2
15743 1.036284837869096 1574.3
15744 1.036354031756194 1574.4
15745 1.036423114709255 1574.5
15746 1.036492082520595 1574.6
15747 1.036560934326488 1574.7
15748 1.036629669636607 1574.8
15749 1.036698287055704 1574.9
15750 1.036766779088983 1575
15751 1.036835448243032 1575.1
15752 1.036905557462563 1575.2
15753 1.036975545471606 1575.3
15754 1.037045534737943 1575.4
15755 1.037115747698768 1575.5
15756 1.037183351147118 1575.6
15757 1.037250844811159 1575.7
15758 1.037318812484225 1575.8
15759 1.037387137292957 1575.9
15760 1.037455313947331 1576
15761 1.037523350551496 1576.1
15762 1.037591256329863 1576.2
15763 1.03765908560481 1576.3
15764 1.037726830425216 1576.4
15765 1.037794485185833 1576.5
15766 1.037862177505004 1576.6
15767 1.03792906186796 1576.7
15768 1.037995572443285 1576.8
15769 1.03806192343109 1576.9
15770 1.038128136955061 1577
15771 1.038194240392546 1577.1
15772 1.038260240241507 1577.2
15773 1.038326812867682 1577.3
15774 1.038395330968769 1577.4
15775 1.038463746597951 1577.5
15776 1.038532076233206 1577.6
15777 1.038600317842459 1577.7
15778 1.038668467882383 1577.8
15779 1.038736517323064 1577.9
15780 1.03880445682267 1578
15781 1.038872297643224 1578.1
15782 1.038940039470507 1578.2
15783 1.039007680668589 1578.3
15784 1.039075494022636 1578.4
15785 1.03914376518872 1578.5
15786 1.039211860861271 1578.6
15787 1.039279787850443 1578.7
15788 1.039347544633643 1578.8
15789 1.039415141977864 1578.9
15790 1.039482574478583 1579
15791 1.039549863586996 1579.1
15792 1.039617021033596 1579.2
15793 1.039684116240688 1579.3
15794 1.039750603980845 1579.4
15795 1.039816984527323 1579.5
15796 1.039883261629208 1579.6
15797 1.039949438631604 1579.7
15798 1.040015524952402 1579.8
15799 1.040081525767285 1579.9
15800 1.040147447440665 1580
15801 1.040213293774246 1580.1
15802 1.040279071914452 1580.2
15803 1.040344787323048 1580.3
15804 1.04041044296562 1580.4
15805 1.040476048200859 1580.5
15806 1.040541611306859 1580.6
15807 1.040606502031264 1580.7
15808 1.040671384947594 1580.8
15809 1.040736245308408 1580.9
15810 1.040801090707571 1581
15811 1.040865962986976 1581.1
15812 1.040930789541641 1581.2
15813 1.040995614348549 1581.3
15814 1.041060432508148 1581.4
15815 1.041125252031986 1581.5
15816 1.041190076602393 1581.6
15817 1.041254912868969 1581.7
15818 1.041319762239518 1581.8
15819 1.041384626317278 1581.9
15820 1.041449506105318 1582
15821 1.041514402391224 1582.1
15822 1.041579315438865 1582.2
15823 1.04164424557784 1582.3
15824 1.04170919292946 1582.4
15825 1.041774616927729 1582.5
15826 1.041840234447836 1582.6
15827 1.041905864010793 1582.7
15828 1.04197151014561 1582.8
15829 1.042037172101568 1582.9
15830 1.042102849958748 1583
15831 1.04216854077789 1583.1
15832 1.042234244421766 1583.2
15833 1.042299960713682 1583.3
15834 1.042366031592655 1583.4
15835 1.042429262195299 1583.5
15836 1.042490482505434 1583.6
15837 1.042551706717014 1583.7
15838 1.042614399654327 1583.8
15839 1.04268285897181 1583.9
15840 1.042751388395935 1584
15841 1.042819931551152 1584.1
15842 1.042888500400678 1584.2
15843 1.042957301869056 1584.3
15844 1.043026056912073 1584.4
15845 1.043094823596155 1584.5
15846 1.043163615928054 1584.6
15847 1.04323244317175 1584.7
15848 1.043301316252235 1584.8
15849 1.043370246341424 1584.9
15850 1.043439276307532 1585
15851 1.043508423882538 1585.1
15852 1.043577633131058 1585.2
15853 1.043646907001657 1585.3
15854 1.04371626372603 1585.4
15855 1.043785716879804 1585.5
15856 1.043855273642756 1585.6
15857 1.043924943310484 1585.7
15858 1.043994732267566 1585.8
15859 1.044064642587659 1585.9
15860 1.044134677275083 1586
15861 1.044204840960971 1586.1
15862 1.044275138998195 1586.2
15863 1.044345576262558 1586.3
15864 1.04441615565487 1586.4
15865 1.044486881324489 1586.5
15866 1.044557754017503 1586.6
15867 1.044628767686079 1586.7
15868 1.044694736740738 1586.8
15869 1.044752131053101 1586.9
15870 1.044809674711785 1587
15871 1.044867363075734 1587.1
15872 1.044925189206736 1587.2
15873 1.04498315308582 1587.3
15874 1.045041248581002 1587.4
15875 1.045099470394583 1587.5
15876 1.045157812785198 1587.6
15877 1.045216269194477 1587.7
15878 1.045274832081181 1587.8
15879 1.045333523764382 1587.9
15880 1.045392307848876 1588
15881 1.045451162509488 1588.1
15882 1.045510092859005 1588.2
15883 1.045569094800989 1588.3
15884 1.045628158020992 1588.4
15885 1.04568816181735 1588.5
15886 1.045748423530679 1588.6
15887 1.045808724157657 1588.7
15888 1.045869037128813 1588.8
15889 1.045929335411182 1588.9
15890 1.04599223138531 1589
15891 1.046054266633274 1589.1
15892 1.046119673475187 1589.2
15893 1.046185091674236 1589.3
15894 1.046251587463733 1589.4
15895 1.046320148732356 1589.5
15896 1.046388707807427 1589.6
15897 1.046457264040775 1589.7
15898 1.046525862129968 1589.8
15899 1.046594470404011 1589.9
15900 1.046663063201409 1590
15901 1.046730892397258 1590.1
15902 1.04679421707784 1590.2
15903 1.046857517626122 1590.3
15904 1.046920795167224 1590.4
15905 1.046984049910931 1590.5
15906 1.047047280809708 1590.6
15907 1.047110486590866 1590.7
15908 1.047174564141674 1590.8
15909 1.04724039858676 1590.9
15910 1.047306207082777 1591
15911 1.047371987317416 1591.1
15912 1.047437741460751 1591.2
15913 1.047503083694887 1591.3
15914 1.047567252740793 1591.4
15915 1.047631405700931 1591.5
15916 1.047695502663414 1591.6
15917 1.047759550763821 1591.7
15918 1.047823556562093 1591.8
15919 1.047887524016252 1591.9
15920 1.047951452513997 1592
15921 1.048015343063065 1592.1
15922 1.048079193129632 1592.2
15923 1.048143002606399 1592.3
15924 1.048206751307204 1592.4
15925 1.048273410434019 1592.5
15926 1.048340013897467 1592.6
15927 1.048406650445869 1592.7
15928 1.048473257250384 1592.8
15929 1.048539824246397 1592.9
15930 1.048606338549185 1593
15931 1.048672787834577 1593.1
15932 1.04873916810351 1593.2
15933 1.048805600197887 1593.3
15934 1.048872028728877 1593.4
15935 1.048938379029741 1593.5
15936 1.049004643457411 1593.6
15937 1.049070852404674 1593.7
15938 1.049137052696298 1593.8
15939 1.049207852757774 1593.9
15940 1.049278603965978 1594
15941 1.049349309935472 1594.1
15942 1.049419943249828 1594.2
15943 1.049488337124005 1594.3
15944 1.049556670595652 1594.4
15945 1.04962493449703 1594.5
15946 1.049693135118699 1594.6
15947 1.049761273486371 1594.7
15948 1.049829340492132 1594.8
15949 1.049897343544712 1594.9
15950 1.049965284083123 1595
15951 1.050033165962738 1595.1
15952 1.050100991152225 1595.2
15953 1.050168760576655 1595.3
15954 1.05023647781836 1595.4
15955 1.050304161662102 1595.5
15956 1.050371787552065 1595.6
15957 1.050439367993852 1595.7
15958 1.050506905217463 1595.8
15959 1.050574403356897 1595.9
15960 1.050641869131412 1596
15961 1.050709526263758 1596.1
15962 1.050777115017529 1596.2
15963 1.050844659420554 1596.3
15964 1.05091217130542 1596.4
15965 1.050979650785402 1596.5
15966 1.051047108825237 1596.6
15967 1.051114550241741 1596.7
15968 1.051181983665646 1596.8
15969 1.051249414973791 1596.9
15970 1.051316849114599 1597
15971 1.051384291015972 1597.1
15972 1.051451737791765 1597.2
15973 1.051519201778363 1597.3
15974 1.051586678892823 1597.4
15975 1.051653822230453 1597.5
15976 1.051720883561632 1597.6
15977 1.051787425146248 1597.7
15978 1.051854007420195 1597.8
15979 1.051920642904017 1597.9
15980 1.051987324332123 1598
15981 1.052053920496604 1598.1
15982 1.052120894955783 1598.2
15983 1.052187938688213 1598.3
15984 1.052255051400907 1598.4
15985 1.052322229624284 1598.5
15986 1.052389470258501 1598.6
15987 1.052456775357178 1598.7
15988 1.052524141562334 1598.8
15989 1.052591566992265 1598.9
15990 1.052659051954281 1599
15991 1.05272659275041 1599.1
15992 1.052794190359244 1599.2
15993 1.052861843135804 1599.3
15994 1.052929545067288 1599.4
15995 1.052997286957467 1599.5
15996 1.05306507529837 1599.6
15997 1.053132908526444 1599.7
15998 1.053201248662501 1599.8
15999 1.053270902380875 1599.9
16000 1.053340584729306 1600
16001 1.053410309081749 1600.1
16002 1.053480077518641 1600.2
16003 1.053549889062128 1600.3
16004 1.053619727109456 1600.4
16005 1.053689585797161 1600.5
16006 1.05375948335969 1600.6
16007 1.053829423454973 1600.7
16008 1.053899406764768 1600.8
16009 1.0539694398574 1600.9
16010 1.054039522443978 1601
16011 1.05410965680559 1601.1
16012 1.054179842358522 1601.2
16013 1.054250082973718 1601.3
16014 1.054319583358218 1601.4
16015 1.054388481847694 1601.5
16016 1.054457435312753 1601.6
16017 1.054526444916532 1601.7
16018 1.054595511458862 1601.8
16019 1.054664637770917 1601.9
16020 1.054733819996713 1602
16021 1.054803058553808 1602.1
16022 1.054872352002779 1602.2
16023 1.054941697652709 1602.3
16024 1.055011097637593 1602.4
16025 1.055080553422343 1602.5
16026 1.055150065747158 1602.6
16027 1.055217614465289 1602.7
16028 1.055284546352446 1602.8
16029 1.05535153436815 1602.9
16030 1.055418576356337 1603
16031 1.055485669385912 1603.1
16032 1.055552804764751 1603.2
16033 1.055619993948955 1603.3
16034 1.055687235565342 1603.4
16035 1.055754400977819 1603.5
16036 1.055821619597077 1603.6
16037 1.055888889920202 1603.7
16038 1.055956208898061 1603.8
16039 1.056023581205094 1603.9
16040 1.056091009147006 1604
16041 1.056158483770381 1604.1
16042 1.056226010768386 1604.2
16043 1.05629358995791 1604.3
16044 1.056361219427924 1604.4
16045 1.056428896921808 1604.5
16046 1.056496620571185 1604.6
16047 1.056564390539699 1604.7
16048 1.056631613116135 1604.8
16049 1.056698891448698 1604.9
16050 1.056766215661535 1605
16051 1.056833586723603 1605.1
16052 1.056901006891263 1605.2
16053 1.056968472685656 1605.3
16054 1.057035988878977 1605.4
16055 1.05710355679177 1605.5
16056 1.057171113464256 1605.6
16057 1.057238773595517 1605.7
16058 1.0573064879108 1605.8
16059 1.05737425927798 1605.9
16060 1.057442090437234 1606
16061 1.057509844792629 1606.1
16062 1.057577553751788 1606.2
16063 1.057645340564844 1606.3
16064 1.057713201062376 1606.4
16065 1.057781142352768 1606.5
16066 1.05784916658347 1606.6
16067 1.057917286164445 1606.7
16068 1.05798553607853 1606.8
16069 1.058054711587689 1606.9
16070 1.058123958168851 1607
16071 1.058193273898335 1607.1
16072 1.058262669641315 1607.2
16073 1.058332147437282 1607.3
16074 1.058401705404145 1607.4
16075 1.058471345313779 1607.5
16076 1.058541067517481 1607.6
16077 1.058610877328792 1607.7
16078 1.058680772669318 1607.8
16079 1.058750753061013 1607.9
16080 1.058820818859382 1608
16081 1.058890969806273 1608.1
16082 1.05896120678147 1608.2
16083 1.059031466919046 1608.3
16084 1.059101716329003 1608.4
16085 1.059172143898442 1608.5
16086 1.059242642216336 1608.6
16087 1.059313204642281 1608.7
16088 1.059383841401067 1608.8
16089 1.059454565304111 1608.9
16090 1.059527121207826 1609
16091 1.059601649709222 1609.1
16092 1.059675724377424 1609.2
16093 1.059749292105244 1609.3
16094 1.059822995463647 1609.4
16095 1.059896826498361 1609.5
16096 1.059970797346873 1609.6
16097 1.060044903121493 1609.7
16098 1.060119138385416 1609.8
16099 1.060193499118432 1609.9
16100 1.060267960323713 1610
16101 1.060342493852239 1610.1
16102 1.060417207155792 1610.2
16103 1.060492019598638 1610.3
16104 1.06056693546054 1610.4
16105 1.060641951926835 1610.5
16106 1.060717085399053 1610.6
16107 1.060792342767862 1610.7
16108 1.060867712797738 1610.8
16109 1.06094318212359 1610.9
16110 1.061021363894181 1611
16111 1.061099649693665 1611.1
16112 1.061178049551809 1611.2
16113 1.061256399295999 1611.3
16114 1.061334631400999 1611.4
16115 1.061412964373984 1611.5
16116 1.061491404063446 1611.6
16117 1.061569963450618 1611.7
16118 1.061648644017769 1611.8
16119 1.061727436976572 1611.9
16120 1.06180469758265 1612
16121 1.061881191559801 1612.1
16122 1.061957699121815 1612.2
16123 1.062034104317055 1612.3
16124 1.062110606485889 1612.4
16125 1.062187210221535 1612.5
16126 1.062263921383685 1612.6
16127 1.062340738241533 1612.7
16128 1.062417661938912 1612.8
16129 1.062494698065848 1612.9
16130 1.06257175125636 1613
16131 1.062648830972291 1613.1
16132 1.062726002895666 1613.2
16133 1.062802774302021 1613.3
16134 1.062873986387894 1613.4
16135 1.062945286665573 1613.5
16136 1.063016678251527 1613.6
16137 1.063088196149104 1613.7
16138 1.063160301910827 1613.8
16139 1.063232510736618 1613.9
16140 1.063304825377702 1614
16141 1.063377232801396 1614.1
16142 1.063449680236006 1614.2
16143 1.063522254780384 1614.3
16144 1.063594956401849 1614.4
16145 1.063667786673321 1614.5
16146 1.063740745762374 1614.6
16147 1.063813837918038 1614.7
16148 1.063887066870001 1614.8
16149 1.063960432710723 1614.9
16150 1.064033938806407 1615
16151 1.064107588799933 1615.1
16152 1.064181382789967 1615.2
16153 1.06425532254493 1615.3
16154 1.064329488216584 1615.4
16155 1.0644052584183 1615.5
16156 1.064481184975112 1615.6
16157 1.064557267594814 1615.7
16158 1.064633510011878 1615.8
16159 1.064709910880627 1615.9
16160 1.06478653734109 1616
16161 1.064863322256562 1616.1
16162 1.06494026672581 1616.2
16163 1.065017373084647 1616.3
16164 1.065094635525294 1616.4
16165 1.065172052678973 1616.5
16166 1.0652496256372 1616.6
16167 1.065327355770271 1616.7
16168 1.065403444025067 1616.8
16169 1.06547935401213 1616.9
16170 1.065555403129688 1617
16171 1.06563158724075 1617.1
16172 1.065707908674975 1617.2
16173 1.065784359837735 1617.3
16174 1.065860933512391 1617.4
16175 1.065937624601424 1617.5
16176 1.066014426522266 1617.6
16177 1.066097123654969 1617.7
16178 1.066181246403286 1617.8
16179 1.066265454223358 1617.9
16180 1.06634974054136 1618
16181 1.066434098159896 1618.1
16182 1.066518520156434 1618.2
16183 1.066602999596734 1618.3
16184 1.066687528749164 1618.4
16185 1.066772099511113 1618.5
16186 1.06685670399517 1618.6
16187 1.066941332527594 1618.7
16188 1.067025978635671 1618.8
16189 1.067109626684333 1618.9
16190 1.067192921604586 1619
16191 1.067276200257486 1619.1
16192 1.067359455966149 1619.2
16193 1.067442825836274 1619.3
16194 1.067527413994347 1619.4
16195 1.067611968300785 1619.5
16196 1.067696487107403 1619.6
16197 1.067780966237654 1619.7
16198 1.067865404602703 1619.8
16199 1.067949794432346 1619.9
16200 1.068034148177389 1620
16201 1.068118451287587 1620.1
16202 1.068202702895974 1620.2
16203 1.06828689998996 1620.3
16204 1.068371046569904 1620.4
16205 1.068455142480647 1620.5
16206 1.068539190013636 1620.6
16207 1.068623230659806 1620.7
16208 1.068708147407975 1620.8
16209 1.068793010515933 1620.9
16210 1.068877842072424 1621
16211 1.068962013739185 1621.1
16212 1.069045499109339 1621.2
16213 1.069128967223476 1621.3
16214 1.069211862714937 1621.4
16215 1.069293212352612 1621.5
16216 1.06937456475063 1621.6
16217 1.069455927134227 1621.7
16218 1.069537306620421 1621.8
16219 1.069618710448605 1621.9
16220 1.069700146118602 1622
16221 1.069781620671975 1622.1
16222 1.06986314044293 1622.2
16223 1.069944711663039 1622.3
16224 1.070026340986957 1622.4
16225 1.070108033726044 1622.5
16226 1.070189793960042 1622.6
16227 1.070271614146114 1622.7
16228 1.070353497063967 1622.8
16229 1.070435416300393 1622.9
16230 1.070517396877321 1623
16231 1.070599456029319 1623.1
16232 1.070681598151951 1623.2
16233 1.070763821094719 1623.3
16234 1.070846127428394 1623.4
16235 1.070928515731151 1623.5
16236 1.07101098581254 1623.6
16237 1.071093535545147 1623.7
16238 1.07117616307975 1623.8
16239 1.071258875392495 1623.9
16240 1.071341700657364 1624
16241 1.071424589737899 1624.1
16242 1.071507536161206 1624.2
16243 1.071590536642578 1624.3
16244 1.071673588209294 1624.4
16245 1.071756693424679 1624.5
16246 1.071840034672663 1624.6
16247 1.071923400231212 1624.7
16248 1.072006806447669 1624.8
16249 1.072090264324373 1624.9
16250 1.07217377942875 1625
16251 1.072256261007998 1625.1
16252 1.072336671528607 1625.2
16253 1.072422030547611 1625.3
16254 1.072508697752707 1625.4
16255 1.072595399499703 1625.5
16256 1.072682156140932 1625.6
16257 1.07276895982934 1625.7
16258 1.072855809470846 1625.8
16259 1.072942702048726 1625.9
16260 1.073029634722349 1626
16261 1.073116606460918 1626.1
16262 1.073203616684114 1626.2
16263 1.073290662935968 1626.3
16264 1.073377742527941 1626.4
16265 1.073464856760191 1626.5
16266 1.073552006114053 1626.6
16267 1.073639187784092 1626.7
16268 1.073726491650584 1626.8
16269 1.073813813357283 1626.9
16270 1.073901153764394 1627
16271 1.07398851801543 1627.1
16272 1.074075906895485 1627.2
16273 1.074163320221084 1627.3
16274 1.074250756330937 1627.4
16275 1.074338228116474 1627.5
16276 1.07442572245589 1627.6
16277 1.074513232840613 1627.7
16278 1.074600755765832 1627.8
16279 1.07468828979286 1627.9
16280 1.074775829356808 1628
16281 1.074863356855831 1628.1
16282 1.074950884942592 1628.2
16283 1.075038410508964 1628.3
16284 1.075125920246313 1628.4
16285 1.075213414079539 1628.5
16286 1.075300895375487 1628.6
16287 1.075388359492668 1628.7
16288 1.075475803074192 1628.8
16289 1.075563224630163 1628.9
16290 1.075650621166532 1629
16291 1.075733019021183 1629.1
16292 1.075814260481714 1629.2
16293 1.075895470299366 1629.3
16294 1.075976647353053 1629.4
16295 1.076057630994516 1629.5
16296 1.076138569842021 1629.6
16297 1.076219469888326 1629.7
16298 1.076300329400211 1629.8
16299 1.076381146376068 1629.9
16300 1.076461920607704 1630
16301 1.076542650448569 1630.1
16302 1.076623333869317 1630.2
16303 1.07670397008908 1630.3
16304 1.076784558314797 1630.4
16305 1.076865096331618 1630.5
16306 1.076945584556574 1630.6
16307 1.077026020596492 1630.7
16308 1.077106393285458 1630.8
16309 1.077186711956238 1630.9
16310 1.077266975563447 1631
16311 1.077347182958426 1631.1
16312 1.077427333273325 1631.2
16313 1.077507677296528 1631.3
16314 1.077588005787787 1631.4
16315 1.077668279272973 1631.5
16316 1.077748499467582 1631.6
16317 1.077828664949955 1631.7
16318 1.077910131431747 1631.8
16319 1.077992952615745 1631.9
16320 1.07807803644992 1632
16321 1.078163055379823 1632.1
16322 1.078248008431625 1632.2
16323 1.078332894661422 1632.3
16324 1.078417713142071 1632.4
16325 1.078502462508082 1632.5
16326 1.078587142145205 1632.6
16327 1.078671763877523 1632.7
16328 1.078756365135751 1632.8
16329 1.078840885917175 1632.9
16330 1.078925335470544 1633
16331 1.079009718765322 1633.1
16332 1.079094034463735 1633.2
16333 1.079178282309467 1633.3
16334 1.079262463334794 1633.4
16335 1.079346578991673 1633.5
16336 1.079430627929107 1633.6
16337 1.079511871941389 1633.7
16338 1.079592188964794 1633.8
16339 1.079672429496757 1633.9
16340 1.079752596180973 1634
16341 1.079832690746829 1634.1
16342 1.079912701837342 1634.2
16343 1.079992637845005 1634.3
16344 1.080072503158099 1634.4
16345 1.08015161602254 1634.5
16346 1.080227565770002 1634.6
16347 1.080303447704099 1634.7
16348 1.08037926089042 1634.8
16349 1.080455006380407 1634.9
16350 1.080530686386265 1635
16351 1.08060630324697 1635.1
16352 1.080681856755536 1635.2
16353 1.080757347912985 1635.3
16354 1.080832777919612 1635.4
16355 1.080908147387964 1635.5
16356 1.080983457294264 1635.6
16357 1.081058707697011 1635.7
16358 1.081133899132606 1635.8
16359 1.081209031856549 1635.9
16360 1.081284105994458 1636
16361 1.081359121748558 1636.1
16362 1.081434482137088 1636.2
16363 1.081513829290694 1636.3
16364 1.081593119065276 1636.4
16365 1.08167234615999 1636.5
16366 1.081751511647403 1636.6
16367 1.081830612848407 1636.7
16368 1.081909644727884 1636.8
16369 1.081987877730864 1636.9
16370 1.082065410383865 1637
16371 1.082143329527923 1637.1
16372 1.082221216536846 1637.2
16373 1.082301126347145 1637.3
16374 1.082380975790697 1637.4
16375 1.082460766051413 1637.5
16376 1.082540498023159 1637.6
16377 1.082620173233989 1637.7
16378 1.08269979019119 1637.8
16379 1.082779363677155 1637.9
16380 1.082858876485752 1638
16381 1.082938330064386 1638.1
16382 1.083017729528076 1638.2
16383 1.083097074390871 1638.3
16384 1.083176365886711 1638.4
16385 1.08325560631402 1638.5
16386 1.083334797101317 1638.6
16387 1.083413939708994 1638.7
16388 1.083493005114662 1638.8
16389 1.083572025151766 1638.9
16390 1.083651002143247 1639
16391 1.083729937675535 1639.1
16392 1.083808835282634 1639.2
16393 1.083887698424545 1639.3
16394 1.08396652922179 1639.4
16395 1.084045325970557 1639.5
16396 1.084124091897858 1639.6
16397 1.084202828811798 1639.7
16398 1.084281537930547 1639.8
16399 1.084360219836843 1639.9
16400 1.08443887559148 1640
16401 1.084517506176608 1640.1
16402 1.084596112317623 1640.2
16403 1.084674693376114 1640.3
16404 1.084753250675723 1640.4
16405 1.084831786169592 1640.5
16406 1.08491032885241 1640.6
16407 1.08498890115443 1640.7
16408 1.085065941954677 1640.8
16409 1.085142121561042 1640.9
16410 1.085218271046828 1641
16411 1.085294395666659 1641.1
16412 1.085370504823316 1641.2
16413 1.085446600984524 1641.3
16414 1.085522712259758 1641.4
16415 1.085598916380251 1641.5
16416 1.085675092911929 1641.6
16417 1.085751253967689 1641.7
16418 1.085827405887575 1641.8
16419 1.085903555014945 1641.9
16420 1.085979703108252 1642
16421 1.08605346354362 1642.1
16422 1.086125759148509 1642.2
16423 1.086198056350809 1642.3
16424 1.086270356142329 1642.4
16425 1.086342660044162 1642.5
16426 1.086414968760199 1642.6
16427 1.086487283374482 1642.7
16428 1.086559604753992 1642.8
16429 1.086631933941077 1642.9
16430 1.086711163228675 1643
16431 1.086792095914078 1643.1
16432 1.086873031575422 1643.2
16433 1.086953970068822 1643.3
16434 1.087034915231328 1643.4
16435 1.087115865685572 1643.5
16436 1.087196817949688 1643.6
16437 1.087277774454613 1643.7
16438 1.087358733196739 1643.8
16439 1.087439693156985 1643.9
16440 1.087520653697063 1644
16441 1.087601600482898 1644.1
16442 1.087682531019736 1644.2
16443 1.087764379043602 1644.3
16444 1.087846224211451 1644.4
16445 1.087928064310809 1644.5
16446 1.088009896473524 1644.6
16447 1.088091716862702 1644.7
16448 1.088173524693222 1644.8
16449 1.088255317129555 1644.9
16450 1.088337094453501 1645
16451 1.088418850447367 1645.1
16452 1.088500581504188 1645.2
16453 1.088582284863744 1645.3
16454 1.08866395773965 1645.4
16455 1.088745599379794 1645.5
16456 1.088827207302179 1645.6
16457 1.088908780571146 1645.7
16458 1.088990316544001 1645.8
16459 1.089071813479266 1645.9
16460 1.089153271140952 1646
16461 1.089234688873918 1646.1
16462 1.089316065270455 1646.2
16463 1.089397399054243 1646.3
16464 1.089478689196741 1646.4
16465 1.089559934642354 1646.5
16466 1.089641134444163 1646.6
16467 1.089722287731249 1646.7
16468 1.089803349257737 1646.8
16469 1.089884515211069 1646.9
16470 1.089965628683299 1647
16471 1.090043787897421 1647.1
16472 1.09011988100904 1647.2
16473 1.090195922275398 1647.3
16474 1.090271910131033 1647.4
16475 1.090347844359852 1647.5
16476 1.090423723782324 1647.6
16477 1.090499547820267 1647.7
16478 1.090575315582798 1647.8
16479 1.090651025721956 1647.9
16480 1.09072667653327 1648
16481 1.090802269342623 1648.1
16482 1.090877803599602 1648.2
16483 1.090953278727912 1648.3
16484 1.09102869403306 1648.4
16485 1.091104049079238 1648.5
16486 1.091179343130924 1648.6
16487 1.091254559132366 1648.7
16488 1.091329663217884 1648.8
16489 1.091404703552801 1648.9
16490 1.091479664895247 1649
16491 1.091554547828288 1649.1
16492 1.091629357242755 1649.2
16493 1.091704097577497 1649.3
16494 1.091781651472843 1649.4
16495 1.091860967533996 1649.5
16496 1.091940227510638 1649.6
16497 1.092019429674412 1649.7
16498 1.092098572153276 1649.8
16499 1.0921776554914 1649.9
16500 1.092256676734031 1650
16501 1.092335635203361 1650.1
16502 1.092414530147989 1650.2
16503 1.092493360509707 1650.3
16504 1.092572126721065 1650.4
16505 1.092650828799931 1650.5
16506 1.0927294715735 1650.6
16507 1.092808046744922 1650.7
16508 1.092886558727828 1650.8
16509 1.092965008821614 1650.9
16510 1.093043397997392 1651
16511 1.093121718490963 1651.1
16512 1.09319997358042 1651.2
16513 1.093278170175355 1651.3
16514 1.093356309158895 1651.4
16515 1.093434391269877 1651.5
16516 1.093512420031772 1651.6
16517 1.09359039494891 1651.7
16518 1.093668316442167 1651.8
16519 1.09374618406296 1651.9
16520 1.09382399776549 1652
16521 1.093901759143495 1652.1
16522 1.093979469503324 1652.2
16523 1.094057128657022 1652.3
16524 1.094134731591155 1652.4
16525 1.094212282199073 1652.5
16526 1.094289781870819 1652.6
16527 1.094367230096722 1652.7
16528 1.094444627792409 1652.8
16529 1.094521974497837 1652.9
16530 1.094599269239338 1653
16531 1.09467651158717 1653.1
16532 1.094753701172156 1653.2
16533 1.09483083718091 1653.3
16534 1.094907918695765 1653.4
16535 1.09498494530636 1653.5
16536 1.09506191567716 1653.6
16537 1.095138830873859 1653.7
16538 1.095210445792644 1653.8
16539 1.0952766727509 1653.9
16540 1.095342839719003 1654
16541 1.095408948145326 1654.1
16542 1.095474997250274 1654.2
16543 1.095541008108723 1654.3
16544 1.095606961283802 1654.4
16545 1.09567285656259 1654.5
16546 1.095738576519147 1654.6
16547 1.095804191494588 1654.7
16548 1.095869752418584 1654.8
16549 1.095935264882601 1654.9
16550 1.096000737272037 1655
16551 1.096066175404393 1655.1
16552 1.096131580217178 1655.2
16553 1.096196953174405 1655.3
16554 1.096262299705178 1655.4
16555 1.096327623462195 1655.5
16556 1.096392922830886 1655.6
16557 1.096458197694796 1655.7
16558 1.09652340458754 1655.8
16559 1.096588612296926 1655.9
16560 1.096653817542773 1656
16561 1.096719004178207 1656.1
16562 1.096784173873013 1656.2
16563 1.096849327533129 1656.3
16564 1.096914463766809 1656.4
16565 1.096979586364684 1656.5
16566 1.097044694796066 1656.6
16567 1.097109789760545 1656.7
16568 1.097174871999975 1656.8
16569 1.097239942708084 1656.9
16570 1.097305002995332 1657
16571 1.097370054077515 1657.1
16572 1.097435098289715 1657.2
16573 1.097509966438907 1657.3
16574 1.097584906558258 1657.4
16575 1.097659834426941 1657.5
16576 1.097734751215387 1657.6
16577 1.09780965323734 1657.7
16578 1.097884539901936 1657.8
16579 1.097959408809893 1657.9
16580 1.098034248846371 1658
16581 1.098109071530567 1658.1
16582 1.098183875550598 1658.2
16583 1.098258659372051 1658.3
16584 1.098333421363675 1658.4
16585 1.09840815832318 1658.5
16586 1.098482870431312 1658.6
16587 1.09855755660557 1658.7
16588 1.098632215559365 1658.8
16589 1.098706845641045 1658.9
16590 1.098781445736627 1659
16591 1.098856015283976 1659.1
16592 1.09893055377568 1659.2
16593 1.099005062162259 1659.3
16594 1.099079538428198 1659.4
16595 1.099153983171808 1659.5
16596 1.099228396831715 1659.6
16597 1.099301743780208 1659.7
16598 1.099373993274831 1659.8
16599 1.099446219388852 1659.9
16600 1.099521452488846 1660
16601 1.099597335015752 1660.1
16602 1.099673217247157 1660.2
16603 1.099749072383875 1660.3
16604 1.099824942444413 1660.4
16605 1.099900765258769 1660.5
16606 1.0999765666461 1660.6
16607 1.100052340396079 1660.7
16608 1.100128084153433 1660.8
16609 1.100203796895181 1660.9
16610 1.100279477695241 1661
16611 1.10035512650884 1661.1
16612 1.100430741677781 1661.2
16613 1.100506324098088 1661.3
16614 1.100581873552891 1661.4
16615 1.100657389093005 1661.5
16616 1.100732869829252 1661.6
16617 1.10080831525657 1661.7
16618 1.100883725583998 1661.8
16619 1.100959099731495 1661.9
16620 1.101034437875909 1662
16621 1.101109739554924 1662.1
16622 1.10118501431304 1662.2
16623 1.101260257234036 1662.3
16624 1.101335455882478 1662.4
16625 1.101410614878987 1662.5
16626 1.101485735592041 1662.6
16627 1.10155037697985 1662.7
16628 1.10161486882756 1662.8
16629 1.101679315876632 1662.9
16630 1.10174371803923 1663
16631 1.101808081015819 1663.1
16632 1.101872407246407 1663.2
16633 1.101936698044381 1663.3
16634 1.102000964332145 1663.4
16635 1.102065205423479 1663.5
16636 1.10212942010926 1663.6
16637 1.102193612375665 1663.7
16638 1.102257780856374 1663.8
16639 1.102321928850143 1663.9
16640 1.102386059548471 1664
16641 1.102450174924493 1664.1
16642 1.102514283657242 1664.2
16643 1.102578380306099 1664.3
16644 1.102646519179803 1664.4
16645 1.102715755246095 1664.5
16646 1.102784974990954 1664.6
16647 1.102854179406735 1664.7
16648 1.102923368918219 1664.8
16649 1.102992544488278 1664.9
16650 1.103061706923545 1665
16651 1.103130857229449 1665.1
16652 1.103199995222293 1665.2
16653 1.103269120988301 1665.3
16654 1.103338235089957 1665.4
16655 1.103407337429567 1665.5
16656 1.103476427161654 1665.6
16657 1.103545504595479 1665.7
16658 1.103614569582871 1665.8
16659 1.103683604351953 1665.9
16660 1.103752623081306 1666
16661 1.10382162720074 1666.1
16662 1.103890615969995 1666.2
16663 1.103959587393177 1666.3
16664 1.104028540953989 1666.4
16665 1.104097475724179 1666.5
16666 1.1041663911615 1666.6
16667 1.10423528585382 1666.7
16668 1.104304184142548 1666.8
16669 1.104373092958603 1666.9
16670 1.104441964198539 1667
16671 1.104510804681114 1667.1
16672 1.104579617811437 1667.2
16673 1.10464840715565 1667.3
16674 1.10471717390784 1667.4
16675 1.104785919405983 1667.5
16676 1.104854644039764 1667.6
16677 1.104923314146229 1667.7
16678 1.104991682099971 1667.8
16679 1.105060052060265 1667.9
16680 1.105128425028987 1668
16681 1.105196777142951 1668.1
16682 1.105265140309628 1668.2
16683 1.105333514024943 1668.3
16684 1.105401896778836 1668.4
16685 1.105470288450117 1668.5
16686 1.105538687925748 1668.6
16687 1.105607093005963 1668.7
16688 1.105675485575946 1668.8
16689 1.105743875846245 1668.9
16690 1.105812272282843 1669
16691 1.105880670767755 1669.1
16692 1.105949072449934 1669.2
16693 1.106017478507634 1669.3
16694 1.106085891070791 1669.4
16695 1.106154305294407 1669.5
16696 1.106222724828572 1669.6
16697 1.106291150802774 1669.7
16698 1.106359974489487 1669.8
16699 1.106429206052476 1669.9
16700 1.106498441542978 1670
16701 1.106567681250172 1670.1
16702 1.106636925251703 1670.2
16703 1.10670617366033 1670.3
16704 1.106775427021082 1670.4
16705 1.106844685315448 1670.5
16706 1.106913948244726 1670.6
16707 1.106983215260404 1670.7
16708 1.10705247649392 1670.8
16709 1.107121744147218 1670.9
16710 1.107191010156892 1671
16711 1.107260273701988 1671.1
16712 1.107329537575757 1671.2
16713 1.107398800664648 1671.3
16714 1.10746806203163 1671.4
16715 1.10753732054275 1671.5
16716 1.1076065745989 1671.6
16717 1.107675823602732 1671.7
16718 1.107745066477562 1671.8
16719 1.107814302070053 1671.9
16720 1.10788352968507 1672
16721 1.107952747957086 1672.1
16722 1.1080219560437 1672.2
16723 1.108091149957189 1672.3
16724 1.108160332714912 1672.4
16725 1.108229509126437 1672.5
16726 1.108298675470033 1672.6
16727 1.108367871691533 1672.7
16728 1.108437408141688 1672.8
16729 1.10850690635242 1672.9
16730 1.108576369195203 1673
16731 1.108645805443544 1673.1
16732 1.108715216573292 1673.2
16733 1.108783881669253 1673.3
16734 1.108855768541857 1673.4
16735 1.108928569503925 1673.5
16736 1.109001358596315 1673.6
16737 1.109074130945723 1673.7
16738 1.109146895067891 1673.8
16739 1.109219652713356 1673.9
16740 1.109292406471543 1674
16741 1.109365156712929 1674.1
16742 1.109437904622202 1674.2
16743 1.109510651391807 1674.3
16744 1.109583398329138 1674.4
16745 1.109656146331818 1674.5
16746 1.109728896618017 1674.6
16747 1.109801650900162 1674.7
16748 1.109874411684425 1674.8
16749 1.109947178655857 1674.9
16750 1.110019952616902 1675
16751 1.110092724202854 1675.1
16752 1.11016550172216 1675.2
16753 1.110238290228805 1675.3
16754 1.1103110913071 1675.4
16755 1.110383906160793 1675.5
16756 1.110456735096359 1675.6
16757 1.110529578794967 1675.7
16758 1.110602438136634 1675.8
16759 1.110674964743693 1675.9
16760 1.110743262282422 1676
16761 1.110811577284372 1676.1
16762 1.110879911156856 1676.2
16763 1.110948263472346 1676.3
16764 1.11101663493409 1676.4
16765 1.111084437021519 1676.5
16766 1.111149080499886 1676.6
16767 1.111213735096428 1676.7
16768 1.111278400118882 1676.8
16769 1.111343072961394 1676.9
16770 1.111407752464195 1677
16771 1.111472437824307 1677.1
16772 1.111537127832433 1677.2
16773 1.111601800440265 1677.3
16774 1.111666462765246 1677.4
16775 1.111731124525751 1677.5
16776 1.111795789952243 1677.6
16777 1.111860435377102 1677.7
16778 1.111925065171129 1677.8
16779 1.111989702539271 1677.9
16780 1.112054350787677 1678
16781 1.112119000964807 1678.1
16782 1.112188922250958 1678.2
16783 1.112262159986594 1678.3
16784 1.112335408217946 1678.4
16785 1.112408672565248 1678.5
16786 1.112481953499753 1678.6
16787 1.112555251046802 1678.7
16788 1.11262856521602 1678.8
16789 1.112697581718705 1678.9
16790 1.112765865011855 1679
16791 1.112834214615585 1679.1
16792 1.112902810165429 1679.2
16793 1.112971428258071 1679.3
16794 1.113040069152865 1679.4
16795 1.113108734937786 1679.5
16796 1.113177427316076 1679.6
16797 1.113246148173192 1679.7
16798 1.113314899023058 1679.8
16799 1.113383680282867 1679.9
16800 1.113452499565776 1680
16801 1.113521352696883 1680.1
16802 1.113590240728059 1680.2
16803 1.113659163805739 1680.3
16804 1.113728122345901 1680.4
16805 1.113797116780197 1680.5
16806 1.113866146843486 1680.6
16807 1.113935212356866 1680.7
16808 1.114004312556076 1680.8
16809 1.11407344749878 1680.9
16810 1.114142615120677 1681
16811 1.114211814347436 1681.1
16812 1.114281024750484 1681.2
16813 1.11435021039774 1681.3
16814 1.114419452672646 1681.4
16815 1.114488744241221 1681.5
16816 1.114558326857699 1681.6
16817 1.114629166482832 1681.7
16818 1.114700026620977 1681.8
16819 1.114770906373425 1681.9
16820 1.114842240287739 1682
16821 1.114915595957275 1682.1
16822 1.114988987596752 1682.2
16823 1.115062031807438 1682.3
16824 1.11513280756561 1682.4
16825 1.115196291941645 1682.5
16826 1.115259761842444 1682.6
16827 1.115323238501767 1682.7
16828 1.115386719737343 1682.8
16829 1.115450202895248 1682.9
16830 1.115513688740733 1683
16831 1.115577177554701 1683.1
16832 1.115640668813183 1683.2
16833 1.115704163809545 1683.3
16834 1.115767663709763 1683.4
16835 1.115831168943929 1683.5
16836 1.115894681128387 1683.6
16837 1.115958201563874 1683.7
16838 1.116021731376695 1683.8
16839 1.11608527208633 1683.9
16840 1.116148824991616 1684
16841 1.116212391257814 1684.1
16842 1.116275972074024 1684.2
16843 1.116339569571368 1684.3
16844 1.116403185275539 1684.4
16845 1.116463151346363 1684.5
16846 1.116520935156978 1684.6
16847 1.116578741046665 1684.7
16848 1.116636541606433 1684.8
16849 1.116694353202272 1684.9
16850 1.116752191654466 1685
16851 1.116810056920116 1685.1
16852 1.116867924793073 1685.2
16853 1.116925812262472 1685.3
16854 1.116983726049038 1685.4
16855 1.117041661706827 1685.5
16856 1.117099619796893 1685.6
16857 1.117166238441999 1685.7
16858 1.117235021453808 1685.8
16859 1.117303834519577 1685.9
16860 1.117372675329605 1686
16861 1.117441543822891 1686.1
16862 1.117510440202913 1686.2
16863 1.117579364952281 1686.3
16864 1.117648317057212 1686.4
16865 1.117717296398053 1686.5
16866 1.117786297790292 1686.6
16867 1.117855322602249 1686.7
16868 1.117924371715817 1686.8
16869 1.117993443972781 1686.9
16870 1.118062537508094 1687
16871 1.118131652417429 1687.1
16872 1.118200787725554 1687.2
16873 1.118269975742189 1687.3
16874 1.11833917750218 1687.4
16875 1.118408388268414 1687.5
16876 1.118477611459037 1687.6
16877 1.118546847994224 1687.7
16878 1.118616099454125 1687.8
16879 1.118685353606072 1687.9
16880 1.118754544875454 1688
16881 1.118823759817364 1688.1
16882 1.118892996961466 1688.2
16883 1.118962235304198 1688.3
16884 1.119031497106794 1688.4
16885 1.11910078963527 1688.5
16886 1.119170104624342 1688.6
16887 1.119239461505665 1688.7
16888 1.119308859962061 1688.8
16889 1.119378299175072 1688.9
16890 1.119447779787305 1689
16891 1.119517302946438 1689.1
16892 1.119586860816772 1689.2
16893 1.119656464397891 1689.3
16894 1.119726117192598 1689.4
16895 1.119795824301002 1689.5
16896 1.119865583170891 1689.6
16897 1.119935394625544 1689.7
16898 1.12000525968045 1689.8
16899 1.120075178849148 1689.9
16900 1.120145152389936 1690
16901 1.120215180317237 1690.1
16902 1.120285262001161 1690.2
16903 1.120355396057348 1690.3
16904 1.120425581161363 1690.4
16905 1.120495816116316 1690.5
16906 1.120566099586425 1690.6
16907 1.120636425162589 1690.7
16908 1.120706790499719 1690.8
16909 1.120777192060564 1690.9
16910 1.120847608570407 1691
16911 1.120918059524714 1691.1
16912 1.120988540005307 1691.2
16913 1.121059049761089 1691.3
16914 1.12112713744398 1691.4
16915 1.121193798251212 1691.5
16916 1.121260498828634 1691.6
16917 1.121327236789668 1691.7
16918 1.12139400252479 1691.8
16919 1.121460801176402 1691.9
16920 1.121527633205339 1692
16921 1.121594497520416 1692.1
16922 1.121661391743799 1692.2
16923 1.121728315646774 1692.3
16924 1.121795272562572 1692.4
16925 1.121862261265843 1692.5
16926 1.121929282171825 1692.6
16927 1.121996335565069 1692.7
16928 1.122063421380152 1692.8
16929 1.122130541718921 1692.9
16930 1.122197651487251 1693
16931 1.122264689223978 1693.1
16932 1.122331777747177 1693.2
16933 1.122398900436112 1693.3
16934 1.122466075072614 1693.4
16935 1.122533302177251 1693.5
16936 1.122600577959567 1693.6
16937 1.122667912301462 1693.7
16938 1.122735300566273 1693.8
16939 1.12280273640698 1693.9
16940 1.122870222155417 1694
16941 1.122937756900489 1694.1
16942 1.123005339955508 1694.2
16943 1.123072970738205 1694.3
16944 1.12314064968778 1694.4
16945 1.12320837542382 1694.5
16946 1.123276144631829 1694.6
16947 1.12334396019866 1694.7
16948 1.123411831964528 1694.8
16949 1.123479783794621 1694.9
16950 1.123547727627373 1695
16951 1.123615713490428 1695.1
16952 1.123683739107683 1695.2
16953 1.123751811938681 1695.3
16954 1.123819937989125 1695.4
16955 1.123888116040638 1695.5
16956 1.123956348869439 1695.6
16957 1.124024646586423 1695.7
16958 1.124093049702089 1695.8
16959 1.124161496120938 1695.9
16960 1.124229988665159 1696
16961 1.124298527045501 1696.1
16962 1.124367113717629 1696.2
16963 1.124435754382338 1696.3
16964 1.124504448741783 1696.4
16965 1.124573079386665 1696.5
16966 1.12464175291901 1696.6
16967 1.124710485220637 1696.7
16968 1.124779278267521 1696.8
16969 1.12484813400262 1696.9
16970 1.124917059036153 1697
16971 1.124986053509484 1697.1
16972 1.125055114903472 1697.2
16973 1.125124245198386 1697.3
16974 1.125193449204327 1697.4
16975 1.125262725585492 1697.5
16976 1.125331911309791 1697.6
16977 1.125401146501316 1697.7
16978 1.125470457545308 1697.8
16979 1.125539849886212 1697.9
16980 1.125609330193779 1698
16981 1.125678897568234 1698.1
16982 1.125748551038104 1698.2
16983 1.125818285901518 1698.3
16984 1.125887937264941 1698.4
16985 1.125957674421961 1698.5
16986 1.126027503325343 1698.6
16987 1.126097428987536 1698.7
16988 1.126167453874124 1698.8
16989 1.126237574026258 1698.9
16990 1.126307773726579 1699
16991 1.126378014733713 1699.1
16992 1.126448352884283 1699.2
16993 1.126518786069288 1699.3
16994 1.126589317692539 1699.4
16995 1.126659947793534 1699.5
16996 1.126730679160016 1699.6
16997 1.12680151572049 1699.7
16998 1.126872459516865 1699.8
16999 1.126943513245332 1699.9
17000 1.127014677269816 1700
17001 1.127085953334403 1700.1
17002 1.127157344961249 1700.2
17003 1.127228853668789 1700.3
17004 1.127300480357003 1700.4
17005 1.12737222534065 1700.5
17006 1.127444091247289 1700.6
17007 1.127516077562777 1700.7
17008 1.127588186602005 1700.8
17009 1.127660421661043 1700.9
17010 1.127733347917711 1701
17011 1.127815749250821 1701.1
17012 1.127898294016539 1701.2
17013 1.127980979646637 1701.3
17014 1.128063807960745 1701.4
17015 1.128146779662639 1701.5
17016 1.128229895211443 1701.6
17017 1.128313154485117 1701.7
17018 1.128396556876974 1701.8
17019 1.128480102463789 1701.9
17020 1.128563790594786 1702
17021 1.128647620074447 1702.1
17022 1.128731585628038 1702.2
17023 1.128815690777547 1702.3
17024 1.12889993397007 1702.4
17025 1.128984313726487 1702.5
17026 1.129067840950141 1702.6
17027 1.129151137491707 1702.7
17028 1.129234564912874 1702.8
17029 1.129318117997966 1702.9
17030 1.129401792986401 1703
17031 1.12948558724465 1703.1
17032 1.129569496249168 1703.2
17033 1.129653515480139 1703.3
17034 1.129737681803081 1703.4
17035 1.129821963240438 1703.5
17036 1.129906330585611 1703.6
17037 1.129990780000574 1703.7
17038 1.130075306959761 1703.8
17039 1.130159906585201 1703.9
17040 1.130244576013937 1704
17041 1.130329307389865 1704.1
17042 1.13041409403754 1704.2
17043 1.130498928991912 1704.3
17044 1.130583805472138 1704.4
17045 1.130668716941077 1704.5
17046 1.130753656823617 1704.6
17047 1.130838618347016 1704.7
17048 1.130923594878541 1704.8
17049 1.131008579134354 1704.9
17050 1.131093565681396 1705
17051 1.131178541911331 1705.1
17052 1.131261811159184 1705.2
17053 1.131345081232869 1705.3
17054 1.131428365687428 1705.4
17055 1.131511626494486 1705.5
17056 1.131594859196423 1705.6
17057 1.131678060185511 1705.7
17058 1.131761226437975 1705.8
17059 1.131844355530229 1705.9
17060 1.131927445530549 1706
17061 1.132010495285592 1706.1
17062 1.132093504506327 1706.2
17063 1.132176473153974 1706.3
17064 1.13225940184511 1706.4
17065 1.132342291365043 1706.5
17066 1.132425144656697 1706.6
17067 1.132507963188125 1706.7
17068 1.132590749608914 1706.8
17069 1.132673507211234 1706.9
17070 1.13275623945938 1707
17071 1.132838950495419 1707.1
17072 1.132921644708283 1707.2
17073 1.133004326624934 1707.3
17074 1.133087001268235 1707.4
17075 1.133169673799909 1707.5
17076 1.133252349557231 1707.6
17077 1.133335035912368 1707.7
17078 1.133417736709294 1707.8
17079 1.133500457323131 1707.9
17080 1.133583203435012 1708
17081 1.133665217748711 1708.1
17082 1.133747051313134 1708.2
17083 1.133828920526104 1708.3
17084 1.133910831821632 1708.4
17085 1.133992790031986 1708.5
17086 1.134074799408028 1708.6
17087 1.134156864777155 1708.7
17088 1.134238990192461 1708.8
17089 1.134321179382896 1708.9
17090 1.13440343473439 1709
17091 1.134485760551944 1709.1
17092 1.134568159476872 1709.2
17093 1.134650633739947 1709.3
17094 1.134733185127316 1709.4
17095 1.134815826108335 1709.5
17096 1.134898546882367 1709.6
17097 1.134981347828051 1709.7
17098 1.135064229264084 1709.8
17099 1.135147190844117 1709.9
17100 1.135230231605774 1710
17101 1.135313350956243 1710.1
17102 1.135396547471996 1710.2
17103 1.13547981996405 1710.3
17104 1.135563166033158 1710.4
17105 1.135646592697017 1710.5
17106 1.135730141074399 1710.6
17107 1.135813760933092 1710.7
17108 1.135897446867753 1710.8
17109 1.13598119544249 1710.9
17110 1.136065005843647 1711
17111 1.136148873147921 1711.1
17112 1.136232796104485 1711.2
17113 1.136316772535735 1711.3
17114 1.13640079971696 1711.4
17115 1.136484874473049 1711.5
17116 1.136568993007568 1711.6
17117 1.136653151754496 1711.7
17118 1.136737347380768 1711.8
17119 1.136821576599982 1711.9
17120 1.136905836386367 1712
17121 1.13699012304211 1712.1
17122 1.137074435171918 1712.2
17123 1.137158763515731 1712.3
17124 1.137243096312646 1712.4
17125 1.137327448767375 1712.5
17126 1.137411818718133 1712.6
17127 1.137496204426877 1712.7
17128 1.137580604269469 1712.8
17129 1.13766501710326 1712.9
17130 1.137749441885361 1713
17131 1.137833876912228 1713.1
17132 1.137918321305361 1713.2
17133 1.138002773279833 1713.3
17134 1.138087231375716 1713.4
17135 1.138171696605723 1713.5
17136 1.138256168144118 1713.6
17137 1.138340645008533 1713.7
17138 1.1384251265451 1713.8
17139 1.138509611693421 1713.9
17140 1.138594099745814 1714
17141 1.138678589367931 1714.1
17142 1.13876308033169 1714.2
17143 1.138847571601344 1714.3
17144 1.138932061998008 1714.4
17145 1.139016549898511 1714.5
17146 1.139101034979098 1714.6
17147 1.1391855161713 1714.7
17148 1.139269992229766 1714.8
17149 1.139354457831297 1714.9
17150 1.139438900522358 1715
17151 1.139523334986192 1715.1
17152 1.139607759942858 1715.2
17153 1.139692174124966 1715.3
17154 1.139776576312931 1715.4
17155 1.139860965617402 1715.5
17156 1.139945341149254 1715.6
17157 1.140029701608907 1715.7
17158 1.140114046389092 1715.8
17159 1.14019837450887 1715.9
17160 1.140282685501046 1716
17161 1.140366978855142 1716.1
17162 1.140451253710066 1716.2
17163 1.140535509834334 1716.3
17164 1.14061974666427 1716.4
17165 1.140703963543115 1716.5
17166 1.1407881594094 1716.6
17167 1.140872334113147 1716.7
17168 1.140956488719245 1716.8
17169 1.141040623279123 1716.9
17170 1.141124737888138 1717
17171 1.141208832587438 1717.1
17172 1.141292907177729 1717.2
17173 1.141376962221043 1717.3
17174 1.141460998303104 1717.4
17175 1.141545015702022 1717.5
17176 1.141629014881669 1717.6
17177 1.141712996150586 1717.7
17178 1.141796959861231 1717.8
17179 1.141881073543598 1717.9
17180 1.141969739458286 1718
17181 1.14205839117186 1718.1
17182 1.142147021754641 1718.2
17183 1.142235634091463 1718.3
17184 1.14232423131068 1718.4
17185 1.142412815065144 1718.5
17186 1.142501386350903 1718.6
17187 1.142589946704732 1718.7
17188 1.142678496574378 1718.8
17189 1.142767038402519 1718.9
17190 1.142855571393506 1719
17191 1.142944096450393 1719.1
17192 1.143032614087373 1719.2
17193 1.143121124823457 1719.3
17194 1.143209628205759 1719.4
17195 1.143298125677073 1719.5
17196 1.14338661827822 1719.6
17197 1.14347510621278 1719.7
17198 1.143563589457472 1719.8
17199 1.14365206597937 1719.9
17200 1.143740532455714 1720
17201 1.143828996827569 1720.1
17202 1.143917459459802 1720.2
17203 1.144005921140283 1720.3
17204 1.144094380605922 1720.4
17205 1.144182839774175 1720.5
17206 1.144271298216012 1720.6
17207 1.144359729821099 1720.7
17208 1.144448122994083 1720.8
17209 1.144536516286784 1720.9
17210 1.144624909096663 1721
17211 1.144713304199575 1721.1
17212 1.144801699767507 1721.2
17213 1.144890094616412 1721.3
17214 1.144978490687648 1721.4
17215 1.145066886916665 1721.5
17216 1.145155283432684 1721.6
17217 1.145243679972247 1721.7
17218 1.145332076157454 1721.8
17219 1.145420471578375 1721.9
17220 1.145508865849971 1722
17221 1.14559725885182 1722.1
17222 1.145685649877705 1722.2
17223 1.145774038433289 1722.3
17224 1.145862423965388 1722.4
17225 1.145950805889167 1722.5
17226 1.146039183719276 1722.6
17227 1.146127556601048 1722.7
17228 1.146215924145118 1722.8
17229 1.146304285922051 1722.9
17230 1.146392641306369 1723
17231 1.14648098983327 1723.1
17232 1.146569330954444 1723.2
17233 1.146657664117883 1723.3
17234 1.14674598889821 1723.4
17235 1.146834304974372 1723.5
17236 1.146922611815156 1723.6
17237 1.147010908891986 1723.7
17238 1.147099196145096 1723.8
17239 1.147187473308083 1723.9
17240 1.147275740447435 1724
17241 1.147363997842065 1724.1
17242 1.147452244149711 1724.2
17243 1.14754047987786 1724.3
17244 1.147628704911232 1724.4
17245 1.147716919180826 1724.5
17246 1.14780512253331 1724.6
17247 1.147893315063927 1724.7
17248 1.147981496660232 1724.8
17249 1.148069667597445 1724.9
17250 1.148157827684026 1725
17251 1.148245976471033 1725.1
17252 1.148334114489009 1725.2
17253 1.148422241782427 1725.3
17254 1.148510357890215 1725.4
17255 1.148598462436198 1725.5
17256 1.148686526173665 1725.6
17257 1.148774567127978 1725.7
17258 1.148862600816171 1725.8
17259 1.148950628181396 1725.9
17260 1.149038650225159 1726
17261 1.149126666394453 1726.1
17262 1.149214673145927 1726.2
17263 1.149302676164971 1726.3
17264 1.149389090010526 1726.4
17265 1.149473184607247 1726.5
17266 1.149557284859071 1726.6
17267 1.149641386947774 1726.7
17268 1.149725488233085 1726.8
17269 1.149809585917742 1726.9
17270 1.149893679821021 1727
17271 1.149977768194903 1727.1
17272 1.150061851274678 1727.2
17273 1.150145927280513 1727.3
17274 1.150229995217472 1727.4
17275 1.150314042986468 1727.5
17276 1.150398075001006 1727.6
17277 1.1504820975389 1727.7
17278 1.150566109778608 1727.8
17279 1.150650111502596 1727.9
17280 1.150734102466508 1728
17281 1.150818082518414 1728.1
17282 1.150902051458512 1728.2
17283 1.150986009046792 1728.3
17284 1.1510699553641 1728.4
17285 1.15115388984757 1728.5
17286 1.151237812334819 1728.6
17287 1.151321722703616 1728.7
17288 1.151405620282123 1728.8
17289 1.151489504961005 1728.9
17290 1.151573376851398 1729
17291 1.151657235769501 1729.1
17292 1.151741081200435 1729.2
17293 1.15182491210258 1729.3
17294 1.151908729944298 1729.4
17295 1.151992532701487 1729.5
17296 1.152076320406237 1729.6
17297 1.152160092660211 1729.7
17298 1.152243848886932 1729.8
17299 1.152327588501673 1729.9
17300 1.152411318118779 1730
17301 1.152495033175206 1730.1
17302 1.152578728847146 1730.2
17303 1.152662403479762 1730.3
17304 1.152746055157194 1730.4
17305 1.152829682350564 1730.5
17306 1.152913284192446 1730.6
17307 1.152996859714938 1730.7
17308 1.153080408791555 1730.8
17309 1.153163931388402 1730.9
17310 1.153247427445872 1731
17311 1.1533308973114 1731.1
17312 1.153414341116516 1731.2
17313 1.153497759470006 1731.3
17314 1.153581152554132 1731.4
17315 1.153664520911956 1731.5
17316 1.153747865188715 1731.6
17317 1.153831184795234 1731.7
17318 1.153914479786121 1731.8
17319 1.153997751386784 1731.9
17320 1.154081000355429 1732
17321 1.154164227219592 1732.1
17322 1.154247432459885 1732.2
17323 1.154330616339273 1732.3
17324 1.154413778549474 1732.4
17325 1.154496920396212 1732.5
17326 1.154580041044945 1732.6
17327 1.154659984307016 1732.7
17328 1.154735269078401 1732.8
17329 1.154810520682098 1732.9
17330 1.15488574304887 1733
17331 1.154960942874222 1733.1
17332 1.155036121785059 1733.2
17333 1.155111275330748 1733.3
17334 1.155186411817445 1733.4
17335 1.155261534053046 1733.5
17336 1.155336643681868 1733.6
17337 1.155411742057621 1733.7
17338 1.155486831448258 1733.8
17339 1.15556191203097 1733.9
17340 1.155636983269571 1734
17341 1.155712045539866 1734.1
17342 1.155787098757835 1734.2
17343 1.15586214248478 1734.3
17344 1.155937181487254 1734.4
17345 1.156012216030908 1734.5
17346 1.156087246338208 1734.6
17347 1.156162272509281 1734.7
17348 1.156237294550347 1734.8
17349 1.156312312312362 1734.9
17350 1.156387325294268 1735
17351 1.156462333457228 1735.1
17352 1.156537336830268 1735.2
17353 1.156612335117156 1735.3
17354 1.156687328120501 1735.4
17355 1.156762315349039 1735.5
17356 1.156837296353119 1735.6
17357 1.156912270812875 1735.7
17358 1.156987238302277 1735.8
17359 1.157062196405453 1735.9
17360 1.157137146227692 1736
17361 1.157212087760964 1736.1
17362 1.15728702072379 1736.2
17363 1.157361944189974 1736.3
17364 1.157436684490758 1736.4
17365 1.157511414766161 1736.5
17366 1.157586134772258 1736.6
17367 1.157660844349186 1736.7
17368 1.15773554345488 1736.8
17369 1.15781023168862 1736.9
17370 1.157884908559872 1737
17371 1.157959573687166 1737.1
17372 1.158034226715458 1737.2
17373 1.158108867256245 1737.3
17374 1.158183494925632 1737.4
17375 1.158258109444188 1737.5
17376 1.158332710344075 1737.6
17377 1.15840729710148 1737.7
17378 1.158481870265804 1737.8
17379 1.15855642922584 1737.9
17380 1.158630973311133 1738
17381 1.158705502062961 1738.1
17382 1.158780015034472 1738.2
17383 1.158854512580309 1738.3
17384 1.158928993588683 1738.4
17385 1.159003458659998 1738.5
17386 1.159077908937636 1738.6
17387 1.159152344051541 1738.7
17388 1.159226764324078 1738.8
17389 1.159301158935297 1738.9
17390 1.159375520483971 1739
17391 1.159449851140217 1739.1
17392 1.159524152905132 1739.2
17393 1.159598427792158 1739.3
17394 1.159672674984178 1739.4
17395 1.159746896210639 1739.5
17396 1.159821097728273 1739.6
17397 1.159895281890622 1739.7
17398 1.159969450984433 1739.8
17399 1.160043607184812 1739.9
17400 1.160117752286778 1740
17401 1.160191885414986 1740.1
17402 1.160266004580808 1740.2
17403 1.16034011914708 1740.3
17404 1.160414230947248 1740.4
17405 1.160488341473441 1740.5
17406 1.160562451888819 1740.6
17407 1.160636562941233 1740.7
17408 1.160710674238596 1740.8
17409 1.160784788614685 1740.9
17410 1.160858907108914 1741
17411 1.160933036319522 1741.1
17412 1.161007169303112 1741.2
17413 1.161081306468283 1741.3
17414 1.161155448030523 1741.4
17415 1.161229593901924 1741.5
17416 1.161303743720326 1741.6
17417 1.161377897097197 1741.7
17418 1.161452053975413 1741.8
17419 1.161526213981041 1741.9
17420 1.161600376951088 1742
17421 1.161674542641648 1742.1
17422 1.161748710925945 1742.2
17423 1.161822881761447 1742.3
17424 1.161897054630796 1742.4
17425 1.161971229209555 1742.5
17426 1.162045405308908 1742.6
17427 1.162119582351507 1742.7
17428 1.162193759750274 1742.8
17429 1.162267937358802 1742.9
17430 1.162342114681782 1743
17431 1.162416290776653 1743.1
17432 1.162490466353919 1743.2
17433 1.162564640973941 1743.3
17434 1.162638813068078 1743.4
17435 1.162712983271243 1743.5
17436 1.162787146413613 1743.6
17437 1.162861304284089 1743.7
17438 1.162935457955388 1743.8
17439 1.163009606712992 1743.9
17440 1.163083749538662 1744
17441 1.16315788560093 1744.1
17442 1.163232014428796 1744.2
17443 1.163306135391518 1744.3
17444 1.163380246927043 1744.4
17445 1.163454417311247 1744.5
17446 1.163528549730055 1744.6
17447 1.163602643773775 1744.7
17448 1.163676700610464 1744.8
17449 1.163750719587425 1744.9
17450 1.163824701818401 1745
17451 1.163898651281686 1745.1
17452 1.163972572343671 1745.2
17453 1.164046469828138 1745.3
17454 1.164120350198881 1745.4
17455 1.164194219051247 1745.5
17456 1.164268105177257 1745.6
17457 1.164342018037489 1745.7
17458 1.164415927898766 1745.8
17459 1.164489837060597 1745.9
17460 1.164563747041763 1746
17461 1.164637659896813 1746.1
17462 1.164711577631789 1746.2
17463 1.164785503234236 1746.3
17464 1.164859435218896 1746.4
17465 1.164933376206292 1746.5
17466 1.165007327335458 1746.6
17467 1.165081289546754 1746.7
17468 1.165155263586939 1746.8
17469 1.165229730319806 1746.9
17470 1.165308802440416 1747
17471 1.165387888160524 1747.1
17472 1.165466987853316 1747.2
17473 1.165546102343254 1747.3
17474 1.165625232004963 1747.4
17475 1.165704377205193 1747.5
17476 1.165783538209204 1747.6
17477 1.165862713628787 1747.7
17478 1.165941905145324 1747.8
17479 1.166021112771079 1747.9
17480 1.166100336690983 1748
17481 1.166179576847726 1748.1
17482 1.166258832506722 1748.2
17483 1.166338103152771 1748.3
17484 1.166417388060629 1748.4
17485 1.166496686569146 1748.5
17486 1.166575997676017 1748.6
17487 1.166655320659925 1748.7
17488 1.16673465573011 1748.8
17489 1.16681400126906 1748.9
17490 1.166893356116804 1749
17491 1.166972719410368 1749.1
17492 1.167052090246806 1749.2
17493 1.167131467682987 1749.3
17494 1.167210850891316 1749.4
17495 1.167290230443068 1749.5
17496 1.167369627144844 1749.6
17497 1.167449031337364 1749.7
17498 1.167528442815673 1749.8
17499 1.167607862588222 1749.9
17500 1.167687291937465 1750
17501 1.167766727872219 1750.1
17502 1.167846170295901 1750.2
17503 1.167925617532758 1750.3
17504 1.168005071007826 1750.4
17505 1.168084491771799 1750.5
17506 1.168163903837698 1750.6
17507 1.168243322560455 1750.7
17508 1.168322747745454 1750.8
17509 1.168402179586082 1750.9
17510 1.168481618560472 1751
17511 1.16856106517412 1751.1
17512 1.168640520021072 1751.2
17513 1.168719983401788 1751.3
17514 1.16879945628916 1751.4
17515 1.168878939700993 1751.5
17516 1.168958434568913 1751.6
17517 1.16903794124847 1751.7
17518 1.169117460895335 1751.8
17519 1.169196995643715 1751.9
17520 1.169276546392154 1752
17521 1.16935611517221 1752.1
17522 1.169435703508594 1752.2
17523 1.16951531128585 1752.3
17524 1.169594939433958 1752.4
17525 1.169674588886739 1752.5
17526 1.169754261012365 1752.6
17527 1.169833956454322 1752.7
17528 1.169914049072228 1752.8
17529 1.169995831715279 1752.9
17530 1.170078695049417 1753
17531 1.170161583030006 1753.1
17532 1.170242709050067 1753.2
17533 1.170322113887967 1753.3
17534 1.170401540083844 1753.4
17535 1.170480989671957 1753.5
17536 1.170560462566612 1753.6
17537 1.170639957937771 1753.7
17538 1.170719476553372 1753.8
17539 1.170798995857908 1753.9
17540 1.170878499003068 1754
17541 1.170958044179531 1754.1
17542 1.171037628117169 1754.2
17543 1.171117249980268 1754.3
17544 1.171196905815791 1754.4
17545 1.17127659423022 1754.5
17546 1.171356319742982 1754.6
17547 1.171436067474627 1754.7
17548 1.171515822219483 1754.8
17549 1.171595528218045 1754.9
17550 1.171675253933574 1755
17551 1.171754999579739 1755.1
17552 1.17183476745738 1755.2
17553 1.171914557126285 1755.3
17554 1.17199436881844 1755.4
17555 1.172074197298459 1755.5
17556 1.172154046273425 1755.6
17557 1.172233916806882 1755.7
17558 1.172313809058756 1755.8
17559 1.1723937232606 1755.9
17560 1.172473659348212 1756
17561 1.172553619577423 1756.1
17562 1.172633601658196 1756.2
17563 1.172713605371547 1756.3
17564 1.172793631250682 1756.4
17565 1.172873680361264 1756.5
17566 1.172953753260602 1756.6
17567 1.173033850479781 1756.7
17568 1.173116597061056 1756.8
17569 1.173203190797434 1756.9
17570 1.173289811518354 1757
17571 1.173376459741907 1757.1
17572 1.173463136683984 1757.2
17573 1.173549842421828 1757.3
17574 1.173636579819096 1757.4
17575 1.173723350153865 1757.5
17576 1.173810144329034 1757.6
17577 1.17389697013842 1757.7
17578 1.173983831953681 1757.8
17579 1.174070770045132 1757.9
17580 1.174157732956813 1758
17581 1.174244717937368 1758.1
17582 1.174331728901917 1758.2
17583 1.174418769306678 1758.3
17584 1.174505841343972 1758.4
17585 1.174592948174691 1758.5
17586 1.174680095236688 1758.6
17587 1.174767284034245 1758.7
17588 1.174854511474397 1758.8
17589 1.174941777631175 1758.9
17590 1.175029082918895 1759
17591 1.175116427615033 1759.1
17592 1.175203811472894 1759.2
17593 1.175291233666552 1759.3
17594 1.175378695559799 1759.4
17595 1.175466196167013 1759.5
17596 1.175553735097723 1759.6
17597 1.175641311636791 1759.7
17598 1.17572892530644 1759.8
17599 1.175816575455495 1759.9
17600 1.175904411633801 1760
17601 1.175994278609634 1760.1
17602 1.176084579216796 1760.2
17603 1.176174918439999 1760.3
17604 1.176265295517093 1760.4
17605 1.176355710671128 1760.5
17606 1.17644616398634 1760.6
17607 1.176536655680454 1760.7
17608 1.176627185858031 1760.8
17609 1.176717754680389 1760.9
17610 1.176808362471227 1761
17611 1.176899009354049 1761.1
17612 1.176989695500288 1761.2
17613 1.17707471574527 1761.3
17614 1.177164274270159 1761.4
17615 1.177253849090632 1761.5
17616 1.177343452838473 1761.6
17617 1.17743309395286 1761.7
17618 1.177522772871201 1761.8
17619 1.17761249524062 1761.9
17620 1.177702258639928 1762
17621 1.177792046172738 1762.1
17622 1.17788187511835 1762.2
17623 1.177971748737763 1762.3
17624 1.178061671531264 1762.4
17625 1.178151644770035 1762.5
17626 1.178241668416845 1762.6
17627 1.178331743059388 1762.7
17628 1.178421869476999 1762.8
17629 1.178512047815389 1762.9
17630 1.178602278365162 1763
17631 1.178692561922469 1763.1
17632 1.178782898446908 1763.2
17633 1.178873288177383 1763.3
17634 1.178963730851663 1763.4
17635 1.179054228757822 1763.5
17636 1.179144780926801 1763.6
17637 1.179235387003248 1763.7
17638 1.17932604733617 1763.8
17639 1.179416761937027 1763.9
17640 1.179507530348537 1764
17641 1.179597386107732 1764.1
17642 1.179680288220749 1764.2
17643 1.179763239836346 1764.3
17644 1.179846207787065 1764.4
17645 1.179929234604458 1764.5
17646 1.180012318646251 1764.6
17647 1.180095459949727 1764.7
17648 1.180178655221561 1764.8
17649 1.180261899015988 1764.9
17650 1.180345164498265 1765
17651 1.180428462633519 1765.1
17652 1.180518365577359 1765.2
17653 1.180609811891239 1765.3
17654 1.180701313465267 1765.4
17655 1.180792871739314 1765.5
17656 1.180884482388407 1765.6
17657 1.18097614878741 1765.7
17658 1.181067872963744 1765.8
17659 1.181159655576567 1765.9
17660 1.181251496914081 1766
17661 1.181343397123838 1766.1
17662 1.181435357127584 1766.2
17663 1.181527377463698 1766.3
17664 1.181619458901574 1766.4
17665 1.181711602166968 1766.5
17666 1.181803807775761 1766.6
17667 1.18189607570487 1766.7
17668 1.181988407227184 1766.8
17669 1.182080802975437 1766.9
17670 1.18217330736317 1767
17671 1.182265896231071 1767.1
17672 1.182358531062258 1767.2
17673 1.182451223977847 1767.3
17674 1.182543977448995 1767.4
17675 1.182636783789098 1767.5
17676 1.182729648528898 1767.6
17677 1.18282258000074 1767.7
17678 1.182915582033194 1767.8
17679 1.183008651292932 1767.9
17680 1.183101792003665 1768
17681 1.183195004124711 1768.1
17682 1.183288287945841 1768.2
17683 1.183381643734291 1768.3
17684 1.183475071325794 1768.4
17685 1.18356857133971 1768.5
17686 1.183662144195742 1768.6
17687 1.183755790488193 1768.7
17688 1.183849510457462 1768.8
17689 1.183943304205146 1768.9
17690 1.184037172138022 1769
17691 1.184131114465834 1769.1
17692 1.184225137005948 1769.2
17693 1.184319316701199 1769.3
17694 1.184413544153187 1769.4
17695 1.18450782975187 1769.5
17696 1.184602177721658 1769.6
17697 1.184696593059602 1769.7
17698 1.184791075835056 1769.8
17699 1.184885634730859 1769.9
17700 1.18498027213925 1770
17701 1.18507498937748 1770.1
17702 1.185169788569159 1770.2
17703 1.185260299318978 1770.3
17704 1.185346756400015 1770.4
17705 1.185433288778736 1770.5
17706 1.185519896028491 1770.6
17707 1.185606578555996 1770.7
17708 1.185693336748822 1770.8
17709 1.185780171419699 1770.9
17710 1.185867082375427 1771
17711 1.185954079030542 1771.1
17712 1.186041173767543 1771.2
17713 1.186128344249655 1771.3
17714 1.186215596981984 1771.4
17715 1.186302923534088 1771.5
17716 1.186390324054972 1771.6
17717 1.186477801405172 1771.7
17718 1.186565363810111 1771.8
17719 1.18665301016016 1771.9
17720 1.186740913095875 1772
17721 1.18682890111342 1772.1
17722 1.186916972358259 1772.2
17723 1.18700512704313 1772.3
17724 1.187093367471366 1772.4
17725 1.187181694110465 1772.5
17726 1.187270107610607 1772.6
17727 1.187358646954261 1772.7
17728 1.187447268759795 1772.8
17729 1.187535970565229 1772.9
17730 1.187624759258022 1773
17731 1.187713631186506 1773.1
17732 1.187802594051308 1773.2
17733 1.187891652578966 1773.3
17734 1.187980806186092 1773.4
17735 1.188070051781267 1773.5
17736 1.188159390968867 1773.6
17737 1.188248825540795 1773.7
17738 1.188338370378872 1773.8
17739 1.188428016823466 1773.9
17740 1.188517752921926 1774
17741 1.18860758472489 1774.1
17742 1.188697510627191 1774.2
17743 1.188787533461308 1774.3
17744 1.188877662313506 1774.4
17745 1.188967897807917 1774.5
17746 1.189058238856731 1774.6
17747 1.189148735425454 1774.7
17748 1.189239374632256 1774.8
17749 1.18933010558348 1774.9
17750 1.189420940946065 1775
17751 1.189511873978579 1775.1
17752 1.189602914598436 1775.2
17753 1.189694067281432 1775.3
17754 1.18978543910162 1775.4
17755 1.189876915563426 1775.5
17756 1.189968489709251 1775.6
17757 1.190060170194887 1775.7
17758 1.190151966477809 1775.8
17759 1.19024393112874 1775.9
17760 1.190336097102524 1776
17761 1.190428358057457 1776.1
17762 1.190520692300175 1776.2
17763 1.190613151338318 1776.3
17764 1.190705747849066 1776.4
17765 1.190798476524111 1776.5
17766 1.190891342812406 1776.6
17767 1.190984355952509 1776.7
17768 1.19107751255135 1776.8
17769 1.191170816875096 1776.9
17770 1.191264276144292 1777
17771 1.19135788793335 1777.1
17772 1.191451655901011 1777.2
17773 1.191545585716196 1777.3
17774 1.191639677473012 1777.4
17775 1.191733936783037 1777.5
17776 1.191828363660319 1777.6
17777 1.191922964021021 1777.7
17778 1.192017739282958 1777.8
17779 1.192112692952817 1777.9
17780 1.19220782994435 1778
17781 1.192303151602402 1778.1
17782 1.192398663672676 1778.2
17783 1.19249436723565 1778.3
17784 1.192590267555472 1778.4
17785 1.192686367307447 1778.5
17786 1.192782671672783 1778.6
17787 1.192879182008381 1778.7
17788 1.192979586701013 1778.8
17789 1.193085685140923 1778.9
17790 1.193192002499152 1779
17791 1.193298544145649 1779.1
17792 1.193405310002626 1779.2
17793 1.193512303659039 1779.3
17794 1.193619522512893 1779.4
17795 1.19372696832658 1779.5
17796 1.193834071870246 1779.6
17797 1.193941412739546 1779.7
17798 1.194048985777196 1779.8
17799 1.194156791458053 1779.9
17800 1.194264829404958 1780
17801 1.194373097149019 1780.1
17802 1.194480365171429 1780.2
17803 1.19458717695841 1780.3
17804 1.19469420885565 1780.4
17805 1.194801459649192 1780.5
17806 1.194908925332332 1780.6
17807 1.19501660328737 1780.7
17808 1.19512449124143 1780.8
17809 1.195232584002516 1780.9
17810 1.195340879831109 1781
17811 1.195449372819363 1781.1
17812 1.195558058479659 1781.2
17813 1.195666933004571 1781.3
17814 1.195775991688938 1781.4
17815 1.195885229852795 1781.5
17816 1.195994642013301 1781.6
17817 1.196104223411324 1781.7
17818 1.1962139694755 1781.8
17819 1.196323875052134 1781.9
17820 1.196433934161499 1782
17821 1.196544141680563 1782.1
17822 1.196654492089036 1782.2
17823 1.196764586719485 1782.3
17824 1.196874610284885 1782.4
