"liquid-fraction-rfile"
"Time Step" "liquid-fraction etc.."
("Time Step" "liquid-fraction" "flow-time")
0 0 0
1 0 0.1
2 0 0.2
3 0 0.3
4 0 0.4
5 0 0.5
6 0 0.6000000000000001
7 0 0.7000000000000001
8 0 0.8
9 0 0.9
10 0 1
11 0 1.1
12 0 1.2
13 0 1.3
14 0 1.4
15 0 1.5
16 0 1.6
17 0 1.7
18 0 1.8
19 0 1.9
20 0 2
21 0 2.1
22 0 2.2
23 0 2.3
24 0 2.4
25 0 2.5
26 0 2.6
27 0 2.7
28 0 2.8
29 0 2.9
30 0 3
31 0 3.1
32 0 3.2
33 0 3.3
34 0 3.4
35 0 3.5
36 0 3.6
37 0 3.7
38 0 3.8
39 0 3.9
40 0 4
41 0 4.100000000000001
42 0 4.2
43 0 4.3
44 0 4.4
45 0 4.5
46 0 4.600000000000001
47 0 4.7
48 0 4.800000000000001
49 0 4.9
50 0 5
51 0 5.100000000000001
52 0 5.2
53 3.939072584828542e-07 5.300000000000001
54 1.279968474328353e-06 5.4
55 3.399567739296986e-06 5.5
56 6.856497857304816e-06 5.600000000000001
57 1.166968177301749e-05 5.7
58 1.830409469496287e-05 5.800000000000001
59 2.70100095406415e-05 5.9
60 3.80935359649445e-05 6
61 5.220369391727311e-05 6.100000000000001
62 6.939031180981654e-05 6.2
63 9.180129108880682e-05 6.300000000000001
64 0.0001217242624907446 6.4
65 0.0001615419593283461 6.5
66 0.0002087472528704852 6.600000000000001
67 0.000262847226798624 6.7
68 0.000323950846917511 6.800000000000001
69 0.00039266431864142 6.9
70 0.0004691172833318713 7
71 0.0005532263794296148 7.100000000000001
72 0.0006452255070603606 7.2
73 0.0007457561676777399 7.300000000000001
74 0.0008552062655899622 7.4
75 0.0009740894701835678 7.5
76 0.00110274437109214 7.600000000000001
77 0.001241883880848105 7.7
78 0.001391635213805382 7.800000000000001
79 0.001552189972119204 7.9
80 0.001723290402111516 8
81 0.001905405806763386 8.1
82 0.002098527920545692 8.200000000000001
83 0.002302650855440972 8.300000000000001
84 0.002517810244558657 8.4
85 0.002743766211956321 8.5
86 0.002980233056367877 8.6
87 0.003226756754300045 8.700000000000001
88 0.003483127696581585 8.800000000000001
89 0.003748543010579304 8.9
90 0.004023539004906805 9
91 0.004306987293316732 9.1
92 0.004599548944414738 9.200000000000001
93 0.004900359865992885 9.300000000000001
94 0.005209246420230948 9.4
95 0.005521949850120559 9.5
96 0.005840227017646188 9.600000000000001
97 0.00616546790481775 9.700000000000001
98 0.006493470833471592 9.800000000000001
99 0.006823976725092117 9.9
100 0.007156518778875553 10
101 0.007496478608606466 10.1
102 0.007843625899782929 10.2
103 0.008196377198607926 10.3
104 0.008552485761357646 10.4
105 0.008911463195649541 10.5
106 0.009273025975345914 10.6
107 0.009640028708569379 10.7
108 0.01001456879320876 10.8
109 0.01039494889579347 10.9
110 0.0107815169806642 11
111 0.01117384517772568 11.1
112 0.01157073718131991 11.2
113 0.01197142666247139 11.3
114 0.01237567034326354 11.4
115 0.01278398870978354 11.5
116 0.01319384533881701 11.6
117 0.01360797530022478 11.7
118 0.01402697066644518 11.8
119 0.01444606248863568 11.9
120 0.01486855608420106 12
121 0.01529646437097043 12.1
122 0.01572920302082035 12.2
123 0.0161669646541835 12.3
124 0.01660926243609723 12.4
125 0.01705400076494808 12.5
126 0.01750231074517833 12.6
127 0.01795378776601537 12.7
128 0.01840979202534458 12.8
129 0.01886975177142283 12.9
130 0.01933145100802693 13
131 0.01979506742104687 13.1
132 0.02026253671941393 13.2
133 0.02073157115626048 13.3
134 0.02120350638439635 13.4
135 0.02167842696282491 13.5
136 0.0221564958234677 13.6
137 0.02263851475931538 13.7
138 0.02312233836732109 13.8
139 0.02360941982877643 13.9
140 0.02409889653830054 14
141 0.02458729288635652 14.1
142 0.02507476039809824 14.2
143 0.02556358928387066 14.3
144 0.02605330419061477 14.4
145 0.02654003591468939 14.5
146 0.02702581642159595 14.6
147 0.02750973365634563 14.7
148 0.02799504936856816 14.8
149 0.02848002124430671 14.9
150 0.02896580677366408 15
151 0.02945319348001345 15.1
152 0.02994253684061163 15.2
153 0.03043284377129586 15.3
154 0.03092434466033214 15.4
155 0.03141839337999455 15.5
156 0.0319155957604876 15.6
157 0.03241396606426029 15.7
158 0.03290921968589391 15.8
159 0.03340128223392837 15.9
160 0.03389337054351838 16
161 0.03438527796603248 16.1
162 0.03487602421885862 16.2
163 0.03536378023094847 16.3
164 0.03585369942555378 16.4
165 0.03634141471857922 16.5
166 0.03682374247301978 16.6
167 0.03730531994396255 16.7
168 0.03778497409469259 16.8
169 0.03825370524570938 16.9
170 0.03871230225227758 17
171 0.03915424661317144 17.1
172 0.03957889207341148 17.2
173 0.03999054333213325 17.3
174 0.04039313840672033 17.4
175 0.04078824491457925 17.5
176 0.04118451999467432 17.6
177 0.04158373408239224 17.7
178 0.04198628091419732 17.8
179 0.04239104195357676 17.9
180 0.04279815969285671 18
181 0.04320413115603876 18.1
182 0.04361088836977045 18.2
183 0.04401239537544129 18.3
184 0.044410467753736 18.4
185 0.04479533377118263 18.5
186 0.04517399447989606 18.6
187 0.04554975073562727 18.7
188 0.04591986700907525 18.8
189 0.04627923326855853 18.9
190 0.04663183228928026 19
191 0.04698580381743689 19.1
192 0.04734268993809667 19.2
193 0.04770032264079314 19.3
194 0.0480598486238315 19.4
195 0.04842211701471504 19.5
196 0.04878854155305977 19.6
197 0.04915708597873539 19.7
198 0.04952695987124923 19.8
199 0.04990004765604444 19.9
200 0.05027420267606377 20
201 0.0506545556861169 20.1
202 0.05103809711235247 20.2
203 0.05142423636647692 20.3
204 0.05181053990778893 20.4
205 0.05219542405504167 20.5
206 0.05257896874724268 20.6
207 0.0529583913662755 20.7
208 0.05333525680146337 20.8
209 0.05371122787044252 20.9
210 0.05408075092352175 21
211 0.05444046020688053 21.1
212 0.05479392215762312 21.2
213 0.0551449010430371 21.3
214 0.0554997541129794 21.4
215 0.05585739288450139 21.5
216 0.05621117429275877 21.6
217 0.05656440279351355 21.7
218 0.05691800031395956 21.8
219 0.05727161463717765 21.9
220 0.05762662884189702 22
221 0.05798292065729956 22.1
222 0.05834031787504149 22.2
223 0.05869327823898644 22.3
224 0.05904538163900958 22.4
225 0.05939628238497682 22.5
226 0.0597443171176328 22.6
227 0.06008792568872754 22.7
228 0.06042744625480347 22.8
229 0.06076688664402935 22.9
230 0.06110548698438455 23
231 0.06144830172359034 23.1
232 0.06178959359002006 23.2
233 0.06213265691943401 23.3
234 0.06247837086190224 23.4
235 0.06282998986532949 23.5
236 0.06318619618251028 23.6
237 0.06354905166436954 23.7
238 0.06391529340961481 23.8
239 0.06428565754746343 23.9
240 0.06466246886663846 24
241 0.06504748826460362 24.1
242 0.06543574287137743 24.2
243 0.06582693456948166 24.3
244 0.06622051661735485 24.4
245 0.06661502731481349 24.5
246 0.06700931899269244 24.6
247 0.06740670631588543 24.7
248 0.06780851482198373 24.8
249 0.06821410508216823 24.9
250 0.06862196644754409 25
251 0.06902759330501036 25.1
252 0.06943254767540459 25.2
253 0.06983660599852663 25.3
254 0.07024065803460901 25.4
255 0.0706423112631591 25.5
256 0.07104899425219988 25.6
257 0.07145994378887248 25.7
258 0.07187538231305972 25.8
259 0.07229064193721912 25.9
260 0.07270892581081201 26
261 0.07313109506946568 26.1
262 0.07355446449382654 26.2
263 0.07398071372458528 26.3
264 0.07440995493051861 26.4
265 0.07483723545316143 26.5
266 0.07526304365827167 26.6
267 0.07567906066174583 26.7
268 0.07609101726772631 26.8
269 0.07649760603366391 26.9
270 0.07690246158588421 27
271 0.07730374526831579 27.1
272 0.07769858027425887 27.2
273 0.07808645980608273 27.3
274 0.07847790441420341 27.4
275 0.07887288845958776 27.5
276 0.07927030738652033 27.6
277 0.07967214302999499 27.7
278 0.08007044282214232 27.8
279 0.08047074238410913 27.9
280 0.08087344658732365 28
281 0.08127603357144313 28.1
282 0.0816822923903298 28.2
283 0.08208955204729057 28.3
284 0.08249847145470947 28.4
285 0.08290715316531448 28.5
286 0.08331315777898597 28.6
287 0.08371560744672432 28.7
288 0.08411486402930159 28.8
289 0.08450855617654636 28.9
290 0.08489194269297148 29
291 0.08527387337376573 29.1
292 0.08565347150786212 29.2
293 0.08603713103839064 29.3
294 0.08642139444800698 29.4
295 0.08681073877512446 29.5
296 0.08719928022930254 29.6
297 0.08758782224051719 29.7
298 0.08797965397063158 29.8
299 0.08837435159684656 29.9
300 0.08877267254661173 30
301 0.08917519211523607 30.1
302 0.08958290182900859 30.2
303 0.08999058893728956 30.3
304 0.09040275577270966 30.4
305 0.09081879610158639 30.5
306 0.09123118026746008 30.6
307 0.09163834497369251 30.7
308 0.09203624299965986 30.8
309 0.09242866994829319 30.9
310 0.0928215719275034 31
311 0.09321758383847381 31.1
312 0.09362080771135008 31.2
313 0.09402547625153773 31.3
314 0.09443362838512039 31.4
315 0.09484577885322541 31.5
316 0.09526085900214798 31.6
317 0.09568014738587673 31.7
318 0.09609891823876457 31.8
319 0.09651844981579713 31.9
320 0.09694845497178893 32
321 0.09738803505621992 32.1
322 0.09783879405701765 32.2
323 0.09829412931337714 32.3
324 0.09874742894915847 32.4
325 0.09919654958317126 32.5
326 0.09964707758195758 32.6
327 0.1001009616715818 32.7
328 0.1005581960230005 32.8
329 0.1010191973155607 32.9
330 0.1014802651723881 33
331 0.1019421692353247 33.1
332 0.1024052964027889 33.2
333 0.1028676477515534 33.3
334 0.1033268953818446 33.4
335 0.1037890354053541 33.5
336 0.1042543022747159 33.6
337 0.1047118988171905 33.7
338 0.1051733880975393 33.8
339 0.1056265922044679 33.9
340 0.1060802575501533 34
341 0.1065276880708654 34.1
342 0.10696653202208 34.2
343 0.107395021759127 34.3
344 0.1078107276227773 34.4
345 0.1082240944422948 34.5
346 0.1086337608795756 34.6
347 0.1090415002948115 34.7
348 0.1094438228178333 34.8
349 0.109850580347649 34.9
350 0.1102593195620871 35
351 0.1106686870148448 35.1
352 0.1110782235362078 35.2
353 0.1114877409182037 35.3
354 0.1118993823099562 35.4
355 0.1123109995054272 35.5
356 0.1127226452070257 35.6
357 0.1131349437933258 35.7
358 0.1135423270823437 35.8
359 0.1139488953512134 35.9
360 0.1143680937686603 36
361 0.1147906497224514 36.1
362 0.1152141564821653 36.2
363 0.1156474304535868 36.3
364 0.1160895668801341 36.4
365 0.1165375673614964 36.5
366 0.1169884235637759 36.6
367 0.117436178325259 36.7
368 0.1178866460765421 36.8
369 0.1183381296081179 36.9
370 0.1187875414053386 37
371 0.1192353593538982 37.1
372 0.1196762997203682 37.2
373 0.1201196623234891 37.3
374 0.1205644215632594 37.4
375 0.1210136668425847 37.5
376 0.1214584050377329 37.6
377 0.1218997811778973 37.7
378 0.1223331780621075 37.8
379 0.1227518224562412 37.9
380 0.1231654206209635 38
381 0.1235814153747193 38.1
382 0.1239950926040661 38.2
383 0.1244093613250361 38.3
384 0.1248236127229161 38.40000000000001
385 0.1252415922776229 38.5
386 0.1256618208997183 38.6
387 0.1260868897856745 38.7
388 0.126515798204018 38.8
389 0.1269449733399955 38.90000000000001
390 0.1273754499687474 39
391 0.1278040502456143 39.1
392 0.1282355375335253 39.2
393 0.1286606321511425 39.3
394 0.1290873672804051 39.40000000000001
395 0.1295149227510453 39.5
396 0.1299442399218651 39.6
397 0.1303765716434571 39.7
398 0.1308113596047582 39.8
399 0.13124823760513 39.90000000000001
400 0.1316898419824918 40
401 0.1321299057193094 40.1
402 0.1325733137136302 40.2
403 0.1330114050043081 40.3
404 0.1334498104019064 40.40000000000001
405 0.1338904680287093 40.5
406 0.1343333140839169 40.6
407 0.1347748794852631 40.7
408 0.1352175740503688 40.8
409 0.1356647273388212 40.90000000000001
410 0.1361108133270801 41
411 0.1365615540613096 41.1
412 0.1370182642590046 41.2
413 0.1374786664642385 41.3
414 0.1379413145531236 41.40000000000001
415 0.138408823264222 41.5
416 0.1388825784926755 41.6
417 0.1393616109681804 41.7
418 0.1398398876526094 41.8
419 0.1403188778461298 41.90000000000001
420 0.1407973038120018 42
421 0.1412796121418981 42.1
422 0.141765171477801 42.2
423 0.1422382516572721 42.3
424 0.1427087250806674 42.40000000000001
425 0.1431940338661883 42.5
426 0.1436869421715757 42.6
427 0.144181548508643 42.7
428 0.1446552793983147 42.8
429 0.1451043854865696 42.90000000000001
430 0.1455583697865988 43
431 0.1460175549282992 43.1
432 0.1464699413110196 43.2
433 0.1469333521458444 43.3
434 0.1474061783862062 43.40000000000001
435 0.1478885462206301 43.5
436 0.1483721804460338 43.6
437 0.1488546058934035 43.7
438 0.1493406198135629 43.8
439 0.1498342786359821 43.90000000000001
440 0.1503246101544965 44
441 0.1508288368070856 44.1
442 0.151348449420434 44.2
443 0.1518733858651667 44.3
444 0.1523978417018496 44.40000000000001
445 0.1529291451518199 44.5
446 0.1534677077563206 44.6
447 0.1540139633540269 44.7
448 0.1545592442502717 44.8
449 0.1551008431907545 44.90000000000001
450 0.1556370431542484 45
451 0.1561759993383899 45.1
452 0.1567147861722235 45.2
453 0.1572469896462333 45.3
454 0.1577825899389464 45.40000000000001
455 0.1583208116447918 45.5
456 0.158858993809008 45.6
457 0.1594113746279271 45.7
458 0.1599851387901171 45.8
459 0.1605801625530499 45.90000000000001
460 0.161172115649552 46
461 0.1617522642258525 46.1
462 0.1623264611341577 46.2
463 0.1628859899285221 46.3
464 0.163435645356743 46.40000000000001
465 0.1639750831997683 46.5
466 0.1645005526584096 46.6
467 0.1650144696172423 46.7
468 0.1655168333665057 46.8
469 0.1660086814853063 46.90000000000001
470 0.166495348953862 47
471 0.1669778632592022 47.1
472 0.1674622780139465 47.2
473 0.1679540453267961 47.3
474 0.1684527128169913 47.40000000000001
475 0.1689556308097443 47.5
476 0.1694476973205922 47.6
477 0.1699296900902574 47.7
478 0.1704049353645858 47.8
479 0.17086948979247 47.90000000000001
480 0.1713234856875847 48
481 0.1717748079459506 48.1
482 0.1722270393558547 48.2
483 0.1726831451228674 48.3
484 0.1731460375052292 48.40000000000001
485 0.173608454933406 48.5
486 0.1740600006532069 48.6
487 0.1745070850165335 48.7
488 0.1749492949851698 48.8
489 0.1753904536839876 48.90000000000001
490 0.1758266501458063 49
491 0.1762587749051235 49.1
492 0.1767047494231818 49.2
493 0.1771575703390068 49.3
494 0.1776305999420029 49.40000000000001
495 0.1781022062040848 49.5
496 0.1785756419881948 49.6
497 0.1790402514320732 49.7
498 0.179511074430224 49.8
499 0.1799758215270533 49.90000000000001
500 0.1804432054792977 50
501 0.1809225843055822 50.1
502 0.1814016375837199 50.2
503 0.1818635068034656 50.3
504 0.1823251922711442 50.40000000000001
505 0.1827806228382048 50.5
506 0.1832266177675665 50.6
507 0.1836769500223102 50.7
508 0.1841293423807248 50.8
509 0.1845705400405414 50.90000000000001
510 0.1850102224005376 51
511 0.1854483951599618 51.1
512 0.185884698791489 51.2
513 0.1863163411528976 51.3
514 0.1867526724507015 51.40000000000001
515 0.187188919775557 51.5
516 0.1876249229942467 51.6
517 0.1880592613074571 51.7
518 0.1884986631925605 51.8
519 0.1889478303612708 51.90000000000001
520 0.1893963597081582 52
521 0.1898434821355149 52.1
522 0.1902889775845441 52.2
523 0.1907240688117961 52.3
524 0.1911648096498958 52.40000000000001
525 0.1916118394946061 52.5
526 0.192064880861469 52.6
527 0.1925248726840104 52.7
528 0.1929936737165489 52.8
529 0.1934625253217095 52.90000000000001
530 0.1939457540463914 53
531 0.1944336287012375 53.1
532 0.1949358653716164 53.2
533 0.195442698503773 53.3
534 0.1959540391985312 53.40000000000001
535 0.1964682325282257 53.5
536 0.1970002542580386 53.6
537 0.1975458136520581 53.7
538 0.1980896904899004 53.8
539 0.1986244114496407 53.90000000000001
540 0.1991539477560066 54
541 0.1996834349941626 54.1
542 0.2002167612888313 54.2
543 0.2007692153556953 54.3
544 0.2013380400992058 54.40000000000001
545 0.2019090683308908 54.5
546 0.2024685495730175 54.6
547 0.2030208567891012 54.7
548 0.2035910321031489 54.8
549 0.2041811984268156 54.90000000000001
550 0.2047537966137211 55
551 0.2053042735332325 55.1
552 0.2058402356337883 55.2
553 0.2063794813172476 55.3
554 0.2069303382345821 55.40000000000001
555 0.2074907324866374 55.5
556 0.2080442008547309 55.6
557 0.2085854427627925 55.7
558 0.2091188455556078 55.8
559 0.2096481810944241 55.90000000000001
560 0.2101871066572265 56
561 0.2107438755220223 56.1
562 0.2113127462232554 56.2
563 0.2118890287385782 56.3
564 0.2124716081467711 56.40000000000001
565 0.2130512897523615 56.5
566 0.2136244289413942 56.6
567 0.2141918381391377 56.7
568 0.2147304625590305 56.8
569 0.2152725728514024 56.90000000000001
570 0.2158305879089621 57
571 0.2163907763247852 57.1
572 0.2169422457144464 57.2
573 0.2174719586020809 57.3
574 0.2180083613449766 57.40000000000001
575 0.2185301632111172 57.5
576 0.2190418993572122 57.6
577 0.2195674734203848 57.7
578 0.2201045750202776 57.8
579 0.2206359626194227 57.90000000000001
580 0.22116785759399 58
581 0.2217119015462431 58.1
582 0.2222630245699353 58.2
583 0.2227999979220358 58.3
584 0.2233158328128433 58.40000000000001
585 0.2238054189160286 58.5
586 0.2242767993726605 58.6
587 0.2247347369403328 58.7
588 0.2251907872297132 58.8
589 0.2256473678602586 58.90000000000001
590 0.2260993635505002 59
591 0.2265380377772134 59.1
592 0.2269640287374485 59.2
593 0.2273939942811149 59.3
594 0.2278263955098376 59.40000000000001
595 0.2282597729146492 59.5
596 0.2286949060718909 59.6
597 0.2291370667624308 59.7
598 0.229592277530506 59.8
599 0.2300216244348607 59.90000000000001
600 0.2304230517293897 60
601 0.2308227693874756 60.1
602 0.2312156596524786 60.2
603 0.2316056260364561 60.3
604 0.2319910555479006 60.40000000000001
605 0.2323765266742146 60.5
606 0.2327623766328281 60.6
607 0.2331583511660415 60.7
608 0.2335653715206755 60.8
609 0.2339803196555227 60.90000000000001
610 0.2344171216940761 61
611 0.2348800963882422 61.1
612 0.2353508637402536 61.2
613 0.235817224536099 61.3
614 0.2362863351944464 61.40000000000001
615 0.2367656014071264 61.5
616 0.2372706877941664 61.6
617 0.2377992162857663 61.7
618 0.2383479896081288 61.8
619 0.2388956801883445 61.90000000000001
620 0.2394285185864695 62
621 0.2399717429351541 62.1
622 0.2405204882818195 62.2
623 0.2410660469995436 62.3
624 0.2415955861626627 62.40000000000001
625 0.2421222893059711 62.5
626 0.2426594490368373 62.6
627 0.2431868081691969 62.7
628 0.2437149263401568 62.8
629 0.2442331290817162 62.90000000000001
630 0.244750265374442 63
631 0.245263533812723 63.1
632 0.2457994929409467 63.2
633 0.2463346121677665 63.3
634 0.2468671519501192 63.40000000000001
635 0.2473935309976807 63.5
636 0.2479083405350626 63.6
637 0.2484238680419493 63.7
638 0.2489460086838684 63.8
639 0.2494813521046983 63.90000000000001
640 0.2500308322842923 64
641 0.2505904153525245 64.10000000000001
642 0.2511923314834337 64.2
643 0.2517834084817148 64.3
644 0.2523483509196143 64.40000000000001
645 0.2528875029480768 64.5
646 0.2534264641059283 64.60000000000001
647 0.2539870916985859 64.7
648 0.2545501564623603 64.8
649 0.2551104235876177 64.90000000000001
650 0.2556485092188843 65
651 0.2561984723156042 65.10000000000001
652 0.2567514796350508 65.2
653 0.2573119275870285 65.3
654 0.2578872076445458 65.40000000000001
655 0.2584684716777546 65.5
656 0.2590446994104178 65.60000000000001
657 0.2596059420493547 65.7
658 0.2601753985678745 65.8
659 0.2607418968833409 65.90000000000001
660 0.2613146509622997 66
661 0.2618842345478787 66.10000000000001
662 0.2624442228124762 66.2
663 0.2629949615150931 66.3
664 0.2635565052482937 66.40000000000001
665 0.2641217624600138 66.5
666 0.2647045797045156 66.60000000000001
667 0.2652658415345618 66.7
668 0.2658121422254234 66.8
669 0.26634755519845 66.90000000000001
670 0.2668696852550205 67
671 0.2673773490099641 67.10000000000001
672 0.2678819935327413 67.2
673 0.2683603866012861 67.3
674 0.2688371185299391 67.40000000000001
675 0.2693137774285692 67.5
676 0.2697894095178341 67.60000000000001
677 0.2702462254694148 67.7
678 0.2707000175433329 67.8
679 0.2711623825955943 67.90000000000001
680 0.2716332550934589 68
681 0.2721086994156611 68.10000000000001
682 0.2725961333313034 68.2
683 0.2730898509102245 68.3
684 0.2736060396160098 68.40000000000001
685 0.2741565421450847 68.5
686 0.2746828656945704 68.60000000000001
687 0.2751712660191962 68.7
688 0.2756713102125994 68.8
689 0.2761926715850955 68.90000000000001
690 0.2767290216653208 69
691 0.2772475195998038 69.10000000000001
692 0.2777491812035098 69.2
693 0.2782502347134234 69.3
694 0.2787411486228171 69.40000000000001
695 0.2792230977405751 69.5
696 0.2797048384535865 69.60000000000001
697 0.2801874518679867 69.7
698 0.2806660872448458 69.8
699 0.2811392811977027 69.90000000000001
700 0.2816095623955009 70
701 0.2820925304296432 70.10000000000001
702 0.2825789218065581 70.2
703 0.2830636182425496 70.3
704 0.283570919195771 70.40000000000001
705 0.2840946158937934 70.5
706 0.284602521561503 70.60000000000001
707 0.2850915664286498 70.7
708 0.2855438029905505 70.8
709 0.2859899807478872 70.90000000000001
710 0.2864376550756095 71
711 0.2869092303028872 71.10000000000001
712 0.2873881738867114 71.2
713 0.2878832736952971 71.3
714 0.2883906862744218 71.40000000000001
715 0.2889010059402597 71.5
716 0.2893964382819199 71.60000000000001
717 0.2898775511939086 71.7
718 0.2903574016911848 71.8
719 0.290842840149875 71.90000000000001
720 0.2913413372282458 72
721 0.2918609983594632 72.10000000000001
722 0.2923781266827213 72.2
723 0.2929236469338473 72.3
724 0.2934717837271002 72.40000000000001
725 0.2940223668710353 72.5
726 0.2945745789596539 72.60000000000001
727 0.2951300802610092 72.7
728 0.2957005781121836 72.8
729 0.2963053662155434 72.90000000000001
730 0.2968765614990719 73
731 0.2974150465023697 73.10000000000001
732 0.2979600311749187 73.2
733 0.2985270999668893 73.3
734 0.2991191203881424 73.40000000000001
735 0.29971494390764 73.5
736 0.3003079498886299 73.60000000000001
737 0.3008932747703579 73.7
738 0.3014619503892048 73.8
739 0.3020407669070026 73.90000000000001
740 0.302613306059718 74
741 0.3031896132880519 74.10000000000001
742 0.3037407877996246 74.2
743 0.3042674368873731 74.3
744 0.3047837665188017 74.40000000000001
745 0.3052997546801971 74.5
746 0.3058029850353026 74.60000000000001
747 0.3062876738359241 74.7
748 0.3067624712285448 74.8
749 0.3072228118375258 74.90000000000001
750 0.3076861015956342 75
751 0.3081473458476389 75.10000000000001
752 0.3085916190353841 75.2
753 0.3090282754875037 75.3
754 0.309449892082954 75.40000000000001
755 0.309868429519873 75.5
756 0.3102908967211359 75.60000000000001
757 0.3107292898261956 75.7
758 0.3111719169475036 75.8
759 0.3116295075670893 75.90000000000001
760 0.3120943676426571 76
761 0.3125610031606102 76.10000000000001
762 0.313038790107606 76.2
763 0.3135325759824988 76.3
764 0.3140387627557685 76.40000000000001
765 0.3145440219350166 76.5
766 0.3150341998149583 76.60000000000001
767 0.3155194314222172 76.7
768 0.3159944619120936 76.80000000000001
769 0.3164693600300464 76.90000000000001
770 0.3169523122972015 77
771 0.3174416930355007 77.10000000000001
772 0.3179392420725733 77.2
773 0.3184480908007096 77.30000000000001
774 0.3189651317906885 77.40000000000001
775 0.3194543773474041 77.5
776 0.3199301851735845 77.60000000000001
777 0.3203913986426664 77.7
778 0.3208228513646153 77.80000000000001
779 0.3212523800000426 77.90000000000001
780 0.3216855910880241 78
781 0.3221383892456496 78.10000000000001
782 0.3226232704243747 78.2
783 0.3231038164560365 78.30000000000001
784 0.3235694152390586 78.40000000000001
785 0.3240391735459244 78.5
786 0.3245352453519293 78.60000000000001
787 0.3250473814813575 78.7
788 0.3255460896928414 78.80000000000001
789 0.3260599595333659 78.90000000000001
790 0.3265808078790283 79
791 0.3270900145000326 79.10000000000001
792 0.3275932358555946 79.2
793 0.3280959335709038 79.30000000000001
794 0.3286188690911726 79.40000000000001
795 0.3291511707188026 79.5
796 0.3296757656623913 79.60000000000001
797 0.3301996342842063 79.7
798 0.3307250409741943 79.80000000000001
799 0.3312664096090771 79.90000000000001
800 0.3318095088207135 80
801 0.3323534796904987 80.10000000000001
802 0.3329138042933658 80.2
803 0.3335189806038808 80.30000000000001
804 0.3341478119799575 80.40000000000001
805 0.3347676096849569 80.5
806 0.3353703262427988 80.60000000000001
807 0.3359725007627373 80.7
808 0.3365696226132213 80.80000000000001
809 0.3371564320721623 80.90000000000001
810 0.3377207914094305 81
811 0.3382751217806502 81.10000000000001
812 0.3388321398938929 81.2
813 0.3393931809315852 81.30000000000001
814 0.3399811872142078 81.40000000000001
815 0.3405915258723796 81.5
816 0.3412340538964503 81.60000000000001
817 0.3418494961974483 81.7
818 0.3424347873945918 81.80000000000001
819 0.3430035523623904 81.90000000000001
820 0.3435963739332974 82
821 0.3441971744122235 82.10000000000001
822 0.3447881906038046 82.2
823 0.3453783663125435 82.30000000000001
824 0.3459755477048954 82.40000000000001
825 0.3465464911816894 82.5
826 0.3471063346414037 82.60000000000001
827 0.3476593044876525 82.7
828 0.3482078068747482 82.80000000000001
829 0.3487515899576505 82.90000000000001
830 0.3492842674409446 83
831 0.3497905571956817 83.10000000000001
832 0.3502640574153331 83.2
833 0.3507408376350803 83.30000000000001
834 0.351230799264344 83.40000000000001
835 0.351710942008836 83.5
836 0.3521847341779819 83.60000000000001
837 0.3526544556804355 83.7
838 0.3531345926845277 83.80000000000001
839 0.3536296288717944 83.90000000000001
840 0.3541444278229545 84
841 0.3546700088697698 84.10000000000001
842 0.355199576644345 84.2
843 0.3557336854122466 84.30000000000001
844 0.3562665491993303 84.40000000000001
845 0.3568513228240986 84.5
846 0.3573591651307029 84.60000000000001
847 0.3578162009298783 84.7
848 0.3582763693862197 84.80000000000001
849 0.358731428054528 84.90000000000001
850 0.3591751181036557 85
851 0.3596068514076883 85.10000000000001
852 0.3600440873677731 85.2
853 0.3605016976835264 85.30000000000001
854 0.3609833707199689 85.40000000000001
855 0.3614605589537588 85.5
856 0.3619114106685073 85.60000000000001
857 0.3623689339317899 85.7
858 0.3628351459608134 85.80000000000001
859 0.3633223240092722 85.90000000000001
860 0.363833666700203 86
861 0.3643518041693407 86.10000000000001
862 0.3649039112901323 86.2
863 0.3655331582787916 86.30000000000001
864 0.3661912154830491 86.40000000000001
865 0.3667888034622453 86.5
866 0.3673890012292879 86.60000000000001
867 0.3680257135178274 86.7
868 0.3686998246357874 86.80000000000001
869 0.3693791876528115 86.90000000000001
870 0.3700502707787505 87
871 0.370720815673973 87.10000000000001
872 0.3713116797926191 87.2
873 0.3718451775518778 87.30000000000001
874 0.3723724808944944 87.40000000000001
875 0.3728883654600151 87.5
876 0.3733906985161415 87.60000000000001
877 0.3738839572078061 87.7
878 0.3743689172983153 87.80000000000001
879 0.3748828792953814 87.90000000000001
880 0.3754032275947086 88
881 0.3759314977675797 88.10000000000001
882 0.3764525093458488 88.2
883 0.3769825555237459 88.30000000000001
884 0.3775047730600697 88.40000000000001
885 0.3779964725366169 88.5
886 0.3784637429832819 88.60000000000001
887 0.3789172008915146 88.7
888 0.3793681702389086 88.80000000000001
889 0.3798047900141445 88.90000000000001
890 0.3802380358933209 89
891 0.3806581201094799 89.10000000000001
892 0.3810893934789251 89.2
893 0.3815550819367726 89.30000000000001
894 0.382045633917216 89.40000000000001
895 0.3825552601604918 89.5
896 0.383069983564754 89.60000000000001
897 0.3835902582773316 89.7
898 0.3840664976776145 89.80000000000001
899 0.3844917268576143 89.90000000000001
900 0.3849304327061949 90
901 0.3853665745562689 90.10000000000001
902 0.3858031554800702 90.2
903 0.3862580988385511 90.30000000000001
904 0.3866978423751946 90.40000000000001
905 0.3871316996959182 90.5
906 0.3875599258551372 90.60000000000001
907 0.3879781615227934 90.7
908 0.3883991028542349 90.80000000000001
909 0.3888639561263543 90.90000000000001
910 0.3893270663075358 91
911 0.3897718855144066 91.10000000000001
912 0.3901837815049089 91.2
913 0.3905743707749121 91.30000000000001
914 0.3909716642923988 91.40000000000001
915 0.3913846134167987 91.5
916 0.3918339550293342 91.60000000000001
917 0.3922767588110755 91.7
918 0.392711429977659 91.80000000000001
919 0.3931527095085792 91.90000000000001
920 0.3936009851555377 92
921 0.3941047319949249 92.10000000000001
922 0.3946427108181639 92.2
923 0.3951404644033294 92.30000000000001
924 0.3956164376544317 92.40000000000001
925 0.3960770009201114 92.5
926 0.3965366397481545 92.60000000000001
927 0.3970411310598339 92.7
928 0.3975166667568109 92.80000000000001
929 0.3979839567017076 92.90000000000001
930 0.3984255446434017 93
931 0.3988543653495357 93.10000000000001
932 0.3992856410481195 93.2
933 0.3997360479621971 93.30000000000001
934 0.400199782693918 93.40000000000001
935 0.4006869582027471 93.5
936 0.4011665238854487 93.60000000000001
937 0.4016122047704439 93.7
938 0.402043362556976 93.80000000000001
939 0.4024964645986879 93.90000000000001
940 0.4029643435560883 94
941 0.4034367196304084 94.10000000000001
942 0.4039397059902307 94.2
943 0.4044374243562414 94.30000000000001
944 0.4049535909843837 94.40000000000001
945 0.4054811649723031 94.5
946 0.4059796745655928 94.60000000000001
947 0.4064328879794853 94.7
948 0.4068716060763509 94.80000000000001
949 0.4073169013737646 94.90000000000001
950 0.4077597340825733 95
951 0.4081999552157222 95.10000000000001
952 0.4086146934933346 95.2
953 0.4090209910020858 95.30000000000001
954 0.4094361793913577 95.40000000000001
955 0.4098312784351429 95.5
956 0.4102486071293198 95.60000000000001
957 0.4106655004550073 95.7
958 0.4110831270816629 95.80000000000001
959 0.4115084295820166 95.90000000000001
960 0.4118801825097086 96
961 0.4122554418847527 96.10000000000001
962 0.4126570579211146 96.2
963 0.4130597172354992 96.30000000000001
964 0.4134595404103037 96.40000000000001
965 0.4138832910546505 96.5
966 0.4143186520400633 96.60000000000001
967 0.4147671237400237 96.7
968 0.4152252898533357 96.80000000000001
969 0.4156910743640552 96.90000000000001
970 0.4161422425486863 97
971 0.4165862660156949 97.10000000000001
972 0.4169780373161603 97.2
973 0.4173504253852763 97.30000000000001
974 0.4177477859618545 97.40000000000001
975 0.418167836616908 97.5
976 0.4185680709333982 97.60000000000001
977 0.418946660276622 97.7
978 0.4193335475090847 97.80000000000001
979 0.4197298575306826 97.90000000000001
980 0.4201470981068227 98
981 0.4205730821108549 98.10000000000001
982 0.4209999940631751 98.2
983 0.4213929608138977 98.30000000000001
984 0.4217961993635914 98.40000000000001
985 0.4222106569561063 98.5
986 0.4226300179704572 98.60000000000001
987 0.4230748942483495 98.7
988 0.42353803394802 98.80000000000001
989 0.4239636869470688 98.90000000000001
990 0.424396362556113 99
991 0.4248580523707668 99.10000000000001
992 0.4253342683798166 99.2
993 0.4258458976050062 99.30000000000001
994 0.4263373406403029 99.40000000000001
995 0.4268136830523485 99.5
996 0.4272378947225732 99.60000000000001
997 0.427695783515308 99.7
998 0.4281639811630805 99.80000000000001
999 0.4286133661276517 99.90000000000001
1000 0.4290645204974542 100
1001 0.42950407868857 100.1
1002 0.4299099172178174 100.2
1003 0.4303183130144834 100.3
1004 0.4307418823622465 100.4
1005 0.4311542535191042 100.5
1006 0.4315823877885435 100.6
1007 0.4320592413955885 100.7
1008 0.4324955292849904 100.8
1009 0.4329452710587771 100.9
1010 0.4334437306298851 101
1011 0.4339776537326695 101.1
1012 0.4345007681507935 101.2
1013 0.4350407862590069 101.3
1014 0.4355928906697539 101.4
1015 0.4361738401760354 101.5
1016 0.4367386233966551 101.6
1017 0.437322210411356 101.7
1018 0.4378672317426496 101.8
1019 0.4383622380658398 101.9
1020 0.438861101860508 102
1021 0.4394165670899645 102.1
1022 0.439997030529195 102.2
1023 0.4406265176039396 102.3
1024 0.4413601722519761 102.4
1025 0.442022890552016 102.5
1026 0.4427198417186677 102.6
1027 0.4433414119245812 102.7
1028 0.4440221616059409 102.8
1029 0.4446619962376225 102.9
1030 0.4452495828473854 103
1031 0.4458424798148463 103.1
1032 0.4464327746501988 103.2
1033 0.4469388915343052 103.3
1034 0.4473301240319045 103.4
1035 0.4477506075937357 103.5
1036 0.4482480520031897 103.6
1037 0.4487697169802057 103.7
1038 0.4492712747325124 103.8
1039 0.449757877173145 103.9
1040 0.4503081886955339 104
1041 0.4507774781259424 104.1
1042 0.4511529250001176 104.2
1043 0.4515466831379031 104.3
1044 0.4519428849982601 104.4
1045 0.4523410535814972 104.5
1046 0.4526895946965483 104.6
1047 0.4530999544297437 104.7
1048 0.4535200877556991 104.8
1049 0.4538302448451533 104.9
1050 0.4541522151094212 105
1051 0.4544787595929124 105.1
1052 0.4548063322702348 105.2
1053 0.455121730207746 105.3
1054 0.4554582937922511 105.4
1055 0.4557711782372575 105.5
1056 0.4560396009985754 105.6
1057 0.4563144136804302 105.7
1058 0.4566189166002461 105.8
1059 0.4569372451367814 105.9
1060 0.4572298142195561 106
1061 0.4574739890011424 106.1
1062 0.4577172222468813 106.2
1063 0.4579700039085303 106.3
1064 0.4582194658942294 106.4
1065 0.4584699593363155 106.5
1066 0.4587276469886556 106.6
1067 0.4589984921214204 106.7
1068 0.4592672515252538 106.8
1069 0.4595278853466255 106.9
1070 0.459784968791943 107
1071 0.4600419083320104 107.1
1072 0.4603043811418183 107.2
1073 0.4605803365163544 107.3
1074 0.4608618184497838 107.4
1075 0.4611501726124625 107.5
1076 0.4614378515030703 107.6
1077 0.4617638371756788 107.7
1078 0.4620918179864945 107.8
1079 0.4624086636205094 107.9
1080 0.4627626368810618 108
1081 0.463144755238499 108.1
1082 0.4635124553656757 108.2
1083 0.4637736183068353 108.3
1084 0.4640099487798998 108.4
1085 0.4642344524371236 108.5
1086 0.4644550304613005 108.6
1087 0.4646651742936148 108.7
1088 0.4648709258407608 108.8
1089 0.4650827243544632 108.9
1090 0.4653158454804135 109
1091 0.4655464487880853 109.1
1092 0.4657853649952257 109.2
1093 0.4660227789028377 109.3
1094 0.4662868579956255 109.4
1095 0.4665739607705351 109.5
1096 0.4668578291974187 109.6
1097 0.4670948742109895 109.7
1098 0.4673027942447393 109.8
1099 0.4675186003730162 109.9
1100 0.4677405880959544 110
1101 0.4679750761831092 110.1
1102 0.4682209956302261 110.2
1103 0.4684706487564764 110.3
1104 0.4687571783263899 110.4
1105 0.469039681242899 110.5
1106 0.4693177109859374 110.6
1107 0.469647279405337 110.7
1108 0.4699260783746614 110.8
1109 0.4702184604775568 110.9
1110 0.4704599464982834 111
1111 0.4706836478470956 111.1
1112 0.4709476582890676 111.2
1113 0.4712303754471039 111.3
1114 0.4714967729096367 111.4
1115 0.4717214369388755 111.5
1116 0.4719895681367908 111.6
1117 0.4722271237756866 111.7
1118 0.4724201502009117 111.8
1119 0.4726187380017514 111.9
1120 0.4728248237535557 112
1121 0.4730459704346224 112.1
1122 0.4732762629157362 112.2
1123 0.4735185187497048 112.3
1124 0.4737885749206603 112.4
1125 0.4740401168307584 112.5
1126 0.474286634638903 112.6
1127 0.4745136427901898 112.7
1128 0.4747312325245501 112.8
1129 0.4750144549108446 112.9
1130 0.4753032405173904 113
1131 0.4755734314790345 113.1
1132 0.4758156395738244 113.2
1133 0.4760883309221053 113.3
1134 0.4763485209841063 113.4
1135 0.4765859057274512 113.5
1136 0.4768621272798396 113.6
1137 0.4771416345453355 113.7
1138 0.4774493853458215 113.8
1139 0.4777132977885253 113.9
1140 0.4779524931631581 114
1141 0.4782058711028886 114.1
1142 0.4784528230056881 114.2
1143 0.4787154469955088 114.3
1144 0.4789709380877238 114.4
1145 0.4792207124616368 114.5
1146 0.4794676280862653 114.6
1147 0.4797304345240639 114.7
1148 0.4800127222077603 114.8
1149 0.4802875535917442 114.9
1150 0.4805205847424018 115
1151 0.4807495711513232 115.1
1152 0.4810011486389016 115.2
1153 0.4812779456080311 115.3
1154 0.4815345712955054 115.4
1155 0.4817820039415132 115.5
1156 0.4820066978883938 115.6
1157 0.4822098328302771 115.7
1158 0.4824534031857789 115.8
1159 0.4827104326684074 115.9
1160 0.4829588819410179 116
1161 0.4832157651181732 116.1
1162 0.483544680197754 116.2
1163 0.4838454861977139 116.3
1164 0.4841005844809526 116.4
1165 0.4843142281037774 116.5
1166 0.4845304283843277 116.6
1167 0.4847890730069555 116.7
1168 0.4850710752892426 116.8
1169 0.4853177116138216 116.9
1170 0.4855444852882221 117
1171 0.4857781922971095 117.1
1172 0.4860011224354286 117.2
1173 0.486227381763732 117.3
1174 0.4864863124474365 117.4
1175 0.4867939230289822 117.5
1176 0.4870738537837395 117.6
1177 0.48733812544878 117.7
1178 0.4876002537495786 117.8
1179 0.4878915090522731 117.9
1180 0.4881609245753151 118
1181 0.4884233085653027 118.1
1182 0.4886924997626863 118.2
1183 0.4889515910196012 118.3
1184 0.4892682064590691 118.4
1185 0.4895972210581325 118.5
1186 0.4899194170622256 118.6
1187 0.4902382921828146 118.7
1188 0.4905931457472438 118.8
1189 0.4909117121817566 118.9
1190 0.4911625263588987 119
1191 0.4914700973667911 119.1
1192 0.4918180215907794 119.2
1193 0.4920455182292514 119.3
1194 0.4922664731013274 119.4
1195 0.4924939276814169 119.5
1196 0.4927284312540468 119.6
1197 0.4929811924604905 119.7
1198 0.4933040463785691 119.8
1199 0.4936212201110964 119.9
1200 0.4938917683795928 120
1201 0.4941804605879926 120.1
1202 0.4944426749161685 120.2
1203 0.4946975470858208 120.3
1204 0.4949892944261444 120.4
1205 0.4952521028083455 120.5
1206 0.4955195797455209 120.6
1207 0.4958228538798483 120.7
1208 0.4961283215291166 120.8
1209 0.4963913260010858 120.9
1210 0.4966489175156228 121
1211 0.496920976191901 121.1
1212 0.4971923218130193 121.2
1213 0.4974497003872294 121.3
1214 0.497733445771033 121.4
1215 0.4980758695986832 121.5
1216 0.4983897750920486 121.6
1217 0.4986545114509417 121.7
1218 0.4989748765217819 121.8
1219 0.4993191825551431 121.9
1220 0.4996955222706179 122
1221 0.5000354081181414 122.1
1222 0.5002775349131539 122.2
1223 0.5005132286320816 122.3
1224 0.500811053205339 122.4
1225 0.501179680471899 122.5
1226 0.5014613629507115 122.6
1227 0.5016582986142691 122.7
1228 0.501888927505899 122.8
1229 0.5021678091560742 122.9
1230 0.5024634149712849 123
1231 0.5027036279286733 123.1
1232 0.5029703659583439 123.2
1233 0.5032199548091035 123.3
1234 0.5034694131312371 123.4
1235 0.5037356374919705 123.5
1236 0.5040499277967028 123.6
1237 0.5043519173837924 123.7
1238 0.5046561792560976 123.8
1239 0.5049700783601657 123.9
1240 0.5052893206370594 124
1241 0.5056133937297491 124.1
1242 0.5059797841240358 124.2
1243 0.5063982758734301 124.3
1244 0.5068040267929644 124.4
1245 0.5071411635480669 124.5
1246 0.5074685518264819 124.6
1247 0.5078040417346192 124.7
1248 0.5081522552819318 124.8
1249 0.5084713941648441 124.9
1250 0.5088020730590392 125
1251 0.5090740704792838 125.1
1252 0.5093387040309304 125.2
1253 0.5096390803297225 125.3
1254 0.5099471261405095 125.4
1255 0.5102342973526068 125.5
1256 0.510542228406091 125.6
1257 0.5108535477196611 125.7
1258 0.51118263281183 125.8
1259 0.5114728596746752 125.9
1260 0.5117484508658618 126
1261 0.5120224505086219 126.1
1262 0.512359559735353 126.2
1263 0.5126999272324888 126.3
1264 0.5129139986786611 126.4
1265 0.5131508948880269 126.5
1266 0.5134162657497032 126.6
1267 0.513681815886328 126.7
1268 0.5139901046595921 126.8
1269 0.5143515115552545 126.9
1270 0.5147512386523408 127
1271 0.5150627486540755 127.1
1272 0.5153446490317223 127.2
1273 0.5156088845666086 127.3
1274 0.5158544223922494 127.4
1275 0.5161137908475433 127.5
1276 0.5163808867116909 127.6
1277 0.5166931567679712 127.7
1278 0.5170393814066254 127.8
1279 0.5173865659726159 127.9
1280 0.5177702045176482 128
1281 0.5181594918323592 128.1
1282 0.5184999840408573 128.2
1283 0.5188727368006402 128.3
1284 0.5192462179114244 128.4
1285 0.519519172267633 128.5
1286 0.5198164610665275 128.6
1287 0.5201807952618331 128.7
1288 0.5205650518174015 128.8
1289 0.5209788093944797 128.9
1290 0.5213655922905546 129
1291 0.5216936785158314 129.1
1292 0.5220464946402191 129.2
1293 0.5224662909435793 129.3
1294 0.5228448220500085 129.4
1295 0.523178765224814 129.5
1296 0.5235168702986926 129.6
1297 0.5238454873612792 129.7
1298 0.5241521864296884 129.8
1299 0.5244793939467425 129.9
1300 0.524780172840307 130
1301 0.5250509820016694 130.1
1302 0.5253259004198697 130.2
1303 0.5256279415201037 130.3
1304 0.5259835616971626 130.4
1305 0.5262543126782979 130.5
1306 0.5264779126531989 130.6
1307 0.5267241036555974 130.7
1308 0.5269858550189173 130.8
1309 0.5272354680368371 130.9
1310 0.5274918878517793 131
1311 0.5277911608368224 131.1
1312 0.5281549857952242 131.2
1313 0.5285555773303221 131.3
1314 0.5289631899459721 131.4
1315 0.5293076387580848 131.5
1316 0.529541440250986 131.6
1317 0.5297869285259518 131.7
1318 0.5300513271242522 131.8
1319 0.5303367138803441 131.9
1320 0.5306895425497473 132
1321 0.5309947268833451 132.1
1322 0.5312795853892859 132.2
1323 0.5315410380813387 132.3
1324 0.5318305503931274 132.4
1325 0.5321978287453886 132.5
1326 0.5326239506211917 132.6
1327 0.5329122603582173 132.7
1328 0.533134973977582 132.8
1329 0.5333832245251504 132.9
1330 0.5336747126765391 133
1331 0.5340295632327718 133.1
1332 0.5344776600681962 133.2
1333 0.534909541894258 133.3
1334 0.5352828031733302 133.4
1335 0.5356973393404024 133.5
1336 0.5360684734594284 133.6
1337 0.536342552467036 133.7
1338 0.5366701677054623 133.8
1339 0.5370605879473583 133.9
1340 0.5374752170969705 134
1341 0.5378596127554105 134.1
1342 0.5383288641045313 134.2
1343 0.5388694027164496 134.3
1344 0.5394167304690159 134.4
1345 0.5399188900322458 134.5
1346 0.5402950708593616 134.6
1347 0.5406760916743579 134.7
1348 0.5411007627088436 134.8
1349 0.5415021119473775 134.9
1350 0.5419108248332334 135
1351 0.5422849941862987 135.1
1352 0.5426117209535429 135.2
1353 0.5429432575644904 135.3
1354 0.543275928964204 135.4
1355 0.543623176177133 135.5
1356 0.5439964777762262 135.6
1357 0.5443719428330193 135.7
1358 0.5447586143912919 135.8
1359 0.5451680648493817 135.9
1360 0.545594777670486 136
1361 0.5460537727720258 136.1
1362 0.5464800432547143 136.2
1363 0.5468363253416796 136.3
1364 0.5471337326714584 136.4
1365 0.5473917829230884 136.5
1366 0.5476530305552613 136.6
1367 0.5479202416857476 136.7
1368 0.5481761805928002 136.8
1369 0.5484332523864345 136.9
1370 0.5487010616694077 137
1371 0.5489808813752437 137.1
1372 0.5492846192843586 137.2
1373 0.5496169275414859 137.3
1374 0.5499928404069782 137.4
1375 0.5503258578325314 137.5
1376 0.5506441329835204 137.6
1377 0.5510393694518916 137.7
1378 0.5515114584167593 137.8
1379 0.5519608017705661 137.9
1380 0.5521950480761478 138
1381 0.552437850086228 138.1
1382 0.5527067049587244 138.2
1383 0.55301684123379 138.3
1384 0.5533446174007732 138.4
1385 0.5536859546398125 138.5
1386 0.5540469506879468 138.6
1387 0.554404781305587 138.7
1388 0.5547554385330505 138.8
1389 0.5551131344986904 138.9
1390 0.5554722070403488 139
1391 0.5558452196916631 139.1
1392 0.5562460995102243 139.2
1393 0.556673943987247 139.3
1394 0.5571760046301647 139.4
1395 0.5576392019975942 139.5
1396 0.5579925286365139 139.6
1397 0.5583946928142964 139.7
1398 0.5588295724056255 139.8
1399 0.5593088927530342 139.9
1400 0.5598553604288142 140
1401 0.5603314670298983 140.1
1402 0.5606270167667975 140.2
1403 0.5608939354151359 140.3
1404 0.5611766445921649 140.4
1405 0.5614882076548342 140.5
1406 0.5618311027413653 140.6
1407 0.5621576752436619 140.7
1408 0.5624191372133037 140.8
1409 0.5626810644593394 140.9
1410 0.5629429646711782 141
1411 0.5632092270627297 141.1
1412 0.563506004858372 141.2
1413 0.5638224504870304 141.3
1414 0.5641352677039541 141.4
1415 0.5644696863969266 141.5
1416 0.5648014362249389 141.6
1417 0.5651302472998929 141.7
1418 0.5654461356932212 141.8
1419 0.5657518407002833 141.9
1420 0.5660695991484671 142
1421 0.5663908091244871 142.1
1422 0.56672799888235 142.2
1423 0.5671011220845772 142.3
1424 0.5675004016020272 142.4
1425 0.5679215633428726 142.5
1426 0.5683728379335058 142.6
1427 0.5688020917863146 142.7
1428 0.5692540475204249 142.8
1429 0.5695970484032948 142.9
1430 0.569984827796181 143
1431 0.570302525246897 143.1
1432 0.5706640835617047 143.2
1433 0.5710256641946102 143.3
1434 0.5714354152356054 143.4
1435 0.5717941746199576 143.5
1436 0.572159014502008 143.6
1437 0.5725060369544049 143.7
1438 0.5728700652798082 143.8
1439 0.5732037607285357 143.9
1440 0.5735051940583923 144
1441 0.5737486118252523 144.1
1442 0.573991948777906 144.2
1443 0.5742604863592988 144.3
1444 0.5745369398669815 144.4
1445 0.5748747381251293 144.5
1446 0.5752210476659788 144.6
1447 0.5756032167572368 144.7
1448 0.5759983561037427 144.8
1449 0.5764455408452598 144.9
1450 0.5768799426522817 145
1451 0.5773472647224763 145.1
1452 0.5778339812717024 145.2
1453 0.5781179537565274 145.3
1454 0.5783600949658808 145.4
1455 0.5786336574427743 145.5
1456 0.5789225800438769 145.6
1457 0.5792349507774192 145.7
1458 0.5795372954711999 145.8
1459 0.5798288749990129 145.9
1460 0.5801328081401196 146
1461 0.5804235125921027 146.1
1462 0.5807212385280337 146.2
1463 0.5810442057668258 146.3
1464 0.5813755055029144 146.4
1465 0.5817262599969986 146.5
1466 0.5820795832332926 146.6
1467 0.5824197472213059 146.7
1468 0.5827672001535864 146.8
1469 0.5831395112347841 146.9
1470 0.5836138624111771 147
1471 0.5840953938940593 147.1
1472 0.5845339496854562 147.2
1473 0.5849715308232513 147.3
1474 0.5852272563926544 147.4
1475 0.5854741137393386 147.5
1476 0.5857412674899686 147.6
1477 0.5860592797347469 147.7
1478 0.5863741327313382 147.8
1479 0.5866702927479621 147.9
1480 0.5869626086286647 148
1481 0.5872791746919873 148.1
1482 0.5875851961489357 148.2
1483 0.587908380109564 148.3
1484 0.588239024944291 148.4
1485 0.5885458569659243 148.5
1486 0.5888760111776837 148.6
1487 0.5892286286683392 148.7
1488 0.5895785614775347 148.8
1489 0.5899286595279565 148.9
1490 0.5902940503707904 149
1491 0.590645467282481 149.1
1492 0.5910104048662418 149.2
1493 0.5913815825991842 149.3
1494 0.5917123830880219 149.4
1495 0.5920326083770551 149.5
1496 0.5923675381246695 149.6
1497 0.5927084159597581 149.7
1498 0.5930459738327204 149.8
1499 0.593364492609738 149.9
1500 0.5936932344856398 150
1501 0.5940360858310526 150.1
1502 0.5943666489044898 150.2
1503 0.5947032287832597 150.3
1504 0.5950482490227891 150.4
1505 0.5953967269828393 150.5
1506 0.5957190876584089 150.6
1507 0.5960257581860395 150.7
1508 0.5963446221521738 150.8
1509 0.596638074099762 150.9
1510 0.5969451505191093 151
1511 0.5972687868730349 151.1
1512 0.5976120458664288 151.2
1513 0.5979273057459906 151.3
1514 0.5982396417380995 151.4
1515 0.5985157103921737 151.5
1516 0.5988329011987259 151.6
1517 0.5991722321103959 151.7
1518 0.5994924253705431 151.8
1519 0.5998215013805118 151.9
1520 0.6001828079417272 152
1521 0.6005434534099261 152.1
1522 0.6009106291744931 152.2
1523 0.6012694585126532 152.3
1524 0.6016171298338183 152.4
1525 0.6019578588733075 152.5
1526 0.6023153820410434 152.6
1527 0.6026485873045183 152.7
1528 0.6030035250938929 152.8
1529 0.6033107372119288 152.9
1530 0.6036505693236836 153
1531 0.6040096920766259 153.1
1532 0.6043433647021755 153.2
1533 0.6046987243571392 153.3
1534 0.6050380111069874 153.4
1535 0.6053760883255435 153.5
1536 0.6057560454171549 153.6
1537 0.6061175198049125 153.7
1538 0.6064766451807357 153.8
1539 0.6068286997288077 153.9
1540 0.6071683143803719 154
1541 0.607504384450085 154.1
1542 0.6078539658722295 154.2
1543 0.6082239141651256 154.3
1544 0.6085570037331703 154.4
1545 0.6088745104188193 154.5
1546 0.6091852817732569 154.6
1547 0.6095147658288752 154.7
1548 0.6098359236521822 154.8
1549 0.6101667098998103 154.9
1550 0.6104813767215601 155
1551 0.6107782385704367 155.1
1552 0.6110666421784644 155.2
1553 0.6113813551927857 155.3
1554 0.6116605486749067 155.4
1555 0.6119760062459458 155.5
1556 0.6122848120668661 155.6
1557 0.6125788451433343 155.7
1558 0.6128910977259678 155.8
1559 0.6132228526703569 155.9
1560 0.613542938507344 156
1561 0.6139010742417553 156.1
1562 0.6142488278094009 156.2
1563 0.6145721874554307 156.3
1564 0.6149248415208082 156.4
1565 0.6152432908771792 156.5
1566 0.6155876270516799 156.6
1567 0.6159338001101707 156.7
1568 0.6162961996009193 156.8
1569 0.61663420615356 156.9
1570 0.6169654915027335 157
1571 0.6172940715677225 157.1
1572 0.6176321984420245 157.2
1573 0.6179974492177163 157.3
1574 0.6183716524100941 157.4
1575 0.6186981292114943 157.5
1576 0.6190010813103114 157.6
1577 0.6193146481252135 157.7
1578 0.6196380313420252 157.8
1579 0.6199466599478138 157.9
1580 0.6202864008266394 158
1581 0.6206222243168114 158.1
1582 0.6209530340190326 158.2
1583 0.6213052292968472 158.3
1584 0.6216318017077782 158.4
1585 0.6219857025101873 158.5
1586 0.6223415543789499 158.6
1587 0.6226896915951796 158.7
1588 0.6230387151055137 158.8
1589 0.6234216714883337 158.9
1590 0.6237945550324016 159
1591 0.6241378147386695 159.1
1592 0.6244777973304706 159.2
1593 0.6248242030907373 159.3
1594 0.6252158009180168 159.4
1595 0.6255968751737645 159.5
1596 0.6259641214923347 159.6
1597 0.6263004767811129 159.7
1598 0.6265826460493603 159.8
1599 0.6269137475198013 159.9
1600 0.6272115752135896 160
1601 0.6274964444664617 160.1
1602 0.6278029055344321 160.2
1603 0.6281259479406687 160.3
1604 0.6284479084392414 160.4
1605 0.6287722132615902 160.5
1606 0.6291178600989585 160.6
1607 0.6294478541206768 160.7
1608 0.6297601521389278 160.8
1609 0.6300755263027331 160.9
1610 0.6304039359875593 161
1611 0.6307366750124448 161.1
1612 0.6310363034725223 161.2
1613 0.6313613677004042 161.3
1614 0.6316827964173751 161.4
1615 0.6319775447805639 161.5
1616 0.6322820850420438 161.6
1617 0.6325768246037837 161.7
1618 0.6328894944965116 161.8
1619 0.6331887434330882 161.9
1620 0.6335116357432877 162
1621 0.6338131887254375 162.1
1622 0.634095764067981 162.2
1623 0.6343894930688949 162.3
1624 0.6346826650612527 162.4
1625 0.6349719700499727 162.5
1626 0.6352905841742484 162.6
1627 0.635616837895421 162.7
1628 0.63596050551283 162.8
1629 0.6362725951888463 162.9
1630 0.6365797336462712 163
1631 0.6369016046411907 163.1
1632 0.6372030883156515 163.2
1633 0.6375090633611572 163.3
1634 0.6378134502574816 163.4
1635 0.6381255849257889 163.5
1636 0.6384674696516995 163.6
1637 0.6388238172415294 163.7
1638 0.6391903469846778 163.8
1639 0.6395517692799907 163.9
1640 0.6399163514889249 164
1641 0.6402805351636499 164.1
1642 0.6406403037826867 164.2
1643 0.641005450609468 164.3
1644 0.6413548860567266 164.4
1645 0.6416862252729953 164.5
1646 0.6420086567193126 164.6
1647 0.6423557537700064 164.7
1648 0.6427060611875284 164.8
1649 0.6430449705111594 164.9
1650 0.643385926216086 165
1651 0.6437548579795743 165.1
1652 0.6441040202970169 165.2
1653 0.6444402879488381 165.3
1654 0.6447982676853343 165.4
1655 0.6451432218162728 165.5
1656 0.6454922937166374 165.6
1657 0.6458092044979015 165.7
1658 0.6461440582023152 165.8
1659 0.6464798552495138 165.9
1660 0.6468087567654657 166
1661 0.6471622562318501 166.1
1662 0.647496129197875 166.2
1663 0.6478572049626901 166.3
1664 0.6482009801100588 166.4
1665 0.6484984995101538 166.5
1666 0.6488136794105605 166.6
1667 0.6491293093033402 166.7
1668 0.6494285384824556 166.8
1669 0.6497027863012335 166.9
1670 0.6499534100389579 167
1671 0.6501956429259116 167.1
1672 0.6504637150668803 167.2
1673 0.6507777276271745 167.3
1674 0.6510442849346137 167.4
1675 0.6513144186066594 167.5
1676 0.651642495514364 167.6
1677 0.6519617895439545 167.7
1678 0.6522524693002674 167.8
1679 0.6525349831528067 167.9
1680 0.6528150744547159 168
1681 0.6531378908621024 168.1
1682 0.6534417972419218 168.2
1683 0.6537425209259827 168.3
1684 0.6540472162745667 168.4
1685 0.6543435329988864 168.5
1686 0.6546349627783767 168.6
1687 0.6549523646810657 168.7
1688 0.6552605196539506 168.8
1689 0.6555670361478454 168.9
1690 0.6559093091639893 169
1691 0.6562049997528249 169.1
1692 0.6564962137260708 169.2
1693 0.6567775176688825 169.3
1694 0.6570722821915363 169.4
1695 0.6573759302887915 169.5
1696 0.6576665973516876 169.6
1697 0.6580022428295184 169.7
1698 0.6583480276173312 169.8
1699 0.6586700392517946 169.9
1700 0.6590038230987395 170
1701 0.6593025884785166 170.1
1702 0.659592289107069 170.2
1703 0.6598865613809627 170.3
1704 0.6601783530033205 170.4
1705 0.6604743998590855 170.5
1706 0.6607894483329676 170.6
1707 0.6611440969249461 170.7
1708 0.6614634632415337 170.8
1709 0.6617598608841866 170.9
1710 0.6620534478911103 171
1711 0.6623677756929578 171.1
1712 0.6626950037726388 171.2
1713 0.6630481739374581 171.3
1714 0.6634142165790704 171.4
1715 0.6637252758238406 171.5
1716 0.6640314365353105 171.6
1717 0.6643412701494381 171.7
1718 0.6646676546921696 171.8
1719 0.6649890693872101 171.9
1720 0.6652939698920721 172
1721 0.6655732042062075 172.1
1722 0.6658358611984921 172.2
1723 0.666111977819814 172.3
1724 0.6664262460517145 172.4
1725 0.6667135570294495 172.5
1726 0.6670198439453878 172.6
1727 0.6673114640923837 172.7
1728 0.6675793976962231 172.8
1729 0.667875112852736 172.9
1730 0.6681880353535719 173
1731 0.6684714871868679 173.1
1732 0.6687630225860777 173.2
1733 0.6690960318040536 173.3
1734 0.6693881092110135 173.4
1735 0.6696810006497064 173.5
1736 0.6699646282937995 173.6
1737 0.6702476961537771 173.7
1738 0.6705551292312157 173.8
1739 0.6708480791395781 173.9
1740 0.6711320060921817 174
1741 0.6714297676985961 174.1
1742 0.6717576160387785 174.2
1743 0.6720765924829912 174.3
1744 0.6723309703604363 174.4
1745 0.6725484176124067 174.5
1746 0.6727819073200317 174.6
1747 0.6730432486267807 174.7
1748 0.6733055124324756 174.8
1749 0.673557891167384 174.9
1750 0.6738191962846707 175
1751 0.6740854896377537 175.1
1752 0.6743830806341923 175.2
1753 0.6746684617133896 175.3
1754 0.6749462494792493 175.4
1755 0.675218319745143 175.5
1756 0.6754820561414456 175.6
1757 0.6757474690831068 175.7
1758 0.6760299484644754 175.8
1759 0.6763200506471789 175.9
1760 0.6766154730464349 176
1761 0.6769027376571595 176.1
1762 0.6771926111137355 176.2
1763 0.6774950707242606 176.3
1764 0.6778000384994973 176.4
1765 0.6781142540851907 176.5
1766 0.6784026922213322 176.6
1767 0.6786761213580081 176.7
1768 0.6789719496332606 176.8
1769 0.6792694600687537 176.9
1770 0.6795733490767292 177
1771 0.6798809629230551 177.1
1772 0.6801676885527902 177.2
1773 0.6804584745146091 177.3
1774 0.6807550759526031 177.4
1775 0.6810461363081691 177.5
1776 0.681356300786373 177.6
1777 0.6816529299299785 177.7
1778 0.681952628887773 177.8
1779 0.6822508069264693 177.9
1780 0.6825409953260795 178
1781 0.6827935316825074 178.1
1782 0.6830594159521072 178.2
1783 0.6833512143739749 178.3
1784 0.6836416955363057 178.4
1785 0.6839395612712883 178.5
1786 0.6842591076776027 178.6
1787 0.6845743107852498 178.7
1788 0.6849583904069828 178.8
1789 0.6852920217142606 178.9
1790 0.6855699783121918 179
1791 0.6858502029828615 179.1
1792 0.6861539278059892 179.2
1793 0.6864835568911757 179.3
1794 0.6867997719383495 179.4
1795 0.6871144414149155 179.5
1796 0.6873985220047713 179.6
1797 0.687646788862505 179.7
1798 0.6879542341561937 179.8
1799 0.6882780883682388 179.9
1800 0.6885697418102495 180
1801 0.6888666409946734 180.1
1802 0.6891538488024779 180.2
1803 0.6894212729381213 180.3
1804 0.6897021140866729 180.4
1805 0.6899910459385934 180.5
1806 0.6902543331094476 180.6
1807 0.6905296665464544 180.7
1808 0.6907909926272022 180.8
1809 0.6910505480127639 180.9
1810 0.6913066524174066 181
1811 0.6915569629165921 181.1
1812 0.6918233270889628 181.2
1813 0.6920802623364363 181.3
1814 0.6923364530205237 181.4
1815 0.6925743574930249 181.5
1816 0.6928166903684564 181.6
1817 0.6931009442239092 181.7
1818 0.6933786694751358 181.8
1819 0.693655810908173 181.9
1820 0.6939298764148288 182
1821 0.6941964400009532 182.1
1822 0.6944747929520111 182.2
1823 0.6948136076963298 182.3
1824 0.6950772468213522 182.4
1825 0.6953109935323341 182.5
1826 0.6955739968713737 182.6
1827 0.6958260587612761 182.7
1828 0.6960723152551732 182.8
1829 0.6963343472754072 182.9
1830 0.6965912977492789 183
1831 0.6968614692289971 183.1
1832 0.6971314608999968 183.2
1833 0.6974056187958055 183.3
1834 0.6977333272326145 183.4
1835 0.6980576666851399 183.5
1836 0.6983593126870629 183.6
1837 0.6986541541310305 183.7
1838 0.6989530558355606 183.8
1839 0.6992705986623076 183.9
1840 0.699569059630869 184
1841 0.6998599232977367 184.1
1842 0.7001573161213724 184.2
1843 0.7004662874826832 184.3
1844 0.7008138745037488 184.4
1845 0.7011444242361697 184.5
1846 0.7014429078488588 184.6
1847 0.7017489590702249 184.7
1848 0.7020414830431299 184.8
1849 0.7023279955246836 184.9
1850 0.7026245297688147 185
1851 0.7029204079335026 185.1
1852 0.7032849378337322 185.2
1853 0.7035658147956375 185.3
1854 0.7038462468383326 185.4
1855 0.7041481318532424 185.5
1856 0.704436696144361 185.6
1857 0.7047289380455056 185.7
1858 0.704999634637934 185.8
1859 0.7052623682940483 185.9
1860 0.7055350134355918 186
1861 0.7058317765977477 186.1
1862 0.7061414914091608 186.2
1863 0.7064885741098017 186.3
1864 0.7068208727366865 186.4
1865 0.7071196749270666 186.5
1866 0.7074182578284814 186.6
1867 0.7077032102445419 186.7
1868 0.7080055537578056 186.8
1869 0.7083521425110856 186.9
1870 0.708684902281027 187
1871 0.7089964842048354 187.1
1872 0.7093313004400577 187.2
1873 0.7096502075071264 187.3
1874 0.7099364044261538 187.4
1875 0.7102167726371044 187.5
1876 0.7104930480195107 187.6
1877 0.7108272323819945 187.7
1878 0.7110566340660044 187.8
1879 0.7113195348878084 187.9
1880 0.7115703445321148 188
1881 0.7118402789598924 188.1
1882 0.7121334354242268 188.2
1883 0.7124564230811752 188.3
1884 0.712760466596341 188.4
1885 0.7130908355213642 188.5
1886 0.7134023163633604 188.6
1887 0.713672353037868 188.7
1888 0.7139709194314704 188.8
1889 0.7142387595165638 188.9
1890 0.7144992439855763 189
1891 0.7148012683685505 189.1
1892 0.7150459173414225 189.2
1893 0.7153024428634269 189.3
1894 0.7156093853251267 189.4
1895 0.7159044438863146 189.5
1896 0.7161840594336835 189.6
1897 0.7164570439465 189.7
1898 0.716726772475864 189.8
1899 0.7170364712481879 189.9
1900 0.7173915478925621 190
1901 0.7176085080941685 190.1
1902 0.7178395231258965 190.2
1903 0.7181089433060635 190.3
1904 0.7183830762046433 190.4
1905 0.7187138078283964 190.5
1906 0.7190579439978784 190.6
1907 0.7194135590581632 190.7
1908 0.7197664535622225 190.8
1909 0.7201119455728986 190.9
1910 0.72040968244779 191
1911 0.7207443006983245 191.1
1912 0.7210429906226938 191.2
1913 0.7213613373842531 191.3
1914 0.7216451217678458 191.4
1915 0.7219134637095683 191.5
1916 0.722194499418089 191.6
1917 0.7225124438976323 191.7
1918 0.7228180570349386 191.8
1919 0.7230679695293779 191.9
1920 0.7232974684884987 192
1921 0.7236262642306396 192.1
1922 0.7238306862403325 192.2
1923 0.7240135685666845 192.3
1924 0.7242354918893866 192.4
1925 0.7244700237912557 192.5
1926 0.7247383485496083 192.6
1927 0.7250363584687454 192.7
1928 0.7254048755612109 192.8
1929 0.7256909268915169 192.9
1930 0.7259636464164839 193
1931 0.7262576665364644 193.1
1932 0.7265403973583802 193.2
1933 0.7268138625632042 193.3
1934 0.7271181759183343 193.4
1935 0.7274597513566857 193.5
1936 0.7277623193201572 193.6
1937 0.72802291488437 193.7
1938 0.7282766902868439 193.8
1939 0.7285038421786892 193.9
1940 0.7287674265739732 194
1941 0.7290571193170815 194.1
1942 0.7293831574029948 194.2
1943 0.7296825428087448 194.3
1944 0.7299644626303015 194.4
1945 0.7302716280631939 194.5
1946 0.7305147803589147 194.6
1947 0.730748293425677 194.7
1948 0.7309977390539378 194.8
1949 0.731241912273941 194.9
1950 0.7315004098856898 195
1951 0.7317916586463961 195.1
1952 0.7320356934620228 195.2
1953 0.7322648770521383 195.3
1954 0.7324890360230676 195.4
1955 0.7327233593528972 195.5
1956 0.7330085391355227 195.6
1957 0.7333123339053496 195.7
1958 0.7336109796489683 195.8
1959 0.7338984450305985 195.9
1960 0.7341580855534278 196
1961 0.7344201478165757 196.1
1962 0.7347390861536601 196.2
1963 0.7350636895589222 196.3
1964 0.735366960899412 196.4
1965 0.7356142041407401 196.5
1966 0.7358309841815684 196.6
1967 0.7360842510099388 196.7
1968 0.7363424079163478 196.8
1969 0.7366190869939491 196.9
1970 0.7368730989542325 197
1971 0.7371553034747288 197.1
1972 0.7374379226804708 197.2
1973 0.7377370576502129 197.3
1974 0.7380430820179891 197.4
1975 0.7383398136127658 197.5
1976 0.7386342233019311 197.6
1977 0.7389135905007314 197.7
1978 0.7391665285891111 197.8
1979 0.7394293408788488 197.9
1980 0.7397140828444203 198
1981 0.7400039915915051 198.1
1982 0.7402895896792252 198.2
1983 0.740608832762031 198.3
1984 0.7409257085104228 198.4
1985 0.741240646393473 198.5
1986 0.7415721251125683 198.6
1987 0.7419088351565806 198.7
1988 0.7422303691575063 198.8
1989 0.7425407057437352 198.9
1990 0.7428287987710285 199
1991 0.7430998175444966 199.1
1992 0.7433771789844753 199.2
1993 0.743651148928843 199.3
1994 0.7439036605430049 199.4
1995 0.7441503682388221 199.5
1996 0.7444083930198235 199.6
1997 0.7446611596069844 199.7
1998 0.744923743967434 199.8
1999 0.7452532947450994 199.9
2000 0.7455660354405381 200
2001 0.7458491759065518 200.1
2002 0.7461258668857996 200.2
2003 0.7463757631592468 200.3
2004 0.7466219803427259 200.4
2005 0.746865560167991 200.5
2006 0.7471147623626421 200.6
2007 0.7474005930539774 200.7
2008 0.7476998228470488 200.8
2009 0.7480443708106176 200.9
2010 0.7484221404316932 201
2011 0.7487591549028053 201.1
2012 0.7490458306078487 201.2
2013 0.7492840118412613 201.3
2014 0.7495764976226025 201.4
2015 0.7498952582996311 201.5
2016 0.7502010120704043 201.6
2017 0.7505002275280331 201.7
2018 0.7507900406568336 201.8
2019 0.7510382964145498 201.9
2020 0.7512847221055121 202
2021 0.7515375199276029 202.1
2022 0.7517691293918138 202.2
2023 0.75198943452859 202.3
2024 0.7522072404735028 202.4
2025 0.7524438339269075 202.5
2026 0.7527134774647541 202.6
2027 0.7529800373495296 202.7
2028 0.7532337784814441 202.8
2029 0.7534793227753257 202.9
2030 0.753733829036719 203
2031 0.754048782964276 203.1
2032 0.7543816447108913 203.2
2033 0.7546742461023654 203.3
2034 0.7549202793411335 203.4
2035 0.7551405846019619 203.5
2036 0.7553635840268851 203.6
2037 0.7556238278688934 203.7
2038 0.7559043793533573 203.8
2039 0.7561987911796452 203.9
2040 0.7565057581464543 204
2041 0.7567828732334784 204.1
2042 0.7570374273027993 204.2
2043 0.7573207164060006 204.3
2044 0.7576579741970854 204.4
2045 0.7579637262263725 204.5
2046 0.7582498676429724 204.6
2047 0.7585064256592905 204.7
2048 0.7587857501915712 204.8
2049 0.7590357456956318 204.9
2050 0.7593109764996243 205
2051 0.7595899442085403 205.1
2052 0.7598825866885848 205.2
2053 0.760172665508738 205.3
2054 0.7604567651673089 205.4
2055 0.7607647045115573 205.5
2056 0.7610634387820835 205.6
2057 0.7613693333978186 205.7
2058 0.7616483964835997 205.8
2059 0.7619242088099323 205.9
2060 0.7621747492827237 206
2061 0.7623922900730161 206.1
2062 0.7626195588291138 206.2
2063 0.7628745024128702 206.3
2064 0.7631476533188276 206.4
2065 0.7634234660543254 206.5
2066 0.7636877668282317 206.6
2067 0.7639449806819333 206.7
2068 0.7641874814863685 206.8
2069 0.764472491503049 206.9
2070 0.7647644136063142 207
2071 0.7650354555709116 207.1
2072 0.7652631394659987 207.2
2073 0.7655144242657826 207.3
2074 0.7657885831311482 207.4
2075 0.7660215440194944 207.5
2076 0.766280256010862 207.6
2077 0.7665750533260991 207.7
2078 0.7668363415262767 207.8
2079 0.7670768035063892 207.9
2080 0.7673024515401673 208
2081 0.767531505015929 208.1
2082 0.7678027802027231 208.2
2083 0.7681024510205535 208.3
2084 0.7683919658086458 208.4
2085 0.7686231694344289 208.5
2086 0.7688872600963753 208.6
2087 0.7691791347418773 208.7
2088 0.7694698579317963 208.8
2089 0.7697309258074758 208.9
2090 0.7699620166569867 209
2091 0.7701855533736903 209.1
2092 0.770396432333586 209.2
2093 0.7706834628979378 209.3
2094 0.770961992362711 209.4
2095 0.7712129601561918 209.5
2096 0.7714943497994364 209.6
2097 0.7718109773881012 209.7
2098 0.7721261476475277 209.8
2099 0.7723920120260497 209.9
2100 0.7726242874732143 210
2101 0.7728734336660422 210.1
2102 0.773126285014422 210.2
2103 0.7733276546306516 210.3
2104 0.7735459210592303 210.4
2105 0.7738483665954266 210.5
2106 0.774099501317678 210.6
2107 0.7743090456811312 210.7
2108 0.7745744369420638 210.8
2109 0.7748336120169367 210.9
2110 0.775059213101629 211
2111 0.7753185163371777 211.1
2112 0.7756055598763972 211.2
2113 0.7758397147304298 211.3
2114 0.776084189342008 211.4
2115 0.7763180807952315 211.5
2116 0.7765535812019663 211.6
2117 0.7768014658094325 211.7
2118 0.7770370323927487 211.8
2119 0.7772902723723591 211.9
2120 0.7775501015675088 212
2121 0.7777966053785519 212.1
2122 0.7780910937158444 212.2
2123 0.7784247558787386 212.3
2124 0.7787344149266776 212.4
2125 0.7789943806898634 212.5
2126 0.7792093992377547 212.6
2127 0.7793896641301178 212.7
2128 0.779595544392452 212.8
2129 0.779835925305976 212.9
2130 0.7801268897952494 213
2131 0.7803388215758736 213.1
2132 0.7805157937541212 213.2
2133 0.7807013767345098 213.3
2134 0.7808872005818598 213.4
2135 0.7810960562961083 213.5
2136 0.781389879129665 213.6
2137 0.7817218066262924 213.7
2138 0.7819963532986255 213.8
2139 0.7822047047042757 213.9
2140 0.7824100724921389 214
2141 0.7826256064823336 214.1
2142 0.7829023857899043 214.2
2143 0.7832035762268735 214.3
2144 0.7834892479028364 214.4
2145 0.7838042665893046 214.5
2146 0.7841727209267451 214.6
2147 0.7844628340254811 214.7
2148 0.7847274077715474 214.8
2149 0.7849504625361127 214.9
2150 0.785180054731917 215
2151 0.7853892181242766 215.1
2152 0.78556847666346 215.2
2153 0.7858101374116491 215.3
2154 0.7860143019252088 215.4
2155 0.7861601946684722 215.5
2156 0.7863385115060576 215.6
2157 0.7865667334900381 215.7
2158 0.7868383082384894 215.8
2159 0.7871091260272453 215.9
2160 0.7873037606186268 216
2161 0.7875124538339716 216.1
2162 0.7877670473544383 216.2
2163 0.787998224230657 216.3
2164 0.788189176339423 216.4
2165 0.7884029976373365 216.5
2166 0.7886600531126841 216.6
2167 0.7889020536991492 216.7
2168 0.7890949991261695 216.8
2169 0.789258640571649 216.9
2170 0.7894874648010094 217
2171 0.7896874179088503 217.1
2172 0.7898572827797011 217.2
2173 0.7900130572258934 217.3
2174 0.7902125460618151 217.4
2175 0.7904140441838616 217.5
2176 0.7905860007677725 217.6
2177 0.7907787436051428 217.7
2178 0.790968555366797 217.8
2179 0.7911734742499186 217.9
2180 0.7913866004865671 218
2181 0.7915822561625835 218.1
2182 0.7917715777736809 218.2
2183 0.7919598371261658 218.3
2184 0.7921398939488414 218.4
2185 0.7924273731449013 218.5
2186 0.7925791076706259 218.6
2187 0.792780993088625 218.7
2188 0.7930156242510392 218.8
2189 0.7932186707315049 218.9
2190 0.7934331487257591 219
2191 0.7936646325452228 219.1
2192 0.7938974544813002 219.2
2193 0.7941401013832727 219.3
2194 0.7944160381737124 219.4
2195 0.7947283332825242 219.5
2196 0.7950384670210155 219.6
2197 0.7953083847103891 219.7
2198 0.7955623993110675 219.8
2199 0.7958661806117703 219.9
2200 0.7961964020601836 220
2201 0.7964894418354277 220.1
2202 0.7967064457106123 220.2
2203 0.7968580280329082 220.3
2204 0.7970788312606824 220.4
2205 0.7972100455325727 220.5
2206 0.7973872225190264 220.6
2207 0.7976077585514211 220.7
2208 0.7977859934277892 220.8
2209 0.7979690696646544 220.9
2210 0.7981614536983741 221
2211 0.7983876245366088 221.1
2212 0.7986128307339369 221.2
2213 0.7988492758277688 221.3
2214 0.7991224428602572 221.4
2215 0.7993962696077859 221.5
2216 0.7996135931803895 221.6
2217 0.7998169778863379 221.7
2218 0.8000722270865585 221.8
2219 0.8003734522026943 221.9
2220 0.8006394156670392 222
2221 0.8008493676114276 222.1
2222 0.8010499063406916 222.2
2223 0.8013162049412011 222.3
2224 0.8015084933661586 222.4
2225 0.8017031076800093 222.5
2226 0.8019133152905286 222.6
2227 0.8021421249313989 222.7
2228 0.8023781908944551 222.8
2229 0.8026214598239647 222.9
2230 0.8028807129125066 223
2231 0.80312531254883 223.1
2232 0.8033725161929938 223.2
2233 0.8036361518004994 223.3
2234 0.8038781432454417 223.4
2235 0.804102199521728 223.5
2236 0.8043070374956732 223.6
2237 0.8045091748141353 223.7
2238 0.8047464222615656 223.8
2239 0.8049910796178302 223.9
2240 0.8052007022880939 224
2241 0.8054269654328464 224.1
2242 0.8056893944243176 224.2
2243 0.8059721095818395 224.3
2244 0.8063047905424748 224.4
2245 0.8065979911371348 224.5
2246 0.8067530014625987 224.6
2247 0.8069172058542774 224.7
2248 0.807115116023929 224.8
2249 0.8073098151027784 224.9
2250 0.8075140796262394 225
2251 0.8077141654371989 225.1
2252 0.807910268190778 225.2
2253 0.8081372612084798 225.3
2254 0.8083661291199727 225.4
2255 0.8085930269143213 225.5
2256 0.8088189778961036 225.6
2257 0.8090506412395881 225.7
2258 0.809288439394935 225.8
2259 0.8095282964353735 225.9
2260 0.8097803185206635 226
2261 0.8100369396381047 226.1
2262 0.8103142013456638 226.2
2263 0.8106059481002521 226.3
2264 0.8109382219546293 226.4
2265 0.8111279695065849 226.5
2266 0.811260595156004 226.6
2267 0.8114184752033231 226.7
2268 0.8116286673469918 226.8
2269 0.8118735419367931 226.9
2270 0.8121212145957798 227
2271 0.812382252875008 227.1
2272 0.8126411232238075 227.2
2273 0.8128705706989732 227.3
2274 0.8130870051001599 227.4
2275 0.8132911123132636 227.5
2276 0.8135041416857725 227.6
2277 0.8137704842547959 227.7
2278 0.8140070781529383 227.8
2279 0.8142298620218068 227.9
2280 0.8145045562525618 228
2281 0.8147606875289635 228.1
2282 0.8150135605033458 228.2
2283 0.8152151500177323 228.3
2284 0.8154973853333521 228.4
2285 0.815632341677361 228.5
2286 0.8157912351659207 228.6
2287 0.8159760554658649 228.7
2288 0.8161897584461566 228.8
2289 0.8164227003490616 228.9
2290 0.8166935451476065 229
2291 0.8169297198840001 229.1
2292 0.8171598527313557 229.2
2293 0.8174474026286571 229.3
2294 0.8177441973756907 229.4
2295 0.8180150706999361 229.5
2296 0.8182694802810512 229.6
2297 0.8185319791898963 229.7
2298 0.8187782794743993 229.8
2299 0.8189975516267027 229.9
2300 0.8192337730937524 230
2301 0.8194874790251081 230.1
2302 0.8197381062925079 230.2
2303 0.8200102878799376 230.3
2304 0.8203536275192282 230.4
2305 0.8205266399971551 230.5
2306 0.8206592646168646 230.6
2307 0.8208436910595222 230.7
2308 0.821072574934804 230.8
2309 0.821311050299991 230.9
2310 0.8215356763409475 231
2311 0.8217437921027264 231.1
2312 0.8219809856724041 231.2
2313 0.8221592911488699 231.3
2314 0.8223176287910052 231.4
2315 0.8225087816148067 231.5
2316 0.8227218819659349 231.6
2317 0.8229293640547212 231.7
2318 0.8231537412896593 231.8
2319 0.8233932227942595 231.9
2320 0.8236105744410044 232
2321 0.8238201905470355 232.1
2322 0.8240404273170823 232.2
2323 0.8242804684610957 232.3
2324 0.8245290008829209 232.4
2325 0.8247707533565954 232.5
2326 0.8250110840891933 232.6
2327 0.8252700542132804 232.7
2328 0.8255095517069903 232.8
2329 0.8257583926638931 232.9
2330 0.8259810637273914 233
2331 0.8262007281810247 233.1
2332 0.8264019917236416 233.2
2333 0.8265797442091302 233.3
2334 0.8267851545740369 233.4
2335 0.8269863918940866 233.5
2336 0.8271912731178095 233.6
2337 0.8274490631921224 233.7
2338 0.8277001267130699 233.8
2339 0.8279385213419226 233.9
2340 0.8281706194938535 234
2341 0.8283431128057522 234.1
2342 0.8285166333670823 234.2
2343 0.8287310081335494 234.3
2344 0.8289338222414249 234.4
2345 0.8291403476387972 234.5
2346 0.8293740010678524 234.6
2347 0.8296181704568746 234.7
2348 0.8298534064510256 234.8
2349 0.830069053123197 234.9
2350 0.8302897602281789 235
2351 0.830495285995882 235.1
2352 0.8307032097900875 235.2
2353 0.8309096637798983 235.3
2354 0.8311159566936401 235.4
2355 0.8313780851370197 235.5
2356 0.8316262982545682 235.6
2357 0.8318317959494922 235.7
2358 0.8320536728753919 235.8
2359 0.8323244284348124 235.9
2360 0.8325844646240581 236
2361 0.83280102186495 236.1
2362 0.8329979333141047 236.2
2363 0.8331734454390595 236.3
2364 0.8333459301812696 236.4
2365 0.8335211534442543 236.5
2366 0.8337392801687433 236.6
2367 0.8339547580228259 236.7
2368 0.8341705888542907 236.8
2369 0.8344163718050173 236.9
2370 0.8346289758905612 237
2371 0.8348282864628583 237.1
2372 0.8350317332934732 237.2
2373 0.8352513729464506 237.3
2374 0.8355344650452614 237.4
2375 0.8356851207158443 237.5
2376 0.8358576206516265 237.6
2377 0.8360810174645763 237.7
2378 0.8363326587268501 237.8
2379 0.8365130765723411 237.9
2380 0.8367006507265888 238
2381 0.8369107664153974 238.1
2382 0.8371389480636325 238.2
2383 0.8373702946924584 238.3
2384 0.837545291285396 238.4
2385 0.8377327284839226 238.5
2386 0.8379332940100856 238.6
2387 0.8381856804722964 238.7
2388 0.8383939534803284 238.8
2389 0.8385697451476556 238.9
2390 0.8387388035150473 239
2391 0.8390052624626665 239.1
2392 0.8392002706270836 239.2
2393 0.8393825740192531 239.3
2394 0.8396305060127071 239.4
2395 0.8397923209363595 239.5
2396 0.8399479197183736 239.6
2397 0.840205441928615 239.7
2398 0.840421113741487 239.8
2399 0.8405422904975096 239.9
2400 0.8407456601496831 240
2401 0.8409410798249618 240.1
2402 0.8411239616110432 240.2
2403 0.8413246029468495 240.3
2404 0.8415715261952389 240.4
2405 0.8417598706367975 240.5
2406 0.8419351748675689 240.6
2407 0.842174600860096 240.7
2408 0.8423577306428663 240.8
2409 0.8425010155265619 240.9
2410 0.8426866101702616 241
2411 0.8428664720094011 241.1
2412 0.8430307983528587 241.2
2413 0.84318808265689 241.3
2414 0.8433460358338722 241.4
2415 0.8435578334642994 241.5
2416 0.843810399947124 241.6
2417 0.8440500931245573 241.7
2418 0.8441341016463932 241.8
2419 0.8442480011359044 241.9
2420 0.8444476408253075 242
2421 0.8446412943922722 242.1
2422 0.8448281782177851 242.2
2423 0.8450477774258278 242.3
2424 0.8452409716405399 242.4
2425 0.8454389086011932 242.5
2426 0.8456222723448954 242.6
2427 0.845784364134634 242.7
2428 0.8459297877374812 242.8
2429 0.8461180907802479 242.9
2430 0.8463465715552875 243
2431 0.8465672221123032 243.1
2432 0.8467415872883282 243.2
2433 0.8469094025469081 243.3
2434 0.8471070735958088 243.4
2435 0.8473146631226022 243.5
2436 0.8475450683613592 243.6
2437 0.8476992385089257 243.7
2438 0.8478464104659834 243.8
2439 0.8480039770971992 243.9
2440 0.8481957705312639 244
2441 0.8484287403015134 244.1
2442 0.8486774553296287 244.2
2443 0.8489135519737441 244.3
2444 0.8491301077539333 244.4
2445 0.8493374523696589 244.5
2446 0.8495329639640818 244.6
2447 0.8497281465245494 244.7
2448 0.8499094419414324 244.8
2449 0.8500752445545666 244.9
2450 0.8502377352621623 245
2451 0.8504075512004726 245.1
2452 0.850563053708539 245.2
2453 0.8507443306246544 245.3
2454 0.8509650799671266 245.4
2455 0.851196977404458 245.5
2456 0.8514101778725434 245.6
2457 0.8516453863331547 245.7
2458 0.8518736913165142 245.8
2459 0.8520577491648303 245.9
2460 0.8522154387759188 246
2461 0.8523848624714433 246.1
2462 0.8525787388082702 246.2
2463 0.8527780077246037 246.3
2464 0.8529538708766448 246.4
2465 0.8531339073539682 246.5
2466 0.8533141253986077 246.6
2467 0.8534970514508237 246.7
2468 0.8536990556690668 246.8
2469 0.8538880307136989 246.9
2470 0.8540614859915174 247
2471 0.8542205174173387 247.1
2472 0.8543848653038384 247.2
2473 0.8545580967699944 247.3
2474 0.8547331547793153 247.4
2475 0.8549011835807933 247.5
2476 0.8550869048343508 247.6
2477 0.8552651522758093 247.7
2478 0.8554374827736216 247.8
2479 0.8555838981251962 247.9
2480 0.8557264443088958 248
2481 0.8558962926630587 248.1
2482 0.8560715245111531 248.2
2483 0.8562353531929524 248.3
2484 0.8564013104879731 248.4
2485 0.8565470180859984 248.5
2486 0.8566929625178593 248.6
2487 0.8568468445770464 248.7
2488 0.8570121355228129 248.8
2489 0.8572150994748761 248.9
2490 0.8574315000433113 249
2491 0.8576191533485172 249.1
2492 0.8577789881280112 249.2
2493 0.8579519936329305 249.3
2494 0.8581087858912794 249.4
2495 0.8582443927606753 249.5
2496 0.8584003787838087 249.6
2497 0.8585569072528342 249.7
2498 0.8587151241060742 249.8
2499 0.8588683823247767 249.9
2500 0.8590448539035518 250
2501 0.8592107032653055 250.1
2502 0.8593483091930774 250.2
2503 0.8595083989041217 250.3
2504 0.8597041454864404 250.4
2505 0.8598927729803373 250.5
2506 0.8600589437799987 250.6
2507 0.8602373843467673 250.7
2508 0.8603916524953279 250.8
2509 0.860549780005455 250.9
2510 0.8607150946088672 251
2511 0.8608949725634791 251.1
2512 0.8610511196327357 251.2
2513 0.8612010596650226 251.3
2514 0.861351651382017 251.4
2515 0.8615099197176767 251.5
2516 0.8616674530246223 251.6
2517 0.8618523204352574 251.7
2518 0.8620106292203213 251.8
2519 0.8621554042947314 251.9
2520 0.8623254541800179 252
2521 0.8625377754182739 252.1
2522 0.8627340375831043 252.2
2523 0.8629145415114148 252.3
2524 0.8630815254626623 252.4
2525 0.8632285687935629 252.5
2526 0.8633507691052967 252.6
2527 0.8634857785805594 252.7
2528 0.8636218031891366 252.8
2529 0.863764785747781 252.9
2530 0.8639352916650205 253
2531 0.8641273685357101 253.1
2532 0.864308124532486 253.2
2533 0.8644645237504851 253.3
2534 0.8646616732710389 253.4
2535 0.8648539708706671 253.5
2536 0.8650293209884308 253.6
2537 0.8652046300844173 253.7
2538 0.8654010439554822 253.8
2539 0.8655905522787298 253.9
2540 0.865739569039902 254
2541 0.8658990754365368 254.1
2542 0.8660989207604313 254.2
2543 0.8662875763168268 254.3
2544 0.8664766354145741 254.4
2545 0.866656013913506 254.5
2546 0.8668314640957446 254.6
2547 0.8670293933044501 254.7
2548 0.8672210184112468 254.8
2549 0.8674282698664511 254.9
2550 0.8676571372443423 255
2551 0.8678681839594002 255.1
2552 0.8680696572622275 255.2
2553 0.868245564468218 255.3
2554 0.8684188933325895 255.4
2555 0.8685824768817025 255.5
2556 0.8687342812928353 255.6
2557 0.8688773342588637 255.7
2558 0.8690178855127141 255.8
2559 0.869185940105841 255.9
2560 0.869395986124792 256
2561 0.8696139368740501 256.1
2562 0.8697839131535088 256.2
2563 0.869951305194562 256.3
2564 0.8700680508774787 256.4
2565 0.8701846579041969 256.5
2566 0.8703211559842015 256.6
2567 0.8704954967351471 256.7
2568 0.8706536554654742 256.8
2569 0.8707838188995378 256.9
2570 0.8709336885654596 257
2571 0.8711116557091333 257.1
2572 0.8712780651361894 257.2
2573 0.8714307814086175 257.3
2574 0.8715802056967097 257.4
2575 0.8716827931139679 257.5
2576 0.871775382501037 257.6
2577 0.8718857527529985 257.7
2578 0.8720226621875058 257.8
2579 0.8721739749710207 257.9
2580 0.8723212473549679 258
2581 0.8724491297147482 258.1
2582 0.8725963516093508 258.2
2583 0.872766305326927 258.3
2584 0.8728835626662729 258.4
2585 0.8729882031802363 258.5
2586 0.8730760795556664 258.6
2587 0.8731833680399764 258.7
2588 0.8733172975150179 258.8
2589 0.8734199787370566 258.9
2590 0.8735085574349273 259
2591 0.8736294013130951 259.1
2592 0.8738041712711102 259.2
2593 0.8739457799436531 259.3
2594 0.8740463806656149 259.4
2595 0.8741304133815329 259.5
2596 0.874219718071039 259.6
2597 0.8743537540997116 259.7
2598 0.8744949001776159 259.8
2599 0.8746036850426256 259.9
2600 0.8747053751949169 260
2601 0.8748344516156411 260.1
2602 0.8749933972329009 260.2
2603 0.8751088207404 260.3
2604 0.875207417884814 260.4
2605 0.875318954860356 260.5
2606 0.8754414572839869 260.6
2607 0.8755720690162009 260.7
2608 0.8757228544698884 260.8
2609 0.8759158061724881 260.9
2610 0.876110073126194 261
2611 0.8762615009883699 261.1
2612 0.8764228480941721 261.2
2613 0.8765976523742628 261.3
2614 0.8767149360450324 261.4
2615 0.8768247781619539 261.5
2616 0.8769408973657326 261.6
2617 0.8770727292731095 261.7
2618 0.8772097394469951 261.8
2619 0.8773605134959066 261.9
2620 0.8775216996051328 262
2621 0.8776953885756802 262.1
2622 0.8778820079024665 262.2
2623 0.8780492055197601 262.3
2624 0.8782060696668709 262.4
2625 0.8783785205709531 262.5
2626 0.8785290371150608 262.6
2627 0.8786626521060907 262.7
2628 0.8788126708424185 262.8
2629 0.8789604493395573 262.9
2630 0.8790926174005952 263
2631 0.8792281444036194 263.1
2632 0.879380532063497 263.2
2633 0.8795406755982378 263.3
2634 0.8796885900544972 263.4
2635 0.8798427402238046 263.5
2636 0.8799706471388137 263.6
2637 0.8800579394374399 263.7
2638 0.8801549379610636 263.8
2639 0.8802284762259985 263.9
2640 0.8802996456629383 264
2641 0.8803818004315469 264.1
2642 0.8804763645896654 264.2
2643 0.8805877859529339 264.3
2644 0.8807254948332679 264.4
2645 0.8808629454778263 264.5
2646 0.8809718392270409 264.6
2647 0.881089068353976 264.7
2648 0.8812153322272596 264.8
2649 0.8813764687940032 264.9
2650 0.8815724222509733 265
2651 0.8817652014903734 265.1
2652 0.8819547542906467 265.2
2653 0.8821311279718262 265.3
2654 0.8823268583512799 265.4
2655 0.882513500803889 265.5
2656 0.8826772116152712 265.6
2657 0.8828364643123432 265.7
2658 0.8829974105965568 265.8
2659 0.8831690251040182 265.9
2660 0.8833287401768042 266
2661 0.8834503416751791 266.1
2662 0.8835775286080286 266.2
2663 0.8837195981785746 266.3
2664 0.8838796381384451 266.4
2665 0.8840480530153784 266.5
2666 0.884204654437043 266.6
2667 0.8843784618535981 266.7
2668 0.8845192038547729 266.8
2669 0.88464213187095 266.9
2670 0.8847603884627587 267
2671 0.8848798909972075 267.1
2672 0.8850233854367833 267.2
2673 0.8852161653337263 267.3
2674 0.8854043446013516 267.4
2675 0.8855768841142163 267.5
2676 0.8857068315682084 267.6
2677 0.8858306481909723 267.7
2678 0.8860001818555537 267.8
2679 0.8862119952277652 267.9
2680 0.8864170029109639 268
2681 0.8866212380403129 268.1
2682 0.8868145205887058 268.2
2683 0.8869851560688309 268.3
2684 0.887145319240681 268.4
2685 0.8872914965628924 268.5
2686 0.8874121378307774 268.6
2687 0.8875503552119427 268.7
2688 0.8876961144980944 268.8
2689 0.8878651974782463 268.9
2690 0.8880512475563366 269
2691 0.8882572880254038 269.1
2692 0.8884169614546166 269.2
2693 0.8885579814338743 269.3
2694 0.8887027377423891 269.4
2695 0.8888621232617927 269.5
2696 0.8890149643062807 269.6
2697 0.8891787224685728 269.7
2698 0.8893272218131731 269.8
2699 0.889464822873087 269.9
2700 0.8896023043225897 270
2701 0.8897504362681925 270.1
2702 0.8898730363795385 270.2
2703 0.890007158697636 270.3
2704 0.8901550993574694 270.4
2705 0.8903183737136782 270.5
2706 0.8904838145197344 270.6
2707 0.8906455073425474 270.7
2708 0.8908206600500065 270.8
2709 0.8909986561415761 270.9
2710 0.8911963430310864 271
2711 0.8913912201791979 271.1
2712 0.8915609444708775 271.2
2713 0.8917109071146586 271.3
2714 0.8918103461642228 271.4
2715 0.8919313994707558 271.5
2716 0.8920783384845669 271.6
2717 0.892238448100384 271.7
2718 0.892381281278777 271.8
2719 0.8924815170611613 271.9
2720 0.8925806257650019 272
2721 0.8926968148491347 272.1
2722 0.8928473960559012 272.2
2723 0.8930262342181047 272.3
2724 0.8931722747784292 272.4
2725 0.8933339749331611 272.5
2726 0.8935111873809112 272.6
2727 0.8936989584225993 272.7
2728 0.8938470570504403 272.8
2729 0.8939850800959301 272.9
2730 0.8941424333780741 273
2731 0.8942838683023626 273.1
2732 0.8944086523419376 273.2
2733 0.8945343777945756 273.3
2734 0.8947005011721153 273.4
2735 0.8948780310771931 273.5
2736 0.8950168586476918 273.6
2737 0.8951554181644745 273.7
2738 0.8953249150898532 273.8
2739 0.8954888582507967 273.9
2740 0.8956110853101615 274
2741 0.8957664392766851 274.1
2742 0.8959611472600861 274.2
2743 0.8961941416153343 274.3
2744 0.8963712705176666 274.4
2745 0.8965072314260184 274.5
2746 0.8966206955431332 274.6
2747 0.8967401524092395 274.7
2748 0.8968924544111723 274.8
2749 0.8970498226736732 274.9
2750 0.8972291403585523 275
2751 0.8974370183186705 275.1
2752 0.8975995431392318 275.2
2753 0.8977451697051164 275.3
2754 0.8978853385423189 275.4
2755 0.898029530542001 275.5
2756 0.8981614087368938 275.6
2757 0.8982816664578674 275.7
2758 0.8984232081446306 275.8
2759 0.8985792268083239 275.9
2760 0.898769199000176 276
2761 0.8989689178699946 276.1
2762 0.8991123817390521 276.2
2763 0.8992358300610852 276.3
2764 0.8993392623706057 276.4
2765 0.8994415604258559 276.5
2766 0.899550917341174 276.6
2767 0.8997124249353183 276.7
2768 0.899887106822818 276.8
2769 0.9000637116742468 276.9
2770 0.9002116603294742 277
2771 0.9003375856954422 277.1
2772 0.9004810682469632 277.2
2773 0.9006642715874953 277.3
2774 0.9008416887434905 277.4
2775 0.9010104256884888 277.5
2776 0.9011599683996595 277.6
2777 0.9013252498688004 277.7
2778 0.9014922587900688 277.8
2779 0.9016377591267432 277.9
2780 0.9017523613929629 278
2781 0.9018619951489063 278.1
2782 0.9019801848561226 278.2
2783 0.9021412976662236 278.3
2784 0.9023091704228521 278.4
2785 0.9024651836761224 278.5
2786 0.902616578849553 278.6
2787 0.9027720646537271 278.7
2788 0.902903303019497 278.8
2789 0.9030163088643864 278.9
2790 0.9031334162157235 279
2791 0.9032777143118652 279.1
2792 0.9034599787341135 279.2
2793 0.9036383506511351 279.3
2794 0.9038545106943084 279.4
2795 0.9040642062394748 279.5
2796 0.9042284439988618 279.6
2797 0.9043740673655105 279.7
2798 0.9044960783516318 279.8
2799 0.9045996850881191 279.9
2800 0.9047164023866806 280
2801 0.9048562210731752 280.1
2802 0.905004945059748 280.2
2803 0.9051243312817078 280.3
2804 0.9052597343765688 280.4
2805 0.9054175624206937 280.5
2806 0.9055848503728073 280.6
2807 0.9057381626970422 280.7
2808 0.905851777350248 280.8
2809 0.905981615869863 280.9
2810 0.9061283512795936 281
2811 0.9062910738874861 281.1
2812 0.9064269989059973 281.2
2813 0.906570756301479 281.3
2814 0.9067469506011963 281.4
2815 0.9069357947089582 281.5
2816 0.9070950959491099 281.6
2817 0.9072457447215425 281.7
2818 0.9073941411148918 281.8
2819 0.9075379801551308 281.9
2820 0.9076814739285032 282
2821 0.9078240506657157 282.1
2822 0.9079548868243253 282.2
2823 0.9080638255939787 282.3
2824 0.9081895981216602 282.4
2825 0.908358467826103 282.5
2826 0.908590517506757 282.6
2827 0.9087748537818445 282.7
2828 0.9089350910481052 282.8
2829 0.9091033620601371 282.9
2830 0.9092739402789518 283
2831 0.9094200574411145 283.1
2832 0.9095704424740958 283.2
2833 0.9097414320305252 283.3
2834 0.9098973396051804 283.4
2835 0.9100386390959528 283.5
2836 0.9101613455233757 283.6
2837 0.9102906058026207 283.7
2838 0.9104198686280774 283.8
2839 0.9105641315518861 283.9
2840 0.9107227594502697 284
2841 0.9108842088633411 284.1
2842 0.9110341545239689 284.2
2843 0.9111684997926588 284.3
2844 0.9113128485209039 284.4
2845 0.9114733594474294 284.5
2846 0.9116321683465368 284.6
2847 0.9117608326648871 284.7
2848 0.9119126942207878 284.8
2849 0.9120754229882971 284.9
2850 0.912231952809571 285
2851 0.9123627052715056 285.1
2852 0.912499213089179 285.2
2853 0.9126591096149211 285.3
2854 0.9128296053412394 285.4
2855 0.9129777074397999 285.5
2856 0.9131216716725385 285.6
2857 0.9132688041214609 285.7
2858 0.9134181799640647 285.8
2859 0.9135548980008786 285.9
2860 0.9136944532474848 286
2861 0.9138346361255706 286.1
2862 0.913985519876206 286.2
2863 0.9141437937365616 286.3
2864 0.9142795493525298 286.4
2865 0.9144178509295161 286.5
2866 0.914573376599418 286.6
2867 0.9147451838862538 286.7
2868 0.9149116611331827 286.8
2869 0.9150940695270359 286.9
2870 0.9152779357046654 287
2871 0.9154572986642183 287.1
2872 0.9156202185159985 287.2
2873 0.9157761798416768 287.3
2874 0.9159173259341046 287.4
2875 0.9160338345775406 287.5
2876 0.9161288896706593 287.6
2877 0.9162356876998109 287.7
2878 0.9163695259490721 287.8
2879 0.9165419969842098 287.9
2880 0.9167217502519206 288
2881 0.9168845426624844 288.1
2882 0.9170225300995731 288.2
2883 0.9171684262145439 288.3
2884 0.9173277811780978 288.4
2885 0.9174846974472322 288.5
2886 0.917624238442682 288.6
2887 0.9177461350195193 288.7
2888 0.9178807583304976 288.8
2889 0.9180282714319019 288.9
2890 0.918166883332781 289
2891 0.9182948853113713 289.1
2892 0.9184533219472009 289.2
2893 0.9186183061694969 289.3
2894 0.918768733127406 289.4
2895 0.9189275931058591 289.5
2896 0.9191001311445748 289.6
2897 0.9192550125430383 289.7
2898 0.9193773013503032 289.8
2899 0.9195004146250769 289.9
2900 0.919603930965547 290
2901 0.9197112220275918 290.1
2902 0.9198190943339627 290.2
2903 0.9199357590734644 290.3
2904 0.9200663092868513 290.4
2905 0.9202072144814399 290.5
2906 0.9203479533696827 290.6
2907 0.9205019581171567 290.7
2908 0.9206726062884226 290.8
2909 0.9208342268869451 290.9
2910 0.9209846193084477 291
2911 0.9211548787125813 291.1
2912 0.9213386929270406 291.2
2913 0.9215064669208081 291.3
2914 0.9216528951291627 291.4
2915 0.9217976262880105 291.5
2916 0.921937945795534 291.6
2917 0.9220470242019366 291.7
2918 0.9221550931787593 291.8
2919 0.9222752768050146 291.9
2920 0.9223904399785181 292
2921 0.9225180002113063 292.1
2922 0.9226777002153956 292.2
2923 0.9228547362249094 292.3
2924 0.923016337086206 292.4
2925 0.923160215708291 292.5
2926 0.9233016757120376 292.6
2927 0.9234589305272562 292.7
2928 0.9236117520193069 292.8
2929 0.9237402632854922 292.9
2930 0.9238660932861644 293
2931 0.9240091808508316 293.1
2932 0.9241564541551951 293.2
2933 0.9242963855904847 293.3
2934 0.9244546441385627 293.4
2935 0.9246070162869534 293.5
2936 0.9247525986500039 293.6
2937 0.9248887799446021 293.7
2938 0.9250438647777672 293.8
2939 0.9252342260508398 293.9
2940 0.9254356380849458 294
2941 0.9256235024174372 294.1
2942 0.9258024498408097 294.2
2943 0.9259596611909504 294.3
2944 0.9260830589406551 294.4
2945 0.9262056560014112 294.5
2946 0.9263209283684333 294.6
2947 0.9264312194490978 294.7
2948 0.9265396028551187 294.8
2949 0.926656970289559 294.9
2950 0.926777987994332 295
2951 0.9269114759783805 295.1
2952 0.9270788415255414 295.2
2953 0.927243996493807 295.3
2954 0.9274031374502998 295.4
2955 0.927576145047421 295.5
2956 0.9277798365150439 295.6
2957 0.9279778487383246 295.7
2958 0.9281525105022286 295.8
2959 0.9283133937985917 295.9
2960 0.9284545999232706 296
2961 0.9285977266177922 296.1
2962 0.9287362091504551 296.2
2963 0.9288557362295017 296.3
2964 0.9289672852594186 296.4
2965 0.9291102259788582 296.5
2966 0.9292738640231883 296.6
2967 0.9294389683823019 296.7
2968 0.9296225359289749 296.8
2969 0.9298162910339819 296.9
2970 0.9300100180423333 297
2971 0.9301697741078454 297.1
2972 0.930302546913083 297.2
2973 0.9304265015925244 297.3
2974 0.9305548315010371 297.4
2975 0.9306902889231659 297.5
2976 0.9308218188289608 297.6
2977 0.9309324363502308 297.7
2978 0.931048093975115 297.8
2979 0.931206474842515 297.9
2980 0.9313680408810223 298
2981 0.9315204515439748 298.1
2982 0.9316544554948546 298.2
2983 0.9318134859771221 298.3
2984 0.9320185104910313 298.4
2985 0.9322386641238356 298.5
2986 0.9324328827652534 298.6
2987 0.9326143283481279 298.7
2988 0.9328001588322115 298.8
2989 0.9329699005889802 298.9
2990 0.9331128107965225 299
2991 0.9332487654758641 299.1
2992 0.9334028354251649 299.2
2993 0.9335439512983583 299.3
2994 0.9336954271679201 299.4
2995 0.9338540087209887 299.5
2996 0.9340093407700527 299.6
2997 0.9341775854808992 299.7
2998 0.9343336108451143 299.8
2999 0.9344839265092698 299.9
3000 0.9346353734796287 300
3001 0.9347914662993226 300.1
3002 0.9349559807615252 300.2
3003 0.9351076451980049 300.3
3004 0.9352409274742689 300.4
3005 0.9353954622169994 300.5
3006 0.9355784627959338 300.6
3007 0.9357439117391826 300.7
3008 0.93587601867334 300.8
3009 0.9360121177448912 300.9
3010 0.9361712891422734 301
3011 0.9363409208281097 301.1
3012 0.9365099581900264 301.2
3013 0.9366935395942925 301.3
3014 0.9368970823879914 301.4
3015 0.9370844000121366 301.5
3016 0.9372531391452876 301.6
3017 0.9374168049113717 301.7
3018 0.9375696645776972 301.8
3019 0.9377272956447841 301.9
3020 0.9379001548764034 302
3021 0.9380609518784293 302.1
3022 0.9381900810671783 302.2
3023 0.9383084499798943 302.3
3024 0.9384223283041315 302.4
3025 0.9385515230378769 302.5
3026 0.9386953758146729 302.6
3027 0.9388472804766732 302.7
3028 0.9389969433097537 302.8
3029 0.9391328441605163 302.9
3030 0.9392580115525248 303
3031 0.9394077160713301 303.1
3032 0.9395798659948391 303.2
3033 0.9397579620519527 303.3
3034 0.939920709596211 303.4
3035 0.9400771572275793 303.5
3036 0.9402310269568661 303.6
3037 0.9403718881172555 303.7
3038 0.9405026751121652 303.8
3039 0.9406479986531832 303.9
3040 0.9407936780523819 304
3041 0.9409327737072603 304.1
3042 0.9410789743014484 304.2
3043 0.9412403300074942 304.3
3044 0.9414049318397035 304.4
3045 0.9415670179203822 304.5
3046 0.9417313366059276 304.6
3047 0.9418947075322146 304.7
3048 0.9420555535444978 304.8
3049 0.9422322360887546 304.9
3050 0.9424076610479475 305
3051 0.9425727733065595 305.1
3052 0.9427130517942136 305.2
3053 0.9428543772353773 305.3
3054 0.9430056653658971 305.4
3055 0.9431537016144103 305.5
3056 0.9432934631178037 305.6
3057 0.9434093702443613 305.7
3058 0.9435104381659909 305.8
3059 0.9436326612273811 305.9
3060 0.9437730739683136 306
3061 0.9439298592872464 306.1
3062 0.9440917751126987 306.2
3063 0.9442672324373161 306.3
3064 0.9444414216396961 306.4
3065 0.9446092290919476 306.5
3066 0.9447807481315209 306.6
3067 0.9449620597074537 306.7
3068 0.9451465075189285 306.8
3069 0.9453120283972628 306.9
3070 0.9454721301609623 307
3071 0.945626230177441 307.1
3072 0.9457687063225763 307.2
3073 0.945913684595446 307.3
3074 0.9460335447291989 307.4
3075 0.9461331207357213 307.5
3076 0.9462345088800894 307.6
3077 0.9463334301577017 307.7
3078 0.9464333733918157 307.8
3079 0.9465396636235071 307.9
3080 0.9466454248806875 308
3081 0.9467768284833875 308.1
3082 0.9469388090150188 308.2
3083 0.9471198123301482 308.3
3084 0.9473017501247146 308.4
3085 0.9474743337986999 308.5
3086 0.9476576087328061 308.6
3087 0.9478320969029687 308.7
3088 0.9479969363936286 308.8
3089 0.9481424887285415 308.9
3090 0.9482950839480265 309
3091 0.948447790674752 309.1
3092 0.9486037360643692 309.2
3093 0.9487516596290836 309.3
3094 0.9488978548502006 309.4
3095 0.9490329404292115 309.5
3096 0.9491555170125808 309.6
3097 0.9492836683999147 309.7
3098 0.9494129594490811 309.8
3099 0.9495481169725056 309.9
3100 0.9496951214805586 310
3101 0.9498312473028008 310.1
3102 0.9499555234179832 310.2
3103 0.9500952315950553 310.3
3104 0.9502552199349005 310.4
3105 0.9504293347978252 310.5
3106 0.9506066728116952 310.6
3107 0.9507621806393255 310.7
3108 0.9509006312630799 310.8
3109 0.9510491032338864 310.9
3110 0.9512031917794327 311
3111 0.9513580233519259 311.1
3112 0.9515114937582235 311.2
3113 0.9516693047192338 311.3
3114 0.9518269642133372 311.4
3115 0.9519719067453252 311.5
3116 0.9520935537189962 311.6
3117 0.9522236503447971 311.7
3118 0.9523545920630628 311.8
3119 0.9524897483410569 311.9
3120 0.9526327679491522 312
3121 0.9527902360749639 312.1
3122 0.9529469641179221 312.2
3123 0.9531025225979319 312.3
3124 0.9532623845912067 312.4
3125 0.9534199448076097 312.5
3126 0.9535903168530828 312.6
3127 0.9537415269449528 312.7
3128 0.9538568484915911 312.8
3129 0.953964395166236 312.9
3130 0.9540672412044954 313
3131 0.9541875590899118 313.1
3132 0.9543258034713109 313.2
3133 0.9544782258357978 313.3
3134 0.9546298894795029 313.4
3135 0.9547661043602939 313.5
3136 0.9549033424550369 313.6
3137 0.9550365321417934 313.7
3138 0.9551635965458967 313.8
3139 0.9552730659792297 313.9
3140 0.9553908198058282 314
3141 0.9555264909636517 314.1
3142 0.9556710448812811 314.2
3143 0.9558148148322277 314.3
3144 0.9559635842912316 314.4
3145 0.956112373596804 314.5
3146 0.9562545273666587 314.6
3147 0.9563938195543122 314.7
3148 0.9565431153722356 314.8
3149 0.9566963329984618 314.9
3150 0.9568358721154256 315
3151 0.9569721314659814 315.1
3152 0.9571061815377263 315.2
3153 0.9572331873482034 315.3
3154 0.9573563504427839 315.4
3155 0.9574632196994923 315.5
3156 0.9575857637120814 315.6
3157 0.9577175139125687 315.7
3158 0.9578462767496845 315.8
3159 0.9579660440054055 315.9
3160 0.9580884589004671 316
3161 0.9582138721668743 316.1
3162 0.9583394716214232 316.2
3163 0.9584598454833483 316.3
3164 0.9585736452286185 316.4
3165 0.9587033566542433 316.5
3166 0.9588447205399862 316.6
3167 0.9589923030166734 316.7
3168 0.9591326836907039 316.8
3169 0.9592772882471632 316.9
3170 0.959419894697183 317
3171 0.9595608612114011 317.1
3172 0.9596968061755884 317.2
3173 0.9598420636443852 317.3
3174 0.9599861351971595 317.4
3175 0.9601133462283391 317.5
3176 0.9602382986664187 317.6
3177 0.9603650101084071 317.7
3178 0.960480777946729 317.8
3179 0.9606029615271341 317.9
3180 0.9607375518504002 318
3181 0.9608797606639311 318.1
3182 0.9610246314472973 318.2
3183 0.9611397562046209 318.3
3184 0.9612377901007657 318.4
3185 0.961332889442716 318.5
3186 0.9614348111875736 318.6
3187 0.9615429929533398 318.7
3188 0.9616581989576717 318.8
3189 0.9617769637585597 318.9
3190 0.9618986044236105 319
3191 0.9620236802181296 319.1
3192 0.9621616430099644 319.2
3193 0.9623071184658648 319.3
3194 0.9624518255826966 319.4
3195 0.9625852634185719 319.5
3196 0.9627145343566595 319.6
3197 0.9628434640978428 319.7
3198 0.962973362201525 319.8
3199 0.9631018955066721 319.9
3200 0.9632341376413766 320
3201 0.9633665907409693 320.1
3202 0.9634948471535167 320.2
3203 0.9636124068573577 320.3
3204 0.9637307359107273 320.4
3205 0.9638479781411144 320.5
3206 0.9639647013496411 320.6
3207 0.9640873961714822 320.7
3208 0.9642229832017732 320.8
3209 0.9643593978973874 320.9
3210 0.9644911139831385 321
3211 0.9646234351139118 321.1
3212 0.9647474712649617 321.2
3213 0.964869090658547 321.3
3214 0.9649726718370683 321.4
3215 0.9650658571847216 321.5
3216 0.9651624311775002 321.6
3217 0.9652611364950928 321.7
3218 0.9653647462120919 321.8
3219 0.9654693813724492 321.9
3220 0.9655824993195175 322
3221 0.9657096366823237 322.1
3222 0.9658447451789919 322.2
3223 0.9659805164057788 322.3
3224 0.9661036675076533 322.4
3225 0.9662218831881539 322.5
3226 0.966344693515176 322.6
3227 0.966470648338169 322.7
3228 0.9665995092495383 322.8
3229 0.9667218944281096 322.9
3230 0.9668459718775633 323
3231 0.9669704097730255 323.1
3232 0.9670915124335004 323.2
3233 0.9672040456398924 323.3
3234 0.9673157123991278 323.4
3235 0.9674360399757443 323.5
3236 0.9675650005060766 323.6
3237 0.9676920585285125 323.7
3238 0.9678173604599868 323.8
3239 0.9679387925253881 323.9
3240 0.9680501014270051 324
3241 0.9681571217070311 324.1
3242 0.9682644131299404 324.2
3243 0.9683661292565333 324.3
3244 0.9684750098031887 324.4
3245 0.968590462311071 324.5
3246 0.9687046500638058 324.6
3247 0.9688186672070205 324.7
3248 0.968915159222367 324.8
3249 0.9690050989141038 324.9
3250 0.9690978669231318 325
3251 0.9691988132420823 325.1
3252 0.9693055413794546 325.2
3253 0.9694131492136442 325.3
3254 0.969515669571413 325.4
3255 0.9696135761677608 325.5
3256 0.9697195301396402 325.6
3257 0.9698360582450969 325.7
3258 0.9699584779661169 325.8
3259 0.9700820012688858 325.9
3260 0.9701972084302996 326
3261 0.9703147242452643 326.1
3262 0.9704380235565292 326.2
3263 0.9705604781935339 326.3
3264 0.9706777770995212 326.4
3265 0.9707924760910094 326.5
3266 0.970917050073029 326.6
3267 0.9710490351398465 326.7
3268 0.971181888650786 326.8
3269 0.9713044213581109 326.9
3270 0.9714218714632491 327
3271 0.9715343694358837 327.1
3272 0.9716417385089482 327.2
3273 0.9717392157232965 327.3
3274 0.9718398478716973 327.4
3275 0.9719465753939928 327.5
3276 0.9720510525224719 327.6
3277 0.9721578637985921 327.7
3278 0.9722702180950894 327.8
3279 0.9723775504444685 327.9
3280 0.9724886860807227 328
3281 0.9725982350517024 328.1
3282 0.9727096959337876 328.2
3283 0.9728146119236766 328.3
3284 0.9729075405429005 328.4
3285 0.9730023791209725 328.5
3286 0.9730928237273859 328.6
3287 0.9731804458965481 328.7
3288 0.9732689114364219 328.8
3289 0.9733636298773208 328.9
3290 0.9734626362817138 329
3291 0.9735611899465234 329.1
3292 0.973655589528749 329.2
3293 0.9737468298279123 329.3
3294 0.9738430355363389 329.4
3295 0.9739413558848339 329.5
3296 0.9740407261702028 329.6
3297 0.974145025971907 329.7
3298 0.9742541434524196 329.8
3299 0.9743739784377046 329.9
3300 0.9744986697339028 330
3301 0.9746215887808991 330.1
3302 0.9747361553084969 330.2
3303 0.9748478437228747 330.3
3304 0.9749594075762751 330.4
3305 0.9750702734056584 330.5
3306 0.9751754320740186 330.6
3307 0.9752809536109934 330.7
3308 0.9753916548322528 330.8
3309 0.9755072099221732 330.9
3310 0.9756184905920843 331
3311 0.9757300898597409 331.1
3312 0.9758409601684725 331.2
3313 0.9759484568660219 331.3
3314 0.9760549225912228 331.4
3315 0.9761580408852069 331.5
3316 0.9762594696706047 331.6
3317 0.9763636724789564 331.7
3318 0.9764694269266669 331.8
3319 0.976572771329983 331.9
3320 0.976669675860858 332
3321 0.9767514086181246 332.1
3322 0.9768368696711529 332.2
3323 0.9769282303669692 332.3
3324 0.9770223058948662 332.4
3325 0.9771154720104033 332.5
3326 0.9772062044322457 332.6
3327 0.977292162329165 332.7
3328 0.9773791570883269 332.8
3329 0.9774689526537954 332.9
3330 0.9775577888569928 333
3331 0.9776444368265449 333.1
3332 0.9777289646355012 333.2
3333 0.9778206136461269 333.3
3334 0.9779228622920445 333.4
3335 0.9780315559907952 333.5
3336 0.9781419316546214 333.6
3337 0.978246568945895 333.7
3338 0.9783498823524531 333.8
3339 0.9784523678271786 333.9
3340 0.9785515929315874 334
3341 0.9786470920660644 334.1
3342 0.9787403468058979 334.2
3343 0.9788377119766365 334.3
3344 0.9789373848788203 334.4
3345 0.9790392358716929 334.5
3346 0.9791367858665825 334.6
3347 0.9792374270982955 334.7
3348 0.9793414818251823 334.8
3349 0.9794454216706586 334.9
3350 0.9795476551365546 335
3351 0.9796534136228164 335.1
3352 0.9797600044159904 335.2
3353 0.9798625192651905 335.3
3354 0.9799660242101066 335.4
3355 0.9800657827213768 335.5
3356 0.9801649161722858 335.6
3357 0.9802670948599722 335.7
3358 0.9803670629721318 335.8
3359 0.9804635577732803 335.9
3360 0.9805468743069362 336
3361 0.9806327511576247 336.1
3362 0.9807176865459896 336.2
3363 0.9808014833944664 336.3
3364 0.980881285922178 336.4
3365 0.9809620935300988 336.5
3366 0.9810446262464718 336.6
3367 0.9811276813225253 336.7
3368 0.981210542086927 336.8
3369 0.9812890812146725 336.9
3370 0.9813725677194184 337
3371 0.9814618019318341 337.1
3372 0.9815537512224675 337.2
3373 0.9816480279709487 337.3
3374 0.9817395679992782 337.4
3375 0.9818339059905585 337.5
3376 0.9819311728233817 337.6
3377 0.9820289575483714 337.7
3378 0.982125575835236 337.8
3379 0.9822184974568502 337.9
3380 0.9823167046591248 338
3381 0.9824192881200823 338.1
3382 0.9825237899357925 338.2
3383 0.9826237211686201 338.3
3384 0.9827198724413325 338.4
3385 0.9828161262730752 338.5
3386 0.9829123324102054 338.6
3387 0.983005091726684 338.7
3388 0.9830972745274679 338.8
3389 0.9831940840338849 338.9
3390 0.9832936643851448 339
3391 0.9833877076031859 339.1
3392 0.983480880832253 339.2
3393 0.9835731152943161 339.3
3394 0.9836582228119565 339.4
3395 0.9837437638501912 339.5
3396 0.9838324651159557 339.6
3397 0.9839170991536129 339.7
3398 0.9840064045478922 339.8
3399 0.984094673601165 339.9
3400 0.9841829919385415 340
3401 0.9842589094899143 340.1
3402 0.9843346313203163 340.2
3403 0.9844135683247421 340.3
3404 0.9844922236515108 340.4
3405 0.9845721845275751 340.5
3406 0.9846519263818772 340.6
3407 0.9847308349227808 340.7
3408 0.984810946204777 340.8
3409 0.9848897018075774 340.9
3410 0.984971977491087 341
3411 0.9850579628787587 341.1
3412 0.9851450586516146 341.2
3413 0.9852324643471017 341.3
3414 0.9853172244520223 341.4
3415 0.9854049330386012 341.5
3416 0.9854933709072342 341.6
3417 0.9855797810650777 341.7
3418 0.9856645903749669 341.8
3419 0.9857455453000316 341.9
3420 0.9858295597408898 342
3421 0.9859164996712412 342.1
3422 0.9860052478805301 342.2
3423 0.986091708386692 342.3
3424 0.9861776833118405 342.4
3425 0.9862646582035978 342.5
3426 0.9863520901600968 342.6
3427 0.9864374370390806 342.7
3428 0.9865209945508336 342.8
3429 0.9866070857252851 342.9
3430 0.9866971218254548 343
3431 0.986788114702461 343.1
3432 0.986879560205481 343.2
3433 0.9869730006197832 343.3
3434 0.9870655414400196 343.4
3435 0.9871508286715726 343.5
3436 0.9872371854497791 343.6
3437 0.9873250690236381 343.7
3438 0.9874092359380031 343.8
3439 0.9874946732612874 343.9
3440 0.9875821357034315 344
3441 0.9876643508427833 344.1
3442 0.9877479039776343 344.2
3443 0.9878274601301088 344.3
3444 0.9879058013442564 344.4
3445 0.9879713273754166 344.5
3446 0.988035378213126 344.6
3447 0.98810204146256 344.7
3448 0.9881695374867322 344.8
3449 0.9882376023444024 344.9
3450 0.9883072610929369 345
3451 0.9883774905253991 345.1
3452 0.9884479442607603 345.2
3453 0.9885206673713808 345.3
3454 0.9885947786800675 345.4
3455 0.9886702251340691 345.5
3456 0.9887465799066261 345.6
3457 0.9888233408073073 345.7
3458 0.9889022105719852 345.8
3459 0.9889809658103937 345.9
3460 0.9890595045005859 346
3461 0.9891373830524686 346.1
3462 0.9892133230232685 346.2
3463 0.9892926453350254 346.3
3464 0.9893727691608191 346.4
3465 0.9894556100214978 346.5
3466 0.9895384116186277 346.6
3467 0.9896183469311322 346.7
3468 0.9896990944178126 346.8
3469 0.9897786179269074 346.9
3470 0.9898568039952748 347
3471 0.9899301405239801 347.1
3472 0.9900037855823983 347.2
3473 0.99007917380083 347.3
3474 0.9901557668047291 347.4
3475 0.9902309655987608 347.5
3476 0.9903066998988329 347.6
3477 0.9903856207128986 347.7
3478 0.9904663397551132 347.8
3479 0.9905435379171463 347.9
3480 0.9906226806230218 348
3481 0.990704146490582 348.1
3482 0.990784953801223 348.2
3483 0.990865390449537 348.3
3484 0.9909476930200477 348.4
3485 0.9910283169017267 348.5
3486 0.991106104850883 348.6
3487 0.9911849173664541 348.7
3488 0.9912597964304624 348.8
3489 0.991334258027133 348.9
3490 0.9914059558956902 349
3491 0.991476131461747 349.1
3492 0.9915338075185948 349.2
3493 0.991587884927056 349.3
3494 0.9916446931778096 349.4
3495 0.9917028857984812 349.5
3496 0.9917623496578005 349.6
3497 0.9918232469900036 349.7
3498 0.9918827393422497 349.8
3499 0.9919440558773326 349.9
3500 0.9920068809327299 350
3501 0.9920715984912224 350.1
3502 0.9921389253503041 350.2
3503 0.9922065800341039 350.3
3504 0.9922774696423361 350.4
3505 0.9923504489659479 350.5
3506 0.9924241031065222 350.6
3507 0.9924977465645073 350.7
3508 0.992568897197192 350.8
3509 0.9926374456971797 350.9
3510 0.9927047368036125 351
3511 0.9927722277872622 351.1
3512 0.9928404102150697 351.2
3513 0.9929082128997134 351.3
3514 0.9929751185586912 351.4
3515 0.9930448546716639 351.5
3516 0.9931165339956615 351.6
3517 0.9931895265190135 351.7
3518 0.9932600593521611 351.8
3519 0.9933308129603813 351.9
3520 0.9934033503448857 352
3521 0.9934774008797047 352.1
3522 0.9935506474288969 352.2
3523 0.9936224319322651 352.3
3524 0.9936948422785777 352.4
3525 0.9937658490676938 352.5
3526 0.9938351093885582 352.6
3527 0.9939019013867841 352.7
3528 0.9939693479189808 352.8
3529 0.9940372490697408 352.9
3530 0.9941026380601157 353
3531 0.9941692694289314 353.1
3532 0.9942389950489375 353.2
3533 0.9943101148485045 353.3
3534 0.9943791958027972 353.4
3535 0.9944510133346605 353.5
3536 0.9945224084505815 353.6
3537 0.9945908220938771 353.7
3538 0.9946603585577043 353.8
3539 0.994725215654141 353.9
3540 0.9947889172962842 354
3541 0.9948503793248651 354.1
3542 0.9949067334923549 354.2
3543 0.9949521042354713 354.3
3544 0.994997408353163 354.4
3545 0.9950455947624586 354.5
3546 0.9950970647418074 354.6
3547 0.9951518486155849 354.7
3548 0.9952072819398176 354.8
3549 0.9952633667201696 354.9
3550 0.9953202421650911 355
3551 0.9953768833185167 355.1
3552 0.995431336889801 355.2
3553 0.9954865057130513 355.3
3554 0.9955401236442667 355.4
3555 0.9955955233090629 355.5
3556 0.9956524830526918 355.6
3557 0.9957111877184113 355.7
3558 0.9957718599953809 355.8
3559 0.9958318861915473 355.9
3560 0.9958922888369685 356
3561 0.995953332951888 356.1
3562 0.9960121204453657 356.2
3563 0.9960700041998017 356.3
3564 0.9961268424016074 356.4
3565 0.9961824865122317 356.5
3566 0.9962399266333591 356.6
3567 0.9962991932714677 356.7
3568 0.9963603052382977 356.8
3569 0.9964207779394824 356.9
3570 0.9964807392374321 357
3571 0.9965417313401794 357.1
3572 0.9966009718497002 357.2
3573 0.9966587739267725 357.3
3574 0.996712942944493 357.4
3575 0.9967688107057204 357.5
3576 0.9968263467417967 357.6
3577 0.9968854143758069 357.7
3578 0.9969423553266142 357.8
3579 0.997000881154702 357.9
3580 0.9970606681147264 358
3581 0.9971203557365765 358.1
3582 0.9971734382297273 358.2
3583 0.9972277792504554 358.3
3584 0.9972833412744918 358.4
3585 0.9973385463356527 358.5
3586 0.9973930013073175 358.6
3587 0.9974496385652623 358.7
3588 0.9975068815794832 358.8
3589 0.9975613791971398 358.9
3590 0.9976163585181194 359
3591 0.9976683291046943 359.1
3592 0.9977188247910378 359.2
3593 0.9977713664616034 359.3
3594 0.9978206096184633 359.4
3595 0.997871529248721 359.5
3596 0.9979188004549393 359.6
3597 0.9979562847519818 359.7
3598 0.9979887181443552 359.8
3599 0.9980220732511329 359.9
3600 0.9980574787865201 360
3601 0.998094874643275 360.1
3602 0.9981339472807088 360.2
3603 0.9981742765189808 360.3
3604 0.9982139662905949 360.4
3605 0.9982528118900524 360.5
3606 0.998292869124497 360.6
3607 0.9983341184155837 360.7
3608 0.9983763671109211 360.8
3609 0.9984191467357525 360.9
3610 0.998459069615382 361
3611 0.9984998294524371 361.1
3612 0.9985413925926693 361.2
3613 0.998583710230139 361.3
3614 0.9986265460589577 361.4
3615 0.9986673062182617 361.5
3616 0.9987078304159909 361.6
3617 0.9987491089376456 361.7
3618 0.9987910361577133 361.8
3619 0.9988333994166506 361.9
3620 0.9988742250004924 362
3621 0.9989141793527979 362.1
3622 0.9989549506625751 362.2
3623 0.9989963058503516 362.3
3624 0.9990379618299702 362.4
3625 0.9990772618433857 362.5
3626 0.9991164537969517 362.6
3627 0.9991563828385666 362.7
3628 0.999196696398631 362.8
3629 0.9992358467378631 362.9
3630 0.9992732628103915 363
3631 0.999311527090987 363.1
3632 0.9993502453874138 363.2
3633 0.9993879896676531 363.3
3634 0.9994237967094631 363.4
3635 0.9994604866239017 363.5
3636 0.9994976284541786 363.6
3637 0.9995330829562956 363.7
3638 0.999567492751227 363.8
3639 0.9996026509214643 363.9
3640 0.9996380222043069 364
3641 0.9996700272185658 364.1
3642 0.9997029728742228 364.2
3643 0.9997364432536944 364.3
3644 0.9997665605671201 364.4
3645 0.999797191208882 364.5
3646 0.999827944101592 364.6
3647 0.9998552484519083 364.7
3648 0.9998835770770456 364.8
3649 0.9999093822412015 364.9
3650 0.9999345016213714 365
3651 0.9999571197712972 365.1
3652 0.9999781510577912 365.2
3653 0.9999940387767086 365.3
3654 1 365.4
3655 1 365.5
3656 1 365.6
3657 1 365.7
3658 1 365.8
3659 1 365.9
3660 1 366
3661 1 366.1
3662 1 366.2
3663 1 366.3
3664 1 366.4
3665 1 366.5
3666 1 366.6
3667 1 366.7
3668 1 366.8
3669 1 366.9
3670 1 367
3671 1 367.1
3672 1 367.2
3673 1 367.3
3674 1 367.4
3675 1 367.5
3676 1 367.6
3677 1 367.7
3678 1 367.8
3679 1 367.9
3680 1 368
3681 1 368.1
3682 1 368.2
3683 1 368.3
3684 1 368.4
3685 1 368.5
3686 1 368.6
3687 1 368.7
3688 1 368.8
3689 1 368.9
3690 1 369
3691 1 369.1
3692 1 369.2
3693 1 369.3
3694 1 369.4
3695 1 369.5
3696 1 369.6
3697 1 369.7
3698 1 369.8
3699 1 369.9
3700 1 370
3701 1 370.1
3702 1 370.2
3703 1 370.3
3704 1 370.4
3705 1 370.5
3706 1 370.6
3707 1 370.7
3708 1 370.8
3709 1 370.9
3710 1 371
3711 1 371.1
3712 1 371.2
3713 1 371.3
3714 1 371.4
3715 1 371.5
3716 1 371.6
3717 1 371.7
3718 1 371.8
3719 1 371.9
3720 1 372
3721 1 372.1
3722 1 372.2
3723 1 372.3
3724 1 372.4
3725 1 372.5
3726 1 372.6
3727 1 372.7
3728 1 372.8
3729 1 372.9
3730 1 373
3731 1 373.1
3732 1 373.2
3733 1 373.3
3734 1 373.4
3735 1 373.5
3736 1 373.6
3737 1 373.7
3738 1 373.8
3739 1 373.9
3740 1 374
3741 1 374.1
3742 1 374.2
3743 1 374.3
3744 1 374.4
3745 1 374.5
3746 1 374.6
3747 1 374.7
3748 1 374.8
3749 1 374.9
3750 1 375
3751 1 375.1
3752 1 375.2
3753 1 375.3
3754 1 375.4
3755 1 375.5
3756 1 375.6
3757 1 375.7
3758 1 375.8
3759 1 375.9
3760 1 376
3761 1 376.1
3762 1 376.2
3763 1 376.3
3764 1 376.4
3765 1 376.5
3766 1 376.6
3767 1 376.7
3768 1 376.8
3769 1 376.9
3770 1 377
3771 1 377.1
3772 1 377.2
3773 1 377.3
3774 1 377.4
3775 1 377.5
3776 1 377.6
3777 1 377.7
3778 1 377.8
3779 1 377.9
3780 1 378
3781 1 378.1
3782 1 378.2
3783 1 378.3
3784 1 378.4
3785 1 378.5
3786 1 378.6
3787 1 378.7
3788 1 378.8
3789 1 378.9
3790 1 379
3791 1 379.1
3792 1 379.2
3793 1 379.3
3794 1 379.4
3795 1 379.5
3796 1 379.6
3797 1 379.7
3798 1 379.8
3799 1 379.9
3800 1 380
3801 1 380.1
3802 1 380.2
3803 1 380.3
3804 1 380.4
3805 1 380.5
3806 1 380.6
3807 1 380.7
3808 1 380.8
3809 1 380.9
3810 1 381
3811 1 381.1
3812 1 381.2
3813 1 381.3
3814 1 381.4
3815 1 381.5
3816 1 381.6
3817 1 381.7
3818 1 381.8
3819 1 381.9
3820 1 382
3821 1 382.1
3822 1 382.2
3823 1 382.3
3824 1 382.4
3825 1 382.5
3826 1 382.6
3827 1 382.7
3828 1 382.8
3829 1 382.9
3830 1 383
3831 1 383.1
3832 1 383.2
3833 1 383.3
3834 1 383.4
3835 1 383.5
3836 1 383.6
3837 1 383.7
3838 1 383.8
3839 1 383.9
3840 1 384
3841 1 384.1
3842 1 384.2
3843 1 384.3
3844 1 384.4
3845 1 384.5
3846 1 384.6
3847 1 384.7
3848 1 384.8
3849 1 384.9
3850 1 385
3851 1 385.1
3852 1 385.2
3853 1 385.3
3854 1 385.4
3855 1 385.5
3856 1 385.6
3857 1 385.7
3858 1 385.8
3859 1 385.9
3860 1 386
3861 1 386.1
3862 1 386.2
3863 1 386.3
3864 1 386.4
3865 1 386.5
3866 1 386.6
3867 1 386.7
3868 1 386.8
3869 1 386.9
3870 1 387
3871 1 387.1
3872 1 387.2
3873 1 387.3
3874 1 387.4
3875 1 387.5
3876 1 387.6
3877 1 387.7
3878 1 387.8
3879 1 387.9
3880 1 388
3881 1 388.1
3882 1 388.2
3883 1 388.3
3884 1 388.4
3885 1 388.5
3886 1 388.6
3887 1 388.7
3888 1 388.8
3889 1 388.9
3890 1 389
3891 1 389.1
3892 1 389.2
3893 1 389.3
3894 1 389.4
3895 1 389.5
3896 1 389.6
3897 1 389.7
3898 1 389.8
3899 1 389.9
3900 1 390
3901 1 390.1
3902 1 390.2
3903 1 390.3
3904 1 390.4
3905 1 390.5
3906 1 390.6
3907 1 390.7
3908 1 390.8
3909 1 390.9
3910 1 391
3911 1 391.1
3912 1 391.2
3913 1 391.3
3914 1 391.4
3915 1 391.5
3916 1 391.6
3917 1 391.7
3918 1 391.8
3919 1 391.9
3920 1 392
3921 1 392.1
3922 1 392.2
3923 1 392.3
3924 1 392.4
3925 1 392.5
3926 1 392.6
3927 1 392.7
3928 1 392.8
3929 1 392.9
3930 1 393
3931 1 393.1
3932 1 393.2
3933 1 393.3
3934 1 393.4
3935 1 393.5
3936 1 393.6
3937 1 393.7
3938 1 393.8
3939 1 393.9
3940 1 394
3941 1 394.1
3942 1 394.2
3943 1 394.3
3944 1 394.4
3945 1 394.5
3946 1 394.6
3947 1 394.7
3948 1 394.8
3949 1 394.9
3950 1 395
3951 1 395.1
3952 1 395.2
3953 1 395.3
3954 1 395.4
3955 1 395.5
3956 1 395.6
3957 1 395.7
3958 1 395.8
3959 1 395.9
3960 1 396
3961 1 396.1
3962 1 396.2
3963 1 396.3
3964 1 396.4
3965 1 396.5
3966 1 396.6
3967 1 396.7
3968 1 396.8
3969 1 396.9
3970 1 397
3971 1 397.1
3972 1 397.2
3973 1 397.3
3974 1 397.4
3975 1 397.5
3976 1 397.6
3977 1 397.7
3978 1 397.8
3979 1 397.9
3980 1 398
3981 1 398.1
3982 1 398.2
3983 1 398.3
3984 1 398.4
3985 1 398.5
3986 1 398.6
3987 1 398.7
3988 1 398.8
3989 1 398.9
3990 1 399
3991 1 399.1
3992 1 399.2
3993 1 399.3
3994 1 399.4
3995 1 399.5
3996 1 399.6
3997 1 399.7
3998 1 399.8
3999 1 399.9
4000 1 400
4001 1 400.1
4002 1 400.2
4003 1 400.3
4004 1 400.4
4005 1 400.5
4006 1 400.6
4007 1 400.7
4008 1 400.8
4009 1 400.9
4010 1 401
4011 1 401.1
4012 1 401.2
4013 1 401.3
4014 1 401.4
4015 1 401.5
4016 1 401.6
4017 1 401.7
4018 1 401.8
4019 1 401.9
4020 1 402
4021 1 402.1
4022 1 402.2
4023 1 402.3
4024 1 402.4
4025 1 402.5
4026 1 402.6
4027 1 402.7
4028 1 402.8
4029 1 402.9
4030 1 403
4031 1 403.1
4032 1 403.2
4033 1 403.3
4034 1 403.4
4035 1 403.5
4036 1 403.6
4037 1 403.7
4038 1 403.8
4039 1 403.9
4040 1 404
4041 1 404.1
4042 1 404.2
4043 1 404.3
4044 1 404.4
4045 1 404.5
4046 1 404.6
4047 1 404.7
