"liquid-fraction-rfile"
"Time Step" "liquid-fraction etc.."
("Time Step" "liquid-fraction" "flow-time")
0 0 0
1 0.0001551700462503832 0.1
2 0.0004522921443628877 0.2
3 0.0007844475858621429 0.3
4 0.001143122231356894 0.4
5 0.001515968737581344 0.5
6 0.001902744785552323 0.6000000000000001
7 0.002303099502332491 0.7000000000000001
8 0.002716410859829667 0.8
9 0.003140076480906951 0.9
10 0.003572856227696436 1
11 0.004013663666444028 1.1
12 0.004461256777888312 1.2
13 0.004904117414934278 1.3
14 0.005354160428608742 1.4
15 0.005811748433239846 1.5
16 0.006275286780706562 1.6
17 0.006745223416621206 1.7
18 0.007220670073060581 1.8
19 0.007702210435110828 1.9
20 0.008189411896958737 2
21 0.008673093007893526 2.1
22 0.009150502023015926 2.2
23 0.009632049082520104 2.3
24 0.01010632777094578 2.4
25 0.01057504477894221 2.5
26 0.01104330838017777 2.6
27 0.01150864643237986 2.7
28 0.01197769968070083 2.8
29 0.01244960935936805 2.9
30 0.0129238007310556 3
31 0.01339980343967758 3.1
32 0.01387727832359359 3.2
33 0.01435594617421022 3.3
34 0.01483558531043935 3.4
35 0.01531601187806131 3.5
36 0.01579707807450779 3.6
37 0.01627868691990383 3.7
38 0.01676074711510075 3.8
39 0.01724086532257965 3.9
40 0.01771621134711278 4
41 0.01819028799680581 4.100000000000001
42 0.01866513199947226 4.2
43 0.01914016066434112 4.3
44 0.01961400745552042 4.4
45 0.02008803586566473 4.5
46 0.02055951017800524 4.600000000000001
47 0.02102405983326951 4.7
48 0.02148983042474721 4.800000000000001
49 0.0219565509742933 4.9
50 0.0224236396179425 5
51 0.02289130569723631 5.100000000000001
52 0.02335935212099304 5.2
53 0.02382763525989133 5.300000000000001
54 0.02429052380468559 5.4
55 0.02474931448524019 5.5
56 0.02520887368329514 5.600000000000001
57 0.02566774925440817 5.7
58 0.02612644270526312 5.800000000000001
59 0.02658581718159985 5.9
60 0.02704515030613266 6
61 0.02750481410480745 6.100000000000001
62 0.02796130494481715 6.2
63 0.0284129355173932 6.300000000000001
64 0.02886006007680714 6.4
65 0.02930789286488042 6.5
66 0.02975528429164808 6.600000000000001
67 0.03019914330240737 6.7
68 0.03063593974602086 6.800000000000001
69 0.03106104594690762 6.9
70 0.03147499730936253 7
71 0.03187890156777154 7.100000000000001
72 0.03227676480490721 7.2
73 0.03266582588287858 7.300000000000001
74 0.03305378716781362 7.4
75 0.03343606506264112 7.5
76 0.03381702737053055 7.600000000000001
77 0.03418826722185217 7.7
78 0.0345559984712847 7.800000000000001
79 0.03491859444672478 7.9
80 0.03527693978417711 8
81 0.035631925667168 8.1
82 0.03597676971896723 8.200000000000001
83 0.03631386080137011 8.300000000000001
84 0.03664801302210911 8.4
85 0.0369810481841852 8.5
86 0.03731589238305658 8.6
87 0.03764613769205583 8.700000000000001
88 0.03797165529628221 8.800000000000001
89 0.03829419863333493 8.9
90 0.03861581340181924 9
91 0.03893907356826126 9.1
92 0.03926334549071535 9.200000000000001
93 0.03958579400918997 9.300000000000001
94 0.03990977638501775 9.4
95 0.04023373812551405 9.5
96 0.04055843248101512 9.600000000000001
97 0.04088341626810745 9.700000000000001
98 0.04120881139073544 9.800000000000001
99 0.04153225545139133 9.9
100 0.04185209013560674 10
101 0.04216908644823667 10.1
102 0.04247879050702525 10.2
103 0.04278133949227406 10.3
104 0.04307959023577829 10.4
105 0.04337644465211521 10.5
106 0.04367204699296252 10.6
107 0.04396573472433454 10.7
108 0.04426050183970005 10.8
109 0.04455543855034524 10.9
110 0.04485108057958925 11
111 0.04514489665680427 11.1
112 0.04543844730355425 11.2
113 0.04573223797846009 11.3
114 0.04602081890142042 11.4
115 0.04630991962651391 11.5
116 0.04660047365391855 11.6
117 0.04689170671505843 11.7
118 0.04718191860181429 11.8
119 0.04747037060756216 11.9
120 0.04775852737357349 12
121 0.04804755805213128 12.1
122 0.04833772470902799 12.2
123 0.04862876899616751 12.3
124 0.04892062812369057 12.4
125 0.04921127350251243 12.5
126 0.04950102251884807 12.6
127 0.04979114313800028 12.7
128 0.05008283998875313 12.8
129 0.05037575960535261 12.9
130 0.05066929235231556 13
131 0.05096183864403189 13.1
132 0.05125434167336104 13.2
133 0.05154744219964483 13.3
134 0.05184195698306346 13.4
135 0.05213774247752744 13.5
136 0.05243414774883527 13.6
137 0.05272664079097646 13.7
138 0.05301866763050664 13.8
139 0.05331209917729162 13.9
140 0.05360426784737203 14
141 0.05389417003806502 14.1
142 0.05418384867270322 14.2
143 0.05447432949999966 14.3
144 0.05476671710767078 14.4
145 0.05505963683813236 14.5
146 0.05535287443774336 14.6
147 0.05564724055262399 14.7
148 0.05594079596557072 14.8
149 0.05623473176325457 14.9
150 0.05652951707038911 15
151 0.05682411266531225 15.1
152 0.05711834463086399 15.2
153 0.05741174709329765 15.3
154 0.05770424151158116 15.4
155 0.05799589378968881 15.5
156 0.05828702297035211 15.6
157 0.05857649134296354 15.7
158 0.05886600691673848 15.8
159 0.05915431469849889 15.9
160 0.0594409930753033 16
161 0.05972773330184936 16.1
162 0.06001414237507659 16.2
163 0.0603016621029057 16.3
164 0.06058907508789196 16.4
165 0.06087576462445298 16.5
166 0.0611635296379666 16.6
167 0.06145127086966881 16.7
168 0.06173564364599982 16.8
169 0.06201843639139999 16.9
170 0.06229886622625845 17
171 0.06257581661932575 17.1
172 0.06285268634198676 17.2
173 0.06312865871114362 17.3
174 0.06340544907125886 17.4
175 0.06368372561263348 17.5
176 0.06396308395109603 17.6
177 0.06424216990607307 17.7
178 0.0645207163926573 17.8
179 0.06479953049162565 17.9
180 0.06507876992015489 18
181 0.06535933109700405 18.1
182 0.06564134795858403 18.2
183 0.06592398585027918 18.3
184 0.06620623538694115 18.4
185 0.0664887798493709 18.5
186 0.06677145869415942 18.6
187 0.06705317731301987 18.7
188 0.0673356761675344 18.8
189 0.06761783795313635 18.9
190 0.06789570344503211 19
191 0.06817325549390266 19.1
192 0.06845014880579019 19.2
193 0.06872700660831603 19.3
194 0.06900425306144001 19.4
195 0.06928164749375711 19.5
196 0.06955866276630998 19.6
197 0.06983590627567886 19.7
198 0.07011364122836081 19.8
199 0.07039037074654497 19.9
200 0.07066716633451797 20
201 0.07094413979894378 20.1
202 0.07122005030361171 20.2
203 0.071493834416906 20.3
204 0.07176849014465218 20.4
205 0.07204376259086938 20.5
206 0.07231930349836499 20.6
207 0.07259571551849854 20.7
208 0.07287343270687731 20.8
209 0.07314814473677041 20.9
210 0.07341793855074123 21
211 0.0736863196806254 21.1
212 0.07395493127729338 21.2
213 0.07422449819878393 21.3
214 0.07449554464917232 21.4
215 0.07476815618351094 21.5
216 0.07504120225772332 21.6
217 0.07531311260875401 21.7
218 0.07557764509534158 21.8
219 0.0758452325677543 21.9
220 0.07611433083763074 22
221 0.07638138442879565 22.1
222 0.07665011118594572 22.2
223 0.07691768471063073 22.3
224 0.07717994635198294 22.4
225 0.07744473393553479 22.5
226 0.07771133726117849 22.6
227 0.0779766637774348 22.7
228 0.07824274817078528 22.8
229 0.07850183794170734 22.9
230 0.07876039425296091 23
231 0.07901741704435804 23.1
232 0.07927410490965828 23.2
233 0.07952893903429768 23.3
234 0.07977813827190669 23.4
235 0.0800296391926297 23.5
236 0.08028385945619039 23.6
237 0.08053833558274173 23.7
238 0.08078948846952838 23.8
239 0.08103801053830051 23.9
240 0.08128793032858213 24
241 0.08153977718957971 24.1
242 0.08178772879877307 24.2
243 0.0820325979096883 24.3
244 0.08227869867998149 24.4
245 0.08252807499777681 24.5
246 0.08278001074014171 24.6
247 0.08302628444170246 24.7
248 0.08326777618097604 24.8
249 0.08351275789663827 24.9
250 0.08376040677450117 25
251 0.08400891177481282 25.1
252 0.08425007959957805 25.2
253 0.08448976668919045 25.3
254 0.08473120569072211 25.4
255 0.08497444349668229 25.5
256 0.08521685773801863 25.6
257 0.08545471567465579 25.7
258 0.08569406255153164 25.8
259 0.08593549219802379 25.9
260 0.08617924375585487 26
261 0.08642274979993474 26.1
262 0.08666317164727791 26.2
263 0.08690315235246719 26.3
264 0.08714579774553832 26.4
265 0.08739091603922552 26.5
266 0.08763687198011566 26.6
267 0.08787833093395457 26.7
268 0.08811892148309129 26.8
269 0.08836173255135782 26.9
270 0.08860623477491529 27
271 0.08885203253232785 27.1
272 0.08909865578959217 27.2
273 0.08934126158714856 27.3
274 0.08958404388699345 27.4
275 0.08982771275988971 27.5
276 0.09007331616182646 27.6
277 0.0903199483383018 27.7
278 0.09056786638028819 27.8
279 0.09081561470414672 27.9
280 0.09106019695051665 28
281 0.09130349924474657 28.1
282 0.09154685502289076 28.2
283 0.09179078484470041 28.3
284 0.0920324903409169 28.4
285 0.09227408318116946 28.5
286 0.09251587382848997 28.6
287 0.09275757179211468 28.7
288 0.09299864628347197 28.8
289 0.09323952693721634 28.9
290 0.09347971010786114 29
291 0.09371726035747878 29.1
292 0.0939500059325231 29.2
293 0.09418176600366186 29.3
294 0.09441240627367016 29.4
295 0.09464365838929363 29.5
296 0.09487608784185048 29.6
297 0.09510896002500703 29.7
298 0.09533857188882229 29.8
299 0.09556653602945625 29.9
300 0.09579274405695427 30
301 0.09601674841596883 30.1
302 0.09623996606829195 30.2
303 0.09646312027155973 30.3
304 0.09668646535639064 30.4
305 0.09690979029403146 30.5
306 0.0971332080858421 30.6
307 0.09735571103063702 30.7
308 0.09757688872276568 30.8
309 0.09779760990322008 30.9
310 0.09801860762943745 31
311 0.09823980089268382 31.1
312 0.09845971953114772 31.2
313 0.09867720930086996 31.3
314 0.09889548505220293 31.4
315 0.09911379658464854 31.5
316 0.09933139584322009 31.6
317 0.09954892392899271 31.7
318 0.09976651444569712 31.8
319 0.0999846582474227 31.9
320 0.100203256794549 32
321 0.1004209368446694 32.1
322 0.1006379053270049 32.2
323 0.1008537326756765 32.3
324 0.1010694083812948 32.4
325 0.1012848756741716 32.5
326 0.1015014886188994 32.6
327 0.1017186094992749 32.7
328 0.1019355073209653 32.8
329 0.1021503806626184 32.9
330 0.1023657913406389 33
331 0.1025792896207781 33.1
332 0.1027916697791361 33.2
333 0.1030041458238954 33.3
334 0.1032168977885838 33.4
335 0.1034298827378503 33.5
336 0.1036432296217854 33.6
337 0.1038559991846159 33.7
338 0.1040690208346026 33.8
339 0.1042813510046877 33.9
340 0.1044932528054832 34
341 0.1047057234355408 34.1
342 0.1049186812971668 34.2
343 0.1051316879192399 34.3
344 0.1053433366377922 34.4
345 0.1055508052166702 34.5
346 0.1057562906678454 34.6
347 0.1059621240847667 34.7
348 0.1061680086247119 34.8
349 0.1063745704949042 34.9
350 0.1065815509945963 35
351 0.1067888744343913 35.1
352 0.1069963283874065 35.2
353 0.1072039875535141 35.3
354 0.1074117003890747 35.4
355 0.1076188280480902 35.5
356 0.107826103442852 35.6
357 0.1080334410891257 35.7
358 0.1082406746422517 35.8
359 0.1084480095727782 35.9
360 0.1086553518468769 36
361 0.1088623058984758 36.1
362 0.109069332640961 36.2
363 0.1092763210084374 36.3
364 0.109483429673339 36.4
365 0.1096902646118365 36.5
366 0.109896906392325 36.6
367 0.1101038375594188 36.7
368 0.1103118352917116 36.8
369 0.1105210523761627 36.9
370 0.1107311467667413 37
371 0.1109410488986687 37.1
372 0.1111474941192682 37.2
373 0.1113550918653989 37.3
374 0.1115643265390204 37.4
375 0.1117748727764915 37.5
376 0.111987050817218 37.6
377 0.1121985072516057 37.7
378 0.1124093603103784 37.8
379 0.1126210721070157 37.9
380 0.1128332144717729 38
381 0.1130461185366758 38.1
382 0.113259024602489 38.2
383 0.1134728416429162 38.3
384 0.1136875358548519 38.40000000000001
385 0.1139021688419899 38.5
386 0.1141163627023108 38.6
387 0.1143288337184974 38.7
388 0.1145408440596022 38.8
389 0.1147530196873056 38.90000000000001
390 0.1149654395441709 39
391 0.1151756607167845 39.1
392 0.1153839531167665 39.2
393 0.1155925761227097 39.3
394 0.1158012013495914 39.40000000000001
395 0.116010028033025 39.5
396 0.1162181983107782 39.6
397 0.1164264748927296 39.7
398 0.1166347260403233 39.8
399 0.1168440816564253 39.90000000000001
400 0.1170542405852328 40
401 0.1172652393150925 40.1
402 0.1174772280891061 40.2
403 0.1176897835493697 40.3
404 0.1179019272190524 40.40000000000001
405 0.1181149331268902 40.5
406 0.1183264432148578 40.6
407 0.1185359242099395 40.7
408 0.1187429628696327 40.8
409 0.1189488048945425 40.90000000000001
410 0.1191556446286671 41
411 0.1193632945562705 41.1
412 0.119571162049857 41.2
413 0.1197781456292241 41.3
414 0.1199843897265684 41.40000000000001
415 0.1201895149900532 41.5
416 0.1203922818348202 41.6
417 0.1205947940752725 41.7
418 0.1207972847855543 41.8
419 0.1210001971689993 41.90000000000001
420 0.1212034695337827 42
421 0.1214064279414962 42.1
422 0.1216097553051386 42.2
423 0.1218127263963163 42.3
424 0.1220162726901202 42.40000000000001
425 0.1222201954113385 42.5
426 0.1224247390904411 42.6
427 0.1226292854357232 42.7
428 0.1228343070207451 42.8
429 0.123039072614611 42.90000000000001
430 0.1232433914054977 43
431 0.1234480728300382 43.1
432 0.1236521093426158 43.2
433 0.123857065426348 43.3
434 0.1240606368520309 43.40000000000001
435 0.124265405368341 43.5
436 0.1244721189029682 43.6
437 0.1246771440993509 43.7
438 0.1248815600120183 43.8
439 0.1250873465305998 43.90000000000001
440 0.1252939045745088 44
441 0.1255002695683607 44.1
442 0.1257054498917521 44.2
443 0.1259092388105995 44.3
444 0.1261129698275092 44.40000000000001
445 0.1263176903992446 44.5
446 0.1265225252120601 44.6
447 0.1267276409319395 44.7
448 0.1269332725857006 44.8
449 0.1271390847320169 44.90000000000001
450 0.1273455692602469 45
451 0.1275523879693495 45.1
452 0.1277587494561578 45.2
453 0.1279649944440739 45.3
454 0.1281718530771401 45.40000000000001
455 0.1283795621256839 45.5
456 0.1285881832334763 45.6
457 0.1287973577011089 45.7
458 0.1290069396963824 45.8
459 0.1292166088123094 45.90000000000001
460 0.1294270771265454 46
461 0.1296387956984289 46.1
462 0.1298503759758962 46.2
463 0.1300570991899309 46.3
464 0.1302644777796087 46.40000000000001
465 0.1304723356229044 46.5
466 0.130681496224078 46.6
467 0.1308902650291349 46.7
468 0.1310976675602281 46.8
469 0.131305458908508 46.90000000000001
470 0.1315141238895985 47
471 0.1317235473060659 47.1
472 0.1319332344910812 47.2
473 0.1321425242841119 47.3
474 0.132350945369842 47.40000000000001
475 0.1325592000684702 47.5
476 0.1327674502698675 47.6
477 0.132974917421547 47.7
478 0.1331823320809089 47.8
479 0.1333896410479072 47.90000000000001
480 0.1335962924657143 48
481 0.1338029054245324 48.1
482 0.1340107470343176 48.2
483 0.1342196870077127 48.3
484 0.1344283492507259 48.40000000000001
485 0.1346369405357751 48.5
486 0.1348456424745902 48.6
487 0.1350518363685232 48.7
488 0.1352573245511109 48.8
489 0.135461992654987 48.90000000000001
490 0.1356668098192043 49
491 0.1358717861264952 49.1
492 0.1360769149116999 49.2
493 0.1362789079534178 49.3
494 0.1364797608510104 49.40000000000001
495 0.1366803340997537 49.5
496 0.1368800084884428 49.6
497 0.1370793502490602 49.7
498 0.1372795243210504 49.8
499 0.137478464805476 49.90000000000001
500 0.1376771061524443 50
501 0.1378751997763273 50.1
502 0.1380715247814168 50.2
503 0.1382673220871083 50.3
504 0.1384608168987052 50.40000000000001
505 0.1386547968914659 50.5
506 0.1388465779574213 50.6
507 0.1390377380650799 50.7
508 0.1392291056133127 50.8
509 0.1394198754098184 50.90000000000001
510 0.1396112868720565 51
511 0.1397999437307448 51.1
512 0.1399893853882571 51.2
513 0.1401794324502753 51.3
514 0.1403688665101828 51.40000000000001
515 0.1405580597197096 51.5
516 0.1407472781680418 51.6
517 0.1409337973252884 51.7
518 0.1411197821557479 51.8
519 0.1413032431011534 51.90000000000001
520 0.1414870369372032 52
521 0.1416710550349069 52.1
522 0.1418565108375617 52.2
523 0.1420428690085317 52.3
524 0.142227872555899 52.40000000000001
525 0.1424118838631594 52.5
526 0.1425970811633943 52.6
527 0.1427828708523664 52.7
528 0.1429679521331636 52.8
529 0.1431499627521712 52.90000000000001
530 0.1433318246321851 53
531 0.1435136824944334 53.1
532 0.1436964793975667 53.2
533 0.1438803544805046 53.3
534 0.144064387976889 53.40000000000001
535 0.1442480280959823 53.5
536 0.1444333230974377 53.6
537 0.1446202116429987 53.7
538 0.1448085846504313 53.8
539 0.1449974468305796 53.90000000000001
540 0.1451862910439422 54
541 0.1453768235850008 54.1
542 0.1455692686577041 54.2
543 0.1457628118238974 54.3
544 0.1459569240882518 54.40000000000001
545 0.1461512159005144 54.5
546 0.1463442765559004 54.6
547 0.1465367304455424 54.7
548 0.1467291757272737 54.8
549 0.1469212438356767 54.90000000000001
550 0.1471120913723863 55
551 0.1473006500086115 55.1
552 0.1474895069780949 55.2
553 0.1476785528490967 55.3
554 0.1478669147902988 55.40000000000001
555 0.1480552080824173 55.5
556 0.1482426950658592 55.6
557 0.1484283046115819 55.7
558 0.1486137059432165 55.8
559 0.148798454056222 55.90000000000001
560 0.1489811502640481 56
561 0.1491626324905273 56.1
562 0.1493446230220621 56.2
563 0.1495266647123075 56.3
564 0.1497086023350557 56.40000000000001
565 0.1498901145329038 56.5
566 0.1500714335674298 56.6
567 0.1502520217426212 56.7
568 0.1504329667641303 56.8
569 0.1506131881953308 56.90000000000001
570 0.1507941492579992 57
571 0.1509753493510324 57.1
572 0.1511576538643865 57.2
573 0.151340688278911 57.3
574 0.1515238539581862 57.40000000000001
575 0.1517069406811071 57.5
576 0.1518907506910132 57.6
577 0.1520730193610526 57.7
578 0.1522536167197166 57.8
579 0.1524336484908065 57.90000000000001
580 0.1526146351007958 58
581 0.1527959472958807 58.1
582 0.1529745397281896 58.2
583 0.1531536423758141 58.3
584 0.1533333900620871 58.40000000000001
585 0.1535143128223051 58.5
586 0.1536939905701927 58.6
587 0.1538740468414278 58.7
588 0.1540547775365542 58.8
589 0.1542364612213428 58.90000000000001
590 0.1544170456026248 59
591 0.1545973065470141 59.1
592 0.154778972019576 59.2
593 0.1549615401217321 59.3
594 0.1551435036304134 59.40000000000001
595 0.1553255287229271 59.5
596 0.1555085252413956 59.6
597 0.1556924367932381 59.7
598 0.1558767761829849 59.8
599 0.1560614411618132 59.90000000000001
600 0.1562450768535027 60
601 0.156428882853255 60.1
602 0.1566109433282032 60.2
603 0.1567920757251884 60.3
604 0.1569728447365839 60.40000000000001
605 0.1571544902458242 60.5
606 0.1573369069904343 60.6
607 0.1575190263790492 60.7
608 0.1577007218388862 60.8
609 0.1578820960285276 60.90000000000001
610 0.1580633165343094 61
611 0.1582429273093045 61.1
612 0.1584218903267362 61.2
613 0.1586002967652858 61.3
614 0.158778429335906 61.40000000000001
615 0.1589565584432759 61.5
616 0.159134159138966 61.6
617 0.1593111185144687 61.7
618 0.1594879157245909 61.8
619 0.1596635984885073 61.90000000000001
620 0.1598372073569077 62
621 0.1600092957579657 62.1
622 0.1601813731183378 62.2
623 0.1603527248276306 62.3
624 0.160523806813212 62.40000000000001
625 0.1606952133422171 62.5
626 0.1608673384934822 62.6
627 0.1610405774340083 62.7
628 0.1612148448019524 62.8
629 0.1613901264795675 62.90000000000001
630 0.1615668621743826 63
631 0.1617414035989173 63.1
632 0.1619149266487926 63.2
633 0.1620891302356542 63.3
634 0.1622647948815128 63.40000000000001
635 0.1624414530507454 63.5
636 0.1626184936431068 63.6
637 0.1627961578440703 63.7
638 0.1629736067288313 63.8
639 0.1631510199303902 63.90000000000001
640 0.1633273575085518 64
641 0.1635040526364638 64.10000000000001
642 0.1636808276856246 64.2
643 0.1638563621314748 64.3
644 0.16403144083899 64.40000000000001
645 0.1642065001178991 64.5
646 0.1643814861310939 64.60000000000001
647 0.1645563778957263 64.7
648 0.1647308585807657 64.8
649 0.164905301490649 64.90000000000001
650 0.16507908801103 65
651 0.1652518606570663 65.10000000000001
652 0.1654241760182177 65.2
653 0.1655963044501441 65.3
654 0.1657685578061823 65.40000000000001
655 0.1659411906197043 65.5
656 0.1661141490896594 65.60000000000001
657 0.1662856262440897 65.7
658 0.1664552902147578 65.8
659 0.1666242210398395 65.90000000000001
660 0.1667930080273711 66
661 0.1669616186122546 66.10000000000001
662 0.1671308096036137 66.2
663 0.1673006349468506 66.3
664 0.1674711693060021 66.40000000000001
665 0.1676429361070657 66.5
666 0.167815248293562 66.60000000000001
667 0.1679882651060998 66.7
668 0.1681627360229426 66.8
669 0.1683377304221745 66.90000000000001
670 0.1685100129589727 67
671 0.1686824313412945 67.10000000000001
672 0.1688556479305612 67.2
673 0.1690299469840582 67.3
674 0.1692046951158378 67.40000000000001
675 0.1693801770391741 67.5
676 0.1695552982766273 67.60000000000001
677 0.1697308193198208 67.7
678 0.1699069344197262 67.8
679 0.1700826130578572 67.90000000000001
680 0.1702576540731251 68
681 0.1704326542078395 68.10000000000001
682 0.1706055015379608 68.2
683 0.1707757637256259 68.3
684 0.1709455049567896 68.40000000000001
685 0.1711145043639284 68.5
686 0.1712833381896577 68.60000000000001
687 0.1714522982276753 68.7
688 0.1716216234916079 68.8
689 0.1717907350553393 68.90000000000001
690 0.1719607822035722 69
691 0.1721302792043437 69.10000000000001
692 0.1722983993505272 69.2
693 0.1724673695109896 69.3
694 0.1726363356676593 69.40000000000001
695 0.1728062340269036 69.5
696 0.1729771023583196 69.60000000000001
697 0.1731486897800286 69.7
698 0.1733210406627975 69.8
699 0.1734937747383838 69.90000000000001
700 0.1736663621037905 70
701 0.1738379968564581 70.10000000000001
702 0.174009701566613 70.2
703 0.17418232457608 70.3
704 0.1743558047583561 70.40000000000001
705 0.1745298329483613 70.5
706 0.1747040891401734 70.60000000000001
707 0.1748793974936567 70.7
708 0.1750556473001473 70.8
709 0.1752328223650165 70.90000000000001
710 0.1754109825684463 71
711 0.1755902234635207 71.10000000000001
712 0.1757695406706388 71.2
713 0.1759467443673125 71.3
714 0.1761238550264214 71.40000000000001
715 0.1763012702074464 71.5
716 0.1764777846188474 71.60000000000001
717 0.176653937694004 71.7
718 0.1768294029165202 71.8
719 0.1770046556720514 71.90000000000001
720 0.1771800964328415 72
721 0.1773557823597689 72.10000000000001
722 0.1775317924053798 72.2
723 0.1777077576493641 72.3
724 0.1778832775436183 72.40000000000001
725 0.1780589807867845 72.5
726 0.1782352606040142 72.60000000000001
727 0.1784117356503478 72.7
728 0.1785890415185757 72.8
729 0.1787658363935702 72.90000000000001
730 0.1789400410585976 73
731 0.1791123566094189 73.10000000000001
732 0.1792841980026385 73.2
733 0.1794553741444919 73.3
734 0.1796261629446067 73.40000000000001
735 0.1797973702593851 73.5
736 0.1799687609088147 73.60000000000001
737 0.1801403313510071 73.7
738 0.1803123179757112 73.8
739 0.1804846338332247 73.90000000000001
740 0.1806569195998343 74
741 0.1808294328012758 74.10000000000001
742 0.1810020053712671 74.2
743 0.1811740547650213 74.3
744 0.1813463735114001 74.40000000000001
745 0.1815189350544125 74.5
746 0.1816919599592589 74.60000000000001
747 0.1818655863821043 74.7
748 0.1820380847315433 74.8
749 0.1822098671160947 74.90000000000001
750 0.1823805583376434 75
751 0.1825506489369934 75.10000000000001
752 0.1827206731944421 75.2
753 0.1828905226322017 75.3
754 0.1830604505160202 75.40000000000001
755 0.183230445266657 75.5
756 0.183400475038595 75.60000000000001
757 0.1835706060395853 75.7
758 0.1837409617682685 75.8
759 0.1839109993658378 75.90000000000001
760 0.1840814339002037 76
761 0.1842489526376056 76.10000000000001
762 0.1844136794531155 76.2
763 0.1845779178462769 76.3
764 0.1847425848180928 76.40000000000001
765 0.184907943639923 76.5
766 0.185073961542076 76.60000000000001
767 0.1852405486358179 76.7
768 0.1854077213835442 76.80000000000001
769 0.1855751448835003 76.90000000000001
770 0.1857431809956199 77
771 0.1859116930018554 77.10000000000001
772 0.1860804766557948 77.2
773 0.1862493833785749 77.30000000000001
774 0.1864191638175289 77.40000000000001
775 0.186588193734594 77.5
776 0.1867582171109223 77.60000000000001
777 0.18692879683611 77.7
778 0.1871008346874445 77.80000000000001
779 0.1872743252766405 77.90000000000001
780 0.1874484517753823 78
781 0.1876221297148122 78.10000000000001
782 0.1877953751205254 78.2
783 0.1879694103493023 78.30000000000001
784 0.1881434147781619 78.40000000000001
785 0.1883171142222061 78.5
786 0.1884909449801476 78.60000000000001
787 0.1886642418703713 78.7
788 0.1888368573731814 78.80000000000001
789 0.1890058084515527 78.90000000000001
790 0.1891745542988239 79
791 0.1893440820823515 79.10000000000001
792 0.1895143657372287 79.2
793 0.1896851943609237 79.30000000000001
794 0.1898543478793908 79.40000000000001
795 0.1900229561278332 79.5
796 0.1901914953007298 79.60000000000001
797 0.1903600875226482 79.7
798 0.190528018856391 79.80000000000001
799 0.1906946865490428 79.90000000000001
800 0.1908595336361931 80
801 0.1910240185944696 80.10000000000001
802 0.1911885265723162 80.2
803 0.1913531762708276 80.30000000000001
804 0.1915157432255322 80.40000000000001
805 0.1916774811528649 80.5
806 0.1918395437637879 80.60000000000001
807 0.1920021093982719 80.7
808 0.1921645494863525 80.80000000000001
809 0.1923272337719897 80.90000000000001
810 0.1924906233233553 81
811 0.1926540472256689 81.10000000000001
812 0.192817843182659 81.2
813 0.1929822582591291 81.30000000000001
814 0.1931474086063917 81.40000000000001
815 0.1933127172341846 81.5
816 0.1934785887010323 81.60000000000001
817 0.1936451025111775 81.7
818 0.1938114517874257 81.80000000000001
819 0.1939776176781129 81.90000000000001
820 0.1941430185849414 82
821 0.1943074993979088 82.10000000000001
822 0.1944721033296944 82.2
823 0.1946365444023547 82.30000000000001
824 0.1948001826672909 82.40000000000001
825 0.1949622037999605 82.5
826 0.1951235862359219 82.60000000000001
827 0.1952843619453105 82.7
828 0.1954444028733498 82.80000000000001
829 0.1956024721991893 82.90000000000001
830 0.1957605447548752 83
831 0.1959188077187065 83.10000000000001
832 0.1960762882049878 83.2
833 0.1962338408388148 83.30000000000001
834 0.1963915938975261 83.40000000000001
835 0.1965481326172329 83.5
836 0.1967038665880928 83.60000000000001
837 0.1968596446079265 83.7
838 0.1970155385982326 83.80000000000001
839 0.197170597007699 83.90000000000001
840 0.1973256282163052 84
841 0.197481054069796 84.10000000000001
842 0.1976373220793607 84.2
843 0.1977943799890038 84.30000000000001
844 0.1979522295777122 84.40000000000001
845 0.1981104004858396 84.5
846 0.1982686891770114 84.60000000000001
847 0.1984281203628722 84.7
848 0.1985887928905229 84.80000000000001
849 0.1987505276284721 84.90000000000001
850 0.1989132780202708 85
851 0.1990775008476374 85.10000000000001
852 0.1992425692544063 85.2
853 0.1994093538110271 85.30000000000001
854 0.1995782397873181 85.40000000000001
855 0.1997471194609591 85.5
856 0.1999172731850376 85.60000000000001
857 0.2000892689681862 85.7
858 0.2002628935256204 85.80000000000001
859 0.2004369099450541 85.90000000000001
860 0.2006123628060223 86
861 0.2007897327718932 86.10000000000001
862 0.2009687462489776 86.2
863 0.2011482104794122 86.30000000000001
864 0.2013259452697145 86.40000000000001
865 0.2015029503067702 86.5
866 0.2016796028820759 86.60000000000001
867 0.201855230524834 86.7
868 0.2020289157990164 86.80000000000001
869 0.2022025287225511 86.90000000000001
870 0.2023762889810903 87
871 0.2025501765826958 87.10000000000001
872 0.2027232580131623 87.2
873 0.2028939491129977 87.30000000000001
874 0.2030641043161849 87.40000000000001
875 0.2032349524712189 87.5
876 0.2034046309029347 87.60000000000001
877 0.2035739125931377 87.7
878 0.2037434347603279 87.80000000000001
879 0.2039126361367131 87.90000000000001
880 0.2040810946978224 88
881 0.2042497596412347 88.10000000000001
882 0.2044166592773994 88.2
883 0.204581601685501 88.30000000000001
884 0.2047478091059223 88.40000000000001
885 0.2049146583343646 88.5
886 0.2050815601978483 88.60000000000001
887 0.2052491339375266 88.7
888 0.2054169904390028 88.80000000000001
889 0.2055815809584818 88.90000000000001
890 0.2057452191881315 89
891 0.205909331924295 89.10000000000001
892 0.2060735458577559 89.2
893 0.2062386908908458 89.30000000000001
894 0.2064030690222834 89.40000000000001
895 0.2065672952535291 89.5
896 0.206731651896259 89.60000000000001
897 0.2068958326429345 89.7
898 0.207060239032483 89.80000000000001
899 0.2072249421748835 89.90000000000001
900 0.2073888406364321 90
901 0.2075535701522446 90.10000000000001
902 0.2077196617998403 90.2
903 0.2078864858261614 90.30000000000001
904 0.2080549370601862 90.40000000000001
905 0.2082222865720621 90.5
906 0.2083897577998397 90.60000000000001
907 0.2085558901740984 90.7
908 0.2087212361270078 90.80000000000001
909 0.2088874217498224 90.90000000000001
910 0.209054157625171 91
911 0.2092217006151475 91.10000000000001
912 0.2093901243414343 91.2
913 0.209556362195244 91.30000000000001
914 0.2097229397659264 91.40000000000001
915 0.2098886223825456 91.5
916 0.2100521740599731 91.60000000000001
917 0.2102144839376857 91.7
918 0.2103760730517829 91.80000000000001
919 0.2105379183796965 91.90000000000001
920 0.210699503375182 92
921 0.2108604154486358 92.10000000000001
922 0.2110216530582887 92.2
923 0.2111836124210097 92.30000000000001
924 0.2113455747189353 92.40000000000001
925 0.2115073735007267 92.5
926 0.2116678684200398 92.60000000000001
927 0.2118278841803661 92.7
928 0.2119859063454547 92.80000000000001
929 0.2121443763868127 92.90000000000001
930 0.212303226621544 93
931 0.212462454623381 93.10000000000001
932 0.2126221553703622 93.2
933 0.2127821076968369 93.30000000000001
934 0.2129412996078771 93.40000000000001
935 0.2130996421894892 93.5
936 0.213259188358528 93.60000000000001
937 0.2134194776513448 93.7
938 0.2135803771021521 93.80000000000001
939 0.2137418037966262 93.90000000000001
940 0.2139028643545523 94
941 0.2140643059199179 94.10000000000001
942 0.2142247430895892 94.2
943 0.2143842611097639 94.30000000000001
944 0.2145447122694631 94.40000000000001
945 0.2147057805154132 94.5
946 0.214866930818243 94.60000000000001
947 0.2150279204694994 94.7
948 0.2151893439162523 94.80000000000001
949 0.2153516175009624 94.90000000000001
950 0.2155145416664808 95
951 0.2156776379031758 95.10000000000001
952 0.215841146156062 95.2
953 0.2160057703708327 95.30000000000001
954 0.2161714970592108 95.40000000000001
955 0.2163370966112506 95.5
956 0.2165030741243567 95.60000000000001
957 0.2166693050791006 95.7
958 0.2168361446601064 95.80000000000001
959 0.2170034808951194 95.90000000000001
960 0.2171705355205591 96
961 0.2173380879098737 96.10000000000001
962 0.2175064598201475 96.2
963 0.2176756405334314 96.30000000000001
964 0.2178459707538567 96.40000000000001
965 0.2180173590892389 96.5
966 0.2181903644526542 96.60000000000001
967 0.218363444416717 96.7
968 0.2185356684252164 96.80000000000001
969 0.2187089785672869 96.90000000000001
970 0.2188832466901893 97
971 0.2190591048723168 97.10000000000001
972 0.2192361537988243 97.2
973 0.219412920064065 97.30000000000001
974 0.2195890869333701 97.40000000000001
975 0.219765980926799 97.5
976 0.2199442554533554 97.60000000000001
977 0.2201235948608322 97.7
978 0.2203029667940493 97.80000000000001
979 0.2204815033909053 97.90000000000001
980 0.2206594285552511 98
981 0.2208377086857717 98.10000000000001
982 0.2210166861775276 98.2
983 0.221196441968127 98.30000000000001
984 0.2213762842925799 98.40000000000001
985 0.2215558142741413 98.5
986 0.2217364818917132 98.60000000000001
987 0.2219163883699568 98.7
988 0.222094875353757 98.80000000000001
989 0.2222746017720648 98.90000000000001
990 0.2224555530217049 99
991 0.2226362348070778 99.10000000000001
992 0.2228181749412372 99.2
993 0.223000176366059 99.30000000000001
994 0.2231822505223828 99.40000000000001
995 0.2233648281092758 99.5
996 0.2235470225631735 99.60000000000001
997 0.2237297019258565 99.7
998 0.223912188376616 99.80000000000001
999 0.2240940626644189 99.90000000000001
1000 0.2242736729374878 100
1001 0.2244513485454628 100.1
1002 0.2246288343822389 100.2
1003 0.2248057486393128 100.3
1004 0.224981909601287 100.4
1005 0.2251565820539972 100.5
1006 0.2253313202676286 100.6
1007 0.2255053866829726 100.7
1008 0.225679023221842 100.8
1009 0.2258519102222733 100.9
1010 0.2260239906184462 101
1011 0.2261949351260388 101.1
1012 0.2263651369346903 101.2
1013 0.2265347639402946 101.3
1014 0.2267026253769712 101.4
1015 0.2268695324082403 101.5
1016 0.2270358488770266 101.6
1017 0.2272018951617739 101.7
1018 0.2273669423468552 101.8
1019 0.2275303378252531 101.9
1020 0.2276926319824792 102
1021 0.227853593585729 102.1
1022 0.228013922834458 102.2
1023 0.2281733439456399 102.3
1024 0.2283315690829308 102.4
1025 0.2284875013341008 102.5
1026 0.2286425915739531 102.6
1027 0.2287971245108651 102.7
1028 0.2289511229716784 102.8
1029 0.2291047912600681 102.9
1030 0.2292582473063566 103
1031 0.2294114169407864 103.1
1032 0.2295638900059328 103.2
1033 0.229716279261559 103.3
1034 0.2298690923345149 103.4
1035 0.2300223835298292 103.5
1036 0.2301750429285703 103.6
1037 0.2303278646944585 103.7
1038 0.2304810689111702 103.8
1039 0.2306343343204905 103.9
1040 0.2307885121012535 104
1041 0.230943612445006 104.1
1042 0.2310996466968773 104.2
1043 0.2312560539436353 104.3
1044 0.2314120416712194 104.4
1045 0.2315666705699808 104.5
1046 0.2317217695577465 104.6
1047 0.2318774205361171 104.7
1048 0.2320338715158984 104.8
1049 0.2321915106919462 104.9
1050 0.2323508284120044 105
1051 0.232510202446684 105.1
1052 0.2326703988953298 105.2
1053 0.2328320539336721 105.3
1054 0.2329956994665434 105.4
1055 0.2331617123891755 105.5
1056 0.2333298359480178 105.6
1057 0.2334986689052754 105.7
1058 0.233667612280034 105.8
1059 0.2338360219971753 105.9
1060 0.2340052725498391 106
1061 0.2341741784247039 106.1
1062 0.2343428010834442 106.2
1063 0.2345109613898024 106.3
1064 0.2346795235086244 106.4
1065 0.23484716659077 106.5
1066 0.235014080143084 106.6
1067 0.2351806185405247 106.7
1068 0.2353475650500826 106.8
1069 0.235514840610692 106.9
1070 0.2356824006417517 107
1071 0.2358498954301951 107.1
1072 0.2360167772152581 107.2
1073 0.236182091074788 107.3
1074 0.2363458538097034 107.4
1075 0.2365080348489121 107.5
1076 0.2366700846376673 107.6
1077 0.2368316394658331 107.7
1078 0.2369921234720697 107.8
1079 0.2371506722888096 107.9
1080 0.2373085919365698 108
1081 0.2374662337345808 108.1
1082 0.2376220497130232 108.2
1083 0.2377766844853498 108.3
1084 0.2379302557288735 108.4
1085 0.2380830910567588 108.5
1086 0.2382356756271894 108.6
1087 0.2383887195090865 108.7
1088 0.2385419990036557 108.8
1089 0.2386957314346242 108.9
1090 0.2388481223976792 109
1091 0.2390000736910825 109.1
1092 0.2391520737998086 109.2
1093 0.2393047673355259 109.3
1094 0.2394587119389123 109.4
1095 0.2396131603362186 109.5
1096 0.2397669100054022 109.6
1097 0.2399212452051375 109.7
1098 0.2400749617837238 109.8
1099 0.240228404228886 109.9
1100 0.2403825769551004 110
1101 0.2405377721952666 110.1
1102 0.2406943720234867 110.2
1103 0.2408520679450759 110.3
1104 0.2410107047600613 110.4
1105 0.2411703959894111 110.5
1106 0.2413313291455635 110.6
1107 0.2414930495200957 110.7
1108 0.2416518280294881 110.8
1109 0.2418071851259056 110.9
1110 0.2419609586380208 111
1111 0.2421135384220808 111.1
1112 0.242265389139834 111.2
1113 0.2424158067712606 111.3
1114 0.2425645235143659 111.4
1115 0.2427129760627885 111.5
1116 0.2428597490596795 111.6
1117 0.2430063958914494 111.7
1118 0.2431530649811429 111.8
1119 0.2432996988013036 111.9
1120 0.243446479119879 112
1121 0.2435934638041876 112.1
1122 0.2437404726485757 112.2
1123 0.2438875567122614 112.3
1124 0.24403453174118 112.4
1125 0.2441817813312054 112.5
1126 0.2443282815602208 112.6
1127 0.2444726725145443 112.7
1128 0.2446171740691199 112.8
1129 0.2447617963284565 112.9
1130 0.2449070754022808 113
1131 0.2450530021988885 113.1
1132 0.245199634301277 113.2
1133 0.2453471188636643 113.3
1134 0.2454950476873242 113.4
1135 0.2456430197191829 113.5
1136 0.2457917887386719 113.6
1137 0.2459414089086003 113.7
1138 0.246091631152052 113.8
1139 0.2462431174765723 113.9
1140 0.2463961128124569 114
1141 0.246549986418447 114.1
1142 0.2467030513789284 114.2
1143 0.2468553854599547 114.3
1144 0.2470091470250725 114.4
1145 0.2471644934030726 114.5
1146 0.2473203761485127 114.6
1147 0.2474753174121074 114.7
1148 0.2476302137140519 114.8
1149 0.2477843581518989 114.9
1150 0.2479398609300524 115
1151 0.248095978964109 115.1
1152 0.2482521614846459 115.2
1153 0.2484079851632656 115.3
1154 0.2485640145662937 115.4
1155 0.2487209115704666 115.5
1156 0.2488783076884307 115.6
1157 0.2490363064894988 115.7
1158 0.2491946832981522 115.8
1159 0.2493533237814947 115.9
1160 0.2495122758880637 116
1161 0.2496709973923836 116.1
1162 0.2498294364019143 116.2
1163 0.2499877122301131 116.3
1164 0.2501449077277114 116.4
1165 0.2503019930190156 116.5
1166 0.2504576389540032 116.6
1167 0.2506129273161744 116.7
1168 0.2507673695154454 116.8
1169 0.2509208771164324 116.9
1170 0.251074318481335 117
1171 0.2512276792153881 117.1
1172 0.2513799648872536 117.2
1173 0.2515324156290342 117.3
1174 0.2516848165263874 117.4
1175 0.2518367413406361 117.5
1176 0.2519883045497949 117.6
1177 0.2521398623227066 117.7
1178 0.2522903972872647 117.8
1179 0.2524394280756379 117.9
1180 0.2525864856323838 118
1181 0.2527323339728507 118.1
1182 0.2528765942905796 118.2
1183 0.253020875521336 118.3
1184 0.2531651965852011 118.4
1185 0.2533094078110369 118.5
1186 0.2534537241574733 118.6
1187 0.2535978259018324 118.7
1188 0.2537421724141338 118.8
1189 0.2538867215056029 118.9
1190 0.2540316134259818 119
1191 0.2541766253458843 119.1
1192 0.2543215176661492 119.2
1193 0.254466256058696 119.3
1194 0.2546109200924456 119.4
1195 0.2547556408724322 119.5
1196 0.2549005732056444 119.6
1197 0.2550454576744186 119.7
1198 0.2551904012669465 119.8
1199 0.2553358680326208 119.9
1200 0.2554819697453679 120
1201 0.2556289321140141 120.1
1202 0.2557767834710464 120.2
1203 0.2559249431949879 120.3
1204 0.2560737298863773 120.4
1205 0.2562231216551804 120.5
1206 0.25637362973546 120.6
1207 0.256525335729582 120.7
1208 0.2566781405249279 120.8
1209 0.2568326370950662 120.9
1210 0.2569861640871212 121
1211 0.257138583455314 121.1
1212 0.2572914063260289 121.2
1213 0.2574446511776362 121.3
1214 0.2575972464267649 121.4
1215 0.2577492807602153 121.5
1216 0.2579016219712998 121.6
1217 0.2580538225025969 121.7
1218 0.2582062929455685 121.8
1219 0.2583585947513294 121.9
1220 0.2585100669884149 122
1221 0.2586598344740712 122.1
1222 0.2588072920291121 122.2
1223 0.2589545155606818 122.3
1224 0.2591005880968854 122.4
1225 0.2592451855030766 122.5
1226 0.259388343004393 122.6
1227 0.2595313508293058 122.7
1228 0.2596741922358529 122.8
1229 0.2598163182152437 122.9
1230 0.2599575302102249 123
1231 0.2600985931537371 123.1
1232 0.2602403422358134 123.2
1233 0.2603825539059454 123.3
1234 0.2605255391577511 123.4
1235 0.2606692612747455 123.5
1236 0.2608139384209598 123.6
1237 0.2609599646610041 123.7
1238 0.2611071830456662 123.8
1239 0.2612555764735888 123.9
1240 0.261404839855498 124
1241 0.2615542712440171 124.1
1242 0.2617028569102079 124.2
1243 0.2618515094569201 124.3
1244 0.2620018195959667 124.4
1245 0.2621497643576236 124.5
1246 0.2623003113491447 124.6
1247 0.2624543063539599 124.7
1248 0.2626091585058696 124.8
1249 0.2627632283761298 124.9
1250 0.2629157084443265 125
1251 0.2630700155270144 125.1
1252 0.263226666502571 125.2
1253 0.2633829442943684 125.3
1254 0.2635403932084669 125.4
1255 0.2636986919050977 125.5
1256 0.2638575190277011 125.6
1257 0.2640170685038613 125.7
1258 0.2641745254352533 125.8
1259 0.2643311751163405 125.9
1260 0.2644857994815581 126
1261 0.2646390710875503 126.1
1262 0.2647909065978841 126.2
1263 0.2649412926989024 126.3
1264 0.2650892816922629 126.4
1265 0.2652334905519687 126.5
1266 0.2653746149355377 126.6
1267 0.2655149155476639 126.7
1268 0.2656536992743934 126.8
1269 0.2657911302165999 126.9
1270 0.2659278570608883 127
1271 0.2660630469241113 127.1
1272 0.2661975989607345 127.2
1273 0.2663321729156302 127.3
1274 0.2664667647451615 127.4
1275 0.2666011967245312 127.5
1276 0.2667360797638578 127.6
1277 0.2668703800748509 127.7
1278 0.2670037918450141 127.8
1279 0.2671375537496652 127.9
1280 0.2672708979589656 128
1281 0.2674051779600339 128.1
1282 0.2675406892549934 128.2
1283 0.2676768803884544 128.3
1284 0.2678140479878928 128.4
1285 0.2679525825890433 128.5
1286 0.2680919405724545 128.6
1287 0.2682326179261236 128.7
1288 0.2683744275917109 128.8
1289 0.2685174859212501 128.9
1290 0.2686611272041786 129
1291 0.2688056242835392 129.1
1292 0.2689511529983076 129.2
1293 0.2690977911078535 129.3
1294 0.2692449897614508 129.4
1295 0.2693912094170183 129.5
1296 0.2695379101833195 129.6
1297 0.2696845557260198 129.7
1298 0.2698300275508499 129.8
1299 0.2699740614327417 129.9
1300 0.2701175288051945 130
1301 0.2702599486420289 130.1
1302 0.2704017652529441 130.2
1303 0.2705438243486453 130.3
1304 0.2706856967891994 130.4
1305 0.270827470697783 130.5
1306 0.2709694581705263 130.6
1307 0.271111251839077 130.7
1308 0.2712534495642807 130.8
1309 0.271396363497345 130.9
1310 0.2715395350401208 131
1311 0.2716835751161148 131.1
1312 0.271828394791004 131.2
1313 0.2719741806874775 131.3
1314 0.2721205383299525 131.4
1315 0.2722675975916222 131.5
1316 0.2724146165366377 131.6
1317 0.2725631101292676 131.7
1318 0.2727132714945839 131.8
1319 0.2728626605754884 131.9
1320 0.2730128480751322 132
1321 0.2731651639345017 132.1
1322 0.2733194571017016 132.2
1323 0.2734734516352418 132.3
1324 0.2736276770931912 132.4
1325 0.2737833001756982 132.5
1326 0.2739400695883102 132.6
1327 0.2740958365275643 132.7
1328 0.2742509361734288 132.8
1329 0.2744040679761828 132.9
1330 0.2745566809537406 133
1331 0.2747091462781308 133.1
1332 0.2748616962850446 133.2
1333 0.2750132678537404 133.3
1334 0.2751639005133322 133.4
1335 0.2753135501572898 133.5
1336 0.2754624434294976 133.6
1337 0.2756109144245502 133.7
1338 0.2757577990636475 133.8
1339 0.2759032293287929 133.9
1340 0.2760472520163301 134
1341 0.276190588656486 134.1
1342 0.2763330964131375 134.2
1343 0.2764756384327883 134.3
1344 0.2766187710294681 134.4
1345 0.2767624819098891 134.5
1346 0.2769059022955045 134.6
1347 0.2770501749165464 134.7
1348 0.2771955668676919 134.8
1349 0.2773417884188659 134.9
1350 0.2774879338753601 135
1351 0.2776344881117029 135.1
1352 0.2777817688254841 135.2
1353 0.2779301621923043 135.3
1354 0.2780783404269841 135.4
1355 0.2782272623589501 135.5
1356 0.2783762711672637 135.6
1357 0.2785250116222201 135.7
1358 0.2786759169058924 135.8
1359 0.2788287937693633 135.9
1360 0.2789846734103162 136
1361 0.2791368766972239 136.1
1362 0.2792903456180137 136.2
1363 0.2794408189556219 136.3
1364 0.2795925457605342 136.4
1365 0.2797423901793832 136.5
1366 0.27989240182443 136.6
1367 0.280042799814627 136.7
1368 0.2801937681305628 136.8
1369 0.2803428972774214 136.9
1370 0.2804902669591443 137
1371 0.2806355927799457 137.1
1372 0.2807801786984807 137.2
1373 0.2809241738713244 137.3
1374 0.2810682447548304 137.4
1375 0.2812117814200457 137.5
1376 0.281354874702962 137.6
1377 0.281497981324287 137.7
1378 0.2816402858854291 137.8
1379 0.2817813710295305 137.9
1380 0.2819210141054251 138
1381 0.2820604746635162 138.1
1382 0.2821997947381387 138.2
1383 0.2823389502824218 138.3
1384 0.2824780292750828 138.4
1385 0.2826168684808014 138.5
1386 0.2827556533278995 138.6
1387 0.2828938063760017 138.7
1388 0.2830316580833704 138.8
1389 0.2831691227757022 138.9
1390 0.2833071836762011 139
1391 0.2834454927373338 139.1
1392 0.2835845199455445 139.2
1393 0.2837242387279426 139.3
1394 0.2838648988710992 139.4
1395 0.2840057257715308 139.5
1396 0.2841463642735976 139.6
1397 0.2842876265515998 139.7
1398 0.284429551118775 139.8
1399 0.2845717956776779 139.9
1400 0.2847139057734639 140
1401 0.284855461795975 140.1
1402 0.2849974532247331 140.2
1403 0.2851391519396299 140.3
1404 0.2852806791048944 140.4
1405 0.285421460112925 140.5
1406 0.2855635403508745 140.6
1407 0.285706904222962 140.7
1408 0.2858514805483692 140.8
1409 0.2859967635663312 140.9
1410 0.2861426944491491 141
1411 0.2862899057834651 141.1
1412 0.2864390827056504 141.2
1413 0.2865886017940954 141.3
1414 0.2867393576927617 141.4
1415 0.2868912745763163 141.5
1416 0.2870433720164919 141.6
1417 0.2871961094867047 141.7
1418 0.2873497927228961 141.8
1419 0.2875044591586854 141.9
1420 0.2876596306078093 142
1421 0.2878146416763479 142.1
1422 0.2879692301482631 142.2
1423 0.2881236003553884 142.3
1424 0.2882783216367244 142.4
1425 0.2884339834403934 142.5
1426 0.2885903038541087 142.6
1427 0.2887477240203784 142.7
1428 0.288907743484538 142.8
1429 0.2890683523554305 142.9
1430 0.2892300550025725 143
1431 0.289392686095486 143.1
1432 0.289558410947836 143.2
1433 0.2897258104392091 143.3
1434 0.2898950270370719 143.4
1435 0.2900626668344751 143.5
1436 0.2902307226361273 143.6
1437 0.2903992925213315 143.7
1438 0.2905691834511723 143.8
1439 0.2907363728401999 143.9
1440 0.2909039815320805 144
1441 0.2910732725364662 144.1
1442 0.2912406061209795 144.2
1443 0.2914038228266351 144.3
1444 0.2915652237448127 144.4
1445 0.2917263508049999 144.5
1446 0.2918882393847126 144.6
1447 0.2920513020074761 144.7
1448 0.2922150952022132 144.8
1449 0.2923790021651467 144.9
1450 0.2925390999446362 145
1451 0.2926992711685337 145.1
1452 0.2928598972579331 145.2
1453 0.2930220337877376 145.3
1454 0.2931842639451689 145.4
1455 0.2933452883872584 145.5
1456 0.2935058372388931 145.6
1457 0.2936634985048958 145.7
1458 0.2938157722199924 145.8
1459 0.2939643795396776 145.9
1460 0.2941087073613763 146
1461 0.2942512844194938 146.1
1462 0.2943918958518895 146.2
1463 0.2945318992690918 146.3
1464 0.2946711260097866 146.4
1465 0.2948067649290433 146.5
1466 0.2949417983982734 146.6
1467 0.2950775962064695 146.7
1468 0.2952142060168969 146.8
1469 0.2953520341552914 146.9
1470 0.2954891973751261 147
1471 0.2956260335552234 147.1
1472 0.29576328631175 147.2
1473 0.2959039452215303 147.3
1474 0.2960480618871373 147.4
1475 0.29619077680853 147.5
1476 0.2963362239782289 147.6
1477 0.2964795273524655 147.7
1478 0.2966184786356834 147.8
1479 0.2967586705343211 147.9
1480 0.296899042301883 148
1481 0.2970387936966014 148.1
1482 0.2971786966477791 148.2
1483 0.2973174964803164 148.3
1484 0.2974530801370665 148.4
1485 0.2975881439928078 148.5
1486 0.2977239422864515 148.6
1487 0.2978603513611351 148.7
1488 0.2979975099323744 148.8
1489 0.298134793862925 148.9
1490 0.2982723163066968 149
1491 0.2984108229251916 149.1
1492 0.2985495705680686 149.2
1493 0.2986888776353742 149.3
1494 0.2988293648600112 149.4
1495 0.2989700448231482 149.5
1496 0.2991115979336811 149.6
1497 0.2992531729504764 149.7
1498 0.2993912235126863 149.8
1499 0.2995282950715827 149.9
1500 0.2996640682642572 150
1501 0.2998000007444879 150.1
1502 0.2999365737077971 150.2
1503 0.3000733391544601 150.3
1504 0.3002095662976759 150.4
1505 0.3003453548070844 150.5
1506 0.3004820497140231 150.6
1507 0.3006200239494765 150.7
1508 0.3007591767924955 150.8
1509 0.3008987703220016 150.9
1510 0.3010396805893256 151
1511 0.3011819731165618 151.1
1512 0.3013252758901744 151.2
1513 0.301470377023828 151.3
1514 0.3016176795006341 151.4
1515 0.3017675042448952 151.5
1516 0.3019200798485041 151.6
1517 0.3020745101980644 151.7
1518 0.3022303452735311 151.8
1519 0.3023858981451466 151.9
1520 0.3025422850336404 152
1521 0.3026988188250515 152.1
1522 0.3028544964938845 152.2
1523 0.3030089027413062 152.3
1524 0.3031649315939833 152.4
1525 0.3033202531487188 152.5
1526 0.3034719965212547 152.6
1527 0.3036215892137192 152.7
1528 0.3037693483848976 152.8
1529 0.3039160268022771 152.9
1530 0.304061485817159 153
1531 0.3042056176427587 153.1
1532 0.3043498742761314 153.2
1533 0.3044949758973021 153.3
1534 0.304640515335998 153.4
1535 0.3047862577779336 153.5
1536 0.3049309953039607 153.6
1537 0.3050763266573203 153.7
1538 0.3052211710855988 153.8
1539 0.3053656982201741 153.9
1540 0.305510375355742 154
1541 0.305652235011362 154.1
1542 0.3057933047177837 154.2
1543 0.3059336974422919 154.3
1544 0.3060714590431531 154.4
1545 0.3062081840070376 154.5
1546 0.3063453773451626 154.6
1547 0.3064826008133013 154.7
1548 0.3066198518631443 154.8
1549 0.3067565489202533 154.9
1550 0.3068928434064995 155
1551 0.3070278345216113 155.1
1552 0.3071622182331031 155.2
1553 0.3072964274993807 155.3
1554 0.3074306396780015 155.4
1555 0.3075651665743706 155.5
1556 0.3076999565237319 155.6
1557 0.3078351903529599 155.7
1558 0.3079708339025404 155.8
1559 0.3081067406530508 155.9
1560 0.3082424988349949 156
1561 0.3083769552171741 156.1
1562 0.3085108776780478 156.2
1563 0.3086448561093015 156.3
1564 0.3087783982433325 156.4
1565 0.3089121799845423 156.5
1566 0.3090463544891692 156.6
1567 0.3091811460609238 156.7
1568 0.3093164962771274 156.8
1569 0.3094517279471198 156.9
1570 0.3095865301045778 157
1571 0.3097215961905413 157.1
1572 0.3098574146095194 157.2
1573 0.3099940524930069 157.3
1574 0.3101316153995102 157.4
1575 0.3102696789426709 157.5
1576 0.3104088993816467 157.6
1577 0.3105490455218011 157.7
1578 0.3106901433076314 157.8
1579 0.3108327150924614 157.9
1580 0.3109768409474299 158
1581 0.3111222792256743 158.1
1582 0.3112676436067358 158.2
1583 0.3114129928845903 158.3
1584 0.3115589853138243 158.4
1585 0.3117061737149118 158.5
1586 0.3118545649314852 158.6
1587 0.3120037956176945 158.7
1588 0.3121544389497871 158.8
1589 0.31230438046422 158.9
1590 0.3124549586879592 159
1591 0.3126054002254995 159.1
1592 0.3127548449830481 159.2
1593 0.3129051329462508 159.3
1594 0.3130562715132072 159.4
1595 0.3132080866111907 159.5
1596 0.3133609101072228 159.6
1597 0.3135151064497262 159.7
1598 0.3136706642966495 159.8
1599 0.3138275730945599 159.9
1600 0.3139867522094915 160
1601 0.3141484429256163 160.1
1602 0.3143043723370658 160.2
1603 0.3144614213596342 160.3
1604 0.3146225428312335 160.4
1605 0.3147828396929224 160.5
1606 0.3149376246673684 160.6
1607 0.3150916375309235 160.7
1608 0.3152456295229514 160.8
1609 0.315402375111062 160.9
1610 0.3155612924701396 161
1611 0.3157215712370079 161.1
1612 0.3158822058217515 161.2
1613 0.316045293158106 161.3
1614 0.3162063564901432 161.4
1615 0.3163647090166452 161.5
1616 0.3165252793851545 161.6
1617 0.316686582098924 161.7
1618 0.316848171750988 161.8
1619 0.3170080848204362 161.9
1620 0.3171684389193127 162
1621 0.3173256872177747 162.1
1622 0.3174818209986423 162.2
1623 0.3176401230260901 162.3
1624 0.3177976092344064 162.4
1625 0.3179524924828996 162.5
1626 0.3181051295629746 162.6
1627 0.3182583106773956 162.7
1628 0.3184087565037123 162.8
1629 0.3185538781135114 162.9
1630 0.3186983144069355 163
1631 0.3188429710179959 163.1
1632 0.3189842943450221 163.2
1633 0.3191258748361086 163.3
1634 0.3192673848970876 163.4
1635 0.3194075357472131 163.5
1636 0.3195452609350255 163.6
1637 0.3196818239636409 163.7
1638 0.3198175110310674 163.8
1639 0.3199526183045058 163.9
1640 0.3200869787215898 164
1641 0.3202216221178262 164.1
1642 0.3203560576274278 164.2
1643 0.3204906685982954 164.3
1644 0.320625744443738 164.4
1645 0.3207608575125983 164.5
1646 0.3208961316014234 164.6
1647 0.3210311897582526 164.7
1648 0.3211662930570663 164.8
1649 0.3213010258445804 164.9
1650 0.3214346198199993 165
1651 0.3215685679810252 165.1
1652 0.3217034665355573 165.2
1653 0.3218392556060939 165.3
1654 0.3219756113793942 165.4
1655 0.322111901391767 165.5
1656 0.3222472624903284 165.6
1657 0.3223832532069233 165.7
1658 0.3225206750516903 165.8
1659 0.3226593770022773 165.9
1660 0.3227980575497769 166
1661 0.3229377220933324 166.1
1662 0.3230775780530049 166.2
1663 0.3232182449027241 166.3
1664 0.3233591830317389 166.4
1665 0.3235015819125391 166.5
1666 0.3236430118436906 166.6
1667 0.3237855244293613 166.7
1668 0.3239298276008936 166.8
1669 0.3240748466436526 166.9
1670 0.3242174754515338 167
1671 0.3243602363368627 167.1
1672 0.3245025381469314 167.2
1673 0.3246442666342116 167.3
1674 0.3247859748152748 167.4
1675 0.3249270487375809 167.5
1676 0.3250673858855774 167.6
1677 0.3252081931483141 167.7
1678 0.3253492413947821 167.8
1679 0.3254903002626163 167.9
1680 0.3256320580811485 168
1681 0.3257746338547572 168.1
1682 0.3259179848905535 168.2
1683 0.3260612541695819 168.3
1684 0.3262045689032281 168.4
1685 0.3263469010115893 168.5
1686 0.3264892579124343 168.6
1687 0.3266326960868101 168.7
1688 0.3267739514910171 168.8
1689 0.3269147767809686 168.9
1690 0.3270554542083646 169
1691 0.3271964401547582 169.1
1692 0.3273372848968463 169.2
1693 0.3274720477825734 169.3
1694 0.3276046331397137 169.4
1695 0.32773542674471 169.5
1696 0.327863757917604 169.6
1697 0.3279914044526481 169.7
1698 0.3281187421698235 169.8
1699 0.3282447392774677 169.9
1700 0.3283678060500257 170
1701 0.3284889573093692 170.1
1702 0.3286101272895457 170.2
1703 0.328731374021069 170.3
1704 0.328851512652603 170.4
1705 0.3289713017112562 170.5
1706 0.3290911259364405 170.6
1707 0.3292108558964147 170.7
1708 0.3293297397786082 170.8
1709 0.3294486934375938 170.9
1710 0.3295677693713648 171
1711 0.3296866569563334 171.1
1712 0.3298050264347496 171.2
1713 0.329922780302266 171.3
1714 0.330040694919338 171.4
1715 0.330158736593931 171.5
1716 0.330277969262329 171.6
1717 0.3304002165163982 171.7
1718 0.33051825279215 171.8
1719 0.3306371575827159 171.9
1720 0.3307590342808426 172
1721 0.3308784518470053 172.1
1722 0.3309944236939209 172.2
1723 0.3311094198304424 172.3
1724 0.3312243672826397 172.4
1725 0.3313402477067665 172.5
1726 0.331456394731827 172.6
1727 0.3315738495521956 172.7
1728 0.3316930508602703 172.8
1729 0.3318131484049563 172.9
1730 0.3319342047171244 173
1731 0.3320539856936975 173.1
1732 0.3321730095747775 173.2
1733 0.332292890863423 173.3
1734 0.3324131935437166 173.4
1735 0.3325317358597663 173.5
1736 0.3326503641255217 173.6
1737 0.3327695116560874 173.7
1738 0.3328875540562948 173.8
1739 0.3330056045081749 173.9
1740 0.3331236836294605 174
1741 0.3332406758262634 174.1
1742 0.3333577360875406 174.2
1743 0.3334744022847767 174.3
1744 0.3335903650509848 174.4
1745 0.3337061641311028 174.5
1746 0.3338222156479783 174.6
1747 0.3339381308900161 174.7
1748 0.3340545191471245 174.8
1749 0.3341714108471363 174.9
1750 0.3342889585987313 175
1751 0.3344069769349366 175.1
1752 0.3345256366300979 175.2
1753 0.3346449903755058 175.3
1754 0.3347637596984567 175.4
1755 0.3348820943929198 175.5
1756 0.3350008235658321 175.6
1757 0.3351201985244441 175.7
1758 0.3352397391369487 175.8
1759 0.3353599643603156 175.9
1760 0.3354808491014291 176
1761 0.3356023362512495 176.1
1762 0.3357238247105301 176.2
1763 0.3358458552070745 176.3
1764 0.3359684911120334 176.4
1765 0.3360919131270259 176.5
1766 0.3362159278338337 176.6
1767 0.3363408081006581 176.7
1768 0.3364663727400843 176.8
1769 0.3365926461725148 176.9
1770 0.3367199621002955 177
1771 0.3368462278783912 177.1
1772 0.3369729404568362 177.2
1773 0.3371009706798097 177.3
1774 0.3372300005907363 177.4
1775 0.3373609369015812 177.5
1776 0.3374928210128687 177.6
1777 0.3376279294832236 177.7
1778 0.337767782306526 177.8
1779 0.3379089553574811 177.9
1780 0.3380535092303596 178
1781 0.338196580471485 178.1
1782 0.3383383947634588 178.2
1783 0.3384811872513743 178.3
1784 0.3386236524404698 178.4
1785 0.3387677044031343 178.5
1786 0.3389122385389217 178.6
1787 0.3390561918176546 178.7
1788 0.3392043813729463 178.8
1789 0.3393544253043432 178.9
1790 0.3395022351983481 179
1791 0.3396481193237128 179.1
1792 0.3397931339220452 179.2
1793 0.3399388140329888 179.3
1794 0.340082568201231 179.4
1795 0.3402279258380375 179.5
1796 0.3403744742090878 179.6
1797 0.3405181152160298 179.7
1798 0.3406599133016548 179.8
1799 0.3407973961159424 179.9
1800 0.3409336859963601 180
1801 0.3410654461805439 180.1
1802 0.3411955643836691 180.2
1803 0.3413243190952903 180.3
1804 0.3414541774990413 180.4
1805 0.3415843991502815 180.5
1806 0.3417137823442591 180.6
1807 0.3418417253421046 180.7
1808 0.3419679719569724 180.8
1809 0.342094156380894 180.9
1810 0.342220634979731 181
1811 0.3423484753551606 181.1
1812 0.3424765870683357 181.2
1813 0.3426044706934173 181.3
1814 0.3427313302111003 181.4
1815 0.342856236180984 181.5
1816 0.3429785822198679 181.6
1817 0.3430996567972656 181.7
1818 0.343219796080837 181.8
1819 0.3433399582669582 181.9
1820 0.3434602537655387 182
1821 0.343580439561462 182.1
1822 0.3437000769815733 182.2
1823 0.3438183972758923 182.3
1824 0.3439357428950888 182.4
1825 0.3440531728153111 182.5
1826 0.3441710856822285 182.6
1827 0.3442886880628546 182.7
1828 0.344406547555337 182.8
1829 0.3445238352315278 182.9
1830 0.3446410093164345 183
1831 0.3447600402950269 183.1
1832 0.3448806777712968 183.2
1833 0.3450030630316758 183.3
1834 0.3451257703206884 183.4
1835 0.3452510343001959 183.5
1836 0.3453795337132579 183.6
1837 0.3455080727671388 183.7
1838 0.3456395112636722 183.8
1839 0.3457697919265841 183.9
1840 0.3458989625530954 184
1841 0.3460300317666132 184.1
1842 0.3461561421806038 184.2
1843 0.3462798147570277 184.3
1844 0.3464049936776027 184.4
1845 0.3465271596527116 184.5
1846 0.3466470451067905 184.6
1847 0.3467705317813869 184.7
1848 0.3468955681819949 184.8
1849 0.3470201668427111 184.9
1850 0.3471457229501435 185
1851 0.347270104505172 185.1
1852 0.347393209319054 185.2
1853 0.3475158617387512 185.3
1854 0.3476400855597018 185.4
1855 0.347764228658628 185.5
1856 0.3478899321047521 185.6
1857 0.3480167464163885 185.7
1858 0.3481442189844579 185.8
1859 0.348271320920357 185.9
1860 0.3483994435566486 186
1861 0.3485282797609164 186.1
1862 0.3486565711343308 186.2
1863 0.3487810045726958 186.3
1864 0.3489032633740327 186.4
1865 0.3490245732173186 186.5
1866 0.3491473722123637 186.6
1867 0.3492708480938463 186.7
1868 0.3493948841256616 186.8
1869 0.3495206235240387 186.9
1870 0.3496482923842384 187
1871 0.3497772613891373 187.1
1872 0.3499072140389759 187.2
1873 0.3500375216948503 187.3
1874 0.350167194294997 187.4
1875 0.3502987460121635 187.5
1876 0.3504321429950329 187.6
1877 0.3505660630509964 187.7
1878 0.35070202425165 187.8
1879 0.3508389640831566 187.9
1880 0.3509766347565486 188
1881 0.351115321950153 188.1
1882 0.3512528915438538 188.2
1883 0.3513925110731742 188.3
1884 0.3515347468223395 188.4
1885 0.3516798986462755 188.5
1886 0.3518249486119654 188.6
1887 0.3519704208252287 188.7
1888 0.3521126666242259 188.8
1889 0.3522495894815352 188.9
1890 0.352388555572129 189
1891 0.3525274671472847 189.1
1892 0.3526638128577237 189.2
1893 0.3528020217808133 189.3
1894 0.3529394136719417 189.4
1895 0.3530772569166861 189.5
1896 0.3532159019732606 189.6
1897 0.3533539906809769 189.7
1898 0.353489396900988 189.8
1899 0.3536231379406668 189.9
1900 0.3537583539724474 190
1901 0.3538929352600729 190.1
1902 0.3540298832565311 190.2
1903 0.3541686989447974 190.3
1904 0.3543070170533276 190.4
1905 0.3544476477104648 190.5
1906 0.3545877446781119 190.6
1907 0.3547325659350753 190.7
1908 0.3548811357186049 190.8
1909 0.3550341933763234 190.9
1910 0.3551908599813749 191
1911 0.3553445817215427 191.1
1912 0.3554976347927254 191.2
1913 0.3556469578797833 191.3
1914 0.3558038052007318 191.4
1915 0.3559605772169088 191.5
1916 0.3561204380457052 191.6
1917 0.3562752948465273 191.7
1918 0.3564272144970118 191.8
1919 0.3565723014873928 191.9
1920 0.3567149387145824 192
1921 0.3568592863008551 192.1
1922 0.3570020504746682 192.2
1923 0.357143211327428 192.3
1924 0.3572796051342871 192.4
1925 0.3574144316746008 192.5
1926 0.3575461732696044 192.6
1927 0.3576756729312269 192.7
1928 0.3578034022791358 192.8
1929 0.3579285138451312 192.9
1930 0.3580519977349756 193
1931 0.3581724838298166 193.1
1932 0.358291947337419 193.2
1933 0.3584110298498471 193.3
1934 0.3585288046670274 193.4
1935 0.3586466589906209 193.5
1936 0.358765168698968 193.6
1937 0.3588852576620983 193.7
1938 0.3590037161729517 193.8
1939 0.3591209841967906 193.9
1940 0.3592374279925448 194
1941 0.359350904418194 194.1
1942 0.3594596081479906 194.2
1943 0.3595650951499206 194.3
1944 0.3596702315637524 194.4
1945 0.3597761892060749 194.5
1946 0.3598832893940949 194.6
1947 0.3599916783428888 194.7
1948 0.3601009416443566 194.8
1949 0.360210158995432 194.9
1950 0.3603203381109625 195
1951 0.3604318520201413 195.1
1952 0.3605444572120555 195.2
1953 0.3606586356001528 195.3
1954 0.3607736752431263 195.4
1955 0.3608897225427072 195.5
1956 0.3610064418278849 195.6
1957 0.36112149118466 195.7
1958 0.3612357908509658 195.8
1959 0.3613488258158563 195.9
1960 0.3614611261764398 196
1961 0.3615741253299152 196.1
1962 0.3616865376317106 196.2
1963 0.3617966778355427 196.3
1964 0.3619066131839023 196.4
1965 0.3620157545045218 196.5
1966 0.3621252699813131 196.6
1967 0.3622351730567833 196.7
1968 0.3623448454848885 196.8
1969 0.3624555216266211 196.9
1970 0.3625669120416586 197
1971 0.3626786944748111 197.1
1972 0.3627900661550844 197.2
1973 0.3629024160318415 197.3
1974 0.3630150538299569 197.4
1975 0.3631278573487984 197.5
1976 0.3632398270997734 197.6
1977 0.3633518362305909 197.7
1978 0.363464104089724 197.8
1979 0.3635769381875298 197.9
1980 0.3636899226798309 198
1981 0.3638029001175538 198.1
1982 0.3639160101658072 198.2
1983 0.3640288572605033 198.3
1984 0.3641419548046891 198.4
1985 0.3642548555301727 198.5
1986 0.364368103392335 198.6
1987 0.3644812508058258 198.7
1988 0.3645942638543746 198.8
1989 0.364706367416877 198.9
1990 0.3648185790668044 199
1991 0.3649310838961461 199.1
1992 0.3650448746321947 199.2
1993 0.365159969999472 199.3
1994 0.365276112344926 199.4
1995 0.3653933916130249 199.5
1996 0.365511784992511 199.6
1997 0.3656308566380873 199.7
1998 0.3657514373007298 199.8
1999 0.3658718901100211 199.9
2000 0.3659930366026693 200
2001 0.3661155289154557 200.1
2002 0.3662376143956291 200.2
2003 0.3663604492587917 200.3
2004 0.366484389850451 200.4
2005 0.3666087444697115 200.5
2006 0.3667346565812678 200.6
2007 0.3668620843275553 200.7
2008 0.3669906065550958 200.8
2009 0.3671194506503317 200.9
2010 0.3672465966690606 201
2011 0.367371886456733 201.1
2012 0.3674964948979408 201.2
2013 0.3676217168337395 201.3
2014 0.3677482710961296 201.4
2015 0.3678753918132858 201.5
2016 0.36800322280194 201.6
2017 0.368130410549445 201.7
2018 0.3682574789373021 201.8
2019 0.3683841944991781 201.9
2020 0.3685112069817472 202
2021 0.3686389751568129 202.1
2022 0.3687673303244809 202.2
2023 0.3688970997468727 202.3
2024 0.3690286530870114 202.4
2025 0.3691553984140131 202.5
2026 0.3692812845773178 202.6
2027 0.3694070345137846 202.7
2028 0.369534485079468 202.8
2029 0.3696663185579899 202.9
2030 0.369792262370668 203
2031 0.3699213779446572 203.1
2032 0.3700543685941746 203.2
2033 0.3701816870097044 203.3
2034 0.3703076457620557 203.4
2035 0.3704324888745589 203.5
2036 0.3705598410627534 203.6
2037 0.370687986993249 203.7
2038 0.3708182244425647 203.8
2039 0.3709498552010158 203.9
2040 0.3710789438122998 204
2041 0.3712080775614983 204.1
2042 0.3713376397706385 204.2
2043 0.371462025137267 204.3
2044 0.3715850111548299 204.4
2045 0.371708587629082 204.5
2046 0.3718310920674728 204.6
2047 0.3719512998872336 204.7
2048 0.3720717886104627 204.8
2049 0.372193307348078 204.9
2050 0.3723131254208866 205
2051 0.3724328750804605 205.1
2052 0.3725534659933493 205.2
2053 0.3726749257212691 205.3
2054 0.3727963330888351 205.4
2055 0.3729183021678702 205.5
2056 0.3730415202206557 205.6
2057 0.3731659426519283 205.7
2058 0.3732897916081609 205.8
2059 0.3734140953075629 205.9
2060 0.3735398496985595 206
2061 0.3736666467991674 206.1
2062 0.3737952249492393 206.2
2063 0.3739255641267444 206.3
2064 0.3740572800092938 206.4
2065 0.3741894930117618 206.5
2066 0.3743212588790851 206.6
2067 0.3744509564136806 206.7
2068 0.3745804313686061 206.8
2069 0.3747102301865767 206.9
2070 0.3748370438730645 207
2071 0.3749647869519029 207.1
2072 0.375093708454504 207.2
2073 0.3752234656675813 207.3
2074 0.3753544910229073 207.4
2075 0.3754884525287807 207.5
2076 0.3756226677427346 207.6
2077 0.3757597501304036 207.7
2078 0.3758941710022772 207.8
2079 0.3760267218573591 207.9
2080 0.376162111692906 208
2081 0.3762975892614644 208.1
2082 0.3764314632287694 208.2
2083 0.3765672810888611 208.3
2084 0.3766970663063457 208.4
2085 0.3768285918985148 208.5
2086 0.3769648237625123 208.6
2087 0.37710087309343 208.7
2088 0.3772357677954213 208.8
2089 0.3773749670816788 208.9
2090 0.3775176556534211 209
2091 0.3776604155659992 209.1
2092 0.3778078338388259 209.2
2093 0.3779503886138444 209.3
2094 0.3780939784551288 209.4
2095 0.3782332704086951 209.5
2096 0.3783678096516209 209.6
2097 0.3785003045973533 209.7
2098 0.3786351065043498 209.8
2099 0.3787688225770369 209.9
2100 0.3789029008688523 210
2101 0.3790377589064881 210.1
2102 0.3791724970444679 210.2
2103 0.3793045080833277 210.3
2104 0.3794345659782766 210.4
2105 0.3795622745937194 210.5
2106 0.3796839611888024 210.6
2107 0.3798018362704303 210.7
2108 0.37991858843019 210.8
2109 0.3800333313531734 210.9
2110 0.3801460727260046 211
2111 0.380259145314511 211.1
2112 0.3803723054592522 211.2
2113 0.3804868556391389 211.3
2114 0.3806030987272069 211.4
2115 0.3807208293985945 211.5
2116 0.38084034307806 211.6
2117 0.3809614888445818 211.7
2118 0.3810847922220937 211.8
2119 0.3812098045330298 211.9
2120 0.3813356058257709 212
2121 0.3814616099983972 212.1
2122 0.3815880457498972 212.2
2123 0.3817160593790541 212.3
2124 0.3818466429053322 212.4
2125 0.3819782241388318 212.5
2126 0.3821103278361198 212.6
2127 0.3822445762661125 212.7
2128 0.3823804461695267 212.8
2129 0.3825177349946259 212.9
2130 0.3826552149829239 213
2131 0.3827941776351967 213.1
2132 0.3829337334409973 213.2
2133 0.3830735682704516 213.3
2134 0.3832137378407636 213.4
2135 0.3833538971174097 213.5
2136 0.3834938534324315 213.6
2137 0.3836330190843118 213.7
2138 0.3837704453072174 213.8
2139 0.3839073222074938 213.9
2140 0.3840425618871946 214
2141 0.3841772332457215 214.1
2142 0.3843109279510611 214.2
2143 0.3844435395089279 214.3
2144 0.3845754105196642 214.4
2145 0.3847071685821982 214.5
2146 0.3848384777841333 214.6
2147 0.3849688631008523 214.7
2148 0.3850987419167997 214.8
2149 0.3852238198572138 214.9
2150 0.3853472626622694 215
2151 0.3854687062927849 215.1
2152 0.3855896031085164 215.2
2153 0.3857100842657776 215.3
2154 0.3858299953917457 215.4
2155 0.3859495733220587 215.5
2156 0.3860686766625522 215.6
2157 0.3861875736785769 215.7
2158 0.3863083621680445 215.8
2159 0.3864307521728964 215.9
2160 0.3865495854993278 216
2161 0.3866712096402379 216.1
2162 0.3867935033153199 216.2
2163 0.3869159608381174 216.3
2164 0.3870399039681081 216.4
2165 0.3871576586003138 216.5
2166 0.3872739079080782 216.6
2167 0.3873904013876831 216.7
2168 0.387509408122901 216.8
2169 0.3876308681383681 216.9
2170 0.38775477660798 217
2171 0.387878382072767 217.1
2172 0.3879981691417936 217.2
2173 0.388119392269111 217.3
2174 0.3882414623750451 217.4
2175 0.3883647091256821 217.5
2176 0.3884889031719663 217.6
2177 0.3886122386526294 217.7
2178 0.3887373251074573 217.8
2179 0.3888625511433327 217.9
2180 0.3889873568332715 218
2181 0.3891103128693056 218.1
2182 0.3892301429658134 218.2
2183 0.3893499687105646 218.3
2184 0.3894709688168678 218.4
2185 0.3895927929005495 218.5
2186 0.3897156859287741 218.6
2187 0.389839237077469 218.7
2188 0.389964428774235 218.8
2189 0.3900921745702691 218.9
2190 0.3902209619339949 219
2191 0.3903523660385306 219.1
2192 0.3904858018728433 219.2
2193 0.3906178125401358 219.3
2194 0.3907548671679005 219.4
2195 0.3908917368874246 219.5
2196 0.391029473578909 219.6
2197 0.3911650136063453 219.7
2198 0.3912967546054947 219.8
2199 0.3914223407056547 219.9
2200 0.3915467211338119 220
2201 0.3916769143950745 220.1
2202 0.3918126783660877 220.2
2203 0.3919503413869464 220.3
2204 0.392088772356575 220.4
2205 0.3922303957628554 220.5
2206 0.3923728093572674 220.6
2207 0.3925139868576952 220.7
2208 0.3926489078713198 220.8
2209 0.3927810825348774 220.9
2210 0.3929176134826196 221
2211 0.393051307626568 221.1
2212 0.3931880645090345 221.2
2213 0.3933284424582458 221.3
2214 0.3934684604139331 221.4
2215 0.3936065125333826 221.5
2216 0.3937527510519848 221.6
2217 0.3938961055997676 221.7
2218 0.3940306890206071 221.8
2219 0.3941666028996587 221.9
2220 0.3942973175470131 222
2221 0.3944336847390447 222.1
2222 0.3945691293865539 222.2
2223 0.3947034090992248 222.3
2224 0.3948336686941667 222.4
2225 0.3949612103403011 222.5
2226 0.3950859166928262 222.6
2227 0.3952053117826335 222.7
2228 0.3953263262742779 222.8
2229 0.3954500181798321 222.9
2230 0.3955761926268199 223
2231 0.3957034952050555 223.1
2232 0.3958313521232387 223.2
2233 0.3959555033689083 223.3
2234 0.3960769641929828 223.4
2235 0.396195743469166 223.5
2236 0.3963137425701257 223.6
2237 0.3964273712625787 223.7
2238 0.3965395251488619 223.8
2239 0.3966523368990351 223.9
2240 0.3967658855775391 224
2241 0.3968789126641947 224.1
2242 0.3969906070044816 224.2
2243 0.3971010076684544 224.3
2244 0.3972109774642222 224.4
2245 0.3973214151628162 224.5
2246 0.3974327757837884 224.6
2247 0.3975454359749649 224.7
2248 0.3976577971256736 224.8
2249 0.3977691926941425 224.9
2250 0.3978819804311923 225
2251 0.3979947378956546 225.1
2252 0.3981088699880127 225.2
2253 0.3982237805384465 225.3
2254 0.3983349411611926 225.4
2255 0.3984458377137183 225.5
2256 0.3985563097044895 225.6
2257 0.3986663484839939 225.7
2258 0.3987743265046975 225.8
2259 0.3988826827664602 225.9
2260 0.3989917607956198 226
2261 0.3991026890181267 226.1
2262 0.3992134859023583 226.2
2263 0.3993255097744944 226.3
2264 0.3994371433172685 226.4
2265 0.399549108897201 226.5
2266 0.3996610289140407 226.6
2267 0.3997737951715413 226.7
2268 0.3998878288515164 226.8
2269 0.4000029719949354 226.9
2270 0.4001190047155819 227
2271 0.4002362796995957 227.1
2272 0.400353096150019 227.2
2273 0.4004683119778734 227.3
2274 0.4005838800139253 227.4
2275 0.4007005469492601 227.5
2276 0.4008123747377396 227.6
2277 0.4009238831315753 227.7
2278 0.4010339169679679 227.8
2279 0.4011435479167186 227.9
2280 0.401253316299218 228
2281 0.4013654287067641 228.1
2282 0.4014791288218353 228.2
2283 0.4015875236492897 228.3
2284 0.4016993445151824 228.4
2285 0.4018094279607508 228.5
2286 0.4019189669342878 228.6
2287 0.4020186479857837 228.7
2288 0.4021176696168824 228.8
2289 0.4022192325134182 228.9
2290 0.4023238965860677 229
2291 0.402429279640152 229.1
2292 0.4025324065236847 229.2
2293 0.4026361015043105 229.3
2294 0.4027382456218127 229.4
2295 0.4028416330669975 229.5
2296 0.4029467688501487 229.6
2297 0.4030543989323785 229.7
2298 0.4031631256862598 229.8
2299 0.4032727450070786 229.9
2300 0.4033813077588749 230
2301 0.4034878092903825 230.1
2302 0.4035957211635629 230.2
2303 0.4037037720085168 230.3
2304 0.4038087027908188 230.4
2305 0.4039121814634608 230.5
2306 0.404012701789153 230.6
2307 0.4041091665928257 230.7
2308 0.4042072881895914 230.8
2309 0.4043065228287822 230.9
2310 0.4044065993961236 231
2311 0.4045077775316916 231.1
2312 0.4046088541825937 231.2
2313 0.4047079504976189 231.3
2314 0.4048076763317388 231.4
2315 0.4049075235634508 231.5
2316 0.4050071178225568 231.6
2317 0.4051057021730906 231.7
2318 0.4052018420532618 231.8
2319 0.4052964768211984 231.9
2320 0.4053913356457077 232
2321 0.4054866895672195 232.1
2322 0.4055815138634016 232.2
2323 0.4056757368411678 232.3
2324 0.4057688878587066 232.4
2325 0.405862595038554 232.5
2326 0.4059569415137635 232.6
2327 0.4060519359486566 232.7
2328 0.4061473573741385 232.8
2329 0.4062427686427375 232.9
2330 0.4063376048813832 233
2331 0.4064307037225818 233.1
2332 0.406522938731144 233.2
2333 0.4066151487824559 233.3
2334 0.406708223138181 233.4
2335 0.4068017104310128 233.5
2336 0.4068940101773697 233.6
2337 0.4069869944325916 233.7
2338 0.4070813579317322 233.8
2339 0.4071767064825174 233.9
2340 0.4072733022055011 234
2341 0.4073705454283856 234.1
2342 0.4074683826484086 234.2
2343 0.4075654875003173 234.3
2344 0.4076627371696351 234.4
2345 0.4077607931038058 234.5
2346 0.4078594112728585 234.6
2347 0.4079576415190049 234.7
2348 0.4080555147197962 234.8
2349 0.4081550938145805 234.9
2350 0.4082562994051885 235
2351 0.4083592172276808 235.1
2352 0.4084616341263384 235.2
2353 0.4085655918504146 235.3
2354 0.4086705360954319 235.4
2355 0.4087757048879183 235.5
2356 0.4088807365874395 235.6
2357 0.4089876654952913 235.7
2358 0.4090949791268756 235.8
2359 0.4092012687349356 235.9
2360 0.4093087031208331 236
2361 0.4094190010094413 236.1
2362 0.4095293388766947 236.2
2363 0.4096427867304362 236.3
2364 0.4097575265540038 236.4
2365 0.4098735402873093 236.5
2366 0.4099901470789305 236.6
2367 0.4101047259262069 236.7
2368 0.4102180851954918 236.8
2369 0.4103353160303837 236.9
2370 0.4104566062744402 237
2371 0.4105780588920949 237.1
2372 0.410704868754684 237.2
2373 0.4108373625454838 237.3
2374 0.4109661529391843 237.4
2375 0.4110979864764564 237.5
2376 0.411231619464433 237.6
2377 0.4113653218735203 237.7
2378 0.4114923605651901 237.8
2379 0.4116159965547382 237.9
2380 0.4117372371488808 238
2381 0.4118538448458541 238.1
2382 0.4119778150876628 238.2
2383 0.4121089905596728 238.3
2384 0.4122434534754036 238.4
2385 0.4123757764305993 238.5
2386 0.4124984259125235 238.6
2387 0.4126235282112827 238.7
2388 0.4127528768674807 238.8
2389 0.4128820137386108 238.9
2390 0.4130099292465719 239
2391 0.4131376370688848 239.1
2392 0.4132637549097556 239.2
2393 0.4133883160776235 239.3
2394 0.4135104292090959 239.4
2395 0.413627858206506 239.5
2396 0.4137412596900883 239.6
2397 0.4138514488498083 239.7
2398 0.4139607454693272 239.8
2399 0.4140699268079701 239.9
2400 0.4141780758290799 240
2401 0.4142840128570504 240.1
2402 0.4143887991644336 240.2
2403 0.4144941130495408 240.3
2404 0.4145998657223935 240.4
2405 0.4147062772449606 240.5
2406 0.4148134727804739 240.6
2407 0.4149174208277705 240.7
2408 0.4150176955987626 240.8
2409 0.4151179537235164 240.9
2410 0.4152178006205275 241
2411 0.4153209150662912 241.1
2412 0.415424265447946 241.2
2413 0.4155242492531691 241.3
2414 0.4156243886557437 241.4
2415 0.4157301390586637 241.5
2416 0.4158319959239893 241.6
2417 0.4159313306554676 241.7
2418 0.4160216602046011 241.8
2419 0.4161133116261955 241.9
2420 0.4162067495844258 242
2421 0.4162982272189882 242.1
2422 0.416387361359594 242.2
2423 0.4164754784665722 242.3
2424 0.4165654817901579 242.4
2425 0.4166550524209971 242.5
2426 0.4167441526792436 242.6
2427 0.4168343115984944 242.7
2428 0.4169250516610625 242.8
2429 0.4170161243145487 242.9
2430 0.4171051869404549 243
2431 0.4171943337080289 243.1
2432 0.4172828486226612 243.2
2433 0.417370603012469 243.3
2434 0.4174584693281053 243.4
2435 0.4175476826769312 243.5
2436 0.4176380846916088 243.6
2437 0.4177276204270197 243.7
2438 0.4178171391238729 243.8
2439 0.4179072183417122 243.9
2440 0.4179983346574088 244
2441 0.4180902461142776 244.1
2442 0.4181812018001069 244.2
2443 0.4182700319134658 244.3
2444 0.4183584075779067 244.4
2445 0.4184471092245383 244.5
2446 0.4185359730323853 244.6
2447 0.4186228790135486 244.7
2448 0.4187105240065769 244.8
2449 0.4187991540067023 244.9
2450 0.418888683666639 245
2451 0.4189788610164421 245.1
2452 0.4190686808826048 245.2
2453 0.4191585721447568 245.3
2454 0.4192489298152007 245.4
2455 0.4193399433157193 245.5
2456 0.4194315679622531 245.6
2457 0.4195231802403476 245.7
2458 0.419615450104692 245.8
2459 0.4197075480067565 245.9
2460 0.4198003397010819 246
2461 0.4198943471765315 246.1
2462 0.4199896651414837 246.2
2463 0.4200862015968697 246.3
2464 0.4201838793204877 246.4
2465 0.4202830641133824 246.5
2466 0.4203813513722651 246.6
2467 0.42048065232204 246.7
2468 0.4205814406449492 246.8
2469 0.4206838276040642 246.9
2470 0.4207878345090491 247
2471 0.4208940078477069 247.1
2472 0.4210007939098734 247.2
2473 0.4211084404873256 247.3
2474 0.4212170038699513 247.4
2475 0.4213263846968264 247.5
2476 0.4214345468083442 247.6
2477 0.421541501222188 247.7
2478 0.4216515134106116 247.8
2479 0.421763521346006 247.9
2480 0.4218768027290741 248
2481 0.4219888925329264 248.1
2482 0.4221007349490696 248.2
2483 0.4222108035627409 248.3
2484 0.4223223282969488 248.4
2485 0.4224352824851572 248.5
2486 0.4225497298594872 248.6
2487 0.4226653961465439 248.7
2488 0.4227831374983063 248.8
2489 0.4229024719998477 248.9
2490 0.4230227980911186 249
2491 0.4231411479513673 249.1
2492 0.4232582390762803 249.2
2493 0.423375727159487 249.3
2494 0.423493488452607 249.4
2495 0.4236086985284506 249.5
2496 0.4237256270528608 249.6
2497 0.4238403430804277 249.7
2498 0.4239548909394756 249.8
2499 0.4240711882953656 249.9
2500 0.4241876601472941 250
2501 0.4243033882783968 250.1
2502 0.4244185861406014 250.2
2503 0.4245358881944225 250.3
2504 0.4246550288220257 250.4
2505 0.424772551318569 250.5
2506 0.42489018868366 250.6
2507 0.4250063744900819 250.7
2508 0.4251205915042432 250.8
2509 0.4252360738569448 250.9
2510 0.4253517666110267 251
2511 0.425465335699262 251.1
2512 0.4255792564034558 251.2
2513 0.4256941781835699 251.3
2514 0.4258092206077249 251.4
2515 0.4259235890131346 251.5
2516 0.42603758512864 251.6
2517 0.4261526813845346 251.7
2518 0.4262674475363621 251.8
2519 0.4263826930479312 251.9
2520 0.4265024736363814 252
2521 0.4266248983530752 252.1
2522 0.4267472797284252 252.2
2523 0.4268707736443241 252.3
2524 0.426995142156062 252.4
2525 0.4271171514842468 252.5
2526 0.4272374511129171 252.6
2527 0.4273613530924102 252.7
2528 0.4274906830384463 252.8
2529 0.4276192543572599 252.9
2530 0.4277553661765059 253
2531 0.4278876997562046 253.1
2532 0.4280250667878535 253.2
2533 0.428166005694781 253.3
2534 0.4283086471388259 253.4
2535 0.4284441535403954 253.5
2536 0.4285790027080503 253.6
2537 0.4287012948861521 253.7
2538 0.4288240098764327 253.8
2539 0.4289546875330251 253.9
2540 0.429096524252145 254
2541 0.4292434928760002 254.1
2542 0.4293848884886716 254.2
2543 0.4295280929506479 254.3
2544 0.4296671800179671 254.4
2545 0.4298076159998739 254.5
2546 0.4299508185604413 254.6
2547 0.4300927939132361 254.7
2548 0.4302306337538431 254.8
2549 0.4303677437086965 254.9
2550 0.4305001615419266 255
2551 0.4306338696123371 255.1
2552 0.4307619257346469 255.2
2553 0.4308887254645198 255.3
2554 0.431014794551174 255.4
2555 0.431136820727578 255.5
2556 0.4312574078509112 255.6
2557 0.4313764144077966 255.7
2558 0.4314968585105485 255.8
2559 0.4316176807321537 255.9
2560 0.4317376727830236 256
2561 0.4318542654762311 256.1
2562 0.431971156514449 256.2
2563 0.4320887476080865 256.3
2564 0.4322044021449177 256.4
2565 0.432319000873231 256.5
2566 0.4324312284784645 256.6
2567 0.43254310592986 256.7
2568 0.432655547506396 256.8
2569 0.4327662613880414 256.9
2570 0.4328779404501332 257
2571 0.4329916183805094 257.1
2572 0.4331065806854894 257.2
2573 0.4332212277242811 257.3
2574 0.4333356156233985 257.4
2575 0.4334463452707069 257.5
2576 0.4335540194571815 257.6
2577 0.433660355600416 257.7
2578 0.4337658432996133 257.8
2579 0.433869658848324 257.9
2580 0.4339732550274164 258
2581 0.4340770072097664 258.1
2582 0.4341814930107006 258.2
2583 0.4342863482064805 258.3
2584 0.4343917861507748 258.4
2585 0.4344976125776461 258.5
2586 0.43460211937703 258.6
2587 0.4347071605207791 258.7
2588 0.4348121356029113 258.8
2589 0.4349151262631805 258.9
2590 0.4350160855923479 259
2591 0.4351153244596965 259.1
2592 0.4352138557648056 259.2
2593 0.4353128589252138 259.3
2594 0.4354124820938073 259.4
2595 0.435512375197999 259.5
2596 0.4356117578699888 259.6
2597 0.435711199378629 259.7
2598 0.4358111104339736 259.8
2599 0.4359111538916761 259.9
2600 0.4360124909749395 260
2601 0.4361152530790243 260.1
2602 0.4362186364741866 260.2
2603 0.4363232535302913 260.3
2604 0.4364291331636034 260.4
2605 0.4365353355563349 260.5
2606 0.4366418756206538 260.6
2607 0.4367488594951607 260.7
2608 0.4368559888080165 260.8
2609 0.4369616358017661 260.9
2610 0.4370685585377471 261
2611 0.4371764874740624 261.1
2612 0.4372865649459673 261.2
2613 0.4373981147186199 261.3
2614 0.4375097411148264 261.4
2615 0.4376233258143296 261.5
2616 0.4377373770314219 261.6
2617 0.4378518799995324 261.7
2618 0.4379655046569201 261.8
2619 0.4380764641355534 261.9
2620 0.4381873929017582 262
2621 0.4382994620297235 262.1
2622 0.4384127352267651 262.2
2623 0.4385264918793594 262.3
2624 0.4386401986866372 262.4
2625 0.4387554669970785 262.5
2626 0.4388715195980931 262.6
2627 0.438988307134526 262.7
2628 0.43910590710466 262.8
2629 0.4392239645145984 262.9
2630 0.4393423912775214 263
2631 0.4394599470687987 263.1
2632 0.4395793459294544 263.2
2633 0.439697897320158 263.3
2634 0.4398178667549509 263.4
2635 0.4399389447571213 263.5
2636 0.4400600631447521 263.6
2637 0.4401829444622618 263.7
2638 0.4403059410167324 263.8
2639 0.4404290516747486 263.9
2640 0.4405513975909407 264
2641 0.440673115113472 264.1
2642 0.4407914907289449 264.2
2643 0.4409136797837193 264.3
2644 0.4410388478909372 264.4
2645 0.4411691268718916 264.5
2646 0.4412994013132339 264.6
2647 0.4414320289301373 264.7
2648 0.4415639210348398 264.8
2649 0.4416978889330105 264.9
2650 0.4418293755775072 265
2651 0.4419574382960529 265.1
2652 0.442078799903541 265.2
2653 0.4421908786317519 265.3
2654 0.4423010920562108 265.4
2655 0.4424097526756264 265.5
2656 0.4425190621446372 265.6
2657 0.4426346149035555 265.7
2658 0.442756425292664 265.8
2659 0.4428755947248477 265.9
2660 0.4429891036843462 266
2661 0.4431042948206663 266.1
2662 0.4432246059594678 266.2
2663 0.4433450954412549 266.3
2664 0.4434534121459294 266.4
2665 0.4435540715869617 266.5
2666 0.4436576002006954 266.6
2667 0.4437644071074736 266.7
2668 0.443873485970731 266.8
2669 0.4439800883637451 266.9
2670 0.4440842587302405 267
2671 0.4441907843185885 267.1
2672 0.444300047476235 267.2
2673 0.4444106433508442 267.3
2674 0.444521279088375 267.4
2675 0.4446337206421997 267.5
2676 0.4447445302510048 267.6
2677 0.4448549400435357 267.7
2678 0.4449643304611132 267.8
2679 0.4450725768472916 267.9
2680 0.445180083047369 268
2681 0.4452870042329257 268.1
2682 0.4453938635041546 268.2
2683 0.4454984717160509 268.3
2684 0.4456022379574099 268.4
2685 0.4457063239315723 268.5
2686 0.4458109541605403 268.6
2687 0.4459152298159171 268.7
2688 0.4460188160031249 268.8
2689 0.4461215927275011 268.9
2690 0.4462218887607327 269
2691 0.4463228300130144 269.1
2692 0.44642409729881 269.2
2693 0.4465252105242452 269.3
2694 0.4466274827092868 269.4
2695 0.4467310633891494 269.5
2696 0.4468344405826821 269.6
2697 0.4469390550574039 269.7
2698 0.4470450564192625 269.8
2699 0.4471524181280265 269.9
2700 0.4472605996189745 270
2701 0.4473679419212611 270.1
2702 0.447474781778716 270.2
2703 0.4475819805667381 270.3
2704 0.4476895883491304 270.4
2705 0.4477965847889015 270.5
2706 0.4479040004883145 270.6
2707 0.4480123358172692 270.7
2708 0.4481199828588895 270.8
2709 0.4482284709032627 270.9
2710 0.4483371289850454 271
2711 0.4484468353186951 271.1
2712 0.4485586246888476 271.2
2713 0.4486716279405667 271.3
2714 0.4487845983033876 271.4
2715 0.448896908147298 271.5
2716 0.4490089152119647 271.6
2717 0.4491209925803241 271.7
2718 0.4492340842553578 271.8
2719 0.4493461244776736 271.9
2720 0.4494543017469023 272
2721 0.4495629104148687 272.1
2722 0.4496728147712274 272.2
2723 0.4497831889661315 272.3
2724 0.4498935333884522 272.4
2725 0.4500050275313925 272.5
2726 0.4501180827470986 272.6
2727 0.4502322169301518 272.7
2728 0.4503455210822702 272.8
2729 0.450458967764716 272.9
2730 0.4505708065269121 273
2731 0.4506822159857946 273.1
2732 0.4507931323542431 273.2
2733 0.4509047256532133 273.3
2734 0.4510153636462764 273.4
2735 0.451126130697543 273.5
2736 0.4512364513400472 273.6
2737 0.4513445583093825 273.7
2738 0.4514536952557923 273.8
2739 0.4515612480320725 273.9
2740 0.4516684535199381 274
2741 0.451773923118061 274.1
2742 0.4518787289852692 274.2
2743 0.4519843602492837 274.3
2744 0.4520911827658076 274.4
2745 0.4521984200446503 274.5
2746 0.4523063591012016 274.6
2747 0.4524151292409508 274.7
2748 0.4525256598338552 274.8
2749 0.4526368523495134 274.9
2750 0.4527482879596585 275
2751 0.4528611585945063 275.1
2752 0.4529737411273815 275.2
2753 0.4530865789684652 275.3
2754 0.4532013935686281 275.4
2755 0.4533224620147669 275.5
2756 0.4534461795856524 275.6
2757 0.4535719676790438 275.7
2758 0.4537073228099851 275.8
2759 0.4538532744983231 275.9
2760 0.4539935824952595 276
2761 0.4541324630194054 276.1
2762 0.4542766527478407 276.2
2763 0.4544320446159615 276.3
2764 0.4545880275817586 276.4
2765 0.4547267278194447 276.5
2766 0.4548561565095462 276.6
2767 0.4549894274651892 276.7
2768 0.4551339169487575 276.8
2769 0.4552879679954357 276.9
2770 0.4554485473871806 277
2771 0.455597660153775 277.1
2772 0.4557395395124411 277.2
2773 0.4558871025478682 277.3
2774 0.456032300105287 277.4
2775 0.4561791824125978 277.5
2776 0.4563352871478258 277.6
2777 0.4564835849233781 277.7
2778 0.4566201225266198 277.8
2779 0.4567554675225468 277.9
2780 0.4568905459109788 278
2781 0.4570269380665519 278.1
2782 0.4571602137901283 278.2
2783 0.4572873734257558 278.3
2784 0.4574162669080665 278.4
2785 0.4575449838086341 278.5
2786 0.4576728132077579 278.6
2787 0.4578006608149144 278.7
2788 0.4579296348532854 278.8
2789 0.458055198521567 278.9
2790 0.4581797554055644 279
2791 0.4583054969353075 279.1
2792 0.4584295872549721 279.2
2793 0.4585531347551126 279.3
2794 0.4586765710318164 279.4
2795 0.4587999861272929 279.5
2796 0.4589210625051179 279.6
2797 0.4590383645313307 279.7
2798 0.4591564161800212 279.8
2799 0.4592705498321414 279.9
2800 0.4593803718500901 280
2801 0.4594963858342825 280.1
2802 0.4596210010884665 280.2
2803 0.4597498345779836 280.3
2804 0.4598768674975833 280.4
2805 0.4599919476352903 280.5
2806 0.4601006890154736 280.6
2807 0.4602096957805472 280.7
2808 0.4603195428742424 280.8
2809 0.4604216919508367 280.9
2810 0.4605267220060412 281
2811 0.4606354567373964 281.1
2812 0.460746767349602 281.2
2813 0.4608603611890563 281.3
2814 0.4609733646716515 281.4
2815 0.4610888463277714 281.5
2816 0.4612068879404495 281.6
2817 0.461325413429812 281.7
2818 0.4614422059497221 281.8
2819 0.4615587761925917 281.9
2820 0.4616750875392685 282
2821 0.461791451160631 282.1
2822 0.4619085479556471 282.2
2823 0.4620253633283763 282.3
2824 0.4621422352851162 282.4
2825 0.4622592127110139 282.5
2826 0.4623768827218789 282.6
2827 0.4624953821938425 282.7
2828 0.4626137220697618 282.8
2829 0.4627304549035736 282.9
2830 0.4628437327153764 283
2831 0.4629555461936381 283.1
2832 0.4630669514170782 283.2
2833 0.4631791369051226 283.3
2834 0.4632910339210431 283.4
2835 0.4634002196691187 283.5
2836 0.4635077204942655 283.6
2837 0.4636141597488709 283.7
2838 0.46372149037298 283.8
2839 0.4638300764458056 283.9
2840 0.4639403514890941 284
2841 0.4640523515658905 284.1
2842 0.4641651521240013 284.2
2843 0.4642785374152205 284.3
2844 0.4643918253121401 284.4
2845 0.4645031855097913 284.5
2846 0.4646163682356192 284.6
2847 0.464729380918562 284.7
2848 0.4648457272477008 284.8
2849 0.4649667321897009 284.9
2850 0.4650890055497817 285
2851 0.4652137899907197 285.1
2852 0.4653308896060355 285.2
2853 0.4654432998447588 285.3
2854 0.4655563980094172 285.4
2855 0.4656705039278572 285.5
2856 0.4657828813231143 285.6
2857 0.4658970277418384 285.7
2858 0.4660110176070068 285.8
2859 0.4661233378164014 285.9
2860 0.4662320275368622 286
2861 0.4663355375992927 286.1
2862 0.46643615191812 286.2
2863 0.4665364645138403 286.3
2864 0.4666373002950252 286.4
2865 0.4667389797044166 286.5
2866 0.4668414432158947 286.6
2867 0.4669454618850702 286.7
2868 0.4670498896240091 286.8
2869 0.4671539550578662 286.9
2870 0.4672577016796655 287
2871 0.4673617788316556 287.1
2872 0.4674672987057117 287.2
2873 0.4675753220157881 287.3
2874 0.4676858179015422 287.4
2875 0.4678009265343072 287.5
2876 0.4679203702668583 287.6
2877 0.4680425479809573 287.7
2878 0.4681631161035709 287.8
2879 0.4682805737772622 287.9
2880 0.4683911425545249 288
2881 0.4684924740245463 288.1
2882 0.4685981288220091 288.2
2883 0.468699668466281 288.3
2884 0.4688029230429415 288.4
2885 0.4689066402764128 288.5
2886 0.4690043295867719 288.6
2887 0.4690963451291551 288.7
2888 0.4691930706369755 288.8
2889 0.4692970076700779 288.9
2890 0.4694051989086617 289
2891 0.4695080213409025 289.1
2892 0.4696101395610789 289.2
2893 0.4697110522180839 289.3
2894 0.4698159097676428 289.4
2895 0.4699174754644854 289.5
2896 0.4700191554772306 289.6
2897 0.4701275360651497 289.7
2898 0.4702381152368416 289.8
2899 0.4703472541720841 289.9
2900 0.4704567032059489 290
2901 0.4705598922391899 290.1
2902 0.4706647815370174 290.2
2903 0.470772150885491 290.3
2904 0.4708805309017204 290.4
2905 0.4709932034132345 290.5
2906 0.4711036784323193 290.6
2907 0.4712092429469957 290.7
2908 0.4713124699569367 290.8
2909 0.4714162489504152 290.9
2910 0.471520186377927 291
2911 0.4716261878573338 291.1
2912 0.471733298266916 291.2
2913 0.4718394948860251 291.3
2914 0.4719538088504907 291.4
2915 0.4720708630655014 291.5
2916 0.4721865069412304 291.6
2917 0.4723026635006491 291.7
2918 0.4724035914998448 291.8
2919 0.4725016202414309 291.9
2920 0.4726077286998955 292
2921 0.4727182557699272 292.1
2922 0.4728307370359018 292.2
2923 0.4729424053822409 292.3
2924 0.4730586688155514 292.4
2925 0.4731789961586713 292.5
2926 0.4733043110235473 292.6
2927 0.4734229088836755 292.7
2928 0.4735410616630168 292.8
2929 0.4736528645058099 292.9
2930 0.4737615809972024 293
2931 0.4738691241158589 293.1
2932 0.4739762001284618 293.2
2933 0.4740853955501781 293.3
2934 0.4741905331477786 293.4
2935 0.4742854605756833 293.5
2936 0.4743803925794691 293.6
2937 0.4744790540231467 293.7
2938 0.4745801258103309 293.8
2939 0.4746816081270165 293.9
2940 0.4747812182795367 294
2941 0.4748803470149541 294.1
2942 0.4749811440751326 294.2
2943 0.4750850930656751 294.3
2944 0.4751903744784476 294.4
2945 0.4752935183809939 294.5
2946 0.4753950019085221 294.6
2947 0.4754957397699888 294.7
2948 0.4755968200615854 294.8
2949 0.4756929990597782 294.9
2950 0.4757896355778172 295
2951 0.4758887326731458 295.1
2952 0.4759851172285086 295.2
2953 0.4760778201604403 295.3
2954 0.4761696533095107 295.4
2955 0.4762489660955764 295.5
2956 0.4763288779263671 295.6
2957 0.4764112130405898 295.7
2958 0.476495799146906 295.8
2959 0.4765802241393456 295.9
2960 0.4766633235378501 296
2961 0.4767479758563685 296.1
2962 0.4768336988476264 296.2
2963 0.476919618178712 296.3
2964 0.4770086372262401 296.4
2965 0.4771021550617032 296.5
2966 0.4771943303145449 296.6
2967 0.4772872023815673 296.7
2968 0.4773813258626731 296.8
2969 0.4774822673563704 296.9
2970 0.4775887400054907 297
2971 0.4776877452329636 297.1
2972 0.477790353583564 297.2
2973 0.4778953553699231 297.3
2974 0.47799994513323 297.4
2975 0.4781053982026376 297.5
2976 0.4782118559009935 297.6
2977 0.4783138853594214 297.7
2978 0.4784079175418179 297.8
2979 0.478503651602213 297.9
2980 0.4786034410697616 298
2981 0.4787077203019456 298.1
2982 0.4788115895945126 298.2
2983 0.4789194699932137 298.3
2984 0.4790276333070517 298.4
2985 0.479136863565155 298.5
2986 0.4792429494434736 298.6
2987 0.4793341629821397 298.7
2988 0.4794270287060599 298.8
2989 0.4795136659217702 298.9
2990 0.4796034147249359 299
2991 0.4796971551365554 299.1
2992 0.4797925532230665 299.2
2993 0.4798852092289222 299.3
2994 0.4799746720737448 299.4
2995 0.4800660086033074 299.5
2996 0.480158671393468 299.6
2997 0.4802542618787578 299.7
2998 0.4803497866138133 299.8
2999 0.4804418025383806 299.9
3000 0.4805333709975343 300
3001 0.480622608366524 300.1
3002 0.4807116571489536 300.2
3003 0.4808007683912362 300.3
3004 0.4808916763450322 300.4
3005 0.4809802216989104 300.5
3006 0.4810690129275252 300.6
3007 0.4811601689087068 300.7
3008 0.481253620456872 300.8
3009 0.4813487270609715 300.9
3010 0.4814448406502584 301
3011 0.4815314910739691 301.1
3012 0.4816202272952808 301.2
3013 0.4817117115410017 301.3
3014 0.4818050298822329 301.4
3015 0.4818946601884538 301.5
3016 0.4819848747683723 301.6
3017 0.4820794229307451 301.7
3018 0.4821753651767722 301.8
3019 0.4822667427699661 301.9
3020 0.4823521381270498 302
3021 0.482437965074194 302.1
3022 0.4825268412832687 302.2
3023 0.482618799307457 302.3
3024 0.4827125241458249 302.4
3025 0.4828064991364348 302.5
3026 0.4829020280298492 302.6
3027 0.4829970074755887 302.7
3028 0.4830922023652602 302.8
3029 0.4831881570679415 302.9
3030 0.4832851545126646 303
3031 0.4833825711451529 303.1
3032 0.4834794624579487 303.2
3033 0.4835744733070046 303.3
3034 0.4836688675899477 303.4
3035 0.4837627167379477 303.5
3036 0.4838552088147879 303.6
3037 0.4839480375740824 303.7
3038 0.4840410952760421 303.8
3039 0.4841368504775681 303.9
3040 0.4842313991707518 304
3041 0.4843255239230321 304.1
3042 0.4844247172207081 304.2
3043 0.4845202174727829 304.3
3044 0.4846096971001276 304.4
3045 0.4846958450393002 304.5
3046 0.4847853328605018 304.6
3047 0.484879346825545 304.7
3048 0.484972255463488 304.8
3049 0.4850668378917041 304.9
3050 0.4851622981649612 305
3051 0.4852570980600351 305.1
3052 0.4853541035461643 305.2
3053 0.4854520196666244 305.3
3054 0.4855482449280748 305.4
3055 0.4856477574017888 305.5
3056 0.4857465725758303 305.6
3057 0.4858472078755014 305.7
3058 0.4859533808931362 305.8
3059 0.4860597045651673 305.9
3060 0.4861629617052007 306
3061 0.4862631307835913 306.1
3062 0.4863627592097412 306.2
3063 0.4864612859897021 306.3
3064 0.4865574969635564 306.4
3065 0.4866538746806274 306.5
3066 0.4867508938847951 306.6
3067 0.4868486815479003 306.7
3068 0.4869465394724119 306.8
3069 0.4870431826314891 306.9
3070 0.4871379452786141 307
3071 0.487230207056736 307.1
3072 0.4873218850280011 307.2
3073 0.4874118506984999 307.3
3074 0.4874989665790928 307.4
3075 0.4875866521568815 307.5
3076 0.4876761234525059 307.6
3077 0.4877674718418203 307.7
3078 0.4878625617569449 307.8
3079 0.4879624378700717 307.9
3080 0.4880656937370372 308
3081 0.4881725498692953 308.1
3082 0.4882796746592135 308.2
3083 0.4883896921580752 308.3
3084 0.4884995523849847 308.4
3085 0.4886096372444287 308.5
3086 0.4887205185638126 308.6
3087 0.4888353113353679 308.7
3088 0.4889526669590275 308.8
3089 0.4890734813671445 308.9
3090 0.4891973810148083 309
3091 0.4893189578310608 309.1
3092 0.4894401209118905 309.2
3093 0.4895645868247865 309.3
3094 0.4896748945505632 309.4
3095 0.4897818759891038 309.5
3096 0.4898900999502332 309.6
3097 0.4899963256460814 309.7
3098 0.490104915922043 309.8
3099 0.4902161302036099 309.9
3100 0.4903285657970012 310
3101 0.4904435933753441 310.1
3102 0.4905605363127954 310.2
3103 0.4906696039181415 310.3
3104 0.4907665639858131 310.4
3105 0.4908604143896239 310.5
3106 0.4909529485837766 310.6
3107 0.4910499823831357 310.7
3108 0.4911497999955073 310.8
3109 0.4912500917956515 310.9
3110 0.4913506944519324 311
3111 0.4914433355277577 311.1
3112 0.4915381846765676 311.2
3113 0.4916381262116639 311.3
3114 0.4917425330198583 311.4
3115 0.491847134172383 311.5
3116 0.4919574343433365 311.6
3117 0.4920677903301378 311.7
3118 0.4921781502160908 311.8
3119 0.4922895568452022 311.9
3120 0.4923957486606813 312
3121 0.4925068302711713 312.1
3122 0.4926235904285438 312.2
3123 0.4927352490270012 312.3
3124 0.4928499854283144 312.4
3125 0.4929717938053866 312.5
3126 0.4930950073661023 312.6
3127 0.4932136142226923 312.7
3128 0.4933345126191137 312.8
3129 0.4934555254069299 312.9
3130 0.4935787525397581 313
3131 0.4937011218583822 313.1
3132 0.4938268976697811 313.2
3133 0.4939551558450042 313.3
3134 0.4940877832757765 313.4
3135 0.4942282735304959 313.5
3136 0.4943725656058578 313.6
3137 0.4945101518255796 313.7
3138 0.4946431660509287 313.8
3139 0.4947753744209692 313.9
3140 0.4949012513049999 314
3141 0.4950294673836595 314.1
3142 0.4951588769636087 314.2
3143 0.4952842363937845 314.3
3144 0.4954065991960122 314.4
3145 0.4955318340573943 314.5
3146 0.4956558840179661 314.6
3147 0.4957794183721164 314.7
3148 0.4959029093725029 314.8
3149 0.4960247719039456 314.9
3150 0.4961448288005659 315
3151 0.4962734927909008 315.1
3152 0.4964094008402166 315.2
3153 0.4965410658479103 315.3
3154 0.4966660018123281 315.4
3155 0.4967897150249493 315.5
3156 0.496915803516035 315.6
3157 0.4970449670257505 315.7
3158 0.4971749738567467 315.8
3159 0.4973068049282344 315.9
3160 0.4974334405876421 316
3161 0.4975541244072684 316.1
3162 0.497679300677494 316.2
3163 0.4978020022512464 316.3
3164 0.4979263724229906 316.4
3165 0.4980508137213502 316.5
3166 0.4981753852766085 316.6
3167 0.4982972883221193 316.7
3168 0.4984178373025701 316.8
3169 0.4985367817811576 316.9
3170 0.4986546733194561 317
3171 0.4987712176829109 317.1
3172 0.4988877754047326 317.2
3173 0.4990036571964955 317.3
3174 0.4991246594823154 317.4
3175 0.4992461645181739 317.5
3176 0.4993639030416311 317.6
3177 0.4994897975501436 317.7
3178 0.4996162247387109 317.8
3179 0.4997436670632159 317.9
3180 0.4998742045182694 318
3181 0.5000047905150278 318.1
3182 0.5001338704860224 318.2
3183 0.5002665095789397 318.3
3184 0.5003914294997084 318.4
3185 0.5005100886325605 318.5
3186 0.500634577027027 318.6
3187 0.5007602945390276 318.7
3188 0.50088865033708 318.8
3189 0.5010107908823406 318.9
3190 0.5011379051529076 319
3191 0.5012656982985442 319.1
3192 0.5013972150644291 319.2
3193 0.5015204850752709 319.3
3194 0.5016313586529212 319.4
3195 0.5017212212903681 319.5
3196 0.5018175867320327 319.6
3197 0.5019213388532358 319.7
3198 0.5020205984213501 319.8
3199 0.5021173181501141 319.9
3200 0.5022070066945297 320
3201 0.5022949907246496 320.1
3202 0.5023835707785205 320.2
3203 0.5024716125410438 320.3
3204 0.5025632107566247 320.4
3205 0.5026450524623031 320.5
3206 0.5027224328826828 320.6
3207 0.5027975567533924 320.7
3208 0.5028670384991099 320.8
3209 0.5029362026843532 320.9
3210 0.5030078251247638 321
3211 0.5030789311881727 321.1
3212 0.5031495120640422 321.2
3213 0.503221185541149 321.3
3214 0.5032957038702531 321.4
3215 0.5033697188999198 321.5
3216 0.5034466745460247 321.6
3217 0.5035188856381824 321.7
3218 0.5035930426808763 321.8
3219 0.5036658146971438 321.9
3220 0.5037365513654517 322
3221 0.5038030929435645 322.1
3222 0.5038742149859703 322.2
3223 0.5039490496849494 322.3
3224 0.5040222512186245 322.4
3225 0.5040925670550834 322.5
3226 0.5041661180066765 322.6
3227 0.5042391124089042 322.7
3228 0.5043108786440295 322.8
3229 0.5043822616912901 322.9
3230 0.5044515655068113 323
3231 0.5045199765933462 323.1
3232 0.5045845476718327 323.2
3233 0.5046396441950093 323.3
3234 0.5046965145732749 323.4
3235 0.504752052462498 323.5
3236 0.5048086306396222 323.6
3237 0.5048654107700831 323.7
3238 0.5049192161757741 323.8
3239 0.5049693926587573 323.9
3240 0.5050192927438403 324
3241 0.505069660009668 324.1
3242 0.5051198987460102 324.2
3243 0.5051689284277007 324.3
3244 0.5052185594569695 324.4
3245 0.5052690869149099 324.5
3246 0.5053203067114419 324.6
3247 0.5053724613616175 324.7
3248 0.5054257833382003 324.8
3249 0.5054795161113599 324.9
3250 0.5055332287037085 325
3251 0.5055846100790699 325.1
3252 0.5056338742252398 325.2
3253 0.5056823327521701 325.3
3254 0.5057309391005087 325.4
3255 0.505779379295115 325.5
3256 0.5058262333406107 325.6
3257 0.5058732077397337 325.7
3258 0.5059206689164822 325.8
3259 0.5059663735658164 325.9
3260 0.5060121010290954 326
3261 0.506058315474421 326.1
3262 0.5061045753259759 326.2
3263 0.5061485643109039 326.3
3264 0.506192883074989 326.4
3265 0.5062376609019157 326.5
3266 0.5062830877034326 326.6
3267 0.5063290702828755 326.7
3268 0.506375112923927 326.8
3269 0.5064208654817366 326.9
3270 0.5064671894732266 327
3271 0.5065138751240105 327.1
3272 0.5065611397275231 327.2
3273 0.5066078478814122 327.3
3274 0.506655391149303 327.4
3275 0.5067041347979367 327.5
3276 0.5067542148624753 327.6
3277 0.506805630565666 327.7
3278 0.5068583711493666 327.8
3279 0.506913566697794 327.9
3280 0.5069694504646193 328
3281 0.5070245604766869 328.1
3282 0.5070801286939398 328.2
3283 0.5071388890938883 328.3
3284 0.5072013939056741 328.4
3285 0.5072679377076504 328.5
3286 0.5073283634985766 328.6
3287 0.5073707507677448 328.7
3288 0.5074141931218525 328.8
3289 0.5074609645238858 328.9
3290 0.5075067098710289 329
3291 0.5075471882033402 329.1
3292 0.5075899342554431 329.2
3293 0.5076341726775604 329.3
3294 0.5076801323632957 329.4
3295 0.5077266986758145 329.5
3296 0.5077731631032535 329.6
3297 0.5078178380700453 329.7
3298 0.5078623510544303 329.8
3299 0.5079082946004492 329.9
3300 0.5079532433556897 330
3301 0.5080006284473483 330.1
3302 0.5080499797370945 330.2
3303 0.5080994258965457 330.3
3304 0.5081501918151227 330.4
3305 0.5082049691043964 330.5
3306 0.5082571557074567 330.6
3307 0.5083097604472004 330.7
3308 0.5083625680821795 330.8
3309 0.5084167950362427 330.9
3310 0.508468918976299 331
3311 0.5085212870809543 331.1
3312 0.5085750574403406 331.2
3313 0.508628145803013 331.3
3314 0.5086816871789321 331.4
3315 0.5087351330410443 331.5
3316 0.508789572052443 331.6
3317 0.5088448214734537 331.7
3318 0.5089014114964854 331.8
3319 0.5089592659149665 331.9
3320 0.5090175410814499 332
3321 0.5090751356049662 332.1
3322 0.5091318025225106 332.2
3323 0.509185598794059 332.3
3324 0.5092387407207385 332.4
3325 0.5092910914531256 332.5
3326 0.5093435435839955 332.6
3327 0.5093961724643736 332.7
3328 0.5094487113031515 332.8
3329 0.5095012116005617 332.9
3330 0.5095531142468172 333
3331 0.5096032558038424 333.1
3332 0.5096527993311892 333.2
3333 0.5097016673526991 333.3
3334 0.5097503743340612 333.4
3335 0.5097990830949196 333.5
3336 0.50984758393233 333.6
3337 0.5098956607242281 333.7
3338 0.5099435489177767 333.8
3339 0.509991692494559 333.9
3340 0.5100393744103696 334
3341 0.5100874284550313 334.1
3342 0.5101355673736109 334.2
3343 0.5101837559540053 334.3
3344 0.510232220909327 334.4
3345 0.5102805898780127 334.5
3346 0.5103282921240792 334.6
3347 0.5103763545483491 334.7
3348 0.5104246990932219 334.8
3349 0.5104728011591202 334.9
3350 0.5105205934982565 335
3351 0.5105681618791478 335.1
3352 0.5106159497654364 335.2
3353 0.5106628407121057 335.3
3354 0.5107097709770015 335.4
3355 0.5107571596334013 335.5
3356 0.5108049925159071 335.6
3357 0.5108533063005639 335.7
3358 0.5109023353858223 335.8
3359 0.5109519074931673 335.9
3360 0.5110021051882323 336
3361 0.51105269755501 336.1
3362 0.5111043987177211 336.2
3363 0.5111562524997084 336.3
3364 0.5112084024457574 336.4
3365 0.511262937253626 336.5
3366 0.5113198004861992 336.6
3367 0.5113801695033168 336.7
3368 0.5114410911104832 336.8
3369 0.5115054392677754 336.9
3370 0.5115719530301577 337
3371 0.5116301208628977 337.1
3372 0.5116860270952124 337.2
3373 0.5117475236327513 337.3
3374 0.5118131211796783 337.4
3375 0.5118788750232542 337.5
3376 0.5119468092240124 337.6
3377 0.5120071567151945 337.7
3378 0.5120499086671109 337.8
3379 0.512094364657713 337.9
3380 0.5121425218306607 338
3381 0.5121935598955489 338.1
3382 0.5122467784897298 338.2
3383 0.512300686414222 338.3
3384 0.5123546444287043 338.4
3385 0.5124091377643705 338.5
3386 0.512463295712449 338.6
3387 0.5125180146545811 338.7
3388 0.5125734222548953 338.8
3389 0.5126306590343802 338.9
3390 0.512689754889938 339
3391 0.5127500524406746 339.1
3392 0.5128096925132356 339.2
3393 0.512866007708129 339.3
3394 0.5129211308755113 339.4
3395 0.5129772014827195 339.5
3396 0.5130342671606276 339.6
3397 0.5130901231744135 339.7
3398 0.5131479630261294 339.8
3399 0.5132087279669434 339.9
3400 0.5132680620188289 340
3401 0.5133281029145772 340.1
3402 0.5133876886082415 340.2
3403 0.5134383784260804 340.3
3404 0.5134859093557192 340.4
3405 0.5135356683364111 340.5
3406 0.5135866962304807 340.6
3407 0.5136377854398336 340.7
3408 0.5136886858156721 340.8
3409 0.5137372060830746 340.9
3410 0.5137856785713918 341
3411 0.5138347799440142 341.1
3412 0.5138854454020807 341.2
3413 0.5139372544372834 341.3
3414 0.5139900492639247 341.4
3415 0.5140449132708643 341.5
3416 0.5140980855873781 341.6
3417 0.5141516211349231 341.7
3418 0.51420277838774 341.8
3419 0.5142520454847491 341.9
3420 0.5142947679787599 342
3421 0.5143393283532094 342.1
3422 0.5143874531880338 342.2
3423 0.5144382624501974 342.3
3424 0.5144894742134357 342.4
3425 0.5145404933009242 342.5
3426 0.5145877344892181 342.6
3427 0.5146349804671508 342.7
3428 0.5146839143269361 342.8
3429 0.5147348709783042 342.9
3430 0.5147879488888054 343
3431 0.5148402102647349 343.1
3432 0.5148911891637192 343.2
3433 0.5149398498281624 343.3
3434 0.5149869346531476 343.4
3435 0.5150350370677441 343.5
3436 0.5150846422329467 343.6
3437 0.5151355467500996 343.7
3438 0.515186283944753 343.8
3439 0.51523641110772 343.9
3440 0.5152865354921971 344
3441 0.5153363358332645 344.1
3442 0.5153868464592322 344.2
3443 0.5154368425738772 344.3
3444 0.5154853565450911 344.4
3445 0.5155329551514531 344.5
3446 0.5155806180708551 344.6
3447 0.515629257791463 344.7
3448 0.5156787595412795 344.8
3449 0.5157290883806761 344.9
3450 0.5157800277767626 345
3451 0.5158315724172788 345.1
3452 0.5158835894528548 345.2
3453 0.5159361610799194 345.3
3454 0.5159893029253612 345.4
3455 0.5160429815894559 345.5
3456 0.5160969799078771 345.6
3457 0.5161518083026999 345.7
3458 0.5162079193266627 345.8
3459 0.5162649080609676 345.9
3460 0.5163228382618684 346
3461 0.5163822085811138 346.1
3462 0.5164399360053528 346.2
3463 0.516496036909342 346.3
3464 0.5165549381682658 346.4
3465 0.5166173433257325 346.5
3466 0.5166837168671762 346.6
3467 0.5167492441081558 346.7
3468 0.5168062700352078 346.8
3469 0.5168539095817885 346.9
3470 0.5169033263906817 347
3471 0.5169557311293532 347.1
3472 0.5170102262660344 347.2
3473 0.5170684100560289 347.3
3474 0.5171271950470488 347.4
3475 0.5171821909114915 347.5
3476 0.5172404218677971 347.6
3477 0.5172908350214579 347.7
3478 0.517336718364965 347.8
3479 0.5173758777492863 347.9
3480 0.5174165684263978 348
3481 0.5174628301780416 348.1
3482 0.5175081902345532 348.2
3483 0.5175553651094282 348.3
3484 0.5176020466973388 348.4
3485 0.5176476197052503 348.5
3486 0.5176919932086986 348.6
3487 0.5177372346700319 348.7
3488 0.5177837308729483 348.8
3489 0.5178297664843963 348.9
3490 0.5178757741264318 349
3491 0.5179222976814872 349.1
3492 0.5179677947307043 349.2
3493 0.5180143509785319 349.3
3494 0.5180617653551193 349.4
3495 0.518109960879337 349.5
3496 0.5181588736960386 349.6
3497 0.5182084654261039 349.7
3498 0.5182584867685677 349.8
3499 0.518307824082026 349.9
3500 0.5183579043154796 350
3501 0.5184085420036336 350.1
3502 0.5184596270283051 350.2
3503 0.5185113939846373 350.3
3504 0.5185635668387206 350.4
3505 0.5186158826048979 350.5
3506 0.5186681923154115 350.6
3507 0.5187209516031134 350.7
3508 0.5187728365604634 350.8
3509 0.5188242058248157 350.9
3510 0.5188749205527377 351
3511 0.5189253563300926 351.1
3512 0.5189762852659198 351.2
3513 0.5190267582981613 351.3
3514 0.5190776984577208 351.4
3515 0.5191288352147917 351.5
3516 0.519180152628736 351.6
3517 0.5192316505038325 351.7
3518 0.5192834732646463 351.8
3519 0.5193359086272253 351.9
3520 0.5193886766309405 352
3521 0.5194416363787899 352.1
3522 0.5194947929822119 352.2
3523 0.5195480639565344 352.3
3524 0.5196015556989013 352.4
3525 0.519655637294154 352.5
3526 0.5197104841797731 352.6
3527 0.5197657857782152 352.7
3528 0.5198214456418307 352.8
3529 0.5198771781186291 352.9
3530 0.5199313807149862 353
3531 0.5199855961944525 353.1
3532 0.5200408054037554 353.2
3533 0.5200981468919431 353.3
3534 0.5201575996221052 353.4
3535 0.5202191425722079 353.5
3536 0.5202799091039859 353.6
3537 0.5203397952801584 353.7
3538 0.5203918664857536 353.8
3539 0.5204358693464719 353.9
3540 0.5204797481432725 354
3541 0.5205246185134235 354.1
3542 0.5205717755145591 354.2
3543 0.5206143781785966 354.3
3544 0.5206586627123267 354.4
3545 0.5207045553043348 354.5
3546 0.5207508498149119 354.6
3547 0.5207981114038115 354.7
3548 0.5208461760046236 354.8
3549 0.5208947380427277 354.9
3550 0.5209427702361957 355
3551 0.5209900512592752 355.1
3552 0.5210383345091766 355.2
3553 0.5210872856063272 355.3
3554 0.5211370462725294 355.4
3555 0.5211867085705602 355.5
3556 0.5212356156792156 355.6
3557 0.5212857854310361 355.7
3558 0.5213361804096944 355.8
3559 0.5213876764120579 355.9
3560 0.521440438073676 356
3561 0.5214928747169982 356.1
3562 0.5215447591067283 356.2
3563 0.5215965454959627 356.3
3564 0.521648019479643 356.4
3565 0.5217023400890105 356.5
3566 0.5217607687868053 356.6
3567 0.5218209150653358 356.7
3568 0.5218779547129374 356.8
3569 0.5219368946498972 356.9
3570 0.521993168722972 357
3571 0.5220392310686229 357.1
3572 0.5220875523159237 357.2
3573 0.5221394823791577 357.3
3574 0.5221914173520447 357.4
3575 0.5222436302542324 357.5
3576 0.5222945568387053 357.6
3577 0.5223460700318102 357.7
3578 0.5223962033283616 357.8
3579 0.5224397280459877 357.9
3580 0.5224858681464808 358
3581 0.5225350236226785 358.1
3582 0.5225869532055075 358.2
3583 0.522639905131227 358.3
3584 0.5226937824549395 358.4
3585 0.5227440839831069 358.5
3586 0.522792301427727 358.6
3587 0.522836985189632 358.7
3588 0.5228812253483021 358.8
3589 0.5229263744543988 358.9
3590 0.5229719482265607 359
3591 0.5230172792047485 359.1
3592 0.5230637295663508 359.2
3593 0.5231117411869158 359.3
3594 0.5231616822279087 359.4
3595 0.5232137585416861 359.5
3596 0.5232674303986521 359.6
3597 0.5233215987903594 359.7
3598 0.5233751171009052 359.8
3599 0.5234287537487747 359.9
3600 0.5234812568798286 360
3601 0.5235241478029555 360.1
3602 0.5235645751431258 360.2
3603 0.523605933762408 360.3
3604 0.5236465500797972 360.4
3605 0.5236882746568317 360.5
3606 0.5237309927016616 360.6
3607 0.5237743583565871 360.7
3608 0.5238189780279497 360.8
3609 0.5238648657555534 360.9
3610 0.52391154994841 361
3611 0.5239590726242697 361.1
3612 0.524007437598211 361.2
3613 0.5240565647524154 361.3
3614 0.5241063597402901 361.4
3615 0.5241566939671847 361.5
3616 0.5242076150520458 361.6
3617 0.524259156171819 361.7
3618 0.5243112244619469 361.8
3619 0.5243637205558456 361.9
3620 0.5244167883002786 362
3621 0.524470161125512 362.1
3622 0.5245239075525855 362.2
3623 0.5245780432186855 362.3
3624 0.5246328376099961 362.4
3625 0.5246881957523301 362.5
3626 0.5247436369367262 362.6
3627 0.5247991779283089 362.7
3628 0.5248546027027736 362.8
3629 0.5249090114550541 362.9
3630 0.5249629698855247 363
3631 0.5250171050283441 363.1
3632 0.5250716692245866 363.2
3633 0.5251268573628627 363.3
3634 0.5251828104986177 363.4
3635 0.5252388830055313 363.5
3636 0.525295612058546 363.6
3637 0.5253531239631455 363.7
3638 0.5254101866707961 363.8
3639 0.5254668596466926 363.9
3640 0.5255236377321734 364
3641 0.5255804111537378 364.1
3642 0.5256374951420432 364.2
3643 0.5256939487996179 364.3
3644 0.5257478894721188 364.4
3645 0.5258008028346396 364.5
3646 0.5258541435755246 364.6
3647 0.5259070481970569 364.7
3648 0.5259597537452586 364.8
3649 0.5260121250098951 364.9
3650 0.5260649631247523 365
3651 0.5261174019186412 365.1
3652 0.5261696950869248 365.2
3653 0.5262223602691716 365.3
3654 0.5262752443366715 365.4
3655 0.526328927570443 365.5
3656 0.5263832381905623 365.6
3657 0.5264384856521065 365.7
3658 0.5264948894773227 365.8
3659 0.5265521769591622 365.9
3660 0.5266110769808212 366
3661 0.5266709678466083 366.1
3662 0.5267312925858243 366.2
3663 0.5267910241688658 366.3
3664 0.5268498565442539 366.4
3665 0.5268983863740091 366.5
3666 0.5269425054601589 366.6
3667 0.5269885259382409 366.7
3668 0.5270369982873183 366.8
3669 0.5270890417100621 366.9
3670 0.5271457982068003 367
3671 0.52720570816752 367.1
3672 0.5272643156486755 367.2
3673 0.5273266896968115 367.3
3674 0.5273841395021128 367.4
3675 0.5274349775488998 367.5
3676 0.5274879246252594 367.6
3677 0.5275399400548118 367.7
3678 0.5275915942323488 367.8
3679 0.5276434312987267 367.9
3680 0.5276951693334945 368
3681 0.5277436959102113 368.1
3682 0.5277908856286215 368.2
3683 0.5278390668659197 368.3
3684 0.527888404156198 368.4
3685 0.5279373918839566 368.5
3686 0.5279877659882048 368.6
3687 0.5280398558724629 368.7
3688 0.5280931355731757 368.8
3689 0.5281466710303175 368.9
3690 0.5282008185522599 369
3691 0.5282556753450427 369.1
3692 0.5283115800496181 369.2
3693 0.5283679244838694 369.3
3694 0.5284247087027862 369.4
3695 0.528481643725154 369.5
3696 0.5285384540209052 369.6
3697 0.5285949154986374 369.7
3698 0.5286501970814909 369.8
3699 0.5287051469155921 369.9
3700 0.5287601541791471 370
3701 0.5288152622746278 370.1
3702 0.5288699659842645 370.2
3703 0.5289245816832895 370.3
3704 0.5289793748503469 370.4
3705 0.5290345125283177 370.5
3706 0.5290895829495663 370.6
3707 0.5291434880578 370.7
3708 0.5291973452044153 370.8
3709 0.5292514506765661 370.9
3710 0.5293049351825475 371
3711 0.5293581641777185 371.1
3712 0.5294113314457648 371.2
3713 0.5294632214490391 371.3
3714 0.5295150721552039 371.4
3715 0.5295672699152152 371.5
3716 0.5296198535622393 371.6
3717 0.5296725994565711 371.7
3718 0.5297247435309453 371.8
3719 0.5297767128005241 371.9
3720 0.5298289632048081 372
3721 0.5298815067104085 372.1
3722 0.5299338624592269 372.2
3723 0.5299868742617808 372.3
3724 0.5300405653375857 372.4
3725 0.5300953731875956 372.5
3726 0.5301516166808811 372.6
3727 0.5302088692782735 372.7
3728 0.5302676609578296 372.8
3729 0.5303280108238941 372.9
3730 0.530390264495768 373
3731 0.5304529334007999 373.1
3732 0.5305160432996582 373.2
3733 0.5305810266775421 373.3
3734 0.5306481951155922 373.4
3735 0.530717795062025 373.5
3736 0.5307892414585552 373.6
3737 0.5308605203019737 373.7
3738 0.5309223785182158 373.8
3739 0.5309731919546283 373.9
3740 0.5310250326457996 374
3741 0.5310791019819577 374.1
3742 0.5311354164688432 374.2
3743 0.5311931850918929 374.3
3744 0.5312520537962773 374.4
3745 0.5313094830170542 374.5
3746 0.5313668774351747 374.6
3747 0.5314234321465042 374.7
3748 0.5314776692037891 374.8
3749 0.5315333358945947 374.9
3750 0.531590954461174 375
3751 0.5316513493530708 375.1
3752 0.5317120741698913 375.2
3753 0.5317713103825658 375.3
3754 0.5318322663440335 375.4
3755 0.5318924638818762 375.5
3756 0.5319514625099651 375.6
3757 0.5320063754610119 375.7
3758 0.532053239695276 375.8
3759 0.5320994875567824 375.9
3760 0.5321482151365782 376
3761 0.5321980441539782 376.1
3762 0.5322493108786441 376.2
3763 0.5323005501616013 376.3
3764 0.5323504932631566 376.4
3765 0.5324007012355604 376.5
3766 0.5324502049430817 376.6
3767 0.5324992881990506 376.7
3768 0.532547640857153 376.8
3769 0.5325962106632233 376.9
3770 0.5326449327337117 377
3771 0.5326940293212026 377.1
3772 0.5327439858170692 377.2
3773 0.5327956054515433 377.3
3774 0.5328482445620485 377.4
3775 0.5329010247535554 377.5
3776 0.5329539619277405 377.6
3777 0.5330060109726783 377.7
3778 0.5330589364364074 377.8
3779 0.5331122737098902 377.9
3780 0.5331665236156984 378
3781 0.5332211509728508 378.1
3782 0.5332753174804733 378.2
3783 0.5333268942282218 378.3
3784 0.5333774091275426 378.4
3785 0.5334265010798113 378.5
3786 0.533475448661894 378.6
3787 0.5335223230023228 378.7
3788 0.5335697852322751 378.8
3789 0.533617765768663 378.9
3790 0.5336663343254074 379
3791 0.533715461943583 379.1
3792 0.5337648063332434 379.2
3793 0.53381429435729 379.3
3794 0.5338640525814776 379.4
3795 0.5339138097537344 379.5
3796 0.533963906233803 379.6
3797 0.5340144633728043 379.7
3798 0.5340651482600147 379.8
3799 0.5341164024427295 379.9
3800 0.5341679871999609 380
3801 0.5342203773852906 380.1
3802 0.5342737556326692 380.2
3803 0.5343262850770101 380.3
3804 0.5343788690077091 380.4
3805 0.5344322026842994 380.5
3806 0.534486530623101 380.6
3807 0.5345420319977535 380.7
3808 0.5345989427713486 380.8
3809 0.5346580975764101 380.9
3810 0.5347182622460773 381
3811 0.5347788990607627 381.1
3812 0.5348419600810267 381.2
3813 0.5349077164030223 381.3
3814 0.5349758605807891 381.4
3815 0.535044648025035 381.5
3816 0.535113049676338 381.6
3817 0.5351716539366825 381.7
3818 0.5352177589314477 381.8
3819 0.535265762872812 381.9
3820 0.5353158206656865 382
3821 0.5353679746509231 382.1
3822 0.5354217068716962 382.2
3823 0.5354774473800304 382.3
3824 0.5355349027408975 382.4
3825 0.5355934149745002 382.5
3826 0.5356534931755115 382.6
3827 0.5357125293173064 382.7
3828 0.5357728956354678 382.8
3829 0.5358354993283271 382.9
3830 0.5358964818988325 383
3831 0.5359570376897506 383.1
3832 0.5360122905739865 383.2
3833 0.5360609668707284 383.3
3834 0.536108236382036 383.4
3835 0.5361523884750048 383.5
3836 0.5361975708817277 383.6
3837 0.5362420657498813 383.7
3838 0.5362882549020918 383.8
3839 0.5363351246345711 383.9
3840 0.5363841069542334 384
3841 0.5364341586464432 384.1
3842 0.5364840310896265 384.2
3843 0.536532640907622 384.3
3844 0.5365828170530578 384.4
3845 0.5366341650480245 384.5
3846 0.5366850403799955 384.6
3847 0.5367345123659196 384.7
3848 0.5367814281762919 384.8
3849 0.5368281032952593 384.9
3850 0.5368741192964299 385
3851 0.5369197976540901 385.1
3852 0.5369659832259913 385.2
3853 0.5370133237468796 385.3
3854 0.5370618375241215 385.4
3855 0.5371107669117791 385.5
3856 0.5371609343798472 385.6
3857 0.5372121351015854 385.7
3858 0.5372646212824488 385.8
3859 0.5373186431205794 385.9
3860 0.5373742163089269 386
3861 0.5374297063050946 386.1
3862 0.5374854688104175 386.2
3863 0.5375427961190672 386.3
3864 0.5376011646511754 386.4
3865 0.5376601831703592 386.5
3866 0.537720222640941 386.6
3867 0.5377810564779687 386.7
3868 0.5378411131327079 386.8
3869 0.5378964176904795 386.9
3870 0.5379501669214235 387
3871 0.5380033901415038 387.1
3872 0.5380568427021321 387.2
3873 0.5381102679435738 387.3
3874 0.5381632859184197 387.4
3875 0.5382160542111183 387.5
3876 0.53826770789786 387.6
3877 0.5383172060994602 387.7
3878 0.5383666349984085 387.8
3879 0.5384157185167527 387.9
3880 0.5384634568885605 388
3881 0.538510563939817 388.1
3882 0.5385576969137725 388.2
3883 0.538604223279243 388.3
3884 0.5386507042557148 388.4
3885 0.538698023020828 388.5
3886 0.5387465064200546 388.6
3887 0.5387960850529608 388.7
3888 0.5388467037948818 388.8
3889 0.5388985732450892 388.9
3890 0.5389505564775975 389
3891 0.5390030043148077 389.1
3892 0.5390564995261334 389.2
3893 0.5391112940107373 389.3
3894 0.539167819910187 389.4
3895 0.5392270929309555 389.5
3896 0.5392892077127328 389.6
3897 0.539354218078162 389.7
3898 0.5394211522496667 389.8
3899 0.5394903998781663 389.9
3900 0.5395615957930137 390
3901 0.5396331301077153 390.1
3902 0.5397038034458518 390.2
3903 0.5397565289536732 390.3
3904 0.5398054108778856 390.4
3905 0.5398580420438821 390.5
3906 0.539912333810083 390.6
3907 0.5399660876893692 390.7
3908 0.5400160338243328 390.8
3909 0.5400655641434799 390.9
3910 0.5401143507874128 391
3911 0.5401616647000088 391.1
3912 0.5402090187897237 391.2
3913 0.5402571723672865 391.3
3914 0.5403063026888508 391.4
3915 0.5403566666995336 391.5
3916 0.5404080653544593 391.6
3917 0.540460940130531 391.7
3918 0.540515032273897 391.8
3919 0.5405679144984787 391.9
3920 0.5406204782981868 392
3921 0.5406724965162536 392.1
3922 0.5407230765778026 392.2
3923 0.5407722976801631 392.3
3924 0.5408207556250483 392.4
3925 0.5408684042106963 392.5
3926 0.5409159509204605 392.6
3927 0.5409636010284761 392.7
3928 0.5410111807905013 392.8
3929 0.5410597636138027 392.9
3930 0.5411092687156515 393
3931 0.5411601847369878 393.1
3932 0.5412127751678347 393.2
3933 0.5412672619352644 393.3
3934 0.5413238997621304 393.4
3935 0.5413821714955126 393.5
3936 0.5414410479775605 393.6
3937 0.541497316490536 393.7
3938 0.5415499259187562 393.8
3939 0.5416009987433181 393.9
3940 0.5416501577450621 394
3941 0.5416981032912899 394.1
3942 0.5417457376003428 394.2
3943 0.5417927720870266 394.3
3944 0.5418394522978431 394.4
3945 0.5418862745838472 394.5
3946 0.5419330510683814 394.6
3947 0.5419801339541155 394.7
3948 0.5420276443718252 394.8
3949 0.5420751898535291 394.9
3950 0.5421240901150065 395
3951 0.5421739212270187 395.1
3952 0.5422240224473432 395.2
3953 0.5422751667750615 395.3
3954 0.5423271402130303 395.4
3955 0.5423797939562663 395.5
3956 0.5424328221699796 395.6
3957 0.5424856565234724 395.7
3958 0.5425374013201547 395.8
3959 0.542588169398187 395.9
3960 0.5426386889376704 396
3961 0.542689248499554 396.1
3962 0.542740172271216 396.2
3963 0.5427908720532597 396.3
3964 0.5428422398362153 396.4
3965 0.5428950388388042 396.5
3966 0.5429496733472362 396.6
3967 0.5430042912146908 396.7
3968 0.543060658344071 396.8
3969 0.5431187634413337 396.9
3970 0.5431784860109057 397
3971 0.5432402193608841 397.1
3972 0.5433034191213585 397.2
3973 0.5433663236582574 397.3
3974 0.5434266053042213 397.4
3975 0.5434848126331883 397.5
3976 0.5435423294925211 397.6
3977 0.5435996632510081 397.7
3978 0.5436575318653855 397.8
3979 0.5437151312482282 397.9
3980 0.5437738886656686 398
3981 0.5438333267194172 398.1
3982 0.5438933903651884 398.2
3983 0.5439546102090742 398.3
3984 0.5440170018411546 398.4
3985 0.5440806733010644 398.5
3986 0.5441450136435223 398.6
3987 0.5442112862569056 398.7
3988 0.5442785996732176 398.8
3989 0.5443430243062054 398.9
3990 0.5444086189707887 399
3991 0.5444762354706738 399.1
3992 0.5445434785474372 399.2
3993 0.5445874078511066 399.3
3994 0.5446264432556267 399.4
3995 0.5446662633763655 399.5
3996 0.5447060471743845 399.6
3997 0.5447466742102822 399.7
3998 0.5447879883786592 399.8
3999 0.5448286301517644 399.9
4000 0.5448704173193881 400
4001 0.5449144866360666 400.1
4002 0.5449608344425524 400.2
4003 0.5450088849980778 400.3
4004 0.5450587049507049 400.4
4005 0.5451091139365428 400.5
4006 0.5451589098685482 400.6
4007 0.5452086866789505 400.7
4008 0.5452584592198859 400.8
4009 0.5453061449804724 400.9
4010 0.5453554890260216 401
4011 0.5454029479235327 401.1
4012 0.5454514912790139 401.2
4013 0.5454999546549508 401.3
4014 0.5455465552853374 401.4
4015 0.5455887124269247 401.5
4016 0.5456245581917608 401.6
4017 0.5456612959318413 401.7
4018 0.5457001256782071 401.8
4019 0.5457391549173525 401.9
4020 0.5457802415141387 402
4021 0.5458233827289093 402.1
4022 0.5458673099784216 402.2
4023 0.5459097185210785 402.3
4024 0.545951499861131 402.4
4025 0.5459947244568047 402.5
4026 0.5460389575028263 402.6
4027 0.5460827930409338 402.7
4028 0.5461274408643304 402.8
4029 0.546173168068936 402.9
4030 0.5462201400627156 403
4031 0.5462684502282265 403.1
4032 0.54631763572308 403.2
4033 0.5463679700702745 403.3
4034 0.5464196558284861 403.4
4035 0.546472474399762 403.5
4036 0.5465256105266711 403.6
4037 0.5465793454898782 403.7
4038 0.5466341525305716 403.8
4039 0.5466906672827716 403.9
4040 0.5467489952360648 404
4041 0.5468084622610754 404.1
4042 0.5468649963774894 404.2
4043 0.5469175763527696 404.3
4044 0.5469682239779649 404.4
4045 0.5470182611992356 404.5
4046 0.5470676496664754 404.6
4047 0.547116549765441 404.7
4048 0.547165045104737 404.8
4049 0.5472129383337998 404.9
4050 0.5472601601243814 405
4051 0.5473063769181779 405.1
4052 0.5473510827278872 405.2
4053 0.5473959397535534 405.3
4054 0.5474399208170053 405.4
4055 0.5474833279300871 405.5
4056 0.5475269396240338 405.6
4057 0.5475707184250277 405.7
4058 0.5476152515458319 405.8
4059 0.5476606022954074 405.9
4060 0.5477063678773447 406
4061 0.5477527283322174 406.1
4062 0.5477981732515765 406.2
4063 0.547843382207398 406.3
4064 0.5478867992948487 406.4
4065 0.5479315780202185 406.5
4066 0.5479778182605152 406.6
4067 0.548025619410489 406.7
4068 0.5480751924158117 406.8
4069 0.548124650835967 406.9
4070 0.5481756592969204 407
4071 0.548229066092908 407.1
4072 0.5482852974408441 407.2
4073 0.5483440569034725 407.3
4074 0.5484032399044579 407.4
4075 0.5484640374285771 407.5
4076 0.5485255528232852 407.6
4077 0.5485850605524826 407.7
4078 0.5486418137063024 407.8
4079 0.5486982101130348 407.9
4080 0.5487551284358422 408
4081 0.5488127615935416 408.1
4082 0.5488732179131363 408.2
4083 0.5489332181751864 408.3
4084 0.5489966050440903 408.4
4085 0.5490627985679488 408.5
4086 0.5491293196171533 408.6
4087 0.5491804901965901 408.7
4088 0.5492162327105214 408.8
4089 0.5492523886937375 408.9
4090 0.5492895121012654 409
4091 0.549328425200578 409.1
4092 0.5493696602447072 409.2
4093 0.5494133114161803 409.3
4094 0.5494599759430141 409.4
4095 0.5495097086555589 409.5
4096 0.5495619546840192 409.6
4097 0.5496157786922706 409.7
4098 0.5496716184440481 409.8
4099 0.5497286366835015 409.9
4100 0.5497844514518596 410
4101 0.5498378117111273 410.1
4102 0.5498890540430544 410.2
4103 0.5499376953944649 410.3
4104 0.5499850666100607 410.4
4105 0.5500290291299545 410.5
4106 0.5500726486112106 410.6
4107 0.5501170387201869 410.7
4108 0.5501624318607671 410.8
4109 0.5502085907220857 410.9
4110 0.5502566498546857 411
4111 0.5503055697586632 411.1
4112 0.5503558214131076 411.2
4113 0.550406198775619 411.3
4114 0.5504580571399909 411.4
4115 0.5505104307357385 411.5
4116 0.5505634104819715 411.6
4117 0.5506151377197377 411.7
4118 0.5506654217733673 411.8
4119 0.5507157917056493 411.9
4120 0.5507658262521018 412
4121 0.5508158093774974 412.1
4122 0.5508654360019065 412.2
4123 0.5509146857758139 412.3
4124 0.5509623708299028 412.4
4125 0.5510090714727938 412.5
4126 0.5510545812587169 412.6
4127 0.5511002852565181 412.7
4128 0.5511443806955879 412.8
4129 0.5511876035246275 412.9
4130 0.5512296995974321 413
4131 0.551273255700053 413.1
4132 0.5513182905829761 413.2
4133 0.5513647758252975 413.3
4134 0.5514126569747654 413.4
4135 0.5514618563564521 413.5
4136 0.5515118172571067 413.6
4137 0.5515627655420358 413.7
4138 0.5516151746007916 413.8
4139 0.5516680330302064 413.9
4140 0.5517221643736882 414
4141 0.5517776217014002 414.1
4142 0.5518338102974315 414.2
4143 0.5518894869738961 414.3
4144 0.551943936632997 414.4
4145 0.5519965106323261 414.5
4146 0.5520464993603834 414.6
4147 0.5520945966307235 414.7
4148 0.5521422256990006 414.8
4149 0.552188908493506 414.9
4150 0.5522362411016962 415
4151 0.5522847207087966 415.1
4152 0.5523343323929054 415.2
4153 0.552385179098814 415.3
4154 0.5524369996264582 415.4
4155 0.5524902339531489 415.5
4156 0.552544101649733 415.6
4157 0.552598123955884 415.7
4158 0.5526542100439916 415.8
4159 0.5527124520833365 415.9
4160 0.5527717887680018 416
4161 0.5528326590300264 416.1
4162 0.5528948820841889 416.2
4163 0.5529575020831461 416.3
4164 0.553017798923889 416.4
4165 0.5530722278365644 416.5
4166 0.5531245346965081 416.6
4167 0.5531742825447539 416.7
4168 0.5532210345811701 416.8
4169 0.5532666302338034 416.9
4170 0.553311785023334 417
4171 0.5533588053166378 417.1
4172 0.5534081475963414 417.2
4173 0.553459866452511 417.3
4174 0.5535132047929067 417.4
4175 0.5535671206994104 417.5
4176 0.5536219695252744 417.6
4177 0.5536779339207129 417.7
4178 0.5537357034478053 417.8
4179 0.5537963061516303 417.9
4180 0.5538606119584824 418
4181 0.5539279476958398 418.1
4182 0.5539964332104761 418.2
4183 0.554061729330625 418.3
4184 0.5541032005641882 418.4
4185 0.5541377657135831 418.5
4186 0.5541755077265678 418.6
4187 0.5542166387041132 418.7
4188 0.5542585336255923 418.8
4189 0.5543030893208345 418.9
4190 0.5543500173858372 419
4191 0.5543987289243396 419.1
4192 0.5544478156750934 419.2
4193 0.5544959531155198 419.3
4194 0.5545428321378175 419.4
4195 0.5545896637277619 419.5
4196 0.5546361006306957 419.6
4197 0.5546833414521657 419.7
4198 0.5547306417267822 419.8
4199 0.5547783660559029 419.9
4200 0.5548263904267418 420
4201 0.5548742955700916 420.1
4202 0.5549226309533666 420.2
4203 0.5549712667643115 420.3
4204 0.5550193945745303 420.4
4205 0.5550670370002337 420.5
4206 0.5551142007691948 420.6
4207 0.5551615506280961 420.7
4208 0.5552091652317068 420.8
4209 0.5552562354573458 420.9
4210 0.5553041706807192 421
4211 0.5553536033373115 421.1
4212 0.5554044188813384 421.2
4213 0.5554563038768217 421.3
4214 0.5555094911091117 421.4
4215 0.5555638374635834 421.5
4216 0.5556196358783912 421.6
4217 0.555677087872172 421.7
4218 0.5557361009938394 421.8
4219 0.5557970086015578 421.9
4220 0.5558545848752178 422
4221 0.5559134358126666 422.1
4222 0.5559744820582593 422.2
4223 0.556035865061525 422.3
4224 0.5560954166741682 422.4
4225 0.5561525800504747 422.5
4226 0.5562047032436653 422.6
4227 0.5562530147503814 422.7
4228 0.5562974695928731 422.8
4229 0.5563374403155736 422.9
4230 0.5563746195478286 423
4231 0.556413513126368 423.1
4232 0.556454939280176 423.2
4233 0.5564980673643533 423.3
4234 0.556542344233191 423.4
4235 0.5565861076661914 423.5
4236 0.5566313332826521 423.6
4237 0.5566785196615537 423.7
4238 0.5567275259501843 423.8
4239 0.5567766226452195 423.9
4240 0.5568254500797205 424
4241 0.5568753856428389 424.1
4242 0.5569263112303651 424.2
4243 0.5569780656247252 424.3
4244 0.5570301496088543 424.4
4245 0.5570813741089097 424.5
4246 0.5571327603466693 424.6
4247 0.5571847214928007 424.7
4248 0.5572370924133521 424.8
4249 0.5572896048408046 424.9
4250 0.5573425877190769 425
4251 0.5573959382159943 425.1
4252 0.5574482772667447 425.2
4253 0.557500624170543 425.3
4254 0.5575529949492929 425.4
4255 0.5576058102883 425.5
4256 0.5576571494025608 425.6
4257 0.5577091114061394 425.7
4258 0.5577621754054476 425.8
4259 0.5578163461178892 425.9
4260 0.5578713836028635 426
4261 0.5579260913213238 426.1
4262 0.5579802573706391 426.2
4263 0.5580320682658199 426.3
4264 0.5580837200426806 426.4
4265 0.5581352078680168 426.5
4266 0.5581871080163826 426.6
4267 0.558239585994847 426.7
4268 0.5582929447830621 426.8
4269 0.5583471574039023 426.9
4270 0.5584010865353379 427
4271 0.5584555076846919 427.1
4272 0.5585101322170641 427.2
4273 0.558565306279355 427.3
4274 0.558620795173978 427.4
4275 0.5586771853013823 427.5
4276 0.558734619881867 427.6
4277 0.5587934774954062 427.7
4278 0.558853933784886 427.8
4279 0.5589159040062394 427.9
4280 0.5589791020570144 428
4281 0.5590429088723515 428.1
4282 0.5591074364367583 428.2
4283 0.5591732316238954 428.3
4284 0.5592404169579447 428.4
4285 0.5593027678939358 428.5
4286 0.5593476811809103 428.6
4287 0.5593862290279831 428.7
4288 0.5594246229320708 428.8
4289 0.5594650396105832 428.9
4290 0.5595080388197723 429
4291 0.5595533552412302 429.1
4292 0.5596007149082404 429.2
4293 0.5596499910788095 429.3
4294 0.5596997756113075 429.4
4295 0.559745131413119 429.5
4296 0.559791540791866 429.6
4297 0.5598388527142174 429.7
4298 0.5598867857962554 429.8
4299 0.5599341487745351 429.9
4300 0.5599817813769393 430
4301 0.5600295196017226 430.1
4302 0.5600772397075118 430.2
4303 0.5601250658359139 430.3
4304 0.5601730844814113 430.4
4305 0.5602210503418044 430.5
4306 0.5602690951668122 430.6
4307 0.5603171356048716 430.7
4308 0.56036517033281 430.8
4309 0.5604135949923756 430.9
4310 0.5604625435267313 431
4311 0.5605121457950802 431.1
4312 0.5605625498959395 431.2
4313 0.5606139176605713 431.3
4314 0.5606657158364913 431.4
4315 0.5607174683936651 431.5
4316 0.5607701758623529 431.6
4317 0.5608237712619631 431.7
4318 0.5608772561698778 431.8
4319 0.5609308761750069 431.9
4320 0.5609842369258774 432
4321 0.561037816939429 432.1
4322 0.5610895604849109 432.2
4323 0.5611397431658512 432.3
4324 0.5611904890576265 432.4
4325 0.5612424161481109 432.5
4326 0.561294825414995 432.6
4327 0.561346055339228 432.7
4328 0.5613972971543588 432.8
4329 0.5614470364345365 432.9
4330 0.5614949344499776 433
4331 0.5615421521780922 433.1
4332 0.5615853579155645 433.2
4333 0.5616284461939409 433.3
4334 0.5616708371678933 433.4
4335 0.5617140346564219 433.5
4336 0.561758252555572 433.6
4337 0.56180257972389 433.7
4338 0.5618463307132783 433.8
4339 0.5618900097043524 433.9
4340 0.5619344632244665 434
4341 0.5619800903402661 434.1
4342 0.5620276598182782 434.2
4343 0.5620745650931418 434.3
4344 0.5621221830160053 434.4
4345 0.562171113312382 434.5
4346 0.562220744853559 434.6
4347 0.5622699916445321 434.7
4348 0.5623171456916792 434.8
4349 0.5623631252061929 434.9
4350 0.5624081972135241 435
4351 0.5624513245500196 435.1
4352 0.5624945581038826 435.2
4353 0.5625384287745534 435.3
4354 0.5625832963439494 435.4
4355 0.562629400970126 435.5
4356 0.562676870975551 435.6
4357 0.5627257375398323 435.7
4358 0.5627747329759031 435.8
4359 0.5628247806963743 435.9
4360 0.5628755821647718 436
4361 0.5629265230905873 436.1
4362 0.5629759188704212 436.2
4363 0.5630235546510692 436.3
4364 0.5630700415432478 436.4
4365 0.5631147342737159 436.5
4366 0.563157750649214 436.6
4367 0.5632009367382544 436.7
4368 0.5632451177324697 436.8
4369 0.5632903288330569 436.9
4370 0.5633365866299739 437
4371 0.5633836438039315 437.1
4372 0.5634313046609013 437.2
4373 0.5634796782369602 437.3
4374 0.5635284397312874 437.4
4375 0.5635777918200011 437.5
4376 0.563627739746532 437.6
4377 0.5636769112505531 437.7
4378 0.563725996249076 437.8
4379 0.563776183450035 437.9
4380 0.5638274463287126 438
4381 0.5638789190928453 438.1
4382 0.5639314399404544 438.2
4383 0.5639850651170788 438.3
4384 0.5640390645984931 438.4
4385 0.5640921333866499 438.5
4386 0.5641442351335587 438.6
4387 0.5641965890462317 438.7
4388 0.5642495916672216 438.8
4389 0.5643004652980457 438.9
4390 0.5643520283110011 439
4391 0.5644064688388359 439.1
4392 0.5644625706634299 439.2
4393 0.5645206704898104 439.3
4394 0.5645774216132458 439.4
4395 0.5646321668171632 439.5
4396 0.5646833318903084 439.6
4397 0.564733240099076 439.7
4398 0.5647802733892247 439.8
4399 0.5648287980058215 439.9
4400 0.5648800130679272 440
4401 0.5649333568385831 440.1
4402 0.5649865604535821 440.2
4403 0.5650375984545551 440.3
4404 0.5650868351305177 440.4
4405 0.5651354355721612 440.5
4406 0.5651882071633195 440.6
4407 0.5652395649771637 440.7
4408 0.5652845135022264 440.8
4409 0.5653263211479871 440.9
4410 0.5653670017083441 441
4411 0.5654047227507299 441.1
4412 0.5654377433173707 441.2
4413 0.5654711100463685 441.3
4414 0.5655064251019996 441.4
4415 0.565545247214397 441.5
4416 0.565587645688117 441.6
4417 0.5656322116481379 441.7
4418 0.5656772724124695 441.8
4419 0.5657240950987044 441.9
4420 0.5657726608667737 442
4421 0.5658233598693106 442.1
4422 0.5658738710083798 442.2
4423 0.5659234899029654 442.3
4424 0.5659711895510713 442.4
4425 0.5660196883888297 442.5
4426 0.5660682825799663 442.6
4427 0.5661177442608168 442.7
4428 0.5661675170990426 442.8
4429 0.566217526460386 442.9
4430 0.5662677483353603 443
4431 0.566317780458357 443.1
4432 0.5663675299021723 443.2
4433 0.5664167809828371 443.3
4434 0.5664655995658415 443.4
4435 0.5665135730434315 443.5
4436 0.5665615918905802 443.6
4437 0.5666070647007432 443.7
4438 0.5666504531419723 443.8
4439 0.5666945498832389 443.9
4440 0.5667395470425143 444
4441 0.5667850804887089 444.1
4442 0.5668309666637185 444.2
4443 0.5668774923277475 444.3
4444 0.5669244619430142 444.4
4445 0.5669720430302881 444.5
4446 0.5670204115400257 444.6
4447 0.5670693082163701 444.7
4448 0.5671178427247939 444.8
4449 0.5671665782857152 444.9
4450 0.5672154827626722 445
4451 0.5672618154404255 445.1
4452 0.5673091561143773 445.2
4453 0.5673573249704533 445.3
4454 0.5674059194436796 445.4
4455 0.5674546080387539 445.5
4456 0.5675034423454486 445.6
4457 0.5675522432185049 445.7
4458 0.5676010635171178 445.8
4459 0.5676495132416248 445.9
4460 0.5676981412422807 446
4461 0.5677473131264584 446.1
4462 0.5677972062799633 446.2
4463 0.5678480796089131 446.3
4464 0.5679001642042568 446.4
4465 0.5679499229679247 446.5
4466 0.5680003777429975 446.6
4467 0.5680519372097987 446.7
4468 0.5681028870767971 446.8
4469 0.5681518720427684 446.9
4470 0.5682004237337768 447
4471 0.5682487623379806 447.1
4472 0.5682967383334894 447.2
4473 0.5683443186565152 447.3
4474 0.5683915613148373 447.4
4475 0.5684385867504822 447.5
4476 0.5684854727836051 447.6
4477 0.5685324256187743 447.7
4478 0.5685795761483112 447.8
4479 0.5686272798387223 447.9
4480 0.5686756199448106 448
4481 0.5687247520876386 448.1
4482 0.5687733558273567 448.2
4483 0.5688211263893899 448.3
4484 0.568869990721973 448.4
4485 0.5689197417724725 448.5
4486 0.5689703366072869 448.6
4487 0.5690213841779612 448.7
4488 0.5690730437158874 448.8
4489 0.5691244661383494 448.9
4490 0.5691760190928795 449
4491 0.5692276548991428 449.1
4492 0.5692784749502785 449.2
4493 0.5693293391703581 449.3
4494 0.56938040792232 449.4
4495 0.5694315847134845 449.5
4496 0.5694826355091621 449.6
4497 0.5695334169866285 449.7
4498 0.5695835633184243 449.8
4499 0.5696306227710652 449.9
4500 0.569676176631848 450
4501 0.5697221638932229 450.1
4502 0.5697698344091197 450.2
4503 0.5698189759230431 450.3
4504 0.5698694934073 450.4
4505 0.5699205949773022 450.5
4506 0.5699714194585067 450.6
4507 0.5700235776233035 450.7
4508 0.5700763379599095 450.8
4509 0.5701297249007102 450.9
4510 0.5701845204650424 451
4511 0.5702406688774529 451.1
4512 0.5702953648809485 451.2
4513 0.5703502888171605 451.3
4514 0.5704051818302176 451.4
4515 0.5704598401412925 451.5
4516 0.5705132100907703 451.6
4517 0.5705645730111708 451.7
4518 0.570614550616562 451.8
4519 0.570664253267442 451.9
4520 0.570713364390013 452
4521 0.5707621144114619 452.1
4522 0.5708100369201476 452.2
4523 0.5708578287978143 452.3
4524 0.5709047927168633 452.4
4525 0.5709514417152997 452.5
4526 0.5709982596903888 452.6
4527 0.5710452904625271 452.7
4528 0.5710921445087321 452.8
4529 0.5711391516411394 452.9
4530 0.5711858455014769 453
4531 0.5712328702038619 453.1
4532 0.5712798910327649 453.2
4533 0.5713270561794691 453.3
4534 0.571374403563395 453.4
4535 0.5714219431592533 453.5
4536 0.5714700658953483 453.6
4537 0.5715184191053939 453.7
4538 0.5715651714762497 453.8
4539 0.5716128128560015 453.9
4540 0.5716614401076219 454
4541 0.5717110419486386 454.1
4542 0.5717614803769234 454.2
4543 0.5718129368332564 454.3
4544 0.5718653969456456 454.4
4545 0.5719187858102297 454.5
4546 0.5719722796746293 454.6
4547 0.5720230390554278 454.7
4548 0.5720733992378166 454.8
4549 0.5721248653588106 454.9
4550 0.5721770143498682 455
4551 0.5722303532481687 455.1
4552 0.5722837090336552 455.2
4553 0.5723378293064857 455.3
4554 0.5723911596723443 455.4
4555 0.5724445394353875 455.5
4556 0.572498089069904 455.6
4557 0.572550839892524 455.7
4558 0.5726032610982551 455.8
4559 0.5726552072725958 455.9
4560 0.5727055216118097 456
4561 0.5727553914224431 456.1
4562 0.5728049562365138 456.2
4563 0.572853994465362 456.3
4564 0.5729030969278185 456.4
4565 0.5729522473005696 456.5
4566 0.5730015620220962 456.6
4567 0.5730517285372393 456.7
4568 0.5731025505349712 456.8
4569 0.573151134435923 456.9
4570 0.5732003346787107 457
4571 0.5732483243586645 457.1
4572 0.5732970583126438 457.2
4573 0.5733463172037844 457.3
4574 0.5733958960084452 457.4
4575 0.5734457060816317 457.5
4576 0.5734958009003641 457.6
4577 0.5735462243574356 457.7
4578 0.5735969169043611 457.8
4579 0.5736481056584226 457.9
4580 0.5736997816946425 458
4581 0.5737513005335182 458.1
4582 0.5738029733919641 458.2
4583 0.5738546043918772 458.3
4584 0.573907875342471 458.4
4585 0.5739619734816755 458.5
4586 0.5740182613207264 458.6
4587 0.5740763217175484 458.7
4588 0.5741360177509067 458.8
4589 0.5741931224230814 458.9
4590 0.5742477963144141 459
4591 0.5743023995787623 459.1
4592 0.5743566786245033 459.2
4593 0.5744087825004905 459.3
4594 0.5744594588883851 459.4
4595 0.5745103066272982 459.5
4596 0.5745621979158163 459.6
4597 0.5746143154392818 459.7
4598 0.5746665275484166 459.8
4599 0.5747181075303637 459.9
4600 0.5747696356059485 460
4601 0.5748203564633844 460.1
4602 0.5748700780567831 460.2
4603 0.5749172997398125 460.3
4604 0.5749647094529999 460.4
4605 0.5750131415501071 460.5
4606 0.5750626870789511 460.6
4607 0.5751128114471348 460.7
4608 0.5751640461028629 460.8
4609 0.5752167168796259 460.9
4610 0.5752679274281337 461
4611 0.5753204329780656 461.1
4612 0.5753739555131058 461.2
4613 0.5754274112169961 461.3
4614 0.5754785706425635 461.4
4615 0.5755294724736846 461.5
4616 0.5755801165221206 461.6
4617 0.5756302257336635 461.7
4618 0.5756796454163304 461.8
4619 0.575728767419281 461.9
4620 0.5757775533354622 462
4621 0.5758277515075952 462.1
4622 0.5758792845904267 462.2
4623 0.5759325105297509 462.3
4624 0.5759846858484339 462.4
4625 0.5760355377365494 462.5
4626 0.5760871531577949 462.6
4627 0.5761390240909577 462.7
4628 0.576191761051897 462.8
4629 0.576245098602985 462.9
4630 0.576298794622722 463
4631 0.5763501458993053 463.1
4632 0.5763971576031346 463.2
4633 0.5764437137792784 463.3
4634 0.5764901363685803 463.4
4635 0.5765368252473222 463.5
4636 0.5765843364323842 463.6
4637 0.5766329700967119 463.7
4638 0.5766827638313887 463.8
4639 0.5767333780516402 463.9
4640 0.5767804094560975 464
4641 0.5768280953846252 464.1
4642 0.5768762357287519 464.2
4643 0.5769247054102765 464.3
4644 0.5769738402146358 464.4
4645 0.5770242357729825 464.5
4646 0.5770767213829515 464.6
4647 0.5771311830099815 464.7
4648 0.5771877188656379 464.8
4649 0.57724589028077 464.9
4650 0.5773055230590226 465
4651 0.5773619015957759 465.1
4652 0.5774163169564209 465.2
4653 0.5774683250839467 465.3
4654 0.5775183303539565 465.4
4655 0.5775636651554042 465.5
4656 0.5776060418825566 465.6
4657 0.577649886305996 465.7
4658 0.5776962120110364 465.8
4659 0.5777451130833258 465.9
4660 0.5777938004054287 466
4661 0.5778418948032706 466.1
4662 0.577890612265611 466.2
4663 0.5779397516017949 466.3
4664 0.5779865808099506 466.4
4665 0.5780339367421203 466.5
4666 0.5780815015757151 466.6
4667 0.5781288061151202 466.7
4668 0.578176206640417 466.8
4669 0.5782244722584367 466.9
4670 0.5782725004648187 467
4671 0.5783208511289705 467.1
4672 0.5783701048104946 467.2
4673 0.5784197635015029 467.3
4674 0.5784705769373871 467.4
4675 0.5785219198019479 467.5
4676 0.5785704005536008 467.6
4677 0.578619058323938 467.7
4678 0.5786675826615781 467.8
4679 0.5787159013713 467.9
4680 0.5787632229253515 468
4681 0.578809053179149 468.1
4682 0.5788545849298956 468.2
4683 0.5789011717155139 468.3
4684 0.5789490610440697 468.4
4685 0.5789978124806663 468.5
4686 0.5790484014372853 468.6
4687 0.5791009159514721 468.7
4688 0.5791547291589368 468.8
4689 0.5792082148869517 468.9
4690 0.5792597369091874 469
4691 0.5793118996705029 469.1
4692 0.5793644628353953 469.2
4693 0.5794173454791239 469.3
4694 0.5794704710616955 469.4
4695 0.579521154657918 469.5
4696 0.5795726296890988 469.6
4697 0.5796250607008603 469.7
4698 0.5796785151053738 469.8
4699 0.5797331817536301 469.9
4700 0.5797882345045037 470
4701 0.5798447395331973 470.1
4702 0.5799028202809726 470.2
4703 0.5799622731307986 470.3
4704 0.5800220661841564 470.4
4705 0.5800795487875235 470.5
4706 0.5801355853964336 470.6
4707 0.5801879794967331 470.7
4708 0.580237785392084 470.8
4709 0.5802861091197478 470.9
4710 0.5803323698545295 471
4711 0.5803774861280764 471.1
4712 0.5804222552228266 471.2
4713 0.5804669907961236 471.3
4714 0.5805118933243512 471.4
4715 0.5805567855333494 471.5
4716 0.5806024230061443 471.6
4717 0.5806488164561643 471.7
4718 0.5806956396723671 471.8
4719 0.5807412678324585 471.9
4720 0.580786437671949 472
4721 0.5808326347429325 472.1
4722 0.580879828175793 472.2
4723 0.5809281184982448 472.3
4724 0.5809775489904863 472.4
4725 0.5810280847222067 472.5
4726 0.5810795798425085 472.6
4727 0.581130372263893 472.7
4728 0.5811788106269796 472.8
4729 0.5812261605038459 472.9
4730 0.5812734955244462 473
4731 0.5813207773790232 473.1
4732 0.5813680759907904 473.2
4733 0.581415508511295 473.3
4734 0.5814631627657967 473.4
4735 0.5815111351881845 473.5
4736 0.5815594154738514 473.6
4737 0.5816076123845852 473.7
4738 0.5816561076695742 473.8
4739 0.5817053461921227 473.9
4740 0.5817550932855787 474
4741 0.5818059648481201 474.1
4742 0.5818566145872541 474.2
4743 0.5819049695192106 474.3
4744 0.5819547631485834 474.4
4745 0.5820059278845224 474.5
4746 0.5820579154388892 474.6
4747 0.5821112473941676 474.7
4748 0.5821654965049089 474.8
4749 0.5822199191682307 474.9
4750 0.582274224351369 475
4751 0.5823285953639042 475.1
4752 0.5823824072778387 475.2
4753 0.582432991714389 475.3
4754 0.582482200543699 475.4
4755 0.5825306703870961 475.5
4756 0.5825783097369025 475.6
4757 0.582626096125494 475.7
4758 0.5826743592852408 475.8
4759 0.5827225771719997 475.9
4760 0.5827695563241224 476
4761 0.5828171701833897 476.1
4762 0.5828654219733138 476.2
4763 0.5829143209760436 476.3
4764 0.5829632989271158 476.4
4765 0.5830132383599274 476.5
4766 0.583064498412813 476.6
4767 0.5831151526309249 476.7
4768 0.5831651608332105 476.8
4769 0.5832173506967037 476.9
4770 0.5832712702021907 477
4771 0.5833264915854476 477.1
4772 0.5833814362412824 477.2
4773 0.5834347503107589 477.3
4774 0.5834867500493536 477.4
4775 0.5835368487328342 477.5
4776 0.5835853357313356 477.6
4777 0.5836337151861624 477.7
4778 0.583680754516943 477.8
4779 0.5837270710208053 477.9
4780 0.5837741100663101 478
4781 0.5838198504369186 478.1
4782 0.5838643251744541 478.2
4783 0.5839094815040266 478.3
4784 0.5839550808154476 478.4
4785 0.5840025669756306 478.5
4786 0.5840520054151941 478.6
4787 0.5841024862208555 478.7
4788 0.5841525581374666 478.8
4789 0.5842011784755955 478.9
4790 0.5842506110582607 479
4791 0.5843009020837442 479.1
4792 0.5843517233362586 479.2
4793 0.5844027821766425 479.3
4794 0.5844539154413 479.4
4795 0.5845041524297214 479.5
4796 0.5845519101861333 479.6
4797 0.5845997298666815 479.7
4798 0.584647566112752 479.8
4799 0.5846954520108807 479.9
4800 0.5847433135635755 480
4801 0.5847910736831907 480.1
4802 0.5848392482221724 480.2
4803 0.5848878619629964 480.3
4804 0.5849369101749687 480.4
4805 0.5849867480062362 480.5
4806 0.5850373884668629 480.6
4807 0.5850885810887122 480.7
4808 0.5851398819292789 480.8
4809 0.5851912056649218 480.9
4810 0.5852415484559705 481
4811 0.5852909685004767 481.1
4812 0.5853398573314655 481.2
4813 0.5853881872202756 481.3
4814 0.5854356967439555 481.4
4815 0.5854836680130124 481.5
4816 0.5855321000672881 481.6
4817 0.5855814163851433 481.7
4818 0.5856316059304166 481.8
4819 0.5856827587110186 481.9
4820 0.5857352923565649 482
4821 0.5857890945837971 482.1
4822 0.58584386580445 482.2
4823 0.5858973569992273 482.3
4824 0.5859488925791239 482.4
4825 0.586000596342278 482.5
4826 0.5860526045006283 482.6
4827 0.5861038612451727 482.7
4828 0.5861549994612729 482.8
4829 0.5862062269995066 482.9
4830 0.5862576261539437 483
4831 0.5863095357904953 483.1
4832 0.5863617184960234 483.2
4833 0.5864146865917881 483.3
4834 0.5864682587644944 483.4
4835 0.5865217635237224 483.5
4836 0.5865751989982848 483.6
4837 0.5866283240910858 483.7
4838 0.5866809027724983 483.8
4839 0.5867328356024919 483.9
4840 0.5867841226207249 484
4841 0.586834531931311 484.1
4842 0.5868848752976142 484.2
4843 0.5869357524097562 484.3
4844 0.5869875990622559 484.4
4845 0.5870407139129332 484.5
4846 0.5870951561879124 484.6
4847 0.587146212752569 484.7
4848 0.5871984382129902 484.8
4849 0.5872520549066125 484.9
4850 0.5873069394062042 485
4851 0.5873627834448446 485.1
4852 0.5874192871450419 485.2
4853 0.5874742054647871 485.3
4854 0.5875297116316043 485.4
4855 0.5875857312851255 485.5
4856 0.5876419539631295 485.6
4857 0.5876965866000474 485.7
4858 0.5877490092331026 485.8
4859 0.5878004796973288 485.9
4860 0.587850068853324 486
4861 0.5878979492991243 486.1
4862 0.5879455326081289 486.2
4863 0.587993302254646 486.3
4864 0.5880413945554287 486.4
4865 0.5880894643794619 486.5
4866 0.5881381488422193 486.6
4867 0.5881875323635553 486.7
4868 0.5882372880456509 486.8
4869 0.588286804405649 486.9
4870 0.5883357637798945 487
4871 0.5883836081208133 487.1
4872 0.5884315296505358 487.2
4873 0.5884788344164451 487.3
4874 0.5885248944419422 487.4
4875 0.5885689809776816 487.5
4876 0.5886144318914428 487.6
4877 0.5886609044997515 487.7
4878 0.5887080409473886 487.8
4879 0.5887558065435107 487.9
4880 0.5888042555956144 488
4881 0.5888534608497837 488.1
4882 0.5889032156870261 488.2
4883 0.5889529055580379 488.3
4884 0.5890031401971504 488.4
4885 0.5890538660285383 488.5
4886 0.5891049974021091 488.6
4887 0.5891566943399259 488.7
4888 0.589208924057156 488.8
4889 0.589261855981639 488.9
4890 0.5893149123834349 489
4891 0.5893682434324815 489.1
4892 0.5894223490112038 489.2
4893 0.5894769961678649 489.3
4894 0.5895308246085503 489.4
4895 0.5895827530010914 489.5
4896 0.5896337144203744 489.6
4897 0.5896834504121902 489.7
4898 0.58973265818335 489.8
4899 0.5897797273539284 489.9
4900 0.5898270831880998 490
4901 0.5898754527615976 490.1
4902 0.5899249237280731 490.2
4903 0.5899757450041101 490.3
4904 0.5900281274874639 490.4
4905 0.5900797866263533 490.5
4906 0.5901321945865664 490.6
4907 0.5901854038826234 490.7
4908 0.5902391588595861 490.8
4909 0.5902932288777812 490.9
4910 0.5903468757900835 491
4911 0.5903996130079845 491.1
4912 0.5904516233614017 491.2
4913 0.5905035987293248 491.3
4914 0.5905557155447265 491.4
4915 0.5906068846002344 491.5
4916 0.5906555076317622 491.6
4917 0.5907038993137148 491.7
4918 0.5907522397339217 491.8
4919 0.590800821606586 491.9
4920 0.5908495726427685 492
4921 0.590898186386395 492.1
4922 0.5909479472130101 492.2
4923 0.5909989882976397 492.3
4924 0.5910507149268041 492.4
4925 0.5911026546630735 492.5
4926 0.5911567739681367 492.6
4927 0.5912105493944846 492.7
4928 0.5912641135898757 492.8
4929 0.5913158726034912 492.9
4930 0.5913661238415627 493
4931 0.5914162537554022 493.1
4932 0.5914627209374168 493.2
4933 0.5915044020267621 493.3
4934 0.5915488274682125 493.4
4935 0.591595082159749 493.5
4936 0.5916433915001356 493.6
4937 0.5916929035492446 493.7
4938 0.5917429639444377 493.8
4939 0.5917933395543978 493.9
4940 0.5918439551250356 494
4941 0.5918953594089013 494.1
4942 0.5919474123123797 494.2
4943 0.591999483682623 494.3
4944 0.5920524570855795 494.4
4945 0.5921059617169829 494.5
4946 0.5921600339796917 494.6
4947 0.5922118971552918 494.7
4948 0.5922631316514945 494.8
4949 0.592315026483995 494.9
4950 0.5923675226337396 495
4951 0.5924193290066135 495.1
4952 0.5924715463529018 495.2
4953 0.5925244609331912 495.3
4954 0.5925770563932999 495.4
4955 0.5926279340533334 495.5
4956 0.592677190121943 495.6
4957 0.5927254166670333 495.7
4958 0.5927737023742196 495.8
4959 0.5928222770273032 495.9
4960 0.5928713940614346 496
4961 0.5929213014847544 496.1
4962 0.5929721619613409 496.2
4963 0.5930242660606128 496.3
4964 0.593077688022067 496.4
4965 0.5931321872410349 496.5
4966 0.5931855021667961 496.6
4967 0.593239691106186 496.7
4968 0.5932942851782139 496.8
4969 0.5933479880538901 496.9
4970 0.5934016936825769 497
4971 0.5934547889881512 497.1
4972 0.5935087958776181 497.2
4973 0.5935632756831404 497.3
4974 0.5936171803836151 497.4
4975 0.5936700917519032 497.5
4976 0.5937223793977691 497.6
4977 0.5937749246492443 497.7
4978 0.5938264861683478 497.8
4979 0.5938755057332119 497.9
4980 0.5939205450085194 498
4981 0.5939636729332483 498.1
4982 0.5940076153002923 498.2
4983 0.5940525567963599 498.3
4984 0.5940989851286295 498.4
4985 0.5941458239637929 498.5
4986 0.5941910150795899 498.6
4987 0.594235563715058 498.7
4988 0.5942803582052079 498.8
4989 0.5943245740346907 498.9
4990 0.5943691707453841 499
4991 0.5944153020795626 499.1
4992 0.5944627461358921 499.2
4993 0.5945110798312655 499.3
4994 0.5945602973786299 499.4
4995 0.5946088730127077 499.5
4996 0.5946584210724828 499.6
4997 0.5947088795283002 499.7
4998 0.5947603331633865 499.8
4999 0.5948125986639323 499.9
5000 0.5948648470461848 500
5001 0.5949168590722566 500.1
5002 0.5949678960289556 500.2
5003 0.5950198490859185 500.3
5004 0.5950725679757524 500.4
5005 0.5951254220667148 500.5
5006 0.5951769449526345 500.6
5007 0.5952287810093299 500.7
5008 0.595281057814007 500.8
5009 0.5953340070754481 500.9
5010 0.5953876131939226 501
5011 0.5954397385765668 501.1
5012 0.5954912120543828 501.2
5013 0.595543108889829 501.3
5014 0.5955953041037835 501.4
5015 0.5956473795331976 501.5
5016 0.5956980065207533 501.6
5017 0.5957477491564518 501.7
5018 0.5957971107361504 501.8
5019 0.5958465322693863 501.9
5020 0.5958954213437629 502
5021 0.5959438839494989 502.1
5022 0.595991590151714 502.2
5023 0.5960385637342243 502.3
5024 0.5960853630990361 502.4
5025 0.5961329572766407 502.5
5026 0.5961813227173401 502.6
5027 0.5962306327054232 502.7
5028 0.5962797962977322 502.8
5029 0.59632837155389 502.9
5030 0.5963779218853207 503
5031 0.5964284926036467 503.1
5032 0.5964801767350073 503.2
5033 0.5965331274359871 503.3
5034 0.5965873775980138 503.4
5035 0.5966429111878702 503.5
5036 0.5966996448151625 503.6
5037 0.5967572852438999 503.7
5038 0.5968144010864544 503.8
5039 0.5968698163678777 503.9
5040 0.5969250651703546 504
5041 0.5969800276612197 504.1
5042 0.5970344640060863 504.2
5043 0.5970863580699914 504.3
5044 0.5971369356211943 504.4
5045 0.5971873025607908 504.5
5046 0.5972381397773532 504.6
5047 0.5972895933293524 504.7
5048 0.5973417632079815 504.8
5049 0.5973946149889263 504.9
5050 0.5974462378337937 505
5051 0.5974976770534297 505.1
5052 0.5975499565226146 505.2
5053 0.5976031251046899 505.3
5054 0.5976571424408866 505.4
5055 0.5977098673266537 505.5
5056 0.5977620926183903 505.6
5057 0.5978142760490802 505.7
5058 0.5978666411000201 505.8
5059 0.5979186528621306 505.9
5060 0.5979693751912561 506
5061 0.5980183872720964 506.1
5062 0.5980668211588811 506.2
5063 0.5981149959453225 506.3
5064 0.5981639127733309 506.4
5065 0.598213444901609 506.5
5066 0.5982626440161964 506.6
5067 0.5983107065488379 506.7
5068 0.5983583039872986 506.8
5069 0.5984058535522608 506.9
5070 0.5984537096920917 507
5071 0.5985014990864357 507.1
5072 0.598549653380325 507.2
5073 0.5985983540988669 507.3
5074 0.5986472355300335 507.4
5075 0.5986970135744539 507.5
5076 0.5987478252253848 507.6
5077 0.5987999759971986 507.7
5078 0.5988529354726835 507.8
5079 0.5989073854609597 507.9
5080 0.5989633668085792 508
5081 0.59902048918053 508.1
5082 0.5990779111269573 508.2
5083 0.5991351211482119 508.3
5084 0.5991879865713445 508.4
5085 0.5992370103112243 508.5
5086 0.5992840596713612 508.6
5087 0.5993302437134758 508.7
5088 0.5993750117279123 508.8
5089 0.5994197063850074 508.9
5090 0.5994645593399948 509
5091 0.5995100163278188 509.1
5092 0.5995563510539451 509.2
5093 0.5996037981779806 509.3
5094 0.5996522537914556 509.4
5095 0.5997016559332999 509.5
5096 0.5997514475446878 509.6
5097 0.5998016950252937 509.7
5098 0.5998516796395855 509.8
5099 0.5999013545908258 509.9
5100 0.5999501313635551 510
5101 0.599997565463641 510.1
5102 0.600042975967368 510.2
5103 0.6000876878640236 510.3
5104 0.6001311577919466 510.4
5105 0.6001751917329489 510.5
5106 0.6002202056664716 510.6
5107 0.6002664637646186 510.7
5108 0.6003139439790384 510.8
5109 0.6003629913467647 510.9
5110 0.6004136226881484 511
5111 0.6004652755976426 511.1
5112 0.6005161121974482 511.2
5113 0.6005681790902326 511.3
5114 0.6006212499141804 511.4
5115 0.6006749856622721 511.5
5116 0.6007287913304737 511.6
5117 0.6007823390887026 511.7
5118 0.600835205474949 511.8
5119 0.600887078517672 511.9
5120 0.6009371951520566 512
5121 0.6009858120254806 512.1
5122 0.6010332335752357 512.2
5123 0.6010806315823111 512.3000000000001
5124 0.6011284688060196 512.4
5125 0.6011771388261967 512.5
5126 0.6012261864613377 512.6
5127 0.6012745413526942 512.7
5128 0.6013234122117895 512.8000000000001
5129 0.601373727634734 512.9
5130 0.6014253332475399 513
5131 0.6014778309080877 513.1
5132 0.6015310291454637 513.2
5133 0.6015848238037728 513.3000000000001
5134 0.6016383850064466 513.4
5135 0.601691310241016 513.5
5136 0.6017437731361361 513.6
5137 0.6017959962104076 513.7
5138 0.6018475479458744 513.8000000000001
5139 0.6018981013891871 513.9
5140 0.60194569467757 514
5141 0.6019918237430838 514.1
5142 0.6020370604431531 514.2
5143 0.6020820766717484 514.3000000000001
5144 0.6021265870022692 514.4
5145 0.6021706445066964 514.5
5146 0.6022145614638962 514.6
5147 0.6022591973775095 514.7
5148 0.6023047043005618 514.8000000000001
5149 0.6023511963303523 514.9
5150 0.6023985102955588 515
5151 0.6024466671696094 515.1
5152 0.6024959778622079 515.2
5153 0.6025464823389225 515.3000000000001
5154 0.6025976808710874 515.4
5155 0.6026491084220524 515.5
5156 0.6027009010136614 515.6
5157 0.6027516989255388 515.7
5158 0.6028033455239875 515.8000000000001
5159 0.6028550491984324 515.9
5160 0.6029065033400701 516
5161 0.6029589416300484 516.1
5162 0.6030113841400834 516.2
5163 0.6030647033453493 516.3000000000001
5164 0.603117177747662 516.4
5165 0.6031693490035809 516.5
5166 0.6032201807146315 516.6
5167 0.603272609134599 516.7
5168 0.6033229319759591 516.8000000000001
5169 0.6033713394742184 516.9
5170 0.6034160577380224 517
5171 0.6034601106308641 517.1
5172 0.6035039241204834 517.2
5173 0.6035459004497978 517.3000000000001
5174 0.6035858506254224 517.4
5175 0.6036243879220059 517.5
5176 0.6036641284333337 517.6
5177 0.6037060125386152 517.7
5178 0.603750186706715 517.8000000000001
5179 0.6037976705381188 517.9
5180 0.6038466733148342 518
5181 0.603895955135023 518.1
5182 0.6039465670873131 518.2
5183 0.6039992053937568 518.3000000000001
5184 0.6040518236736458 518.4
5185 0.6041050908473136 518.5
5186 0.6041586805329493 518.6
5187 0.6042128118160187 518.7
5188 0.6042674393637807 518.8000000000001
5189 0.6043200211024738 518.9
5190 0.6043725403431451 519
5191 0.6044252687393146 519.1
5192 0.6044783362095371 519.2
5193 0.604531938092196 519.3000000000001
5194 0.6045855133830216 519.4
5195 0.6046385157857623 519.5
5196 0.6046905338716835 519.6
5197 0.6047429276151874 519.7
5198 0.6047925940373221 519.8000000000001
5199 0.6048420182585429 519.9
5200 0.6048914434074675 520
5201 0.6049409686314309 520.1
5202 0.6049897920263435 520.2
5203 0.6050378700444173 520.3000000000001
5204 0.6050857801183057 520.4
5205 0.6051340550469391 520.5
5206 0.6051825030159474 520.6
5207 0.6052313089967934 520.7
5208 0.6052804693052272 520.8000000000001
5209 0.6053291651427413 520.9
5210 0.6053782544024453 521
5211 0.6054279734676963 521.1
5212 0.6054758197827534 521.2
5213 0.6055233275384042 521.3000000000001
5214 0.6055720852136643 521.4
5215 0.605621672529656 521.5
5216 0.6056729136534919 521.6
5217 0.6057258725126685 521.7
5218 0.6057803106616632 521.8000000000001
5219 0.6058343138167089 521.9
5220 0.6058861217600486 522
5221 0.6059384049855184 522.1
5222 0.6059905420686573 522.2
5223 0.6060420115422814 522.3000000000001
5224 0.6060928313556376 522.4
5225 0.6061432868553545 522.5
5226 0.6061933409855733 522.6
5227 0.6062429584415481 522.7
5228 0.6062921458884845 522.8000000000001
5229 0.6063408472607644 522.9
5230 0.606387383326757 523
5231 0.60643362148332 523.1
5232 0.6064793963417321 523.2
5233 0.6065255143233729 523.3000000000001
5234 0.6065717856138848 523.4
5235 0.6066183977301008 523.5
5236 0.6066651588777826 523.6
5237 0.6067114590289666 523.7
5238 0.6067585430145015 523.8000000000001
5239 0.6068062202723278 523.9
5240 0.6068542741570396 524
5241 0.6069030313448923 524.1
5242 0.6069520711649959 524.2
5243 0.6070004846285177 524.3000000000001
5244 0.6070498159759734 524.4
5245 0.6071000380409082 524.5
5246 0.6071510351628882 524.6
5247 0.6072029387027291 524.7
5248 0.6072558062996789 524.8000000000001
5249 0.6073095269512349 524.9
5250 0.6073615906875971 525
5251 0.6074145174339335 525.1
5252 0.6074682661654025 525.2
5253 0.6075228962370223 525.3000000000001
5254 0.6075782129981749 525.4
5255 0.6076317856357887 525.5
5256 0.6076857992997584 525.6
5257 0.6077397685019194 525.7
5258 0.6077942963396752 525.8000000000001
5259 0.6078482010004025 525.9
5260 0.6079017639424068 526
5261 0.607955133300214 526.1
5262 0.6080084051057861 526.2
5263 0.6080614896708383 526.3000000000001
5264 0.6081143780163212 526.4
5265 0.6081672657386967 526.5
5266 0.6082203377017298 526.6
5267 0.6082740622118484 526.7
5268 0.6083291405318835 526.8000000000001
5269 0.6083851483761114 526.9
5270 0.6084430853879976 527
5271 0.6084956640298139 527.1
5272 0.6085477617589558 527.2
5273 0.6086002619814053 527.3000000000001
5274 0.6086522478322682 527.4
5275 0.6087021243914676 527.5
5276 0.6087494808003776 527.6
5277 0.6087959728342693 527.7
5278 0.6088426809381653 527.8000000000001
5279 0.6088904241373297 527.9
5280 0.6089394872766886 528
5281 0.6089896235059763 528.1
5282 0.6090384374362932 528.2
5283 0.609088931179721 528.3000000000001
5284 0.6091402677609729 528.4
5285 0.6091926087172438 528.5
5286 0.6092456791646058 528.6
5287 0.6092991970543475 528.7
5288 0.6093527968270201 528.8000000000001
5289 0.6094063194285074 528.9
5290 0.6094595977128233 529
5291 0.6095110599284674 529.1
5292 0.6095608175688031 529.2
5293 0.6096088359094587 529.3000000000001
5294 0.6096572118325415 529.4
5295 0.6097058235053708 529.5
5296 0.6097548610277437 529.6
5297 0.6098048044469816 529.7
5298 0.6098554186023468 529.8000000000001
5299 0.6099073196698508 529.9
5300 0.6099603748087365 530
5301 0.6100143561987207 530.1
5302 0.6100693709605235 530.2
5303 0.6101252212505049 530.3000000000001
5304 0.6101810802362693 530.4
5305 0.610234785581811 530.5
5306 0.610288132446126 530.6
5307 0.6103404677713204 530.7
5308 0.6103925469913657 530.8000000000001
5309 0.6104443110773996 530.9
5310 0.6104955979618554 531
5311 0.6105466098608618 531.1
5312 0.6105960866147983 531.2
5313 0.6106446490052453 531.3000000000001
5314 0.6106935243428806 531.4
5315 0.6107429469108284 531.5
5316 0.6107931679020896 531.6
5317 0.6108420400124323 531.7
5318 0.610891068653215 531.8000000000001
5319 0.6109407081991318 531.9
5320 0.6109909826102747 532
5321 0.6110418762292211 532.1
5322 0.61109340333024 532.2
5323 0.6111452589369873 532.3000000000001
5324 0.6111973950474362 532.4
5325 0.6112498761931625 532.5
5326 0.6113024613230491 532.6
5327 0.6113551103591655 532.7
5328 0.6114083214699741 532.8000000000001
5329 0.6114621533170536 532.9
5330 0.6115165078924309 533
5331 0.6115717878279608 533.1
5332 0.6116276731080323 533.2
5333 0.611683131604647 533.3000000000001
5334 0.6117360759712626 533.4
5335 0.6117888918059071 533.5
5336 0.6118418582480731 533.6
5337 0.6118946841743182 533.7
5338 0.6119483142040306 533.8000000000001
5339 0.6120033162311826 533.9
5340 0.6120585852168101 534
5341 0.6121128600457844 534.1
5342 0.6121683387350825 534.2
5343 0.6122231137280613 534.3000000000001
5344 0.6122770101108262 534.4
5345 0.6123304283237507 534.5
5346 0.6123826745184184 534.6
5347 0.6124328953653014 534.7
5348 0.6124796483982695 534.8000000000001
5349 0.612528134352646 534.9
5350 0.6125788891676701 535
5351 0.6126298609069613 535.1
5352 0.6126809119796679 535.2
5353 0.6127308144128808 535.3000000000001
5354 0.6127790604420337 535.4
5355 0.6128268930087091 535.5
5356 0.6128759082415753 535.6
5357 0.6129258024248485 535.7
5358 0.6129766179193723 535.8000000000001
5359 0.6130285097048513 535.9
5360 0.6130782038192841 536
5361 0.6131283059114785 536.1
5362 0.6131787226923981 536.2
5363 0.6132292934818204 536.3000000000001
5364 0.6132799467715235 536.4
5365 0.6133307282809 536.5
5366 0.6133817859490798 536.6
5367 0.6134328839657549 536.7
5368 0.6134824268788556 536.8000000000001
5369 0.6135329167516006 536.9
5370 0.6135844797576701 537
5371 0.6136367075010808 537.1
5372 0.61368964143139 537.2
5373 0.6137435372951232 537.3000000000001
5374 0.6137981637727674 537.4
5375 0.6138532825813746 537.5
5376 0.6139085626168821 537.6
5377 0.6139619442107834 537.7
5378 0.6140153150158918 537.8000000000001
5379 0.6140691931885822 537.9
5380 0.6141234841421702 538
5381 0.6141768880453972 538.1
5382 0.6142296124318682 538.2
5383 0.6142832525839478 538.3000000000001
5384 0.6143369891105858 538.4
5385 0.61439101089008 538.5
5386 0.6144458129021411 538.6
5387 0.6145000005935484 538.7
5388 0.6145535675529794 538.8000000000001
5389 0.6146073108793645 538.9
5390 0.6146601547725905 539
5391 0.6147114356889049 539.1
5392 0.6147621724575837 539.2
5393 0.6148125371306269 539.3000000000001
5394 0.6148607874162321 539.4
5395 0.6149084656683301 539.5
5396 0.6149562917531231 539.6
5397 0.6150042916533472 539.7
5398 0.6150521005394693 539.8000000000001
5399 0.6151002996024892 539.9
5400 0.6151484657914185 540
5401 0.6151960755264395 540.1
5402 0.6152432237489187 540.2
5403 0.6152901530390644 540.3000000000001
5404 0.6153375881846017 540.4
5405 0.6153838137588303 540.5
5406 0.615434186537867 540.6
5407 0.6154837967894163 540.7
5408 0.6155358726781265 540.8000000000001
5409 0.6155860626973541 540.9
5410 0.6156348126810653 541
5411 0.6156821576264068 541.1
5412 0.6157296037174965 541.2
5413 0.6157767135871084 541.3000000000001
5414 0.6158275243821333 541.4
5415 0.6158774530550485 541.5
5416 0.6159232786187191 541.6
5417 0.6159680932515161 541.7
5418 0.6160138292244949 541.8000000000001
5419 0.6160611745565383 541.9
5420 0.6161090143751778 542
5421 0.6161586752724195 542.1
5422 0.6162091627483837 542.2
5423 0.6162613824136404 542.3000000000001
5424 0.6163148628239999 542.4
5425 0.6163685364256226 542.5
5426 0.6164223863306673 542.6
5427 0.6164756378612366 542.7
5428 0.6165278013286787 542.8000000000001
5429 0.6165786471940963 542.9
5430 0.6166269780388598 543
5431 0.6166742355673964 543.1
5432 0.616720930303742 543.2
5433 0.6167677602838214 543.3000000000001
5434 0.6168147856893001 543.4
5435 0.6168612785620528 543.5
5436 0.6169073836676738 543.6
5437 0.6169536218705303 543.7
5438 0.6170003236767617 543.8000000000001
5439 0.6170479089406853 543.9
5440 0.6170971367090521 544
5441 0.6171476568928119 544.1
5442 0.6171995205827702 544.2
5443 0.6172505928136021 544.3000000000001
5444 0.6173023526283465 544.4
5445 0.6173547583999837 544.5
5446 0.6174073546413654 544.6
5447 0.6174591477050141 544.7
5448 0.61750889808972 544.8000000000001
5449 0.6175565027096765 544.9
5450 0.6176031913120712 545
5451 0.6176497426794291 545.1
5452 0.6176963952768152 545.2
5453 0.6177433455404471 545.3000000000001
5454 0.6177909241965945 545.4
5455 0.6178392589657995 545.5
5456 0.6178882927554277 545.6
5457 0.617938328523948 545.7
5458 0.6179892984985739 545.8000000000001
5459 0.618040464483572 545.9
5460 0.618091652788052 546
5461 0.6181439074104047 546.1
5462 0.6181972230791769 546.2
5463 0.6182515449565474 546.3000000000001
5464 0.6183063113839966 546.4
5465 0.618359834847282 546.5
5466 0.6184129682133614 546.6
5467 0.618465724606357 546.7
5468 0.6185148700658051 546.8000000000001
5469 0.6185631313896524 546.9
5470 0.6186115761965393 547
5471 0.6186601744896684 547.1
5472 0.61870843716108 547.2
5473 0.6187567748289901 547.3000000000001
5474 0.6188051487297761 547.4
5475 0.6188533489046381 547.5
5476 0.6189014276324452 547.6
5477 0.6189493799309382 547.7
5478 0.6189978347491104 547.8000000000001
5479 0.6190469851803355 547.9
5480 0.6190953942797098 548
5481 0.6191434511291475 548.1
5482 0.6191919568807661 548.2
5483 0.6192408666857032 548.3000000000001
5484 0.6192904580530794 548.4
5485 0.6193389254279246 548.5
5486 0.619387449254365 548.6
5487 0.619434238283361 548.7
5488 0.6194803328754904 548.8000000000001
5489 0.6195265798635579 548.9
5490 0.619573065837154 549
5491 0.6196198607328061 549.1
5492 0.6196670578042589 549.2
5493 0.6197147551302664 549.3000000000001
5494 0.6197630051392108 549.4
5495 0.6198118295072947 549.5
5496 0.6198590857804538 549.6
5497 0.6199065825821986 549.7
5498 0.6199546071510141 549.8000000000001
5499 0.6200031971874533 549.9
5500 0.6200525662889979 550
5501 0.620102809431859 550.1
5502 0.6201536402910504 550.2
5503 0.6202050667106286 550.3000000000001
5504 0.6202574276444008 550.4
5505 0.6203107213207352 550.5
5506 0.6203647955503576 550.6
5507 0.6204190530825787 550.7
5508 0.6204735509815273 550.8000000000001
5509 0.6205278624400549 550.9
5510 0.6205812037044531 551
5511 0.6206317888427898 551.1
5512 0.6206799789912241 551.2
5513 0.620726808061262 551.3000000000001
5514 0.620772870551589 551.4
5515 0.6208184794499421 551.5
5516 0.6208651494598294 551.6
5517 0.6209146005251683 551.7
5518 0.6209688425225246 551.8000000000001
5519 0.6210268373171265 551.9
5520 0.6210852904230409 552
5521 0.6211459516839288 552.1
5522 0.6212056704055711 552.2
5523 0.6212631744633038 552.3000000000001
5524 0.6213149413519933 552.4
5525 0.6213654321941054 552.5
5526 0.6214146763197282 552.6
5527 0.6214629656338386 552.7
5528 0.6215119028846645 552.8000000000001
5529 0.6215618449886038 552.9
5530 0.6216130296798532 553
5531 0.6216655607214094 553.1
5532 0.6217187833876964 553.2
5533 0.62177244001734 553.3000000000001
5534 0.621823904044836 553.4
5535 0.6218745163642211 553.5
5536 0.6219234355718838 553.6
5537 0.6219706075527395 553.7
5538 0.6220156344806541 553.8000000000001
5539 0.6220594749513182 553.9
5540 0.6221028982767013 554
5541 0.6221464989335883 554.1
5542 0.6221906566490151 554.2
5543 0.6222343916101798 554.3000000000001
5544 0.622276074253823 554.4
5545 0.6223186773326006 554.5
5546 0.6223618649973817 554.6
5547 0.6224056966364044 554.7
5548 0.6224497771249581 554.8000000000001
5549 0.6224943482911857 554.9
5550 0.6225391428791202 555
5551 0.6225845669378661 555.1
5552 0.6226305793016053 555.2
5553 0.6226771623080837 555.3000000000001
5554 0.6227242854747472 555.4
5555 0.6227720363759389 555.5
5556 0.6228205000846365 555.6
5557 0.6228697562127282 555.7
5558 0.6229198676668402 555.8000000000001
5559 0.6229704918580511 555.9
5560 0.6230183410278159 556
5561 0.6230667373292484 556.1
5562 0.6231155580914168 556.2
5563 0.6231647220937058 556.3000000000001
5564 0.6232138994709129 556.4
5565 0.6232629421998347 556.5
5566 0.6233121116056752 556.6
5567 0.6233606600031487 556.7
5568 0.6234087314731205 556.8000000000001
5569 0.6234564982307387 556.9
5570 0.6235038002818463 557
5571 0.6235501178464936 557.1
5572 0.6235956154237735 557.2
5573 0.6236400279820948 557.3000000000001
5574 0.6236833141173308 557.4
5575 0.6237264274263965 557.5
5576 0.6237698575021544 557.6
5577 0.6238139109088374 557.7
5578 0.6238590098071487 557.8000000000001
5579 0.6239053495281436 557.9
5580 0.6239528823067502 558
5581 0.6240019405227861 558.1
5582 0.624052914781732 558.2
5583 0.6241054556419092 558.3000000000001
5584 0.6241575611690562 558.4
5585 0.6242108844895885 558.5
5586 0.6242649550368179 558.6
5587 0.6243191185576217 558.7
5588 0.6243739681320736 558.8000000000001
5589 0.6244295234954261 558.9
5590 0.6244845535900829 559
5591 0.6245397096741467 559.1
5592 0.6245948385612168 559.2
5593 0.6246492699962325 559.3000000000001
5594 0.6247024767793009 559.4
5595 0.6247545513140346 559.5
5596 0.6248055490951822 559.6
5597 0.6248548573052332 559.7
5598 0.6249031667034197 559.8000000000001
5599 0.6249499520688745 559.9
5600 0.6249960041997868 560
5601 0.6250419645431442 560.1
5602 0.6250873014416389 560.2
5603 0.6251326165484401 560.3000000000001
5604 0.6251776938157644 560.4
5605 0.6252228101888189 560.5
5606 0.6252678988256277 560.6
5607 0.6253132964299291 560.7
5608 0.6253591414415461 560.8000000000001
5609 0.6254056358269975 560.9
5610 0.6254528279299936 561
5611 0.6254997052035008 561.1
5612 0.6255466073229738 561.2
5613 0.6255947016558735 561.3000000000001
5614 0.6256439974118385 561.4
5615 0.6256944216768389 561.5
5616 0.6257438107784076 561.6
5617 0.6257929761864657 561.7
5618 0.6258428565232318 561.8000000000001
5619 0.6258932960214394 561.9
5620 0.6259442308017511 562
5621 0.6259949724662254 562.1
5622 0.626045864861586 562.2
5623 0.6260969764422589 562.3000000000001
5624 0.6261483127114651 562.4
5625 0.6261994648087725 562.5
5626 0.6262482799542906 562.6
5627 0.6262963767108739 562.7
5628 0.6263435608333314 562.8000000000001
5629 0.626389864085666 562.9
5630 0.6264352534238633 563
5631 0.6264791472183536 563.1
5632 0.6265224462445986 563.2
5633 0.6265650431907047 563.3000000000001
5634 0.6266078945061772 563.4
5635 0.626651391762661 563.5
5636 0.6266946158508905 563.6
5637 0.6267377258495406 563.7
5638 0.6267820053568821 563.8000000000001
5639 0.6268275321321189 563.9
5640 0.6268742696195005 564
5641 0.6269221914890599 564.1
5642 0.626971436949295 564.2
5643 0.6270219529788241 564.3000000000001
5644 0.627073516812177 564.4
5645 0.6271255224377201 564.5
5646 0.6271763421471213 564.6
5647 0.6272276986503809 564.7
5648 0.627279459695145 564.8000000000001
5649 0.6273316447595514 564.9
5650 0.6273842287103311 565
5651 0.6274371543616316 565.1
5652 0.6274903964713561 565.2
5653 0.6275439381657285 565.3000000000001
5654 0.6275964883168527 565.4
5655 0.6276455012686531 565.5
5656 0.6276936487023069 565.6
5657 0.6277416788199859 565.7
5658 0.6277894868156538 565.8000000000001
5659 0.62783695643562 565.9
5660 0.6278831926286205 566
5661 0.6279291346325654 566.1
5662 0.6279748518826029 566.2
5663 0.6280205641679454 566.3000000000001
5664 0.6280664635201325 566.4
5665 0.6281124745750997 566.5
5666 0.6281589779131466 566.6
5667 0.6282061960208697 566.7
5668 0.6282542645440746 566.8000000000001
5669 0.6283032923165109 566.9
5670 0.6283526846280727 567
5671 0.6284016343585668 567.1
5672 0.6284513298085999 567.2
5673 0.6285021710166446 567.3000000000001
5674 0.6285539124615689 567.4
5675 0.6286065774879583 567.5
5676 0.6286600624016616 567.6
5677 0.6287144999442812 567.7
5678 0.6287693438432584 567.8000000000001
5679 0.6288234261424208 567.9
5680 0.6288761068096997 568
5681 0.6289282780409883 568.1
5682 0.6289796718606591 568.2
5683 0.62903039957799 568.3000000000001
5684 0.6290802054327032 568.4
5685 0.6291280839399788 568.5
5686 0.6291740649501807 568.6
5687 0.6292188149141571 568.7
5688 0.6292639028492 568.8000000000001
5689 0.6293084517748111 568.9
5690 0.6293543739822445 569
5691 0.6294003887048826 569.1
5692 0.6294490851407603 569.2
5693 0.6294983775054045 569.3000000000001
5694 0.62954791943317 569.4
5695 0.6295982121573511 569.5
5696 0.6296473359556913 569.6
5697 0.6296935985421165 569.7
5698 0.629737973754221 569.8000000000001
5699 0.6297764353269912 569.9
5700 0.6298153278687827 570
5701 0.6298580105579347 570.1
5702 0.6299038010040341 570.2
5703 0.6299518398013602 570.3000000000001
5704 0.6300007744748883 570.4
5705 0.630048867653809 570.5
5706 0.6300967698356257 570.6
5707 0.6301446254072689 570.7
5708 0.6301921880423942 570.8000000000001
5709 0.6302392611085516 570.9
5710 0.6302864197297239 571
5711 0.6303337364974114 571.1
5712 0.6303812457912999 571.2
5713 0.6304298186759749 571.3000000000001
5714 0.630479531507943 571.4
5715 0.6305305156289206 571.5
5716 0.6305824387613205 571.6
5717 0.6306356048326219 571.7
5718 0.6306897397638214 571.8000000000001
5719 0.6307444704720512 571.9
5720 0.6307970223966824 572
5721 0.6308481763341238 572.1
5722 0.6308995456068659 572.2
5723 0.6309500831511532 572.3000000000001
5724 0.6309995501887182 572.4
5725 0.6310492243435325 572.5
5726 0.6310995426653689 572.6
5727 0.6311506110730315 572.7
5728 0.631202070665668 572.8000000000001
5729 0.6312517887734967 572.9
5730 0.6313019501675475 573
5731 0.6313524568944592 573.1
5732 0.6314030422225058 573.2
5733 0.6314531857365121 573.3000000000001
5734 0.6315014704349565 573.4
5735 0.6315493305496733 573.5
5736 0.6315961432835673 573.6
5737 0.6316413651226847 573.7
5738 0.6316861907306554 573.8000000000001
5739 0.6317312133642101 573.9
5740 0.6317766348701976 574
5741 0.6318227157972269 574.1
5742 0.6318695629533028 574.2
5743 0.6319173398701141 574.3000000000001
5744 0.6319662382183727 574.4
5745 0.6320160678607361 574.5
5746 0.6320660195087489 574.6
5747 0.6321164928721574 574.7
5748 0.6321667812759604 574.8000000000001
5749 0.6322173059695899 574.9
5750 0.6322683305746178 575
5751 0.6323181714036511 575.1
5752 0.6323673389140528 575.2
5753 0.632414942853727 575.3000000000001
5754 0.6324604245526604 575.4
5755 0.6325055449148399 575.5
5756 0.6325505828066783 575.6
5757 0.6325960050034358 575.7
5758 0.6326421743625069 575.8000000000001
5759 0.6326893298945498 575.9
5760 0.6327373507742924 576
5761 0.6327868216898348 576.1
5762 0.6328352411469802 576.2
5763 0.6328830247812112 576.3000000000001
5764 0.6329313630068362 576.4
5765 0.6329796528636468 576.5
5766 0.6330281720447821 576.6
5767 0.6330764811907179 576.7
5768 0.6331241067142356 576.8000000000001
5769 0.6331692934947067 576.9
5770 0.6332142383184978 577
5771 0.6332588608165824 577.1
5772 0.6333023730254208 577.2
5773 0.6333451797367774 577.3000000000001
5774 0.6333890708204168 577.4
5775 0.6334342892200998 577.5
5776 0.6334811915902985 577.6
5777 0.6335299484433634 577.7
5778 0.6335800701691926 577.8000000000001
5779 0.6336321111301457 577.9
5780 0.6336855701986747 578
5781 0.6337384290782925 578.1
5782 0.6337923205293214 578.2
5783 0.6338468298427469 578.3000000000001
5784 0.6338999818761869 578.4
5785 0.633950793565545 578.5
5786 0.6340017530484416 578.6
5787 0.6340533152299413 578.7
5788 0.6341058225403079 578.8000000000001
5789 0.6341581154360139 578.9
5790 0.6342092320165325 579
5791 0.6342608508500261 579.1
5792 0.6343129384827476 579.2
5793 0.6343657031789027 579.3000000000001
5794 0.6344192097002948 579.4
5795 0.6344723531583112 579.5
5796 0.6345236501232212 579.6
5797 0.6345746045693851 579.7
5798 0.6346245686870688 579.8000000000001
5799 0.6346734205202627 579.9
5800 0.6347208466474339 580
5801 0.634767197578166 580.1
5802 0.6348135938429006 580.2
5803 0.6348601326371239 580.3000000000001
5804 0.6349069549059424 580.4
5805 0.6349542165663167 580.5
5806 0.6350009551449198 580.6
5807 0.6350467147179173 580.7
5808 0.6350931665305338 580.8000000000001
5809 0.6351403370654871 580.9
5810 0.6351880433486116 581
5811 0.6352364593700051 581.1
5812 0.6352854183597045 581.2
5813 0.6353350381454613 581.3000000000001
5814 0.635385093099342 581.4
5815 0.635435488096756 581.5
5816 0.6354854006206638 581.6
5817 0.6355324879836752 581.7
5818 0.6355786268066801 581.8000000000001
5819 0.6356251363568011 581.9
5820 0.6356710754567065 582
5821 0.6357176222361443 582.1
5822 0.6357651629761895 582.2
5823 0.6358136528563207 582.3000000000001
5824 0.6358630160868982 582.4
5825 0.6359127566126984 582.5
5826 0.6359627586917977 582.6
5827 0.6360127320038275 582.7
5828 0.6360602214681528 582.8000000000001
5829 0.6361068437567421 582.9
5830 0.6361537556456573 583
5831 0.6362009300499077 583.1
5832 0.636248217098094 583.2
5833 0.636295462172293 583.3000000000001
5834 0.6363423552740125 583.4
5835 0.6363886765525825 583.5
5836 0.636434637779649 583.6
5837 0.636478913893056 583.7
5838 0.6365235001922405 583.8000000000001
5839 0.6365685436204606 583.9
5840 0.6366141902785284 584
5841 0.6366606996828318 584.1
5842 0.6367063315848998 584.2
5843 0.6367519832518331 584.3000000000001
5844 0.6367985415744384 584.4
5845 0.6368459847227247 584.5
5846 0.6368942511976491 584.6
5847 0.6369430547767474 584.7
5848 0.6369921551234118 584.8000000000001
5849 0.6370422341556093 584.9
5850 0.6370933501875359 585
5851 0.6371455134382685 585.1
5852 0.6371983246830155 585.2
5853 0.6372517745938624 585.3000000000001
5854 0.6373052754910654 585.4
5855 0.6373574439534309 585.5
5856 0.6374084829420996 585.6
5857 0.637454803751196 585.7
5858 0.6374998100505304 585.8000000000001
5859 0.6375434513717405 585.9
5860 0.6375861561236529 586
5861 0.6376290310376656 586.1
5862 0.6376719755638707 586.2
5863 0.6377159010688525 586.3000000000001
5864 0.6377609727984397 586.4
5865 0.6378071994294471 586.5
5866 0.6378541314873851 586.6
5867 0.6378995561808585 586.7
5868 0.6379457155466577 586.8000000000001
5869 0.6379929573608679 586.9
5870 0.6380409804971019 587
5871 0.6380901562867383 587.1
5872 0.6381404711117831 587.2
5873 0.6381919957546724 587.3000000000001
5874 0.638244189356414 587.4
5875 0.6382965364093782 587.5
5876 0.6383492682546685 587.6
5877 0.6384011209131231 587.7
5878 0.6384534148559584 587.8000000000001
5879 0.6385055103234661 587.9
5880 0.6385564224759768 588
5881 0.6386054785682344 588.1
5882 0.6386525533651691 588.2
5883 0.6386983991098942 588.3000000000001
5884 0.6387434186168827 588.4
5885 0.6387876463926647 588.5
5886 0.6388317363391683 588.6
5887 0.6388760897497501 588.7
5888 0.6389208197836772 588.8000000000001
5889 0.6389659790690807 588.9
5890 0.6390103633647817 589
5891 0.6390548281811091 589.1
5892 0.6390998837594244 589.2
5893 0.6391455184423087 589.3000000000001
5894 0.6391916939636373 589.4
5895 0.6392385995445495 589.5
5896 0.6392865149383677 589.6
5897 0.6393356349387358 589.7
5898 0.6393860805582108 589.8000000000001
5899 0.6394375705851354 589.9
5900 0.6394884911029831 590
5901 0.6395403375987925 590.1
5902 0.6395920025861931 590.2
5903 0.6396435760465268 590.3000000000001
5904 0.6396954894171852 590.4
5905 0.6397473281103186 590.5
5906 0.6397964911705157 590.6
5907 0.6398446133983824 590.7
5908 0.6398910580738709 590.8000000000001
5909 0.639935063709036 590.9
5910 0.6399773004805124 591
5911 0.6400193860356939 591.1
5912 0.6400619959065837 591.2
5913 0.6401053604112155 591.3000000000001
5914 0.6401496009114712 591.4
5915 0.6401942267064076 591.5
5916 0.6402394900792315 591.6
5917 0.6402857356476045 591.7
5918 0.6403329397398427 591.8000000000001
5919 0.6403810583468436 591.9
5920 0.6404287576746922 592
5921 0.6404765122808577 592.1
5922 0.6405248319273553 592.2
5923 0.6405737417611148 592.3000000000001
5924 0.6406229760742282 592.4
5925 0.6406724789527192 592.5
5926 0.6407222236370668 592.6
5927 0.6407720831904193 592.7
5928 0.6408210034170699 592.8000000000001
5929 0.6408695543041055 592.9
5930 0.6409185077044339 593
5931 0.6409673619455172 593.1
5932 0.6410167029094912 593.2
5933 0.6410666054169005 593.3000000000001
5934 0.641116918037582 593.4
5935 0.6411663907389281 593.5
5936 0.6412156850736438 593.6
5937 0.6412654490317479 593.7
5938 0.6413155450061552 593.8000000000001
5939 0.6413656545368998 593.9
5940 0.6414154841322918 594
5941 0.6414650130184062 594.1
5942 0.641514856680621 594.2
5943 0.6415646551648609 594.3000000000001
5944 0.6416151843993813 594.4
5945 0.6416632179481001 594.5
5946 0.6417103795470932 594.6
5947 0.6417583616469542 594.7
5948 0.6418065710574414 594.8000000000001
5949 0.6418530039644903 594.9
5950 0.6418988754771027 595
5951 0.6419453132709205 595.1
5952 0.6419917652464072 595.2
5953 0.6420382746917221 595.3000000000001
5954 0.6420849039899711 595.4
5955 0.6421316595999914 595.5
5956 0.6421785092859162 595.6
5957 0.6422252603281949 595.7
5958 0.6422709959927995 595.8000000000001
5959 0.6423158161956698 595.9
5960 0.6423604712058405 596
5961 0.6424048788434659 596.1
5962 0.6424488836588854 596.2
5963 0.6424922971609848 596.3000000000001
5964 0.6425352406822425 596.4
5965 0.6425777788514618 596.5
5966 0.6426196206551148 596.6
5967 0.6426615462800035 596.7
5968 0.6427037743010292 596.8000000000001
5969 0.6427464075720809 596.9
5970 0.6427895705286018 597
5971 0.6428333449105087 597.1
5972 0.642877780817006 597.2
5973 0.6429229030797341 597.3000000000001
5974 0.6429687122917156 597.4
5975 0.6430151657848501 597.5
5976 0.6430610398089375 597.6
5977 0.6431068562388144 597.7
5978 0.6431533722124985 597.8000000000001
5979 0.643200792728323 597.9
5980 0.6432472664779274 598
5981 0.6432934913286908 598.1
5982 0.6433408982491611 598.2
5983 0.6433881070504766 598.3000000000001
5984 0.6434352400234867 598.4
5985 0.6434832251819228 598.5
5986 0.6435319648947188 598.6
5987 0.6435813985591511 598.7
5988 0.6436315346937241 598.8000000000001
5989 0.6436824065717708 598.9
5990 0.6437339041611474 599
5991 0.643785869321275 599.1
5992 0.6438379581683231 599.2
5993 0.6438895965547788 599.3000000000001
5994 0.6439400072397448 599.4
5995 0.6439906119469985 599.5
5996 0.6440413722973402 599.6
5997 0.6440922515942387 599.7
5998 0.6441425575441182 599.8000000000001
5999 0.6441929276777445 599.9
6000 0.6442427587612679 600
6001 0.6442918666315366 600.1
6002 0.6443413501763843 600.2
6003 0.6443908111499126 600.3000000000001
6004 0.6444408709651263 600.4
6005 0.644491450388574 600.5
6006 0.6445417420483427 600.6
6007 0.6445922287896736 600.7
6008 0.6446428647775188 600.8000000000001
6009 0.6446934360460407 600.9
6010 0.6447441826123551 601
6011 0.6447929103471408 601.1
6012 0.6448415172971247 601.2
6013 0.6448898858691207 601.3000000000001
6014 0.6449374962421399 601.4
6015 0.64498528626634 601.5
6016 0.6450330450244987 601.6
6017 0.6450805990726024 601.7
6018 0.6451260109621275 601.8000000000001
6019 0.6451709140441184 601.9
6020 0.6452169438981846 602
6021 0.6452618400662737 602.1
6022 0.6453086386952283 602.2
6023 0.6453552300824515 602.3000000000001
6024 0.6454015843692756 602.4
6025 0.6454458243476265 602.5
6026 0.6454887983998827 602.6
6027 0.6455322031488127 602.7
6028 0.6455765043227341 602.8000000000001
6029 0.6456198065768008 602.9
6030 0.6456596075632084 603
6031 0.6456976945736266 603.1
6032 0.6457341589620141 603.2
6033 0.6457716146561744 603.3000000000001
6034 0.645810443039012 603.4
6035 0.6458516278617078 603.5
6036 0.6458938326030279 603.6
6037 0.6459376508215968 603.7
6038 0.6459827536343085 603.8000000000001
6039 0.6460294670838812 603.9
6040 0.6460769660707288 604
6041 0.6461234355143279 604.1
6042 0.6461702422070595 604.2
6043 0.6462162875625648 604.3000000000001
6044 0.6462624582322559 604.4
6045 0.6463080668690645 604.5
6046 0.646352520513775 604.6
6047 0.6463968245976385 604.7
6048 0.6464409623141343 604.8000000000001
6049 0.6464850200482321 604.9
6050 0.6465291275888072 605
6051 0.6465734265993641 605.1
6052 0.6466180124319802 605.2
6053 0.6466629498096811 605.3000000000001
6054 0.6467084233319513 605.4
6055 0.6467545119262741 605.5
6056 0.6468012761350463 605.6
6057 0.646848767722302 605.7
6058 0.6468970339208897 605.8000000000001
6059 0.6469461671487151 605.9
6060 0.6469962070886234 606
6061 0.6470469935833892 606.1
6062 0.6470955134010964 606.2
6063 0.647144152379649 606.3000000000001
6064 0.6471930236341679 606.4
6065 0.6472420763124458 606.5
6066 0.6472913217921593 606.6
6067 0.6473402671166649 606.7
6068 0.6473887587088604 606.8000000000001
6069 0.6474365020569041 606.9
6070 0.6474831975238652 607
6071 0.6475300576721497 607.1
6072 0.6475772468397667 607.2
6073 0.6476249793027207 607.3000000000001
6074 0.6476731054571649 607.4
6075 0.6477178481932206 607.5
6076 0.6477633086546585 607.6
6077 0.6478093794937531 607.7
6078 0.6478561673642043 607.8000000000001
6079 0.6479035947600932 607.9
6080 0.6479515230395086 608
6081 0.6479996548125998 608.1
6082 0.6480479777120788 608.2
6083 0.6480965054689687 608.3000000000001
6084 0.6481451903023999 608.4
6085 0.6481939611482117 608.5
6086 0.6482427374134699 608.6
6087 0.6482914820026467 608.7
6088 0.6483395996665523 608.8000000000001
6089 0.6483877644399688 608.9
6090 0.6484359714285809 609
6091 0.6484841859569771 609.1
6092 0.648532299858701 609.2
6093 0.64858006555487 609.3000000000001
6094 0.6486274572168863 609.4
6095 0.6486741273020844 609.5
6096 0.6487189977300604 609.6
6097 0.6487624569591817 609.7
6098 0.6488054685750873 609.8000000000001
6099 0.6488477045922519 609.9
6100 0.6488898487355529 610
6101 0.6489323449622464 610.1
6102 0.6489754314250401 610.2
6103 0.6490192724189735 610.3000000000001
6104 0.6490639862821056 610.4
6105 0.6491096546622357 610.5
6106 0.6491563387426658 610.6
6107 0.6492040872526024 610.7
6108 0.6492529287914678 610.8000000000001
6109 0.6493028619475226 610.9
6110 0.6493538970408844 611
6111 0.6494037001431688 611.1
6112 0.6494543496498056 611.2
6113 0.6495058655233253 611.3000000000001
6114 0.649558123910865 611.4
6115 0.6496109647737526 611.5
6116 0.6496633054104728 611.6
6117 0.6497144503208586 611.7
6118 0.6497655932821412 611.8000000000001
6119 0.6498144512878765 611.9
6120 0.649861214977731 612
6121 0.6499059649464463 612.1
6122 0.6499500691307702 612.2
6123 0.6499937764367647 612.3000000000001
6124 0.6500374370501146 612.4
6125 0.650081261413424 612.5
6126 0.6501254566436777 612.6
6127 0.6501701072670389 612.7
6128 0.6502151708147414 612.8000000000001
6129 0.6502605326056081 612.9
6130 0.6503063000896537 613
6131 0.6503524465726959 613.1
6132 0.6503989557487209 613.2
6133 0.6504457003069887 613.3000000000001
6134 0.6504929871469498 613.4
6135 0.6505408692529788 613.5
6136 0.6505893996538473 613.6
6137 0.6506373674709851 613.7
6138 0.6506854927819369 613.8000000000001
6139 0.6507341170000661 613.9
6140 0.6507829743159298 614
6141 0.6508316235309449 614.1
6142 0.6508799532435796 614.2
6143 0.650927515372607 614.3000000000001
6144 0.6509743303834665 614.4000000000001
6145 0.651020577055616 614.5
6146 0.6510664607338845 614.6
6147 0.6511127073825934 614.7
6148 0.6511594765286107 614.8000000000001
6149 0.6512068343025016 614.9000000000001
6150 0.6512547681338596 615
6151 0.6513026696393498 615.1
6152 0.65134990210239 615.2
6153 0.6513977339501099 615.3000000000001
6154 0.6514451119801731 615.4000000000001
6155 0.6514914419337168 615.5
6156 0.6515378396220105 615.6
6157 0.6515840663780159 615.7
6158 0.6516302053917 615.8000000000001
6159 0.651675016194146 615.9000000000001
6160 0.6517198593294298 616
6161 0.6517647462914744 616.1
6162 0.6518097835630708 616.2
6163 0.6518550092860754 616.3000000000001
6164 0.6519003119831338 616.4000000000001
6165 0.6519459557741868 616.5
6166 0.6519919307507552 616.6
6167 0.6520382464130571 616.7
6168 0.6520845301397752 616.8000000000001
6169 0.6521275657030606 616.9000000000001
6170 0.6521700231225076 617
6171 0.6522127337361016 617.1
6172 0.6522558286202782 617.2
6173 0.6522993756096997 617.3000000000001
6174 0.6523434098652865 617.4000000000001
6175 0.6523874547515953 617.5
6176 0.6524319070304391 617.6
6177 0.6524768860204103 617.7
6178 0.6525223150844577 617.8000000000001
6179 0.6525678349030375 617.9000000000001
6180 0.6526139725846698 618
6181 0.6526607827259894 618.1
6182 0.6527083019842335 618.2
6183 0.6527565416644822 618.3000000000001
6184 0.6528031040588653 618.4000000000001
6185 0.6528493315492843 618.5
6186 0.6528952319015533 618.6
6187 0.6529419309521081 618.7
6188 0.6529894041496277 618.8000000000001
6189 0.653037565194297 618.9000000000001
6190 0.6530862728809443 619
6191 0.6531352511371372 619.1
6192 0.6531841427161195 619.2
6193 0.6532323801632486 619.3000000000001
6194 0.65328044217826 619.4000000000001
6195 0.6533292076184022 619.5
6196 0.6533786756760953 619.6
6197 0.6534289065144876 619.7
6198 0.6534798264416445 619.8000000000001
6199 0.6535298656184666 619.9000000000001
6200 0.6535788491477728 620
6201 0.6536268917587484 620.1
6202 0.6536740266949698 620.2
6203 0.6537207440581915 620.3000000000001
6204 0.6537672095903533 620.4000000000001
6205 0.6538134024437757 620.5
6206 0.6538593529745854 620.6
6207 0.6539051634214665 620.7
6208 0.6539509176727222 620.8000000000001
6209 0.6539968173568443 620.9000000000001
6210 0.6540430641285312 621
6211 0.6540898630764884 621.1
6212 0.6541374423443308 621.2
6213 0.6541859886384445 621.3000000000001
6214 0.6542356482655082 621.4000000000001
6215 0.6542864963094575 621.5
6216 0.6543384444326723 621.6
6217 0.6543912586004075 621.7
6218 0.6544424913454825 621.8000000000001
6219 0.654493173143602 621.9000000000001
6220 0.6545421676960299 622
6221 0.6545884035999175 622.1
6222 0.6546336871330314 622.2
6223 0.6546788150970831 622.3000000000001
6224 0.6547238677720595 622.4000000000001
6225 0.6547689625637664 622.5
6226 0.6548142469016798 622.6
6227 0.6548598903363743 622.7
6228 0.6549060394655183 622.8000000000001
6229 0.6549528064083388 622.9000000000001
6230 0.655000274579177 623
6231 0.6550484764983381 623.1
6232 0.6550974046304291 623.2
6233 0.655147024554228 623.3000000000001
6234 0.6551972181301151 623.4000000000001
6235 0.6552478591189386 623.5
6236 0.6552988138636929 623.6
6237 0.6553483486412019 623.7
6238 0.655397413478346 623.8000000000001
6239 0.6554460771722947 623.9000000000001
6240 0.6554941556089817 624
6241 0.6555405175915335 624.1
6242 0.655586223266549 624.2
6243 0.6556313374721029 624.3000000000001
6244 0.6556754206950122 624.4000000000001
6245 0.6557189007961634 624.5
6246 0.6557624055596611 624.6
6247 0.6558060834369331 624.7
6248 0.6558501119913186 624.8000000000001
6249 0.655894572212515 624.9000000000001
6250 0.6559394282424916 625
6251 0.6559846189265743 625.1
6252 0.6560301826128597 625.2
6253 0.6560749389378151 625.3000000000001
6254 0.6561192656398311 625.4000000000001
6255 0.6561639505888451 625.5
6256 0.6562087426326606 625.6
6257 0.6562534283744652 625.7
6258 0.6562986603792854 625.8000000000001
6259 0.6563446531720893 625.9000000000001
6260 0.6563915617177873 626
6261 0.6564395095709711 626.1
6262 0.6564885596410919 626.2
6263 0.6565387178565184 626.3000000000001
6264 0.6565899563214799 626.4000000000001
6265 0.6566420109702358 626.5
6266 0.6566926204516148 626.6
6267 0.6567435816020946 626.7
6268 0.65679423021068 626.8000000000001
6269 0.6568437910892002 626.9000000000001
6270 0.6568936045899455 627
6271 0.6569435981089361 627.1
6272 0.6569931822357993 627.2
6273 0.6570416235330095 627.3000000000001
6274 0.6570887792982151 627.4000000000001
6275 0.6571342270548555 627.5
6276 0.6571799139073392 627.6
6277 0.6572259697998817 627.7
6278 0.6572725398456331 627.8000000000001
6279 0.6573186514261796 627.9000000000001
6280 0.6573648126279026 628
6281 0.6574116086974996 628.1
6282 0.657458638254216 628.2
6283 0.6575062763944151 628.3000000000001
6284 0.6575544080073812 628.4000000000001
6285 0.6576015230186871 628.5
6286 0.657648530286349 628.6
6287 0.6576944441692502 628.7
6288 0.6577385147700336 628.8000000000001
6289 0.6577824471755305 628.9000000000001
6290 0.657826405267364 629
6291 0.6578695910495149 629.1
6292 0.657912123479684 629.2
6293 0.6579547594516184 629.3000000000001
6294 0.6579977314198301 629.4000000000001
6295 0.6580411711958869 629.5
6296 0.6580851666774682 629.6
6297 0.658129777100938 629.7
6298 0.6581749786973954 629.8000000000001
6299 0.6582198102253404 629.9000000000001
6300 0.6582651224311628 630
6301 0.6583107928916241 630.1
6302 0.658356448580491 630.2
6303 0.6584017338795594 630.3000000000001
6304 0.6584471828078127 630.4000000000001
6305 0.6584920578734074 630.5
6306 0.6585361585003814 630.6
6307 0.658580573669221 630.7
6308 0.658625327725645 630.8000000000001
6309 0.6586705176156304 630.9000000000001
6310 0.6587162786689007 631
6311 0.6587627558076237 631.1
6312 0.6588098960622659 631.2
6313 0.6588578823160736 631.3000000000001
6314 0.658906855964127 631.4000000000001
6315 0.6589566849747888 631.5
6316 0.6590072424208083 631.6
6317 0.6590586003414032 631.7
6318 0.6591106077375003 631.8000000000001
6319 0.6591633413052734 631.9000000000001
6320 0.659215965444822 632
6321 0.6592671564205054 632.1
6322 0.6593179903982616 632.2
6323 0.6593679906147429 632.3000000000001
6324 0.659418060413251 632.4000000000001
6325 0.6594679974457107 632.5
6326 0.6595173745774732 632.6
6327 0.659565536411326 632.7
6328 0.6596144321396918 632.8000000000001
6329 0.6596618136203152 632.9000000000001
6330 0.6597095920524119 633
6331 0.6597575728104815 633.1
6332 0.6598063223378243 633.2
6333 0.6598542797283059 633.3000000000001
6334 0.6599027861110953 633.4000000000001
6335 0.6599477686171723 633.5
6336 0.6599892652453161 633.6
6337 0.6600291151860326 633.7
6338 0.6600679367482288 633.8000000000001
6339 0.660107103498237 633.9000000000001
6340 0.6601463446324047 634
6341 0.6601861977200485 634.1
6342 0.6602273852202312 634.2
6343 0.6602698776191744 634.3000000000001
6344 0.6603107778499233 634.4000000000001
6345 0.660350005668133 634.5
6346 0.6603895080369262 634.6
6347 0.6604295847657259 634.7
6348 0.6604697331177571 634.8000000000001
6349 0.6605105300952107 634.9000000000001
6350 0.6605517998361751 635
6351 0.6605937191123014 635.1
6352 0.6606364939999398 635.2
6353 0.6606798179924002 635.3000000000001
6354 0.6607240032983304 635.4000000000001
6355 0.660769168776895 635.5
6356 0.6608152935484413 635.6
6357 0.6608623395994543 635.7
6358 0.6609102691910964 635.8000000000001
6359 0.6609575683925875 635.9000000000001
6360 0.6610035363466187 636
6361 0.6610501938217694 636.1
6362 0.6610973651195574 636.2
6363 0.661144959041398 636.3000000000001
6364 0.6611925903634241 636.4000000000001
6365 0.6612397385844562 636.5
6366 0.6612861156438746 636.6
6367 0.6613315461814093 636.7
6368 0.6613749447096401 636.8000000000001
6369 0.6614158546510229 636.9000000000001
6370 0.6614562705443469 637
6371 0.6614964991569257 637.1
6372 0.6615368186708596 637.2
6373 0.6615775105748447 637.3000000000001
6374 0.6616188244367341 637.4000000000001
6375 0.6616609608970879 637.5
6376 0.6617040622036137 637.6
6377 0.6617468161386285 637.7
6378 0.6617905924638195 637.8000000000001
6379 0.661835466910927 637.9000000000001
6380 0.6618814029269803 638
6381 0.6619283201188466 638.1
6382 0.6619755119179427 638.2
6383 0.6620233666529785 638.3000000000001
6384 0.6620716909758561 638.4000000000001
6385 0.6621202632829094 638.5
6386 0.6621690595731979 638.6
6387 0.6622180982924358 638.7
6388 0.6622673000575932 638.8000000000001
6389 0.6623143372823764 638.9000000000001
6390 0.662361333889 639
6391 0.6624089844451603 639.1
6392 0.6624573420007186 639.2
6393 0.662506389375498 639.3000000000001
6394 0.6625559359881215 639.4000000000001
6395 0.6626060000632128 639.5
6396 0.6626564455851801 639.6
6397 0.6627067669632646 639.7
6398 0.6627565763398858 639.8000000000001
6399 0.6628049339960701 639.9000000000001
6400 0.6628536746830661 640
6401 0.6629030817961252 640.1
6402 0.6629518371576909 640.2
6403 0.6630009372701794 640.3000000000001
6404 0.6630504487394966 640.4000000000001
6405 0.6631001391108972 640.5
6406 0.6631497159704494 640.6
6407 0.6631990564811396 640.7
6408 0.6632480660736519 640.8000000000001
6409 0.6632966017156247 640.9000000000001
6410 0.6633438773339976 641
6411 0.6633904888738953 641.1
6412 0.6634361004959552 641.2
6413 0.6634817408629798 641.3000000000001
6414 0.6635263336092705 641.4000000000001
6415 0.6635712620764816 641.5
6416 0.6636165829415283 641.6
6417 0.6636622792959186 641.7
6418 0.663707142020543 641.8000000000001
6419 0.6637522081292591 641.9000000000001
6420 0.6637976813988413 642
6421 0.6638436621903189 642.1
6422 0.6638902723801203 642.2
6423 0.6639367255575123 642.3000000000001
6424 0.6639834929228142 642.4000000000001
6425 0.6640309908373488 642.5
6426 0.6640792024746133 642.6
6427 0.6641279287268543 642.7
6428 0.6641748788507155 642.8000000000001
6429 0.6642219946951022 642.9000000000001
6430 0.6642690675720874 643
6431 0.6643161636309128 643.1
6432 0.6643632866077372 643.2
6433 0.6644096348670216 643.3000000000001
6434 0.6644559877443577 643.4000000000001
6435 0.6645006033551822 643.5
6436 0.6645449878681358 643.6
6437 0.6645894661802958 643.7
6438 0.6646330756503999 643.8000000000001
6439 0.6646761012679852 643.9000000000001
6440 0.66471926987272 644
6441 0.6647625043957819 644.1
6442 0.6648058313586789 644.2
6443 0.6648493235337967 644.3000000000001
6444 0.6648930644739314 644.4000000000001
6445 0.6649371545956412 644.5
6446 0.6649816708622632 644.6
6447 0.6650266830002103 644.7
6448 0.6650722469784267 644.8000000000001
6449 0.6651184115952697 644.9000000000001
6450 0.6651652210806008 645
6451 0.6652126959065369 645.1
6452 0.6652608240667053 645.2
6453 0.665309554238089 645.3000000000001
6454 0.6653587551675781 645.4000000000001
6455 0.6654075107937079 645.5
6456 0.665454046869269 645.6
6457 0.6655003869231205 645.7
6458 0.6655466542587269 645.8000000000001
6459 0.6655929268203449 645.9000000000001
6460 0.6656384100759446 646
6461 0.6656839404725546 646.1
6462 0.6657297547417056 646.2
6463 0.6657758088741237 646.3000000000001
6464 0.6658224364514009 646.4000000000001
6465 0.6658687131241303 646.5
6466 0.6659145930042786 646.6
6467 0.665961140939495 646.7
6468 0.6660081509736083 646.8000000000001
6469 0.6660554069489963 646.9000000000001
6470 0.6661024188963247 647
6471 0.6661488320001423 647.1
6472 0.6661955117231863 647.2
6473 0.6662424001712581 647.3000000000001
6474 0.6662895132531582 647.4000000000001
6475 0.6663363950996761 647.5
6476 0.6663831895356941 647.6
6477 0.6664302904966376 647.7
6478 0.6664777172980608 647.8000000000001
6479 0.6665256662114561 647.9000000000001
6480 0.6665741559840225 648
6481 0.6666232960998796 648.1
6482 0.6666729909965199 648.2
6483 0.6667226927742254 648.3000000000001
6484 0.6667709149119049 648.4000000000001
6485 0.666816937363665 648.5
6486 0.6668631932293004 648.6
6487 0.6669095849256661 648.7
6488 0.6669560802016572 648.8000000000001
6489 0.6670027225541817 648.9000000000001
6490 0.6670490101084391 649
6491 0.6670949776074458 649.1
6492 0.6671409030906164 649.2
6493 0.6671870688119038 649.3000000000001
6494 0.6672334359115908 649.4000000000001
6495 0.6672798883361876 649.5
6496 0.6673246040227372 649.6
6497 0.6673697559467204 649.7
6498 0.6674155754905442 649.8000000000001
6499 0.6674621399959765 649.9000000000001
6500 0.6675076941497066 650
6501 0.6675535158110647 650.1
6502 0.6675997977334858 650.2
6503 0.6676463316191206 650.3000000000001
6504 0.6676930320568919 650.4000000000001
6505 0.6677399565027906 650.5
6506 0.6677869795949045 650.6
6507 0.6678330915779138 650.7
6508 0.6678795853350282 650.8000000000001
6509 0.6679263102978407 650.9000000000001
6510 0.6679727056436825 651
6511 0.668019377379347 651.1
6512 0.6680666567655932 651.2
6513 0.6681143782994489 651.3000000000001
6514 0.6681625165468936 651.4000000000001
6515 0.6682100743717146 651.5
6516 0.6682569213539192 651.6
6517 0.6683036292603708 651.7
6518 0.6683503351988496 651.8000000000001
6519 0.6683972385129635 651.9000000000001
6520 0.6684444184062645 652
6521 0.6684910929858072 652.1
6522 0.6685366983766212 652.2
6523 0.668580831138031 652.3000000000001
6524 0.6686246773745624 652.4000000000001
6525 0.6686683656971838 652.5
6526 0.6687121529714953 652.6
6527 0.6687562268308773 652.7
6528 0.6688005529338775 652.8000000000001
6529 0.6688454052270059 652.9000000000001
6530 0.6688907285312437 653
6531 0.6689366712770974 653.1
6532 0.6689832644818806 653.2
6533 0.6690287406143206 653.3000000000001
6534 0.6690746578399362 653.4000000000001
6535 0.6691210982231458 653.5
6536 0.6691679146330787 653.6
6537 0.669214962349356 653.7
6538 0.6692620185741529 653.8000000000001
6539 0.6693088547097295 653.9000000000001
6540 0.6693552117000113 654
6541 0.669400211640418 654.1
6542 0.6694451396233809 654.2
6543 0.669490045241708 654.3000000000001
6544 0.669535024630378 654.4000000000001
6545 0.6695802036037918 654.5
6546 0.6696255756505054 654.6
6547 0.6696711412898935 654.7
6548 0.669716804041443 654.8000000000001
6549 0.6697622531156828 654.9000000000001
6550 0.6698059707505192 655
6551 0.6698496314093669 655.1
6552 0.6698931105487105 655.2
6553 0.6699365612018423 655.3000000000001
6554 0.6699800685929079 655.4000000000001
6555 0.6700236913719544 655.5
6556 0.6700675708860195 655.6
6557 0.670111869542407 655.7
6558 0.6701567091852864 655.8000000000001
6559 0.6702019730102378 655.9000000000001
6560 0.6702463838411692 656
6561 0.670290783814779 656.1
6562 0.6703358545091804 656.2
6563 0.6703816186896621 656.3000000000001
6564 0.670427988385971 656.4000000000001
6565 0.6704751292657126 656.5
6566 0.6705218074933931 656.6
6567 0.6705675912481232 656.7
6568 0.6706136898286882 656.8000000000001
6569 0.6706595982142606 656.9000000000001
6570 0.6707058743289503 657
6571 0.6707514607065092 657.1
6572 0.6707971186287057 657.2
6573 0.670843182044229 657.3000000000001
6574 0.6708892245713289 657.4000000000001
6575 0.6709353424800248 657.5
6576 0.6709814014902875 657.6
6577 0.67102749220841 657.7
6578 0.6710729313377702 657.8000000000001
6579 0.6711180317744387 657.9000000000001
6580 0.6711632803597646 658
6581 0.6712079614254819 658.1
6582 0.6712528568099664 658.2
6583 0.6712980297209838 658.3000000000001
6584 0.6713434024852496 658.4000000000001
6585 0.6713888439566303 658.5
6586 0.6714342711365523 658.6
6587 0.6714781290910297 658.7
6588 0.6715219191789469 658.8000000000001
6589 0.6715656181465722 658.9000000000001
6590 0.6716092590993648 659
6591 0.6716529331945088 659.1
6592 0.671696762168288 659.2
6593 0.6717408838397018 659.3000000000001
6594 0.671785435029767 659.4000000000001
6595 0.6718304855544047 659.5
6596 0.6718761811739469 659.6
6597 0.6719226276945728 659.7
6598 0.6719698299758654 659.8000000000001
6599 0.6720179408371781 659.9000000000001
6600 0.6720669314376413 660
6601 0.6721151500824736 660.1
6602 0.6721637263967046 660.2
6603 0.6722130608180273 660.3000000000001
6604 0.6722623397362865 660.4000000000001
6605 0.6723107533017915 660.5
6606 0.6723593902906625 660.6
6607 0.67240714082992 660.7
6608 0.6724550163374291 660.8000000000001
6609 0.6725029812988255 660.9000000000001
6610 0.6725508550094604 661
6611 0.6725985480245164 661.1
6612 0.672646195694669 661.2
6613 0.6726938458638994 661.3000000000001
6614 0.6727403424266534 661.4000000000001
6615 0.6727870757117443 661.5
6616 0.6728340723158353 661.6
6617 0.672881316057157 661.7
6618 0.6729286921471321 661.8000000000001
6619 0.6729762100515172 661.9000000000001
6620 0.6730238560239512 662
6621 0.6730715836865764 662.1
6622 0.6731178077587341 662.2
6623 0.6731643067406367 662.3000000000001
6624 0.673210570837885 662.4000000000001
6625 0.6732571585904836 662.5
6626 0.6733041108437414 662.6
6627 0.673350022254576 662.7
6628 0.6733955922456833 662.8000000000001
6629 0.6734414844050174 662.9000000000001
6630 0.6734877024388048 663
6631 0.6735342576273111 663.1
6632 0.673581155709235 663.2
6633 0.6736284244326159 663.3000000000001
6634 0.6736751993434745 663.4000000000001
6635 0.6737206193553411 663.5
6636 0.6737660978316165 663.6
6637 0.6738115352532843 663.7
6638 0.6738572398269261 663.8000000000001
6639 0.6739032584503525 663.9000000000001
6640 0.6739496033667906 664
6641 0.6739959798895929 664.1
6642 0.6740427198843981 664.2
6643 0.6740898215496439 664.3000000000001
6644 0.6741369980617506 664.4000000000001
6645 0.6741826858613631 664.5
6646 0.6742283429094147 664.6
6647 0.6742735441744456 664.7
6648 0.674318852429744 664.8000000000001
6649 0.6743638328057812 664.9000000000001
6650 0.6744079670833653 665
6651 0.6744525092525723 665.1
6652 0.6744970602580687 665.2
6653 0.6745417376592726 665.3000000000001
6654 0.6745864663716333 665.4000000000001
6655 0.6746310439249378 665.5
6656 0.6746751080704591 665.6
6657 0.6747188464428926 665.7
6658 0.6747615419445533 665.8000000000001
6659 0.6748042534813922 665.9000000000001
6660 0.6748472364771303 666
6661 0.6748905819220131 666.1
6662 0.6749343533324836 666.2
6663 0.6749786046307434 666.3000000000001
6664 0.6750233737571915 666.4000000000001
6665 0.6750686736231032 666.5
6666 0.6751144933681836 666.6
6667 0.6751607759735677 666.7
6668 0.6752074440535609 666.8000000000001
6669 0.6752543774113854 666.9000000000001
6670 0.6753014560580598 667
6671 0.6753484826412829 667.1
6672 0.6753953614768237 667.2
6673 0.6754412768526038 667.3000000000001
6674 0.675484703190543 667.4000000000001
6675 0.6755278329046364 667.5
6676 0.675570775875898 667.6
6677 0.6756134270119217 667.7
6678 0.6756558859233577 667.8000000000001
6679 0.6756981980340599 667.9000000000001
6680 0.6757404357176179 668
6681 0.675782691348331 668.1
6682 0.6758250753480168 668.2
6683 0.6758676935127081 668.3000000000001
6684 0.6759104378433392 668.4000000000001
6685 0.6759533965060331 668.5
6686 0.6759968283829069 668.6
6687 0.6760410842994471 668.7
6688 0.6760865112905384 668.8000000000001
6689 0.6761333063961467 668.9000000000001
6690 0.6761814200609708 669
6691 0.6762293680190565 669.1
6692 0.6762787176238192 669.2
6693 0.6763282582356999 669.3000000000001
6694 0.6763782588637933 669.4000000000001
6695 0.6764284193339235 669.5
6696 0.6764766917353283 669.6
6697 0.6765239695637306 669.7
6698 0.6765708681463319 669.8000000000001
6699 0.676616493434674 669.9000000000001
6700 0.6766620863733117 670
6701 0.6767081973964096 670.1
6702 0.6767551377917224 670.2
6703 0.6768030525264632 670.3000000000001
6704 0.6768516381000659 670.4000000000001
6705 0.67689965896921 670.5
6706 0.676947476078845 670.6
6707 0.676995462655592 670.7
6708 0.6770434534336623 670.8000000000001
6709 0.6770907037732372 670.9000000000001
6710 0.6771375942054559 671
6711 0.6771851150412691 671.1
6712 0.6772334063777647 671.2
6713 0.6772825696737069 671.3000000000001
6714 0.6773325954899945 671.4000000000001
6715 0.6773829902946422 671.5
6716 0.6774320513705232 671.6
6717 0.6774810900110432 671.7
6718 0.6775299463680204 671.8000000000001
6719 0.677578436833925 671.9000000000001
6720 0.6776254876350095 672
6721 0.6776720665936702 672.1
6722 0.6777179645826763 672.2
6723 0.6777638444608548 672.3000000000001
6724 0.6778082319599461 672.4000000000001
6725 0.6778526524489537 672.5
6726 0.6778975983828904 672.6
6727 0.6779431217518515 672.7
6728 0.6779893682849121 672.8000000000001
6729 0.6780364203189239 672.9000000000001
6730 0.6780824903103567 673
6731 0.6781284563587731 673.1
6732 0.6781741178104487 673.2
6733 0.6782189091479088 673.3000000000001
6734 0.6782633821171616 673.4000000000001
6735 0.6783072253841402 673.5
6736 0.678350554276074 673.6
6737 0.678393294709002 673.7
6738 0.6784354062297546 673.8000000000001
6739 0.678476888775953 673.9000000000001
6740 0.6785177414035297 674
6741 0.6785580216463756 674.1
6742 0.6785974938158935 674.2
6743 0.6786368146595236 674.3000000000001
6744 0.6786764011783913 674.4000000000001
6745 0.678716399666459 674.5
6746 0.6787569148258862 674.6
6747 0.6787980136197292 674.7
6748 0.6788397856314254 674.8000000000001
6749 0.6788824339741569 674.9000000000001
6750 0.6789258694647851 675
6751 0.6789699357867929 675.1
6752 0.6790144735720653 675.2
6753 0.6790593690062104 675.3000000000001
6754 0.6791042081612985 675.4000000000001
6755 0.6791486023622872 675.5
6756 0.6791919497113578 675.6
6757 0.6792346796127959 675.7
6758 0.6792768853551931 675.8000000000001
6759 0.6793180813974233 675.9000000000001
6760 0.6793588643717773 676
6761 0.6793993070084302 676.1
6762 0.6794394942443153 676.2
6763 0.6794799940754174 676.3000000000001
6764 0.6795213503900797 676.4000000000001
6765 0.6795637617190873 676.5
6766 0.6796074539696971 676.6
6767 0.679652701894399 676.7
6768 0.6796995438094736 676.8000000000001
6769 0.679747886409531 676.9000000000001
6770 0.6797973523468186 677
6771 0.6798473271892944 677.1
6772 0.6798955430861643 677.2
6773 0.6799436041234778 677.3000000000001
6774 0.6799904616700778 677.4000000000001
6775 0.6800362660765151 677.5
6776 0.6800817440498576 677.6
6777 0.6801257401301311 677.7
6778 0.6801701864290751 677.8000000000001
6779 0.6802154599371284 677.9000000000001
6780 0.6802618646115627 678
6781 0.6803094471901493 678.1
6782 0.6803578298172324 678.2
6783 0.6804065520165923 678.3000000000001
6784 0.6804551227102267 678.4000000000001
6785 0.6805031608334752 678.5
6786 0.6805493388700609 678.6
6787 0.6805955665359952 678.7
6788 0.680642038386876 678.8000000000001
6789 0.6806890309115555 678.9000000000001
6790 0.6807368697347974 679
6791 0.6807857457055715 679.1
6792 0.6808354812932684 679.2
6793 0.6808856892478374 679.3000000000001
6794 0.6809349469924841 679.4000000000001
6795 0.6809825595722275 679.5
6796 0.681029306567542 679.6
6797 0.6810746907633081 679.7
6798 0.6811200609797001 679.8000000000001
6799 0.6811655394857568 679.9000000000001
6800 0.6812113706343641 680
6801 0.6812570487364968 680.1
6802 0.6813026315365575 680.2
6803 0.681349164587537 680.3000000000001
6804 0.6813964326826177 680.4000000000001
6805 0.6814448183161449 680.5
6806 0.6814942242401985 680.6
6807 0.6815444245779499 680.7
6808 0.681595014350314 680.8000000000001
6809 0.6816450770070893 680.9000000000001
6810 0.681692479522126 681
6811 0.6817392083277781 681.1
6812 0.6817850649213689 681.2
6813 0.6818300601421378 681.3000000000001
6814 0.6818737877952235 681.4000000000001
6815 0.681916683863139 681.5
6816 0.6819595689360781 681.6
6817 0.6820025387079737 681.7
6818 0.6820457190685011 681.8000000000001
6819 0.6820891979299011 681.9000000000001
6820 0.6821331560466761 682
6821 0.6821776666991185 682.1
6822 0.682222812889741 682.2
6823 0.6822683667594019 682.3000000000001
6824 0.6823145062581362 682.4000000000001
6825 0.6823611010835667 682.5
6826 0.682407823562832 682.6
6827 0.682454161945251 682.7
6828 0.6825006799144849 682.8000000000001
6829 0.6825472582284592 682.9000000000001
6830 0.682593997804911 683
6831 0.6826388991896862 683.1
6832 0.6826831169511633 683.2
6833 0.6827275856907389 683.3000000000001
6834 0.6827724761331108 683.4000000000001
6835 0.6828157815870399 683.5
6836 0.6828590594087169 683.6
6837 0.6829028391018759 683.7
6838 0.68294760309462 683.8000000000001
6839 0.6829933098686604 683.9000000000001
6840 0.6830398962341785 684
6841 0.6830871419352544 684.1
6842 0.6831340638599952 684.2
6843 0.6831814401516767 684.3000000000001
6844 0.6832281669459777 684.4000000000001
6845 0.683275195844889 684.5
6846 0.6833228472476457 684.6
6847 0.683370941813191 684.7
6848 0.6834195663155809 684.8000000000001
6849 0.6834686257777733 684.9000000000001
6850 0.6835179018863002 685
6851 0.6835670731022132 685.1
6852 0.6836138687983859 685.2
6853 0.6836584811298997 685.3000000000001
6854 0.6837012471707917 685.4000000000001
6855 0.6837417077217114 685.5
6856 0.6837811186003698 685.6
6857 0.6838206418916647 685.7
6858 0.6838605060182271 685.8000000000001
6859 0.6839008302710398 685.9000000000001
6860 0.6839418226727711 686
6861 0.6839834414920113 686.1
6862 0.6840257801861102 686.2
6863 0.6840684373667566 686.3000000000001
6864 0.6841118741533253 686.4000000000001
6865 0.6841560947483424 686.5
6866 0.6842002488261199 686.6
6867 0.684244959804795 686.7
6868 0.6842904550835526 686.8000000000001
6869 0.6843350296005117 686.9000000000001
6870 0.6843792902535404 687
6871 0.6844234994784884 687.1
6872 0.6844671618449257 687.2
6873 0.6845102469463584 687.3000000000001
6874 0.6845527749164173 687.4000000000001
6875 0.6845947187937346 687.5
6876 0.6846360769632874 687.6
6877 0.6846761218831329 687.7
6878 0.6847162960790176 687.8000000000001
6879 0.6847567886762406 687.9000000000001
6880 0.6847978284084653 688
6881 0.6848392958390032 688.1
6882 0.6848816533256689 688.2
6883 0.6849251847682863 688.3000000000001
6884 0.6849697629436182 688.4000000000001
6885 0.6850147034704637 688.5
6886 0.6850596524609323 688.6
6887 0.6851050362280648 688.7
6888 0.6851517765842572 688.8000000000001
6889 0.6851997393211965 688.9000000000001
6890 0.6852487422817444 689
6891 0.6852983380514331 689.1
6892 0.6853481999978223 689.2
6893 0.6853979196750765 689.3000000000001
6894 0.6854470864509914 689.4000000000001
6895 0.6854942595346377 689.5
6896 0.6855399154361648 689.6
6897 0.6855844426371839 689.7
6898 0.6856291317359539 689.8000000000001
6899 0.6856742291076688 689.9000000000001
6900 0.6857187100137165 690
6901 0.6857637996300247 690.1
6902 0.6858100340534662 690.2
6903 0.6858574840008597 690.3000000000001
6904 0.685906084019688 690.4000000000001
6905 0.6859556703777386 690.5
6906 0.6860060196895508 690.6
6907 0.6860569063286381 690.7
6908 0.6861075264126386 690.8000000000001
6909 0.686158020020053 690.9000000000001
6910 0.6862086570762906 691
6911 0.6862591495811913 691.1
6912 0.6863092067569284 691.2
6913 0.6863543037943098 691.3000000000001
6914 0.6863973120388006 691.4000000000001
6915 0.6864399015171432 691.5
6916 0.6864820324002372 691.6
6917 0.6865236560344224 691.7
6918 0.6865639923873244 691.8000000000001
6919 0.6866028112055887 691.9000000000001
6920 0.6866416335123205 692
6921 0.6866806487655278 692.1
6922 0.6867202074460138 692.2
6923 0.6867604917043749 692.3000000000001
6924 0.6868015788388582 692.4000000000001
6925 0.6868436374241284 692.5
6926 0.6868867821001766 692.6
6927 0.686930700361946 692.7
6928 0.6869757935667143 692.8000000000001
6929 0.6870221017494444 692.9000000000001
6930 0.6870695461513656 693
6931 0.6871162334841999 693.1
6932 0.6871634270915078 693.2
6933 0.6872103310211534 693.3000000000001
6934 0.6872574919205374 693.4000000000001
6935 0.6873053950092367 693.5
6936 0.6873537991436754 693.6
6937 0.6874022955993323 693.7
6938 0.6874501976206808 693.8000000000001
6939 0.6874964359790945 693.9000000000001
6940 0.6875419507470997 694
6941 0.6875867784200491 694.1
6942 0.6876308501552038 694.2
6943 0.6876739625841013 694.3000000000001
6944 0.6877159527505874 694.4000000000001
6945 0.6877578072756714 694.5
6946 0.6877996720452155 694.6
6947 0.6878414701001179 694.7
6948 0.6878826840541509 694.8000000000001
6949 0.6879242433520666 694.9000000000001
6950 0.6879649548715194 695
6951 0.6880060630324888 695.1
6952 0.6880476533578819 695.2
6953 0.6880897559335772 695.3000000000001
6954 0.6881324050087799 695.4000000000001
6955 0.6881755891940976 695.5
6956 0.688219335810983 695.6
6957 0.6882612049044687 695.7
6958 0.6883033231573354 695.8000000000001
6959 0.6883459119309078 695.9000000000001
6960 0.6883889947316429 696
6961 0.6884325651590696 696.1
6962 0.6884766175644873 696.2
6963 0.6885211512578713 696.3000000000001
6964 0.6885658865809211 696.4000000000001
6965 0.68861103383986 696.5
6966 0.6886565188144224 696.6
6967 0.6887022501812844 696.7
6968 0.6887481153613004 696.8000000000001
6969 0.6887943126256241 696.9000000000001
6970 0.6888409739679499 697
6971 0.6888876620603698 697.1
6972 0.6889345800547269 697.2
6973 0.6889823504848918 697.3000000000001
6974 0.689030792260677 697.4000000000001
6975 0.6890796439091914 697.5
6976 0.6891289932166402 697.6
6977 0.6891771223568779 697.7
6978 0.6892254312419046 697.8000000000001
6979 0.6892738993090392 697.9000000000001
6980 0.6893224490830979 698
6981 0.6893688032050427 698.1
6982 0.6894139533950735 698.2
6983 0.6894591100760784 698.3000000000001
6984 0.68950422616339 698.4000000000001
6985 0.6895493579366814 698.5
6986 0.6895945132952167 698.6
6987 0.6896392826266223 698.7
6988 0.6896799608171905 698.8000000000001
6989 0.6897217095055486 698.9000000000001
6990 0.6897641695828692 699
6991 0.6898061398239201 699.1
6992 0.68984873836199 699.2
6993 0.689891882967325 699.3000000000001
6994 0.6899350410866276 699.4000000000001
6995 0.6899773760636512 699.5
6996 0.6900201535010539 699.6
6997 0.6900632633237607 699.7
6998 0.6901061828081339 699.8000000000001
6999 0.6901494522904026 699.9000000000001
7000 0.6901931195953438 700
7001 0.6902373242385739 700.1
7002 0.6902821336411623 700.2
7003 0.6903275948742196 700.3000000000001
7004 0.690373681480455 700.4000000000001
7005 0.6904200626969956 700.5
7006 0.6904659592972229 700.6
7007 0.6905117740028267 700.7
7008 0.6905549021718665 700.8000000000001
7009 0.6905962917202849 700.9000000000001
7010 0.6906376886132813 701
7011 0.6906779744443908 701.1
7012 0.6907205488675463 701.2
7013 0.6907633055414344 701.3000000000001
7014 0.690805833118613 701.4000000000001
7015 0.690847876236596 701.5
7016 0.6908890182045243 701.6
7017 0.6909301890598278 701.7
7018 0.6909731433990088 701.8000000000001
7019 0.6910170734292087 701.9000000000001
7020 0.6910590296705996 702
7021 0.6911022345874365 702.1
7022 0.6911468384531587 702.2
7023 0.691192579530806 702.3000000000001
7024 0.6912389683178017 702.4000000000001
7025 0.6912837404801258 702.5
7026 0.6913284410163605 702.6
7027 0.6913730542700934 702.7
7028 0.6914174086522067 702.8000000000001
7029 0.6914612564536364 702.9000000000001
7030 0.6915045797755568 703
7031 0.6915476351840043 703.1
7032 0.691590223617789 703.2
7033 0.6916325086607583 703.3000000000001
7034 0.6916748362330476 703.4000000000001
7035 0.6917153333168483 703.5
7036 0.6917565571017454 703.6
7037 0.6917986530782413 703.7
7038 0.6918416316969597 703.8000000000001
7039 0.6918856251503664 703.9000000000001
7040 0.6919307006347908 704
7041 0.6919766151285697 704.1
7042 0.6920231157327638 704.2
7043 0.6920700175991146 704.3000000000001
7044 0.6921167988454828 704.4000000000001
7045 0.6921635599248077 704.5
7046 0.6922070918317846 704.6
7047 0.6922505703351773 704.7
7048 0.6922944508732691 704.8000000000001
7049 0.6923386199417594 704.9000000000001
7050 0.6923827979309493 705
7051 0.6924271405960545 705.1
7052 0.692471394818758 705.2
7053 0.6925158554835761 705.3000000000001
7054 0.6925606189227385 705.4000000000001
7055 0.6926049706181984 705.5
7056 0.6926489348825319 705.6
7057 0.6926931208700901 705.7
7058 0.6927375685343716 705.8000000000001
7059 0.6927822822409221 705.9000000000001
7060 0.6928272717831805 706
7061 0.6928725488551704 706.1
7062 0.6929181183849379 706.2
7063 0.6929639472971806 706.3000000000001
7064 0.6930100476760525 706.4000000000001
7065 0.6930563890110764 706.5
7066 0.6931029387382979 706.6
7067 0.6931496312100087 706.7
7068 0.6931963702859913 706.8000000000001
7069 0.6932431372407361 706.9000000000001
7070 0.6932899253546435 707
7071 0.693331472543585 707.1
7072 0.6933729948853077 707.2
7073 0.6934144824469989 707.3000000000001
7074 0.6934560717652919 707.4000000000001
7075 0.6934977296960515 707.5
7076 0.6935380991943991 707.6
7077 0.6935787468635933 707.7
7078 0.6936197277317507 707.8000000000001
7079 0.6936611202520854 707.9000000000001
7080 0.6937022862621082 708
7081 0.6937429832064779 708.1
7082 0.6937841273971238 708.2
7083 0.6938258246687938 708.3000000000001
7084 0.6938680854040408 708.4000000000001
7085 0.6939108561594707 708.5
7086 0.6939541250458998 708.6
7087 0.6939978331422829 708.7
7088 0.6940418617526721 708.8000000000001
7089 0.6940860919859508 708.9000000000001
7090 0.694130381801696 709
7091 0.6941730892825875 709.1
7092 0.6942157230324477 709.2
7093 0.6942586798953158 709.3000000000001
7094 0.6943008583201291 709.4000000000001
7095 0.6943422665099692 709.5
7096 0.6943831610227469 709.6
7097 0.6944238063995961 709.7
7098 0.694464859560184 709.8000000000001
7099 0.6945063764004998 709.9000000000001
7100 0.694548416167338 710
7101 0.694591034441585 710.1
7102 0.6946342819650818 710.2
7103 0.6946774862788241 710.3000000000001
7104 0.6947207390809589 710.4000000000001
7105 0.6947647517590183 710.5
7106 0.694809448051091 710.6
7107 0.6948547375217847 710.7
7108 0.6949005773173321 710.8000000000001
7109 0.6949459780716738 710.9000000000001
7110 0.6949905481828704 711
7111 0.6950336250240415 711.1
7112 0.695077108220121 711.2
7113 0.6951208371044433 711.3000000000001
7114 0.6951644274954775 711.4000000000001
7115 0.6952063026043721 711.5
7116 0.6952482659022237 711.6
7117 0.6952902972194379 711.7
7118 0.6953324694028924 711.8000000000001
7119 0.6953748544074618 711.9000000000001
7120 0.6954175648257765 712
7121 0.6954607289271233 712.1
7122 0.6955044778308016 712.2
7123 0.6955489421649995 712.3000000000001
7124 0.6955936203460423 712.4000000000001
7125 0.6956389614441337 712.5
7126 0.6956850746448197 712.6
7127 0.6957319537672582 712.7
7128 0.695779555508807 712.8000000000001
7129 0.6958277857596012 712.9000000000001
7130 0.6958765639417475 713
7131 0.6959257850449755 713.1
7132 0.6959753006200163 713.2
7133 0.6960249545597724 713.3000000000001
7134 0.696074540100396 713.4000000000001
7135 0.6961239885038215 713.5
7136 0.6961733367681404 713.6
7137 0.6962224860503624 713.7
7138 0.6962708732731523 713.8000000000001
7139 0.6963185544782077 713.9000000000001
7140 0.6963658119784047 714
7141 0.6964129238882868 714.1
7142 0.6964579466828767 714.2
7143 0.696502166549511 714.3000000000001
7144 0.6965466097677289 714.4000000000001
7145 0.6965912314057038 714.5
7146 0.6966359187177417 714.6
7147 0.6966806655550335 714.7
7148 0.6967257072647862 714.8000000000001
7149 0.6967704201555112 714.9000000000001
7150 0.6968156003982752 715
7151 0.696861293790376 715.1
7152 0.6969073865737366 715.2
7153 0.6969537899320741 715.3000000000001
7154 0.6970000745852128 715.4000000000001
7155 0.6970453446966637 715.5
7156 0.6970900734664275 715.6
7157 0.6971341108422665 715.7
7158 0.6971769411050827 715.8000000000001
7159 0.6972150925037841 715.9000000000001
7160 0.6972521078301184 716
7161 0.6972880787762196 716.1
7162 0.6973231104410031 716.2
7163 0.6973581100493165 716.3000000000001
7164 0.6973933546131802 716.4000000000001
7165 0.6974290421055337 716.5
7166 0.6974651895298121 716.6
7167 0.6975020497939188 716.7
7168 0.6975398647771327 716.8000000000001
7169 0.6975786425288161 716.9000000000001
7170 0.6976185758753692 717
7171 0.6976597188307377 717.1
7172 0.697702127983163 717.2
7173 0.6977456401914317 717.3000000000001
7174 0.6977900077339489 717.4000000000001
7175 0.6978334147796597 717.5
7176 0.6978765035032886 717.6
7177 0.6979196802534642 717.7
7178 0.6979627878830247 717.8000000000001
7179 0.698005269026621 717.9000000000001
7180 0.6980468927410741 718
7181 0.6980886268933625 718.1
7182 0.698130603147361 718.2
7183 0.6981729515231099 718.3000000000001
7184 0.6982158631139654 718.4000000000001
7185 0.6982595243145384 718.5
7186 0.6983041013036682 718.6
7187 0.6983497467751296 718.7
7188 0.6983965948627993 718.8000000000001
7189 0.6984447474721769 718.9000000000001
7190 0.6984942540667261 719
7191 0.6985448835712468 719.1
7192 0.6985959992656747 719.2
7193 0.6986469486028465 719.3000000000001
7194 0.6986983301461187 719.4000000000001
7195 0.6987496693857287 719.5
7196 0.6988006186520278 719.6
7197 0.6988505658725045 719.7
7198 0.6988980562728985 719.8000000000001
7199 0.6989446266215309 719.9000000000001
7200 0.6989907264256577 720
7201 0.6990355401804303 720.1
7202 0.6990784633294933 720.2
7203 0.6991206232465417 720.3000000000001
7204 0.6991632954506907 720.4000000000001
7205 0.6992067292597652 720.5
7206 0.699251134748222 720.6
7207 0.699296648985408 720.7
7208 0.6993424563784096 720.8000000000001
7209 0.6993888778355634 720.9000000000001
7210 0.6994362598330341 721
7211 0.699483195582152 721.1
7212 0.6995301961020818 721.2
7213 0.6995772107077293 721.3000000000001
7214 0.6996237783359166 721.4000000000001
7215 0.6996705214840395 721.5
7216 0.6997169862916148 721.6
7217 0.6997617635973714 721.7
7218 0.6998059702196771 721.8000000000001
7219 0.6998494790033064 721.9000000000001
7220 0.6998923584512923 722
7221 0.6999346604590655 722.1
7222 0.6999768311731925 722.2
7223 0.7000191457566539 722.3000000000001
7224 0.700061705504873 722.4000000000001
7225 0.7001038556427882 722.5
7226 0.7001465170281834 722.6
7227 0.700189787693786 722.7
7228 0.70023377824946 722.8000000000001
7229 0.7002785466534502 722.9000000000001
7230 0.7003241249198594 723
7231 0.7003705647800569 723.1
7232 0.7004177878088904 723.2
7233 0.7004655109758714 723.3000000000001
7234 0.7005138528611285 723.4000000000001
7235 0.7005624930805598 723.5
7236 0.7006111993294104 723.6
7237 0.700659623282792 723.7
7238 0.7007075758024991 723.8000000000001
7239 0.7007543890971966 723.9000000000001
7240 0.7007986821838448 724
7241 0.700841297256024 724.1
7242 0.7008835565156417 724.2
7243 0.7009256707496369 724.3000000000001
7244 0.7009678961725092 724.4000000000001
7245 0.7010104939625278 724.5
7246 0.701053707136006 724.6
7247 0.7010977441252693 724.7
7248 0.7011406663874158 724.8000000000001
7249 0.7011844961936107 724.9000000000001
7250 0.7012294049812106 725
7251 0.701274062921874 725.1
7252 0.7013176316037043 725.2
7253 0.701361845791678 725.3000000000001
7254 0.701406170115575 725.4000000000001
7255 0.7014503435635577 725.5
7256 0.7014942021413254 725.6
7257 0.7015368934144293 725.7
7258 0.7015794201188279 725.8000000000001
7259 0.7016223884152557 725.9000000000001
7260 0.7016661090183055 726
7261 0.7017108767571161 726.1
7262 0.7017567720364506 726.2
7263 0.7018032553409934 726.3000000000001
7264 0.7018496937662587 726.4000000000001
7265 0.70189431904875 726.5
7266 0.7019368740922958 726.6
7267 0.7019787256281566 726.7
7268 0.7020204633713912 726.8000000000001
7269 0.7020630396898713 726.9000000000001
7270 0.7021066949128203 727
7271 0.702151429382799 727.1
7272 0.7021954877384456 727.2
7273 0.7022401767948766 727.3000000000001
7274 0.7022855627113308 727.4000000000001
7275 0.7023312577085504 727.5
7276 0.7023769036507685 727.6
7277 0.7024224456596505 727.7
7278 0.7024662102359892 727.8000000000001
7279 0.7025087436912629 727.9000000000001
7280 0.7025511491911227 728
7281 0.7025935674624755 728.1
7282 0.7026361625970431 728.2
7283 0.7026791073533764 728.3000000000001
7284 0.7027225336829825 728.4000000000001
7285 0.702766029437462 728.5
7286 0.7028100637790612 728.6
7287 0.7028548030109102 728.7
7288 0.7029003054160051 728.8000000000001
7289 0.7029466191897256 728.9000000000001
7290 0.7029936889236548 729
7291 0.7030414083363977 729.1
7292 0.7030890635450483 729.2
7293 0.7031366001181345 729.3000000000001
7294 0.7031844564683363 729.4000000000001
7295 0.7032324843908617 729.5
7296 0.7032788015420471 729.6
7297 0.7033242541406722 729.7
7298 0.7033692637804491 729.8000000000001
7299 0.7034138379220405 729.9000000000001
7300 0.7034578450103818 730
7301 0.7035005293566132 730.1
7302 0.7035434511503538 730.2
7303 0.7035865941037067 730.3000000000001
7304 0.7036301343420126 730.4000000000001
7305 0.7036738274059056 730.5
7306 0.7037183870615611 730.6
7307 0.7037626157498024 730.7
7308 0.7038075015187559 730.8000000000001
7309 0.703851456437532 730.9000000000001
7310 0.7038947672086784 731
7311 0.7039378176066277 731.1
7312 0.7039796506284082 731.2
7313 0.7040214248995973 731.3000000000001
7314 0.7040663263658745 731.4000000000001
7315 0.7041161545441554 731.5
7316 0.7041668025675453 731.6
7317 0.7042198302990217 731.7
7318 0.7042677025071392 731.8000000000001
7319 0.7043102997808611 731.9000000000001
7320 0.7043542461080309 732
7321 0.7043956197195028 732.1
7322 0.704439185399146 732.2
7323 0.7044825817907072 732.3000000000001
7324 0.7045258204568398 732.4000000000001
7325 0.7045695164774528 732.5
7326 0.7046145244306147 732.6
7327 0.7046601059511137 732.7
7328 0.7047054793423827 732.8000000000001
7329 0.7047506431964722 732.9000000000001
7330 0.7047951011786648 733
7331 0.7048387412129259 733.1
7332 0.7048809300355892 733.2
7333 0.7049218122431751 733.3000000000001
7334 0.7049623136839126 733.4000000000001
7335 0.7050025180946126 733.5
7336 0.7050425333332767 733.6
7337 0.7050824732993612 733.7
7338 0.7051221969719792 733.8000000000001
7339 0.7051618303069865 733.9000000000001
7340 0.7052016519893811 734
7341 0.7052417703934194 734.1
7342 0.7052822849664113 734.2
7343 0.7053232940772888 734.3000000000001
7344 0.7053648934052431 734.4000000000001
7345 0.7054071639304129 734.5
7346 0.7054490184486112 734.6
7347 0.7054892161221789 734.7
7348 0.7055306907061618 734.8000000000001
7349 0.7055734879322115 734.9000000000001
7350 0.7056176237429356 735
7351 0.7056630661602132 735.1
7352 0.7057097382447753 735.2
7353 0.7057567051676712 735.3000000000001
7354 0.7058039404917159 735.4000000000001
7355 0.7058517422288868 735.5
7356 0.7058997458180257 735.6
7357 0.7059475657868436 735.7
7358 0.7059946092720877 735.8000000000001
7359 0.7060405348766736 735.9000000000001
7360 0.706083759171147 736
7361 0.7061248259695667 736.1
7362 0.7061656133114453 736.2
7363 0.7062060856872803 736.3000000000001
7364 0.7062463781296409 736.4000000000001
7365 0.706286767915589 736.5
7366 0.7063274150149152 736.6
7367 0.7063684676083718 736.7
7368 0.7064100537650276 736.8000000000001
7369 0.706452279961342 736.9000000000001
7370 0.7064952296100906 737
7371 0.7065389477444903 737.1
7372 0.7065834750224536 737.2
7373 0.7066282653850624 737.3000000000001
7374 0.7066725404604388 737.4000000000001
7375 0.7067171828315393 737.5
7376 0.7067621349546673 737.6
7377 0.7068073396022632 737.7
7378 0.7068526153643391 737.8000000000001
7379 0.7068969612852011 737.9000000000001
7380 0.7069408918418101 738
7381 0.7069849589754287 738.1
7382 0.7070291264897841 738.2
7383 0.7070733487660739 738.3000000000001
7384 0.7071176580379955 738.4000000000001
7385 0.7071620158035437 738.5
7386 0.7072060794787081 738.6
7387 0.7072492438116249 738.7
7388 0.7072921531942165 738.8000000000001
7389 0.7073350712369654 738.9000000000001
7390 0.7073780350387641 739
7391 0.7074208127275701 739.1
7392 0.7074635769522186 739.2
7393 0.7075069536236479 739.3000000000001
7394 0.7075510212743056 739.4000000000001
7395 0.7075959205821526 739.5
7396 0.7076417399614906 739.6
7397 0.7076871857220204 739.7
7398 0.707733341570237 739.8000000000001
7399 0.7077784039397824 739.9000000000001
7400 0.7078228947297424 740
7401 0.7078668612295498 740.1
7402 0.707910193024476 740.2
7403 0.7079537172314196 740.3000000000001
7404 0.7079972889045894 740.4000000000001
7405 0.7080408452852671 740.5
7406 0.7080843581438367 740.6
7407 0.7081278164754043 740.7
7408 0.7081712421896611 740.8000000000001
7409 0.7082146833783979 740.9000000000001
7410 0.7082582512560089 741
7411 0.7083020013822691 741.1
7412 0.7083459507207555 741.2
7413 0.7083900839646423 741.3000000000001
7414 0.7084343793862464 741.4000000000001
7415 0.7084788027573471 741.5
7416 0.7085232716677462 741.6
7417 0.7085676764513258 741.7
7418 0.7086120844834909 741.8000000000001
7419 0.708656550575155 741.9000000000001
7420 0.7087010294305717 742
7421 0.7087456642111267 742.1
7422 0.7087897685712806 742.2
7423 0.7088340741335398 742.3000000000001
7424 0.7088785766496517 742.4000000000001
7425 0.7089219517702758 742.5
7426 0.7089653658892427 742.6
7427 0.7090090438915336 742.7
7428 0.709052920555865 742.8000000000001
7429 0.7090969558789139 742.9000000000001
7430 0.7091410947592851 743
7431 0.709185298192795 743.1
7432 0.7092295610582731 743.2
7433 0.7092739250909333 743.3000000000001
7434 0.709318570618522 743.4000000000001
7435 0.7093633579067807 743.5
7436 0.7094078740227794 743.6
7437 0.7094529141144699 743.7
7438 0.7094976436892476 743.8000000000001
7439 0.7095417558660322 743.9000000000001
7440 0.7095863779258103 744
7441 0.7096314958497769 744.1
7442 0.7096765217920851 744.2
7443 0.7097187099166383 744.3000000000001
7444 0.7097611112461525 744.4000000000001
7445 0.7098025704223958 744.5
7446 0.709842947617557 744.6
7447 0.709883080540728 744.7
7448 0.7099228267768992 744.8000000000001
7449 0.7099620167038561 744.9000000000001
7450 0.710000335320234 745
7451 0.7100378319274377 745.1
7452 0.7100752066715612 745.2
7453 0.7101126728665369 745.3000000000001
7454 0.7101504516462032 745.4000000000001
7455 0.7101881489294046 745.5
7456 0.710226251418971 745.6
7457 0.7102648574394421 745.7
7458 0.7103036804204748 745.8000000000001
7459 0.7103425214363603 745.9000000000001
7460 0.7103816726426844 746
7461 0.710421766916159 746.1
7462 0.7104627415545507 746.2
7463 0.7105043941441572 746.3000000000001
7464 0.7105472802203033 746.4000000000001
7465 0.7105914169244592 746.5
7466 0.7106363147667031 746.6
7467 0.7106822052021827 746.7
7468 0.7107293076172425 746.8000000000001
7469 0.7107775663293443 746.9000000000001
7470 0.7108269936581917 747
7471 0.7108773758190265 747.1
7472 0.7109283904573133 747.2
7473 0.7109803312048063 747.3000000000001
7474 0.7110331177213761 747.4000000000001
7475 0.7110859238059697 747.5
7476 0.7111382137379625 747.6
7477 0.7111898304646814 747.7
7478 0.7112397374934281 747.8000000000001
7479 0.7112891671439669 747.9000000000001
7480 0.7113382298058266 748
7481 0.7113868493410791 748.1
7482 0.7114350860430251 748.2
7483 0.7114810644099356 748.3000000000001
7484 0.7115264863051753 748.4000000000001
7485 0.7115715161582256 748.5
7486 0.7116163914414381 748.6
7487 0.711661210371102 748.7
7488 0.7117062617399241 748.8000000000001
7489 0.7117516460715962 748.9000000000001
7490 0.7117960652215968 749
7491 0.7118411604348247 749.1
7492 0.711884412351992 749.2
7493 0.7119260319321259 749.3000000000001
7494 0.7119681851052051 749.4000000000001
7495 0.7120105514821756 749.5
7496 0.7120527121135084 749.6
7497 0.7120956600495929 749.7
7498 0.7121392802690948 749.8000000000001
7499 0.7121836369428707 749.9000000000001
7500 0.71222860916689 750
7501 0.7122740887832939 750.1
7502 0.7123199649820431 750.2
7503 0.7123661614878876 750.3000000000001
7504 0.7124124911074412 750.4000000000001
7505 0.7124589520680559 750.5
7506 0.712505482772971 750.6
7507 0.7125520836135373 750.7
7508 0.7125985780842115 750.8000000000001
7509 0.7126436099574465 750.9000000000001
7510 0.7126880238829267 751
7511 0.7127325419176765 751.1
7512 0.7127770059064841 751.2
7513 0.7128213170807302 751.3000000000001
7514 0.7128655271717884 751.4000000000001
7515 0.7129096887268488 751.5
7516 0.7129536196642207 751.6
7517 0.7129971118753792 751.7
7518 0.7130402045279945 751.8000000000001
7519 0.7130820886003064 751.9000000000001
7520 0.7131230359717468 752
7521 0.713163604328513 752.1
7522 0.7132038409773175 752.2
7523 0.7132438847058443 752.3000000000001
7524 0.7132840624560071 752.4000000000001
7525 0.713324280338116 752.5
7526 0.7133649189907662 752.6
7527 0.7134059341329158 752.7
7528 0.7134473758604779 752.8000000000001
7529 0.7134894153013485 752.9000000000001
7530 0.7135320901502782 753
7531 0.7135753272026533 753.1
7532 0.7136190697776995 753.2
7533 0.7136632608112722 753.3000000000001
7534 0.7137078955250632 753.4000000000001
7535 0.7137526545451121 753.5
7536 0.7137963276453503 753.6
7537 0.7138394881551757 753.7
7538 0.7138830233012905 753.8000000000001
7539 0.7139241647123615 753.9000000000001
7540 0.7139647205213941 754
7541 0.7140038660219179 754.1
7542 0.7140435648187295 754.2
7543 0.7140835135611631 754.3000000000001
7544 0.7141238032283764 754.4000000000001
7545 0.7141643243431685 754.5
7546 0.7142050408551985 754.6
7547 0.7142458885193443 754.7
7548 0.7142869419726516 754.8000000000001
7549 0.7143280865911745 754.9000000000001
7550 0.7143692573931453 755
7551 0.7144096518516976 755.1
7552 0.714449832196821 755.2
7553 0.7144898232824746 755.3000000000001
7554 0.714527551448353 755.4000000000001
7555 0.7145651580822951 755.5
7556 0.714602635846706 755.6
7557 0.7146401678830779 755.7
7558 0.7146779576314369 755.8000000000001
7559 0.714716209027268 755.9000000000001
7560 0.7147548978570788 756
7561 0.7147943809540435 756.1
7562 0.7148345056990929 756.2
7563 0.7148755634531804 756.3000000000001
7564 0.7149175299004566 756.4000000000001
7565 0.7149606119579158 756.5
7566 0.7150048715045335 756.6
7567 0.7150503318438203 756.7
7568 0.7150970091101935 756.8000000000001
7569 0.7151449054612291 756.9000000000001
7570 0.715193869319912 757
7571 0.7152437265053406 757.1
7572 0.7152942491464236 757.2
7573 0.7153453533579189 757.3000000000001
7574 0.7153966137800269 757.4000000000001
7575 0.7154466421337736 757.5
7576 0.7154953564162957 757.6
7577 0.7155426622855876 757.7
7578 0.7155882397916671 757.8000000000001
7579 0.7156324156557223 757.9000000000001
7580 0.7156760221006274 758
7581 0.7157193883389494 758.1
7582 0.7157628228216207 758.2
7583 0.7158060356018978 758.3000000000001
7584 0.7158485004206839 758.4000000000001
7585 0.7158919481826163 758.5
7586 0.7159365326695849 758.6
7587 0.7159792490611372 758.7
7588 0.7160226921574828 758.8000000000001
7589 0.7160673983748306 758.9000000000001
7590 0.716113119757479 759
7591 0.7161593521064082 759.1
7592 0.7162060036146319 759.2
7593 0.7162528730119883 759.3000000000001
7594 0.7162995141036166 759.4000000000001
7595 0.716345984841348 759.5
7596 0.7163916274863077 759.6
7597 0.7164365740431926 759.7
7598 0.7164816219304412 759.8000000000001
7599 0.7165264350088492 759.9000000000001
7600 0.7165702122076132 760
7601 0.7166142592086447 760.1
7602 0.7166586583730524 760.2
7603 0.7167023474027495 760.3000000000001
7604 0.7167462280411372 760.4000000000001
7605 0.7167909443230446 760.5
7606 0.7168367169351526 760.6
7607 0.7168837119412934 760.7
7608 0.716931996655168 760.8000000000001
7609 0.7169813847782674 760.9000000000001
7610 0.7170317609019435 761
7611 0.7170826752882714 761.1
7612 0.7171331279477121 761.2
7613 0.7171814375731635 761.3000000000001
7614 0.7172293725999911 761.4000000000001
7615 0.717275728775299 761.5
7616 0.7173208429785114 761.6
7617 0.717365695950957 761.7
7618 0.7174104479523323 761.8000000000001
7619 0.7174552818467813 761.9000000000001
7620 0.7175003916470147 762
7621 0.7175459385957145 762.1
7622 0.7175920778412288 762.2
7623 0.7176388814361991 762.3000000000001
7624 0.7176863640058052 762.4000000000001
7625 0.7177344651748634 762.5
7626 0.7177830259292725 762.6
7627 0.7178318079479483 762.7
7628 0.7178800092520585 762.8000000000001
7629 0.717924327077574 762.9000000000001
7630 0.7179680727179415 763
7631 0.7180112168460236 763.1
7632 0.7180527763946012 763.2
7633 0.7180938847437706 763.3000000000001
7634 0.7181345168572095 763.4000000000001
7635 0.7181726283759593 763.5
7636 0.7182094745472133 763.6
7637 0.7182463317085694 763.7
7638 0.7182832991205576 763.8000000000001
7639 0.7183182599443522 763.9000000000001
7640 0.7183531062208579 764
7641 0.7183874532789273 764.1
7642 0.7184216764006736 764.2
7643 0.7184558924348307 764.3000000000001
7644 0.7184906583908733 764.4000000000001
7645 0.7185260027684247 764.5
7646 0.718561953421528 764.6
7647 0.7185985296220027 764.7
7648 0.71863576341999 764.8000000000001
7649 0.7186736814657496 764.9000000000001
7650 0.7187123194957644 765
7651 0.7187517250743655 765.1
7652 0.7187919588251547 765.2
7653 0.7188330923244518 765.3000000000001
7654 0.7188751998499364 765.4000000000001
7655 0.7189182802642152 765.5
7656 0.7189623930376288 765.6
7657 0.7190075286881633 765.7
7658 0.719053512487064 765.8000000000001
7659 0.7190999823775751 765.9000000000001
7660 0.7191468502584493 766
7661 0.7191939535791825 766.1
7662 0.7192406513614509 766.2
7663 0.7192852588371043 766.3000000000001
7664 0.7193284156120844 766.4000000000001
7665 0.7193718155514528 766.5
7666 0.7194155969065421 766.6
7667 0.7194598872947656 766.7
7668 0.7195047409677868 766.8000000000001
7669 0.7195499628180676 766.9000000000001
7670 0.7195936240516146 767
7671 0.7196375986631017 767.1
7672 0.7196820258615928 767.2
7673 0.7197262133002903 767.3000000000001
7674 0.7197688596871386 767.4000000000001
7675 0.7198116221086733 767.5
7676 0.7198543113751867 767.6
7677 0.7198969961308181 767.7
7678 0.7199396899781799 767.8000000000001
7679 0.7199824165280838 767.9000000000001
7680 0.7200252277453181 768
7681 0.7200681967399267 768.1
7682 0.7201102783411596 768.2
7683 0.72015049950356 768.3000000000001
7684 0.7201896479246761 768.4000000000001
7685 0.7202288518293396 768.5
7686 0.7202685063281494 768.6
7687 0.7203086166081517 768.7
7688 0.7203490438494141 768.8000000000001
7689 0.7203898304253555 768.9000000000001
7690 0.7204311010182414 769
7691 0.7204728308841024 769.1
7692 0.7205149660857393 769.2
7693 0.7205571587729472 769.3000000000001
7694 0.7205995173885926 769.4000000000001
7695 0.7206419794643425 769.5
7696 0.7206845992566465 769.6
7697 0.7207272628593306 769.7
7698 0.7207687918285381 769.8000000000001
7699 0.7208106610054749 769.9000000000001
7700 0.7208530901972158 770
7701 0.7208962116958602 770.1
7702 0.7209401197328766 770.2
7703 0.7209846162059451 770.3000000000001
7704 0.721029479250896 770.4000000000001
7705 0.7210747524110558 770.5
7706 0.7211196663169703 770.6
7707 0.7211657325758475 770.7
7708 0.7212105363806699 770.8000000000001
7709 0.7212543770528684 770.9000000000001
7710 0.7212980289455645 771
7711 0.7213422289573874 771.1
7712 0.7213868030960283 771.2
7713 0.7214315264327662 771.3000000000001
7714 0.7214762078681204 771.4000000000001
7715 0.721521117047201 771.5
7716 0.7215663081083434 771.6
7717 0.7216119037935004 771.7
7718 0.7216577285502418 771.8000000000001
7719 0.7217035076476996 771.9000000000001
7720 0.7217498819812499 772
7721 0.7217967508544469 772.1
7722 0.7218439198891969 772.2
7723 0.7218911233189343 772.3000000000001
7724 0.7219382109071459 772.4000000000001
7725 0.7219848729144899 772.5
7726 0.7220305299057019 772.6
7727 0.7220771584757066 772.7
7728 0.7221273864160102 772.8000000000001
7729 0.7221802462199517 772.9000000000001
7730 0.7222324827800443 773
7731 0.722274288710907 773.1
7732 0.722309722876044 773.2
7733 0.7223448943706463 773.3000000000001
7734 0.7223824652445839 773.4000000000001
7735 0.7224214674104128 773.5
7736 0.7224596094919904 773.6
7737 0.7224974029210444 773.7
7738 0.7225360686501414 773.8000000000001
7739 0.7225755132751064 773.9000000000001
7740 0.7226161014163318 774
7741 0.7226576162360957 774.1
7742 0.7226998200252086 774.2
7743 0.7227416954820689 774.3000000000001
7744 0.7227839441790422 774.4000000000001
7745 0.7228263978152516 774.5
7746 0.722869280834082 774.6
7747 0.7229114797311464 774.7
7748 0.7229541870332749 774.8000000000001
7749 0.7229973116066996 774.9000000000001
7750 0.7230407250324716 775
7751 0.7230842991968455 775.1
7752 0.7231265622177423 775.2
7753 0.7231687271754725 775.3000000000001
7754 0.723208613444853 775.4000000000001
7755 0.7232487602481943 775.5
7756 0.7232892225887821 775.6
7757 0.7233300612923165 775.7
7758 0.7233713183486391 775.8000000000001
7759 0.7234129772025155 775.9000000000001
7760 0.7234550244984084 776
7761 0.7234974001295307 776.1
7762 0.7235400229307762 776.2
7763 0.7235828495307485 776.3000000000001
7764 0.7236257896302309 776.4000000000001
7765 0.7236686643326222 776.5
7766 0.7237103254033674 776.6
7767 0.7237522769136256 776.7
7768 0.723794546157539 776.8000000000001
7769 0.7238371141954771 776.9000000000001
7770 0.7238793802136181 777
7771 0.72392195153033 777.1
7772 0.7239649469640668 777.2
7773 0.7240083916350067 777.3000000000001
7774 0.724052284879697 777.4000000000001
7775 0.7240966499110701 777.5
7776 0.7241414231169897 777.6
7777 0.7241864864579236 777.7
7778 0.72423186098786 777.8000000000001
7779 0.7242731836456466 777.9000000000001
7780 0.7243136274090138 778
7781 0.724353649383803 778.1
7782 0.7243939619138179 778.2
7783 0.7244346270067834 778.3000000000001
7784 0.7244756739508833 778.4000000000001
7785 0.7245159360791478 778.5
7786 0.7245562201551125 778.6
7787 0.7245948350423168 778.7
7788 0.7246336890619922 778.8000000000001
7789 0.7246727438873484 778.9000000000001
7790 0.7247119404289518 779
7791 0.7247512573740666 779.1
7792 0.7247898593428719 779.2
7793 0.7248275692713546 779.3000000000001
7794 0.7248655499218926 779.4000000000001
7795 0.7249038507730883 779.5
7796 0.7249424101786773 779.6
7797 0.7249812928930871 779.7
7798 0.7250206704953663 779.8000000000001
7799 0.725060583962615 779.9000000000001
7800 0.7251010664778985 780
7801 0.7251421326823511 780.1
7802 0.7251836936477388 780.2
7803 0.7252258731127141 780.3000000000001
7804 0.7252686718749695 780.4000000000001
7805 0.7253120704745997 780.5
7806 0.725356068481003 780.6
7807 0.7254006826054917 780.7
7808 0.7254459352535952 780.8000000000001
7809 0.7254914661332484 780.9000000000001
7810 0.7255373719144769 781
7811 0.725583845185323 781.1
7812 0.7256308393526424 781.2
7813 0.7256782853051121 781.3000000000001
7814 0.7257260766746529 781.4000000000001
7815 0.7257740983901242 781.5
7816 0.7258214397460906 781.6
7817 0.7258695425344576 781.7
7818 0.7259185417384156 781.8000000000001
7819 0.7259685867728929 781.9000000000001
7820 0.7260196620088899 782
7821 0.726071796687688 782.1
7822 0.7261248659923057 782.2
7823 0.7261760732106135 782.3000000000001
7824 0.726225195315335 782.4000000000001
7825 0.7262744709103145 782.5
7826 0.7263236144001783 782.6
7827 0.7263706267156639 782.7
7828 0.7264154738459299 782.8000000000001
7829 0.7264586603994639 782.9000000000001
7830 0.7265007228958723 783
7831 0.7265423174474959 783.1
7832 0.7265833815906314 783.2
7833 0.7266238456326279 783.3000000000001
7834 0.7266637904849057 783.4000000000001
7835 0.7267034248622231 783.5
7836 0.7267415128542333 783.6
7837 0.7267803857077633 783.7
7838 0.726818183614245 783.8000000000001
7839 0.7268551333200992 783.9000000000001
7840 0.7268915444075875 784
7841 0.7269305347130393 784.1
7842 0.7269723203599153 784.2
7843 0.7270156553416239 784.3000000000001
7844 0.7270560178232245 784.4000000000001
7845 0.7270959823835619 784.5
7846 0.727135327112271 784.6
7847 0.7271738347784144 784.7
7848 0.7272137492246439 784.8000000000001
7849 0.7272538633496167 784.9000000000001
7850 0.7272963827452572 785
7851 0.7273406583450575 785.1
7852 0.7273817129284579 785.2
7853 0.727422526973573 785.3000000000001
7854 0.7274642141182996 785.4000000000001
7855 0.7275055221526008 785.5
7856 0.7275469734424678 785.6
7857 0.7275892359806331 785.7
7858 0.7276321372965061 785.8000000000001
7859 0.7276753350462793 785.9000000000001
7860 0.7277188196569209 786
7861 0.7277626499087972 786.1
7862 0.7278066455604939 786.2
7863 0.7278506368079134 786.3000000000001
7864 0.7278945740986923 786.4000000000001
7865 0.7279370566965758 786.5
7866 0.7279793127321441 786.6
7867 0.7280216389779032 786.7
7868 0.7280617338673009 786.8000000000001
7869 0.7281015282558805 786.9000000000001
7870 0.7281416221200658 787
7871 0.7281821171942751 787.1
7872 0.7282230902768617 787.2
7873 0.728264635679759 787.3000000000001
7874 0.7283067976065334 787.4000000000001
7875 0.728349553648761 787.5
7876 0.7283928894473736 787.6
7877 0.7284367665129062 787.7
7878 0.7284800551426863 787.8000000000001
7879 0.7285230686956844 787.9000000000001
7880 0.7285662084908089 788
7881 0.7286073531084434 788.1
7882 0.7286475084991192 788.2
7883 0.7286874858714786 788.3000000000001
7884 0.7287271633517006 788.4000000000001
7885 0.7287663981550503 788.5
7886 0.7288046895616805 788.6
7887 0.728842511941679 788.7
7888 0.7288804212012051 788.8000000000001
7889 0.7289185108402964 788.9000000000001
7890 0.7289562094044127 789
7891 0.7289946363518457 789.1
7892 0.7290340209658835 789.2
7893 0.7290744885458394 789.3000000000001
7894 0.7291159754474554 789.4000000000001
7895 0.7291584376411856 789.5
7896 0.7292013732330913 789.6
7897 0.7292448991242292 789.7
7898 0.7292886848636757 789.8000000000001
7899 0.7293330301632038 789.9000000000001
7900 0.7293781248962573 790
7901 0.7294240929565385 790.1
7902 0.7294710002442046 790.2
7903 0.7295189553869423 790.3000000000001
7904 0.729567382653367 790.4000000000001
7905 0.7296156560874103 790.5
7906 0.729664855482299 790.6
7907 0.7297140469367651 790.7
7908 0.7297626838512721 790.8000000000001
7909 0.7298117002013967 790.9000000000001
7910 0.7298605442728913 791
7911 0.7299083422348075 791.1
7912 0.7299561995209226 791.2
7913 0.7300039305789926 791.3000000000001
7914 0.7300512928479206 791.4000000000001
7915 0.7300980827681828 791.5
7916 0.7301441030708 791.6
7917 0.7301890993431607 791.7
7918 0.730232745615622 791.8000000000001
7919 0.7302761238005785 791.9000000000001
7920 0.7303193251628189 792
7921 0.7303625288554989 792.1
7922 0.7304058912280366 792.2
7923 0.7304494486756641 792.3000000000001
7924 0.7304909027177414 792.4000000000001
7925 0.7305289434940849 792.5
7926 0.730567258940335 792.6
7927 0.7306058152975581 792.7
7928 0.7306445756953919 792.8000000000001
7929 0.7306836956542846 792.9000000000001
7930 0.7307232364864762 793
7931 0.7307632112102695 793.1
7932 0.7308036364821778 793.2
7933 0.7308445299263906 793.3000000000001
7934 0.7308856735990195 793.4000000000001
7935 0.7309267580982985 793.5
7936 0.7309674058121018 793.6
7937 0.7310078490869568 793.7
7938 0.7310466561058652 793.8000000000001
7939 0.7310855500050796 793.9000000000001
7940 0.7311244901309646 794
7941 0.7311634656170137 794.1
7942 0.7312036737840866 794.2
7943 0.7312451285673131 794.3000000000001
7944 0.7312863142534531 794.4000000000001
7945 0.7313281697651417 794.5
7946 0.7313734264793743 794.6
7947 0.7314133468145256 794.7
7948 0.7314527485856012 794.8000000000001
7949 0.7314917385981484 794.9000000000001
7950 0.7315302351536486 795
7951 0.7315693741572484 795.1
7952 0.7316087446258959 795.2
7953 0.7316473515916295 795.3000000000001
7954 0.7316837577707749 795.4000000000001
7955 0.7317210634795653 795.5
7956 0.7317589320066491 795.6
7957 0.7317965263498029 795.7
7958 0.731835956378996 795.8000000000001
7959 0.7318768850519412 795.9000000000001
7960 0.7319177276050609 796
7961 0.7319607784132625 796.1
7962 0.7320055976912129 796.2
7963 0.7320517513827389 796.3000000000001
7964 0.7320984336648807 796.4000000000001
7965 0.7321457407168916 796.5
7966 0.7321936484732725 796.6
7967 0.7322418307126917 796.7
7968 0.7322899749738332 796.8000000000001
7969 0.7323347927002529 796.9000000000001
7970 0.7323784088120816 797
7971 0.7324210320489218 797.1
7972 0.7324625360301361 797.2
7973 0.7325034849385357 797.3000000000001
7974 0.732543863583843 797.4000000000001
7975 0.7325837551987021 797.5
7976 0.7326228809518931 797.6
7977 0.7326613284824064 797.7
7978 0.7326997290918709 797.8000000000001
7979 0.7327381548557427 797.9000000000001
7980 0.7327766626577764 798
7981 0.7328153129251898 798.1
7982 0.7328525062520761 798.2
7983 0.7328900904710201 798.3000000000001
7984 0.7329281027577086 798.4000000000001
7985 0.7329665369766805 798.5
7986 0.7330053754358654 798.6
7987 0.7330445858500451 798.7
7988 0.7330840680456374 798.8000000000001
7989 0.7331240173011152 798.9000000000001
7990 0.7331644593520921 799
7991 0.7332052240278657 799.1
7992 0.7332465496856538 799.2
7993 0.7332884860498202 799.3000000000001
7994 0.7333310509043722 799.4000000000001
7995 0.7333741620465151 799.5
7996 0.7334178696311595 799.6
7997 0.7334619588281981 799.7
7998 0.7335046545339103 799.8000000000001
7999 0.7335471968188486 799.9000000000001
8000 0.7335886221550076 800
8001 0.7336303861839973 800.1
8002 0.7336728461610496 800.2
8003 0.7337160172323932 800.3000000000001
8004 0.7337598633126894 800.4000000000001
8005 0.7338042496590128 800.5
8006 0.7338488357255619 800.6
8007 0.7338936267873509 800.7
8008 0.733938651537076 800.8000000000001
8009 0.7339838466992987 800.9000000000001
8010 0.7340290820187608 801
8011 0.734074146564098 801.1
8012 0.7341169079015806 801.2
8013 0.7341593270300582 801.3000000000001
8014 0.734201414371658 801.4000000000001
8015 0.734243240326578 801.5
8016 0.7342849391549578 801.6
8017 0.7343266869189292 801.7
8018 0.7343686835704974 801.8000000000001
8019 0.7344111198479549 801.9000000000001
8020 0.7344540096020548 802
8021 0.7344947010496361 802.1
8022 0.7345350163666511 802.2
8023 0.7345714639702242 802.3000000000001
8024 0.7346084232971252 802.4000000000001
8025 0.734645894860551 802.5
8026 0.7346838635044449 802.6
8027 0.7347223187532609 802.7
8028 0.734761260830385 802.8000000000001
8029 0.7348006902241561 802.9000000000001
8030 0.7348406101621776 803
8031 0.7348810085379061 803.1
8032 0.7349218850655534 803.2
8033 0.7349632454846666 803.3000000000001
8034 0.7350050772191145 803.4000000000001
8035 0.7350474502254392 803.5
8036 0.7350903739178203 803.6
8037 0.7351338434563454 803.7
8038 0.7351778513008135 803.8000000000001
8039 0.7352224341825894 803.9000000000001
8040 0.735267662742542 804
8041 0.7353131237535064 804.1
8042 0.735357376436615 804.2
8043 0.7354019301783841 804.3000000000001
8044 0.7354462450998238 804.4000000000001
8045 0.7354908307324571 804.5
8046 0.735535467910412 804.6
8047 0.7355796954733883 804.7
8048 0.7356239985279912 804.8000000000001
8049 0.7356684864740682 804.9000000000001
8050 0.7357130429642275 805
8051 0.7357575237863269 805.1
8052 0.7358009010850917 805.2
8053 0.735842982229149 805.3000000000001
8054 0.73588460229501 805.4000000000001
8055 0.7359246814703838 805.5
8056 0.7359648226116164 805.6
8057 0.7360052769136398 805.7
8058 0.7360462206699857 805.8000000000001
8059 0.7360876047036552 805.9000000000001
8060 0.7361295265498043 806
8061 0.7361721432047754 806.1
8062 0.736215583620714 806.2
8063 0.7362598425142931 806.3000000000001
8064 0.7363048731237447 806.4000000000001
8065 0.7363506007193301 806.5
8066 0.7363969874790643 806.6
8067 0.7364425781573265 806.7
8068 0.7364887168076883 806.8000000000001
8069 0.7365354218291137 806.9000000000001
8070 0.7365824728243892 807
8071 0.7366282746713543 807.1
8072 0.7366746498498566 807.2
8073 0.7367217719797483 807.3000000000001
8074 0.7367677355259294 807.4000000000001
8075 0.7368152013619862 807.5
8076 0.7368628982078166 807.6
8077 0.7369098824139617 807.7
8078 0.7369546887884315 807.8000000000001
8079 0.736998575645595 807.9000000000001
8080 0.7370409122256628 808
8081 0.737080805597276 808.1
8082 0.7371183698708725 808.2
8083 0.7371546801449536 808.3000000000001
8084 0.7371904208304901 808.4000000000001
8085 0.7372262474040219 808.5
8086 0.7372626232337613 808.6
8087 0.7372996330405748 808.7
8088 0.7373360972882697 808.8000000000001
8089 0.7373733208971903 808.9000000000001
8090 0.7374100956738756 809
8091 0.7374469788844198 809.1
8092 0.7374844098319472 809.2
8093 0.737522134316008 809.3000000000001
8094 0.7375603339794764 809.4000000000001
8095 0.7375991018157751 809.5
8096 0.7376384829866071 809.6
8097 0.7376784886294463 809.7
8098 0.7377189324343127 809.8000000000001
8099 0.7377596152386221 809.9000000000001
8100 0.7377989586422667 810
8101 0.737838110505333 810.1
8102 0.737877543120759 810.2
8103 0.7379172057680574 810.3000000000001
8104 0.737957086258561 810.4000000000001
8105 0.7379971960950942 810.5
8106 0.7380375664276797 810.6
8107 0.7380782113111244 810.7
8108 0.7381191913822861 810.8000000000001
8109 0.7381605703686686 810.9000000000001
8110 0.7382024116655818 811
8111 0.7382447755900189 811.1
8112 0.7382877211218927 811.2
8113 0.7383313033893222 811.3000000000001
8114 0.7383755705490403 811.4000000000001
8115 0.7384205674498187 811.5
8116 0.7384663217664779 811.6
8117 0.7385128289345505 811.7
8118 0.7385600381852326 811.8000000000001
8119 0.7386078331694117 811.9000000000001
8120 0.7386543266264294 812
8121 0.7387008039608572 812.1
8122 0.7387453235544665 812.2
8123 0.7387871140779718 812.3000000000001
8124 0.7388270440213129 812.4000000000001
8125 0.7388669014731276 812.5
8126 0.7389066142737782 812.6
8127 0.7389462715487911 812.7
8128 0.7389859045358793 812.8000000000001
8129 0.7390254994325315 812.9000000000001
8130 0.7390651343914461 813
8131 0.7391043422586289 813.1
8132 0.7391426528734097 813.2
8133 0.7391810109247616 813.3000000000001
8134 0.7392185346409792 813.4000000000001
8135 0.7392557486431116 813.5
8136 0.7392931441322133 813.6
8137 0.7393311157193948 813.7
8138 0.7393694251263434 813.8000000000001
8139 0.7394082577957444 813.9000000000001
8140 0.7394473935072962 814
8141 0.7394870665638574 814.1
8142 0.7395273021866372 814.2
8143 0.7395681303909369 814.3000000000001
8144 0.7396095964670986 814.4000000000001
8145 0.7396517385910637 814.5
8146 0.7396944213073839 814.6
8147 0.7397373099984104 814.7
8148 0.7397803889972328 814.8000000000001
8149 0.739822142610804 814.9000000000001
8150 0.7398640099684783 815
8151 0.7399063248935002 815.1
8152 0.7399490159842067 815.2
8153 0.7399921134275591 815.3000000000001
8154 0.7400352050211041 815.4000000000001
8155 0.7400778521942927 815.5
8156 0.7401207248697387 815.6
8157 0.7401636151841833 815.7
8158 0.7402057409608613 815.8000000000001
8159 0.7402483956664804 815.9000000000001
8160 0.7402916151047116 816
8161 0.7403353324036657 816.1
8162 0.7403795727726082 816.2
8163 0.7404245079712437 816.3000000000001
8164 0.7404701631261539 816.4000000000001
8165 0.7405165454371287 816.5
8166 0.7405635894176816 816.6
8167 0.7406091820830761 816.7
8168 0.7406551780148921 816.8000000000001
8169 0.7407013337070255 816.9000000000001
8170 0.7407471970517547 817
8171 0.7407914083917999 817.1
8172 0.7408344550965174 817.2
8173 0.7408772388158023 817.3000000000001
8174 0.7409196945833351 817.4000000000001
8175 0.7409615619085635 817.5
8176 0.7410026693169017 817.6
8177 0.7410435861673754 817.7
8178 0.7410843845327455 817.8000000000001
8179 0.7411252137857949 817.9000000000001
8180 0.7411662424597156 818
8181 0.7412076042694485 818.1
8182 0.7412492666663092 818.2
8183 0.741291317886423 818.3000000000001
8184 0.741333818918319 818.4000000000001
8185 0.7413767377294824 818.5
8186 0.7414199544366059 818.6
8187 0.7414634282100599 818.7
8188 0.7415072989687101 818.8000000000001
8189 0.7415516096627222 818.9000000000001
8190 0.741594804599623 819
8191 0.7416376771034769 819.1
8192 0.7416806988845882 819.2
8193 0.7417238254226839 819.3000000000001
8194 0.7417671324568686 819.4000000000001
8195 0.7418104072071926 819.5
8196 0.7418533969907033 819.6
8197 0.7418957691298589 819.7
8198 0.7419381401610033 819.8000000000001
8199 0.7419812469760211 819.9000000000001
8200 0.7420237519432786 820
8201 0.7420669469679528 820.1
8202 0.7421105430502837 820.2
8203 0.7421530056708211 820.3000000000001
8204 0.7421951373317379 820.4000000000001
8205 0.7422370868846553 820.5
8206 0.7422765165679615 820.6
8207 0.7423144157393201 820.7
8208 0.7423525796355923 820.8000000000001
8209 0.7423912514883526 820.9000000000001
8210 0.7424308025069776 821
8211 0.7424715707598837 821.1
8212 0.7425137012991936 821.2
8213 0.7425569672552896 821.3000000000001
8214 0.7425980391315885 821.4000000000001
8215 0.7426409990964903 821.5
8216 0.7426827672149657 821.6
8217 0.742725403468807 821.7
8218 0.7427659894779973 821.8000000000001
8219 0.7428051668811405 821.9000000000001
8220 0.7428419762780575 822
8221 0.7428774278268749 822.1
8222 0.7429112586969405 822.2
8223 0.7429439765630546 822.3000000000001
8224 0.7429745474326888 822.4000000000001
8225 0.7430020119364309 822.5
8226 0.7430292037269763 822.6
8227 0.7430595089017802 822.7
8228 0.7430925488975977 822.8000000000001
8229 0.7431261431482119 822.9000000000001
8230 0.7431593676575039 823
8231 0.7431932252073926 823.1
8232 0.7432286279492935 823.2
8233 0.7432649869673801 823.3000000000001
8234 0.7433021989374654 823.4000000000001
8235 0.7433403265979637 823.5
8236 0.7433794677241784 823.6
8237 0.7434196998365949 823.7
8238 0.7434608811905027 823.8000000000001
8239 0.7435029327523047 823.9000000000001
8240 0.7435447799900488 824
8241 0.7435856210265034 824.1
8242 0.7436267209133031 824.2
8243 0.7436683073966488 824.3000000000001
8244 0.7437102770526883 824.4000000000001
8245 0.7437527325403281 824.5
8246 0.7437941810913935 824.6
8247 0.7438355866297648 824.7
8248 0.7438771694929246 824.8000000000001
8249 0.7439188935962662 824.9000000000001
8250 0.743960772034153 825
8251 0.7440028301160783 825.1
8252 0.7440451137156876 825.2
8253 0.7440876831310617 825.3000000000001
8254 0.7441305866230036 825.4000000000001
8255 0.7441738398060423 825.5
8256 0.7442175128092597 825.6
8257 0.7442614550093084 825.7
8258 0.7443053616847211 825.8000000000001
8259 0.744349508170045 825.9000000000001
8260 0.7443928173295328 826
8261 0.7444358540282725 826.1
8262 0.744477710921888 826.2
8263 0.7445189846508594 826.3000000000001
8264 0.7445605288190527 826.4000000000001
8265 0.7446023865192003 826.5
8266 0.7446443375561133 826.6
8267 0.7446859219404113 826.7
8268 0.7447277321847493 826.8000000000001
8269 0.7447695622200053 826.9000000000001
8270 0.7448104071427613 827
8271 0.7448500539403967 827.1
8272 0.7448895806245441 827.2
8273 0.7449289433913457 827.3000000000001
8274 0.7449681214589393 827.4000000000001
8275 0.7450070945831221 827.5
8276 0.7450459157347762 827.6
8277 0.7450846754628498 827.7
8278 0.7451234802949328 827.8000000000001
8279 0.745162441552354 827.9000000000001
8280 0.745201662972415 828
8281 0.7452402055472497 828.1
8282 0.7452773445683886 828.2
8283 0.7453147038699518 828.3000000000001
8284 0.7453522561997556 828.4000000000001
8285 0.7453900209391631 828.5
8286 0.7454279947818186 828.6
8287 0.7454661728956216 828.7
8288 0.7455045498616304 828.8000000000001
8289 0.7455431241390867 828.9000000000001
8290 0.7455818744250002 829
8291 0.7456208397297024 829.1
8292 0.7456600268227846 829.2
8293 0.7456994177141447 829.3000000000001
8294 0.7457389950293132 829.4000000000001
8295 0.745778757965755 829.5
8296 0.7458187458577678 829.6
8297 0.7458590094558577 829.7
8298 0.7458996986204126 829.8000000000001
8299 0.7459408634634447 829.9000000000001
8300 0.7459825160458081 830
8301 0.7460247549480782 830.1
8302 0.7460676337019225 830.2
8303 0.7461097753831699 830.3000000000001
8304 0.7461512954444538 830.4000000000001
8305 0.7461932310231758 830.5
8306 0.7462354779273814 830.6
8307 0.7462779744557937 830.7
8308 0.7463203522420895 830.8000000000001
8309 0.7463624239024561 830.9000000000001
8310 0.7464049059174028 831
8311 0.7464475197793971 831.1
8312 0.74649037472242 831.2
8313 0.7465335330146612 831.3000000000001
8314 0.7465769842258041 831.4000000000001
8315 0.7466207617914864 831.5
8316 0.7466637039828342 831.6
8317 0.7467071665438899 831.7
8318 0.7467499578652961 831.8000000000001
8319 0.7467912627581059 831.9000000000001
8320 0.7468328524016112 832
8321 0.746874746868863 832.1
8322 0.7469169670584713 832.2
8323 0.7469595351785286 832.3000000000001
8324 0.7470011410701167 832.4000000000001
8325 0.7470426721668826 832.5
8326 0.7470844973479078 832.6
8327 0.7471265960124592 832.7
8328 0.747168938162323 832.8000000000001
8329 0.7472080438987726 832.9000000000001
8330 0.7472476854829102 833
8331 0.7472878025519812 833.1
8332 0.7473283308739866 833.2
8333 0.7473692235237092 833.3000000000001
8334 0.7474104405266698 833.4000000000001
8335 0.7474519617380172 833.5
8336 0.7474937706240458 833.6
8337 0.7475358436772922 833.7
8338 0.7475781481698197 833.8000000000001
8339 0.7476206620002639 833.9000000000001
8340 0.7476633764368815 834
8341 0.7477063237393301 834.1
8342 0.7477495602707152 834.2
8343 0.7477922954110584 834.3000000000001
8344 0.7478348256020194 834.4000000000001
8345 0.7478766248198191 834.5
8346 0.7479148012380575 834.6
8347 0.7479533108026712 834.7
8348 0.7479921881613109 834.8000000000001
8349 0.748031421189031 834.9000000000001
8350 0.7480709914115159 835
8351 0.7481108530840167 835.1
8352 0.7481509476608024 835.2
8353 0.7481912724220643 835.3000000000001
8354 0.7482318125978944 835.4000000000001
8355 0.748272544392701 835.5
8356 0.7483133592615605 835.6
8357 0.7483543234385993 835.7
8358 0.7483953335515279 835.8000000000001
8359 0.7484364164064808 835.9000000000001
8360 0.7484774673415057 836
8361 0.7485187455384776 836.1
8362 0.7485601728067094 836.2
8363 0.7486008600777183 836.3000000000001
8364 0.7486399577553707 836.4000000000001
8365 0.7486787664602436 836.5
8366 0.7487173409604835 836.6
8367 0.748755867009208 836.7
8368 0.7487944059070576 836.8000000000001
8369 0.7488330443867525 836.9000000000001
8370 0.7488718616018231 837
8371 0.7489110093457787 837.1
8372 0.7489506388519682 837.2
8373 0.7489907663556059 837.3000000000001
8374 0.7490313035050521 837.4000000000001
8375 0.7490716608419947 837.5
8376 0.7491103299242534 837.6
8377 0.7491490563923294 837.7
8378 0.7491877381089866 837.8000000000001
8379 0.7492262700512561 837.9000000000001
8380 0.7492647032917134 838
8381 0.7493030229196358 838.1
8382 0.7493411613715635 838.2
8383 0.7493790471947331 838.3000000000001
8384 0.7494169661481418 838.4000000000001
8385 0.7494549870944051 838.5
8386 0.7494931544991652 838.6
8387 0.7495308696609599 838.7
8388 0.749568916432141 838.8000000000001
8389 0.7496077082783863 838.9000000000001
8390 0.7496470954256218 839
8391 0.749687082444108 839.1
8392 0.7497276620791004 839.2
8393 0.7497690632862078 839.3000000000001
8394 0.7498111302924271 839.4000000000001
8395 0.7498539597400121 839.5
8396 0.749897510707351 839.6
8397 0.7499419484537403 839.7
8398 0.7499865498622069 839.8000000000001
8399 0.7500311957138787 839.9000000000001
8400 0.7500764322505329 840
8401 0.7501220245377769 840.1
8402 0.7501675618163902 840.2
8403 0.7502124462037608 840.3000000000001
8404 0.7502569229457798 840.4000000000001
8405 0.7503013910831243 840.5
8406 0.7503457650458093 840.6
8407 0.7503899645843912 840.7
8408 0.750433192949049 840.8000000000001
8409 0.750475660874898 840.9000000000001
8410 0.7505179010916903 841
8411 0.7505599763651911 841.1
8412 0.7506018775018005 841.2
8413 0.7506429946641804 841.3000000000001
8414 0.7506841899907462 841.4000000000001
8415 0.7507233745721423 841.5
8416 0.7507625776553554 841.6
8417 0.7508017755878464 841.7
8418 0.7508409246045121 841.8000000000001
8419 0.7508800604589849 841.9000000000001
8420 0.750919201724997 842
8421 0.7509582879311102 842.1
8422 0.7509973235488508 842.2
8423 0.7510362465158602 842.3000000000001
8424 0.7510747648063266 842.4000000000001
8425 0.751113192117794 842.5
8426 0.7511516435012984 842.6
8427 0.7511903970632721 842.7
8428 0.7512295579934468 842.8000000000001
8429 0.7512692141857507 842.9000000000001
8430 0.7513094362119896 843
8431 0.7513502157615294 843.1
8432 0.7513899125605432 843.2
8433 0.7514287132455872 843.3000000000001
8434 0.7514685738949721 843.4000000000001
8435 0.7515077851174182 843.5
8436 0.7515459088587345 843.6
8437 0.7515842100509147 843.7
8438 0.7516230727920019 843.8000000000001
8439 0.7516624569361308 843.9000000000001
8440 0.7517022633170931 844
8441 0.751741867191609 844.1
8442 0.7517806415375828 844.2
8443 0.7518198588350244 844.3000000000001
8444 0.7518595420232107 844.4000000000001
8445 0.7518996315850121 844.5
8446 0.7519401772652105 844.6
8447 0.751981277604252 844.7
8448 0.752022916133355 844.8000000000001
8449 0.7520650402996181 844.9000000000001
8450 0.75210754106873 845
8451 0.7521502364384952 845.1
8452 0.7521929736726374 845.2
8453 0.7522357220220535 845.3000000000001
8454 0.752277798748746 845.4000000000001
8455 0.752318823422645 845.5
8456 0.7523597006987258 845.6
8457 0.7524004024933157 845.7
8458 0.7524405837078491 845.8000000000001
8459 0.752480725747211 845.9000000000001
8460 0.7525209911726123 846
8461 0.7525614278594904 846.1
8462 0.7526021983917798 846.2
8463 0.7526433877817948 846.3000000000001
8464 0.752683803684472 846.4000000000001
8465 0.7527234952212447 846.5
8466 0.7527634065795447 846.6
8467 0.752802524220473 846.7
8468 0.752841729331762 846.8000000000001
8469 0.7528812182760874 846.9000000000001
8470 0.7529210146030332 847
8471 0.7529611285712325 847.1
8472 0.7530016324458535 847.2
8473 0.7530426122734921 847.3000000000001
8474 0.7530841978171274 847.4000000000001
8475 0.7531253641856309 847.5
8476 0.7531659707024703 847.6
8477 0.7532070097603999 847.7
8478 0.753248481613543 847.8000000000001
8479 0.7532894871481199 847.9000000000001
8480 0.7533306438484841 848
8481 0.7533719643650787 848.1
8482 0.7534127202630206 848.2
8483 0.753453497152521 848.3000000000001
8484 0.7534943272060609 848.4000000000001
8485 0.7535350981423951 848.5
8486 0.7535754885608644 848.6
8487 0.7536157190237261 848.7
8488 0.7536552772363111 848.8000000000001
8489 0.7536933193981612 848.9000000000001
8490 0.7537311027108173 849
8491 0.7537686216323042 849.1
8492 0.7538060028686903 849.2
8493 0.7538433595399746 849.3000000000001
8494 0.7538808110468048 849.4000000000001
8495 0.7539184914503014 849.5
8496 0.7539563971096046 849.6
8497 0.7539947396473177 849.7
8498 0.7540336020153514 849.8000000000001
8499 0.7540728752469553 849.9000000000001
8500 0.7541129737179154 850
8501 0.7541541162185631 850.1
8502 0.754196266938436 850.2
8503 0.7542396862272813 850.3000000000001
8504 0.7542845032222623 850.4000000000001
8505 0.7543306828196178 850.5
8506 0.7543780989544316 850.6
8507 0.7544264909134252 850.7
8508 0.7544754811503729 850.8000000000001
8509 0.7545231310409465 850.9000000000001
8510 0.7545699358777186 851
8511 0.7546172230449905 851.1
8512 0.7546633747890081 851.2
8513 0.7547077987842749 851.3000000000001
8514 0.754751355656326 851.4000000000001
8515 0.7547952102131467 851.5
8516 0.754839327770697 851.6
8517 0.7548837323174737 851.7
8518 0.7549284513986356 851.8000000000001
8519 0.7549734183569682 851.9000000000001
8520 0.7550185888634584 852
8521 0.7550633489436497 852.1
8522 0.7551073279938232 852.2
8523 0.7551514124227924 852.3000000000001
8524 0.7551954866167498 852.4000000000001
8525 0.7552392171584499 852.5
8526 0.7552824491204225 852.6
8527 0.7553251859504908 852.7
8528 0.7553666637190648 852.8000000000001
8529 0.7554064095438152 852.9000000000001
8530 0.7554454324600915 853
8531 0.7554835371791691 853.1
8532 0.755521020622303 853.2
8533 0.7555581653501987 853.3000000000001
8534 0.7555953480127249 853.4000000000001
8535 0.7556298870045598 853.5
8536 0.7556630018002604 853.6
8537 0.755697068296852 853.7
8538 0.7557322375125582 853.8000000000001
8539 0.7557684517115949 853.9000000000001
8540 0.7558055871493403 854
8541 0.7558432064309923 854.1
8542 0.7558810610010452 854.2
8543 0.7559171424461355 854.3000000000001
8544 0.7559532099911943 854.4000000000001
8545 0.7559895907043204 854.5
8546 0.7560263576431463 854.6
8547 0.7560625419085183 854.7
8548 0.7560982011866144 854.8000000000001
8549 0.7561344682236742 854.9000000000001
8550 0.7561714468412227 855
8551 0.7562093855442659 855.1
8552 0.7562483071493687 855.2
8553 0.7562880299589961 855.3000000000001
8554 0.7563281720084751 855.4000000000001
8555 0.7563669424653149 855.5
8556 0.7564041297405162 855.6
8557 0.7564411050421118 855.7
8558 0.7564778118481951 855.8000000000001
8559 0.7565146233606278 855.9000000000001
8560 0.7565517919980339 856
8561 0.7565896038562445 856.1
8562 0.7566282516351608 856.2
8563 0.7566678011210334 856.3000000000001
8564 0.7567084352067968 856.4000000000001
8565 0.7567499618917201 856.5
8566 0.7567920012211318 856.6
8567 0.7568320003170301 856.7
8568 0.7568716232362809 856.8000000000001
8569 0.7569115531761862 856.9000000000001
8570 0.7569518669229298 857
8571 0.7569925956650844 857.1
8572 0.7570340973204377 857.2
8573 0.7570766031703964 857.3000000000001
8574 0.7571203031718121 857.4000000000001
8575 0.757165284454975 857.5
8576 0.7572113046687865 857.6
8577 0.7572574045960317 857.7
8578 0.7573002908070413 857.8000000000001
8579 0.7573402340614914 857.9000000000001
8580 0.7573798042473614 858
8581 0.7574190398768833 858.1
8582 0.7574578263370247 858.2
8583 0.7574964938349511 858.3000000000001
8584 0.7575354212436695 858.4000000000001
8585 0.7575751403209758 858.5
8586 0.757615879905402 858.6
8587 0.7576576702671495 858.7
8588 0.7577003036635505 858.8000000000001
8589 0.7577433337373125 858.9000000000001
8590 0.7577850841950833 859
8591 0.7578257235175849 859.1
8592 0.7578662397108922 859.2
8593 0.7579068570233672 859.3000000000001
8594 0.7579476708038391 859.4000000000001
8595 0.7579888489629751 859.5
8596 0.7580305696530782 859.6
8597 0.7580730065204129 859.7
8598 0.7581162620723306 859.8000000000001
8599 0.7581604173394405 859.9000000000001
8600 0.7582052042522588 860
8601 0.758250300220019 860.1
8602 0.7582953006088357 860.2
8603 0.7583381557040143 860.3000000000001
8604 0.7583806364782484 860.4000000000001
8605 0.7584216313020382 860.5
8606 0.758462734162084 860.6
8607 0.758504129489863 860.7
8608 0.7585458756574344 860.8000000000001
8609 0.7585851293626481 860.9000000000001
8610 0.7586252713012318 861
8611 0.7586664494373748 861.1
8612 0.7587079878487651 861.2
8613 0.7587493315577238 861.3000000000001
8614 0.7587911692888626 861.4000000000001
8615 0.7588330953875788 861.5
8616 0.7588740945515425 861.6
8617 0.7589139095842047 861.7
8618 0.7589521184164258 861.8000000000001
8619 0.7589896564699348 861.9000000000001
8620 0.7590268356311423 862
8621 0.7590640440911898 862.1
8622 0.7591014474350053 862.2
8623 0.7591391621887698 862.3000000000001
8624 0.759177402138815 862.4000000000001
8625 0.7592163405827748 862.5
8626 0.7592562109000823 862.6
8627 0.759297035912978 862.7
8628 0.7593387217235369 862.8000000000001
8629 0.7593811112503466 862.9000000000001
8630 0.7594239262884829 863
8631 0.759466736572919 863.1
8632 0.7595094077328145 863.2
8633 0.7595499897347532 863.3000000000001
8634 0.7595898470847827 863.4000000000001
8635 0.7596293560234063 863.5
8636 0.7596674533024942 863.6
8637 0.7597033137952416 863.7
8638 0.7597391135526901 863.8000000000001
8639 0.7597757349824623 863.9000000000001
8640 0.7598117842581321 864
8641 0.7598479424143805 864.1
8642 0.7598849452522984 864.2
8643 0.7599228604488538 864.3000000000001
8644 0.7599616101795407 864.4000000000001
8645 0.7600011756250091 864.5
8646 0.7600416695641071 864.6
8647 0.7600827844917675 864.7
8648 0.7601243487301166 864.8000000000001
8649 0.7601660989747219 864.9000000000001
8650 0.7602069552319858 865
8651 0.7602440810387154 865.1
8652 0.7602799860765096 865.2
8653 0.7603154260633221 865.3000000000001
8654 0.7603508789904796 865.4000000000001
8655 0.7603866218689244 865.5
8656 0.7604229187873337 865.6
8657 0.7604600257213903 865.7
8658 0.7604981032820652 865.8000000000001
8659 0.7605359472043381 865.9000000000001
8660 0.7605741693397327 866
8661 0.7606131670677213 866.1
8662 0.7606530219828156 866.2
8663 0.7606936139052043 866.3000000000001
8664 0.7607347894177435 866.4000000000001
8665 0.7607766592515235 866.5
8666 0.7608194522406102 866.6
8667 0.7608631598234493 866.7
8668 0.7609077067663272 866.8000000000001
8669 0.7609528962108467 866.9000000000001
8670 0.7609968238733633 867
8671 0.7610407909445145 867.1
8672 0.761084607414397 867.2
8673 0.7611271736151118 867.3000000000001
8674 0.7611683267304233 867.4000000000001
8675 0.7612090160434225 867.5
8676 0.7612482388459816 867.6
8677 0.7612865063555764 867.7
8678 0.7613247169869092 867.8000000000001
8679 0.7613624514653919 867.9000000000001
8680 0.7614002475242387 868
8681 0.7614382288471642 868.1
8682 0.761476490204148 868.2
8683 0.7615151024402188 868.3000000000001
8684 0.7615539631548779 868.4000000000001
8685 0.7615929523107328 868.5
8686 0.7616324826779771 868.6
8687 0.7616726956775783 868.7
8688 0.7617136181971671 868.8000000000001
8689 0.7617554626144996 868.9000000000001
8690 0.7617983946711061 869
8691 0.7618406422487104 869.1
8692 0.7618831217495882 869.2
8693 0.7619262064610236 869.3000000000001
8694 0.7619697496428076 869.4000000000001
8695 0.762013163016074 869.5
8696 0.7620534581194862 869.6
8697 0.7620931565206251 869.7
8698 0.7621326190631715 869.8000000000001
8699 0.7621705026445452 869.9000000000001
8700 0.7622069578867628 870
8701 0.7622429651975723 870.1
8702 0.762279345201522 870.2
8703 0.762316200238925 870.3000000000001
8704 0.7623536137999559 870.4000000000001
8705 0.7623916382794936 870.5
8706 0.7624302790479405 870.6
8707 0.7624695410335304 870.7
8708 0.7625094378979301 870.8000000000001
8709 0.7625495700702314 870.9000000000001
8710 0.7625900440118186 871
8711 0.7626310447038102 871.1
8712 0.762672575962418 871.2
8713 0.7627149187208029 871.3000000000001
8714 0.7627581326855791 871.4000000000001
8715 0.7628022042463594 871.5
8716 0.7628467654012068 871.6
8717 0.762891850904166 871.7
8718 0.7629375021739269 871.8000000000001
8719 0.7629835274746618 871.9000000000001
8720 0.7630297907200647 872
8721 0.7630758027969016 872.1
8722 0.7631205308629805 872.2
8723 0.7631642427231577 872.3000000000001
8724 0.7632063436400814 872.4000000000001
8725 0.763248523859956 872.5
8726 0.7632909175344625 872.6
8727 0.7633331934599304 872.7
8728 0.7633732857830501 872.8000000000001
8729 0.7634118267630379 872.9000000000001
8730 0.7634506248500864 873
8731 0.763489667781991 873.1
8732 0.7635283785767853 873.2
8733 0.7635671910948537 873.3000000000001
8734 0.7636059656404531 873.4000000000001
8735 0.7636446338342823 873.5
8736 0.7636811208784217 873.6
8737 0.7637161795830588 873.7
8738 0.7637514251716728 873.8000000000001
8739 0.7637867548436841 873.9000000000001
8740 0.7638222677745894 874
8741 0.7638579975032769 874.1
8742 0.7638939697341052 874.2
8743 0.7639300604317628 874.3000000000001
8744 0.7639664183545427 874.4000000000001
8745 0.764003035413396 874.5
8746 0.7640398352078374 874.6
8747 0.7640769236674746 874.7
8748 0.7641142915209145 874.8000000000001
8749 0.7641520315790522 874.9000000000001
8750 0.7641902604097019 875
8751 0.7642290276731867 875.1
8752 0.7642683851125358 875.2
8753 0.7643083879775914 875.3000000000001
8754 0.7643490888199828 875.4000000000001
8755 0.7643905251799653 875.5
8756 0.7644327090539773 875.6
8757 0.7644750639943656 875.7
8758 0.7645177961740638 875.8000000000001
8759 0.7645610719770345 875.9000000000001
8760 0.7646042340081205 876
8761 0.764646857433696 876.1
8762 0.7646894178344892 876.2
8763 0.7647300089041563 876.3000000000001
8764 0.7647699828354014 876.4000000000001
8765 0.7648098227548422 876.5
8766 0.7648499870298936 876.6
8767 0.7648894270851476 876.7
8768 0.764929041589949 876.8000000000001
8769 0.7649685567401912 876.9000000000001
8770 0.7650081838390059 877
8771 0.7650479245908496 877.1
8772 0.7650877011031642 877.2
8773 0.7651272859732133 877.3000000000001
8774 0.7651657385751788 877.4000000000001
8775 0.7652042023114632 877.5
8776 0.7652426941525546 877.6
8777 0.765281236966057 877.7
8778 0.7653198616832024 877.8000000000001
8779 0.7653586077504225 877.9000000000001
8780 0.7653975189408798 878
8781 0.7654366300804366 878.1
8782 0.7654759801613534 878.2
8783 0.7655156183768903 878.3000000000001
8784 0.7655556029551462 878.4000000000001
8785 0.7655960032180121 878.5
8786 0.7656368977431538 878.6
8787 0.7656783583047114 878.7
8788 0.765719904671841 878.8000000000001
8789 0.7657612188804865 878.9000000000001
8790 0.7658032101095171 879
8791 0.7658456842877532 879.1
8792 0.7658842893961597 879.2
8793 0.7659225430248104 879.3000000000001
8794 0.7659608580795344 879.4000000000001
8795 0.7659991710174973 879.5
8796 0.7660374421373624 879.6
8797 0.7660741882215301 879.7
8798 0.7661103300064451 879.8000000000001
8799 0.7661465240067581 879.9000000000001
8800 0.7661826577614258 880
8801 0.7662190307904116 880.1
8802 0.7662557344435231 880.2
8803 0.7662927701841737 880.3000000000001
8804 0.7663302047029469 880.4000000000001
8805 0.7663681401337107 880.5
8806 0.7664066315917358 880.6
8807 0.7664457081552701 880.7
8808 0.7664851217866404 880.8000000000001
8809 0.7665251906816419 880.9000000000001
8810 0.7665659930061778 881
8811 0.7666075587189223 881.1
8812 0.7666499106492364 881.2
8813 0.7666930703351951 881.3000000000001
8814 0.7667370016739867 881.4000000000001
8815 0.766781555188919 881.5
8816 0.7668265058290993 881.6
8817 0.7668712825998562 881.7
8818 0.766914732231996 881.8000000000001
8819 0.7669570752105572 881.9000000000001
8820 0.7669989235806454 882
8821 0.7670398713105174 882.1
8822 0.7670801378704741 882.2
8823 0.7671200191614315 882.3000000000001
8824 0.767158683012653 882.4000000000001
8825 0.7671969608215792 882.5
8826 0.7672355236050852 882.6
8827 0.7672745848423865 882.7
8828 0.7673142725903073 882.8000000000001
8829 0.7673545509314791 882.9000000000001
8830 0.7673935371787926 883
8831 0.7674318998638848 883.1
8832 0.7674710084218844 883.2
8833 0.7675108201983627 883.3000000000001
8834 0.7675480933241222 883.4000000000001
8835 0.767586620244925 883.5
8836 0.7676250282575008 883.6
8837 0.7676637751757989 883.7
8838 0.7677033823773943 883.8000000000001
8839 0.767743694271499 883.9000000000001
8840 0.7677845118297777 884
8841 0.7678255527894039 884.1
8842 0.7678665297838164 884.2
8843 0.7679056787834388 884.3000000000001
8844 0.7679443795059527 884.4000000000001
8845 0.7679827897812163 884.5
8846 0.7680209159783373 884.6
8847 0.7680588607869621 884.7
8848 0.7680967817155702 884.8000000000001
8849 0.7681348609921881 884.9000000000001
8850 0.7681732633419928 885
8851 0.7682121222694375 885.1
8852 0.7682515005909055 885.2
8853 0.7682914418900173 885.3000000000001
8854 0.7683320202009488 885.4000000000001
8855 0.768373178208705 885.5
8856 0.7684131151989574 885.6
8857 0.768452869496559 885.7
8858 0.7684929919920329 885.8000000000001
8859 0.7685334020119641 885.9000000000001
8860 0.7685737104148836 886
8861 0.7686141240055347 886.1
8862 0.7686548598721642 886.2
8863 0.7686958134065209 886.3000000000001
8864 0.7687368806750275 886.4000000000001
8865 0.7687778949082156 886.5
8866 0.7688181753983429 886.6
8867 0.7688561770723992 886.7
8868 0.7688918785580285 886.8000000000001
8869 0.7689269542775038 886.9000000000001
8870 0.7689603718743933 887
8871 0.7689932956422929 887.1
8872 0.7690258453002325 887.2
8873 0.7690581542917448 887.3000000000001
8874 0.7690903629517856 887.4000000000001
8875 0.7691221060364466 887.5
8876 0.7691535435426567 887.6
8877 0.7691853873554427 887.7
8878 0.7692177349439996 887.8000000000001
8879 0.7692506820819484 887.9000000000001
8880 0.7692843315680777 888
8881 0.7693187499902264 888.1
8882 0.7693538111156321 888.2
8883 0.7693896536191166 888.3000000000001
8884 0.7694254297012072 888.4000000000001
8885 0.7694620153099826 888.5
8886 0.7694992108515959 888.6
8887 0.7695367601413626 888.7
8888 0.7695744022868005 888.8000000000001
8889 0.7696096281912972 888.9000000000001
8890 0.7696447324999954 889
8891 0.7696795690857078 889.1
8892 0.769714185820713 889.2
8893 0.7697487201040653 889.3000000000001
8894 0.7697833305073734 889.4000000000001
8895 0.7698182127227687 889.5
8896 0.7698535770890853 889.6
8897 0.769889617598136 889.7
8898 0.7699265423034483 889.8000000000001
8899 0.7699645336985859 889.9000000000001
8900 0.7700037560817471 890
8901 0.7700443482674147 890.1
8902 0.7700864212093333 890.2
8903 0.7701300301340519 890.3000000000001
8904 0.7701751656918666 890.4000000000001
8905 0.7702217277739846 890.5
8906 0.7702694461032333 890.6
8907 0.7703179563380559 890.7
8908 0.7703660427654926 890.8000000000001
8909 0.7704128616853123 890.9000000000001
8910 0.7704585721000485 891
8911 0.7705036387045634 891.1
8912 0.7705481561322675 891.2
8913 0.7705911670210479 891.3000000000001
8914 0.7706329406719301 891.4000000000001
8915 0.7706743691903204 891.5
8916 0.7707155596095043 891.6
8917 0.7707565872308088 891.7
8918 0.7707975176865133 891.8000000000001
8919 0.7708384994449677 891.9000000000001
8920 0.7708787179528255 892
8921 0.7709183037068239 892.1
8922 0.7709576328914965 892.2
8923 0.7709977848679799 892.3000000000001
8924 0.7710383213103138 892.4000000000001
8925 0.7710792389042915 892.5
8926 0.7711204538512892 892.6
8927 0.7711587976568237 892.7
8928 0.7711963858517072 892.8000000000001
8929 0.7712338687944282 892.9000000000001
8930 0.7712695260458249 893
8931 0.7713044716801639 893.1
8932 0.7713381833047415 893.2
8933 0.7713717794809878 893.3000000000001
8934 0.7714052792728797 893.4000000000001
8935 0.7714387711797288 893.5
8936 0.7714724439673278 893.6
8937 0.7715064040937137 893.7
8938 0.7715407218513257 893.8000000000001
8939 0.7715754741907892 893.9000000000001
8940 0.771610748783975 894
8941 0.7716466486269827 894.1
8942 0.7716832151729018 894.2
8943 0.77172047031179 894.3000000000001
8944 0.7717583743942843 894.4000000000001
8945 0.7717968665051977 894.5
8946 0.7718358503495611 894.6
8947 0.7718750177336883 894.7
8948 0.7719143130582936 894.8000000000001
8949 0.7719519019873606 894.9000000000001
8950 0.7719889609272774 895
8951 0.7720235362612333 895.1
8952 0.7720575253226921 895.2
8953 0.7720911486852773 895.3000000000001
8954 0.7721245501745201 895.4000000000001
8955 0.7721579340987337 895.5
8956 0.7721915268702619 895.6
8957 0.7722250563644055 895.7
8958 0.7722587285114501 895.8000000000001
8959 0.7722932152192931 895.9000000000001
8960 0.77232846306727 896
8961 0.7723637267133744 896.1
8962 0.7723997553435664 896.2
8963 0.772436837060802 896.3000000000001
8964 0.7724749181407651 896.4000000000001
8965 0.7725138685649136 896.5
8966 0.7725530069006532 896.6
8967 0.7725912539898481 896.7
8968 0.77263001750203 896.8000000000001
8969 0.7726690881183064 896.9000000000001
8970 0.7727082350087437 897
8971 0.7727470452937183 897.1
8972 0.7727853804753844 897.2
8973 0.7728225666941421 897.3000000000001
8974 0.772858723125886 897.4000000000001
8975 0.772895001840413 897.5
8976 0.7729315634993923 897.6
8977 0.772968554149405 897.7
8978 0.7730061914092322 897.8000000000001
8979 0.7730445993708089 897.9000000000001
8980 0.7730820363490151 898
8981 0.7731199068204078 898.1
8982 0.7731579982864242 898.2
8983 0.7731967556607228 898.3000000000001
8984 0.7732362212639001 898.4000000000001
8985 0.7732764215803924 898.5
8986 0.7733173927712578 898.6
8987 0.7733591585194427 898.7
8988 0.7734016433575776 898.8000000000001
8989 0.7734447000731783 898.9000000000001
8990 0.7734886733220642 899
8991 0.7735334824330861 899.1
8992 0.7735789435756901 899.2
8993 0.7736230300536705 899.3000000000001
8994 0.7736661462427713 899.4000000000001
8995 0.7737071645765458 899.5
8996 0.7737470444694917 899.6
8997 0.7737864426187613 899.7
8998 0.7738255291302455 899.8000000000001
8999 0.7738645981199742 899.9000000000001
9000 0.7739038256657802 900
9001 0.7739434245798938 900.1
9002 0.7739835536890772 900.2
9003 0.7740242756132949 900.3000000000001
9004 0.7740655144784582 900.4000000000001
9005 0.774107164916044 900.5
9006 0.7741491162983517 900.6
9007 0.7741912118630055 900.7
9008 0.7742331910404363 900.8000000000001
9009 0.7742748045950635 900.9000000000001
9010 0.7743148103084856 901
9011 0.7743520001685944 901.1
9012 0.7743872282282422 901.2
9013 0.7744228801828869 901.3000000000001
9014 0.7744589219971127 901.4000000000001
9015 0.7744948962141737 901.5
9016 0.7745303918929052 901.6
9017 0.7745655608468381 901.7
9018 0.7745988393387052 901.8000000000001
9019 0.7746319947255401 901.9000000000001
9020 0.7746645423265569 902
9021 0.7746956842601438 902.1
9022 0.774726740513514 902.2
9023 0.7747579914445455 902.3000000000001
9024 0.7747895894002883 902.4000000000001
9025 0.7748216697182476 902.5
9026 0.7748543422129336 902.6
9027 0.7748876102731096 902.7
9028 0.7749215177383583 902.8000000000001
9029 0.7749555372661695 902.9000000000001
9030 0.7749902004650666 903
9031 0.7750256178040454 903.1
9032 0.775061781800253 903.2
9033 0.775098682284636 903.3000000000001
9034 0.7751363173693687 903.4000000000001
9035 0.7751729405437043 903.5
9036 0.775209548816732 903.6
9037 0.7752468787941819 903.7
9038 0.7752850577832666 903.8000000000001
9039 0.7753241744122786 903.9000000000001
9040 0.7753641841630774 904
9041 0.775405079538919 904.1
9042 0.7754468488926362 904.2
9043 0.7754891786896353 904.3000000000001
9044 0.7755313415547475 904.4000000000001
9045 0.7755733091737443 904.5
9046 0.7756123220108464 904.6
9047 0.7756503282724772 904.7
9048 0.7756881053535777 904.8000000000001
9049 0.7757257380328754 904.9000000000001
9050 0.7757633015437879 905
9051 0.7758008681477209 905.1
9052 0.7758385414710685 905.2
9053 0.7758763042208094 905.3000000000001
9054 0.7759141387762503 905.4000000000001
9055 0.7759524134135583 905.5
9056 0.7759900357475887 905.6
9057 0.7760278293978102 905.7
9058 0.7760662657766794 905.8000000000001
9059 0.7761053570944437 905.9000000000001
9060 0.7761448697420448 906
9061 0.7761849565592081 906.1
9062 0.7762234772225298 906.2
9063 0.7762627261767525 906.3000000000001
9064 0.7763026882942371 906.4000000000001
9065 0.7763431830875539 906.5
9066 0.7763844307377959 906.6
9067 0.7764263886398628 906.7
9068 0.7764689920472323 906.8000000000001
9069 0.7765121096466719 906.9000000000001
9070 0.7765556622360668 907
9071 0.7765995032868183 907.1
9072 0.7766435321568342 907.2
9073 0.7766868002538485 907.3000000000001
9074 0.7767294623098713 907.4000000000001
9075 0.7767719753260462 907.5
9076 0.7768138512414465 907.6
9077 0.7768552429344571 907.7
9078 0.776896330611191 907.8000000000001
9079 0.7769373937274823 907.9000000000001
9080 0.7769781040530948 908
9081 0.7770162816180217 908.1
9082 0.7770542502821272 908.2
9083 0.7770920756918326 908.3000000000001
9084 0.7771281835603392 908.4000000000001
9085 0.7771635941029149 908.5
9086 0.7771987983956855 908.6
9087 0.7772336445558724 908.7
9088 0.7772680760948323 908.8000000000001
9089 0.777302035674818 908.9000000000001
9090 0.777335580192839 909
9091 0.777366087926424 909.1
9092 0.7773948787625224 909.2
9093 0.777424395615378 909.3000000000001
9094 0.7774546761709398 909.4000000000001
9095 0.7774857291899805 909.5
9096 0.7775173497955182 909.6
9097 0.7775497623626439 909.7
9098 0.7775829771024748 909.8000000000001
9099 0.7776168302511474 909.9000000000001
9100 0.7776514383579546 910
9101 0.7776869244689478 910.1
9102 0.7777233374601551 910.2
9103 0.7777607399075718 910.3000000000001
9104 0.7777991983976289 910.4000000000001
9105 0.7778387215023455 910.5
9106 0.777879331466533 910.6
9107 0.777921096821988 910.7
9108 0.777962439563382 910.8000000000001
9109 0.7780037930612523 910.9000000000001
9110 0.7780458320124317 911
9111 0.7780878292480675 911.1
9112 0.7781281735355521 911.2
9113 0.7781674886166441 911.3000000000001
9114 0.7782056863599685 911.4000000000001
9115 0.7782442219935271 911.5
9116 0.7782829025191184 911.6
9117 0.778319773376507 911.7
9118 0.77835627814432 911.8000000000001
9119 0.7783925433186977 911.9000000000001
9120 0.7784285153515953 912
9121 0.7784641542090636 912.1
9122 0.7784993098208803 912.2
9123 0.7785342349786454 912.3000000000001
9124 0.7785692004871141 912.4000000000001
9125 0.7786043516368616 912.5
9126 0.7786397939100127 912.6
9127 0.7786756288198138 912.7
9128 0.77871186507457 912.8000000000001
9129 0.7787485537920247 912.9000000000001
9130 0.778785910326236 913
9131 0.7788240302229266 913.1
9132 0.7788629640108274 913.2
9133 0.7789027526202933 913.3000000000001
9134 0.7789419433683454 913.4000000000001
9135 0.7789803367847996 913.5
9136 0.7790179329943502 913.6
9137 0.7790560925581579 913.7
9138 0.7790947192083203 913.8000000000001
9139 0.7791337437056018 913.9000000000001
9140 0.7791731054425743 914
9141 0.7792127226010943 914.1
9142 0.7792524927215135 914.2
9143 0.7792922649059936 914.3000000000001
9144 0.7793313620624611 914.4000000000001
9145 0.7793697244397664 914.5
9146 0.7794058140527034 914.6
9147 0.7794416028418012 914.7
9148 0.7794771011324433 914.8000000000001
9149 0.7795123756261808 914.9000000000001
9150 0.7795473600504785 915
9151 0.7795823232118106 915.1
9152 0.7796175203180653 915.2
9153 0.7796533502938131 915.3000000000001
9154 0.7796899387373932 915.4000000000001
9155 0.7797273275529157 915.5
9156 0.7797654426983494 915.6
9157 0.7798039485707682 915.7
9158 0.7798431057797993 915.8000000000001
9159 0.7798816863482455 915.9000000000001
9160 0.7799207745794985 916
9161 0.7799608096429941 916.1
9162 0.7800017634456191 916.2
9163 0.7800433610752491 916.3000000000001
9164 0.7800844356191078 916.4000000000001
9165 0.7801244676005114 916.5
9166 0.7801650243690817 916.6
9167 0.7802060059074498 916.7
9168 0.780246328161003 916.8000000000001
9169 0.7802861057226601 916.9000000000001
9170 0.78032460326384 917
9171 0.7803599208010898 917.1
9172 0.7803957578231013 917.2
9173 0.7804318051738044 917.3000000000001
9174 0.7804665126907113 917.4000000000001
9175 0.7805007713333922 917.5
9176 0.7805349215445168 917.6
9177 0.7805689478066055 917.7
9178 0.7806028137781448 917.8000000000001
9179 0.7806367249959769 917.9000000000001
9180 0.7806695769176968 918
9181 0.7807015253918881 918.1
9182 0.7807339021915187 918.2
9183 0.780766835193645 918.3000000000001
9184 0.7808004104081671 918.4000000000001
9185 0.7808346979979006 918.5
9186 0.7808697345669195 918.6
9187 0.7809055798716291 918.7
9188 0.7809422224757049 918.8000000000001
9189 0.7809795901693186 918.9000000000001
9190 0.7810165992051982 919
9191 0.781053637524569 919.1
9192 0.7810893594489371 919.2
9193 0.7811253986534641 919.3000000000001
9194 0.7811617124319736 919.4000000000001
9195 0.7811982171433187 919.5
9196 0.7812348530436388 919.6
9197 0.7812715675959867 919.7
9198 0.7813083716048763 919.8000000000001
9199 0.7813452540749216 919.9000000000001
9200 0.7813821103511195 920
9201 0.7814187676701626 920.1
9202 0.7814550212587329 920.2
9203 0.7814886764376312 920.3000000000001
9204 0.7815218169809099 920.4000000000001
9205 0.7815546340591009 920.5
9206 0.7815872305252465 920.6
9207 0.7816197723787545 920.7
9208 0.7816522491987464 920.8000000000001
9209 0.7816851697571995 920.9000000000001
9210 0.7817187526592364 921
9211 0.7817518638295753 921.1
9212 0.7817854249636285 921.2
9213 0.781820031689465 921.3000000000001
9214 0.7818557377209689 921.4000000000001
9215 0.7818925194302665 921.5
9216 0.7819303922537975 921.6
9217 0.7819693020604438 921.7
9218 0.7820091985120475 921.8000000000001
9219 0.7820499881559702 921.9000000000001
9220 0.7820915729846855 922
9221 0.7821338491295142 922.1
9222 0.7821766978905407 922.2
9223 0.782218723376455 922.3000000000001
9224 0.782261206373094 922.4000000000001
9225 0.7823040709516839 922.5
9226 0.782347156053496 922.6
9227 0.7823902304998614 922.7
9228 0.7824329837719691 922.8000000000001
9229 0.7824747066272936 922.9000000000001
9230 0.7825147451729931 923
9231 0.7825541116207559 923.1
9232 0.7825925182408749 923.2
9233 0.7826300661132742 923.3000000000001
9234 0.7826669229442889 923.4000000000001
9235 0.782703298799314 923.5
9236 0.782739217444654 923.6
9237 0.7827732339394802 923.7
9238 0.7828072519961702 923.8000000000001
9239 0.7828413241040402 923.9000000000001
9240 0.7828755023915381 924
9241 0.7829098254601262 924.1
9242 0.782944295764054 924.2
9243 0.7829789137767178 924.3000000000001
9244 0.783013555328555 924.4000000000001
9245 0.7830487175823697 924.5
9246 0.7830844334245181 924.6
9247 0.7831207324687689 924.7
9248 0.7831575179914809 924.8000000000001
9249 0.783190163694058 924.9000000000001
9250 0.7832239316937001 925
9251 0.7832591050607026 925.1
9252 0.7832942514408258 925.2
9253 0.7833308507920039 925.3000000000001
9254 0.7833688093821293 925.4000000000001
9255 0.7834078996266238 925.5
9256 0.7834467630962284 925.6
9257 0.7834843408534226 925.7
9258 0.783520942822253 925.8000000000001
9259 0.7835575583330282 925.9000000000001
9260 0.7835940414586638 926
9261 0.7836303416341996 926.1
9262 0.7836664848163377 926.2
9263 0.7837024310680888 926.3000000000001
9264 0.7837384392908638 926.4000000000001
9265 0.7837747033052004 926.5
9266 0.7838107418262478 926.6
9267 0.7838447557299031 926.7
9268 0.78387844247801 926.8000000000001
9269 0.783912538647199 926.9000000000001
9270 0.7839469424417871 927
9271 0.7839817469544633 927.1
9272 0.7840167952615867 927.2
9273 0.7840518616226482 927.3000000000001
9274 0.7840872498697753 927.4000000000001
9275 0.7841230024748753 927.5
9276 0.7841591675773059 927.6
9277 0.7841957885715476 927.7
9278 0.7842328815617122 927.8000000000001
9279 0.7842704268343845 927.9000000000001
9280 0.7843083509248483 928
9281 0.7843451054257299 928.1
9282 0.7843812996077882 928.2
9283 0.7844176406568787 928.3000000000001
9284 0.784453848029529 928.4000000000001
9285 0.7844899510587779 928.5
9286 0.7845258273451891 928.6
9287 0.7845612857220546 928.7
9288 0.7845961199082689 928.8000000000001
9289 0.7846291007533098 928.9000000000001
9290 0.7846619225608047 929
9291 0.7846948325518762 929.1
9292 0.7847279107370398 929.2
9293 0.7847613375315919 929.3000000000001
9294 0.7847948222694596 929.4000000000001
9295 0.7848284654224705 929.5
9296 0.7848618506020658 929.6
9297 0.7848959076667915 929.7
9298 0.7849307045468 929.8000000000001
9299 0.7849660830526393 929.9000000000001
9300 0.785002222956162 930
9301 0.7850391983480163 930.1
9302 0.7850768187415859 930.2
9303 0.7851150152203561 930.3000000000001
9304 0.7851539368456439 930.4000000000001
9305 0.7851935311036458 930.5
9306 0.7852337325800134 930.6
9307 0.7852745389856581 930.7
9308 0.7853160224884012 930.8000000000001
9309 0.7853581877499314 930.9000000000001
9310 0.7854010111580254 931
9311 0.7854440443376548 931.1
9312 0.7854873304645656 931.2
9313 0.7855309384943431 931.3000000000001
9314 0.7855745587178098 931.4000000000001
9315 0.785617589146124 931.5
9316 0.7856593272046702 931.6
9317 0.7856999275953153 931.7
9318 0.7857390069682304 931.8000000000001
9319 0.7857776441189632 931.9000000000001
9320 0.785815731664775 932
9321 0.7858536474737957 932.1
9322 0.7858915456112485 932.2
9323 0.7859294123809916 932.3000000000001
9324 0.7859674032015218 932.4000000000001
9325 0.786005651213551 932.5
9326 0.7860419552081945 932.6
9327 0.7860738256060908 932.7
9328 0.7861064427317108 932.8000000000001
9329 0.7861397301346728 932.9000000000001
9330 0.7861736063043464 933
9331 0.7862080331377419 933.1
9332 0.7862423901078441 933.2
9333 0.7862764203581885 933.3000000000001
9334 0.7863108411180717 933.4000000000001
9335 0.7863456201036459 933.5
9336 0.7863807404649312 933.6
9337 0.7864160204695174 933.7
9338 0.7864515152701519 933.8000000000001
9339 0.7864873349668599 933.9000000000001
9340 0.7865232671180981 934
9341 0.78655936187196 934.1
9342 0.7865951415075506 934.2
9343 0.7866300137503276 934.3000000000001
9344 0.786664894940031 934.4000000000001
9345 0.786699610021504 934.5
9346 0.7867340177842191 934.6
9347 0.7867676453500052 934.7
9348 0.7868000845098483 934.8000000000001
9349 0.7868325319293514 934.9000000000001
9350 0.7868646811543555 935
9351 0.7868970851790795 935.1
9352 0.7869300195564735 935.2
9353 0.7869636663854253 935.3000000000001
9354 0.7869981476462431 935.4000000000001
9355 0.7870334788552336 935.5
9356 0.7870691147892818 935.6
9357 0.787103403595426 935.7
9358 0.7871380544984836 935.8000000000001
9359 0.7871729480262065 935.9000000000001
9360 0.78720814843465 936
9361 0.7872436213524734 936.1
9362 0.7872793286737639 936.2
9363 0.787315254151472 936.3000000000001
9364 0.7873496509346706 936.4000000000001
9365 0.787384154383465 936.5
9366 0.7874188586681529 936.6
9367 0.7874538108984102 936.7
9368 0.7874890475127305 936.8000000000001
9369 0.7875246409242469 936.9000000000001
9370 0.7875606462415048 937
9371 0.7875971106423265 937.1
9372 0.7876341032613988 937.2
9373 0.7876716277173397 937.3000000000001
9374 0.7877098061614548 937.4000000000001
9375 0.7877486673603334 937.5
9376 0.787788193742005 937.6
9377 0.7878282978074027 937.7
9378 0.7878686581418477 937.8000000000001
9379 0.7879089370551822 937.9000000000001
9380 0.7879480537489152 938
9381 0.7879874239659285 938.1
9382 0.7880268833186804 938.2
9383 0.7880667397313211 938.3000000000001
9384 0.7881070731755586 938.4000000000001
9385 0.7881473709308697 938.5
9386 0.7881859551451772 938.6
9387 0.7882235681138825 938.7
9388 0.7882615782105773 938.8000000000001
9389 0.788299483999379 938.9000000000001
9390 0.7883374746613835 939
9391 0.7883756459674499 939.1
9392 0.7884139180605202 939.2
9393 0.7884521439357428 939.3000000000001
9394 0.7884894506400835 939.4000000000001
9395 0.788525145925258 939.5
9396 0.7885602539937625 939.6
9397 0.7885950907018637 939.7
9398 0.7886296218756844 939.8000000000001
9399 0.7886638666627972 939.9000000000001
9400 0.7886980251818503 940
9401 0.7887322659101997 940.1
9402 0.7887666618196073 940.2
9403 0.7888012985688292 940.3000000000001
9404 0.7888323453552807 940.4000000000001
9405 0.7888634704481086 940.5
9406 0.78889509022874 940.6
9407 0.7889270043650314 940.7
9408 0.7889597947458248 940.8000000000001
9409 0.7889934806546461 940.9000000000001
9410 0.7890280686695222 941
9411 0.7890635710899069 941.1
9412 0.7890999571915276 941.2
9413 0.7891371551170665 941.3000000000001
9414 0.789175063782341 941.4000000000001
9415 0.7892135556085338 941.5
9416 0.7892524728157508 941.6
9417 0.7892916458473764 941.7
9418 0.7893292376376954 941.8000000000001
9419 0.7893656893094858 941.9000000000001
9420 0.7894026922110821 942
9421 0.7894402175440237 942.1
9422 0.7894781906444233 942.2
9423 0.7895154155326884 942.3000000000001
9424 0.7895520320893959 942.4000000000001
9425 0.7895888674554545 942.5
9426 0.7896258680138093 942.6
9427 0.78966285279996 942.7
9428 0.7896996140946677 942.8000000000001
9429 0.7897347849269604 942.9000000000001
9430 0.7897695860025007 943
9431 0.7898040612905638 943.1
9432 0.7898379064091393 943.2
9433 0.7898714310400792 943.3000000000001
9434 0.7899048178005977 943.4000000000001
9435 0.7899381945759455 943.5
9436 0.7899715627308965 943.6
9437 0.790005241897675 943.7
9438 0.790039092285424 943.8000000000001
9439 0.7900721667475444 943.9000000000001
9440 0.7901038757121398 944
9441 0.7901357936935696 944.1
9442 0.7901678050370454 944.2
9443 0.7901999392480008 944.3000000000001
9444 0.7902320468776859 944.4000000000001
9445 0.7902642194174377 944.5
9446 0.7902965412623977 944.6
9447 0.7903290610049618 944.7
9448 0.7903618340865343 944.8000000000001
9449 0.7903949156638248 944.9000000000001
9450 0.7904283620645376 945
9451 0.7904622332203616 945.1
9452 0.7904965967721127 945.2
9453 0.7905315426209401 945.3000000000001
9454 0.790567160859688 945.4000000000001
9455 0.7906035393544744 945.5
9456 0.7906407314548271 945.6
9457 0.7906788044085719 945.7
9458 0.7907176902717827 945.8000000000001
9459 0.7907573789263054 945.9000000000001
9460 0.7907979901749799 946
9461 0.7908393632436683 946.1
9462 0.7908788390227874 946.2
9463 0.7909181729577209 946.3000000000001
9464 0.7909561405739642 946.4000000000001
9465 0.7909937969569055 946.5
9466 0.7910312523314535 946.6
9467 0.7910677112339641 946.7
9468 0.7911039461537931 946.8000000000001
9469 0.7911402622784901 946.9000000000001
9470 0.7911767787707344 947
9471 0.7912135520581016 947.1
9472 0.7912507328802691 947.2
9473 0.7912883747701859 947.3000000000001
9474 0.7913264181780567 947.4000000000001
9475 0.7913648291763586 947.5
9476 0.7914035123079691 947.6
9477 0.791442249091017 947.7
9478 0.7914814207260908 947.8000000000001
9479 0.7915211805249538 947.9000000000001
9480 0.791560927656813 948
9481 0.7915963151593061 948.1
9482 0.791631541034983 948.2
9483 0.7916666955816285 948.3000000000001
9484 0.7917011813988769 948.4000000000001
9485 0.7917361185195088 948.5
9486 0.7917715006468196 948.6
9487 0.7918073013221754 948.7
9488 0.7918435049761092 948.8000000000001
9489 0.7918801274981038 948.9000000000001
9490 0.7919172236349382 949
9491 0.791954874760862 949.1
9492 0.7919925098052213 949.2
9493 0.7920292989667713 949.3000000000001
9494 0.7920663725701066 949.4000000000001
9495 0.792104117093299 949.5
9496 0.7921411915704892 949.6
9497 0.7921783901489492 949.7
9498 0.7922154691355616 949.8000000000001
9499 0.792251164567366 949.9000000000001
9500 0.7922868258241077 950
9501 0.7923222216951918 950.1
9502 0.7923557915978007 950.2
9503 0.7923892027567014 950.3000000000001
9504 0.7924224978854757 950.4000000000001
9505 0.7924557635026434 950.5
9506 0.7924890019958127 950.6
9507 0.7925222920829413 950.7
9508 0.7925557521488314 950.8000000000001
9509 0.7925894931701344 950.9000000000001
9510 0.7926235466126675 951
9511 0.792657906943906 951.1
9512 0.7926923567248133 951.2
9513 0.7927269275798451 951.3000000000001
9514 0.7927617890080355 951.4000000000001
9515 0.7927967274433405 951.5
9516 0.7928317647091303 951.6
9517 0.7928669559676321 951.7
9518 0.7929021652928365 951.8000000000001
9519 0.7929374085251227 951.9000000000001
9520 0.7929727935575699 952
9521 0.7930084611086587 952.1
9522 0.7930444138565841 952.2
9523 0.7930808053908454 952.3000000000001
9524 0.7931176911312123 952.4000000000001
9525 0.7931551356562009 952.5
9526 0.7931932402594229 952.6
9527 0.7932317247043492 952.7
9528 0.7932703254320235 952.8000000000001
9529 0.7933084614280768 952.9000000000001
9530 0.79334504397971 953
9531 0.793381694188334 953.1
9532 0.7934179256944099 953.2
9533 0.7934526005792175 953.3000000000001
9534 0.7934862715611157 953.4000000000001
9535 0.7935193570118508 953.5
9536 0.793551885118247 953.6
9537 0.7935839668788679 953.7
9538 0.7936157512945384 953.8000000000001
9539 0.7936473257503222 953.9000000000001
9540 0.7936790058562857 954
9541 0.7937108223964345 954.1
9542 0.793743008209766 954.2
9543 0.7937757411431442 954.3000000000001
9544 0.7938091075861541 954.4000000000001
9545 0.7938432595074648 954.5
9546 0.7938783302173386 954.6
9547 0.7939141931523618 954.7
9548 0.7939505870807224 954.8000000000001
9549 0.7939876454137923 954.9000000000001
9550 0.794025719991836 955
9551 0.7940647793295862 955.1
9552 0.7941038439909498 955.2
9553 0.7941428450552565 955.3000000000001
9554 0.7941824093267784 955.4000000000001
9555 0.7942212240444693 955.5
9556 0.7942603944836569 955.6
9557 0.7942996930458166 955.7
9558 0.7943350778493844 955.8000000000001
9559 0.7943702247701045 955.9000000000001
9560 0.7944059857230091 956
9561 0.7944422433222432 956.1
9562 0.7944788625844927 956.2
9563 0.7945157282628476 956.3000000000001
9564 0.7945527504826503 956.4000000000001
9565 0.7945898046327972 956.5
9566 0.7946267625089535 956.6
9567 0.7946635470788067 956.7
9568 0.7946994251396413 956.8000000000001
9569 0.7947342608122754 956.9000000000001
9570 0.7947690761950276 957
9571 0.7948040925593841 957.1
9572 0.7948393722449894 957.2
9573 0.7948748472755904 957.3000000000001
9574 0.7949080363734482 957.4000000000001
9575 0.794940343971611 957.5
9576 0.7949723793612674 957.6
9577 0.7950047660553962 957.7
9578 0.7950375140144509 957.8000000000001
9579 0.7950706648213951 957.9000000000001
9580 0.7951042773676186 958
9581 0.7951364353702457 958.1
9582 0.7951685750690174 958.2
9583 0.7952011057811071 958.3000000000001
9584 0.7952339983442935 958.4000000000001
9585 0.7952674325444232 958.5
9586 0.7953014236917285 958.6
9587 0.7953358947828693 958.7
9588 0.7953707785994426 958.8000000000001
9589 0.795406071982606 958.9000000000001
9590 0.7954420386943887 959
9591 0.7954786765109122 959.1
9592 0.7955159791124451 959.2
9593 0.7955538448502724 959.3000000000001
9594 0.7955922191830509 959.4000000000001
9595 0.7956309893926925 959.5
9596 0.7956702455030216 959.6
9597 0.7957099034389561 959.7
9598 0.7957498159290958 959.8000000000001
9599 0.7957897781342386 959.9000000000001
9600 0.7958294805778433 960
9601 0.7958672718439761 960.1
9602 0.7959041908592909 960.2
9603 0.7959401942311406 960.3000000000001
9604 0.7959757065315548 960.4000000000001
9605 0.7960108893113979 960.5
9606 0.7960459197180124 960.6
9607 0.7960810354909755 960.7
9608 0.7961164261826928 960.8000000000001
9609 0.7961522275043178 960.9000000000001
9610 0.7961885236173836 961
9611 0.7962253344795192 961.1
9612 0.7962614346940186 961.2
9613 0.7962965882415531 961.3000000000001
9614 0.7963318605092162 961.4000000000001
9615 0.7963671379353138 961.5
9616 0.7964023103441801 961.6
9617 0.7964371759054676 961.7
9618 0.7964702039490181 961.8000000000001
9619 0.7965030081756685 961.9000000000001
9620 0.7965355864381297 962
9621 0.7965679373198619 962.1
9622 0.7966002287947884 962.2
9623 0.7966326092391586 962.3000000000001
9624 0.7966652096101181 962.4000000000001
9625 0.7966981500434877 962.5
9626 0.7967315275448954 962.6
9627 0.7967654307022447 962.7
9628 0.7967999175005575 962.8000000000001
9629 0.7968349230429878 962.9000000000001
9630 0.7968705146403003 963
9631 0.7969067719587222 963.1
9632 0.7969438414975769 963.2
9633 0.7969797542354266 963.3000000000001
9634 0.7970156685927428 963.4000000000001
9635 0.7970508092514251 963.5
9636 0.7970828146943602 963.6
9637 0.7971160434807102 963.7
9638 0.7971502994617219 963.8000000000001
9639 0.7971853059695463 963.9000000000001
9640 0.7972201282414009 964
9641 0.797253674284253 964.1
9642 0.797286948727044 964.2
9643 0.7973203152176861 964.3000000000001
9644 0.7973537495361858 964.4000000000001
9645 0.7973873267142447 964.5
9646 0.7974210937944444 964.6
9647 0.7974550747979045 964.7
9648 0.7974893575137015 964.8000000000001
9649 0.7975238255239951 964.9000000000001
9650 0.79755883106486 965
9651 0.7975944511578741 965.1
9652 0.7976307114859363 965.2
9653 0.7976675590192849 965.3000000000001
9654 0.797704368516252 965.4000000000001
9655 0.7977395667344397 965.5
9656 0.7977739240397711 965.6
9657 0.7978084956605804 965.7
9658 0.7978432669318118 965.8000000000001
9659 0.797878208411882 965.9000000000001
9660 0.7979133054952999 966
9661 0.7979486349860021 966.1
9662 0.7979842811988055 966.2
9663 0.7980202949606138 966.3000000000001
9664 0.7980550787024501 966.4000000000001
9665 0.7980895336606113 966.5
9666 0.798124356944083 966.6
9667 0.7981583997537259 966.7
9668 0.7981924251636157 966.8000000000001
9669 0.7982265554361613 966.9000000000001
9670 0.7982610471775976 967
9671 0.7982959255905056 967.1
9672 0.7983312218729995 967.2
9673 0.7983669546075457 967.3000000000001
9674 0.7984031354468991 967.4000000000001
9675 0.7984397981348083 967.5
9676 0.7984767702098464 967.6
9677 0.7985141471874019 967.7
9678 0.7985518618099988 967.8000000000001
9679 0.7985898035200925 967.9000000000001
9680 0.7986277769526872 968
9681 0.7986642048760384 968.1
9682 0.7987001110240851 968.2
9683 0.7987359125465221 968.3000000000001
9684 0.7987716437125393 968.4000000000001
9685 0.7988073351265202 968.5
9686 0.7988430325491342 968.6
9687 0.7988788302653708 968.7
9688 0.7989147932882277 968.8000000000001
9689 0.7989509734822239 968.9000000000001
9690 0.7989874178747113 969
9691 0.7990241613212344 969.1
9692 0.7990611648088771 969.2
9693 0.7990983676122754 969.3000000000001
9694 0.799134426973066 969.4000000000001
9695 0.7991697017603387 969.5
9696 0.7992049918264857 969.6
9697 0.7992402874709286 969.7
9698 0.7992755220680583 969.8000000000001
9699 0.7993106993587892 969.9000000000001
9700 0.7993459322730118 970
9701 0.7993814219725284 970.1
9702 0.7994172968213773 970.2
9703 0.7994536715270022 970.3000000000001
9704 0.7994906356780376 970.4000000000001
9705 0.799528237857173 970.5
9706 0.7995664282651274 970.6
9707 0.7996026968346823 970.7
9708 0.7996388625662741 970.8000000000001
9709 0.7996749920739586 970.9000000000001
9710 0.7997111974030706 971
9711 0.7997473327177952 971.1
9712 0.7997833302793721 971.2
9713 0.7998190551563764 971.3000000000001
9714 0.7998521054885399 971.4000000000001
9715 0.7998832793578494 971.5
9716 0.7999151333034298 971.6
9717 0.7999476812118607 971.7
9718 0.7999809177464883 971.8000000000001
9719 0.8000147844475537 971.9000000000001
9720 0.8000479503547797 972
9721 0.8000800491659111 972.1
9722 0.8001123426099921 972.2
9723 0.800144730419086 972.3000000000001
9724 0.8001772289777319 972.4000000000001
9725 0.8002097190603138 972.5
9726 0.8002417793259735 972.6
9727 0.8002737668584476 972.7
9728 0.8003057507292821 972.8000000000001
9729 0.8003378731721246 972.9000000000001
9730 0.8003692452395357 973
9731 0.8004006316425656 973.1
9732 0.8004324339420985 973.2
9733 0.800464816871455 973.3000000000001
9734 0.8004978242607703 973.4000000000001
9735 0.8005310206455338 973.5
9736 0.8005629932772184 973.6
9737 0.8005932926063594 973.7
9738 0.8006239008468067 973.8000000000001
9739 0.8006547808415921 973.9000000000001
9740 0.8006858976691172 974
9741 0.8007172608321564 974.1
9742 0.8007489125268711 974.2
9743 0.8007809221003722 974.3000000000001
9744 0.8008134083080003 974.4000000000001
9745 0.8008464616070813 974.5
9746 0.8008801142956475 974.6
9747 0.8009132064107385 974.7
9748 0.800946808104815 974.8000000000001
9749 0.8009812322154319 974.9000000000001
9750 0.8010164458890654 975
9751 0.8010523728972236 975.1
9752 0.8010889120810334 975.2
9753 0.8011260823752825 975.3000000000001
9754 0.8011638447586974 975.4000000000001
9755 0.8012020955788676 975.5
9756 0.8012407828693134 975.6
9757 0.8012799753163088 975.7
9758 0.8013196607057546 975.8000000000001
9759 0.8013597826928621 975.9000000000001
9760 0.8014002936816363 976
9761 0.8014411708734209 976.1
9762 0.8014824073280936 976.2
9763 0.8015238437625681 976.3000000000001
9764 0.8015646877438208 976.4000000000001
9765 0.8016037144716195 976.5
9766 0.8016417120236519 976.6
9767 0.8016789626888715 976.7
9768 0.8017159850720695 976.8000000000001
9769 0.801752758252131 976.9000000000001
9770 0.8017892886296786 977
9771 0.8018255966124782 977.1
9772 0.8018616177546933 977.2
9773 0.8018974058686031 977.3000000000001
9774 0.8019330478979596 977.4000000000001
9775 0.8019680080141874 977.5
9776 0.8020027686863583 977.6
9777 0.8020373019326564 977.7
9778 0.8020699849280616 977.8000000000001
9779 0.8021020929682874 977.9000000000001
9780 0.8021341925954183 978
9781 0.802166362881838 978.1
9782 0.8021987285195765 978.2
9783 0.8022314143176938 978.3000000000001
9784 0.8022645057308394 978.4000000000001
9785 0.8022979887099002 978.5
9786 0.8023319025952103 978.6
9787 0.8023662083535329 978.7
9788 0.8024009311117742 978.8000000000001
9789 0.8024346706816829 978.9000000000001
9790 0.802468271788771 979
9791 0.8025018635978002 979.1
9792 0.8025356953958972 979.2
9793 0.8025696857429754 979.3000000000001
9794 0.8026038483175718 979.4000000000001
9795 0.8026351585660189 979.5
9796 0.802665527685797 979.6
9797 0.802696714722133 979.7
9798 0.802728625163579 979.8000000000001
9799 0.8027612342876804 979.9000000000001
9800 0.8027944659971403 980
9801 0.8028282345821164 980.1
9802 0.8028624991250795 980.2
9803 0.8028971382122425 980.3000000000001
9804 0.8029321611389825 980.4000000000001
9805 0.8029676771139599 980.5
9806 0.8030036919187794 980.6
9807 0.8030401744067062 980.7
9808 0.8030769938975129 980.8000000000001
9809 0.8031141341258222 980.9000000000001
9810 0.8031504548689297 981
9811 0.8031855510138712 981.1
9812 0.8032206507330066 981.2
9813 0.8032558084070549 981.3000000000001
9814 0.8032910067699446 981.4000000000001
9815 0.8033261257349157 981.5
9816 0.8033610955988177 981.6
9817 0.8033961079045645 981.7
9818 0.8034310348274366 981.8000000000001
9819 0.8034639074510881 981.9000000000001
9820 0.8034961855125545 982
9821 0.8035267009224271 982.1
9822 0.8035574621006342 982.2
9823 0.8035883794534142 982.3000000000001
9824 0.8036194078802564 982.4000000000001
9825 0.8036494791351994 982.5
9826 0.803679953039022 982.6
9827 0.8037108761249945 982.7
9828 0.8037419610267565 982.8000000000001
9829 0.8037732668678488 982.9000000000001
9830 0.8038051094853177 983
9831 0.8038374534650935 983.1
9832 0.8038702165762375 983.2
9833 0.803903322634702 983.3000000000001
9834 0.8039367786575755 983.4000000000001
9835 0.8039705580873833 983.5
9836 0.8040046164804822 983.6
9837 0.8040389117949465 983.7
9838 0.804073413478962 983.8000000000001
9839 0.8041081090221843 983.9000000000001
9840 0.8041430051905081 984
9841 0.8041781148400958 984.1
9842 0.8042134878706598 984.2
9843 0.8042491709786962 984.3000000000001
9844 0.8042851736024038 984.4000000000001
9845 0.8043215092596252 984.5
9846 0.8043582345509593 984.6
9847 0.8043953961029152 984.7
9848 0.804433009000835 984.8000000000001
9849 0.8044710871926254 984.9000000000001
9850 0.8045097063580292 985
9851 0.8045489606121805 985.1
9852 0.8045888367049133 985.2
9853 0.8046292795394555 985.3000000000001
9854 0.8046701558629752 985.4000000000001
9855 0.8047086508610324 985.5
9856 0.8047469372344283 985.6
9857 0.8047836045821075 985.7
9858 0.8048191345781279 985.8000000000001
9859 0.8048540767163536 985.9000000000001
9860 0.8048885955776337 986
9861 0.8049227666264318 986.1
9862 0.8049567210605371 986.2
9863 0.8049906145931648 986.3000000000001
9864 0.805024599155547 986.4000000000001
9865 0.8050588072722548 986.5
9866 0.8050933456966474 986.6
9867 0.8051282804080637 986.7
9868 0.8051637461110293 986.8000000000001
9869 0.805199663330723 986.9000000000001
9870 0.8052348638575176 987
9871 0.8052706739199053 987.1
9872 0.8053070258816235 987.2
9873 0.8053438488070777 987.3000000000001
9874 0.8053811059685742 987.4000000000001
9875 0.8054187585448558 987.5
9876 0.8054567271782854 987.6
9877 0.8054949664202403 987.7
9878 0.8055316067881919 987.8000000000001
9879 0.8055627945529459 987.9000000000001
9880 0.8055946598710797 988
9881 0.8056270592432377 988.1
9882 0.8056598672042836 988.2
9883 0.8056925939670363 988.3000000000001
9884 0.8057248145477972 988.4000000000001
9885 0.8057571946335672 988.5
9886 0.8057896967349967 988.6
9887 0.8058222936281784 988.7
9888 0.8058549438436108 988.8000000000001
9889 0.8058876068070382 988.9000000000001
9890 0.8059202483695413 989
9891 0.8059528641938191 989.1
9892 0.8059856562051613 989.2
9893 0.8060187271589259 989.3000000000001
9894 0.8060521583838637 989.4000000000001
9895 0.8060860480828727 989.5
9896 0.8061205591645547 989.6
9897 0.8061556912752215 989.7
9898 0.8061913044652349 989.8000000000001
9899 0.8062256365456342 989.9000000000001
9900 0.8062604044892417 990
9901 0.8062957400230664 990.1
9902 0.8063303932734207 990.2
9903 0.8063626701379387 990.3000000000001
9904 0.8063940846348222 990.4000000000001
9905 0.8064254032864633 990.5
9906 0.8064565380329088 990.6
9907 0.8064874840900303 990.7
9908 0.8065182289689239 990.8000000000001
9909 0.8065487939431694 990.9000000000001
9910 0.8065792340282459 991
9911 0.8066095113614423 991.1
9912 0.8066392725910333 991.2
9913 0.806669122799637 991.3000000000001
9914 0.8066991876159164 991.4000000000001
9915 0.8067295114816424 991.5
9916 0.8067600266015554 991.6
9917 0.8067905707534223 991.7
9918 0.8068214763326228 991.8000000000001
9919 0.8068528166150257 991.9000000000001
9920 0.8068846504297263 992
9921 0.8069170282625877 992.1
9922 0.8069499994584521 992.2
9923 0.8069836109483879 992.3000000000001
9924 0.807017907051523 992.4000000000001
9925 0.8070529288666355 992.5
9926 0.8070887067581546 992.6
9927 0.8071252394634449 992.7
9928 0.8071621812745455 992.8000000000001
9929 0.807197860920543 992.9000000000001
9930 0.8072339483157975 993
9931 0.8072703979073439 993.1
9932 0.8073071516832607 993.2
9933 0.8073441160999278 993.3000000000001
9934 0.8073812780302148 993.4000000000001
9935 0.8074183571088205 993.5
9936 0.8074551981257918 993.6
9937 0.8074922691059617 993.7
9938 0.8075296304455549 993.8000000000001
9939 0.8075672904952215 993.9000000000001
9940 0.8076052586027468 994
9941 0.807643532196666 994.1
9942 0.8076820992272762 994.2
9943 0.8077209083656418 994.3000000000001
9944 0.8077596872028271 994.4000000000001
9945 0.8077980748098161 994.5
9946 0.8078355941998346 994.6
9947 0.8078704509939619 994.7
9948 0.8079051346799313 994.8000000000001
9949 0.8079397440855113 994.9000000000001
9950 0.8079742783102495 995
9951 0.8080087498662105 995.1
9952 0.8080431868348078 995.2
9953 0.8080777182763818 995.3000000000001
9954 0.8081123880215292 995.4000000000001
9955 0.8081472021163887 995.5
9956 0.8081821548244785 995.6
9957 0.8082172489347096 995.7
9958 0.8082525054518239 995.8000000000001
9959 0.8082879369102244 995.9000000000001
9960 0.8083235448220979 996
9961 0.8083594220912835 996.1
9962 0.8083917165252663 996.2
9963 0.8084241556707884 996.3000000000001
9964 0.8084575368067127 996.4000000000001
9965 0.8084901883051339 996.5
9966 0.8085223561073475 996.6
9967 0.8085547854567061 996.7
9968 0.8085874266404139 996.8000000000001
9969 0.8086202358331982 996.9000000000001
9970 0.8086530981040094 997
9971 0.8086857764659409 997.1
9972 0.8087183912755417 997.2
9973 0.8087510063730307 997.3000000000001
9974 0.8087836279807316 997.4000000000001
9975 0.8088160068248049 997.5
9976 0.8088483619578273 997.6
9977 0.8088807097354304 997.7
9978 0.8089131664832443 997.8000000000001
9979 0.8089456369322244 997.9000000000001
9980 0.8089782421948265 998
9981 0.8090111233693434 998.1
9982 0.8090445086505901 998.2
9983 0.8090784805999297 998.3000000000001
9984 0.8091131575453667 998.4000000000001
9985 0.8091486005533999 998.5
9986 0.8091818979455152 998.6
9987 0.809214831178653 998.7
9988 0.8092482170633506 998.8000000000001
9989 0.8092817068915287 998.9000000000001
9990 0.8093154383026909 999
9991 0.8093494986272045 999.1
9992 0.8093831934886959 999.2
9993 0.8094167056523084 999.3000000000001
9994 0.8094487976031766 999.4000000000001
9995 0.8094799378186528 999.5
9996 0.8095109866873312 999.6
9997 0.8095417512386681 999.7
9998 0.8095724959724138 999.8000000000001
9999 0.8096033974690897 999.9000000000001
10000 0.809634570859127 1000
10001 0.8096661101951508 1000.1
10002 0.809698080896039 1000.2
10003 0.8097305321855427 1000.3
10004 0.8097621483599378 1000.4
10005 0.8097938523994727 1000.5
10006 0.8098262434849702 1000.6
10007 0.8098589506922316 1000.7
10008 0.8098920155103283 1000.8
10009 0.809925649799943 1000.9
10010 0.8099592368756962 1001
10011 0.8099931589234504 1001.1
10012 0.810027425488927 1001.2
10013 0.8100619730241985 1001.3
10014 0.8100967120723191 1001.4
10015 0.8101316009840415 1001.5
10016 0.810166681103701 1001.6
10017 0.8102020995313225 1001.7
10018 0.8102379466446258 1001.8
10019 0.8102742918596983 1001.9
10020 0.8103109727888963 1002
10021 0.8103458813121018 1002.1
10022 0.8103808215775199 1002.2
10023 0.8104160699309741 1002.3
10024 0.810451726084858 1002.4
10025 0.8104877749386498 1002.5
10026 0.8105241808983231 1002.6
10027 0.8105609011838972 1002.7
10028 0.8105979028988919 1002.8
10029 0.8106351813657888 1002.9
10030 0.810672786568053 1003
10031 0.8107106999821596 1003.1
10032 0.8107490502905828 1003.2
10033 0.8107878777144917 1003.3
10034 0.8108271593066488 1003.4
10035 0.8108668037686475 1003.5
10036 0.8109066459002008 1003.6
10037 0.8109459319111347 1003.7
10038 0.8109825893530888 1003.8
10039 0.8110176223810569 1003.9
10040 0.8110520944020745 1004
10041 0.8110858937053735 1004.1
10042 0.8111189224853629 1004.2
10043 0.8111512086849969 1004.3
10044 0.8111812047728761 1004.4
10045 0.8112078584665232 1004.5
10046 0.8112347702687943 1004.6
10047 0.8112620073413882 1004.7
10048 0.8112896230683733 1004.8
10049 0.8113176681730937 1004.9
10050 0.811346197169562 1005
10051 0.8113752448789707 1005.1
10052 0.8114048247396715 1005.2
10053 0.8114349405240181 1005.3
10054 0.8114655815763915 1005.4
10055 0.8114967199507034 1005.5
10056 0.8115283516022685 1005.6
10057 0.8115604045424486 1005.7
10058 0.8115928355970676 1005.8
10059 0.8116257204970005 1005.9
10060 0.8116589828386203 1006
10061 0.8116925050400828 1006.1
10062 0.8117263817583587 1006.2
10063 0.811760612812118 1006.3
10064 0.8117951381605981 1006.4
10065 0.8118299877241908 1006.5
10066 0.811865276127227 1006.6
10067 0.8119009559545904 1006.7
10068 0.811935704494069 1006.8
10069 0.8119681036876065 1006.9
10070 0.8120009503086258 1007
10071 0.8120343702601682 1007.1
10072 0.8120684482093866 1007.2
10073 0.8121031112505447 1007.3
10074 0.8121369881668461 1007.4
10075 0.8121715280402051 1007.5
10076 0.8122068722778276 1007.6
10077 0.812242946105051 1007.7
10078 0.8122795993751569 1007.8
10079 0.8123166155561387 1007.9
10080 0.812353738423645 1008
10081 0.8123906976992558 1008.1
10082 0.8124262553069752 1008.2
10083 0.8124614739697197 1008.3
10084 0.8124962733294314 1008.4
10085 0.8125306436122918 1008.5
10086 0.812564558676106 1008.6
10087 0.8125971830182233 1008.7
10088 0.8126279337794319 1008.8
10089 0.8126582557363734 1008.9
10090 0.8126882098449741 1009
10091 0.8127178507582934 1009.1
10092 0.8127472515070139 1009.2
10093 0.8127764909205799 1009.3
10094 0.8128056536302158 1009.4
10095 0.8128348268289335 1009.5
10096 0.8128640954705347 1009.6
10097 0.8128935390551938 1009.7
10098 0.8129232520601809 1009.8
10099 0.8129533097333534 1009.9
10100 0.8129837765246768 1010
10101 0.8130147093733934 1010.1
10102 0.8130461518951586 1010.2
10103 0.8130781205308839 1010.3
10104 0.8131106045691207 1010.4
10105 0.8131436106622382 1010.5
10106 0.8131771672632467 1010.6
10107 0.8132112714156129 1010.7
10108 0.8132459077864967 1010.8
10109 0.8132810665640889 1010.9
10110 0.813316738565477 1011
10111 0.8133529110957571 1011.1
10112 0.8133895456577728 1011.2
10113 0.8134266199895247 1011.3
10114 0.8134641766095487 1011.4
10115 0.8135021155342089 1011.5
10116 0.8135400251532938 1011.6
10117 0.8135776810951175 1011.7
10118 0.8136157328847907 1011.8
10119 0.8136541014220412 1011.9
10120 0.8136928027825988 1012
10121 0.8137316881452842 1012.1
10122 0.81377017572278 1012.2
10123 0.8138088723051581 1012.3
10124 0.8138477415291268 1012.4
10125 0.8138860231306918 1012.5
10126 0.8139201548395276 1012.6
10127 0.8139551104043911 1012.7
10128 0.8139903104155334 1012.8
10129 0.8140259539804545 1012.9
10130 0.8140617640191837 1013
10131 0.8140966739611794 1013.1
10132 0.8141296567659692 1013.2
10133 0.8141622997435233 1013.3
10134 0.8141939137852257 1013.4
10135 0.814224699457513 1013.5
10136 0.8142549346306411 1013.6
10137 0.8142849563566003 1013.7
10138 0.8143149894382354 1013.8
10139 0.8143446993326071 1013.9
10140 0.8143727490776431 1014
10141 0.814400991833234 1014.1
10142 0.8144293845201361 1014.2
10143 0.8144581878144924 1014.3
10144 0.8144874255279486 1014.4
10145 0.8145170589860998 1014.5
10146 0.8145469788994787 1014.6
10147 0.8145765348943589 1014.7
10148 0.8146061145786025 1014.8
10149 0.8146357040438513 1014.9
10150 0.8146656485560749 1015
10151 0.814695931569007 1015.1
10152 0.8147265487385857 1015.2
10153 0.8147575175735045 1015.3
10154 0.8147888635691992 1015.4
10155 0.8148206103119361 1015.5
10156 0.8148527895743046 1015.6
10157 0.8148854067461339 1015.7
10158 0.8149184740334032 1015.8
10159 0.8149519951334756 1015.9
10160 0.8149859380669369 1016
10161 0.8150201825703165 1016.1
10162 0.8150547301453523 1016.2
10163 0.8150896402678066 1016.3
10164 0.8151248152961892 1016.4
10165 0.8151595695364897 1016.5
10166 0.8151939096073689 1016.6
10167 0.8152285145231689 1016.7
10168 0.8152633560234318 1016.8
10169 0.8152982284710194 1016.9
10170 0.8153330203382909 1017
10171 0.8153681724417758 1017.1
10172 0.8154036856960704 1017.2
10173 0.815439675975406 1017.3
10174 0.8154764195316405 1017.4
10175 0.8155135754026607 1017.5
10176 0.8155513617290207 1017.6
10177 0.8155899691388961 1017.7
10178 0.8156272594637377 1017.8
10179 0.8156639244964001 1017.9
10180 0.8157005438427055 1018
10181 0.8157368774960245 1018.1
10182 0.8157724880701661 1018.2
10183 0.8158066476970089 1018.3
10184 0.8158405296161972 1018.4
10185 0.8158741083275154 1018.5
10186 0.8159073738297115 1018.6
10187 0.8159400875871421 1018.7
10188 0.8159722211998485 1018.8
10189 0.8160043671537751 1018.9
10190 0.8160365717815096 1019
10191 0.8160688590661579 1019.1
10192 0.8161013183571979 1019.2
10193 0.8161340922031861 1019.3
10194 0.8161672545723248 1019.4
10195 0.8162009461684696 1019.5
10196 0.816235216484219 1019.6
10197 0.8162700694817968 1019.7
10198 0.8163054816314902 1019.8
10199 0.8163406193163893 1019.9
10200 0.8163752049017781 1020
10201 0.8164101520476159 1020.1
10202 0.8164453488954683 1020.2
10203 0.8164806305916013 1020.3
10204 0.81651586388818 1020.4
10205 0.81655094286663 1020.5
10206 0.8165815975031882 1020.6
10207 0.8166112272542245 1020.7
10208 0.816641287167059 1020.8
10209 0.8166717945548401 1020.9
10210 0.8167025972702093 1021
10211 0.8167333131567728 1021.1
10212 0.8167640334928795 1021.2
10213 0.81679491751331 1021.3
10214 0.8168258905106439 1021.4
10215 0.8168568517902799 1021.5
10216 0.8168878035572873 1021.6
10217 0.8169187342226624 1021.7
10218 0.8169496364884709 1021.8
10219 0.8169805169227088 1021.9
10220 0.8170114306417019 1022
10221 0.8170424150288847 1022.1
10222 0.8170735387655584 1022.2
10223 0.8171049461723651 1022.3
10224 0.8171367264387769 1022.4
10225 0.8171680467470364 1022.5
10226 0.8171996501828771 1022.6
10227 0.8172319409005743 1022.7
10228 0.8172647958317227 1022.8
10229 0.8172960499492696 1022.9
10230 0.8173274635773553 1023
10231 0.8173593285725839 1023.1
10232 0.8173916253057613 1023.2
10233 0.8174243757381285 1023.3
10234 0.8174576169431738 1023.4
10235 0.8174914201617034 1023.5
10236 0.8175251027278186 1023.6
10237 0.8175583031544745 1023.7
10238 0.8175920686140979 1023.8
10239 0.8176263322259257 1023.9
10240 0.8176608178595669 1024
10241 0.817694874080907 1024.1
10242 0.8177276543838509 1024.2
10243 0.8177605730950558 1024.3
10244 0.8177935634708068 1024.4
10245 0.8178265607958183 1024.5
10246 0.8178595194321486 1024.6
10247 0.8178924070576927 1024.7
10248 0.8179250510456164 1024.8
10249 0.8179576917201975 1024.9
10250 0.8179901958156929 1025
10251 0.8180227484306691 1025.1
10252 0.8180553193955411 1025.2
10253 0.8180875626828852 1025.3
10254 0.8181198770941007 1025.4
10255 0.8181524763274688 1025.5
10256 0.8181835709260252 1025.6
10257 0.8182147612907902 1025.7
10258 0.8182461224353814 1025.8
10259 0.8182776342246169 1025.9
10260 0.8183093173102458 1026
10261 0.8183412169297776 1026.1
10262 0.8183733253574914 1026.2
10263 0.8184056048242401 1026.3
10264 0.8184379848782447 1026.4
10265 0.8184704540136842 1026.5
10266 0.8185030145786425 1026.6
10267 0.8185357093722813 1026.7
10268 0.8185685747191682 1026.8
10269 0.8186016470849174 1026.9
10270 0.818634964448488 1027
10271 0.8186685711978575 1027.1
10272 0.8187025279647878 1027.2
10273 0.8187369206085875 1027.3
10274 0.818771811677948 1027.4
10275 0.8188071708304578 1027.5
10276 0.8188429718813528 1027.6
10277 0.8188791923060832 1027.7
10278 0.8189157534938001 1027.8
10279 0.818950395395888 1027.9
10280 0.818984477821596 1028
10281 0.8190185206570005 1028.1
10282 0.8190523835634961 1028.2
10283 0.8190859688351639 1028.3
10284 0.8191192425515658 1028.4
10285 0.8191475027324385 1028.5
10286 0.8191761041454185 1028.6
10287 0.8192052606071516 1028.7
10288 0.8192350404039678 1028.8
10289 0.8192655142857674 1028.9
10290 0.8192966945943477 1029
10291 0.8193274182820787 1029.1
10292 0.8193578341680352 1029.2
10293 0.8193886855240117 1029.3
10294 0.819419860942026 1029.4
10295 0.8194512588866248 1029.5
10296 0.819482825244546 1029.6
10297 0.8195145057536917 1029.7
10298 0.8195462756445665 1029.8
10299 0.8195768897410106 1029.9
10300 0.8196070305599072 1030
10301 0.8196366526407 1030.1
10302 0.8196663539880704 1030.2
10303 0.8196963540734397 1030.3
10304 0.8197267134063362 1030.4
10305 0.8197575028313029 1030.5
10306 0.8197888048638426 1030.6
10307 0.8198207054225995 1030.7
10308 0.8198532928625176 1030.8
10309 0.8198866482416333 1030.9
10310 0.8199200892657961 1031
10311 0.8199537747389399 1031.1
10312 0.8199881152843458 1031.2
10313 0.8200230150386366 1031.3
10314 0.8200583119681965 1031.4
10315 0.8200925065486608 1031.5
10316 0.8201258913339108 1031.6
10317 0.8201591334604317 1031.7
10318 0.8201920859651465 1031.8
10319 0.8202247355775931 1031.9
10320 0.8202570829206342 1032
10321 0.8202891506629842 1032.1
10322 0.8203209549163817 1032.2
10323 0.8203524639509923 1032.3
10324 0.8203838719743552 1032.4
10325 0.8204153206386846 1032.5
10326 0.8204468916542332 1032.6
10327 0.8204786320169265 1032.7
10328 0.82051035449778 1032.8
10329 0.8205419591512908 1032.9
10330 0.8205730919480112 1033
10331 0.8206027047492188 1033.1
10332 0.8206324068934265 1033.2
10333 0.8206621692435127 1033.3
10334 0.8206919948576329 1033.4
10335 0.8207219011335958 1033.5
10336 0.8207519284603076 1033.6
10337 0.8207819891367747 1033.7
10338 0.820812286125168 1033.8
10339 0.8208429421174925 1033.9
10340 0.8208740614750331 1034
10341 0.8209057342338412 1034.1
10342 0.8209377519195393 1034.2
10343 0.8209689380601685 1034.3
10344 0.8210002782260334 1034.4
10345 0.8210323815902756 1034.5
10346 0.821065198234919 1034.6
10347 0.8210982665167856 1034.7
10348 0.8211314819965118 1034.8
10349 0.8211650655399285 1034.9
10350 0.8211990018156751 1035
10351 0.8212332596616202 1035.1
10352 0.8212677937924793 1035.2
10353 0.8213025393828798 1035.3
10354 0.8213374334113447 1035.4
10355 0.8213724090856239 1035.5
10356 0.8214073983901876 1035.6
10357 0.8214423536181669 1035.7
10358 0.8214772537589708 1035.8
10359 0.821512250573227 1035.9
10360 0.8215472798051311 1036
10361 0.8215804918459459 1036.1
10362 0.8216106967602701 1036.2
10363 0.8216416454536711 1036.3
10364 0.8216734765083343 1036.4
10365 0.8217056090571624 1036.5
10366 0.8217387663055642 1036.6
10367 0.8217703744961876 1036.7
10368 0.8218022595285913 1036.8
10369 0.8218346451308643 1036.9
10370 0.8218662117446222 1037
10371 0.8218978896973124 1037.1
10372 0.8219297616661677 1037.2
10373 0.8219619883997139 1037.3
10374 0.8219945316752157 1037.4
10375 0.82202726915914 1037.5
10376 0.8220600685826771 1037.6
10377 0.8220928680060922 1037.7
10378 0.8221253625639504 1037.8
10379 0.822157850716313 1037.9
10380 0.8221903025940406 1038
10381 0.8222227739653742 1038.1
10382 0.8222553153105427 1038.2
10383 0.8222878994805106 1038.3
10384 0.8223201177055663 1038.4
10385 0.822352247628392 1038.5
10386 0.8223832551220567 1038.6
10387 0.8224132557473682 1038.7
10388 0.8224432458091092 1038.8
10389 0.8224731923514476 1038.9
10390 0.8225031303694469 1039
10391 0.8225328888378566 1039.1
10392 0.8225625464079721 1039.2
10393 0.8225923305470976 1039.3
10394 0.8226223192337691 1039.4
10395 0.8226526111716467 1039.5
10396 0.8226831678723147 1039.6
10397 0.8227141605412974 1039.7
10398 0.8227431900889927 1039.8
10399 0.8227719632722007 1039.9
10400 0.8228013504568749 1040
10401 0.8228310077420921 1040.1
10402 0.8228607297879702 1040.2
10403 0.8228901731938447 1040.3
10404 0.8229200756699604 1040.4
10405 0.8229504154063536 1040.5
10406 0.8229811739415013 1040.6
10407 0.8230123378516788 1040.7
10408 0.8230435938348475 1040.8
10409 0.8230750168765349 1040.9
10410 0.8231068627403521 1041
10411 0.8231392237364897 1041.1
10412 0.8231720127883412 1041.2
10413 0.8232051436131026 1041.3
10414 0.8232389382965261 1041.4
10415 0.8232734456600456 1041.5
10416 0.8233087012458569 1041.6
10417 0.8233430022428021 1041.7
10418 0.8233771222110556 1041.8
10419 0.8234120196747562 1041.9
10420 0.8234477308602842 1042
10421 0.8234842251372773 1042.1
10422 0.8235214001115057 1042.2
10423 0.8235590563723389 1042.3
10424 0.8235968595166556 1042.4
10425 0.8236344279939556 1042.5
10426 0.8236714658148756 1042.6
10427 0.8237077792068762 1042.7
10428 0.8237432381222632 1042.8
10429 0.823777795340652 1042.9
10430 0.8238114871443291 1043
10431 0.8238443383745045 1043.1
10432 0.8238725576556222 1043.2
10433 0.8238996864183327 1043.3
10434 0.8239269339605826 1043.4
10435 0.8239542785833652 1043.5
10436 0.8239816942766818 1043.6
10437 0.8240091756959593 1043.7
10438 0.8240367418543219 1043.8
10439 0.8240642700135664 1043.9
10440 0.8240915590385617 1044
10441 0.8241191893540148 1044.1
10442 0.8241472321901476 1044.2
10443 0.8241757601911445 1044.3
10444 0.8242048255554403 1044.4
10445 0.8242344973875952 1044.5
10446 0.8242648719347592 1044.6
10447 0.824295986409267 1044.7
10448 0.8243278550745122 1044.8
10449 0.824360366278756 1044.9
10450 0.824393533151765 1045
10451 0.8244258822210667 1045.1
10452 0.8244585289564161 1045.2
10453 0.8244907609909033 1045.3
10454 0.8245218249310129 1045.4
10455 0.8245532022976534 1045.5
10456 0.8245837620176947 1045.6
10457 0.8246141803232849 1045.7
10458 0.8246445350338899 1045.8
10459 0.8246748727238354 1045.9
10460 0.8247052028937397 1046
10461 0.8247355101117926 1046.1
10462 0.8247657068395212 1046.2
10463 0.8247958468732813 1046.3
10464 0.8248256966651928 1046.4
10465 0.8248557582995764 1046.5
10466 0.824886158687458 1046.6
10467 0.8249169767156144 1046.7
10468 0.8249482811487754 1046.8
10469 0.8249801113387514 1046.9
10470 0.8250124653740738 1047
10471 0.8250453547371581 1047.1
10472 0.825078183742265 1047.2
10473 0.8251107671303294 1047.3
10474 0.8251424706598107 1047.4
10475 0.8251745829901663 1047.5
10476 0.8252070934560625 1047.6
10477 0.8252399428925304 1047.7
10478 0.8252721881196003 1047.8
10479 0.8253048271823854 1047.9
10480 0.8253377185130012 1048
10481 0.8253706906838271 1048.1
10482 0.8254036951848158 1048.2
10483 0.8254368198837841 1048.3
10484 0.8254700643973896 1048.4
10485 0.8255034124611054 1048.5
10486 0.8255368101314039 1048.6
10487 0.8255699908754829 1048.7
10488 0.8256030107031409 1048.8
10489 0.8256358287483114 1048.9
10490 0.8256683270697395 1049
10491 0.8257004261944189 1049.1
10492 0.8257320997598238 1049.2
10493 0.8257633686700921 1049.3
10494 0.8257942852823081 1049.4
10495 0.8258228144422957 1049.5
10496 0.8258487983555577 1049.6
10497 0.8258753532265231 1049.7
10498 0.8259024953615047 1049.8
10499 0.8259302297951326 1049.9
10500 0.8259585576285041 1050
10501 0.8259874842907379 1050.1
10502 0.8260170195918182 1050.2
10503 0.8260471755041318 1050.3
10504 0.8260779702973059 1050.4
10505 0.8261094232772068 1050.5
10506 0.8261415377142671 1050.6
10507 0.8261742815174841 1050.7
10508 0.8262075942531423 1050.8
10509 0.8262408539748219 1050.9
10510 0.8262723056004159 1051
10511 0.8263038637660234 1051.1
10512 0.8263353619988796 1051.2
10513 0.8263667430891942 1051.3
10514 0.8263980240576987 1051.4
10515 0.8264291640380886 1051.5
10516 0.8264597165974481 1051.6
10517 0.8264894074207223 1051.7
10518 0.8265187694782848 1051.8
10519 0.826548103737219 1051.9
10520 0.8265776221536066 1052
10521 0.8266072547895533 1052.1
10522 0.8266371126138465 1052.2
10523 0.8266673813768913 1052.3
10524 0.8266981293323441 1052.4
10525 0.8267293942735413 1052.5
10526 0.8267611984101813 1052.6
10527 0.8267935686164934 1052.7
10528 0.8268262678278527 1052.8
10529 0.826856837314474 1052.9
10530 0.8268872820796248 1053
10531 0.8269182385323941 1053.1
10532 0.8269497923727049 1053.2
10533 0.826981928825235 1053.3
10534 0.8270146130616092 1053.4
10535 0.8270477374969796 1053.5
10536 0.827081303990765 1053.6
10537 0.8271151878647539 1053.7
10538 0.8271492977918918 1053.8
10539 0.8271835852568858 1053.9
10540 0.8272180294530632 1054
10541 0.827252565131765 1054.1
10542 0.8272870756674134 1054.2
10543 0.8273215648519947 1054.3
10544 0.8273560439446912 1054.4
10545 0.827389325639263 1054.5
10546 0.827422720208198 1054.6
10547 0.8274562737421204 1054.7
10548 0.8274898749440688 1054.8
10549 0.8275233791031975 1054.9
10550 0.8275566292438588 1055
10551 0.8275894951828957 1055.1
10552 0.8276218820349727 1055.2
10553 0.8276537372345436 1055.3
10554 0.82768502168123 1055.4
10555 0.8277157367454198 1055.5
10556 0.8277414249321998 1055.6
10557 0.8277671193664949 1055.7
10558 0.8277932133411251 1055.8
10559 0.8278197411206806 1055.9
10560 0.8278466285352081 1056
10561 0.8278735893003536 1056.1
10562 0.8279012167118711 1056.2
10563 0.8279295564573803 1056.3
10564 0.8279586585128039 1056.4
10565 0.8279885645091863 1056.5
10566 0.8280192917746928 1056.6
10567 0.8280502291268941 1056.7
10568 0.8280799484945023 1056.8
10569 0.8281100417193689 1056.9
10570 0.8281404498741936 1057
10571 0.8281711137410535 1057.1
10572 0.8282019070064178 1057.2
10573 0.8282327149014328 1057.3
10574 0.82826343034526 1057.4
10575 0.8282939758724385 1057.5
10576 0.8283232545595217 1057.6
10577 0.8283524081486325 1057.7
10578 0.8283814581937679 1057.8
10579 0.8284101637424224 1057.9
10580 0.8284386920098757 1058
10581 0.8284674133389724 1058.1
10582 0.8284964008435768 1058.2
10583 0.8285257385712083 1058.3
10584 0.8285555211557486 1058.4
10585 0.8285858459846451 1058.5
10586 0.8286162194048371 1058.6
10587 0.8286466213767631 1058.7
10588 0.8286777202134951 1058.8
10589 0.8287095637262363 1058.9
10590 0.8287421722675938 1059
10591 0.8287755311348484 1059.1
10592 0.8288095831376255 1059.2
10593 0.8288442106813988 1059.3
10594 0.8288792725453018 1059.4
10595 0.8289146548634789 1059.5
10596 0.8289502232990105 1059.6
10597 0.8289858903214576 1059.7
10598 0.8290215439235159 1059.8
10599 0.8290570693960079 1059.9
10600 0.8290923746104003 1060
10601 0.8291269090836483 1060.1
10602 0.8291607858124448 1060.2
10603 0.8291944804805579 1060.3
10604 0.8292277930102766 1060.4
10605 0.8292610328628056 1060.5
10606 0.8292943170987263 1060.6
10607 0.8293276782486727 1060.7
10608 0.8293607419558354 1060.8
10609 0.8293936084859411 1060.9
10610 0.829426088476432 1061
10611 0.8294582271002562 1061.1
10612 0.8294902681852553 1061.2
10613 0.8295222430060794 1061.3
10614 0.829554205054044 1061.4
10615 0.8295848833446713 1061.5
10616 0.8296122332795116 1061.6
10617 0.8296402131882123 1061.7
10618 0.8296690730611276 1061.8
10619 0.8296987413842543 1061.9
10620 0.8297290912064952 1062
10621 0.8297599807138065 1062.1
10622 0.8297912641113668 1062.2
10623 0.8298214492526471 1062.3
10624 0.8298514752371967 1062.4
10625 0.829881642797316 1062.5
10626 0.8299119822109801 1062.6
10627 0.8299424833594177 1062.7
10628 0.8299731406214869 1062.8
10629 0.8300035592766913 1062.9
10630 0.830032254288865 1063
10631 0.8300606183025383 1063.1
10632 0.8300891365355558 1063.2
10633 0.8301178277284387 1063.3
10634 0.8301465067235707 1063.4
10635 0.8301743040221155 1063.5
10636 0.8302015589253829 1063.6
10637 0.8302289515918558 1063.7
10638 0.8302567576495861 1063.8
10639 0.8302850125632909 1063.9
10640 0.8303136739260053 1064
10641 0.8303421815509369 1064.1
10642 0.8303711561521449 1064.2
10643 0.8304006492629904 1064.3
10644 0.8304298627132201 1064.4
10645 0.8304591416064456 1064.5
10646 0.8304887490966866 1064.6
10647 0.8305189199292408 1064.7
10648 0.8305495743830006 1064.8
10649 0.8305806805016167 1064.9
10650 0.8306122654743969 1065
10651 0.8306442029401075 1065.1
10652 0.8306764194504554 1065.2
10653 0.8307088438555794 1065.3
10654 0.8307414203855885 1065.4
10655 0.8307741122737815 1065.5
10656 0.8308068929608291 1065.6
10657 0.8308397201796275 1065.7
10658 0.8308725682343483 1065.8
10659 0.8309054134936159 1065.9
10660 0.8309381926168165 1066
10661 0.8309706215702889 1066.1
10662 0.8310027962289693 1066.2
10663 0.831034926068384 1066.3
10664 0.8310671585188238 1066.4
10665 0.8310985259717765 1066.5
10666 0.8311299297190847 1066.6
10667 0.8311620096824112 1066.7
10668 0.831195389136708 1066.8
10669 0.8312299852729579 1066.9
10670 0.8312659721186841 1067
10671 0.831298257000182 1067.1
10672 0.8313279144412687 1067.2
10673 0.8313557205694786 1067.3
10674 0.8313791340432889 1067.4
10675 0.8313983406079112 1067.5
10676 0.8314183042883404 1067.6
10677 0.8314405141282912 1067.7
10678 0.8314649773016026 1067.8
10679 0.8314891137257311 1067.9
10680 0.8315125582590525 1068
10681 0.8315362903085723 1068.1
10682 0.8315608929300528 1068.2
10683 0.8315861724620464 1068.3
10684 0.8316124166865696 1068.4
10685 0.8316395634264309 1068.5
10686 0.8316675349833004 1068.6
10687 0.8316962621298466 1068.7
10688 0.8317250823226202 1068.8
10689 0.8317545532985829 1068.9
10690 0.8317846157554732 1069
10691 0.8318150207224798 1069.1
10692 0.8318461563450185 1069.2
10693 0.8318775106912647 1069.3
10694 0.8319086604887158 1069.4
10695 0.8319403784851921 1069.5
10696 0.8319725973985014 1069.6
10697 0.8320052634198526 1069.7
10698 0.8320383033110784 1069.8
10699 0.8320716996988512 1069.9
10700 0.83210346775327 1070
10701 0.8321348616131993 1070.1
10702 0.832166538561972 1070.2
10703 0.8321982311063928 1070.3
10704 0.8322291399658843 1070.4
10705 0.8322602690511075 1070.5
10706 0.8322916128140089 1070.6
10707 0.8323230064100363 1070.7
10708 0.8323545249170412 1070.8
10709 0.8323858921532857 1070.9
10710 0.8324172421883317 1071
10711 0.8324485621241489 1071.1
10712 0.8324798587176115 1071.2
10713 0.8325110935790789 1071.3
10714 0.8325421413803386 1071.4
10715 0.8325729916557328 1071.5
10716 0.8326035804456132 1071.6
10717 0.8326339467036629 1071.7
10718 0.8326641322419548 1071.8
10719 0.8326941684938471 1071.9
10720 0.8327230575562811 1072
10721 0.8327522098390007 1072.1
10722 0.8327817246175974 1072.2
10723 0.8328115891570261 1072.3
10724 0.8328416344460655 1072.4
10725 0.8328721620058378 1072.5
10726 0.8329031174836732 1072.6
10727 0.832934234019117 1072.7
10728 0.832965420032948 1072.8
10729 0.8329967011615328 1072.9
10730 0.8330280156043842 1073
10731 0.8330593363017168 1073.1
10732 0.8330906637303378 1073.2
10733 0.8331220051156293 1073.3
10734 0.8331487269245322 1073.4
10735 0.8331761118416757 1073.5
10736 0.8332024172705046 1073.6
10737 0.8332289111047364 1073.7
10738 0.8332558183384644 1073.8
10739 0.8332830658363792 1073.9
10740 0.8333105996038231 1074
10741 0.833338367056765 1074.1
10742 0.8333663111226389 1074.2
10743 0.8333943671612509 1074.3
10744 0.8334224713766706 1074.4
10745 0.833450666133863 1074.5
10746 0.8334789528313122 1074.6
10747 0.8335073690617817 1074.7
10748 0.8335359594467987 1074.8
10749 0.8335647419433994 1074.9
10750 0.8335937271323637 1075
10751 0.8336229288513175 1075.1
10752 0.8336517204181039 1075.2
10753 0.8336800956356659 1075.3
10754 0.8337087675841407 1075.4
10755 0.8337377893296329 1075.5
10756 0.8337672217058368 1075.6
10757 0.8337970897330275 1075.7
10758 0.8338274218591182 1075.8
10759 0.8338582447062902 1075.9
10760 0.8338895867612093 1076
10761 0.8339214757120187 1076.1
10762 0.8339539347301391 1076.2
10763 0.8339869788871956 1076.3
10764 0.8340206055146613 1076.4
10765 0.8340547901461781 1076.5
10766 0.8340894853093045 1076.6
10767 0.8341241579504579 1076.7
10768 0.8341586014919382 1076.8
10769 0.8341929904722347 1076.9
10770 0.8342272777616451 1077
10771 0.8342613724973746 1077.1
10772 0.8342952333645003 1077.2
10773 0.8343287952472255 1077.3
10774 0.8343616545635129 1077.4
10775 0.8343937394190397 1077.5
10776 0.8344248374981401 1077.6
10777 0.8344557857626294 1077.7
10778 0.8344866545465073 1077.8
10779 0.8345174964738079 1077.9
10780 0.8345484287217456 1078
10781 0.8345795531061928 1078.1
10782 0.8346109473643231 1078.2
10783 0.8346426443322421 1078.3
10784 0.8346746220258001 1078.4
10785 0.8347068136288078 1078.5
10786 0.8347391169830367 1078.6
10787 0.8347714295733351 1078.7
10788 0.8348036765385243 1078.8
10789 0.8348358199543214 1078.9
10790 0.834867849153635 1079
10791 0.8348994654945708 1079.1
10792 0.8349285044893269 1079.2
10793 0.8349533673019306 1079.3
10794 0.8349787938931627 1079.4
10795 0.835004743219839 1079.5
10796 0.835031137121136 1079.6
10797 0.8350578971168011 1079.7
10798 0.8350849591462715 1079.8
10799 0.8351122788823148 1079.9
10800 0.8351398270528295 1080
10801 0.835167585968825 1080.1
10802 0.8351954839096015 1080.2
10803 0.8352235499686166 1080.3
10804 0.8352518176111019 1080.4
10805 0.8352802920622403 1080.5
10806 0.835308953030981 1080.6
10807 0.8353370332017046 1080.7
10808 0.8353654404837482 1080.8
10809 0.8353941780863907 1080.9
10810 0.8354228505172582 1081
10811 0.8354510942830153 1081.1
10812 0.8354788985508017 1081.2
10813 0.8355070885071447 1081.3
10814 0.8355357152712203 1081.4
10815 0.8355648310064497 1081.5
10816 0.8355944499199705 1081.6
10817 0.8356245745053528 1081.7
10818 0.8356551955140221 1081.8
10819 0.8356862924081228 1081.9
10820 0.8357162162429657 1082
10821 0.8357455601903109 1082.1
10822 0.8357751410472914 1082.2
10823 0.8358049797458074 1082.3
10824 0.8358352184145215 1082.4
10825 0.8358658325170578 1082.5
10826 0.835896767863425 1082.6
10827 0.8359279021549839 1082.7
10828 0.8359593412231339 1082.8
10829 0.8359910534326739 1082.9
10830 0.8360230554576757 1083
10831 0.8360553566656332 1083.1
10832 0.8360879435505086 1083.2
10833 0.8361208028009143 1083.3
10834 0.8361539529155747 1083.4
10835 0.8361874319368935 1083.5
10836 0.8362213101796536 1083.6
10837 0.8362553135183997 1083.7
10838 0.8362890058080451 1083.8
10839 0.8363231336669279 1083.9
10840 0.8363578879337308 1084
10841 0.8363923892873163 1084.1
10842 0.8364262020516675 1084.2
10843 0.8364603932415086 1084.3
10844 0.8364948031643846 1084.4
10845 0.8365292806705923 1084.5
10846 0.8365636319964397 1084.6
10847 0.8365976779852189 1084.7
10848 0.8366312896531289 1084.8
10849 0.836664386966034 1084.9
10850 0.8366969572997278 1085
10851 0.8367289495844236 1085.1
10852 0.836755967355345 1085.2
10853 0.8367820567401786 1085.3
10854 0.8368080723619735 1085.4
10855 0.8368342338488679 1085.5
10856 0.8368602148129992 1085.6
10857 0.8368862558304909 1085.7
10858 0.8369118138481436 1085.8
10859 0.8369372341804766 1085.9
10860 0.8369629430893915 1086
10861 0.836988933705005 1086.1
10862 0.8370151870330934 1086.2
10863 0.8370416816783331 1086.3
10864 0.8370682663687941 1086.4
10865 0.8370950867024333 1086.5
10866 0.8371221606772477 1086.6
10867 0.8371493743454854 1086.7
10868 0.8371767641217879 1086.8
10869 0.837204318256803 1086.9
10870 0.8372317222524468 1087
10871 0.8372584296017311 1087.1
10872 0.8372844361926479 1087.2
10873 0.8373106485729129 1087.3
10874 0.8373371084785383 1087.4
10875 0.8373638665864255 1087.5
10876 0.8373909492528138 1087.6
10877 0.8374183818166151 1087.7
10878 0.8374462016221171 1087.8
10879 0.8374744418542813 1087.9
10880 0.837503138874258 1088
10881 0.8375321012503674 1088.1
10882 0.8375600685560582 1088.2
10883 0.8375885076352475 1088.3
10884 0.8376174333027883 1088.4
10885 0.8376468535578215 1088.5
10886 0.8376767726493266 1088.6
10887 0.8377071730101499 1088.7
10888 0.8377380676518198 1088.8
10889 0.8377694276748997 1088.9
10890 0.8378012020915913 1089
10891 0.837833352262403 1089.1
10892 0.8378658715421405 1089.2
10893 0.837898770238574 1089.3
10894 0.8379320093432401 1089.4
10895 0.8379654731326701 1089.5
10896 0.8379990371815396 1089.6
10897 0.8380324933250169 1089.7
10898 0.8380650368009493 1089.8
10899 0.838096030318724 1089.9
10900 0.8381263365577779 1090
10901 0.8381563407960972 1090.1
10902 0.8381860803045146 1090.2
10903 0.8382154824259332 1090.3
10904 0.8382444709471587 1090.4
10905 0.8382729811173752 1090.5
10906 0.8383009961225117 1090.6
10907 0.8383285421328281 1090.7
10908 0.8383556946246024 1090.8
10909 0.8383825675214424 1090.9
10910 0.8384092958566498 1091
10911 0.8384344074436435 1091.1
10912 0.8384570357201337 1091.2
10913 0.8384807244232237 1091.3
10914 0.8385049086107673 1091.4
10915 0.8385293111901929 1091.5
10916 0.8385545251533179 1091.6
10917 0.8385801012064997 1091.7
10918 0.8386063703010971 1091.8
10919 0.838634045662374 1091.9
10920 0.8386636994788563 1092
10921 0.8386945366556975 1092.1
10922 0.8387263488359399 1092.2
10923 0.8387596894920618 1092.3
10924 0.8387937346963238 1092.4
10925 0.838827150376924 1092.5
10926 0.8388583790830372 1092.6
10927 0.8388887012822009 1092.7
10928 0.8389179343065348 1092.8
10929 0.8389460815703191 1092.9
10930 0.8389731983676146 1093
10931 0.8389995155326665 1093.1
10932 0.8390256052222776 1093.2
10933 0.8390508848698573 1093.3
10934 0.8390760892165803 1093.4
10935 0.8391017070796148 1093.5
10936 0.8391279253776273 1093.6
10937 0.8391535928701502 1093.7
10938 0.8391792349456583 1093.8
10939 0.8392086926887917 1093.9
10940 0.8392405723663257 1094
10941 0.839272082925439 1094.1
10942 0.8393024647067745 1094.2
10943 0.8393318232641761 1094.3
10944 0.8393608425000608 1094.4
10945 0.8393893983163808 1094.5
10946 0.8394189101849547 1094.6
10947 0.8394464439917629 1094.7
10948 0.8394735347107793 1094.8
10949 0.8394989120981413 1094.9
10950 0.8395249732315311 1095
10951 0.8395521305955309 1095.1
10952 0.8395801920165016 1095.2
10953 0.8396091205503942 1095.3
10954 0.8396394439266444 1095.4
10955 0.8396711949490896 1095.5
10956 0.8397043021398599 1095.6
10957 0.8397386114038056 1095.7
10958 0.839773992462821 1095.8
10959 0.8398103589488564 1095.9
10960 0.8398475338096457 1096
10961 0.8398852729744124 1096.1
10962 0.8399232677635491 1096.2
10963 0.8399608944194016 1096.3
10964 0.8399980717487588 1096.4
10965 0.8400344622384592 1096.5
10966 0.8400697727828197 1096.6
10967 0.8401030865163666 1096.7
10968 0.8401350079805199 1096.8
10969 0.8401643084846475 1096.9
10970 0.8401926326986334 1097
10971 0.8402202308923137 1097.1
10972 0.840243278348451 1097.2
10973 0.8402660272815949 1097.3
10974 0.8402892653066262 1097.4
10975 0.8403125860809495 1097.5
10976 0.8403360097906402 1097.6
10977 0.8403599530213626 1097.7
10978 0.840384438542655 1097.8
10979 0.8404094701432721 1097.9
10980 0.8404344020879025 1098
10981 0.8404593992024993 1098.1
10982 0.8404849358119975 1098.2
10983 0.8405110081593676 1098.3
10984 0.8405376004653546 1098.4
10985 0.8405647245564762 1098.5
10986 0.8405924258346984 1098.6
10987 0.8406207121489649 1098.7
10988 0.840649575686601 1098.8
10989 0.8406784862511941 1098.9
10990 0.8407062578282635 1099
10991 0.8407344652276371 1099.1
10992 0.8407630685705362 1099.2
10993 0.8407920204093761 1099.3
10994 0.8408212973544901 1099.4
10995 0.8408508470602324 1099.5
10996 0.8408797779234023 1099.6
10997 0.8409088984818813 1099.7
10998 0.8409372474552029 1099.8
10999 0.8409648831641406 1099.9
11000 0.8409919498537149 1100
11001 0.8410191545430479 1100.1
11002 0.8410464062169782 1100.2
11003 0.8410736231645656 1100.3
11004 0.8411007156253176 1100.4
11005 0.8411277927893064 1100.5
11006 0.8411540095780495 1100.6
11007 0.8411800727070994 1100.7
11008 0.8412062748837458 1100.8
11009 0.8412326028703168 1100.9
11010 0.841259137323815 1101
11011 0.8412859137008722 1101.1
11012 0.8413129360625365 1101.2
11013 0.8413402226317781 1101.3
11014 0.841367709199314 1101.4
11015 0.8413952273443771 1101.5
11016 0.8414231431125557 1101.6
11017 0.8414515095039115 1101.7
11018 0.8414803681358269 1101.8
11019 0.8415097172740744 1101.9
11020 0.841539501758605 1102
11021 0.8415698134007916 1102.1
11022 0.8415990712177315 1102.2
11023 0.8416288824277214 1102.3
11024 0.8416591930358185 1102.4
11025 0.8416899420880507 1102.5
11026 0.8417209589672696 1102.6
11027 0.8417520243854898 1102.7
11028 0.8417829066969426 1102.8
11029 0.8418134053137755 1102.9
11030 0.8418433797202954 1103
11031 0.8418728099898608 1103.1
11032 0.8419017451773022 1103.2
11033 0.841930262592934 1103.3
11034 0.8419572602996105 1103.4
11035 0.8419808862226879 1103.5
11036 0.8420050236020383 1103.6
11037 0.8420297081855627 1103.7
11038 0.8420549609617135 1103.8
11039 0.8420807790030846 1103.9
11040 0.8421071154802962 1104
11041 0.8421339606628767 1104.1
11042 0.8421612926301013 1104.2
11043 0.8421890643497616 1104.3
11044 0.8422171910792792 1104.4
11045 0.8422439913254757 1104.5
11046 0.8422708919482143 1104.6
11047 0.8422977959760293 1104.7
11048 0.842324517374629 1104.8
11049 0.8423511835863261 1104.9
11050 0.8423768308609526 1105
11051 0.8424024973523835 1105.1
11052 0.8424283114996746 1105.2
11053 0.8424542845729966 1105.3
11054 0.8424802259798233 1105.4
11055 0.8425063860325391 1105.5
11056 0.8425328194672675 1105.6
11057 0.8425595656555813 1105.7
11058 0.8425866391242908 1105.8
11059 0.8426140282261506 1105.9
11060 0.8426417239103737 1106
11061 0.8426696918243299 1106.1
11062 0.8426978670836742 1106.2
11063 0.8427261749680108 1106.3
11064 0.8427541818569502 1106.4
11065 0.8427818625735861 1106.5
11066 0.8428081457460228 1106.6
11067 0.8428340285133856 1106.7
11068 0.8428595964053049 1106.8
11069 0.8428851471552823 1106.9
11070 0.8429106592145471 1107
11071 0.8429361345098584 1107.1
11072 0.8429615975424629 1107.2
11073 0.8429870871443713 1107.3
11074 0.8430126428601543 1107.4
11075 0.8430383075944348 1107.5
11076 0.8430641282203055 1107.6
11077 0.8430901549917666 1107.7
11078 0.8431164409999763 1107.8
11079 0.8431430428686348 1107.9
11080 0.8431700203821404 1108
11081 0.8431974360245013 1108.1
11082 0.8432251411743578 1108.2
11083 0.8432534011091093 1108.3
11084 0.8432823536484945 1108.4
11085 0.8433120457882259 1108.5
11086 0.8433424547853525 1108.6
11087 0.8433732454059077 1108.7
11088 0.8434043353303102 1108.8
11089 0.8434362068954347 1108.9
11090 0.8434688453353349 1109
11091 0.8435021495545151 1109.1
11092 0.8435353269680349 1109.2
11093 0.8435687796931887 1109.3
11094 0.843602325101302 1109.4
11095 0.8436343940202766 1109.5
11096 0.8436660562178051 1109.6
11097 0.8436975071276994 1109.7
11098 0.843728845408268 1109.8
11099 0.8437600211514514 1109.9
11100 0.8437910161345462 1110
11101 0.843818258907832 1110.1
11102 0.8438450793558451 1110.2
11103 0.8438721196580115 1110.3
11104 0.8438998923740731 1110.4
11105 0.8439284026047846 1110.5
11106 0.8439576687295041 1110.6
11107 0.8439872740638175 1110.7
11108 0.8440149956378744 1110.8
11109 0.8440422379255174 1110.9
11110 0.844069250968238 1111
11111 0.8440965616713162 1111.1
11112 0.8441241238111474 1111.2
11113 0.8441519449301587 1111.3
11114 0.8441797478508478 1111.4
11115 0.8442059823494159 1111.5
11116 0.8442323569772152 1111.6
11117 0.8442588314013908 1111.7
11118 0.844285367587899 1111.8
11119 0.8443119298489192 1111.9
11120 0.8443385137321662 1112
11121 0.8443651277657159 1112.1
11122 0.8443917932479814 1112.2
11123 0.8444185399264575 1112.3
11124 0.8444454059197009 1112.4
11125 0.8444724034581632 1112.5
11126 0.8444995724969303 1112.6
11127 0.8445270013612536 1112.7
11128 0.844554339477791 1112.8
11129 0.8445800666570046 1112.9
11130 0.8446061050163463 1113
11131 0.844632438817934 1113.1
11132 0.8446590461242264 1113.2
11133 0.8446859149502489 1113.3
11134 0.8447130289963675 1113.4
11135 0.8447403737552143 1113.5
11136 0.8447678376812975 1113.6
11137 0.844795381209925 1113.7
11138 0.8448230989301073 1113.8
11139 0.8448509853882827 1113.9
11140 0.8448790110608766 1114
11141 0.8449070938520665 1114.1
11142 0.8449351184875225 1114.2
11143 0.8449631519262916 1114.3
11144 0.8449911766850833 1114.4
11145 0.8450192030194106 1114.5
11146 0.8450468476772109 1114.6
11147 0.8450743373508909 1114.7
11148 0.8451012063268128 1114.8
11149 0.8451267649742682 1114.9
11150 0.8451528764326411 1115
11151 0.8451795655379879 1115.1
11152 0.8452068414262365 1115.2
11153 0.8452347065621054 1115.3
11154 0.8452631253326328 1115.4
11155 0.8452920152220909 1115.5
11156 0.8453213004662994 1115.6
11157 0.8453508676994235 1115.7
11158 0.8453802261442793 1115.8
11159 0.8454080279792318 1115.9
11160 0.8454352991788106 1116
11161 0.8454625841441642 1116.1
11162 0.8454898840619419 1116.2
11163 0.845517214573745 1116.3
11164 0.8455446008745264 1116.4
11165 0.8455720654096237 1116.5
11166 0.8455996498477376 1116.6
11167 0.8456273677001288 1116.7
11168 0.8456552145005533 1116.8
11169 0.8456831753602995 1116.9
11170 0.8457102198682729 1117
11171 0.8457364252334447 1117.1
11172 0.8457628562739932 1117.2
11173 0.8457894668888716 1117.3
11174 0.8458136846966561 1117.4
11175 0.8458362020343766 1117.5
11176 0.8458594589695594 1117.6
11177 0.8458834202993837 1117.7
11178 0.84590805259431 1117.8
11179 0.8459333102078771 1117.9
11180 0.8459591507044264 1118
11181 0.8459855429247835 1118.1
11182 0.8460124670884247 1118.2
11183 0.846039915055088 1118.3
11184 0.8460678920544046 1118.4
11185 0.8460964150167484 1118.5
11186 0.8461255072629336 1118.6
11187 0.8461552041093776 1118.7
11188 0.8461855416619233 1118.8
11189 0.8462151766994005 1118.9
11190 0.8462452303190331 1119
11191 0.8462760252774756 1119.1
11192 0.846307460591573 1119.2
11193 0.8463394335829608 1119.3
11194 0.8463716540057598 1119.4
11195 0.8464041586015362 1119.5
11196 0.8464359021348173 1119.6
11197 0.8464656437653839 1119.7
11198 0.8464946298619418 1119.8
11199 0.8465236056397489 1119.9
11200 0.8465526410486683 1120
11201 0.8465816801371804 1120.1
11202 0.8466105049244065 1120.2
11203 0.8466389406063495 1120.3
11204 0.8466673535640482 1120.4
11205 0.8466957639989537 1120.5
11206 0.8467241495554776 1120.6
11207 0.8467524880033855 1120.7
11208 0.8467802445498049 1120.8
11209 0.8468076441457224 1120.9
11210 0.8468347650009255 1121
11211 0.8468609832062021 1121.1
11212 0.8468872780634803 1121.2
11213 0.8469137118783883 1121.3
11214 0.8469403492379183 1121.4
11215 0.8469672468674238 1121.5
11216 0.8469944630959856 1121.6
11217 0.8470220674277861 1121.7
11218 0.8470499521328766 1121.8
11219 0.847078313433926 1121.9
11220 0.8471072958633431 1122
11221 0.8471369681389825 1122.1
11222 0.8471673845870817 1122.2
11223 0.8471962425522065 1122.3
11224 0.8472253687844393 1122.4
11225 0.8472551470444151 1122.5
11226 0.8472853817182344 1122.6
11227 0.8473158434763257 1122.7
11228 0.847345474209646 1122.8
11229 0.8473741270515078 1122.9
11230 0.8474016263783792 1123
11231 0.8474289491290431 1123.1
11232 0.8474560603572433 1123.2
11233 0.847482876678223 1123.3
11234 0.8475095568552503 1123.4
11235 0.8475362072900061 1123.5
11236 0.8475629172569761 1123.6
11237 0.8475897398992285 1123.7
11238 0.8476168573080309 1123.8
11239 0.8476444118169016 1123.9
11240 0.8476725062985025 1124
11241 0.8477012197070588 1124.1
11242 0.8477298775452586 1124.2
11243 0.847757293659996 1124.3
11244 0.8477853571489833 1124.4
11245 0.8478139933741549 1124.5
11246 0.8478430033147633 1124.6
11247 0.8478723866702255 1124.7
11248 0.8479022661183911 1124.8
11249 0.8479324554971361 1124.9
11250 0.8479627531839555 1125
11251 0.8479929044266457 1125.1
11252 0.848019452183024 1125.2
11253 0.8480434106386412 1125.3
11254 0.8480668169885494 1125.4
11255 0.8480902450295708 1125.5
11256 0.8481136535208452 1125.6
11257 0.8481370514325758 1125.7
11258 0.8481604970049458 1125.8
11259 0.8481840834706054 1125.9
11260 0.848207921893399 1126
11261 0.8482321332696988 1126.1
11262 0.848256839406078 1126.2
11263 0.848282155231594 1126.3
11264 0.8483081837853262 1126.4
11265 0.8483350101093697 1126.5
11266 0.8483627011647867 1126.6
11267 0.8483913002621923 1126.7
11268 0.8484190576459676 1126.8
11269 0.848447369053392 1126.9
11270 0.8484764251151065 1127
11271 0.848506072989761 1127.1
11272 0.8485359908666968 1127.2
11273 0.8485649646537947 1127.3
11274 0.8485924781791003 1127.4
11275 0.8486194540876273 1127.5
11276 0.8486462209277785 1127.6
11277 0.8486727491526748 1127.7
11278 0.8486989988786645 1127.8
11279 0.8487249950122955 1127.9
11280 0.8487511044705007 1128
11281 0.8487774901868653 1128.1
11282 0.8488042995844949 1128.2
11283 0.8488316433644605 1128.3
11284 0.848859558904048 1128.4
11285 0.848888042474106 1128.5
11286 0.8489171664936578 1128.6
11287 0.8489467077079487 1128.7
11288 0.8489766129119886 1128.8
11289 0.8490065686636699 1128.9
11290 0.8490351690015906 1129
11291 0.8490638000199671 1129.1
11292 0.8490927251615146 1129.2
11293 0.8491219304307436 1129.3
11294 0.8491513795667204 1129.4
11295 0.8491810370436894 1129.5
11296 0.8492093921323464 1129.6
11297 0.849237265130187 1129.7
11298 0.8492652075121615 1129.8
11299 0.8492931382940933 1129.9
11300 0.8493197181723993 1130
11301 0.8493458709215674 1130.1
11302 0.8493719175821365 1130.2
11303 0.8493978536559461 1130.3
11304 0.8494237110859274 1130.4
11305 0.8494495057639847 1130.5
11306 0.8494753782212368 1130.6
11307 0.8495014463353782 1130.7
11308 0.8495278247149161 1130.8
11309 0.84955462121315 1130.9
11310 0.8495819382156871 1131
11311 0.8496098702215376 1131.1
11312 0.8496384831495359 1131.2
11313 0.8496675506371801 1131.3
11314 0.8496970892125241 1131.4
11315 0.8497257281335979 1131.5
11316 0.849755283896852 1131.6
11317 0.849785727133114 1131.7
11318 0.8498170156258918 1131.8
11319 0.8498490917242439 1131.9
11320 0.8498817174725164 1132
11321 0.8499145698643504 1132.1
11322 0.8499452928776561 1132.2
11323 0.8499758536093182 1132.3
11324 0.8500060915241914 1132.4
11325 0.8500359093001902 1132.5
11326 0.850065263583881 1132.6
11327 0.8500941871070437 1132.7
11328 0.850122927309943 1132.8
11329 0.8501513615833617 1132.9
11330 0.8501797978125744 1133
11331 0.8502082693321249 1133.1
11332 0.8502350484492431 1133.2
11333 0.850259497063134 1133.3
11334 0.8502845416570213 1133.4
11335 0.8503095270706437 1133.5
11336 0.850335483642469 1133.6
11337 0.8503623854692508 1133.7
11338 0.8503901915030314 1133.8
11339 0.8504188459089561 1133.9
11340 0.8504482740732644 1134
11341 0.8504783933429456 1134.1
11342 0.8505091440320971 1134.2
11343 0.8505404245928513 1134.3
11344 0.8505721133622458 1134.4
11345 0.8506040709703885 1134.5
11346 0.850634404805806 1134.6
11347 0.8506631438755172 1134.7
11348 0.850691692446806 1134.8
11349 0.8507198729141169 1134.9
11350 0.8507474305997796 1135
11351 0.8507738863358256 1135.1
11352 0.850798450590699 1135.2
11353 0.850822087116577 1135.3
11354 0.8508453812737995 1135.4
11355 0.8508684577973213 1135.5
11356 0.8508914514656414 1135.6
11357 0.8509137141067793 1135.7
11358 0.8509361557198124 1135.8
11359 0.8509584429394699 1135.9
11360 0.8509809709199075 1136
11361 0.8510039086783395 1136.1
11362 0.8510273265700689 1136.2
11363 0.8510512598530772 1136.3
11364 0.8510757035025431 1136.4
11365 0.8511003103218661 1136.5
11366 0.8511253934494737 1136.6
11367 0.8511510352786609 1136.7
11368 0.8511772419887277 1136.8
11369 0.851204017186315 1136.9
11370 0.8512313626925387 1137
11371 0.8512590993981819 1137.1
11372 0.8512873304432412 1137.2
11373 0.8513162201434126 1137.3
11374 0.8513457941565947 1137.4
11375 0.8513743821802284 1137.5
11376 0.8514034850521985 1137.6
11377 0.8514333219376512 1137.7
11378 0.8514638761773129 1137.8
11379 0.8514950921484767 1137.9
11380 0.8515268832224336 1138
11381 0.8515580400822511 1138.1
11382 0.8515888564357228 1138.2
11383 0.8516197317908006 1138.3
11384 0.8516502063097303 1138.4
11385 0.8516785959843675 1138.5
11386 0.8517067248126052 1138.6
11387 0.851734328140703 1138.7
11388 0.8517616815514135 1138.8
11389 0.8517889234113576 1138.9
11390 0.8518161829548363 1139
11391 0.851843636105108 1139.1
11392 0.851871416474197 1139.2
11393 0.8518996284542182 1139.3
11394 0.8519283168849725 1139.4
11395 0.8519575225293062 1139.5
11396 0.8519872722504906 1139.6
11397 0.8520175499114343 1139.7
11398 0.8520482134249903 1139.8
11399 0.8520773782603696 1139.9
11400 0.8521067847827469 1140
11401 0.8521363133791742 1140.1
11402 0.8521658956323754 1140.2
11403 0.8521955052128022 1140.3
11404 0.8522241811768717 1140.4
11405 0.8522523199054334 1140.5
11406 0.8522804222639422 1140.6
11407 0.8523085626325736 1140.7
11408 0.8523366873882722 1140.8
11409 0.852363703644531 1140.9
11410 0.8523903167938018 1141
11411 0.8524169521468489 1141.1
11412 0.8524435515604918 1141.2
11413 0.8524701674362691 1141.3
11414 0.8524967936288972 1141.4
11415 0.8525234537226112 1141.5
11416 0.8525501789285173 1141.6
11417 0.8525760625424547 1141.7
11418 0.8525987983522009 1141.8
11419 0.8526223350784912 1141.9
11420 0.8526466703971988 1142
11421 0.8526717783622374 1142.1
11422 0.8526976027343458 1142.2
11423 0.8527240336647409 1142.3
11424 0.85275091425058 1142.4
11425 0.8527779836488319 1142.5
11426 0.8528032940324133 1142.6
11427 0.8528287803143717 1142.7
11428 0.8528544072456345 1142.8
11429 0.8528801922989276 1142.9
11430 0.852906181260461 1143
11431 0.8529324464788139 1143.1
11432 0.8529590794962411 1143.2
11433 0.8529861582465867 1143.3
11434 0.8530123277731043 1143.4
11435 0.8530383524733243 1143.5
11436 0.853065064106436 1143.6
11437 0.8530924804285872 1143.7
11438 0.8531205672145014 1143.8
11439 0.8531492337183283 1143.9
11440 0.8531783320352849 1144
11441 0.8532068614482923 1144.1
11442 0.8532344318425104 1144.2
11443 0.8532612722937362 1144.3
11444 0.8532877705293349 1144.4
11445 0.853314099597922 1144.5
11446 0.8533402027971045 1144.6
11447 0.8533660590923182 1144.7
11448 0.8533916846313079 1144.8
11449 0.8534171260853098 1144.9
11450 0.8534424480188749 1145
11451 0.8534677259028142 1145.1
11452 0.8534930117967705 1145.2
11453 0.8535183902772515 1145.3
11454 0.8535439703593604 1145.4
11455 0.8535698722107321 1145.5
11456 0.8535961946213148 1145.6
11457 0.8536230000104964 1145.7
11458 0.8536496677411511 1145.8
11459 0.8536758615472805 1145.9
11460 0.853702614833327 1146
11461 0.8537299356506939 1146.1
11462 0.8537578426009659 1146.2
11463 0.8537863355867664 1146.3
11464 0.8538153888421726 1146.4
11465 0.8538449628466827 1146.5
11466 0.8538749936379119 1146.6
11467 0.8539053696310771 1146.7
11468 0.8539359723804857 1146.8
11469 0.8539661387115779 1146.9
11470 0.853994424792577 1147
11471 0.8540221081085643 1147.1
11472 0.8540498548364631 1147.2
11473 0.8540777147405911 1147.3
11474 0.8541057489859915 1147.4
11475 0.8541340217952463 1147.5
11476 0.8541625856380007 1147.6
11477 0.8541914476182042 1147.7
11478 0.8542205860706514 1147.8
11479 0.8542499329182058 1147.9
11480 0.8542793576566773 1148
11481 0.854307411483776 1148.1
11482 0.8543354304980576 1148.2
11483 0.8543634934904135 1148.3
11484 0.854391576777213 1148.4
11485 0.8544196811720427 1148.5
11486 0.8544478087666594 1148.6
11487 0.8544759422590995 1148.7
11488 0.8545029404076434 1148.8
11489 0.8545292990191778 1148.9
11490 0.8545556252905938 1149
11491 0.8545819445397483 1149.1
11492 0.8546082937614294 1149.2
11493 0.8546346780425667 1149.3
11494 0.8546611581681326 1149.4
11495 0.8546877724211814 1149.5
11496 0.8547145566483201 1149.6
11497 0.8547415397192172 1149.7
11498 0.8547687455006714 1149.8
11499 0.8547961958919975 1149.9
11500 0.854823913569068 1150
11501 0.8548519174832516 1150.1
11502 0.8548801880849946 1150.2
11503 0.8549087607389237 1150.3
11504 0.8549376666016989 1150.4
11505 0.8549663057605318 1150.5
11506 0.8549941880831246 1150.6
11507 0.8550224839213659 1150.7
11508 0.8550512261332395 1150.8
11509 0.8550779613560477 1150.9
11510 0.8551044599246367 1151
11511 0.8551318086106625 1151.1
11512 0.8551599869743023 1151.2
11513 0.8551889914364297 1151.3
11514 0.855218725211556 1151.4
11515 0.8552490320963686 1151.5
11516 0.8552797093636345 1151.6
11517 0.855310058355108 1151.7
11518 0.855337668481135 1151.8
11519 0.8553646440072485 1151.9
11520 0.8553910299005929 1152
11521 0.8554168641142772 1152.1
11522 0.855442147104188 1152.2
11523 0.8554669074562848 1152.3
11524 0.8554912386260496 1152.4
11525 0.8555153357709858 1152.5
11526 0.8555392283396203 1152.6
11527 0.8555621051227924 1152.7
11528 0.855585071438378 1152.8
11529 0.855608204039497 1152.9
11530 0.8556315780060715 1153
11531 0.8556552280684924 1153.1
11532 0.8556786808238478 1153.2
11533 0.8557024359793236 1153.3
11534 0.855726602757226 1153.4
11535 0.8557512164641969 1153.5
11536 0.8557762970854952 1153.6
11537 0.8558018551916989 1153.7
11538 0.8558278934589795 1153.8
11539 0.8558544090468432 1153.9
11540 0.8558813997388217 1154
11541 0.8559080085810841 1154.1
11542 0.8559348876567353 1154.2
11543 0.855962334678029 1154.3
11544 0.8559903514359085 1154.4
11545 0.8560188306070307 1154.5
11546 0.8560478070329313 1154.6
11547 0.8560768240507858 1154.7
11548 0.8561058744204126 1154.8
11549 0.8561354278164557 1154.9
11550 0.856163920215759 1155
11551 0.8561920550096419 1155.1
11552 0.8562201784131344 1155.2
11553 0.8562473643109212 1155.3
11554 0.8562737836228801 1155.4
11555 0.8563000455376119 1155.5
11556 0.8563261535681003 1155.6
11557 0.8563521467921632 1155.7
11558 0.8563780783385024 1155.8
11559 0.8564039516874422 1155.9
11560 0.8564300341496712 1156
11561 0.8564562662647104 1156.1
11562 0.8564818710292771 1156.2
11563 0.8565080167317518 1156.3
11564 0.8565347721636838 1156.4
11565 0.8565621534720045 1156.5
11566 0.8565900000280852 1156.6
11567 0.8566162815814333 1156.7
11568 0.8566430065144971 1156.8
11569 0.8566700425587265 1156.9
11570 0.8566972905140183 1157
11571 0.8567246659702078 1157.1
11572 0.8567521044817062 1157.2
11573 0.8567795780289967 1157.3
11574 0.8568070833383459 1157.4
11575 0.8568346430555552 1157.5
11576 0.8568622369833785 1157.6
11577 0.8568899200067512 1157.7
11578 0.8569177460302567 1157.8
11579 0.8569457179639413 1157.9
11580 0.8569738628489043 1158
11581 0.8570022450553946 1158.1
11582 0.8570309015582532 1158.2
11583 0.8570598517386689 1158.3
11584 0.8570890844788689 1158.4
11585 0.8571185445031099 1158.5
11586 0.8571481203722924 1158.6
11587 0.8571776664091488 1158.7
11588 0.8572062501754418 1158.8
11589 0.8572335542197865 1158.9
11590 0.8572602951351386 1159
11591 0.8572864413466222 1159.1
11592 0.8573122561147137 1159.2
11593 0.8573377431456182 1159.3
11594 0.8573629550962245 1159.4
11595 0.8573879635309118 1159.5
11596 0.8574128467638725 1159.6
11597 0.8574377037189143 1159.7
11598 0.8574626313311499 1159.8
11599 0.8574877177170263 1159.9
11600 0.85751304054297 1160
11601 0.8575386666947172 1160.1
11602 0.8575646556577008 1160.2
11603 0.8575885104424968 1160.3
11604 0.8576122942390965 1160.4
11605 0.8576365471164211 1160.5
11606 0.8576617260060524 1160.6
11607 0.8576878754015506 1160.7
11608 0.8577148272394453 1160.8
11609 0.8577426979460346 1160.9
11610 0.857771094872824 1161
11611 0.8577993941488697 1161.1
11612 0.8578285756332273 1161.2
11613 0.8578568500289508 1161.3
11614 0.857885102531206 1161.4
11615 0.8579139430635513 1161.5
11616 0.8579432669602792 1161.6
11617 0.8579729882080411 1161.7
11618 0.8580030169249702 1161.8
11619 0.8580332712144505 1161.9
11620 0.858063356649815 1162
11621 0.858092717280727 1162.1
11622 0.8581220695262058 1162.2
11623 0.8581514070263008 1162.3
11624 0.8581806176644581 1162.4
11625 0.8582095285470481 1162.5
11626 0.8582364272303958 1162.6
11627 0.8582625851503367 1162.7
11628 0.858288305413758 1162.8
11629 0.8583136933163882 1162.9
11630 0.858338783023154 1163
11631 0.8583636292051879 1163.1
11632 0.8583882999278788 1163.2
11633 0.8584128680258847 1163.3
11634 0.8584374038517413 1163.4
11635 0.8584619107439699 1163.5
11636 0.858486430808135 1163.6
11637 0.8585110583251383 1163.7
11638 0.8585358827342926 1163.8
11639 0.8585609145718719 1163.9
11640 0.8585861566435844 1164
11641 0.8586116055592928 1164.1
11642 0.8586370978575713 1164.2
11643 0.8586627446017844 1164.3
11644 0.8586886274326626 1164.4
11645 0.8587147540926886 1164.5
11646 0.858741136276818 1164.6
11647 0.8587677807182167 1164.7
11648 0.8587942815645402 1164.8
11649 0.8588201405815641 1164.9
11650 0.8588465277051466 1165
11651 0.8588734572284917 1165.1
11652 0.8589008212237448 1165.2
11653 0.858928812080067 1165.3
11654 0.858957477462283 1165.4
11655 0.858986779334581 1165.5
11656 0.8590167771373967 1165.6
11657 0.8590474888082104 1165.7
11658 0.859077824339413 1165.8
11659 0.8591083507298397 1165.9
11660 0.859139257528586 1166
11661 0.8591701840147761 1166.1
11662 0.8592000371888662 1166.2
11663 0.8592300974247745 1166.3
11664 0.8592601336518001 1166.4
11665 0.8592895798276399 1166.5
11666 0.8593189000136034 1166.6
11667 0.8593472544614222 1166.7
11668 0.8593744178394306 1166.8
11669 0.8594016518766683 1166.9
11670 0.8594289333716474 1167
11671 0.8594562626739882 1167.1
11672 0.8594835400901625 1167.2
11673 0.8595095962095678 1167.3
11674 0.859535628181524 1167.4
11675 0.8595615665081178 1167.5
11676 0.8595873943807737 1167.6
11677 0.859613067579617 1167.7
11678 0.8596387033455716 1167.8
11679 0.8596643629880856 1167.9
11680 0.8596900675539536 1168
11681 0.859715521250038 1168.1
11682 0.8597408160978839 1168.2
11683 0.8597662724491395 1168.3
11684 0.8597919034402104 1168.4
11685 0.8598177192500048 1168.5
11686 0.8598437218271355 1168.6
11687 0.8598699061358902 1168.7
11688 0.8598962739117525 1168.8
11689 0.8599228005637325 1168.9
11690 0.8599494226520374 1169
11691 0.8599761794610825 1169.1
11692 0.8600030614301166 1169.2
11693 0.8600300736968175 1169.3
11694 0.8600572262623544 1169.4
11695 0.8600844839225451 1169.5
11696 0.8601118693831259 1169.6
11697 0.8601394211355428 1169.7
11698 0.8601671663040639 1169.8
11699 0.8601951075568206 1169.9
11700 0.8602232034740139 1170
11701 0.860251361970474 1170.1
11702 0.860276745277699 1170.2
11703 0.8602997471366856 1170.3
11704 0.8603229594125743 1170.4
11705 0.8603464005364359 1170.5
11706 0.8603701440965267 1170.6
11707 0.8603942244726916 1170.7
11708 0.8604187578318307 1170.8
11709 0.8604438442234986 1170.9
11710 0.8604695207702675 1171
11711 0.8604936421590448 1171.1
11712 0.8605181082735808 1171.2
11713 0.8605428646361174 1171.3
11714 0.8605678233041089 1171.4
11715 0.8605929352628865 1171.5
11716 0.8606179440572195 1171.6
11717 0.8606429755988756 1171.7
11718 0.8606681022046957 1171.8
11719 0.8606932065353624 1171.9
11720 0.8607185229157619 1172
11721 0.8607441094649115 1172.1
11722 0.8607700136697589 1172.2
11723 0.8607962777063017 1172.3
11724 0.8608209186498759 1172.4
11725 0.860845776281318 1172.5
11726 0.860871002613517 1172.6
11727 0.8608965966403257 1172.7
11728 0.8609225586809048 1172.8
11729 0.8609488852770127 1172.9
11730 0.8609755657095183 1173
11731 0.861002582115215 1173.1
11732 0.861029922640794 1173.2
11733 0.861057611720363 1173.3
11734 0.8610856782732831 1173.4
11735 0.8611141608698056 1173.5
11736 0.8611430302383604 1173.6
11737 0.8611723069516068 1173.7
11738 0.8612012317615267 1173.8
11739 0.8612306938378084 1173.9
11740 0.861260755616902 1174
11741 0.8612914081268009 1174.1
11742 0.8613225873504018 1174.2
11743 0.8613541823130084 1174.3
11744 0.8613860635987401 1174.4
11745 0.8614180821642827 1174.5
11746 0.8614485434270611 1174.6
11747 0.861476721765371 1174.7
11748 0.8615047998949791 1174.8
11749 0.8615327185335112 1174.9
11750 0.8615604657984883 1175
11751 0.8615880529917698 1175.1
11752 0.8616154352013351 1175.2
11753 0.8616425398963042 1175.3
11754 0.8616694532738162 1175.4
11755 0.8616961448808077 1175.5
11756 0.8617223175461531 1175.6
11757 0.8617465272795717 1175.7
11758 0.8617705081304721 1175.8
11759 0.8617942582479367 1175.9
11760 0.8618177888498885 1176
11761 0.861841135617908 1176.1
11762 0.8618643152918547 1176.2
11763 0.8618873759932217 1176.3
11764 0.8619103617849014 1176.4
11765 0.8619318629370279 1176.5
11766 0.8619537164777242 1176.6
11767 0.8619759489729809 1176.7
11768 0.8619985830321111 1176.8
11769 0.8620216403823375 1176.9
11770 0.8620451386119764 1177
11771 0.8620690927668037 1177.1
11772 0.8620935207808718 1177.2
11773 0.862118433034081 1177.3
11774 0.8621438412056392 1177.4
11775 0.8621696205645439 1177.5
11776 0.8621957918594605 1177.6
11777 0.8622225041904554 1177.7
11778 0.8622497765577407 1177.8
11779 0.862277633706053 1177.9
11780 0.8623061008477902 1178
11781 0.8623352012448892 1178.1
11782 0.8623649591592325 1178.2
11783 0.862394828205573 1178.3
11784 0.8624238820239872 1178.4
11785 0.8624535635699752 1178.5
11786 0.8624838368483952 1178.6
11787 0.8625146006196955 1178.7
11788 0.8625455629163931 1178.8
11789 0.8625769056115898 1178.9
11790 0.8626085508207203 1179
11791 0.8626403967884804 1179.1
11792 0.8626723062538015 1179.2
11793 0.8627041437041854 1179.3
11794 0.8627357051975542 1179.4
11795 0.8627668039112485 1179.5
11796 0.8627972464034253 1179.6
11797 0.8628253008930072 1179.7
11798 0.8628522839989399 1179.8
11799 0.8628786097374629 1179.9
11800 0.8629045247475252 1180
11801 0.8629301473592422 1180.1
11802 0.8629556144034689 1180.2
11803 0.8629810703540762 1180.3
11804 0.8630066403410813 1180.4
11805 0.8630324808756517 1180.5
11806 0.8630562674795365 1180.6
11807 0.8630796699561686 1180.7
11808 0.8631038852150552 1180.8
11809 0.8631290297549384 1180.9
11810 0.8631551410617779 1181
11811 0.8631819728696178 1181.1
11812 0.8632080066645768 1181.2
11813 0.863234649098514 1181.3
11814 0.8632616364038191 1181.4
11815 0.8632875178767743 1181.5
11816 0.8633134247700386 1181.6
11817 0.8633395284522349 1181.7
11818 0.8633655365043705 1181.8
11819 0.8633906626717875 1181.9
11820 0.8634152036273662 1182
11821 0.8634393345181683 1182.1
11822 0.863463307261647 1182.2
11823 0.8634873045292696 1182.3
11824 0.8635113254564197 1182.4
11825 0.8635353651382115 1182.5
11826 0.8635594715795623 1182.6
11827 0.8635836926264463 1182.7
11828 0.8636080759759923 1182.8
11829 0.8636326380230378 1182.9
11830 0.8636573964288823 1183
11831 0.8636823718654787 1183.1
11832 0.8637075833724817 1183.2
11833 0.863733044630639 1183.3
11834 0.8637587842691871 1183.4
11835 0.8637848453911031 1183.5
11836 0.863811244002914 1183.6
11837 0.8638379763757532 1183.7
11838 0.8638650241443524 1183.8
11839 0.8638923361715914 1183.9
11840 0.8639198299884324 1184
11841 0.8639466730590225 1184.1
11842 0.8639721888706582 1184.2
11843 0.863997601695475 1184.3
11844 0.8640228778019627 1184.4
11845 0.8640480369253025 1184.5
11846 0.8640731119322422 1184.6
11847 0.8640981208268645 1184.7
11848 0.864123058573955 1184.8
11849 0.8641480004419758 1184.9
11850 0.864173129465604 1185
11851 0.8641985265083805 1185.1
11852 0.8642242541194377 1185.2
11853 0.8642503533981154 1185.3
11854 0.8642768326063009 1185.4
11855 0.8643036781802885 1185.5
11856 0.8643308562969079 1185.6
11857 0.864358177360861 1185.7
11858 0.8643840747783531 1185.8
11859 0.8644104097675844 1185.9
11860 0.8644372550953285 1186
11861 0.8644646420160651 1186.1
11862 0.8644925779000838 1186.2
11863 0.8645206237346924 1186.3
11864 0.8645492254973792 1186.4
11865 0.864576866949589 1186.5
11866 0.8646041785336737 1186.6
11867 0.8646316738618918 1186.7
11868 0.8646592948362306 1186.8
11869 0.8646869885487813 1186.9
11870 0.864714701421049 1187
11871 0.8647423987535924 1187.1
11872 0.8647700955762145 1187.2
11873 0.8647978339158061 1187.3
11874 0.8648250159852455 1187.4
11875 0.8648520396398097 1187.5
11876 0.8648792978807938 1187.6
11877 0.8649068325070947 1187.7
11878 0.8649346844711131 1187.8
11879 0.864962875179125 1187.9
11880 0.8649914134563855 1188
11881 0.8650202811991531 1188.1
11882 0.8650493782760763 1188.2
11883 0.8650786836240308 1188.3
11884 0.8651072325613275 1188.4
11885 0.8651338024473771 1188.5
11886 0.8651600650934717 1188.6
11887 0.8651864823069839 1188.7
11888 0.8652130057820652 1188.8
11889 0.8652396248568623 1188.9
11890 0.8652663480774244 1189
11891 0.8652932096649196 1189.1
11892 0.8653202529553841 1189.2
11893 0.8653472334326995 1189.3
11894 0.8653733902941264 1189.4
11895 0.865399901102374 1189.5
11896 0.8654268132401328 1189.6
11897 0.8654541599466683 1189.7
11898 0.8654819589247336 1189.8
11899 0.8655102092657831 1189.9
11900 0.8655388655029589 1190
11901 0.8655678753391044 1190.1
11902 0.8655971970294939 1190.2
11903 0.8656267679042939 1190.3
11904 0.8656559286823025 1190.4
11905 0.8656838269994845 1190.5
11906 0.865711697143723 1190.6
11907 0.8657394863904204 1190.7
11908 0.8657671823754162 1190.8
11909 0.8657947636233999 1190.9
11910 0.8658222037527501 1191
11911 0.865849477856336 1191.1
11912 0.8658763029019969 1191.2
11913 0.8659002344775489 1191.3
11914 0.8659244893689786 1191.4
11915 0.8659488899503641 1191.5
11916 0.8659735400870802 1191.6
11917 0.8659985906643224 1191.7
11918 0.866024063162557 1191.8
11919 0.8660499744438886 1191.9
11920 0.8660762957659152 1192
11921 0.86610294312833 1192.1
11922 0.8661298107800143 1192.2
11923 0.8661549808492581 1192.3
11924 0.8661799934814858 1192.4
11925 0.8662050019045463 1192.5
11926 0.8662300451932574 1192.6
11927 0.8662551775999091 1192.7
11928 0.866280428750081 1192.8
11929 0.8663058556866916 1192.9
11930 0.866331519172313 1193
11931 0.8663573815564999 1193.1
11932 0.8663827651218144 1193.2
11933 0.8664071236403837 1193.3
11934 0.8664317025546879 1193.4
11935 0.8664563048358704 1193.5
11936 0.8664791026436116 1193.6
11937 0.8665015369597885 1193.7
11938 0.8665240522492655 1193.8
11939 0.8665465958707559 1193.9
11940 0.8665691689508472 1194
11941 0.8665917887953501 1194.1
11942 0.8666144835616749 1194.2
11943 0.8666372929788588 1194.3
11944 0.8666602161922751 1194.4
11945 0.8666828564151006 1194.5
11946 0.8667056825724783 1194.6
11947 0.8667287247523731 1194.7
11948 0.8667520090527712 1194.8
11949 0.8667755562189416 1194.9
11950 0.8667993735833059 1195
11951 0.8668232859988708 1195.1
11952 0.8668468924777398 1195.2
11953 0.8668708037338357 1195.3
11954 0.8668950280216235 1195.4
11955 0.8669195742544947 1195.5
11956 0.8669444524982732 1195.6
11957 0.8669696754688762 1195.7
11958 0.8669952645143297 1195.8
11959 0.8670212464886946 1195.9
11960 0.8670476498314847 1196
11961 0.8670745092490277 1196.1
11962 0.8671018665942889 1196.2
11963 0.8671295974125451 1196.3
11964 0.8671579792863265 1196.4
11965 0.8671870594193574 1196.5
11966 0.8672168699509936 1196.6
11967 0.8672474127224521 1196.7
11968 0.8672778051123161 1196.8
11969 0.8673076547947248 1196.9
11970 0.8673379521690788 1197
11971 0.8673685357735107 1197.1
11972 0.8673992463108774 1197.2
11973 0.8674302058502407 1197.3
11974 0.8674610177711399 1197.4
11975 0.867490799028435 1197.5
11976 0.8675205931224228 1197.6
11977 0.8675502765954893 1197.7
11978 0.8675797669014593 1197.8
11979 0.8676088534858374 1197.9
11980 0.8676375302420394 1198
11981 0.8676657391229126 1198.1
11982 0.8676934019316526 1198.2
11983 0.8677196232817403 1198.3
11984 0.8677447574914806 1198.4
11985 0.8677695302651247 1198.5
11986 0.8677939870149054 1198.6
11987 0.8678181879697833 1198.7
11988 0.8678421890447948 1198.8
11989 0.8678660184545952 1198.9
11990 0.867889663040919 1199
11991 0.8679132404843874 1199.1
11992 0.8679367878459988 1199.2
11993 0.8679603484558364 1199.3
11994 0.8679840968210785 1199.4
11995 0.8680080538761011 1199.5
11996 0.8680321910285447 1199.6
11997 0.8680565462473724 1199.7
11998 0.8680811406163732 1199.8
11999 0.8681059846231118 1199.9
12000 0.8681311043819945 1200
12001 0.8681565254244086 1200.1
12002 0.8681822683221405 1200.2
12003 0.8682083501825376 1200.3
12004 0.8682347857290081 1200.4
12005 0.8682615897618419 1200.5
12006 0.8682887796611353 1200.6
12007 0.8683163742278623 1200.7
12008 0.8683442829753459 1200.8
12009 0.8683721461972883 1200.9
12010 0.8684005842333987 1201
12011 0.8684295228201142 1201.1
12012 0.8684589788378048 1201.2
12013 0.8684889210319118 1201.3
12014 0.8685192809029395 1201.4
12015 0.8685499570796603 1201.5
12016 0.8685803102420606 1201.6
12017 0.8686091215910012 1201.7
12018 0.8686377601775134 1201.8
12019 0.868666096120119 1201.9
12020 0.8686940910072624 1202
12021 0.8687217370755896 1202.1
12022 0.8687490523209116 1202.2
12023 0.8687760835800873 1202.3
12024 0.868802909220722 1202.4
12025 0.868827724545729 1202.5
12026 0.868851446235328 1202.6
12027 0.8688756302176424 1202.7
12028 0.8689004213460289 1202.8
12029 0.8689259105222106 1202.9
12030 0.8689513036890917 1203
12031 0.86897644663742 1203.1
12032 0.8690020096582526 1203.2
12033 0.869026651682773 1203.3
12034 0.8690509582906608 1203.4
12035 0.8690756217620045 1203.5
12036 0.8691006356580736 1203.6
12037 0.8691255546873295 1203.7
12038 0.8691507396274463 1203.8
12039 0.8691762369176061 1203.9
12040 0.869201378056277 1204
12041 0.8692262933377689 1204.1
12042 0.8692516493251546 1204.2
12043 0.8692774905414618 1204.3
12044 0.8693038542409417 1204.4
12045 0.8693307630412933 1204.5
12046 0.8693581916360409 1204.6
12047 0.8693860804417962 1204.7
12048 0.8694141188853014 1204.8
12049 0.8694417022039614 1204.9
12050 0.8694686179140017 1205
12051 0.8694940162303784 1205.1
12052 0.8695189783945665 1205.2
12053 0.8695438464044102 1205.3
12054 0.8695688089145155 1205.4
12055 0.8695937642158329 1205.5
12056 0.8696186168910851 1205.6
12057 0.8696433071523281 1205.7
12058 0.869667835536486 1205.8
12059 0.869692209346816 1205.9
12060 0.869716415896981 1206
12061 0.8697403663224799 1206.1
12062 0.869764236344413 1206.2
12063 0.8697881034625913 1206.3
12064 0.8698120511088598 1206.4
12065 0.869836163365356 1206.5
12066 0.86986048703121 1206.6
12067 0.8698850662150086 1206.7
12068 0.8699099299608648 1206.8
12069 0.8699350740506563 1206.9
12070 0.8699604914773188 1207
12071 0.8699861116580704 1207.1
12072 0.8700105476460189 1207.2
12073 0.8700341330992077 1207.3
12074 0.8700577041764908 1207.4
12075 0.8700812263629617 1207.5
12076 0.8701046778595078 1207.6
12077 0.8701280579428411 1207.7
12078 0.8701513862923926 1207.8
12079 0.8701746941724886 1207.9
12080 0.8701980418776247 1208
12081 0.8702214652284356 1208.1
12082 0.8702450425629835 1208.2
12083 0.8702688644463595 1208.3
12084 0.8702929989837521 1208.4
12085 0.8703175084199644 1208.5
12086 0.8703424459415627 1208.6
12087 0.8703678520496813 1208.7
12088 0.8703936965313355 1208.8
12089 0.8704200435472811 1208.9
12090 0.8704468656056455 1209
12091 0.8704740771621337 1209.1
12092 0.8705001313164168 1209.2
12093 0.8705258322357154 1209.3
12094 0.8705518059669914 1209.4
12095 0.870578069451644 1209.5
12096 0.8706046288367996 1209.6
12097 0.8706315260800055 1209.7
12098 0.8706585853723966 1209.8
12099 0.8706860100264424 1209.9
12100 0.8707126586555891 1210
12101 0.8707393153849893 1210.1
12102 0.8707664225584515 1210.2
12103 0.8707938834987889 1210.3
12104 0.8708216301345229 1210.4
12105 0.8708496071628853 1210.5
12106 0.8708778062373973 1210.6
12107 0.8709062644296172 1210.7
12108 0.8709349744102342 1210.8
12109 0.8709639393438666 1210.9
12110 0.8709931737449116 1211
12111 0.87102270085947 1211.1
12112 0.8710525510329252 1211.2
12113 0.8710827552242957 1211.3
12114 0.8711133358204547 1211.4
12115 0.8711442943666667 1211.5
12116 0.8711755891962549 1211.6
12117 0.8712071227937199 1211.7
12118 0.8712379677490538 1211.8
12119 0.8712676295442413 1211.9
12120 0.8712971811309363 1212
12121 0.8713263610676909 1212.1
12122 0.8713547904058813 1212.2
12123 0.8713827958149828 1212.3
12124 0.8714103371828174 1212.4
12125 0.8714374423336682 1212.5
12126 0.8714639779272969 1212.6
12127 0.8714901787155674 1212.7
12128 0.8715160984434127 1212.8
12129 0.8715417607678847 1212.9
12130 0.871567223373272 1213
12131 0.8715925449278311 1213.1
12132 0.8716168535046174 1213.2
12133 0.8716411340338773 1213.3
12134 0.8716653523136003 1213.4
12135 0.8716895149873076 1213.5
12136 0.8717136278054401 1213.6
12137 0.8717376694920422 1213.7
12138 0.8717616285716797 1213.8
12139 0.8717855050915493 1213.9
12140 0.8718093094899203 1214
12141 0.8718330641101893 1214.1
12142 0.8718567963056582 1214.2
12143 0.8718805375494787 1214.3
12144 0.8719033283325104 1214.4
12145 0.871924120537665 1214.5
12146 0.871945364225701 1214.6
12147 0.87196708961873 1214.7
12148 0.8719892989025678 1214.8
12149 0.8720119880330761 1214.9
12150 0.8720351389735299 1215
12151 0.8720587216632525 1215.1
12152 0.8720826970700983 1215.2
12153 0.8721070055765922 1215.3
12154 0.8721315810949098 1215.4
12155 0.8721552813292204 1215.5
12156 0.8721790848352018 1215.6
12157 0.872203313764185 1215.7
12158 0.8722279905841795 1215.8
12159 0.8722531820862662 1215.9
12160 0.872278980829715 1216
12161 0.8723050694903431 1216.1
12162 0.8723303980704996 1216.2
12163 0.8723563732648911 1216.3
12164 0.8723830201552156 1216.4
12165 0.8724103260495525 1216.5
12166 0.8724382408407176 1216.6
12167 0.8724666603245557 1216.7
12168 0.8724943837617359 1216.8
12169 0.8725206839472116 1216.9
12170 0.8725469247491222 1217
12171 0.8725729224153603 1217.1
12172 0.8725985349579175 1217.2
12173 0.8726236749541524 1217.3
12174 0.8726483666838164 1217.4
12175 0.8726715219035034 1217.5
12176 0.8726939400266285 1217.6
12177 0.8727156326069659 1217.7
12178 0.8727370472540132 1217.8
12179 0.8727582507501974 1217.9
12180 0.8727793354314762 1218
12181 0.8728003924750989 1218.1
12182 0.8728214745077277 1218.2
12183 0.8728425664726588 1218.3
12184 0.8728638694647071 1218.4
12185 0.8728854452971718 1218.5
12186 0.8729073426325877 1218.6
12187 0.8729296000982002 1218.7
12188 0.8729522468437156 1218.8
12189 0.8729752654091928 1218.9
12190 0.8729987198693305 1219
12191 0.8730226618327904 1219.1
12192 0.8730471186769148 1219.2
12193 0.8730720951663153 1219.3
12194 0.8730973082118838 1219.4
12195 0.8731223215810133 1219.5
12196 0.8731475771419015 1219.6
12197 0.8731718440572488 1219.7
12198 0.8731966285778541 1219.8
12199 0.8732215110837509 1219.9
12200 0.8732465040730187 1220
12201 0.8732718650168402 1220.1
12202 0.8732975289515398 1220.2
12203 0.873323450542387 1220.3
12204 0.8733495916516262 1220.4
12205 0.873375905681951 1220.5
12206 0.8734023496338995 1220.6
12207 0.8734288883930807 1220.7
12208 0.8734555109591944 1220.8
12209 0.8734821975521004 1220.9
12210 0.8735090068729084 1221
12211 0.873535981115614 1221.1
12212 0.8735631070566978 1221.2
12213 0.8735904576203596 1221.3
12214 0.8736181039608031 1221.4
12215 0.8736461057231245 1221.5
12216 0.873674464203872 1221.6
12217 0.8737032187140343 1221.7
12218 0.8737323739494608 1221.8
12219 0.873760715460005 1221.9
12220 0.8737880892525797 1222
12221 0.8738155629661437 1222.1
12222 0.8738430645075416 1222.2
12223 0.8738705724418147 1222.3
12224 0.8738980430650906 1222.4
12225 0.8739250982981948 1222.5
12226 0.8739519779653566 1222.6
12227 0.8739786816014606 1222.7
12228 0.8740045224100036 1222.8
12229 0.8740291540904717 1222.9
12230 0.8740536450532074 1223
12231 0.8740780166669904 1223.1
12232 0.8741023254838721 1223.2
12233 0.8741266407779471 1223.3
12234 0.8741509896170327 1223.4
12235 0.8741754656469035 1223.5
12236 0.8742001819320553 1223.6
12237 0.8742251901583382 1223.7
12238 0.874250519845082 1223.8
12239 0.8742761958236155 1223.9
12240 0.8743021947218849 1224
12241 0.8743284334253312 1224.1
12242 0.8743546384268378 1224.2
12243 0.8743797567414778 1224.3
12244 0.874405304580145 1224.4
12245 0.8744312801424751 1224.5
12246 0.8744576816515481 1224.6
12247 0.8744840655303835 1224.7
12248 0.8745105961710339 1224.8
12249 0.8745375154370707 1224.9
12250 0.874564844132664 1225
12251 0.8745925936012123 1225.1
12252 0.8746207706268802 1225.2
12253 0.8746493687666119 1225.3
12254 0.8746783635204491 1225.4
12255 0.8747077167767869 1225.5
12256 0.8747373525604091 1225.6
12257 0.87476613828586 1225.7
12258 0.8747949612360324 1225.8
12259 0.8748229909925451 1225.9
12260 0.8748510776414068 1226
12261 0.8748791630955891 1226.1
12262 0.8749072071070011 1226.2
12263 0.8749351801704361 1226.3
12264 0.874963077274084 1226.4
12265 0.8749908941805893 1226.5
12266 0.8750186153523407 1226.6
12267 0.875046020798955 1226.7
12268 0.8750692609058691 1226.8
12269 0.8750922160403094 1226.9
12270 0.8751153601916454 1227
12271 0.8751387108041947 1227.1
12272 0.8751622656471355 1227.2
12273 0.8751860362171514 1227.3
12274 0.8752100434014667 1227.4
12275 0.8752343085359345 1227.5
12276 0.8752588539976038 1227.6
12277 0.8752837024855394 1227.7
12278 0.8753088748402568 1227.8
12279 0.8753343752402735 1227.9
12280 0.8753601829094847 1228
12281 0.8753862512833688 1228.1
12282 0.8754119602270859 1228.2
12283 0.8754355640563359 1228.3
12284 0.8754591422338134 1228.4
12285 0.8754824180355653 1228.5
12286 0.8755047085478287 1228.6
12287 0.8755268191740361 1228.7
12288 0.8755488333385458 1228.8
12289 0.8755707966788815 1228.9
12290 0.8755927519216158 1229
12291 0.8756147228588644 1229.1
12292 0.8756360576958963 1229.2
12293 0.8756572448722685 1229.3
12294 0.8756785581374585 1229.4
12295 0.875698880681348 1229.5
12296 0.8757185630035018 1229.6
12297 0.875738358904613 1229.7
12298 0.8757582846373936 1229.8
12299 0.8757783718022513 1229.9
12300 0.8757986573340145 1230
12301 0.8758191769816762 1230.1
12302 0.8758399613773291 1230.2
12303 0.8758610342697292 1230.3
12304 0.8758820115613949 1230.4
12305 0.8759031046476723 1230.5
12306 0.8759243067265383 1230.6
12307 0.875945522211112 1230.7
12308 0.8759671182579131 1230.8
12309 0.8759890966849175 1230.9
12310 0.8760114539177609 1231
12311 0.8760341846116566 1231.1
12312 0.8760572865138279 1231.2
12313 0.876080758741161 1231.3
12314 0.8761046020041718 1231.4
12315 0.876128820049707 1231.5
12316 0.8761531640329104 1231.6
12317 0.8761775356815239 1231.7
12318 0.8762023820266458 1231.8
12319 0.8762277222639229 1231.9
12320 0.8762535793050927 1232
12321 0.8762799808082067 1232.1
12322 0.876306969915925 1232.2
12323 0.8763345615667578 1232.3
12324 0.8763620115771016 1232.4
12325 0.8763899981339833 1232.5
12326 0.8764182211396023 1232.6
12327 0.8764471236084423 1232.7
12328 0.8764754193587339 1232.8
12329 0.876503718162465 1232.9
12330 0.8765323673145418 1233
12331 0.8765612606741133 1233.1
12332 0.876590333866912 1233.2
12333 0.8766195324061336 1233.3
12334 0.8766487829776181 1233.4
12335 0.87667803857176 1233.5
12336 0.8767072941134589 1233.6
12337 0.8767365410657927 1233.7
12338 0.876765764727314 1233.8
12339 0.8767949336260209 1233.9
12340 0.8768230108760618 1234
12341 0.8768500931215358 1234.1
12342 0.8768768222292347 1234.2
12343 0.8769032516477558 1234.3
12344 0.8769296026096458 1234.4
12345 0.8769557250369437 1234.5
12346 0.8769818436904845 1234.6
12347 0.8770079437911117 1234.7
12348 0.8770340292162326 1234.8
12349 0.8770601143394023 1234.9
12350 0.8770861988857879 1235
12351 0.8771122630990364 1235.1
12352 0.8771382859674492 1235.2
12353 0.8771642339645459 1235.3
12354 0.8771900681480799 1235.4
12355 0.8772147689422032 1235.5
12356 0.8772388156290758 1235.6
12357 0.8772628636075983 1235.7
12358 0.8772869469851446 1235.8
12359 0.8773111088985593 1235.9
12360 0.8773353979935384 1236
12361 0.8773598797202686 1236.1
12362 0.8773846162020323 1236.2
12363 0.8774096384822178 1236.3
12364 0.877434965941122 1236.4
12365 0.8774601137401065 1236.5
12366 0.8774844822951888 1236.6
12367 0.8775091611407857 1236.7
12368 0.87753430906102 1236.8
12369 0.8775599768973462 1236.9
12370 0.877586214267281 1237
12371 0.8776113851716204 1237.1
12372 0.8776368982271031 1237.2
12373 0.877662870406419 1237.3
12374 0.8776892798541084 1237.4
12375 0.8777160895526498 1237.5
12376 0.8777432551886301 1237.6
12377 0.8777707224219624 1237.7
12378 0.8777984686687786 1237.8
12379 0.8778261751843116 1237.9
12380 0.8778540424892866 1238
12381 0.8778821480954108 1238.1
12382 0.8779096472868982 1238.2
12383 0.8779371128509179 1238.3
12384 0.8779646338109283 1238.4
12385 0.877992048141923 1238.5
12386 0.8780195446203506 1238.6
12387 0.8780465980698325 1238.7
12388 0.878072590190824 1238.8
12389 0.8780985074779295 1238.9
12390 0.8781243360532991 1239
12391 0.8781500556424346 1239.1
12392 0.8781755882452786 1239.2
12393 0.8782007692837537 1239.3
12394 0.878223265788473 1239.4
12395 0.8782456926583259 1239.5
12396 0.8782683742670535 1239.6
12397 0.8782913659079629 1239.7
12398 0.8783146073703848 1239.8
12399 0.8783380983108765 1239.9
12400 0.8783601278730144 1240
12401 0.8783820189413268 1240.1
12402 0.8784040298942384 1240.2
12403 0.8784261778194622 1240.3
12404 0.8784484490956622 1240.4
12405 0.8784708218851069 1240.5
12406 0.8784932811376042 1240.6
12407 0.8785158212332194 1240.7
12408 0.8785384464950537 1240.8
12409 0.8785611706245435 1240.9
12410 0.8785840146199928 1241
12411 0.8786070051506973 1241.1
12412 0.8786301760424701 1241.2
12413 0.8786535679366522 1241.3
12414 0.8786772267647658 1241.4
12415 0.8787012250079462 1241.5
12416 0.8787256226728244 1241.6
12417 0.878750452868155 1241.7
12418 0.8787746238504751 1241.8
12419 0.8787980543014797 1241.9
12420 0.8788218126132079 1242
12421 0.8788456016550876 1242.1
12422 0.8788689079823847 1242.2
12423 0.8788922523276516 1242.3
12424 0.8789157705124668 1242.4
12425 0.8789395452440163 1242.5
12426 0.8789635275957041 1242.6
12427 0.8789876684025527 1242.7
12428 0.879011922130374 1242.8
12429 0.8790362376749785 1242.9
12430 0.879060570950898 1243
12431 0.8790848240629855 1243.1
12432 0.8791087601646765 1243.2
12433 0.8791314814924721 1243.3
12434 0.8791542313798892 1243.4
12435 0.8791770195942741 1243.5
12436 0.8791992703122856 1243.6
12437 0.8792216140963472 1243.7
12438 0.8792441154352177 1243.8
12439 0.8792667994092189 1243.9
12440 0.879289730423068 1244
12441 0.8793130022580697 1244.1
12442 0.87933660431432 1244.2
12443 0.8793600310955773 1244.3
12444 0.8793839467912392 1244.4
12445 0.8794083897461504 1244.5
12446 0.8794333842059118 1244.6
12447 0.8794589273508706 1244.7
12448 0.8794839844269025 1244.8
12449 0.8795085621475252 1244.9
12450 0.8795335253226251 1245
12451 0.8795588234072396 1245.1
12452 0.8795844555622221 1245.2
12453 0.879610414964665 1245.3
12454 0.8796366644026833 1245.4
12455 0.8796630876415497 1245.5
12456 0.8796898017990573 1245.6
12457 0.8797167947846138 1245.7
12458 0.8797440469761277 1245.8
12459 0.879770658601104 1245.9
12460 0.8797967878165729 1246
12461 0.879822843996142 1246.1
12462 0.8798487174849864 1246.2
12463 0.8798744375642662 1246.3
12464 0.879900001636684 1246.4
12465 0.8799253928851479 1246.5
12466 0.8799505632829624 1246.6
12467 0.8799755304274512 1246.7
12468 0.8800003252786592 1246.8
12469 0.8800249627322467 1246.9
12470 0.8800494729331021 1247
12471 0.8800738828550582 1247.1
12472 0.8800982309086167 1247.2
12473 0.8801225669349957 1247.3
12474 0.880146930462757 1247.4
12475 0.8801713466718947 1247.5
12476 0.880195829684751 1247.6
12477 0.8802203805749198 1247.7
12478 0.8802450202694159 1247.8
12479 0.8802697571260023 1247.9
12480 0.8802945956138944 1248
12481 0.8803195421736288 1248.1
12482 0.8803446033567883 1248.2
12483 0.8803697874828493 1248.3
12484 0.8803951076045378 1248.4
12485 0.8804205816358427 1248.5
12486 0.8804462353834305 1248.6
12487 0.8804721024927935 1248.7
12488 0.8804982223422477 1248.8
12489 0.8805246365345002 1248.9
12490 0.8805513829896923 1249
12491 0.8805778312076172 1249.1
12492 0.8806032188317426 1249.2
12493 0.8806288468159881 1249.3
12494 0.8806546497732672 1249.4
12495 0.8806805904524443 1249.5
12496 0.8807066181769267 1249.6
12497 0.8807327174583149 1249.7
12498 0.8807588642180895 1249.8
12499 0.8807850381754244 1249.9
12500 0.8808112294505487 1250
12501 0.8808374392399603 1250.1
12502 0.8808636774547558 1250.2
12503 0.8808899598075995 1250.3
12504 0.8809161511207616 1250.4
12505 0.880942283299002 1250.5
12506 0.8809685050071805 1250.6
12507 0.8809948451881369 1250.7
12508 0.8810213343246827 1250.8
12509 0.8810474688988262 1250.9
12510 0.8810733419203211 1251
12511 0.881099513547342 1251.1
12512 0.8811259941040428 1251.2
12513 0.8811527825254833 1251.3
12514 0.8811798608538378 1251.4
12515 0.8812071652127297 1251.5
12516 0.8812346676280417 1251.6
12517 0.8812621138178345 1251.7
12518 0.8812885577717786 1251.8
12519 0.8813152065761364 1251.9
12520 0.8813420235277242 1252
12521 0.8813651488982528 1252.1
12522 0.8813873009607562 1252.2
12523 0.8814095195645528 1252.3
12524 0.8814317352310379 1252.4
12525 0.8814539278682565 1252.5
12526 0.8814761007741158 1252.6
12527 0.8814982500708226 1252.7
12528 0.8815203582886655 1252.8
12529 0.8815423973563979 1252.9
12530 0.8815643681831437 1253
12531 0.8815863384907452 1253.1
12532 0.8816084643465728 1253.2
12533 0.881630417241162 1253.3
12534 0.881651740165909 1253.4
12535 0.8816733002537764 1253.5
12536 0.8816951319174609 1253.6
12537 0.8817172717783602 1253.7
12538 0.8817397540057151 1253.8
12539 0.8817626114042458 1253.9
12540 0.8817854126655172 1254
12541 0.8818083553895237 1254.1
12542 0.8818317711530336 1254.2
12543 0.8818545279275447 1254.3
12544 0.8818760089037161 1254.4
12545 0.8818978537445302 1254.5
12546 0.8819200358723955 1254.6
12547 0.8819424976529049 1254.7
12548 0.8819652379616482 1254.8
12549 0.8819873379873737 1254.9
12550 0.8820096652827277 1255
12551 0.8820322676208164 1255.1
12552 0.8820548304317007 1255.2
12553 0.8820766766088083 1255.3
12554 0.8820987703495703 1255.4
12555 0.8821211223985729 1255.5
12556 0.882143753349429 1255.6
12557 0.8821666909192365 1255.7
12558 0.882189966260452 1255.8
12559 0.8822136171327922 1255.9
12560 0.8822376829663373 1256
12561 0.8822622009535694 1256.1
12562 0.8822871996095516 1256.2
12563 0.8823126920127259 1256.3
12564 0.8823375974923469 1256.4
12565 0.8823615800858696 1256.5
12566 0.882385827856082 1256.6
12567 0.8824102431928855 1256.7
12568 0.8824347166964408 1256.8
12569 0.8824592387480636 1256.9
12570 0.8824837588534762 1257
12571 0.8825082140344228 1257.1
12572 0.8825325498299099 1257.2
12573 0.8825567352995934 1257.3
12574 0.882580771723855 1257.4
12575 0.8826046817183666 1257.5
12576 0.8826285031650768 1257.6
12577 0.8826522836620783 1257.7
12578 0.88267607519622 1257.8
12579 0.8826999308565506 1257.9
12580 0.8827239077368454 1258
12581 0.8827480720961133 1258.1
12582 0.8827724660591124 1258.2
12583 0.8827971244100292 1258.3
12584 0.8828220791785161 1258.4
12585 0.8828473519262497 1258.5
12586 0.8828729259294724 1258.6
12587 0.8828988035646446 1258.7
12588 0.8829238590123925 1258.8
12589 0.8829479083979738 1258.9
12590 0.8829720191947341 1259
12591 0.8829961202647398 1259.1
12592 0.8830201897755652 1259.2
12593 0.8830441917602458 1259.3
12594 0.883068138807365 1259.4
12595 0.8830906526810837 1259.5
12596 0.8831130581361171 1259.6
12597 0.8831353928742512 1259.7
12598 0.8831576909972043 1259.8
12599 0.8831800015914325 1259.9
12600 0.8832023830033601 1260
12601 0.8832248934313472 1260.1
12602 0.8832475702643121 1260.2
12603 0.8832704459742117 1260.3
12604 0.88329355816518 1260.4
12605 0.8833169405563953 1260.5
12606 0.883340622862239 1260.6
12607 0.883364624904959 1260.7
12608 0.8833889626236019 1260.8
12609 0.8834136512969316 1260.9
12610 0.8834387055397511 1261
12611 0.8834641367881279 1261.1
12612 0.8834899579278706 1261.2
12613 0.8835160815081617 1261.3
12614 0.8835420785752864 1261.4
12615 0.8835684372623189 1261.5
12616 0.8835951455294249 1261.6
12617 0.8836221801545759 1261.7
12618 0.8836495046208857 1261.8
12619 0.8836770739177938 1261.9
12620 0.8837048332714417 1262
12621 0.8837327405703995 1262.1
12622 0.8837607527387529 1262.2
12623 0.8837888559945377 1262.3
12624 0.8838170495158449 1262.4
12625 0.8838453272455236 1262.5
12626 0.8838736881452337 1262.6
12627 0.8839021249249903 1262.7
12628 0.8839306162144034 1262.8
12629 0.883959146322179 1262.9
12630 0.8839874953927759 1263
12631 0.8840140726876212 1263.1
12632 0.8840405345447255 1263.2
12633 0.8840668451391855 1263.3
12634 0.8840929612627596 1263.4
12635 0.8841185900244709 1263.5
12636 0.8841430089799724 1263.6
12637 0.8841672270723023 1263.7
12638 0.8841910592576756 1263.8
12639 0.8842145014424521 1263.9
12640 0.8842377766602548 1264
12641 0.8842609110016001 1264.1
12642 0.8842839344114652 1264.2
12643 0.8843068809409429 1264.3
12644 0.8843298139307452 1264.4
12645 0.884352778406968 1264.5
12646 0.8843742460522245 1264.6
12647 0.8843943310708293 1264.7
12648 0.8844139803203664 1264.8
12649 0.8844339942998684 1264.9
12650 0.8844540803361088 1265
12651 0.8844746455979394 1265.1
12652 0.884495719396213 1265.2
12653 0.8845173283243797 1265.3
12654 0.8845394923819258 1265.4
12655 0.8845622247274104 1265.5
12656 0.8845855300703834 1265.6
12657 0.8846093934166623 1265.7
12658 0.8846337725066608 1265.8
12659 0.8846563840417788 1265.9
12660 0.8846774134418488 1266
12661 0.8846984563038564 1266.1
12662 0.8847197940301066 1266.2
12663 0.8847413944189482 1266.3
12664 0.8847632237366381 1266.4
12665 0.8847852447176956 1266.5
12666 0.8848074094057405 1266.6
12667 0.8848296717004784 1266.7
12668 0.8848520604578356 1266.8
12669 0.8848744339635091 1266.9
12670 0.8848969289200168 1267
12671 0.8849193271228784 1267.1
12672 0.8849412681221963 1267.2
12673 0.884963387933237 1267.3
12674 0.8849856996295355 1267.4
12675 0.8850082192579626 1267.5
12676 0.8850309611398177 1267.6
12677 0.8850539238295013 1267.7
12678 0.8850770843525128 1267.8
12679 0.8851004136054996 1267.9
12680 0.8851229027819686 1268
12681 0.8851448376041746 1268.1
12682 0.8851669139134808 1268.2
12683 0.8851891398648539 1268.3
12684 0.8852115260455823 1268.4
12685 0.8852340934649451 1268.5
12686 0.8852568523801461 1268.6
12687 0.8852798386172417 1268.7
12688 0.8853031048921788 1268.8
12689 0.8853267073720171 1268.9
12690 0.885350697095353 1269
12691 0.8853751185002535 1269.1
12692 0.8853993297112839 1269.2
12693 0.8854227940018737 1269.3
12694 0.8854452590304945 1269.4
12695 0.885467741061064 1269.5
12696 0.8854903802878831 1269.6
12697 0.8855132326414554 1269.7
12698 0.8855362707778539 1269.8
12699 0.8855594459919591 1269.9
12700 0.8855826554391867 1270
12701 0.8856057145898922 1270.1
12702 0.8856283681075461 1270.2
12703 0.885650992566702 1270.3
12704 0.8856735996833194 1270.4
12705 0.8856961836558201 1270.5
12706 0.8857187393953252 1270.6
12707 0.8857412723965125 1270.7
12708 0.8857637936612804 1270.8
12709 0.8857863335750948 1270.9
12710 0.885808752713842 1271
12711 0.8858311722870557 1271.1
12712 0.8858536986965655 1271.2
12713 0.8858763729912893 1271.3
12714 0.8858992338656062 1271.4
12715 0.8859223160367344 1271.5
12716 0.8859456499763168 1271.6
12717 0.885969201056342 1271.7
12718 0.8859930227019039 1271.8
12719 0.8860172130664365 1271.9
12720 0.8860417875568775 1272
12721 0.8860662103644878 1272.1
12722 0.8860908311009983 1272.2
12723 0.8861160420093261 1272.3
12724 0.8861418427835202 1272.4
12725 0.8861669936545068 1272.5
12726 0.8861911371909446 1272.6
12727 0.8862155742055351 1272.7
12728 0.8862402909947305 1272.8
12729 0.8862652779856661 1272.9
12730 0.8862905029599172 1273
12731 0.886315922371224 1273.1
12732 0.8863414868363674 1273.2
12733 0.8863671569220697 1273.3
12734 0.8863928928326377 1273.4
12735 0.8864185208470083 1273.5
12736 0.8864440553644181 1273.6
12737 0.8864695414024175 1273.7
12738 0.8864949649738857 1273.8
12739 0.8865203049353801 1273.9
12740 0.886545546783154 1274
12741 0.8865706875521053 1274.1
12742 0.886595737355413 1274.2
12743 0.8866207134770062 1274.3
12744 0.8866456310558154 1274.4
12745 0.8866705050393314 1274.5
12746 0.8866953516993422 1274.6
12747 0.886720179562962 1274.7
12748 0.8867449922239512 1274.8
12749 0.8867697941625566 1274.9
12750 0.8867945754511481 1275
12751 0.886819278424381 1275.1
12752 0.8868440104420438 1275.2
12753 0.8868687935761109 1275.3
12754 0.8868936500924536 1275.4
12755 0.8869186018719846 1275.5
12756 0.8869436679780549 1275.6
12757 0.8869679630759024 1275.7
12758 0.886992233568214 1275.8
12759 0.8870167386654134 1275.9
12760 0.8870414612507083 1276
12761 0.8870663781200239 1276.1
12762 0.8870914523033513 1276.2
12763 0.8871166232059376 1276.3
12764 0.8871408690798582 1276.4
12765 0.8871641358651758 1276.5
12766 0.8871873419075726 1276.6
12767 0.8872104827934378 1276.7
12768 0.8872326695002003 1276.8
12769 0.887252586577335 1276.9
12770 0.8872727692121929 1277
12771 0.8872932478575374 1277.1
12772 0.8873140532694536 1277.2
12773 0.8873351969014777 1277.3
12774 0.8873565978259095 1277.4
12775 0.8873784212719071 1277.5
12776 0.8874006201052921 1277.6
12777 0.8874232101493291 1277.7
12778 0.8874444890458091 1277.8
12779 0.8874654450127464 1277.9
12780 0.887485405230383 1278
12781 0.8875055777072898 1278.1
12782 0.8875258967045642 1278.2
12783 0.8875463361457514 1278.3
12784 0.8875668888031392 1278.4
12785 0.8875875301279631 1278.5
12786 0.887608232897367 1278.6
12787 0.8876289773525987 1278.7
12788 0.887649574620769 1278.8
12789 0.8876701197800961 1278.9
12790 0.8876907160341125 1279
12791 0.8877113871798999 1279.1
12792 0.8877321697298497 1279.2
12793 0.8877530968333677 1279.3
12794 0.8877742024136326 1279.4
12795 0.8877951411984952 1279.5
12796 0.887816058479316 1279.6
12797 0.8878372970011403 1279.7
12798 0.8878588687656589 1279.8
12799 0.8878802853076524 1279.9
12800 0.8879019103212623 1280
12801 0.8879239804466397 1280.1
12802 0.8879465080018345 1280.2
12803 0.8879694930571349 1280.3
12804 0.8879929190761665 1280.4
12805 0.8880160038238382 1280.5
12806 0.8880380997585524 1280.6
12807 0.8880603018772074 1280.7
12808 0.8880826039373516 1280.8
12809 0.8881050485629844 1280.9
12810 0.888127610029861 1281
12811 0.8881503118629014 1281.1
12812 0.8881731544125495 1281.2
12813 0.8881953463122801 1281.3
12814 0.8882176407408763 1281.4
12815 0.8882400472419981 1281.5
12816 0.8882623292440607 1281.6
12817 0.8882846965770295 1281.7
12818 0.8883071328765525 1281.8
12819 0.8883296921413101 1281.9
12820 0.8883523841138273 1282
12821 0.8883752103060226 1282.1
12822 0.8883981617650125 1282.2
12823 0.8884212509227326 1282.3
12824 0.8884445025362009 1282.4
12825 0.8884679514715941 1282.5
12826 0.8884916339766246 1282.6
12827 0.8885155610912236 1282.7
12828 0.88853975855815 1282.8
12829 0.8885642417856427 1282.9
12830 0.8885889488910369 1283
12831 0.888612225688963 1283.1
12832 0.888635608505679 1283.2
12833 0.8886590688440557 1283.3
12834 0.888682621194762 1283.4
12835 0.8887062515361657 1283.5
12836 0.8887299372992356 1283.6
12837 0.8887536294628333 1283.7
12838 0.8887772886705586 1283.8
12839 0.8888010702396992 1283.9
12840 0.8888250101246237 1284
12841 0.8888491363550055 1284.1
12842 0.8888734736124373 1284.2
12843 0.8888980400680471 1284.3
12844 0.8889228505787816 1284.4
12845 0.8889479112578305 1284.5
12846 0.8889715447913736 1284.6
12847 0.8889953226115628 1284.7
12848 0.8890191664385232 1284.8
12849 0.8890430265960997 1284.9
12850 0.8890668902945055 1285
12851 0.8890907441441356 1285.1
12852 0.8891145491120106 1285.2
12853 0.8891381865027197 1285.3
12854 0.889161616425422 1285.4
12855 0.8891847280950701 1285.5
12856 0.8892076742006613 1285.6
12857 0.8892305732055716 1285.7
12858 0.8892534375081492 1285.8
12859 0.8892762378613737 1285.9
12860 0.8892989729983496 1286
12861 0.889321676756912 1286.1
12862 0.8893443793438051 1286.2
12863 0.8893671061615006 1286.3
12864 0.8893898783932279 1286.4
12865 0.8894127140352038 1286.5
12866 0.8894356286025356 1286.6
12867 0.889458635145753 1286.7
12868 0.8894817168290898 1286.8
12869 0.8895048839307014 1286.9
12870 0.889528173415034 1287
12871 0.8895515881542875 1287.1
12872 0.8895746258821271 1287.2
12873 0.8895974251641797 1287.3
12874 0.8896204223787288 1287.4
12875 0.8896435744519624 1287.5
12876 0.8896668440875489 1287.6
12877 0.8896902055719711 1287.7
12878 0.8897136446338239 1287.8
12879 0.8897371556003805 1287.9
12880 0.8897603628992048 1288
12881 0.8897836836958627 1288.1
12882 0.8898071523136056 1288.2
12883 0.8898307758676912 1288.3
12884 0.8898545617820579 1288.4
12885 0.8898754593591213 1288.5
12886 0.8898967641015876 1288.6
12887 0.8899185350680383 1288.7
12888 0.8899407493110745 1288.8
12889 0.8899633636863657 1288.9
12890 0.8899863298049765 1289
12891 0.8900083106151027 1289.1
12892 0.8900304189291113 1289.2
12893 0.8900528597775311 1289.3
12894 0.8900756468102816 1289.4
12895 0.8900987886499319 1289.5
12896 0.8901222262343306 1289.6
12897 0.8901453443579571 1289.7
12898 0.8901675285332767 1289.8
12899 0.8901900630930475 1289.9
12900 0.8902129923433815 1290
12901 0.8902363098753973 1290.1
12902 0.8902597433830196 1290.2
12903 0.8902823753683909 1290.3
12904 0.8903049945037526 1290.4
12905 0.8903270048688501 1290.5
12906 0.8903486021840045 1290.6
12907 0.8903694505322598 1290.7
12908 0.8903902953844359 1290.8
12909 0.8904111134125227 1290.9
12910 0.8904319008865551 1291
12911 0.8904526720129188 1291.1
12912 0.890473455392746 1291.2
12913 0.890494284672629 1291.3
12914 0.8905152001415354 1291.4
12915 0.8905362596291047 1291.5
12916 0.8905575252725206 1291.6
12917 0.8905790610364734 1291.7
12918 0.8906009268151623 1291.8
12919 0.890623169767392 1291.9
12920 0.890644869949564 1292
12921 0.8906655237643912 1292.1
12922 0.8906864579509258 1292.2
12923 0.8907076013562751 1292.3
12924 0.8907289112174731 1292.4
12925 0.8907503398308856 1292.5
12926 0.8907718501734008 1292.6
12927 0.8907934181547416 1292.7
12928 0.8908149959048964 1292.8
12929 0.8908365339047466 1292.9
12930 0.8908579774227161 1293
12931 0.8908793120197086 1293.1
12932 0.8909005273478061 1293.2
12933 0.8909216271702932 1293.3
12934 0.8909426323341905 1293.4
12935 0.8909635851328777 1293.5
12936 0.8909844972691249 1293.6
12937 0.8910053791546867 1293.7
12938 0.891025679371232 1293.8
12939 0.8910459161506582 1293.9
12940 0.8910662704791987 1294
12941 0.8910867559905161 1294.1
12942 0.8911073815391646 1294.2
12943 0.8911277414477438 1294.3
12944 0.8911481575049143 1294.4
12945 0.8911687148422827 1294.5
12946 0.8911894302861901 1294.6
12947 0.8912103191828946 1294.7
12948 0.8912313307787206 1294.8
12949 0.8912522423760735 1294.9
12950 0.8912733770126974 1295
12951 0.8912947552604945 1295.1
12952 0.8913163956726493 1295.2
12953 0.8913383069284914 1295.3
12954 0.8913605034443054 1295.4
12955 0.8913830058443206 1295.5
12956 0.8914058353870457 1295.6
12957 0.8914290066928047 1295.7
12958 0.8914525271668734 1295.8
12959 0.8914763876460368 1295.9
12960 0.8915005930773783 1296
12961 0.8915251583890672 1296.1
12962 0.8915500591528426 1296.2
12963 0.891575254660513 1296.3
12964 0.891600703368552 1296.4
12965 0.8916263704736881 1296.5
12966 0.8916522292229285 1296.6
12967 0.8916782640577223 1296.7
12968 0.8917045368525842 1296.8
12969 0.8917310539283103 1296.9
12970 0.8917572783198733 1297
12971 0.8917829492812958 1297.1
12972 0.8918088628504598 1297.2
12973 0.8918349984665799 1297.3
12974 0.8918611447562652 1297.4
12975 0.8918865621099944 1297.5
12976 0.8919113911457289 1297.6
12977 0.8919363092959924 1297.7
12978 0.8919613015369892 1297.8
12979 0.8919863448659408 1297.9
12980 0.892011443319486 1298
12981 0.8920365706620496 1298.1
12982 0.8920614438804176 1298.2
12983 0.8920859086405947 1298.3
12984 0.8921104179624092 1298.4
12985 0.8921349438242451 1298.5
12986 0.8921594539757642 1298.6
12987 0.8921839336257442 1298.7
12988 0.8922083656790319 1298.8
12989 0.8922327369741515 1298.9
12990 0.8922567988577914 1299
12991 0.8922800062898523 1299.1
12992 0.8923032946446313 1299.2
12993 0.8923266939701769 1299.3
12994 0.8923502303613655 1299.4
12995 0.8923739165051279 1299.5
12996 0.8923967546985653 1299.6
12997 0.8924153215070844 1299.7
12998 0.8924341894155249 1299.8
12999 0.8924532793418053 1299.9
13000 0.8924716563945109 1300
13001 0.8924900966456794 1300.1
13002 0.892508699800699 1300.2
13003 0.8925273316862147 1300.3
13004 0.8925460793426502 1300.4
13005 0.8925649771660816 1300.5
13006 0.8925839331156695 1300.6
13007 0.8926014104680945 1300.7
13008 0.8926190715053418 1300.8
13009 0.8926369426953967 1300.9
13010 0.8926550483377766 1301
13011 0.8926734060577014 1301.1
13012 0.8926920276448735 1301.2
13013 0.8927109174313727 1301.3
13014 0.8927300713471976 1301.4
13015 0.8927494720213185 1301.5
13016 0.8927690957983815 1301.6
13017 0.89278889766912 1301.7
13018 0.8928089010769277 1301.8
13019 0.8928290992344333 1301.9
13020 0.8928494552835536 1302
13021 0.8928699278440743 1302.1
13022 0.8928904807775938 1302.2
13023 0.8929110910701201 1302.3
13024 0.892931752334195 1302.4
13025 0.892952469063191 1302.5
13026 0.8929732514795663 1302.6
13027 0.8929939989615049 1302.7
13028 0.893014776962899 1302.8
13029 0.893035671173894 1302.9
13030 0.8930567013422632 1303
13031 0.8930778841233517 1303.1
13032 0.8930992369947621 1303.2
13033 0.8931207788385718 1303.3
13034 0.8931423979409957 1303.4
13035 0.8931641810731388 1303.5
13036 0.893186121788978 1303.6
13037 0.8932081982830073 1303.7
13038 0.8932305336949257 1303.8
13039 0.8932531211408506 1303.9
13040 0.8932759654137944 1304
13041 0.8932990697585915 1304.1
13042 0.8933224068154607 1304.2
13043 0.8933444938632128 1304.3
13044 0.8933667994181583 1304.4
13045 0.8933888536815908 1304.5
13046 0.8934101520087959 1304.6
13047 0.8934316277920907 1304.7
13048 0.8934532801347019 1304.8
13049 0.8934751104682825 1304.9
13050 0.8934971202078421 1305
13051 0.8935193053711783 1305.1
13052 0.8935416534091417 1305.2
13053 0.8935641265350764 1305.3
13054 0.8935866833151119 1305.4
13055 0.8936093439846471 1305.5
13056 0.8936320952381154 1305.6
13057 0.8936549192528783 1305.7
13058 0.8936777938754009 1305.8
13059 0.8937007175233441 1305.9
13060 0.893723719893724 1306
13061 0.8937468397008429 1306.1
13062 0.893770101302091 1306.2
13063 0.8937935285752749 1306.3
13064 0.8938171355975512 1306.4
13065 0.8938409660889982 1306.5
13066 0.8938650505948318 1306.6
13067 0.8938893746848133 1306.7
13068 0.8939139090698799 1306.8
13069 0.8939386157275083 1306.9
13070 0.8939619191924094 1307
13071 0.893984632024146 1307.1
13072 0.8940073809391436 1307.2
13073 0.8940301359988748 1307.3
13074 0.8940529753060394 1307.4
13075 0.8940759049059859 1307.5
13076 0.8940988645922081 1307.6
13077 0.8941218798101032 1307.7
13078 0.8941449589168491 1307.8
13079 0.8941681099569421 1307.9
13080 0.894191333187946 1308
13081 0.8942146136763565 1308.1
13082 0.8942368848891169 1308.2
13083 0.8942584400751178 1308.3
13084 0.8942800844926724 1308.4
13085 0.894301412679457 1308.5
13086 0.8943227301530989 1308.6
13087 0.8943443195365284 1308.7
13088 0.8943661774715893 1308.8
13089 0.8943883017201246 1308.9
13090 0.8944106946945303 1309
13091 0.8944328987464796 1309.1
13092 0.8944545538253786 1309.2
13093 0.8944763401007735 1309.3
13094 0.8944982888928363 1309.4
13095 0.8945202793898465 1309.5
13096 0.8945423598888456 1309.6
13097 0.8945644855761723 1309.7
13098 0.8945865975487191 1309.8
13099 0.8946086780513042 1309.9
13100 0.8946307315005858 1310
13101 0.8946527474508887 1310.1
13102 0.8946747075219194 1310.2
13103 0.8946966043861313 1310.3
13104 0.8947184397875702 1310.4
13105 0.8947402221032151 1310.5
13106 0.8947608055164723 1310.6
13107 0.894779570544788 1310.7
13108 0.8947986130954361 1310.8
13109 0.8948179434323575 1310.9
13110 0.8948375651129169 1311
13111 0.8948574703085622 1311.1
13112 0.8948776349126782 1311.2
13113 0.894898035398709 1311.3
13114 0.8949180820951064 1311.4
13115 0.8949373566018083 1311.5
13116 0.8949566698229455 1311.6
13117 0.8949759869576672 1311.7
13118 0.8949953879576703 1311.8
13119 0.8950148658065133 1311.9
13120 0.8950344231264469 1312
13121 0.8950540735166027 1312.1
13122 0.895073825868779 1312.2
13123 0.895093671702587 1312.3
13124 0.8951136824935093 1312.4
13125 0.8951338967777782 1312.5
13126 0.8951543568161844 1312.6
13127 0.8951751072839496 1312.7
13128 0.8951949750028064 1312.8
13129 0.8952144787735463 1312.9
13130 0.8952342807300275 1313
13131 0.8952543826540498 1313.1
13132 0.8952747761018651 1313.2
13133 0.8952954317264705 1313.3
13134 0.8953162871980725 1313.4
13135 0.895337338139546 1313.5
13136 0.8953583900000712 1313.6
13137 0.8953791844278359 1313.7
13138 0.8954001355937292 1313.8
13139 0.8954212017708962 1313.9
13140 0.8954423618338764 1314
13141 0.8954636146733096 1314.1
13142 0.895484971514819 1314.2
13143 0.8955064520122653 1314.3
13144 0.8955280805775075 1314.4
13145 0.8955498732737144 1314.5
13146 0.8955718362673258 1314.6
13147 0.8955940020591203 1314.7
13148 0.8956164156349934 1314.8
13149 0.8956391205015453 1314.9
13150 0.8956621436728908 1315
13151 0.8956855037301786 1315.1
13152 0.8957080130983928 1315.2
13153 0.8957297308314274 1315.3
13154 0.8957517296294515 1315.4
13155 0.8957739846050966 1315.5
13156 0.895796484205958 1315.6
13157 0.8958192136436691 1315.7
13158 0.8958421319153618 1315.8
13159 0.8958652400202788 1315.9
13160 0.8958880661454979 1316
13161 0.8959107395702995 1316.1
13162 0.8959336160437386 1316.2
13163 0.8959566526593421 1316.3
13164 0.8959797670111322 1316.4
13165 0.8960028825133393 1316.5
13166 0.8960258074017998 1316.6
13167 0.8960482511327756 1316.7
13168 0.8960705222466836 1316.8
13169 0.8960926153182932 1316.9
13170 0.8961144541692813 1317
13171 0.8961358524050169 1317.1
13172 0.8961571044686564 1317.2
13173 0.8961782698631803 1317.3
13174 0.8961994009281107 1317.4
13175 0.8962205420706556 1317.5
13176 0.8962417306891528 1317.6
13177 0.8962629978453974 1317.7
13178 0.896284367674952 1317.8
13179 0.896305752632227 1317.9
13180 0.8963272258346436 1318
13181 0.896348826721732 1318.1
13182 0.8963698708346867 1318.2
13183 0.8963899057589846 1318.3
13184 0.8964090924727062 1318.4
13185 0.8964285230475445 1318.5
13186 0.8964481990844811 1318.6
13187 0.8964681099400889 1318.7
13188 0.8964882524104675 1318.8
13189 0.8965086302379898 1318.9
13190 0.896529248174172 1319
13191 0.8965501125488797 1319.1
13192 0.896571229297483 1319.2
13193 0.8965925122863121 1319.3
13194 0.8966140537468529 1319.4
13195 0.8966358875439612 1319.5
13196 0.8966580098094312 1319.6
13197 0.8966804123774365 1319.7
13198 0.8967030791780431 1319.8
13199 0.8967259827994124 1319.9
13200 0.8967490033383561 1320
13201 0.8967706990557507 1320.1
13202 0.8967924612622106 1320.2
13203 0.8968143578792459 1320.3
13204 0.8968363789251568 1320.4
13205 0.8968579231596338 1320.5
13206 0.8968788821732518 1320.6
13207 0.8968999168075936 1320.7
13208 0.8969210069948316 1320.8
13209 0.8969421229400796 1320.9
13210 0.8969632333999301 1321
13211 0.8969842962617967 1321.1
13212 0.8970052761726534 1321.2
13213 0.8970261506391675 1321.3
13214 0.8970466044761678 1321.4
13215 0.897066131728282 1321.5
13216 0.8970832489283999 1321.6
13217 0.8971004962742578 1321.7
13218 0.8971178877399588 1321.8
13219 0.8971354416303181 1321.9
13220 0.897153176186977 1322
13221 0.897171108268666 1322.1
13222 0.8971891332774129 1322.2
13223 0.8972072232069696 1322.3
13224 0.8972255594005133 1322.4
13225 0.8972441549450918 1322.5
13226 0.8972630146055958 1322.6
13227 0.8972821575779683 1322.7
13228 0.8973015997652405 1322.8
13229 0.897321355594354 1322.9
13230 0.8973414419397434 1323
13231 0.8973618781289276 1323.1
13232 0.8973826626425444 1323.2
13233 0.8974036588587382 1323.3
13234 0.8974250881463715 1323.4
13235 0.8974466132805072 1323.5
13236 0.8974679950113316 1323.6
13237 0.897489913644574 1323.7
13238 0.8975123808930916 1323.8
13239 0.8975352603793694 1323.9
13240 0.8975568889574586 1324
13241 0.8975789580203556 1324.1
13242 0.8976013632266798 1324.2
13243 0.8976240275833495 1324.3
13244 0.8976468535531901 1324.4
13245 0.8976688882627217 1324.5
13246 0.8976910832509982 1324.6
13247 0.8977133409259572 1324.7
13248 0.8977355875941359 1324.8
13249 0.897757819794562 1324.9
13250 0.8977799973547059 1325
13251 0.8978020813420258 1325.1
13252 0.8978240277876731 1325.2
13253 0.8978457758037693 1325.3
13254 0.8978672616366709 1325.4
13255 0.897888468645488 1325.5
13256 0.8979092618925578 1325.6
13257 0.897929757656878 1325.7
13258 0.8979499479347203 1325.8
13259 0.8979698439312168 1325.9
13260 0.8979894749005839 1326
13261 0.8980088826575333 1326.1
13262 0.8980281165688625 1326.2
13263 0.8980472252657655 1326.3
13264 0.8980662528739816 1326.4
13265 0.8980852374312023 1326.5
13266 0.8981041946446475 1326.6
13267 0.8981230995535657 1326.7
13268 0.8981420357462615 1326.8
13269 0.8981610362863255 1326.9
13270 0.8981801187897676 1327
13271 0.8981992992136718 1327.1
13272 0.8982185921223564 1327.2
13273 0.8982380134833761 1327.3
13274 0.8982575894190448 1327.4
13275 0.8982773284589771 1327.5
13276 0.8982964623286438 1327.6
13277 0.8983153823336086 1327.7
13278 0.8983343991065723 1327.8
13279 0.8983537749408864 1327.9
13280 0.8983735243095616 1328
13281 0.8983936654209803 1328.1
13282 0.8984142211047356 1328.2
13283 0.898435205716191 1328.3
13284 0.8984565205134244 1328.4
13285 0.8984782745062919 1328.5
13286 0.8984999063094906 1328.6
13287 0.8985211154689425 1328.7
13288 0.8985427970133276 1328.8
13289 0.8985647061615373 1328.9
13290 0.8985856145809527 1329
13291 0.89860687308134 1329.1
13292 0.8986284007339868 1329.2
13293 0.8986501136432096 1329.3
13294 0.8986719698733373 1329.4
13295 0.8986935677654196 1329.5
13296 0.8987152576490249 1329.6
13297 0.8987370051254745 1329.7
13298 0.8987587877161521 1329.8
13299 0.8987805894246829 1329.9
13300 0.8988024219120468 1330
13301 0.8988243027233084 1330.1
13302 0.8988462488994848 1330.2
13303 0.8988682605724102 1330.3
13304 0.8988903499166551 1330.4
13305 0.8989123085358126 1330.5
13306 0.8989342324385764 1330.6
13307 0.8989561873405044 1330.7
13308 0.8989781870738779 1330.8
13309 0.8990002244462646 1330.9
13310 0.8990222914700673 1331
13311 0.8990443783834146 1331.1
13312 0.8990664767519525 1331.2
13313 0.8990885812158023 1331.3
13314 0.8991106921187132 1331.4
13315 0.8991328184733166 1331.5
13316 0.8991549757371324 1331.6
13317 0.899177188521896 1331.7
13318 0.8991994915572972 1331.8
13319 0.8992219082835516 1331.9
13320 0.8992444638540016 1332
13321 0.8992664306621513 1332.1
13322 0.899287381472325 1332.2
13323 0.8993056244380678 1332.3
13324 0.8993241322681071 1332.4
13325 0.8993429093496792 1332.5
13326 0.8993618779659039 1332.6
13327 0.8993810654791401 1332.7
13328 0.8994005278746754 1332.8
13329 0.8994202664001282 1332.9
13330 0.8994402710410262 1333
13331 0.899460541056871 1333.1
13332 0.8994810847919837 1333.2
13333 0.8995019140238493 1333.3
13334 0.8995230430123323 1333.4
13335 0.899544488709959 1333.5
13336 0.899566267470302 1333.6
13337 0.8995883813907025 1333.7
13338 0.8996108141501119 1333.8
13339 0.8996335373757718 1333.9
13340 0.8996551551176791 1334
13341 0.8996761383616052 1334.1
13342 0.8996971558370067 1334.2
13343 0.8997181548516473 1334.3
13344 0.8997390875526564 1334.4
13345 0.899759902831884 1334.5
13346 0.8997805651990047 1334.6
13347 0.8998010601702644 1334.7
13348 0.8998213919937416 1334.8
13349 0.8998414411221832 1334.9
13350 0.8998613561768727 1335
13351 0.8998810820251859 1335.1
13352 0.8999005104013625 1335.2
13353 0.8999198738821678 1335.3
13354 0.8999392363840283 1335.4
13355 0.8999586548918732 1335.5
13356 0.8999780970362091 1335.6
13357 0.8999976061871704 1335.7
13358 0.9000172382813316 1335.8
13359 0.9000370054861093 1335.9
13360 0.9000569146788439 1336
13361 0.9000769727006799 1336.1
13362 0.900097184801856 1336.2
13363 0.9001175547170255 1336.3
13364 0.9001380834286953 1336.4
13365 0.9001587662333048 1336.5
13366 0.9001795999929726 1336.6
13367 0.9001997444119966 1336.7
13368 0.9002198153136211 1336.8
13369 0.9002401471801362 1336.9
13370 0.9002598944383182 1337
13371 0.9002794950219418 1337.1
13372 0.9002994965757919 1337.2
13373 0.9003191537395714 1337.3
13374 0.9003385310378411 1337.4
13375 0.9003583154095394 1337.5
13376 0.9003785157961425 1337.6
13377 0.9003989449390098 1337.7
13378 0.9004193269496158 1337.8
13379 0.9004401018801803 1337.9
13380 0.9004612081955953 1338
13381 0.9004826004542839 1338.1
13382 0.9005041812112754 1338.2
13383 0.9005252875691669 1338.3
13384 0.900545739775963 1338.4
13385 0.9005662171331545 1338.5
13386 0.9005866722760666 1338.6
13387 0.900607086845405 1338.7
13388 0.9006274552896537 1338.8
13389 0.9006477777779273 1338.9
13390 0.9006676000692833 1339
13391 0.9006873030109916 1339.1
13392 0.9007070770861942 1339.2
13393 0.9007269497859793 1339.3
13394 0.9007469527787619 1339.4
13395 0.9007671203329407 1339.5
13396 0.9007874876944262 1339.6
13397 0.9008080890333788 1339.7
13398 0.900828955680398 1339.8
13399 0.9008501142583939 1339.9
13400 0.9008715843305146 1340
13401 0.9008933754934414 1340.1
13402 0.900915488441194 1340.2
13403 0.9009379076761509 1340.3
13404 0.9009605855817301 1340.4
13405 0.9009835306984697 1340.5
13406 0.9010067338104014 1340.6
13407 0.9010301641881705 1340.7
13408 0.9010537900864735 1340.8
13409 0.9010775796609515 1340.9
13410 0.9011014992692887 1341
13411 0.9011255093525762 1341.1
13412 0.9011490692224828 1341.2
13413 0.9011718076556114 1341.3
13414 0.9011944848780902 1341.4
13415 0.9012169970298275 1341.5
13416 0.9012393780141096 1341.6
13417 0.9012616081138751 1341.7
13418 0.9012836633702247 1341.8
13419 0.9013055239263836 1341.9
13420 0.9013271365982256 1342
13421 0.9013485509268463 1342.1
13422 0.9013697843552894 1342.2
13423 0.9013908562189039 1342.3
13424 0.9014111409761526 1342.4
13425 0.9014285189046827 1342.5
13426 0.9014461285855279 1342.6
13427 0.9014633698686009 1342.7
13428 0.9014808064158319 1342.8
13429 0.9014985426634969 1342.9
13430 0.9015165362521311 1343
13431 0.9015347329503015 1343.1
13432 0.9015530870443402 1343.2
13433 0.9015716015123394 1343.3
13434 0.9015902747295907 1343.4
13435 0.9016091023789068 1343.5
13436 0.9016280867880394 1343.6
13437 0.9016472394824766 1343.7
13438 0.9016665764361106 1343.8
13439 0.9016858964127693 1343.9
13440 0.9017054030307757 1344
13441 0.901725162494637 1344.1
13442 0.9017451878907592 1344.2
13443 0.9017654796626592 1344.3
13444 0.9017846311207388 1344.4
13445 0.9018033680248658 1344.5
13446 0.9018221544988193 1344.6
13447 0.9018409130975859 1344.7
13448 0.9018597709134049 1344.8
13449 0.9018787038160995 1344.9
13450 0.9018976925156102 1345
13451 0.9019167285276597 1345.1
13452 0.901935721336603 1345.2
13453 0.9019546870524894 1345.3
13454 0.9019737199007013 1345.4
13455 0.9019928332023833 1345.5
13456 0.9020120412137131 1345.6
13457 0.902031358234438 1345.7
13458 0.90205079834985 1345.8
13459 0.9020702995225481 1345.9
13460 0.9020892213533035 1346
13461 0.9021083637264792 1346.1
13462 0.9021277384258762 1346.2
13463 0.9021473625385804 1346.3
13464 0.9021672550296554 1346.4
13465 0.9021874349723695 1346.5
13466 0.9022067121031965 1346.6
13467 0.9022256082545782 1346.7
13468 0.9022447935863582 1346.8
13469 0.9022642629735025 1346.9
13470 0.9022840072443248 1347
13471 0.9023040152738008 1347.1
13472 0.9023242666910477 1347.2
13473 0.9023447219526766 1347.3
13474 0.9023653454990752 1347.4
13475 0.9023861325305867 1347.5
13476 0.9024070473781848 1347.6
13477 0.9024280217525039 1347.7
13478 0.9024489913256127 1347.8
13479 0.902470018023335 1347.9
13480 0.9024911005389462 1348
13481 0.9025122408595255 1348.1
13482 0.9025330188874429 1348.2
13483 0.9025534527634093 1348.3
13484 0.9025740516037107 1348.4
13485 0.9025948092390979 1348.5
13486 0.9026157541671391 1348.6
13487 0.9026369069461224 1348.7
13488 0.9026582674112852 1348.8
13489 0.9026798256077528 1348.9
13490 0.9027013059545482 1349
13491 0.9027228096663927 1349.1
13492 0.9027444208011678 1349.2
13493 0.9027661239970894 1349.3
13494 0.9027878991660793 1349.4
13495 0.9028097326628038 1349.5
13496 0.9028316236949555 1349.6
13497 0.9028535739266014 1349.7
13498 0.9028755919951859 1349.8
13499 0.9028976883262478 1349.9
13500 0.9029198756566266 1350
13501 0.9029421668453461 1350.1
13502 0.9029645432374117 1350.2
13503 0.9029868302932539 1350.3
13504 0.9030092655896393 1350.4
13505 0.9030318747963563 1350.5
13506 0.903054659586918 1350.6
13507 0.9030775992768605 1350.7
13508 0.9031006431559182 1350.8
13509 0.9031237262101913 1350.9
13510 0.9031467779051647 1351
13511 0.9031697327328625 1351.1
13512 0.9031925368457582 1351.2
13513 0.9032151542338217 1351.3
13514 0.9032375597221793 1351.4
13515 0.903259724424928 1351.5
13516 0.9032816494633849 1351.6
13517 0.9033030781235045 1351.7
13518 0.9033205055779097 1351.8
13519 0.9033382805871243 1351.9
13520 0.9033563942206042 1352
13521 0.9033747597310111 1352.1
13522 0.9033934049652476 1352.2
13523 0.9034123351649503 1352.3
13524 0.9034315220322573 1352.4
13525 0.9034509449862679 1352.5
13526 0.9034705863242948 1352.6
13527 0.9034904356817463 1352.7
13528 0.9035104862724166 1352.8
13529 0.9035307289335093 1352.9
13530 0.9035511389336642 1353
13531 0.9035716668969971 1353.1
13532 0.9035923600696648 1353.2
13533 0.9036132153250463 1353.3
13534 0.9036342287827178 1353.4
13535 0.9036553711777315 1353.5
13536 0.9036765486675143 1353.6
13537 0.9036978607988753 1353.7
13538 0.9037193046686258 1353.8
13539 0.9037408972511576 1353.9
13540 0.9037626315461741 1354
13541 0.9037843852542261 1354.1
13542 0.9038058447438346 1354.2
13543 0.9038275120375723 1354.3
13544 0.9038487776096406 1354.4
13545 0.9038691114540773 1354.5
13546 0.9038895009482157 1354.6
13547 0.9039092677851996 1354.7
13548 0.9039290956213628 1354.8
13549 0.9039490897916915 1354.9
13550 0.9039692579529977 1355
13551 0.903989617022753 1355.1
13552 0.9040101826978535 1355.2
13553 0.9040308202049347 1355.3
13554 0.9040509031694818 1355.4
13555 0.9040708901488185 1355.5
13556 0.9040897846389087 1355.6
13557 0.904108730369359 1355.7
13558 0.9041279405150739 1355.8
13559 0.9041473990227747 1355.9
13560 0.9041670932408242 1356
13561 0.9041870060379498 1356.1
13562 0.9042071476822394 1356.2
13563 0.9042274185525015 1356.3
13564 0.9042471230181414 1356.4
13565 0.904267010682146 1356.5
13566 0.9042870915642757 1356.6
13567 0.9043073757750167 1356.7
13568 0.9043278741955452 1356.8
13569 0.9043485932286258 1356.9
13570 0.9043695315391207 1357
13571 0.9043906769965849 1357.1
13572 0.9044120000290562 1357.2
13573 0.9044334685441529 1357.3
13574 0.9044550703234725 1357.4
13575 0.9044767819913531 1357.5
13576 0.904498458944499 1357.6
13577 0.9045190658393769 1357.7
13578 0.9045397563729199 1357.8
13579 0.9045605114906947 1357.9
13580 0.9045813178017714 1358
13581 0.9046021643253425 1358.1
13582 0.9046230298819921 1358.2
13583 0.9046438821321131 1358.3
13584 0.9046647465834838 1358.4
13585 0.904685613856575 1358.5
13586 0.9047064702800486 1358.6
13587 0.9047273066152723 1358.7
13588 0.9047481200230221 1358.8
13589 0.9047687561301097 1358.9
13590 0.9047893071922793 1359
13591 0.9048098553658209 1359.1
13592 0.9048304284087049 1359.2
13593 0.9048510619996137 1359.3
13594 0.9048718084898191 1359.4
13595 0.9048926480592856 1359.5
13596 0.9049134303227491 1359.6
13597 0.9049342878622965 1359.7
13598 0.9049552438064571 1359.8
13599 0.9049763177592832 1359.9
13600 0.9049974362868606 1360
13601 0.9050185284548171 1360.1
13602 0.905039539925563 1360.2
13603 0.9050604362362707 1360.3
13604 0.9050811731397341 1360.4
13605 0.9051017034878097 1360.5
13606 0.9051220281673505 1360.6
13607 0.9051402704023849 1360.7
13608 0.9051564694982572 1360.8
13609 0.9051731276420104 1360.9
13610 0.9051902134297378 1361
13611 0.9052076854931587 1361.1
13612 0.9052254964683062 1361.2
13613 0.9052435959550978 1361.3
13614 0.9052617798221012 1361.4
13615 0.9052790540386276 1361.5
13616 0.9052965188293667 1361.6
13617 0.9053141270136864 1361.7
13618 0.9053318368513963 1361.8
13619 0.9053496128101652 1361.9
13620 0.9053674326803729 1362
13621 0.9053852840206997 1362.1
13622 0.9054031593392783 1362.2
13623 0.9054210565222336 1362.3
13624 0.9054389782966854 1362.4
13625 0.9054569291439496 1362.5
13626 0.905474917211228 1362.6
13627 0.9054929582037721 1362.7
13628 0.9055110671252828 1362.8
13629 0.9055292477062167 1362.9
13630 0.9055475004065147 1363
13631 0.9055658264584964 1363.1
13632 0.9055842276146022 1363.2
13633 0.9056027069931603 1363.3
13634 0.9056212686745447 1363.4
13635 0.9056398343266761 1363.5
13636 0.9056577637475457 1363.6
13637 0.9056754304238752 1363.7
13638 0.9056932624093675 1363.8
13639 0.9057112599758389 1363.9
13640 0.9057294234917522 1364
13641 0.9057477529476771 1364.1
13642 0.9057662480455805 1364.2
13643 0.9057849072146686 1364.3
13644 0.9058037303104564 1364.4
13645 0.9058227173563645 1364.5
13646 0.9058414648624543 1364.6
13647 0.9058603576967513 1364.7
13648 0.9058794582400672 1364.8
13649 0.905898682516956 1364.9
13650 0.9059179336956598 1365
13651 0.9059374307017298 1365.1
13652 0.905957180009308 1365.2
13653 0.9059771871784791 1365.3
13654 0.905997459115193 1365.4
13655 0.9060180029385284 1365.5
13656 0.9060386640454904 1365.6
13657 0.9060596037832396 1365.7
13658 0.9060807564597293 1365.8
13659 0.9061021173843616 1365.9
13660 0.9061237733079249 1366
13661 0.9061457210150771 1366.1
13662 0.9061679532258199 1366.2
13663 0.9061903032185075 1366.3
13664 0.9062118641861641 1366.4
13665 0.9062337068607845 1366.5
13666 0.9062558202547683 1366.6
13667 0.9062781938581698 1366.7
13668 0.9063008166907337 1366.8
13669 0.9063236756754459 1366.9
13670 0.9063467607605128 1367
13671 0.9063700605989651 1367.1
13672 0.9063935596277971 1367.2
13673 0.9064172356341891 1367.3
13674 0.9064410582760872 1367.4
13675 0.9064649891897114 1367.5
13676 0.9064889849565316 1367.6
13677 0.906513000648444 1367.7
13678 0.9065368943640776 1367.8
13679 0.9065607385719006 1367.9
13680 0.9065845058018063 1368
13681 0.9066081869461 1368.1
13682 0.9066318031161956 1368.2
13683 0.906655376205773 1368.3
13684 0.9066789501111044 1368.4
13685 0.9067025474770042 1368.5
13686 0.9067261670653876 1368.6
13687 0.9067498114841729 1368.7
13688 0.9067732592170241 1368.8
13689 0.9067966343066597 1368.9
13690 0.9068189484625293 1369
13691 0.9068405178946463 1369.1
13692 0.9068618498235395 1369.2
13693 0.9068829229135665 1369.3
13694 0.9069037061823503 1369.4
13695 0.9069242088680771 1369.5
13696 0.9069444454884836 1369.6
13697 0.9069609396978009 1369.7
13698 0.9069770472190428 1369.8
13699 0.9069935034687828 1369.9
13700 0.9070102880923153 1370
13701 0.9070272323299287 1370.1
13702 0.9070444966664232 1370.2
13703 0.9070620142993806 1370.3
13704 0.9070783290847431 1370.4
13705 0.9070949023017677 1370.5
13706 0.9071117121139157 1370.6
13707 0.9071287396400305 1370.7
13708 0.9071459685087598 1370.8
13709 0.9071633866209761 1370.9
13710 0.9071808055840532 1371
13711 0.9071983785198942 1371.1
13712 0.9072161355345041 1371.2
13713 0.9072340818544197 1371.3
13714 0.9072522221329042 1371.4
13715 0.9072705663176152 1371.5
13716 0.9072891235170851 1371.6
13717 0.907307894703362 1371.7
13718 0.9073268753256363 1371.8
13719 0.9073460554960175 1371.9
13720 0.9073636204358353 1372
13721 0.9073811563128205 1372.1
13722 0.9073988751705953 1372.2
13723 0.9074167465004289 1372.3
13724 0.9074347410944359 1372.4
13725 0.9074528317200056 1372.5
13726 0.9074702472199854 1372.6
13727 0.907487758710824 1372.7
13728 0.9075053900682678 1372.8
13729 0.907523139556362 1372.9
13730 0.9075410077813272 1373
13731 0.9075589982310851 1373.1
13732 0.9075771200090191 1373.2
13733 0.9075953846363787 1373.3
13734 0.9076138054591041 1373.4
13735 0.9076323950251532 1373.5
13736 0.9076511655194187 1373.6
13737 0.9076698693382258 1373.7
13738 0.9076886552399436 1373.8
13739 0.9077077031896521 1373.9
13740 0.9077270176973318 1374
13741 0.907745923390436 1374.1
13742 0.9077636966148597 1374.2
13743 0.9077817222747468 1374.3
13744 0.9077999773228085 1374.4
13745 0.9078183398816405 1374.5
13746 0.9078367830753638 1374.6
13747 0.907855366554532 1374.7
13748 0.9078740619600114 1374.8
13749 0.9078928502868487 1374.9
13750 0.9079117183969218 1375
13751 0.9079306617048335 1375.1
13752 0.9079496806779014 1375.2
13753 0.90796877966795 1375.3
13754 0.9079879718145418 1375.4
13755 0.9080072753948721 1375.5
13756 0.908026711557455 1375.6
13757 0.9080463028155007 1375.7
13758 0.908066072721572 1375.8
13759 0.9080860452603758 1375.9
13760 0.9081062419820487 1376
13761 0.908126511526606 1376.1
13762 0.9081468000501425 1376.2
13763 0.9081673354912224 1376.3
13764 0.9081881292287555 1376.4
13765 0.9082091979638022 1376.5
13766 0.9082305369968604 1376.6
13767 0.9082521223551863 1376.7
13768 0.908272103749561 1376.8
13769 0.9082916535497764 1376.9
13770 0.908311528784885 1377
13771 0.9083317013250486 1377.1
13772 0.9083521437134359 1377.2
13773 0.9083728266156632 1377.3
13774 0.9083937328572199 1377.4
13775 0.908414829324912 1377.5
13776 0.9084360945104063 1377.6
13777 0.9084574414042748 1377.7
13778 0.9084786690871076 1377.8
13779 0.9084999611391379 1377.9
13780 0.9085212419766485 1378
13781 0.9085423527038751 1378.1
13782 0.9085632470124825 1378.2
13783 0.9085839857453505 1378.3
13784 0.9086045814161317 1378.4
13785 0.9086250357615907 1378.5
13786 0.9086453752720295 1378.6
13787 0.9086656327477853 1378.7
13788 0.9086839798668547 1378.8
13789 0.9087003085255516 1378.9
13790 0.9087172032642189 1379
13791 0.908734671454653 1379.1
13792 0.9087526957734775 1379.2
13793 0.9087712476894078 1379.3
13794 0.9087881725942455 1379.4
13795 0.9088048501256444 1379.5
13796 0.9088218970854011 1379.6
13797 0.9088392896787975 1379.7
13798 0.9088569352459406 1379.8
13799 0.9088747304758631 1379.9
13800 0.9088927858141074 1380
13801 0.908911075186583 1380.1
13802 0.9089295935524704 1380.2
13803 0.9089483386594565 1380.3
13804 0.908967315813628 1380.4
13805 0.9089865362026466 1380.5
13806 0.9090060150006453 1380.6
13807 0.9090257692079418 1380.7
13808 0.9090458121282685 1380.8
13809 0.909066161431841 1380.9
13810 0.9090868342995676 1381
13811 0.9091065178545551 1381.1
13812 0.9091252137360369 1381.2
13813 0.9091442480423825 1381.3
13814 0.9091635977590676 1381.4
13815 0.9091832194365743 1381.5
13816 0.909203071102605 1381.6
13817 0.9092231114848612 1381.7
13818 0.9092426325080929 1381.8
13819 0.909262304554278 1381.9
13820 0.9092821641072054 1382
13821 0.9093022042321667 1382.1
13822 0.9093222832048216 1382.2
13823 0.9093424143683499 1382.3
13824 0.909362711825605 1382.4
13825 0.9093830180304907 1382.5
13826 0.9094025013361229 1382.6
13827 0.9094195484403421 1382.7
13828 0.9094368145711691 1382.8
13829 0.909454290796939 1382.9
13830 0.9094719385870066 1383
13831 0.9094897231898507 1383.1
13832 0.9095076060035228 1383.2
13833 0.9095255829372717 1383.3
13834 0.9095435302961693 1383.4
13835 0.9095612439985502 1383.5
13836 0.9095790969276815 1383.6
13837 0.9095970939321092 1383.7
13838 0.9096152437586569 1383.8
13839 0.9096334289321584 1383.9
13840 0.9096516614323537 1384
13841 0.9096700850027636 1384.1
13842 0.9096887220930239 1384.2
13843 0.9097075954278342 1384.3
13844 0.9097267255657365 1384.4
13845 0.9097461311069845 1384.5
13846 0.9097658295843485 1384.6
13847 0.9097844025166475 1384.7
13848 0.9098023505854443 1384.8
13849 0.9098205984069314 1384.9
13850 0.9098389403380972 1385
13851 0.9098574469308155 1385.1
13852 0.9098761925527902 1385.2
13853 0.9098951348003875 1385.3
13854 0.9099142324269049 1385.4
13855 0.9099334763578371 1385.5
13856 0.9099528629255749 1385.6
13857 0.9099723935878061 1385.7
13858 0.9099918061681478 1385.8
13859 0.9100112217021181 1385.9
13860 0.9100306546466121 1386
13861 0.9100501324249243 1386.1
13862 0.9100697517336661 1386.2
13863 0.9100895305587282 1386.3
13864 0.9101094873004436 1386.4
13865 0.9101296390776973 1386.5
13866 0.9101499980667874 1386.6
13867 0.9101705834426771 1386.7
13868 0.9101914129444008 1386.8
13869 0.9102125005611381 1386.9
13870 0.9102338548906572 1387
13871 0.9102554767870057 1387.1
13872 0.9102758263151987 1387.2
13873 0.9102958478324849 1387.3
13874 0.9103160574765662 1387.4
13875 0.9103364056890964 1387.5
13876 0.9103568417753225 1387.6
13877 0.9103773242873283 1387.7
13878 0.910397814901811 1387.8
13879 0.9104182676402689 1387.9
13880 0.9104386514767595 1388
13881 0.9104589730567734 1388.1
13882 0.9104792384150148 1388.2
13883 0.9104979266766974 1388.3
13884 0.9105145309645348 1388.4
13885 0.9105313931012403 1388.5
13886 0.9105485758698718 1388.6
13887 0.9105660526010758 1388.7
13888 0.9105837884771087 1388.8
13889 0.9106017241787093 1388.9
13890 0.9106198480864132 1389
13891 0.9106381576731034 1389.1
13892 0.9106566430842283 1389.2
13893 0.9106752961317546 1389.3
13894 0.9106941144480806 1389.4
13895 0.9107131033158516 1389.5
13896 0.9107322747241396 1389.6
13897 0.9107516413614398 1389.7
13898 0.9107712213215241 1389.8
13899 0.9107910385543261 1389.9
13900 0.9108111199187988 1390
13901 0.9108314944492698 1390.1
13902 0.9108521937225534 1390.2
13903 0.9108730831905407 1390.3
13904 0.9108922218467418 1390.4
13905 0.9109117441354603 1390.5
13906 0.9109316392786674 1390.6
13907 0.9109518854435341 1390.7
13908 0.9109724395536142 1390.8
13909 0.9109918248168498 1390.9
13910 0.9110114075009708 1391
13911 0.9110311250546262 1391.1
13912 0.911050928284648 1391.2
13913 0.9110707528721775 1391.3
13914 0.9110896523834622 1391.4
13915 0.9111084713940177 1391.5
13916 0.9111272334806878 1391.6
13917 0.9111458957460601 1391.7
13918 0.9111642552537995 1391.8
13919 0.9111825725361085 1391.9
13920 0.9112008744721999 1392
13921 0.9112191919895782 1392.1
13922 0.9112375432175117 1392.2
13923 0.911255938948868 1392.3
13924 0.9112737232800293 1392.4
13925 0.911291601106946 1392.5
13926 0.911309614123903 1392.6
13927 0.9113277927513136 1392.7
13928 0.9113461685139551 1392.8
13929 0.911364761123209 1392.9
13930 0.9113836018277448 1393
13931 0.9114019439400793 1393.1
13932 0.9114192017562959 1393.2
13933 0.9114367309535216 1393.3
13934 0.9114545315141359 1393.4
13935 0.9114724803452869 1393.5
13936 0.9114904163343083 1393.6
13937 0.9115085819017649 1393.7
13938 0.9115269441745518 1393.8
13939 0.9115454064439612 1393.9
13940 0.9115638068604895 1394
13941 0.9115823194912624 1394.1
13942 0.9116009243386477 1394.2
13943 0.9116196110820248 1394.3
13944 0.9116383788661792 1394.4
13945 0.9116572329659149 1394.5
13946 0.9116760589607126 1394.6
13947 0.911694896223606 1394.7
13948 0.9117138540134366 1394.8
13949 0.9117329502813276 1394.9
13950 0.9117522089432138 1395
13951 0.9117716465798774 1395.1
13952 0.9117912871120581 1395.2
13953 0.9118111289004975 1395.3
13954 0.9118312065451654 1395.4
13955 0.9118515548324532 1395.5
13956 0.9118722123380503 1395.6
13957 0.9118932145611606 1395.7
13958 0.9119145963437918 1395.8
13959 0.9119347202554864 1395.9
13960 0.9119547687727733 1396
13961 0.9119752172860939 1396.1
13962 0.9119960485169308 1396.2
13963 0.9120172289279136 1396.3
13964 0.9120387208613774 1396.4
13965 0.9120604779718743 1396.5
13966 0.9120824226173591 1396.6
13967 0.9121043375850171 1396.7
13968 0.9121250979797915 1396.8
13969 0.912145864786462 1396.9
13970 0.9121665806656941 1397
13971 0.9121871980628247 1397.1
13972 0.9122076792589537 1397.2
13973 0.9122280030763923 1397.3
13974 0.9122481587302421 1397.4
13975 0.9122681190321957 1397.5
13976 0.9122878901424095 1397.6
13977 0.9123074746262212 1397.7
13978 0.9123268893385171 1397.8
13979 0.9123461723798839 1397.9
13980 0.9123627324703377 1398
13981 0.9123789023740423 1398.1
13982 0.9123953630679024 1398.2
13983 0.912412141482138 1398.3
13984 0.9124292548018973 1398.4
13985 0.9124467119413701 1398.5
13986 0.9124645061501986 1398.6
13987 0.9124826203384544 1398.7
13988 0.9125010378468941 1398.8
13989 0.9125197385815782 1398.9
13990 0.9125386840357584 1399
13991 0.9125578463454187 1399.1
13992 0.9125772173511688 1399.2
13993 0.9125967852766378 1399.3
13994 0.9126165330392896 1399.4
13995 0.9126348991515425 1399.5
13996 0.9126533789966812 1399.6
13997 0.9126719172610698 1399.7
13998 0.9126904974480897 1399.8
13999 0.9127091206970026 1399.9
14000 0.9127277688584962 1400
14001 0.9127464220693874 1400.1
14002 0.9127650884314623 1400.2
14003 0.9127837605529524 1400.3
14004 0.9128024322758793 1400.4
14005 0.9128211080132568 1400.5
14006 0.9128397936002908 1400.6
14007 0.9128584953077294 1400.7
14008 0.9128772219819828 1400.8
14009 0.9128959843678434 1400.9
14010 0.9129147812686895 1401
14011 0.9129336224584295 1401.1
14012 0.9129525276132433 1401.2
14013 0.9129715136079377 1401.3
14014 0.9129905946923795 1401.4
14015 0.9130091477176601 1401.5
14016 0.9130274379519875 1401.6
14017 0.9130459451728254 1401.7
14018 0.9130634332175566 1401.8
14019 0.9130810723310827 1401.9
14020 0.9130989278621395 1402
14021 0.9131170007584413 1402.1
14022 0.9131352103931226 1402.2
14023 0.9131535546291633 1402.3
14024 0.9131721099996967 1402.4
14025 0.9131908783425265 1402.5
14026 0.9132098614252643 1402.6
14027 0.9132290668522747 1402.7
14028 0.9132483275779674 1402.8
14029 0.9132671647545098 1402.9
14030 0.9132862762477467 1403
14031 0.9133056733913658 1403.1
14032 0.9133253706543232 1403.2
14033 0.9133453697586692 1403.3
14034 0.9133656686000698 1403.4
14035 0.913386259744715 1403.5
14036 0.9134062259177013 1403.6
14037 0.9134257524046389 1403.7
14038 0.9134453877557865 1403.8
14039 0.9134649936631202 1403.9
14040 0.9134847386371233 1404
14041 0.9135046087373786 1404.1
14042 0.9135245940951719 1404.2
14043 0.9135446835375948 1404.3
14044 0.9135648469166496 1404.4
14045 0.9135850618364507 1404.5
14046 0.9136053480888522 1404.6
14047 0.9136257133829574 1404.7
14048 0.9136461500802577 1404.8
14049 0.9136666332051919 1404.9
14050 0.9136871832911242 1405
14051 0.9137077950239523 1405.1
14052 0.9137284886104636 1405.2
14053 0.9137492729252559 1405.3
14054 0.9137701588194556 1405.4
14055 0.9137911649509557 1405.5
14056 0.9138123105781646 1405.6
14057 0.9138328782998421 1405.7
14058 0.9138527954648006 1405.8
14059 0.9138715942166116 1405.9
14060 0.9138905299743926 1406
14061 0.9139097259012247 1406.1
14062 0.9139291713217186 1406.2
14063 0.9139487941393241 1406.3
14064 0.9139686165543354 1406.4
14065 0.9139885750074419 1406.5
14066 0.914008336350822 1406.6
14067 0.9140280518519178 1406.7
14068 0.914047736722288 1406.8
14069 0.9140673511605035 1406.9
14070 0.9140868450474509 1407
14071 0.9141061088614056 1407.1
14072 0.9141251992802588 1407.2
14073 0.9141441204423072 1407.3
14074 0.9141628824867239 1407.4
14075 0.9141814877188487 1407.5
14076 0.9141999570369922 1407.6
14077 0.9142183050026891 1407.7
14078 0.9142365578715118 1407.8
14079 0.9142520518667342 1407.9
14080 0.9142674339574384 1408
14081 0.9142830649998882 1408.1
14082 0.9142989526037271 1408.2
14083 0.9143151548075229 1408.3
14084 0.9143316833110208 1408.4
14085 0.9143485485483802 1408.5
14086 0.9143657584248137 1408.6
14087 0.9143833163807488 1408.7
14088 0.9144012134673398 1408.8
14089 0.9144194560212544 1408.9
14090 0.9144380515199552 1409
14091 0.9144570035316943 1409.1
14092 0.9144763150281806 1409.2
14093 0.9144959671338265 1409.3
14094 0.9145159601083602 1409.4
14095 0.914536295568679 1409.5
14096 0.914556964557701 1409.6
14097 0.9145770612170051 1409.7
14098 0.9145967464075256 1409.8
14099 0.9146166675781418 1409.9
14100 0.9146366105804313 1410
14101 0.9146566360703818 1410.1
14102 0.9146767634505588 1410.2
14103 0.9146959362933836 1410.3
14104 0.9147143598212782 1410.4
14105 0.9147325943350152 1410.5
14106 0.9147508469311177 1410.6
14107 0.9147690903839016 1410.7
14108 0.9147872829284435 1410.8
14109 0.9148054048739985 1410.9
14110 0.914823404263843 1411
14111 0.9148413004980976 1411.1
14112 0.9148591147503177 1411.2
14113 0.9148768752161267 1411.3
14114 0.9148945646165126 1411.4
14115 0.9149121718975944 1411.5
14116 0.9149297057624582 1411.6
14117 0.9149471890626655 1411.7
14118 0.9149646026839233 1411.8
14119 0.9149817651692145 1411.9
14120 0.9149988778240445 1412
14121 0.9150159702847402 1412.1
14122 0.9150330669110572 1412.2
14123 0.9150501867995289 1412.3
14124 0.9150672671614096 1412.4
14125 0.915083274998015 1412.5
14126 0.9150994452865806 1412.6
14127 0.9151157773446322 1412.7
14128 0.9151322699536261 1412.8
14129 0.9151489217726341 1412.9
14130 0.9151657315903378 1413
14131 0.9151826982981107 1413.1
14132 0.915199820589544 1413.2
14133 0.9152170989032063 1413.3
14134 0.9152345346984122 1413.4
14135 0.9152521273513571 1413.5
14136 0.9152694658018673 1413.6
14137 0.9152862634061562 1413.7
14138 0.9153032243243162 1413.8
14139 0.9153203602390618 1413.9
14140 0.9153376757493533 1414
14141 0.9153551793389031 1414.1
14142 0.9153728805278596 1414.2
14143 0.9153907912271186 1414.3
14144 0.9154089270030544 1414.4
14145 0.9154273028483645 1414.5
14146 0.9154459415168368 1414.6
14147 0.9154647998509793 1414.7
14148 0.9154827267870596 1414.8
14149 0.9155008045394887 1414.9
14150 0.9155190466721438 1415
14151 0.9155376236741586 1415.1
14152 0.9155565316487511 1415.2
14153 0.9155757688843441 1415.3
14154 0.9155953215805444 1415.4
14155 0.9156151695594593 1415.5
14156 0.9156352843871055 1415.6
14157 0.9156556323613368 1415.7
14158 0.9156761735786181 1415.8
14159 0.9156968700233108 1415.9
14160 0.9157176994807019 1416
14161 0.915738637969249 1416.1
14162 0.915759600654678 1416.2
14163 0.9157805904843938 1416.3
14164 0.9158015880215999 1416.4
14165 0.9158224223689947 1416.5
14166 0.9158431978212862 1416.6
14167 0.9158639002659984 1416.7
14168 0.9158845153767678 1416.8
14169 0.9159050296541873 1416.9
14170 0.9159254235019788 1417
14171 0.9159456631149531 1417.1
14172 0.9159657449374381 1417.2
14173 0.9159856571349249 1417.3
14174 0.9160051632143693 1417.4
14175 0.916024532860212 1417.5
14176 0.9160436342080972 1417.6
14177 0.9160625939859802 1417.7
14178 0.9160806790938724 1417.8
14179 0.9160980798675248 1417.9
14180 0.9161154176621557 1418
14181 0.9161326704849139 1418.1
14182 0.9161475918328793 1418.2
14183 0.9161619109892267 1418.3
14184 0.9161764229208672 1418.4
14185 0.9161911406721306 1418.5
14186 0.916205971924853 1418.6
14187 0.9162209174192537 1418.7
14188 0.916236071231803 1418.8
14189 0.9162514520892692 1418.9
14190 0.9162670728948744 1419
14191 0.9162829382694733 1419.1
14192 0.9162990590655198 1419.2
14193 0.916315210428154 1419.3
14194 0.9163315782404876 1419.4
14195 0.9163481952489152 1419.5
14196 0.916365017468777 1419.6
14197 0.9163821052511272 1419.7
14198 0.9163994859991876 1419.8
14199 0.9164164615435654 1419.9
14200 0.9164329420623346 1420
14201 0.9164497254234981 1420.1
14202 0.9164668210245298 1420.2
14203 0.9164842348826774 1420.3
14204 0.9165019683198028 1420.4
14205 0.9165200170457527 1420.5
14206 0.91653837593503 1420.6
14207 0.916557039534399 1420.7
14208 0.9165760029360414 1420.8
14209 0.9165952421062771 1420.9
14210 0.9166147434456007 1421
14211 0.9166344808961018 1421.1
14212 0.9166544275099002 1421.2
14213 0.9166745234238863 1421.3
14214 0.9166935620308151 1421.4
14215 0.916712712520118 1421.5
14216 0.9167319452888986 1421.6
14217 0.9167512060208349 1421.7
14218 0.9167704154477559 1421.8
14219 0.916789522629604 1421.9
14220 0.916808498563116 1422
14221 0.9168267371072443 1422.1
14222 0.9168447658503572 1422.2
14223 0.9168626430007761 1422.3
14224 0.9168803564787643 1422.4
14225 0.9168978994065501 1422.5
14226 0.9169152595488798 1422.6
14227 0.9169324559121752 1422.7
14228 0.9169494666863872 1422.8
14229 0.9169664014045353 1422.9
14230 0.9169833345382661 1423
14231 0.9170002730192183 1423.1
14232 0.9170172209394527 1423.2
14233 0.9170341816577539 1423.3
14234 0.9170511356018227 1423.4
14235 0.9170680742723192 1423.5
14236 0.9170850378628651 1423.6
14237 0.9171020324081099 1423.7
14238 0.9171190655430894 1423.8
14239 0.9171361417456062 1423.9
14240 0.9171524538411757 1424
14241 0.9171683984184109 1424.1
14242 0.9171845576183031 1424.2
14243 0.9172009348433735 1424.3
14244 0.9172175354146203 1424.4
14245 0.9172343673800963 1424.5
14246 0.9172514415051015 1424.6
14247 0.9172687573091376 1424.7
14248 0.9172863093248355 1424.8
14249 0.9173041566701633 1424.9
14250 0.9173216768124162 1425
14251 0.9173387696234103 1425.1
14252 0.9173561561457723 1425.2
14253 0.917373833020857 1425.3
14254 0.9173918021068816 1425.4
14255 0.917410053324309 1425.5
14256 0.9174285708747489 1425.6
14257 0.9174473480251071 1425.7
14258 0.9174663706947063 1425.8
14259 0.9174856259854506 1425.9
14260 0.9175050807919506 1426
14261 0.9175246942943249 1426.1
14262 0.9175443408336851 1426.2
14263 0.9175639419722343 1426.3
14264 0.9175836899237096 1426.4
14265 0.9176035730527727 1426.5
14266 0.9176235955456715 1426.6
14267 0.917643726120852 1426.7
14268 0.9176639375578335 1426.8
14269 0.917683868395767 1426.9
14270 0.9177030417127444 1427
14271 0.9177222581974805 1427.1
14272 0.9177413311094748 1427.2
14273 0.9177603549050846 1427.3
14274 0.9177794181177987 1427.4
14275 0.9177985044763856 1427.5
14276 0.9178176083463141 1427.6
14277 0.9178367127436684 1427.7
14278 0.9178558225734521 1427.8
14279 0.917874949731828 1427.9
14280 0.9178941077331407 1428
14281 0.9179133164534047 1428.1
14282 0.9179326027494219 1428.2
14283 0.9179519912128663 1428.3
14284 0.9179715099132894 1428.4
14285 0.9179911837098643 1428.5
14286 0.9180110416401611 1428.6
14287 0.9180310144931622 1428.7
14288 0.9180498521355696 1428.8
14289 0.9180662465602566 1428.9
14290 0.9180824223973211 1429
14291 0.9180985550778383 1429.1
14292 0.9181138953236723 1429.2
14293 0.918128841919434 1429.3
14294 0.9181441476681471 1429.4
14295 0.9181597545946655 1429.5
14296 0.9181755997526677 1429.6
14297 0.9181916339488039 1429.7
14298 0.9182078100479278 1429.8
14299 0.9182240789383281 1429.9
14300 0.9182404030449922 1430
14301 0.9182567603795103 1430.1
14302 0.9182731029427549 1430.2
14303 0.9182894200088775 1430.3
14304 0.9183057289934276 1430.4
14305 0.9183220172509515 1430.5
14306 0.9183382974442651 1430.6
14307 0.918354624632261 1430.7
14308 0.9183710094661918 1430.8
14309 0.9183874617224816 1430.9
14310 0.9184039908882534 1431
14311 0.9184206047339136 1431.1
14312 0.9184372887921344 1431.2
14313 0.918454059315765 1431.3
14314 0.9184709362903589 1431.4
14315 0.9184879420612747 1431.5
14316 0.9185051013045661 1431.6
14317 0.9185224393879506 1431.7
14318 0.9185399817385418 1431.8
14319 0.918557751745067 1431.9
14320 0.9185747337325013 1432
14321 0.9185910818627916 1432.1
14322 0.9186076131658393 1432.2
14323 0.9186243168160425 1432.3
14324 0.9186411755628777 1432.4
14325 0.9186581731263544 1432.5
14326 0.9186752841788869 1432.6
14327 0.9186924740888289 1432.7
14328 0.9187097289257935 1432.8
14329 0.9187270452117551 1432.9
14330 0.9187444196106352 1433
14331 0.9187618554137577 1433.1
14332 0.9187793662531523 1433.2
14333 0.918796921160875 1433.3
14334 0.9188145292292306 1433.4
14335 0.9188319571016929 1433.5
14336 0.9188489986817537 1433.6
14337 0.9188662162673583 1433.7
14338 0.918883603376806 1433.8
14339 0.9189011641309832 1433.9
14340 0.9189188959652996 1434
14341 0.918936800428803 1434.1
14342 0.918954863870211 1434.2
14343 0.9189730786091076 1434.3
14344 0.9189914238829261 1434.4
14345 0.9190098607644407 1434.5
14346 0.9190283446030221 1434.6
14347 0.9190468476968229 1434.7
14348 0.9190653290513009 1434.8
14349 0.9190837612729231 1434.9
14350 0.9191021302276228 1435
14351 0.9191203974229756 1435.1
14352 0.9191386345205261 1435.2
14353 0.9191568509304681 1435.3
14354 0.9191750186901582 1435.4
14355 0.9191931099736559 1435.5
14356 0.9192111450262257 1435.6
14357 0.9192291455242979 1435.7
14358 0.9192471135112479 1435.8
14359 0.9192650610154611 1435.9
14360 0.9192829901511695 1436
14361 0.9193008702152784 1436.1
14362 0.9193175990770076 1436.2
14363 0.9193332813953351 1436.3
14364 0.9193492316673038 1436.4
14365 0.919365425097426 1436.5
14366 0.9193818402223902 1436.6
14367 0.9193984611468978 1436.7
14368 0.9194152748932026 1436.8
14369 0.9194322654793089 1436.9
14370 0.9194494283669484 1437
14371 0.9194667590077849 1437.1
14372 0.9194842481745522 1437.2
14373 0.9195018974077466 1437.3
14374 0.9195197051981231 1437.4
14375 0.9195376687473618 1437.5
14376 0.9195557838809993 1437.6
14377 0.9195740465955301 1437.7
14378 0.9195924531548871 1437.8
14379 0.9196109981887537 1437.9
14380 0.9196296762087718 1438
14381 0.9196484818567437 1438.1
14382 0.9196673806425669 1438.2
14383 0.9196863804862941 1438.3
14384 0.9197054849200039 1438.4
14385 0.9197246861358693 1438.5
14386 0.9197439737418885 1438.6
14387 0.9197633509344 1438.7
14388 0.9197828234190271 1438.8
14389 0.9198024013760417 1438.9
14390 0.91982209871215 1439
14391 0.9198419306651142 1439.1
14392 0.9198618880523988 1439.2
14393 0.9198819725955195 1439.3
14394 0.9199021939949718 1439.4
14395 0.9199225592351792 1439.5
14396 0.919943029589221 1439.6
14397 0.9199623748611506 1439.7
14398 0.9199818279151305 1439.8
14399 0.9200000563492942 1439.9
14400 0.9200163110712675 1440
14401 0.9200327073643195 1440.1
14402 0.920049465666762 1440.2
14403 0.9200665456317768 1440.3
14404 0.920083909664084 1440.4
14405 0.9201015077725406 1440.5
14406 0.9201192921379904 1440.6
14407 0.9201372405234944 1440.7
14408 0.9201553504822952 1440.8
14409 0.9201736302078836 1440.9
14410 0.9201915006958139 1441
14411 0.9202087167353695 1441.1
14412 0.9202260155719636 1441.2
14413 0.9202434215411458 1441.3
14414 0.9202609607815585 1441.4
14415 0.9202786510630798 1441.5
14416 0.9202964992189634 1441.6
14417 0.9203136689188931 1441.7
14418 0.920330773941569 1441.8
14419 0.9203480416562968 1441.9
14420 0.920365418838448 1442
14421 0.9203828691102627 1442.1
14422 0.9203998973965457 1442.2
14423 0.9204165648074637 1442.3
14424 0.9204333076243438 1442.4
14425 0.9204501243412213 1442.5
14426 0.9204669979043754 1442.6
14427 0.9204839210202619 1442.7
14428 0.920500918441264 1442.8
14429 0.9205179935111056 1442.9
14430 0.9205351668082337 1443
14431 0.9205524039696 1443.1
14432 0.9205693683494831 1443.2
14433 0.9205863962661173 1443.3
14434 0.9206034876346412 1443.4
14435 0.9206206409969255 1443.5
14436 0.9206378430770016 1443.6
14437 0.9206550805494977 1443.7
14438 0.9206722837887759 1443.8
14439 0.9206892433437556 1443.9
14440 0.9207061803820391 1444
14441 0.9207231026962055 1444.1
14442 0.9207400089568168 1444.2
14443 0.9207568984198921 1444.3
14444 0.920773775942941 1444.4
14445 0.9207906519218795 1444.5
14446 0.9208074945973134 1444.6
14447 0.9208243178833192 1444.7
14448 0.9208411509695829 1444.8
14449 0.9208580150371354 1444.9
14450 0.9208749264148766 1445
14451 0.920891897267206 1445.1
14452 0.9209089256868483 1445.2
14453 0.9209260124134439 1445.3
14454 0.9209431626706516 1445.4
14455 0.9209603919394838 1445.5
14456 0.9209777111537176 1445.6
14457 0.9209951262883721 1445.7
14458 0.9210126447455657 1445.8
14459 0.9210302743347951 1445.9
14460 0.9210480207236874 1446
14461 0.9210658928484629 1446.1
14462 0.9210839015638566 1446.2
14463 0.9211020426319112 1446.3
14464 0.9211203257488588 1446.4
14465 0.9211387515979906 1446.5
14466 0.9211573168744946 1446.6
14467 0.9211759982042964 1446.7
14468 0.9211947384474406 1446.8
14469 0.9212132360733046 1446.9
14470 0.9212316538995405 1447
14471 0.9212500473182038 1447.1
14472 0.9212683450525408 1447.2
14473 0.921286296535227 1447.3
14474 0.9213041950927999 1447.4
14475 0.9213220642652451 1447.5
14476 0.9213400351018349 1447.6
14477 0.9213580970424632 1447.7
14478 0.921376232529738 1447.8
14479 0.9213944496676884 1447.9
14480 0.9214127596384627 1448
14481 0.921431173295217 1448.1
14482 0.9214494299271032 1448.2
14483 0.9214677336086275 1448.3
14484 0.9214862037355673 1448.4
14485 0.9215048512337992 1448.5
14486 0.921523690881531 1448.6
14487 0.9215427387342958 1448.7
14488 0.9215620085624264 1448.8
14489 0.9215810190299465 1448.9
14490 0.9216002963900328 1449
14491 0.9216200373326973 1449.1
14492 0.9216402359608875 1449.2
14493 0.9216608815182147 1449.3
14494 0.9216819554129907 1449.4
14495 0.9217022193175424 1449.5
14496 0.9217226469707164 1449.6
14497 0.9217433324543897 1449.7
14498 0.9217642458591291 1449.8
14499 0.9217853492835033 1449.9
14500 0.9218065997592167 1450
14501 0.9218279612318107 1450.1
14502 0.9218488114089427 1450.2
14503 0.9218684704811155 1450.3
14504 0.9218881268711111 1450.4
14505 0.9219077824805438 1450.5
14506 0.9219274003738213 1450.6
14507 0.9219469483095781 1450.7
14508 0.921966394658343 1450.8
14509 0.9219857081326311 1450.9
14510 0.9220048711243992 1451
14511 0.9220238692859476 1451.1
14512 0.9220418531987191 1451.2
14513 0.9220576282347526 1451.3
14514 0.9220726259810035 1451.4
14515 0.9220873383486347 1451.5
14516 0.9221021382709819 1451.6
14517 0.9221170097058971 1451.7
14518 0.9221319388370426 1451.8
14519 0.9221468930438717 1451.9
14520 0.9221618901178519 1452
14521 0.922176934154966 1452.1
14522 0.9221920605504337 1452.2
14523 0.9222071722716828 1452.3
14524 0.9222223535753531 1452.4
14525 0.9222376087913114 1452.5
14526 0.9222529416293741 1452.6
14527 0.9222683703335094 1452.7
14528 0.9222838957973639 1452.8
14529 0.9222995195047854 1452.9
14530 0.9223152444100235 1453
14531 0.9223310747009883 1453.1
14532 0.9223470153247989 1453.2
14533 0.9223630711803924 1453.3
14534 0.9223792452712116 1453.4
14535 0.9223955385340359 1453.5
14536 0.9224119458577099 1453.6
14537 0.922428465798885 1453.7
14538 0.9224450711044009 1453.8
14539 0.9224611379359234 1453.9
14540 0.9224761074025979 1454
14541 0.9224910007618267 1454.1
14542 0.922505989820271 1454.2
14543 0.922521056019601 1454.3
14544 0.9225361805705852 1454.4
14545 0.9225513581321267 1454.5
14546 0.9225665880746894 1454.6
14547 0.9225818597310237 1454.7
14548 0.9225971638108008 1454.8
14549 0.9226124962858969 1454.9
14550 0.9226278788607256 1455
14551 0.9226433300173433 1455.1
14552 0.9226588526566584 1455.2
14553 0.9226743966524282 1455.3
14554 0.9226900003671513 1455.4
14555 0.9227056709406581 1455.5
14556 0.9227214101405008 1455.6
14557 0.9227372215592284 1455.7
14558 0.9227531118413189 1455.8
14559 0.9227690844567408 1455.9
14560 0.9227851523312323 1456
14561 0.922801317671502 1456.1
14562 0.9228175843125246 1456.2
14563 0.9228339555473434 1456.3
14564 0.9228503990964877 1456.4
14565 0.9228669080247498 1456.5
14566 0.9228830003909434 1456.6
14567 0.9228992030552212 1456.7
14568 0.922915049035157 1456.8
14569 0.9229305108736248 1456.9
14570 0.9229461052234376 1457
14571 0.9229618126664876 1457.1
14572 0.9229776409115446 1457.2
14573 0.9229935989789122 1457.3
14574 0.9230096917230485 1457.4
14575 0.9230259296247946 1457.5
14576 0.9230423200923101 1457.6
14577 0.9230588726895315 1457.7
14578 0.9230755555491214 1457.8
14579 0.9230922889794583 1457.9
14580 0.9231092086419291 1458
14581 0.923126323371483 1458.1
14582 0.9231436117918057 1458.2
14583 0.92316105695076 1458.3
14584 0.9231786557860174 1458.4
14585 0.9231963989474322 1458.5
14586 0.9232142752548266 1458.6
14587 0.9232322696295556 1458.7
14588 0.9232503438679008 1458.8
14589 0.9232684619972702 1458.9
14590 0.923286613479565 1459
14591 0.9233047971944583 1459.1
14592 0.9233229957063295 1459.2
14593 0.9233412163557102 1459.3
14594 0.9233594662031422 1459.4
14595 0.9233777418286093 1459.5
14596 0.9233960357184199 1459.6
14597 0.9234143369347163 1459.7
14598 0.9234326043685092 1459.8
14599 0.9234508284003246 1459.9
14600 0.9234691206269297 1460
14601 0.9234874637878018 1460.1
14602 0.9235058391462909 1460.2
14603 0.9235242640621621 1460.3
14604 0.9235427595672675 1460.4
14605 0.9235613458026963 1460.5
14606 0.9235800211318324 1460.6
14607 0.923598794149699 1460.7
14608 0.9236164098379698 1460.8
14609 0.9236338319849096 1460.9
14610 0.9236513810389984 1461
14611 0.9236690332669587 1461.1
14612 0.9236867733235103 1461.2
14613 0.9237046008892016 1461.3
14614 0.9237225118564569 1461.4
14615 0.923740507252597 1461.5
14616 0.9237585825954991 1461.6
14617 0.9237767107234126 1461.7
14618 0.9237947675422276 1461.8
14619 0.9238123762992431 1461.9
14620 0.9238300995382935 1462
14621 0.9238478916321821 1462.1
14622 0.923865710802523 1462.2
14623 0.9238835235462509 1462.3
14624 0.9239013055919157 1462.4
14625 0.923919041178344 1462.5
14626 0.9239367267999795 1462.6
14627 0.9239543609678352 1462.7
14628 0.9239719392784607 1462.8
14629 0.9239894668063631 1462.9
14630 0.9240069555634484 1463
14631 0.9240244104430538 1463.1
14632 0.9240418390783898 1463.2
14633 0.9240573954161169 1463.3
14634 0.9240720397027939 1463.4
14635 0.9240869612283363 1463.5
14636 0.9241020813570128 1463.6
14637 0.9241162282217145 1463.7
14638 0.9241301400210843 1463.8
14639 0.9241443363730726 1463.9
14640 0.9241587734356433 1464
14641 0.9241734240924342 1464.1
14642 0.9241882637880839 1464.2
14643 0.9242032683695216 1464.3
14644 0.9242184211594224 1464.4
14645 0.9242337015608466 1464.5
14646 0.9242491040954729 1464.6
14647 0.9242646027467758 1464.7
14648 0.9242802324236544 1464.8
14649 0.924295988191783 1464.9
14650 0.9243118561205105 1465
14651 0.9243278302931791 1465.1
14652 0.9243439090307493 1465.2
14653 0.9243600939969879 1465.3
14654 0.9243763843435074 1465.4
14655 0.9243927850425683 1465.5
14656 0.9244093043630698 1465.6
14657 0.9244259532096207 1465.7
14658 0.9244419182889725 1465.8
14659 0.9244571838179277 1465.9
14660 0.9244724963109039 1466
14661 0.9244878767865758 1466.1
14662 0.9245024610770797 1466.2
14663 0.92451685668815 1466.3
14664 0.9245314079744824 1466.4
14665 0.924546097833496 1466.5
14666 0.9245609070516152 1466.6
14667 0.9245758301042891 1466.7
14668 0.9245908641368384 1466.8
14669 0.9246060068354052 1466.9
14670 0.9246212557795882 1467
14671 0.9246365972074404 1467.1
14672 0.9246520115552994 1467.2
14673 0.9246674874086847 1467.3
14674 0.9246830339372158 1467.4
14675 0.9246986502433464 1467.5
14676 0.9247143268814031 1467.6
14677 0.9247300490478059 1467.7
14678 0.9247458046246719 1467.8
14679 0.9247615552336572 1467.9
14680 0.9247772940597148 1468
14681 0.9247930281467787 1468.1
14682 0.9248087768390347 1468.2
14683 0.9248245451702243 1468.3
14684 0.9248403309581168 1468.4
14685 0.9248561718518212 1468.5
14686 0.9248720946385495 1468.6
14687 0.924888120716742 1468.7
14688 0.9249043032010238 1468.8
14689 0.9249206481777793 1468.9
14690 0.9249371658962912 1469
14691 0.9249538610311241 1469.1
14692 0.9249707243722768 1469.2
14693 0.9249873112338044 1469.3
14694 0.9250026407900794 1469.4
14695 0.9250181054988763 1469.5
14696 0.9250337036898595 1469.6
14697 0.9250494367582943 1469.7
14698 0.9250652639802683 1469.8
14699 0.9250811739919076 1469.9
14700 0.9250971607532759 1470
14701 0.9251132096397278 1470.1
14702 0.925129314923009 1470.2
14703 0.9251454718902431 1470.3
14704 0.9251616791301956 1470.4
14705 0.9251779434485103 1470.5
14706 0.9251942482989234 1470.6
14707 0.9252106010629488 1470.7
14708 0.9252270207625964 1470.8
14709 0.9252435334720945 1470.9
14710 0.9252601750468545 1471
14711 0.9252769206244753 1471.1
14712 0.9252937553754722 1471.2
14713 0.9253107281257844 1471.3
14714 0.9253278446675697 1471.4
14715 0.9253450839993637 1471.5
14716 0.9253624377431453 1471.6
14717 0.9253799089811762 1471.7
14718 0.9253974986617867 1471.8
14719 0.9254152067620344 1471.9
14720 0.9254330279469675 1472
14721 0.9254509204481953 1472.1
14722 0.9254688793867989 1472.2
14723 0.9254869069177913 1472.3
14724 0.9255050104629122 1472.4
14725 0.9255231994744902 1472.5
14726 0.9255414739801739 1472.6
14727 0.9255593874979153 1472.7
14728 0.925576252400555 1472.8
14729 0.9255932552997875 1472.9
14730 0.9256104038505786 1473
14731 0.9256277065281665 1473.1
14732 0.9256451384544387 1473.2
14733 0.9256627079690138 1473.3
14734 0.9256804233112832 1473.4
14735 0.9256982882843748 1473.5
14736 0.9257162935849534 1473.6
14737 0.9257344283774264 1473.7
14738 0.9257526808718978 1473.8
14739 0.9257710396991626 1473.9
14740 0.9257894662121458 1474
14741 0.9258079101826662 1474.1
14742 0.9258263666639892 1474.2
14743 0.9258448462084117 1474.3
14744 0.9258633681616116 1474.4
14745 0.9258819174428808 1474.5
14746 0.9259004800711292 1474.6
14747 0.9259190442666086 1474.7
14748 0.9259375964718142 1474.8
14749 0.9259551739116907 1474.9
14750 0.9259726420933999 1475
14751 0.925989841555411 1475.1
14752 0.9260066039455526 1475.2
14753 0.9260233527854045 1475.3
14754 0.9260400691338854 1475.4
14755 0.9260567486710841 1475.5
14756 0.9260734099144003 1475.6
14757 0.9260900620509767 1475.7
14758 0.9261066951962578 1475.8
14759 0.926123309460928 1475.9
14760 0.9261393997147873 1476
14761 0.9261531221984121 1476.1
14762 0.9261671402227231 1476.2
14763 0.9261814620089392 1476.3
14764 0.9261960755368843 1476.4
14765 0.9262109677943333 1476.5
14766 0.9262261516687036 1476.6
14767 0.926241618186742 1476.7
14768 0.9262573526594197 1476.8
14769 0.9262731032888345 1476.9
14770 0.9262889153415016 1477
14771 0.9263042486933034 1477.1
14772 0.9263194203826048 1477.2
14773 0.9263348224851933 1477.3
14774 0.9263504411565076 1477.4
14775 0.9263662618814009 1477.5
14776 0.9263814017281004 1477.6
14777 0.9263958613064723 1477.7
14778 0.9264104871869183 1477.8
14779 0.9264252792620584 1477.9
14780 0.9264402328319106 1478
14781 0.9264553392479559 1478.1
14782 0.9264705894368985 1478.2
14783 0.9264859408185536 1478.3
14784 0.926501385909297 1478.4
14785 0.9265169095635502 1478.5
14786 0.926531972568106 1478.6
14787 0.9265468178473011 1478.7
14788 0.9265617152703458 1478.8
14789 0.9265766504636879 1478.9
14790 0.9265916171079814 1479
14791 0.9266066066177626 1479.1
14792 0.9266215891700876 1479.2
14793 0.9266365832576107 1479.3
14794 0.9266515994616684 1479.4
14795 0.9266666803514004 1479.5
14796 0.9266818208676025 1479.6
14797 0.9266970113867232 1479.7
14798 0.9267122555424999 1479.8
14799 0.9267275498026049 1479.9
14800 0.9267428735142299 1480
14801 0.9267582164424164 1480.1
14802 0.926773587626026 1480.2
14803 0.9267886534372121 1480.3
14804 0.92680372456572 1480.4
14805 0.9268188618253991 1480.5
14806 0.9268340709386158 1480.6
14807 0.9268493588728222 1480.7
14808 0.9268647335956082 1480.8
14809 0.9268802042922519 1480.9
14810 0.9268957816719386 1481
14811 0.9269114783281563 1481.1
14812 0.9269273086908705 1481.2
14813 0.9269432901720397 1481.3
14814 0.9269594350471617 1481.4
14815 0.9269747803743517 1481.5
14816 0.9269897353134331 1481.6
14817 0.927004845748103 1481.7
14818 0.9270201142007969 1481.8
14819 0.9270355380763657 1481.9
14820 0.9270511096883431 1482
14821 0.92706679258487 1482.1
14822 0.9270825748924 1482.2
14823 0.9270984460739766 1482.3
14824 0.9271143968946731 1482.4
14825 0.9271304130562001 1482.5
14826 0.9271464824950505 1482.6
14827 0.9271625961631872 1482.7
14828 0.9271787503489893 1482.8
14829 0.9271949504907433 1482.9
14830 0.9272111985623005 1483
14831 0.9272274869897388 1483.1
14832 0.927243838852986 1483.2
14833 0.9272602697125025 1483.3
14834 0.9272767989726693 1483.4
14835 0.9272934717290949 1483.5
14836 0.9273102833823249 1483.6
14837 0.9273272116022171 1483.7
14838 0.9273442687518753 1483.8
14839 0.9273614598417445 1483.9
14840 0.9273787808099615 1484
14841 0.9273962236461739 1484.1
14842 0.9274137990623355 1484.2
14843 0.9274315038664691 1484.3
14844 0.9274493260470766 1484.4
14845 0.9274672643417469 1484.5
14846 0.9274853081127283 1484.6
14847 0.927503452728317 1484.7
14848 0.927521689628643 1484.8
14849 0.9275399999671814 1484.9
14850 0.9275583591217392 1485
14851 0.927576754095338 1485.1
14852 0.9275951702369726 1485.2
14853 0.9276136134701574 1485.3
14854 0.9276320728958711 1485.4
14855 0.9276505437171868 1485.5
14856 0.9276690270029551 1485.6
14857 0.9276875264261372 1485.7
14858 0.9277060516852986 1485.8
14859 0.9277246202301515 1485.9
14860 0.9277432388179243 1486
14861 0.9277618474456755 1486.1
14862 0.9277795970864625 1486.2
14863 0.9277974090760741 1486.3
14864 0.9278152884672417 1486.4
14865 0.9278332367890172 1486.5
14866 0.9278512421581667 1486.6
14867 0.9278692830777843 1486.7
14868 0.9278873458607033 1486.8
14869 0.927905424610853 1486.9
14870 0.9279235250449636 1487
14871 0.9279416521334135 1487.1
14872 0.927959812781185 1487.2
14873 0.9279780143112152 1487.3
14874 0.9279962621469375 1487.4
14875 0.9280145579702046 1487.5
14876 0.9280329183548273 1487.6
14877 0.9280513628059125 1487.7
14878 0.9280698743545936 1487.8
14879 0.9280884427889879 1487.9
14880 0.9281070597820256 1488
14881 0.928125720898346 1488.1
14882 0.9281439959580279 1488.2
14883 0.9281618163343464 1488.3
14884 0.9281797380691932 1488.4
14885 0.9281977578940169 1488.5
14886 0.9282158617671172 1488.6
14887 0.9282340486262179 1488.7
14888 0.9282523120614228 1488.8
14889 0.9282706445958947 1488.9
14890 0.9282890420108931 1489
14891 0.9283069531334355 1489.1
14892 0.928324321184808 1489.2
14893 0.9283417495784245 1489.3
14894 0.9283581083056878 1489.4
14895 0.9283731886805424 1489.5
14896 0.9283884789366047 1489.6
14897 0.9284039726167356 1489.7
14898 0.9284196760840955 1489.8
14899 0.9284356008807072 1489.9
14900 0.9284517540114645 1490
14901 0.9284681094082894 1490.1
14902 0.9284846802781097 1490.2
14903 0.9285008851527961 1490.3
14904 0.9285166280018133 1490.4
14905 0.9285324684362132 1490.5
14906 0.9285484327786345 1490.6
14907 0.9285645352633253 1490.7
14908 0.9285807575909221 1490.8
14909 0.9285970740012458 1490.9
14910 0.9286134542763981 1491
14911 0.9286298661873984 1491.1
14912 0.928646287033191 1491.2
14913 0.9286627188605965 1491.3
14914 0.9286788285620142 1491.4
14915 0.9286946384056843 1491.5
14916 0.9287104785377673 1491.6
14917 0.9287263817431666 1491.7
14918 0.9287423381990185 1491.8
14919 0.9287582038242338 1491.9
14920 0.9287740045292163 1492
14921 0.9287898218600074 1492.1
14922 0.9288056582251597 1492.2
14923 0.928821504287016 1492.3
14924 0.928837359426402 1492.4
14925 0.9288532254600603 1492.5
14926 0.9288683646689981 1492.6
14927 0.9288833930421702 1492.7
14928 0.9288985076429971 1492.8
14929 0.9289137063098201 1492.9
14930 0.9289289863085857 1493
14931 0.9289442008741493 1493.1
14932 0.9289594410705694 1493.2
14933 0.9289747700469254 1493.3
14934 0.9289901859167373 1493.4
14935 0.9290057001983633 1493.5
14936 0.9290211183837059 1493.6
14937 0.9290365766146788 1493.7
14938 0.9290521323495429 1493.8
14939 0.9290677873098865 1493.9
14940 0.9290835468185287 1494
14941 0.9290994163030448 1494.1
14942 0.9291154011512752 1494.2
14943 0.9291315067659331 1494.3
14944 0.9291477408960467 1494.4
14945 0.9291641096744827 1494.5
14946 0.9291806252821835 1494.6
14947 0.929197303417577 1494.7
14948 0.9292141499860829 1494.8
14949 0.9292305631413293 1494.9
14950 0.9292467795484238 1495
14951 0.9292632733913299 1495.1
14952 0.92928006328355 1495.2
14953 0.929297161203598 1495.3
14954 0.929314576329393 1495.4
14955 0.9293311861541668 1495.5
14956 0.9293480844865496 1495.6
14957 0.9293653149018408 1495.7
14958 0.9293823978322358 1495.8
14959 0.9293986329997008 1495.9
14960 0.9294151941151904 1496
14961 0.9294320105371741 1496.1
14962 0.9294490382579673 1496.2
14963 0.9294662434865835 1496.3
14964 0.9294836023895168 1496.4
14965 0.9295010891174257 1496.5
14966 0.9295186378424812 1496.6
14967 0.9295361468607949 1496.7
14968 0.9295537808319942 1496.8
14969 0.9295707387068304 1496.9
14970 0.9295876110575043 1497
14971 0.9296047138210441 1497.1
14972 0.9296219969486273 1497.2
14973 0.9296391681866006 1497.3
14974 0.9296564945735228 1497.4
14975 0.9296739842880236 1497.5
14976 0.9296916338597906 1497.6
14977 0.9297093380388268 1497.7
14978 0.9297267525465133 1497.8
14979 0.9297441306914608 1497.9
14980 0.9297614381869692 1498
14981 0.9297786625459684 1498.1
14982 0.9297958049047648 1498.2
14983 0.929812871042469 1498.3
14984 0.9298298689977742 1498.4
14985 0.9298467921692967 1498.5
14986 0.9298636574616439 1498.6
14987 0.9298805038299554 1498.7
14988 0.929897324228608 1498.8
14989 0.9299140820813244 1498.9
14990 0.9299308295507597 1499
14991 0.9299475915533777 1499.1
14992 0.9299643846177155 1499.2
14993 0.9299812165385052 1499.3
14994 0.92999809550997 1499.4
14995 0.9300150291553819 1499.5
14996 0.9300320104443105 1499.6
14997 0.9300490282751219 1499.7
14998 0.93006609639812 1499.8
14999 0.9300832284728658 1499.9
15000 0.930100435821826 1500
15001 0.9301165663802174 1500.1
15002 0.9301327023595674 1500.2
15003 0.930148869614318 1500.3
15004 0.9301650279369706 1500.4
15005 0.9301812514632016 1500.5
15006 0.930197527655941 1500.6
15007 0.9302138465109723 1500.7
15008 0.9302302112403116 1500.8
15009 0.9302466336605423 1500.9
15010 0.9302631459563716 1501
15011 0.9302797369031679 1501.1
15012 0.9302963960154267 1501.2
15013 0.9303131161226638 1501.3
15014 0.9303298767263525 1501.4
15015 0.930346684128741 1501.5
15016 0.9303635469766861 1501.6
15017 0.9303804528932285 1501.7
15018 0.93039743956425 1501.8
15019 0.9304136375307007 1501.9
15020 0.9304293381686641 1502
15021 0.9304452470411744 1502.1
15022 0.9304613893868335 1502.2
15023 0.930477833245548 1502.3
15024 0.930494660223757 1502.4
15025 0.9305120099001997 1502.5
15026 0.9305300033371225 1502.6
15027 0.9305486650493364 1502.7
15028 0.9305679369109261 1502.8
15029 0.9305876599058821 1502.9
15030 0.930607568211042 1503
15031 0.9306255366554603 1503.1
15032 0.9306428837475993 1503.2
15033 0.9306586724982274 1503.3
15034 0.9306736777108129 1503.4
15035 0.930687952952521 1503.5
15036 0.9307023123879989 1503.6
15037 0.9307164313666167 1503.7
15038 0.9307300720272158 1503.8
15039 0.9307425583990027 1503.9
15040 0.9307556674440929 1504
15041 0.9307693524768673 1504.1
15042 0.9307835033050891 1504.2
15043 0.9307980113868561 1504.3
15044 0.9308128267717505 1504.4
15045 0.9308279126763935 1504.5
15046 0.9308432262264729 1504.6
15047 0.9308580956314015 1504.7
15048 0.9308731255912827 1504.8
15049 0.9308882810686795 1504.9
15050 0.9309035454834397 1505
15051 0.930918888590047 1505.1
15052 0.9309343214394746 1505.2
15053 0.9309498555406837 1505.3
15054 0.9309654978994339 1505.4
15055 0.9309812434661457 1505.5
15056 0.9309970635330238 1505.6
15057 0.9310129499708264 1505.7
15058 0.9310289078111139 1505.8
15059 0.9310449294694642 1505.9
15060 0.9310609978234676 1506
15061 0.9310771017808503 1506.1
15062 0.9310932244272618 1506.2
15063 0.9311093219689979 1506.3
15064 0.9311253646819897 1506.4
15065 0.9311413232451292 1506.5
15066 0.9311571771719681 1506.6
15067 0.9311729126445438 1506.7
15068 0.9311885260203669 1506.8
15069 0.9312040315833299 1506.9
15070 0.9312194515102334 1507
15071 0.931234771606213 1507.1
15072 0.9312500962699706 1507.2
15073 0.9312653548659536 1507.3
15074 0.9312806087856875 1507.4
15075 0.9312959012946728 1507.5
15076 0.9313112358564583 1507.6
15077 0.9313266236659939 1507.7
15078 0.9313420722565459 1507.8
15079 0.9313575852396163 1507.9
15080 0.9313731685989163 1508
15081 0.9313888292861322 1508.1
15082 0.931404575263272 1508.2
15083 0.931420415219684 1508.3
15084 0.9314363579197049 1508.4
15085 0.9314524135793911 1508.5
15086 0.9314674669079597 1508.6
15087 0.9314824589951564 1508.7
15088 0.9314976694443337 1508.8
15089 0.9315131159036714 1508.9
15090 0.9315287935493262 1509
15091 0.9315447046221768 1509.1
15092 0.9315608495326776 1509.2
15093 0.9315772259538128 1509.3
15094 0.9315938327164931 1509.4
15095 0.9316100502015913 1509.5
15096 0.9316262433092654 1509.6
15097 0.9316426294238265 1509.7
15098 0.9316583195589793 1509.8
15099 0.9316736948658834 1509.9
15100 0.93168929981545 1510
15101 0.9317051126747987 1510.1
15102 0.9317211129673496 1510.2
15103 0.9317372695234282 1510.3
15104 0.9317535526702435 1510.4
15105 0.9317699171045059 1510.5
15106 0.9317861382108605 1510.6
15107 0.931801744397676 1510.7
15108 0.9318168247030127 1510.8
15109 0.9318319973202879 1510.9
15110 0.9318472682552456 1511
15111 0.9318626401119993 1511.1
15112 0.9318780936033157 1511.2
15113 0.9318936502837666 1511.3
15114 0.931909334550696 1511.4
15115 0.931925140301051 1511.5
15116 0.9319408174594048 1511.6
15117 0.9319560527657317 1511.7
15118 0.9319713886770702 1511.8
15119 0.9319868115447811 1511.9
15120 0.9320022852189068 1512
15121 0.932017807457007 1512.1
15122 0.9320333739894123 1512.2
15123 0.932048982817639 1512.3
15124 0.932064618908663 1512.4
15125 0.9320802803859588 1512.5
15126 0.9320959738525197 1512.6
15127 0.9321116917161308 1512.7
15128 0.9321274350029016 1512.8
15129 0.9321432120627479 1512.9
15130 0.932159008784939 1513
15131 0.9321748140724935 1513.1
15132 0.9321906061352235 1513.2
15133 0.932206362829785 1513.3
15134 0.9322221159314525 1513.4
15135 0.9322378361644972 1513.5
15136 0.9322534848137257 1513.6
15137 0.93226909811478 1513.7
15138 0.932284677658059 1513.8
15139 0.9323002257397981 1513.9
15140 0.9323157452320301 1514
15141 0.9323312407964865 1514.1
15142 0.9323467041506083 1514.2
15143 0.9323621335749802 1514.3
15144 0.9323775430583674 1514.4
15145 0.9323929446800657 1514.5
15146 0.9324083442119449 1514.6
15147 0.9324237479980505 1514.7
15148 0.9324391646724904 1514.8
15149 0.9324545992773987 1514.9
15150 0.9324700567109205 1515
15151 0.932485541575001 1515.1
15152 0.9325010625138311 1515.2
15153 0.9325166350295034 1515.3
15154 0.932532263207154 1515.4
15155 0.9325479463887733 1515.5
15156 0.9325636830922481 1515.6
15157 0.9325794713106041 1515.7
15158 0.9325953087863508 1515.8
15159 0.9326111929320468 1515.9
15160 0.9326271210062486 1516
15161 0.9326430903821181 1516.1
15162 0.9326590988617038 1516.2
15163 0.9326751450550351 1516.3
15164 0.932690672938926 1516.4
15165 0.9327057452658561 1516.5
15166 0.9327209428742615 1516.6
15167 0.9327362416945432 1516.7
15168 0.9327516394803332 1516.8
15169 0.9327671345957248 1516.9
15170 0.9327827220247751 1517
15171 0.9327984064598797 1517.1
15172 0.9328141997283294 1517.2
15173 0.9328301188696712 1517.3
15174 0.9328461829971172 1517.4
15175 0.9328619322409704 1517.5
15176 0.9328758748204244 1517.6
15177 0.932889148410434 1517.7
15178 0.9329027468586416 1517.8
15179 0.9329166910578065 1517.9
15180 0.9329309700137473 1518
15181 0.9329455916172592 1518.1
15182 0.9329605935477405 1518.2
15183 0.9329759773526926 1518.3
15184 0.9329917108465641 1518.4
15185 0.9330077961153871 1518.5
15186 0.9330242256745668 1518.6
15187 0.9330409759005909 1518.7
15188 0.9330580182913778 1518.8
15189 0.9330753096047558 1518.9
15190 0.9330924612158366 1519
15191 0.9331087068288938 1519.1
15192 0.9331250580579217 1519.2
15193 0.9331414508300895 1519.3
15194 0.9331577365751628 1519.4
15195 0.9331735673010226 1519.5
15196 0.9331894505308933 1519.6
15197 0.9332053624427636 1519.7
15198 0.9332212946002385 1519.8
15199 0.9332372501541067 1519.9
15200 0.9332532090504388 1520
15201 0.9332691765684857 1520.1
15202 0.9332843505887318 1520.2
15203 0.9332994804797167 1520.3
15204 0.9333147715956688 1520.4
15205 0.9333302383535278 1520.5
15206 0.9333458606196433 1520.6
15207 0.9333616109211165 1520.7
15208 0.9333774922533744 1520.8
15209 0.9333935187366454 1520.9
15210 0.933409663256675 1521
15211 0.9334259234050437 1521.1
15212 0.9334423055074919 1521.2
15213 0.9334588153067856 1521.3
15214 0.9334754526191019 1521.4
15215 0.9334922190877625 1521.5
15216 0.9335085538412723 1521.6
15217 0.9335248490110211 1521.7
15218 0.9335412754464515 1521.8
15219 0.9335578220150513 1521.9
15220 0.9335744869680953 1522
15221 0.9335899502315697 1522.1
15222 0.9336053301390059 1522.2
15223 0.9336208396197334 1522.3
15224 0.9336364566420308 1522.4
15225 0.9336521649164008 1522.5
15226 0.9336679508817513 1522.6
15227 0.9336838025013781 1522.7
15228 0.9336996968821165 1522.8
15229 0.9337156158201319 1522.9
15230 0.9337315265653964 1523
15231 0.9337473975813991 1523.1
15232 0.9337632136093679 1523.2
15233 0.9337789521826267 1523.3
15234 0.9337945973311021 1523.4
15235 0.9338101403458438 1523.5
15236 0.9338255786471951 1523.6
15237 0.9338409169383067 1523.7
15238 0.9338561643376456 1523.8
15239 0.9338713117212596 1523.9
15240 0.9338863876627173 1524
15241 0.9339014188300183 1524.1
15242 0.9339164353707942 1524.2
15243 0.9339314713744227 1524.3
15244 0.9339465583197645 1524.4
15245 0.933961721294467 1524.5
15246 0.9339769745733177 1524.6
15247 0.9339923211334962 1524.7
15248 0.9340077586577825 1524.8
15249 0.9340232758310513 1524.9
15250 0.9340388565434037 1525
15251 0.9340544660710866 1525.1
15252 0.9340700775155704 1525.2
15253 0.9340856848522807 1525.3
15254 0.934101290179901 1525.4
15255 0.9341161596407292 1525.5
15256 0.9341305412689005 1525.6
15257 0.934145052129886 1525.7
15258 0.934159712648967 1525.8
15259 0.9341745647115448 1525.9
15260 0.9341896067108884 1526
15261 0.9342048402784562 1526.1
15262 0.9342202652661354 1526.2
15263 0.9342358811111431 1526.3
15264 0.9342516904111902 1526.4
15265 0.9342677097936328 1526.5
15266 0.9342839352031089 1526.6
15267 0.9342999745572237 1526.7
15268 0.9343158030837109 1526.8
15269 0.9343318553810924 1526.9
15270 0.9343481321786424 1527
15271 0.9343646244273238 1527.1
15272 0.9343813436909194 1527.2
15273 0.934396770293625 1527.3
15274 0.9344120985657244 1527.4
15275 0.9344276086938362 1527.5
15276 0.9344432805145009 1527.6
15277 0.9344590859357794 1527.7
15278 0.9344750178987634 1527.8
15279 0.9344910668991854 1527.9
15280 0.9345072214496634 1528
15281 0.9345234595533588 1528.1
15282 0.934539764007467 1528.2
15283 0.9345561248032455 1528.3
15284 0.9345725269714616 1528.4
15285 0.9345889130529488 1528.5
15286 0.9346052734463479 1528.6
15287 0.9346216112615076 1528.7
15288 0.9346379337493723 1528.8
15289 0.9346542782463318 1528.9
15290 0.9346706500061814 1529
15291 0.9346870082970613 1529.1
15292 0.9347033153390529 1529.2
15293 0.9347195747453526 1529.3
15294 0.9347357973131609 1529.4
15295 0.9347519873678095 1529.5
15296 0.9347681450335782 1529.6
15297 0.934784279620152 1529.7
15298 0.9348003954701364 1529.8
15299 0.93481649383089 1529.9
15300 0.9348325917343473 1530
15301 0.9348487024962677 1530.1
15302 0.9348648338233437 1530.2
15303 0.9348809917677267 1530.3
15304 0.9348971858048112 1530.4
15305 0.9349134251551748 1530.5
15306 0.9349297186415346 1530.6
15307 0.934946074540721 1530.7
15308 0.9349625004602287 1530.8
15309 0.9349790033148879 1530.9
15310 0.9349955875604041 1531
15311 0.9350122602480151 1531.1
15312 0.9350290427961349 1531.2
15313 0.9350459400738333 1531.3
15314 0.9350629574519647 1531.4
15315 0.9350801007325205 1531.5
15316 0.9350973734004995 1531.6
15317 0.9351147751045915 1531.7
15318 0.9351321959763923 1531.8
15319 0.935148171597872 1531.9
15320 0.9351636856472498 1532
15321 0.9351794174348674 1532.1
15322 0.9351953402825181 1532.2
15323 0.9352114234007028 1532.3
15324 0.9352276338973545 1532.4
15325 0.9352439275163901 1532.5
15326 0.9352602875087587 1532.6
15327 0.9352766907913221 1532.7
15328 0.9352931215214192 1532.8
15329 0.9353081883240099 1532.9
15330 0.9353224493077603 1533
15331 0.9353368850937005 1533.1
15332 0.9353515072459042 1533.2
15333 0.9353663301511296 1533.3
15334 0.9353813576657517 1533.4
15335 0.9353965357502765 1533.5
15336 0.9354116306532445 1533.6
15337 0.9354260307225446 1533.7
15338 0.9354405029678131 1533.8
15339 0.9354551924229557 1533.9
15340 0.9354700870313063 1534
15341 0.9354848463032358 1534.1
15342 0.935499563322931 1534.2
15343 0.935514476372086 1534.3
15344 0.9355295334682545 1534.4
15345 0.9355446968197291 1534.5
15346 0.9355599615824864 1534.6
15347 0.935575322879864 1534.7
15348 0.9355907674035169 1534.8
15349 0.9356060720905682 1534.9
15350 0.9356209948444792 1535
15351 0.9356360078335113 1535.1
15352 0.9356511036811349 1535.2
15353 0.9356662800761663 1535.3
15354 0.9356815088732137 1535.4
15355 0.9356967939063895 1535.5
15356 0.9357121239943109 1535.6
15357 0.935727521713527 1535.7
15358 0.9357430127919775 1535.8
15359 0.9357585782383828 1535.9
15360 0.9357742060966321 1536
15361 0.9357898870072389 1536.1
15362 0.9358053826986896 1536.2
15363 0.9358208848957393 1536.3
15364 0.9358364141554244 1536.4
15365 0.9358519597414481 1536.5
15366 0.9358675129066744 1536.6
15367 0.9358830680694145 1536.7
15368 0.9358978970050353 1536.8
15369 0.9359126400713335 1536.9
15370 0.9359274004657272 1537
15371 0.9359420648255647 1537.1
15372 0.9359565602399076 1537.2
15373 0.9359710838409085 1537.3
15374 0.9359856337161971 1537.4
15375 0.9360002192963107 1537.5
15376 0.9360148692178472 1537.6
15377 0.936029597039516 1537.7
15378 0.936044424245036 1537.8
15379 0.9360593475356155 1537.9
15380 0.9360743683156945 1538
15381 0.9360894964752937 1538.1
15382 0.9361047354757849 1538.2
15383 0.9361200855331648 1538.3
15384 0.9361355499760338 1538.4
15385 0.9361511338637513 1538.5
15386 0.9361668433840581 1538.6
15387 0.9361826852906024 1538.7
15388 0.9361986757759668 1538.8
15389 0.9362148306373588 1538.9
15390 0.9362311540151736 1539
15391 0.9362472916567248 1539.1
15392 0.9362636128555573 1539.2
15393 0.936280108317525 1539.3
15394 0.9362967672234237 1539.4
15395 0.9363135513217419 1539.5
15396 0.9363304104739739 1539.6
15397 0.9363473241486621 1539.7
15398 0.9363642683889425 1539.8
15399 0.9363812174104066 1539.9
15400 0.936398155133462 1540
15401 0.9364150714863415 1540.1
15402 0.9364319549794151 1540.2
15403 0.9364487109645875 1540.3
15404 0.936464650337299 1540.4
15405 0.9364805787505007 1540.5
15406 0.9364965065852672 1540.6
15407 0.9365123684183011 1540.7
15408 0.9365278883485356 1540.8
15409 0.9365434720181733 1540.9
15410 0.9365591281815516 1541
15411 0.9365748520616048 1541.1
15412 0.9365906480737393 1541.2
15413 0.9366065254295588 1541.3
15414 0.9366224990460083 1541.4
15415 0.9366385526128139 1541.5
15416 0.9366546894617748 1541.6
15417 0.9366709124183402 1541.7
15418 0.9366872111738835 1541.8
15419 0.9367025872246824 1541.9
15420 0.9367178875726015 1542
15421 0.9367331838261012 1542.1
15422 0.9367484605924863 1542.2
15423 0.9367629498299501 1542.3
15424 0.9367772079396208 1542.4
15425 0.9367915665834766 1542.5
15426 0.9368058266303806 1542.6
15427 0.9368200916139683 1542.7
15428 0.936834481922019 1542.8
15429 0.9368489970248524 1542.9
15430 0.9368636065204028 1543
15431 0.9368783249330054 1543.1
15432 0.9368931748478014 1543.2
15433 0.936908151155437 1543.3
15434 0.9369232523401333 1543.4
15435 0.936938478151355 1543.5
15436 0.93695382933905 1543.6
15437 0.9369693073187877 1543.7
15438 0.9369849124580475 1543.8
15439 0.9370006601617876 1543.9
15440 0.937016560789849 1544
15441 0.9370326145868971 1544.1
15442 0.9370488175119194 1544.2
15443 0.9370651581709751 1544.3
15444 0.9370815857040246 1544.4
15445 0.9370980583217887 1544.5
15446 0.9371145440415792 1544.6
15447 0.9371310195653513 1544.7
15448 0.937147201563986 1544.8
15449 0.9371628237903649 1544.9
15450 0.937178383707055 1545
15451 0.9371938195245105 1545.1
15452 0.9372091253891519 1545.2
15453 0.9372243121934781 1545.3
15454 0.937239379320806 1545.4
15455 0.937254358328182 1545.5
15456 0.9372692732568555 1545.6
15457 0.9372841490567831 1545.7
15458 0.9372989747169608 1545.8
15459 0.937313770539974 1545.9
15460 0.9373285772100969 1546
15461 0.9373433886543858 1546.1
15462 0.9373582068854467 1546.2
15463 0.937373030945389 1546.3
15464 0.937387859633253 1546.4
15465 0.937402683302165 1546.5
15466 0.9374175047763245 1546.6
15467 0.9374323290906857 1546.7
15468 0.9374471551874235 1546.8
15469 0.9374619817312783 1546.9
15470 0.9374768074327232 1547
15471 0.9374916383189681 1547.1
15472 0.9375064763811065 1547.2
15473 0.9375212842223062 1547.3
15474 0.9375360393210086 1547.4
15475 0.9375508062489551 1547.5
15476 0.9375655824217141 1547.6
15477 0.9375803594659824 1547.7
15478 0.9375951258462696 1547.8
15479 0.9376098778461921 1547.9
15480 0.9376246108546551 1548
15481 0.937638928064933 1548.1
15482 0.9376523330085004 1548.2
15483 0.9376658447508016 1548.3
15484 0.9376794573718791 1548.4
15485 0.9376931586737131 1548.5
15486 0.9377069352527824 1548.6
15487 0.9377207689749555 1548.7
15488 0.937734627058098 1548.8
15489 0.9377484931319344 1548.9
15490 0.9377623951707734 1549
15491 0.9377750302459389 1549.1
15492 0.9377868131690819 1549.2
15493 0.9377987836532068 1549.3
15494 0.9378109472337661 1549.4
15495 0.9378233093241873 1549.5
15496 0.9378358748997985 1549.6
15497 0.9378486482041152 1549.7
15498 0.9378616232559954 1549.8
15499 0.9378748054496366 1549.9
15500 0.9378882013438286 1550
15501 0.9379018182389338 1550.1
15502 0.9379156647448108 1550.2
15503 0.9379297479387984 1550.3
15504 0.9379428714102065 1550.4
15505 0.937955911685846 1550.5
15506 0.9379691401973187 1550.6
15507 0.9379825518046362 1550.7
15508 0.9379961379972351 1550.8
15509 0.9380098646202762 1550.9
15510 0.9380237187463693 1551
15511 0.9380376927215129 1551.1
15512 0.9380517845348263 1551.2
15513 0.9380653914103082 1551.3
15514 0.938079021539588 1551.4
15515 0.9380927782208611 1551.5
15516 0.9381066535029143 1551.6
15517 0.938120638020674 1551.7
15518 0.9381347295194846 1551.8
15519 0.938148923624523 1551.9
15520 0.9381631869197392 1552
15521 0.9381775259158005 1552.1
15522 0.9381919468815688 1552.2
15523 0.9382064501323204 1552.3
15524 0.9382210570845567 1552.4
15525 0.9382357757756242 1552.5
15526 0.9382505984829725 1552.6
15527 0.9382655198301287 1552.7
15528 0.9382805370090459 1552.8
15529 0.9382956186935076 1552.9
15530 0.9383106275541427 1553
15531 0.9383253452304114 1553.1
15532 0.9383401772613947 1553.2
15533 0.9383551273642 1553.3
15534 0.9383702018433843 1553.4
15535 0.93838541039201 1553.5
15536 0.9384007556853161 1553.6
15537 0.9384162345977977 1553.7
15538 0.938430265327534 1553.8
15539 0.9384441541289326 1553.9
15540 0.9384581673012221 1554
15541 0.9384722759284978 1554.1
15542 0.9384861740862209 1554.2
15543 0.9385000918210359 1554.3
15544 0.9385140868931848 1554.4
15545 0.9385281486068922 1554.5
15546 0.9385422680194697 1554.6
15547 0.9385564429475329 1554.7
15548 0.9385706733913521 1554.8
15549 0.9385849614096619 1554.9
15550 0.9385992870547949 1555
15551 0.9386136586603859 1555.1
15552 0.9386280930902648 1555.2
15553 0.938642601056617 1555.3
15554 0.9386572120328136 1555.4
15555 0.9386719512696909 1555.5
15556 0.9386868278458963 1555.6
15557 0.9387018506838688 1555.7
15558 0.9387170214574133 1555.8
15559 0.9387323486958551 1555.9
15560 0.9387478303886162 1556
15561 0.9387633886863872 1556.1
15562 0.9387790565096782 1556.2
15563 0.9387948536926268 1556.3
15564 0.9388105528958831 1556.4
15565 0.9388252615394594 1556.5
15566 0.9388400664160272 1556.6
15567 0.9388549424370979 1556.7
15568 0.9388698301787333 1556.8
15569 0.9388846951141334 1556.9
15570 0.9388995194964952 1557
15571 0.9389142844406796 1557.1
15572 0.9389289747938839 1557.2
15573 0.9389435868682894 1557.3
15574 0.9389581217538832 1557.4
15575 0.9389725798296847 1557.5
15576 0.9389869682377582 1557.6
15577 0.9390013053851197 1557.7
15578 0.9390155995541603 1557.8
15579 0.9390298540248867 1557.9
15580 0.9390440758230084 1558
15581 0.9390582764936712 1558.1
15582 0.9390724436234865 1558.2
15583 0.9390865633132647 1558.3
15584 0.9391006381287502 1558.4
15585 0.9391146930243623 1558.5
15586 0.9391287524146366 1558.6
15587 0.939142794005119 1558.7
15588 0.9391568130074656 1558.8
15589 0.9391708147576053 1558.9
15590 0.9391848074070638 1559
15591 0.9391987938213102 1559.1
15592 0.9392127761382719 1559.2
15593 0.9392267560243917 1559.3
15594 0.9392401403838512 1559.4
15595 0.9392532740023878 1559.5
15596 0.9392665309958093 1559.6
15597 0.9392799090435076 1559.7
15598 0.9392934060623381 1559.8
15599 0.9393070202210517 1559.9
15600 0.9393207499973513 1560
15601 0.939334594227258 1560.1
15602 0.9393485521243004 1560.2
15603 0.9393626232830987 1560.3
15604 0.9393768076386236 1560.4
15605 0.9393911053708194 1560.5
15606 0.9394055167473383 1560.6
15607 0.9394199934606247 1560.7
15608 0.939434534741532 1560.8
15609 0.9394491909336627 1560.9
15610 0.9394639577158287 1561
15611 0.9394788072240177 1561.1
15612 0.9394937478482839 1561.2
15613 0.9395087777246788 1561.3
15614 0.9395238930972074 1561.4
15615 0.9395391027394793 1561.5
15616 0.9395544032081773 1561.6
15617 0.9395697916944814 1561.7
15618 0.9395852480110216 1561.8
15619 0.9396007428110837 1561.9
15620 0.9396161696401026 1562
15621 0.9396316799034141 1562.1
15622 0.939647262377281 1562.2
15623 0.9396627386504219 1562.3
15624 0.9396782922364667 1562.4
15625 0.9396939190203096 1562.5
15626 0.9397095799066062 1562.6
15627 0.9397251699295657 1562.7
15628 0.939740808591143 1562.8
15629 0.9397565060037372 1562.9
15630 0.9397722748662479 1563
15631 0.9397881292291754 1563.1
15632 0.9398040832912397 1563.2
15633 0.9398201440360249 1563.3
15634 0.9398363227395903 1563.4
15635 0.9398526269762433 1563.5
15636 0.9398690608964542 1563.6
15637 0.939885336073822 1563.7
15638 0.9399013405227692 1563.8
15639 0.9399174044603851 1563.9
15640 0.9399335142882704 1564
15641 0.9399496349266637 1564.1
15642 0.9399657842139818 1564.2
15643 0.9399819488355916 1564.3
15644 0.9399981145493563 1564.4
15645 0.9400142647095502 1564.5
15646 0.9400303802218771 1564.6
15647 0.9400464458713508 1564.7
15648 0.9400624449096026 1564.8
15649 0.9400783527570732 1564.9
15650 0.9400941572759164 1565
15651 0.9401098533219836 1565.1
15652 0.9401254343171602 1565.2
15653 0.9401408952627045 1565.3
15654 0.9401562318069722 1565.4
15655 0.9401709528216371 1565.5
15656 0.9401847163785048 1565.6
15657 0.9401985412574927 1565.7
15658 0.940212398977903 1565.8
15659 0.9402261404428034 1565.9
15660 0.9402392850063781 1566
15661 0.9402524451894738 1566.1
15662 0.9402656091224149 1566.2
15663 0.9402787586783175 1566.3
15664 0.9402903696412074 1566.4
15665 0.940301465822188 1566.5
15666 0.9403127023355663 1566.6
15667 0.9403240824756121 1566.7
15668 0.9403356086419429 1566.8
15669 0.9403472808953958 1566.9
15670 0.9403591001313002 1567
15671 0.9403710701731854 1567.1
15672 0.9403831837371029 1567.2
15673 0.9403954331037914 1567.3
15674 0.9404078091290918 1567.4
15675 0.9404203035881358 1567.5
15676 0.9404329121497889 1567.6
15677 0.9404456293734809 1567.7
15678 0.940458445624082 1567.8
15679 0.9404713548074307 1567.9
15680 0.9404843538423129 1568
15681 0.9404974398228902 1568.1
15682 0.9405106102739208 1568.2
15683 0.9405238635578944 1568.3
15684 0.9405371988040494 1568.4
15685 0.9405506153002935 1568.5
15686 0.9405641122820181 1568.6
15687 0.9405776898338432 1568.7
15688 0.9405913497292886 1568.8
15689 0.9406050950582748 1568.9
15690 0.9406182525456079 1569
15691 0.9406314798546782 1569.1
15692 0.9406448587337085 1569.2
15693 0.9406583936195096 1569.3
15694 0.9406720886531377 1569.4
15695 0.9406859493291289 1569.5
15696 0.9406999816154716 1569.6
15697 0.9407141910310646 1569.7
15698 0.9407285675278469 1569.8
15699 0.940743093677438 1569.9
15700 0.9407577666852036 1570
15701 0.9407725658424514 1570.1
15702 0.9407870330060834 1570.2
15703 0.9408004426660416 1570.3
15704 0.9408139450233716 1570.4
15705 0.9408275050641486 1570.5
15706 0.9408411074003571 1570.6
15707 0.9408547319006727 1570.7
15708 0.9408683546935537 1570.8
15709 0.9408819783306396 1570.9
15710 0.9408956112725601 1571
15711 0.940909303305037 1571.1
15712 0.9409230728193485 1571.2
15713 0.9409369252413526 1571.3
15714 0.9409508638280105 1571.4
15715 0.940964891046433 1571.5
15716 0.9409789993770071 1571.6
15717 0.9409931853909227 1571.7
15718 0.9410074300517688 1571.8
15719 0.9410213633420222 1571.9
15720 0.9410350317208875 1572
15721 0.9410487927403095 1572.1
15722 0.9410626512198034 1572.2
15723 0.9410766102043593 1572.3
15724 0.9410906726849755 1572.4
15725 0.9411048398015782 1572.5
15726 0.9411191123950107 1572.6
15727 0.9411334768728842 1572.7
15728 0.9411479370369327 1572.8
15729 0.9411624971516899 1572.9
15730 0.9411771648478435 1573
15731 0.9411919406986017 1573.1
15732 0.941206815491507 1573.2
15733 0.9412217894542193 1573.3
15734 0.9412368665556107 1573.4
15735 0.9412520466999951 1573.5
15736 0.941267328950572 1573.6
15737 0.9412826774296272 1573.7
15738 0.9412981217438912 1573.8
15739 0.9413136458371604 1573.9
15740 0.941329234712047 1574
15741 0.9413448928203271 1574.1
15742 0.9413606140670473 1574.2
15743 0.9413763864032517 1574.3
15744 0.9413922014016012 1574.4
15745 0.9414080541141348 1574.5
15746 0.9414239396280787 1574.6
15747 0.9414398400518116 1574.7
15748 0.9414557089286206 1574.8
15749 0.9414715513097422 1574.9
15750 0.9414873747083842 1575
15751 0.9415031859036762 1575.1
15752 0.9415189927933291 1575.2
15753 0.9415347933054719 1575.3
15754 0.9415506016330111 1575.4
15755 0.9415664176283269 1575.5
15756 0.9415822660319541 1575.6
15757 0.9415981666023492 1575.7
15758 0.9416141528140015 1575.8
15759 0.9416302502167037 1575.9
15760 0.9416464771069225 1576
15761 0.9416628512000031 1576.1
15762 0.9416793836039992 1576.2
15763 0.9416957560353675 1576.3
15764 0.9417111853785809 1576.4
15765 0.9417267764389241 1576.5
15766 0.9417425104501187 1576.6
15767 0.941758371635193 1576.7
15768 0.9417742813365452 1576.8
15769 0.9417898749896064 1576.9
15770 0.9418055839000468 1577
15771 0.9418213889773495 1577.1
15772 0.9418372758968994 1577.2
15773 0.9418532342129015 1577.3
15774 0.9418692569711509 1577.4
15775 0.9418848505768583 1577.5
15776 0.9419002366124118 1577.6
15777 0.9419151699677405 1577.7
15778 0.9419302624512871 1577.8
15779 0.9419455401496185 1577.9
15780 0.9419609869317682 1578
15781 0.9419766102618061 1578.1
15782 0.941992400135196 1578.2
15783 0.9420083478801804 1578.3
15784 0.9420244446987595 1578.4
15785 0.9420406551096946 1578.5
15786 0.9420570165340448 1578.6
15787 0.9420735310348554 1578.7
15788 0.9420901987547917 1578.8
15789 0.9421063700097105 1578.9
15790 0.9421225841793655 1579
15791 0.942138929739022 1579.1
15792 0.942155402373728 1579.2
15793 0.942171998853368 1579.3
15794 0.9421887197740559 1579.4
15795 0.9422052865595892 1579.5
15796 0.9422216417546023 1579.6
15797 0.9422380886510672 1579.7
15798 0.9422546526867823 1579.8
15799 0.9422713091609229 1579.9
15800 0.9422880449995584 1580
15801 0.9423048531291701 1580.1
15802 0.9423217115595731 1580.2
15803 0.9423386410937414 1580.3
15804 0.942355627931361 1580.4
15805 0.9423726627386461 1580.5
15806 0.9423896276477222 1580.6
15807 0.9424064271773694 1580.7
15808 0.9424232140701673 1580.8
15809 0.9424400001720507 1580.9
15810 0.9424567930245821 1581
15811 0.9424735777677683 1581.1
15812 0.9424903274261204 1581.2
15813 0.9425069851245919 1581.3
15814 0.9425228455357928 1581.4
15815 0.9425387407038239 1581.5
15816 0.9425546558670034 1581.6
15817 0.9425705815951104 1581.7
15818 0.9425865205200291 1581.8
15819 0.9426024460965624 1581.9
15820 0.942618354349561 1582
15821 0.9426342581537047 1582.1
15822 0.9426501438898951 1582.2
15823 0.9426660388797328 1582.3
15824 0.9426819524222202 1582.4
15825 0.9426978817028436 1582.5
15826 0.942713820608157 1582.6
15827 0.9427298007115328 1582.7
15828 0.9427458184265046 1582.8
15829 0.9427616776659639 1582.9
15830 0.9427776009879234 1583
15831 0.9427935770724307 1583.1
15832 0.9428096116894696 1583.2
15833 0.9428257126800834 1583.3
15834 0.9428418825267622 1583.4
15835 0.9428574855134924 1583.5
15836 0.9428726710602605 1583.6
15837 0.9428880522915138 1583.7
15838 0.9429036274626212 1583.8
15839 0.9429193790675094 1583.9
15840 0.9429352927020627 1584
15841 0.942951344689951 1584.1
15842 0.9429666960312468 1584.2
15843 0.9429820470783823 1584.3
15844 0.9429967906285033 1584.4
15845 0.9430105162040134 1584.5
15846 0.9430244309173695 1584.6
15847 0.9430385146250904 1584.7
15848 0.9430527447698741 1584.8
15849 0.9430671018757067 1584.9
15850 0.9430815699580938 1585
15851 0.9430961350529482 1585.1
15852 0.9431103092146197 1585.2
15853 0.9431237248796717 1585.3
15854 0.9431372305262938 1585.4
15855 0.9431508357585602 1585.5
15856 0.9431645492204757 1585.6
15857 0.9431781559543745 1585.7
15858 0.9431918750927493 1585.8
15859 0.9432057225667846 1585.9
15860 0.9432197109559469 1586
15861 0.9432338470672459 1586.1
15862 0.9432481382826172 1586.2
15863 0.9432625914227304 1586.3
15864 0.9432772136474 1586.4
15865 0.9432920120029961 1586.5
15866 0.9433069919974004 1586.6
15867 0.9433221536899059 1586.7
15868 0.9433374903682009 1586.8
15869 0.9433529947534699 1586.9
15870 0.9433686496176215 1587
15871 0.9433844346527821 1587.1
15872 0.9434003018858209 1587.2
15873 0.9434151583266518 1587.3
15874 0.9434298912972141 1587.4
15875 0.9434446341939363 1587.5
15876 0.9434593606809127 1587.6
15877 0.9434740468640559 1587.7
15878 0.9434886747459007 1587.8
15879 0.9435032179126346 1587.9
15880 0.9435176294125341 1588
15881 0.943531830546302 1588.1
15882 0.9435453607806209 1588.2
15883 0.9435580499886521 1588.3
15884 0.943570755049196 1588.4
15885 0.9435834531083911 1588.5
15886 0.943596151837703 1588.6
15887 0.9436088419119071 1588.7
15888 0.9436215484558894 1588.8
15889 0.9436342826295345 1588.9
15890 0.9436470430516901 1589
15891 0.9436598256257547 1589.1
15892 0.9436726286485072 1589.2
15893 0.9436854608297566 1589.3
15894 0.9436983183693743 1589.4
15895 0.9437111982103183 1589.5
15896 0.9437241013413297 1589.6
15897 0.9437370265741077 1589.7
15898 0.9437499709661336 1589.8
15899 0.9437629324550568 1589.9
15900 0.9437759097646008 1590
15901 0.9437889027344881 1590.1
15902 0.9438019116800456 1590.2
15903 0.943814936671174 1590.3
15904 0.9438279783144609 1590.4
15905 0.9438410251624229 1590.5
15906 0.943854071253767 1590.6
15907 0.943867141895015 1590.7
15908 0.9438802388936445 1590.8
15909 0.9438933646294396 1590.9
15910 0.9439065218763221 1591
15911 0.9439197138666322 1591.1
15912 0.9439329439121973 1591.2
15913 0.9439462156608386 1591.3
15914 0.9439595334119563 1591.4
15915 0.9439729018467323 1591.5
15916 0.943986325654749 1591.6
15917 0.9439998104888818 1591.7
15918 0.9440133628314611 1591.8
15919 0.9440269899906477 1591.9
15920 0.9440406999999137 1592
15921 0.9440545016611961 1592.1
15922 0.9440684037676933 1592.2
15923 0.9440824146478788 1592.3
15924 0.9440965435260148 1592.4
15925 0.9441107785536705 1592.5
15926 0.9441250462014511 1592.6
15927 0.9441394681936091 1592.7
15928 0.944154038728086 1592.8
15929 0.944168718414249 1592.9
15930 0.9441824842023744 1593
15931 0.9441961127577576 1593.1
15932 0.944209796632246 1593.2
15933 0.9442235192889208 1593.3
15934 0.9442372692820807 1593.4
15935 0.9442510443925393 1593.5
15936 0.9442648383806336 1593.6
15937 0.9442786421915019 1593.7
15938 0.9442924116019616 1593.8
15939 0.944306126694482 1593.9
15940 0.9443197881024263 1594
15941 0.944333388234679 1594.1
15942 0.9443469056813406 1594.2
15943 0.9443603484909626 1594.3
15944 0.9443737205174997 1594.4
15945 0.9443870533269336 1594.5
15946 0.9444001689488608 1594.6
15947 0.9444132686998704 1594.7
15948 0.9444263965311184 1594.8
15949 0.944439560872386 1594.9
15950 0.9444527620437551 1595
15951 0.9444659575438118 1595.1
15952 0.9444792021734242 1595.2
15953 0.9444925023416887 1595.3
15954 0.9445058641005672 1595.4
15955 0.9445192928827392 1595.5
15956 0.9445327928228159 1595.6
15957 0.9445463741173701 1595.7
15958 0.9445600428573517 1595.8
15959 0.9445737975547914 1595.9
15960 0.9445876175092224 1596
15961 0.9446015017076851 1596.1
15962 0.9446154481746086 1596.2
15963 0.944629459716661 1596.3
15964 0.944643517673145 1596.4
15965 0.9446571973632287 1596.5
15966 0.9446708453884065 1596.6
15967 0.9446846643152197 1596.7
15968 0.9446986568422028 1596.8
15969 0.9447128010672486 1596.9
15970 0.9447270089908274 1597
15971 0.9447413649665677 1597.1
15972 0.9447552193428158 1597.2
15973 0.9447686660596832 1597.3
15974 0.9447821564636872 1597.4
15975 0.9447956833287127 1597.5
15976 0.9448091572064234 1597.6
15977 0.9448226648771756 1597.7
15978 0.9448362131015877 1597.8
15979 0.9448498010925241 1597.9
15980 0.9448633875999171 1598
15981 0.944876894614233 1598.1
15982 0.9448904723190296 1598.2
15983 0.9449040956854075 1598.3
15984 0.9449177446124404 1598.4
15985 0.944931414599733 1598.5
15986 0.9449451012368275 1598.6
15987 0.9449588014537333 1598.7
15988 0.9449725098762902 1598.8
15989 0.9449862224569329 1598.9
15990 0.944999940286507 1599
15991 0.9450136649262847 1599.1
15992 0.9450273986186817 1599.2
15993 0.9450411442990559 1599.3
15994 0.9450547335298991 1599.4
15995 0.945068225737422 1599.5
15996 0.9450817377375722 1599.6
15997 0.9450952868745496 1599.7
15998 0.9451088567768575 1599.8
15999 0.9451224410623593 1599.9
16000 0.9451361012406987 1600
16001 0.9451498471422575 1600.1
16002 0.9451636881461437 1600.2
16003 0.9451776330053696 1600.3
16004 0.9451916895272737 1600.4
16005 0.9452058648726598 1600.5
16006 0.9452201635823619 1600.6
16007 0.9452339997939048 1600.7
16008 0.9452469879011343 1600.8
16009 0.9452600704335288 1600.9
16010 0.9452732295767985 1601
16011 0.9452864622557273 1601.1
16012 0.9452997567262851 1601.2
16013 0.9453131034362632 1601.3
16014 0.9453264895357772 1601.4
16015 0.9453399028581883 1601.5
16016 0.9453533347998359 1601.6
16017 0.9453667800960457 1601.7
16018 0.9453802394313289 1601.8
16019 0.9453937041353022 1601.9
16020 0.9454071682532478 1602
16021 0.9454206243583522 1602.1
16022 0.9454340829190945 1602.2
16023 0.9454464638125001 1602.3
16024 0.9454589988850501 1602.4
16025 0.9454716902572918 1602.5
16026 0.9454845365409779 1602.6
16027 0.945497553509929 1602.7
16028 0.9455107448350326 1602.8
16029 0.9455240953639994 1602.9
16030 0.9455376088755633 1603
16031 0.9455503217922627 1603.1
16032 0.9455617976547943 1603.2
16033 0.9455729109070524 1603.3
16034 0.9455842164241798 1603.4
16035 0.9455957117909592 1603.5
16036 0.9456073877061568 1603.6
16037 0.9456192234312074 1603.7
16038 0.9456312150013317 1603.8
16039 0.945643353093761 1603.9
16040 0.945655630690588 1604
16041 0.9456680287539446 1604.1
16042 0.9456805421030459 1604.2
16043 0.945693164184874 1604.3
16044 0.9457058856507053 1604.4
16045 0.9457186955749266 1604.5
16046 0.9457315851637373 1604.6
16047 0.9457445448722785 1604.7
16048 0.9457575591685004 1604.8
16049 0.9457705978562764 1604.9
16050 0.9457836530565927 1605
16051 0.945796713249192 1605.1
16052 0.94580942482277 1605.2
16053 0.9458217050531207 1605.3
16054 0.9458339518964771 1605.4
16055 0.9458461090241823 1605.5
16056 0.9458582250636209 1605.6
16057 0.9458703116203871 1605.7
16058 0.9458823719273204 1605.8
16059 0.9458944099537888 1605.9
16060 0.9459064268808306 1606
16061 0.9459184303355149 1606.1
16062 0.9459304292650091 1606.2
16063 0.9459424321069099 1606.3
16064 0.9459544462795277 1606.4
16065 0.9459664787088576 1606.5
16066 0.9459785332453876 1606.6
16067 0.945990615480698 1606.7
16068 0.9460027315685983 1606.8
16069 0.9460148903161887 1606.9
16070 0.9460270987810147 1607
16071 0.9460393631295922 1607.1
16072 0.9460516897138207 1607.2
16073 0.9460640849365086 1607.3
16074 0.9460765550737612 1607.4
16075 0.9460891068215403 1607.5
16076 0.9461017474140193 1607.6
16077 0.9461144847438505 1607.7
16078 0.9461273274590744 1607.8
16079 0.9461402851626008 1607.9
16080 0.9461533540345105 1608
16081 0.9461665488421085 1608.1
16082 0.9461798974222472 1608.2
16083 0.9461934095312806 1608.3
16084 0.9462067877613302 1608.4
16085 0.9462189721634887 1608.5
16086 0.946230868237424 1608.6
16087 0.946242968838651 1608.7
16088 0.9462552600585409 1608.8
16089 0.9462677194199439 1608.9
16090 0.946280342839326 1609
16091 0.946293123678961 1609.1
16092 0.9463060477478256 1609.2
16093 0.9463190972490079 1609.3
16094 0.946332254156281 1609.4
16095 0.9463454839101567 1609.5
16096 0.9463587346016479 1609.6
16097 0.9463719864395278 1609.7
16098 0.9463852219444147 1609.8
16099 0.9463984065853779 1609.9
16100 0.9464115317510565 1610
16101 0.9464245965740741 1610.1
16102 0.9464376146417688 1610.2
16103 0.9464506051248737 1610.3
16104 0.9464636052874303 1610.4
16105 0.9464766279783945 1610.5
16106 0.946489650119308 1610.6
16107 0.946502694329036 1610.7
16108 0.946515772565349 1610.8
16109 0.9465288877199947 1610.9
16110 0.9465420891812696 1611
16111 0.9465553997124379 1611.1
16112 0.9465688284408224 1611.2
16113 0.9465823831973824 1611.3
16114 0.9465960323391374 1611.4
16115 0.9466098051951187 1611.5
16116 0.9466237052596073 1611.6
16117 0.9466377272053909 1611.7
16118 0.9466504981803724 1611.8
16119 0.9466632765609061 1611.9
16120 0.9466761727357422 1612
16121 0.9466891578989317 1612.1
16122 0.9467022259304453 1612.2
16123 0.9467153742102025 1612.3
16124 0.9467285904757929 1612.4
16125 0.9467418514047358 1612.5
16126 0.946755162615586 1612.6
16127 0.9467685225156836 1612.7
16128 0.9467819145006777 1612.8
16129 0.9467953346259569 1612.9
16130 0.946808788799864 1613
16131 0.9468222816749412 1613.1
16132 0.9468357916090848 1613.2
16133 0.9468492861070038 1613.3
16134 0.9468627456011174 1613.4
16135 0.94687616063163 1613.5
16136 0.946889525364608 1613.6
16137 0.9469028380960307 1613.7
16138 0.9469160973735544 1613.8
16139 0.9469293045803147 1613.9
16140 0.9469424068919269 1614
16141 0.946955456780999 1614.1
16142 0.9469684635097675 1614.2
16143 0.9469814363681901 1614.3
16144 0.9469943815650067 1614.4
16145 0.9470073053976844 1614.5
16146 0.9470202146265514 1614.6
16147 0.9470331205741237 1614.7
16148 0.9470460323627378 1614.8
16149 0.9470589584529299 1614.9
16150 0.947071905787686 1615
16151 0.9470848801492413 1615.1
16152 0.9470978864564826 1615.2
16153 0.9471109290150064 1615.3
16154 0.9471240095418643 1615.4
16155 0.9471371278969432 1615.5
16156 0.9471502938790589 1615.6
16157 0.9471635087101457 1615.7
16158 0.9471767755905269 1615.8
16159 0.9471900981317054 1615.9
16160 0.9472034801228939 1616
16161 0.9472169256340294 1616.1
16162 0.9472304389793899 1616.2
16163 0.9472440153668014 1616.3
16164 0.9472576606456415 1616.4
16165 0.9472713816556838 1616.5
16166 0.9472851859592079 1616.6
16167 0.9472990818333779 1616.7
16168 0.9473130407983612 1616.8
16169 0.9473271114137125 1616.9
16170 0.947341300567742 1617
16171 0.9473556163306381 1617.1
16172 0.9473700705655357 1617.2
16173 0.9473846760359353 1617.3
16174 0.9473986720371479 1617.4
16175 0.9474126940518901 1617.5
16176 0.9474268597273036 1617.6
16177 0.9474411715868453 1617.7
16178 0.9474556293623776 1617.8
16179 0.9474702298371293 1617.9
16180 0.947484967427018 1618
16181 0.9474998342344322 1618.1
16182 0.9475148032570924 1618.2
16183 0.9475298731029416 1618.3
16184 0.9475450312284456 1618.4
16185 0.947560270933869 1618.5
16186 0.9475755861993457 1618.6
16187 0.9475909647355825 1618.7
16188 0.947606398810381 1618.8
16189 0.9476218826808954 1618.9
16190 0.9476374204021371 1619
16191 0.9476528965517507 1619.1
16192 0.947668201352772 1619.2
16193 0.9476835705125474 1619.3
16194 0.9476990074620287 1619.4
16195 0.9477145038442435 1619.5
16196 0.9477300742629645 1619.6
16197 0.947745718543767 1619.7
16198 0.9477611838495318 1619.8
16199 0.9477765076931856 1619.9
16200 0.9477918790644478 1620
16201 0.9478073421837711 1620.1
16202 0.9478228930398369 1620.2
16203 0.9478385239903415 1620.3
16204 0.9478542297090401 1620.4
16205 0.9478699853918464 1620.5
16206 0.9478857816905764 1620.6
16207 0.9479016311570883 1620.7
16208 0.9479174732056393 1620.8
16209 0.9479327745811548 1620.9
16210 0.9479481984832763 1621
16211 0.9479637250129518 1621.1
16212 0.947979348613354 1621.2
16213 0.9479950611986673 1621.3
16214 0.9480108553271468 1621.4
16215 0.9480262381850978 1621.5
16216 0.9480407555452603 1621.6
16217 0.9480553127864232 1621.7
16218 0.9480699361968288 1621.8
16219 0.9480835554835757 1621.9
16220 0.9480972729502598 1622
16221 0.9481111215803445 1622.1
16222 0.948125086886576 1622.2
16223 0.9481391540068084 1622.3
16224 0.9481533034794609 1622.4
16225 0.9481675240221658 1622.5
16226 0.9481818049080172 1622.6
16227 0.9481961362475023 1622.7
16228 0.9482096178624921 1622.8
16229 0.9482224373612541 1622.9
16230 0.9482352855429299 1623
16231 0.9482479464135251 1623.1
16232 0.9482607470294323 1623.2
16233 0.9482736691100541 1623.3
16234 0.9482867079559749 1623.4
16235 0.9482998647266822 1623.5
16236 0.948313141113634 1623.6
16237 0.9483265356273531 1623.7
16238 0.9483400434384384 1623.8
16239 0.9483534948552782 1623.9
16240 0.9483670301212808 1624
16241 0.9483807096540593 1624.1
16242 0.9483945406162839 1624.2
16243 0.9484085276227808 1624.3
16244 0.9484226475312161 1624.4
16245 0.9484368960904614 1624.5
16246 0.9484512131769746 1624.6
16247 0.9484652305233539 1624.7
16248 0.9484788429679303 1624.8
16249 0.9484925843442961 1624.9
16250 0.9485064517024134 1625
16251 0.9485204427364181 1625.1
16252 0.9485345360418197 1625.2
16253 0.9485487297876449 1625.3
16254 0.9485630165114162 1625.4
16255 0.9485773966632646 1625.5
16256 0.9485918648610359 1625.6
16257 0.9486064221551762 1625.7
16258 0.9486207351400777 1625.8
16259 0.9486348538494365 1625.9
16260 0.9486490110896271 1626
16261 0.9486631873224773 1626.1
16262 0.9486773341607638 1626.2
16263 0.9486914492155492 1626.3
16264 0.9487055303688134 1626.4
16265 0.948719571016862 1626.5
16266 0.9487335562893722 1626.6
16267 0.94874747893832 1626.7
16268 0.948761339350141 1626.8
16269 0.9487751436787341 1626.9
16270 0.9487888988715718 1627
16271 0.9488024848196546 1627.1
16272 0.9488158460936857 1627.2
16273 0.9488291910633819 1627.3
16274 0.948842525043922 1627.4
16275 0.9488558609913447 1627.5
16276 0.9488692103816928 1627.6
16277 0.9488825667368295 1627.7
16278 0.9488959352058052 1627.8
16279 0.9489093446857961 1627.9
16280 0.9489228334299699 1628
16281 0.9489364047404008 1628.1
16282 0.9489500584982435 1628.2
16283 0.9489637928268285 1628.3
16284 0.9489776031383298 1628.4
16285 0.9489914757794192 1628.5
16286 0.9490054003552193 1628.6
16287 0.9490193755089505 1628.7
16288 0.9490332139974514 1628.8
16289 0.9490464225388572 1628.9
16290 0.9490596401744773 1629
16291 0.9490728486227894 1629.1
16292 0.9490860671017396 1629.2
16293 0.9490992960648863 1629.3
16294 0.9491125357707807 1629.4
16295 0.9491255346856137 1629.5
16296 0.9491380709282662 1629.6
16297 0.9491506779280704 1629.7
16298 0.9491633467761343 1629.8
16299 0.9491760720900639 1629.9
16300 0.9491888628496237 1630
16301 0.9492017199582158 1630.1
16302 0.9492146506401717 1630.2
16303 0.9492276700867333 1630.3
16304 0.9492407970769119 1630.4
16305 0.9492540426441055 1630.5
16306 0.9492674063346588 1630.6
16307 0.949280886468775 1630.7
16308 0.9492944827402127 1630.8
16309 0.9493081969398762 1630.9
16310 0.9493220446818439 1631
16311 0.9493360303924868 1631.1
16312 0.949350160354327 1631.2
16313 0.9493644419269863 1631.3
16314 0.949378880998541 1631.4
16315 0.9493934815073841 1631.5
16316 0.9494080951419639 1631.6
16317 0.9494219174555761 1631.7
16318 0.9494357722939095 1631.8
16319 0.9494496894683073 1631.9
16320 0.9494636418245394 1632
16321 0.9494776132317835 1632.1
16322 0.949491581249685 1632.2
16323 0.9495055225935078 1632.3
16324 0.9495194290028572 1632.4
16325 0.9495332995080566 1632.5
16326 0.9495471359692477 1632.6
16327 0.9495609455296471 1632.7
16328 0.9495747388998068 1632.8
16329 0.9495885267708553 1632.9
16330 0.94960228712477 1633
16331 0.9496160358196686 1633.1
16332 0.9496297942898675 1633.2
16333 0.9496435654304556 1633.3
16334 0.9496573516993306 1633.4
16335 0.9496711497022657 1633.5
16336 0.9496849364737137 1633.6
16337 0.9496987173945054 1633.7
16338 0.9497125005813074 1633.8
16339 0.9497262717087562 1633.9
16340 0.9497400178975811 1634
16341 0.9497537289184247 1634.1
16342 0.9497673972058778 1634.2
16343 0.949781017997708 1634.3
16344 0.9497945894722117 1634.4
16345 0.9498081138406208 1634.5
16346 0.9498215969874393 1634.6
16347 0.9498350480178916 1634.7
16348 0.9498484784072653 1634.8
16349 0.9498619000127013 1634.9
16350 0.949875324589707 1635
16351 0.9498887659294067 1635.1
16352 0.9499022291204736 1635.2
16353 0.949915725668075 1635.3
16354 0.9499292702092406 1635.4
16355 0.94994287614072 1635.5
16356 0.9499565503174268 1635.6
16357 0.9499694933066342 1635.7
16358 0.9499819624835359 1635.8
16359 0.9499944790666405 1635.9
16360 0.9500070447983504 1636
16361 0.9500196309198462 1636.1
16362 0.9500321009075909 1636.2
16363 0.9500445552969998 1636.3
16364 0.9500570393534162 1636.4
16365 0.9500695499393412 1636.5
16366 0.9500820777627162 1636.6
16367 0.9500946105373104 1636.7
16368 0.9501071457788157 1636.8
16369 0.9501197044465253 1636.9
16370 0.9501323079194013 1637
16371 0.9501449480330146 1637.1
16372 0.9501576232461052 1637.2
16373 0.950170330622397 1637.3
16374 0.9501830705070219 1637.4
16375 0.9501958533045345 1637.5
16376 0.9502086788328902 1637.6
16377 0.9502215439735417 1637.7
16378 0.9502344445833151 1637.8
16379 0.9502473760217555 1637.9
16380 0.9502603362493782 1638
16381 0.9502733232887079 1638.1
16382 0.9502863349367493 1638.2
16383 0.9502993686366781 1638.3
16384 0.9503124217530009 1638.4
16385 0.950325459900746 1638.5
16386 0.9503384957101565 1638.6
16387 0.9503515455769179 1638.7
16388 0.9503646074347782 1638.8
16389 0.950377679263922 1638.9
16390 0.950390750475046 1639
16391 0.9504038125799985 1639.1
16392 0.9504168654425353 1639.2
16393 0.9504299099874679 1639.3
16394 0.9504429479657217 1639.4
16395 0.9504559818414748 1639.5
16396 0.9504690147532561 1639.6
16397 0.950481796113122 1639.7
16398 0.9504944524741372 1639.8
16399 0.9505071451026519 1639.9
16400 0.9505198833142426 1640
16401 0.9505326749094403 1640.1
16402 0.9505455310069364 1640.2
16403 0.9505584613351301 1640.3
16404 0.9505714725159872 1640.4
16405 0.9505845718414004 1640.5
16406 0.9505977674682975 1640.6
16407 0.950611068322341 1640.7
16408 0.9506237519926835 1640.8
16409 0.9506363481692711 1640.9
16410 0.9506490066106325 1641
16411 0.9506617264167129 1641.1
16412 0.9506745047008333 1641.2
16413 0.9506873345191605 1641.3
16414 0.9507001982272619 1641.4
16415 0.9507130755471199 1641.5
16416 0.9507259643457189 1641.6
16417 0.9507388646201077 1641.7
16418 0.9507517726929879 1641.8
16419 0.9507646808639985 1641.9
16420 0.9507775931739141 1642
16421 0.9507905092628021 1642.1
16422 0.9508034288175101 1642.2
16423 0.9508155086997161 1642.3
16424 0.9508274419874446 1642.4
16425 0.9508394905593981 1642.5
16426 0.9508515233293554 1642.6
16427 0.9508635318126233 1642.7
16428 0.9508756432288443 1642.8
16429 0.9508878648672652 1642.9
16430 0.9509002065227919 1643
16431 0.9509126336834403 1643.1
16432 0.9509244303053904 1643.2
16433 0.9509354667126505 1643.3
16434 0.9509464426017157 1643.4
16435 0.9509564864019481 1643.5
16436 0.9509666211601131 1643.6
16437 0.9509768448310836 1643.7
16438 0.9509871581633913 1643.8
16439 0.9509975569949335 1643.9
16440 0.9510080339548531 1644
16441 0.9510185875717784 1644.1
16442 0.9510292155990565 1644.2
16443 0.9510397061701126 1644.3
16444 0.9510501054030465 1644.4
16445 0.9510605875183245 1644.5
16446 0.9510711500649498 1644.6
16447 0.9510817864269207 1644.7
16448 0.951092524362004 1644.8
16449 0.9511033532752897 1644.9
16450 0.9511142804579554 1645
16451 0.9511251294137532 1645.1
16452 0.9511360379671883 1645.2
16453 0.9511470486881251 1645.3
16454 0.9511581552042693 1645.4
16455 0.9511693548165422 1645.5
16456 0.9511806407784594 1645.6
16457 0.951192007590771 1645.7
16458 0.9512034071990191 1645.8
16459 0.9512148792220753 1645.9
16460 0.9512264287208753 1646
16461 0.9512380524867442 1646.1
16462 0.9512497476887328 1646.2
16463 0.9512615116835519 1646.3
16464 0.9512733417712405 1646.4
16465 0.9512852392244883 1646.5
16466 0.9512971932488973 1646.6
16467 0.9513091931345112 1646.7
16468 0.9513212347259145 1646.8
16469 0.9513333117152398 1646.9
16470 0.9513454175260849 1647
16471 0.9513575449782589 1647.1
16472 0.9513696863924411 1647.2
16473 0.9513818340351358 1647.3
16474 0.9513939804873689 1647.4
16475 0.9514061190675948 1647.5
16476 0.9514182422695178 1647.6
16477 0.951430337401173 1647.7
16478 0.951442410977322 1647.8
16479 0.9514544599256773 1647.9
16480 0.9514664747456095 1648
16481 0.9514784601161173 1648.1
16482 0.9514904202998605 1648.2
16483 0.9515023629796723 1648.3
16484 0.9515142997466203 1648.4
16485 0.9515262445889945 1648.5
16486 0.9515382129228397 1648.6
16487 0.9515502200818444 1648.7
16488 0.95156226657528 1648.8
16489 0.9515743820813507 1648.9
16490 0.9515865899182993 1649
16491 0.9515981334112352 1649.1
16492 0.9516092112765089 1649.2
16493 0.9516203399451922 1649.3
16494 0.951631533438401 1649.4
16495 0.9516428025275705 1649.5
16496 0.9516541402925811 1649.6
16497 0.951665538211955 1649.7
16498 0.9516770026681265 1649.8
16499 0.9516885431938337 1649.9
16500 0.9517001584057774 1650
16501 0.9517118421856287 1650.1
16502 0.9517235905609012 1650.2
16503 0.9517353949071028 1650.3
16504 0.95174725820312 1650.4
16505 0.951759188628466 1650.5
16506 0.9517711925933312 1650.6
16507 0.9517832552606204 1650.7
16508 0.951795385003849 1650.8
16509 0.951807582235869 1650.9
16510 0.951819330831436 1651
16511 0.9518310112853434 1651.1
16512 0.9518428520726538 1651.2
16513 0.9518548320030248 1651.3
16514 0.9518664867878276 1651.4
16515 0.9518774636059806 1651.5
16516 0.9518885429109317 1651.6
16517 0.9518997224336672 1651.7
16518 0.9519109944532214 1651.8
16519 0.9519223463882902 1651.9
16520 0.9519337624830858 1652
16521 0.9519452433354937 1652.1
16522 0.9519567943191286 1652.2
16523 0.9519684173154002 1652.3
16524 0.951980109915076 1652.4
16525 0.9519918582812524 1652.5
16526 0.9520036614692152 1652.6
16527 0.9520155254259803 1652.7
16528 0.9520274582547467 1652.8
16529 0.9520394660017563 1652.9
16530 0.9520515620783758 1653
16531 0.9520637422414666 1653.1
16532 0.9520760028007397 1653.2
16533 0.9520883502352037 1653.3
16534 0.9521008052301729 1653.4
16535 0.9521133703612703 1653.5
16536 0.9521260137300955 1653.6
16537 0.9521387711411876 1653.7
16538 0.9521516420666023 1653.8
16539 0.9521646004966376 1653.9
16540 0.9521776270729323 1654
16541 0.9521907067073455 1654.1
16542 0.9522038209559773 1654.2
16543 0.9522169469584667 1654.3
16544 0.9522300620840618 1654.4
16545 0.952243135672479 1654.5
16546 0.9522561509834229 1654.6
16547 0.9522691007606979 1654.7
16548 0.9522819748269442 1654.8
16549 0.9522947576226184 1654.9
16550 0.9523074529654675 1655
16551 0.9523200665895023 1655.1
16552 0.952332607701478 1655.2
16553 0.9523450843035052 1655.3
16554 0.95235750198344 1655.4
16555 0.952369851898253 1655.5
16556 0.9523821394556033 1655.6
16557 0.9523943895901145 1655.7
16558 0.9524066092339741 1655.8
16559 0.9524187824634274 1655.9
16560 0.9524309097124466 1656
16561 0.9524430000122505 1656.1
16562 0.9524550611149675 1656.2
16563 0.9524671004800117 1656.3
16564 0.9524791226045136 1656.4
16565 0.9524911318770486 1656.5
16566 0.952503134946994 1656.6
16567 0.9525151083723373 1656.7
16568 0.9525270877792741 1656.8
16569 0.9525390918827106 1656.9
16570 0.9525511298240518 1657
16571 0.9525632066877651 1657.1
16572 0.952575327149532 1657.2
16573 0.9525874956346732 1657.3
16574 0.9525997186698708 1657.4
16575 0.9526120010706767 1657.5
16576 0.952624346250207 1657.6
16577 0.9526367579159087 1657.7
16578 0.9526492400773463 1657.8
16579 0.9526617970891831 1657.9
16580 0.9526744336538387 1658
16581 0.9526871547788854 1658.1
16582 0.9526999660272381 1658.2
16583 0.9527128700503428 1658.3
16584 0.9527258711459178 1658.4
16585 0.9527389758109196 1658.5
16586 0.9527521907104192 1658.6
16587 0.9527655015434603 1658.7
16588 0.9527789028448743 1658.8
16589 0.9527924413360324 1658.9
16590 0.9528061235191719 1659
16591 0.952819955323072 1659.1
16592 0.9528339197683829 1659.2
16593 0.9528471493975851 1659.3
16594 0.9528601469744894 1659.4
16595 0.9528732670114738 1659.5
16596 0.9528864992404303 1659.6
16597 0.9528998381825482 1659.7
16598 0.9529132629900061 1659.8
16599 0.9529267561270455 1659.9
16600 0.9529403097715053 1660
16601 0.9529539176661088 1660.1
16602 0.9529675670829048 1660.2
16603 0.9529812557801471 1660.3
16604 0.9529949848506311 1660.4
16605 0.9530087503306625 1660.5
16606 0.953022550829942 1660.6
16607 0.953036386709544 1660.7
16608 0.9530501747406047 1660.8
16609 0.9530636754939731 1660.9
16610 0.9530772538494109 1661
16611 0.9530909041281366 1661.1
16612 0.9531046323452289 1661.2
16613 0.9531184341416303 1661.3
16614 0.9531323134383415 1661.4
16615 0.9531462813285981 1661.5
16616 0.9531603301229794 1661.6
16617 0.9531744577967016 1661.7
16618 0.9531886605912334 1661.8
16619 0.9532029340221466 1661.9
16620 0.9532172733970773 1662
16621 0.9532315621031823 1662.1
16622 0.9532458793723556 1662.2
16623 0.9532602400259286 1662.3
16624 0.953274643631058 1662.4
16625 0.9532890884580186 1662.5
16626 0.9533035721760001 1662.6
16627 0.9533176815889084 1662.7
16628 0.9533316846847246 1662.8
16629 0.953345742222831 1662.9
16630 0.9533598416936938 1663
16631 0.9533739719292657 1663.1
16632 0.9533881139602157 1663.2
16633 0.9534021862053208 1663.3
16634 0.9534145608091261 1663.4
16635 0.9534269708059 1663.5
16636 0.9534395301528663 1663.6
16637 0.9534522131217859 1663.7
16638 0.9534649989311799 1663.8
16639 0.9534778926414009 1663.9
16640 0.9534908856842096 1664
16641 0.9535039727523966 1664.1
16642 0.9535171480872572 1664.2
16643 0.9535295348471303 1664.3
16644 0.9535413865275791 1664.4
16645 0.9535533923588329 1664.5
16646 0.9535655573655285 1664.6
16647 0.9535778862395908 1664.7
16648 0.9535903762220116 1664.8
16649 0.9536030305072764 1664.9
16650 0.9536158451000568 1665
16651 0.9536288190880858 1665.1
16652 0.9536419521929528 1665.2
16653 0.9536552287876822 1665.3
16654 0.9536682889753612 1665.4
16655 0.9536804958216494 1665.5
16656 0.9536924117704273 1665.6
16657 0.9537045366711231 1665.7
16658 0.9537161691526201 1665.8
16659 0.9537277817744482 1665.9
16660 0.9537395384708701 1666
16661 0.9537514302806357 1666.1
16662 0.953763449200862 1666.2
16663 0.9537755623066283 1666.3
16664 0.9537877673958768 1666.4
16665 0.9538000647826358 1666.5
16666 0.9538124373041993 1666.6
16667 0.9538248836829357 1666.7
16668 0.953837408468749 1666.8
16669 0.9538500292995689 1666.9
16670 0.9538626832495053 1667
16671 0.9538754211178692 1667.1
16672 0.9538882152806394 1667.2
16673 0.9539010543821553 1667.3
16674 0.9539139225483512 1667.4
16675 0.9539268256826491 1667.5
16676 0.9539397686935672 1667.6
16677 0.9539527588112282 1667.7
16678 0.9539658048643972 1667.8
16679 0.9539788996162152 1667.9
16680 0.9539920430883915 1668
16681 0.9540052499048918 1668.1
16682 0.9540185291617616 1668.2
16683 0.9540319115313282 1668.3
16684 0.9540453949922606 1668.4
16685 0.9540589418418416 1668.5
16686 0.9540725389843731 1668.6
16687 0.9540861832209654 1668.7
16688 0.9540998626465143 1668.8
16689 0.9541132335442842 1668.9
16690 0.9541265306073577 1669
16691 0.9541398422895322 1669.1
16692 0.9541531648391888 1669.2
16693 0.9541664912600176 1669.3
16694 0.954179812327665 1669.4
16695 0.9541931214749572 1669.5
16696 0.9542064150969404 1669.6
16697 0.9542196924628074 1669.7
16698 0.9542329580346502 1669.8
16699 0.9542462143494235 1669.9
16700 0.9542594531694815 1670
16701 0.9542726823110421 1670.1
16702 0.9542859118771975 1670.2
16703 0.9542991449488127 1670.3
16704 0.9543123916714448 1670.4
16705 0.9543248528091156 1670.5
16706 0.9543369110907557 1670.6
16707 0.9543489567265007 1670.7
16708 0.9543609965619103 1670.8
16709 0.9543730362038318 1670.9
16710 0.9543850825778705 1671
16711 0.9543971327061299 1671.1
16712 0.9544091838764813 1671.2
16713 0.9544212369541756 1671.3
16714 0.9544332947829531 1671.4
16715 0.9544453538117783 1671.5
16716 0.9544573994609766 1671.6
16717 0.9544694448699189 1671.7
16718 0.9544815032644954 1671.8
16719 0.9544935853123689 1671.9
16720 0.9545057197889592 1672
16721 0.9545179212674171 1672.1
16722 0.9545301891194612 1672.2
16723 0.9545424815625172 1672.3
16724 0.9545548356983111 1672.4
16725 0.9545672656325476 1672.5
16726 0.9545797757928716 1672.6
16727 0.9545923705587784 1672.7
16728 0.9546048579341913 1672.8
16729 0.954616916593366 1672.9
16730 0.9546281873367769 1673
16731 0.9546396042492197 1673.1
16732 0.9546511684582202 1673.2
16733 0.9546628794612269 1673.3
16734 0.9546747278038554 1673.4
16735 0.9546866625897265 1673.5
16736 0.9546987164844475 1673.6
16737 0.9547108857536555 1673.7
16738 0.954723152119494 1673.8
16739 0.9547355103428493 1673.9
16740 0.9547479578914264 1674
16741 0.954760416839919 1674.1
16742 0.9547727306435136 1674.2
16743 0.9547851288358596 1674.3
16744 0.9547976012336051 1674.4
16745 0.9548101377229901 1674.5
16746 0.9548227396175544 1674.6
16747 0.9548354010527501 1674.7
16748 0.9548481213960023 1674.8
16749 0.9548609041545058 1674.9
16750 0.9548737530457015 1675
16751 0.9548866759211476 1675.1
16752 0.9548996807510011 1675.2
16753 0.9549127669334727 1675.3
16754 0.9549259286280547 1675.4
16755 0.9549391611614763 1675.5
16756 0.9549524778175136 1675.6
16757 0.9549658802107123 1675.7
16758 0.9549793673074832 1675.8
16759 0.9549929500286254 1675.9
16760 0.9550066351006186 1676
16761 0.9550204258668836 1676.1
16762 0.9550343225596631 1676.2
16763 0.9550482214769704 1676.3
16764 0.9550621365856659 1676.4
16765 0.955076052751734 1676.5
16766 0.9550899174270847 1676.6
16767 0.9551029189716003 1676.7
16768 0.9551159856505822 1676.8
16769 0.9551290741188748 1676.9
16770 0.9551421734982097 1677
16771 0.9551551109349431 1677.1
16772 0.95516788487914 1677.2
16773 0.9551805496531325 1677.3
16774 0.9551930899155461 1677.4
16775 0.9552055043567501 1677.5
16776 0.9552177950332361 1677.6
16777 0.9552299707786785 1677.7
16778 0.9552420257908085 1677.8
16779 0.9552539544787164 1677.9
16780 0.9552657661484381 1678
16781 0.9552774917090222 1678.1
16782 0.9552891616686041 1678.2
16783 0.9553008040238975 1678.3
16784 0.9553124375235997 1678.4
16785 0.9553241291281597 1678.5
16786 0.9553358813508803 1678.6
16787 0.9553476819270663 1678.7
16788 0.9553595206220584 1678.8
16789 0.9553713987365893 1678.9
16790 0.9553833089783342 1679
16791 0.9553952516058188 1679.1
16792 0.955407228256408 1679.2
16793 0.9554192401070327 1679.3
16794 0.9554312882190272 1679.4
16795 0.9554433737028457 1679.5
16796 0.9554555038044094 1679.6
16797 0.9554676833385533 1679.7
16798 0.9554799103512742 1679.8
16799 0.9554921489499615 1679.9
16800 0.9555044172511434 1680
16801 0.9555167314864444 1680.1
16802 0.9555290897494071 1680.2
16803 0.9555414905809246 1680.3
16804 0.955553932053766 1680.4
16805 0.9555663361264429 1680.5
16806 0.9555787687502346 1680.6
16807 0.9555912413011018 1680.7
16808 0.9556037279672429 1680.8
16809 0.9556161117726696 1680.9
16810 0.9556285308139564 1681
16811 0.9556409812961713 1681.1
16812 0.9556534594945382 1681.2
16813 0.9556659609375789 1681.3
16814 0.9556784810265853 1681.4
16815 0.955691015580552 1681.5
16816 0.9557035609578708 1681.6
16817 0.955716114135608 1681.7
16818 0.9557286633975677 1681.8
16819 0.9557410677062094 1681.9
16820 0.9557534638849141 1682
16821 0.9557658522943815 1682.1
16822 0.9557782339076787 1682.2
16823 0.9557906106817468 1682.3
16824 0.9558029870222644 1682.4
16825 0.9558153058157961 1682.5
16826 0.9558272587466463 1682.6
16827 0.955839270170993 1682.7
16828 0.9558513492923656 1682.8
16829 0.9558635027041623 1682.9
16830 0.9558757324777232 1683
16831 0.955888037701137 1683.1
16832 0.955900424265089 1683.2
16833 0.95591289675984 1683.3
16834 0.9559252732212788 1683.4
16835 0.9559367518610343 1683.5
16836 0.9559482771800741 1683.6
16837 0.9559598459794727 1683.7
16838 0.9559714567645103 1683.8
16839 0.9559830815627168 1683.9
16840 0.9559947081782686 1684
16841 0.9560063301129268 1684.1
16842 0.9560179415666422 1684.2
16843 0.9560295313533316 1684.3
16844 0.9560410876918281 1684.4
16845 0.9560526083442759 1684.5
16846 0.9560640924298235 1684.6
16847 0.9560755402950993 1684.7
16848 0.9560869543649847 1684.8
16849 0.9560983398547962 1684.9
16850 0.9561088497198627 1685
16851 0.9561191911411723 1685.1
16852 0.9561295818740323 1685.2
16853 0.9561400110502021 1685.3
16854 0.9561504874702582 1685.4
16855 0.956161027230397 1685.5
16856 0.9561716217049646 1685.6
16857 0.9561822629684995 1685.7
16858 0.9561929432954932 1685.8
16859 0.9562029696682206 1685.9
16860 0.9562122556385203 1686
16861 0.956221653810566 1686.1
16862 0.9562311581640243 1686.2
16863 0.95624076343346 1686.3
16864 0.9562504650525303 1686.4
16865 0.9562602590499927 1686.5
16866 0.9562701419276586 1686.6
16867 0.9562801105552255 1686.7
16868 0.9562901620904138 1686.8
16869 0.9563002939406415 1686.9
16870 0.956310503758433 1687
16871 0.9563207894535222 1687.1
16872 0.9563311492510638 1687.2
16873 0.9563413420609308 1687.3
16874 0.9563514313251016 1687.4
16875 0.9563616186202861 1687.5
16876 0.9563719083681723 1687.6
16877 0.9563823058660471 1687.7
16878 0.9563928030890255 1687.8
16879 0.9564033594172771 1687.9
16880 0.956413988825963 1688
16881 0.9564247253111189 1688.1
16882 0.9564355725711166 1688.2
16883 0.9564465355325771 1688.3
16884 0.9564574428421962 1688.4
16885 0.9564677784484804 1688.5
16886 0.9564782107299854 1688.6
16887 0.9564887392577088 1688.7
16888 0.9564993660412273 1688.8
16889 0.9565100908007081 1688.9
16890 0.9565209113211762 1689
16891 0.956531745270021 1689.1
16892 0.9565426170707856 1689.2
16893 0.9565535810182003 1689.3
16894 0.9565646141796227 1689.4
16895 0.9565757114813404 1689.5
16896 0.9565868682591774 1689.6
16897 0.9565980814740082 1689.7
16898 0.9566093470867734 1689.8
16899 0.9566206474125076 1689.9
16900 0.9566319788100348 1690
16901 0.9566433401143849 1690.1
16902 0.9566547375745497 1690.2
16903 0.9566661725190547 1690.3
16904 0.9566776470444148 1690.4
16905 0.9566891656002077 1690.5
16906 0.9567007330507546 1690.6
16907 0.956712337368269 1690.7
16908 0.9567239751285386 1690.8
16909 0.9567356329151895 1690.9
16910 0.9567472622501934 1691
16911 0.9567588657925655 1691.1
16912 0.956770458025765 1691.2
16913 0.9567820406312968 1691.3
16914 0.9567936076254511 1691.4
16915 0.9568051522784546 1691.5
16916 0.9568166680929218 1691.6
16917 0.9568281497340938 1691.7
16918 0.9568395976775192 1691.8
16919 0.9568510098445453 1691.9
16920 0.9568623770075043 1692
16921 0.9568737013161835 1692.1
16922 0.9568849860600406 1692.2
16923 0.9568962358239177 1692.3
16924 0.9569074562164472 1692.4
16925 0.9569185772889363 1692.5
16926 0.9569295349344896 1692.6
16927 0.9569405087487443 1692.7
16928 0.9569515014818932 1692.8
16929 0.9569625159030851 1692.9
16930 0.9569735589904335 1693
16931 0.9569846388226659 1693.1
16932 0.9569957629913082 1693.2
16933 0.9570069067325423 1693.3
16934 0.957018033905665 1693.4
16935 0.9570292120962032 1693.5
16936 0.9570404676992932 1693.6
16937 0.9570518126004772 1693.7
16938 0.9570629108880968 1693.8
16939 0.9570734277176961 1693.9
16940 0.9570840003126478 1694
16941 0.9570946322347754 1694.1
16942 0.9571053230742369 1694.2
16943 0.9571160689045244 1694.3
16944 0.9571268511988027 1694.4
16945 0.9571376557683126 1694.5
16946 0.9571484858936583 1694.6
16947 0.9571593389491438 1694.7
16948 0.9571702107256495 1694.8
16949 0.9571810951689004 1694.9
16950 0.9571917519791757 1695
16951 0.9572020083832217 1695.1
16952 0.9572123380550863 1695.2
16953 0.957222738333706 1695.3
16954 0.9572332078989012 1695.4
16955 0.9572437454989972 1695.5
16956 0.9572543519808336 1695.6
16957 0.9572650115094035 1695.7
16958 0.9572757378543583 1695.8
16959 0.9572865389190555 1695.9
16960 0.957297410229793 1696
16961 0.9573083769024832 1696.1
16962 0.9573194186271626 1696.2
16963 0.9573305224978518 1696.3
16964 0.9573416919933111 1696.4
16965 0.9573529295380873 1696.5
16966 0.9573642365278807 1696.6
16967 0.9573756136261773 1696.7
16968 0.9573870196895099 1696.8
16969 0.9573985061442551 1696.9
16970 0.9574100694030406 1697
16971 0.9574217070798701 1697.1
16972 0.9574334173476156 1697.2
16973 0.9574451986243133 1697.3
16974 0.9574570494053275 1697.4
16975 0.9574689704339148 1697.5
16976 0.9574809611966851 1697.6
16977 0.9574930185770801 1697.7
16978 0.9575051390400892 1697.8
16979 0.9575173185309206 1697.9
16980 0.9575295524021188 1698
16981 0.9575418354400714 1698.1
16982 0.9575541642261133 1698.2
16983 0.9575663661096908 1698.3
16984 0.9575786329405044 1698.4
16985 0.9575909694627019 1698.5
16986 0.9576033746900786 1698.6
16987 0.9576158467336324 1698.7
16988 0.9576283830922018 1698.8
16989 0.9576409806369244 1698.9
16990 0.9576536356544776 1699
16991 0.9576663320120893 1699.1
16992 0.9576790634726352 1699.2
16993 0.9576918284233605 1699.3
16994 0.9577043119713081 1699.4
16995 0.9577167922475994 1699.5
16996 0.9577292914009307 1699.6
16997 0.957741786906483 1699.7
16998 0.9577543019204039 1699.8
16999 0.9577668630314965 1699.9
17000 0.9577794757324033 1700
17001 0.9577921389973357 1700.1
17002 0.9578048617158722 1700.2
17003 0.9578176458170391 1700.3
17004 0.9578305014946902 1700.4
17005 0.9578434383057614 1700.5
17006 0.9578564660089589 1700.6
17007 0.9578695939757927 1700.7
17008 0.9578828241842813 1700.8
17009 0.9578961648863927 1700.9
17010 0.9579096249167516 1701
17011 0.9579232130786883 1701.1
17012 0.9579369161076491 1701.2
17013 0.9579498968049219 1701.3
17014 0.957962955206539 1701.4
17015 0.9579760864556618 1701.5
17016 0.9579892868642739 1701.6
17017 0.9580025045528585 1701.7
17018 0.9580157917589009 1701.8
17019 0.9580291664744208 1701.9
17020 0.958042628967223 1702
17021 0.9580561843644828 1702.1
17022 0.9580698352930113 1702.2
17023 0.9580835673954007 1702.3
17024 0.9580973788338378 1702.4
17025 0.9581112727763209 1702.5
17026 0.9581252505727864 1702.6
17027 0.9581393123829726 1702.7
17028 0.9581533531301841 1702.8
17029 0.9581674628323924 1702.9
17030 0.9581816498891597 1703
17031 0.9581958948078134 1703.1
17032 0.9582101553203883 1703.2
17033 0.9582242356095129 1703.3
17034 0.9582384170470275 1703.4
17035 0.9582526562457314 1703.5
17036 0.9582667857853187 1703.6
17037 0.958280955504212 1703.7
17038 0.958295157801082 1703.8
17039 0.9583093856551089 1703.9
17040 0.9583236278009908 1704
17041 0.9583374952402922 1704.1
17042 0.9583511652426937 1704.2
17043 0.9583648722433766 1704.3
17044 0.9583786013508431 1704.4
17045 0.9583923395787192 1704.5
17046 0.9584060789671062 1704.6
17047 0.9584197059728873 1704.7
17048 0.9584331105209889 1704.8
17049 0.9584462772566351 1704.9
17050 0.9584595025764117 1705
17051 0.9584727907177102 1705.1
17052 0.9584861423444063 1705.2
17053 0.9584995561479814 1705.3
17054 0.9585130305999985 1705.4
17055 0.9585265635189744 1705.5
17056 0.9585401533997274 1705.6
17057 0.9585537971069135 1705.7
17058 0.9585674912371284 1705.8
17059 0.9585812281546102 1705.9
17060 0.9585949975035664 1706
17061 0.9586088081321373 1706.1
17062 0.9586226554328423 1706.2
17063 0.9586365287919377 1706.3
17064 0.9586504193664895 1706.4
17065 0.9586639980666763 1706.5
17066 0.9586775749132751 1706.6
17067 0.9586910171549695 1706.7
17068 0.9587034604508904 1706.8
17069 0.9587158939538619 1706.9
17070 0.9587283220082868 1707
17071 0.9587405006542852 1707.1
17072 0.9587518899075823 1707.2
17073 0.958763347746231 1707.3
17074 0.9587748517198541 1707.4
17075 0.9587863868137924 1707.5
17076 0.958797950432598 1707.6
17077 0.958809540334895 1707.7
17078 0.9588211557366718 1707.8
17079 0.9588327555149718 1707.9
17080 0.9588443582902413 1708
17081 0.9588547380208504 1708.1
17082 0.9588650363045746 1708.2
17083 0.958875431843849 1708.3
17084 0.9588859232825961 1708.4
17085 0.9588965092147823 1708.5
17086 0.9589071885483977 1708.6
17087 0.9589179606241441 1708.7
17088 0.9589288251962589 1708.8
17089 0.9589397823863135 1708.9
17090 0.9589508291115135 1709
17091 0.9589619472413455 1709.1
17092 0.9589731576534035 1709.2
17093 0.9589844611281798 1709.3
17094 0.9589958482775465 1709.4
17095 0.9590071353370336 1709.5
17096 0.9590182485431196 1709.6
17097 0.959029476778274 1709.7
17098 0.9590408247386356 1709.8
17099 0.9590522952249151 1709.9
17100 0.9590638913417301 1710
17101 0.9590753728718121 1710.1
17102 0.9590867376275528 1710.2
17103 0.9590982572033245 1710.3
17104 0.9591099295178047 1710.4
17105 0.9591215523408113 1710.5
17106 0.9591324816488094 1710.6
17107 0.9591435323626244 1710.7
17108 0.9591546948402006 1710.8
17109 0.9591659372082186 1710.9
17110 0.9591772435982162 1711
17111 0.9591886026152729 1711.1
17112 0.9592000041895127 1711.2
17113 0.9592114444702875 1711.3
17114 0.9592229151236159 1711.4
17115 0.9592344032688926 1711.5
17116 0.959245894946298 1711.6
17117 0.9592573836771325 1711.7
17118 0.9592688658507657 1711.8
17119 0.9592803392207901 1711.9
17120 0.9592918036080719 1712
17121 0.9593032616492845 1712.1
17122 0.9593146941622502 1712.2
17123 0.9593261130387175 1712.3
17124 0.9593375322383633 1712.4
17125 0.9593489632811594 1712.5
17126 0.9593604247075056 1712.6
17127 0.9593719564946875 1712.7
17128 0.9593835561775317 1712.8
17129 0.9593950976140893 1712.9
17130 0.9594066552085255 1713
17131 0.9594182680938731 1713.1
17132 0.9594299361514232 1713.2
17133 0.9594416585093365 1713.3
17134 0.9594534340344874 1713.4
17135 0.9594652537740412 1713.5
17136 0.9594771062989254 1713.6
17137 0.9594889751375868 1713.7
17138 0.9595008728652324 1713.8
17139 0.9595127975560441 1713.9
17140 0.9595247461717307 1714
17141 0.9595367037214216 1714.1
17142 0.959548661223023 1714.2
17143 0.9595606175605524 1714.3
17144 0.9595725738839268 1714.4
17145 0.9595843579927875 1714.5
17146 0.959595964788109 1714.6
17147 0.9596071615490447 1714.7
17148 0.9596183767893899 1714.8
17149 0.9596296113287426 1714.9
17150 0.959640866746634 1715
17151 0.9596521476530426 1715.1
17152 0.9596634552950131 1715.2
17153 0.9596747842447823 1715.3
17154 0.9596861295849004 1715.4
17155 0.9596974708833363 1715.5
17156 0.9597087994216297 1715.6
17157 0.959720110097979 1715.7
17158 0.9597314059375696 1715.8
17159 0.9597426897567231 1715.9
17160 0.9597539637750599 1716
17161 0.9597652332708184 1716.1
17162 0.9597764966449739 1716.2
17163 0.9597877612665318 1716.3
17164 0.9597990207628506 1716.4
17165 0.9598102691773914 1716.5
17166 0.9598215057972674 1716.6
17167 0.9598327314557933 1716.7
17168 0.9598439514637542 1716.8
17169 0.9598551670258411 1716.9
17170 0.9598663602994814 1717
17171 0.9598775341181712 1717.1
17172 0.9598886749101623 1717.2
17173 0.9598998023508638 1717.3
17174 0.9599109388694065 1717.4
17175 0.9599220965878942 1717.5
17176 0.9599332727672251 1717.6
17177 0.9599444784868832 1717.7
17178 0.9599554496174376 1717.8
17179 0.9599661136574423 1717.9
17180 0.9599768744990299 1718
17181 0.9599877276150814 1718.1
17182 0.9599986697255389 1718.2
17183 0.9600096912088147 1718.3
17184 0.9600207901771404 1718.4
17185 0.9600319661121589 1718.5
17186 0.9600432195300753 1718.6
17187 0.9600545519208743 1718.7
17188 0.9600659657558789 1718.8
17189 0.9600774645283077 1718.9
17190 0.9600890560677739 1719
17191 0.960100755614967 1719.1
17192 0.9601125699714402 1719.2
17193 0.9601245072899245 1719.3
17194 0.9601360324135256 1719.4
17195 0.9601473837096642 1719.5
17196 0.9601588343309831 1719.6
17197 0.9601703841352566 1719.7
17198 0.9601820228999439 1719.8
17199 0.960193739555945 1719.9
17200 0.9602055305475482 1720
17201 0.960217385768246 1720.1
17202 0.9602292844495441 1720.2
17203 0.9602412213260442 1720.3
17204 0.9602531874069918 1720.4
17205 0.9602650523813474 1720.5
17206 0.9602769576457681 1720.6
17207 0.9602887251892299 1720.7
17208 0.9603004402739869 1720.8
17209 0.9603121762619531 1720.9
17210 0.9603239425252375 1721
17211 0.9603357351748132 1721.1
17212 0.9603475105520948 1721.2
17213 0.9603592492850738 1721.3
17214 0.9603710120716509 1721.4
17215 0.9603827858815688 1721.5
17216 0.9603945516562604 1721.6
17217 0.9604063183327849 1721.7
17218 0.9604180791878478 1721.8
17219 0.9604295958734775 1721.9
17220 0.960440999189335 1722
17221 0.9604524037460094 1722.1
17222 0.9604638147187951 1722.2
17223 0.9604752372419835 1722.3
17224 0.9604866767419793 1722.4
17225 0.9604981412557336 1722.5
17226 0.9605096413101268 1722.6
17227 0.9605211813456238 1722.7
17228 0.9605327758810835 1722.8
17229 0.9605444332073236 1722.9
17230 0.9605561581510338 1723
17231 0.9605679628772645 1723.1
17232 0.9605798491210553 1723.2
17233 0.9605917615074809 1723.3
17234 0.9606037598053829 1723.4
17235 0.9606158507203566 1723.5
17236 0.9606280410876592 1723.6
17237 0.9606403221290466 1723.7
17238 0.9606527017030019 1723.8
17239 0.960665187132733 1723.9
17240 0.960677784515377 1724
17241 0.960690507898494 1724.1
17242 0.9607033585240545 1724.2
17243 0.9607163311898372 1724.3
17244 0.9607291156373273 1724.4
17245 0.9607415430137434 1724.5
17246 0.960754071799199 1724.6
17247 0.9607666923483954 1724.7
17248 0.9607793931848924 1724.8
17249 0.9607921555008542 1724.9
17250 0.9608049548451572 1725
17251 0.9608177640959351 1725.1
17252 0.9608305560994241 1725.2
17253 0.9608433074532429 1725.3
17254 0.9608560269323217 1725.4
17255 0.9608687065119054 1725.5
17256 0.9608813355663617 1725.6
17257 0.9608939072844773 1725.7
17258 0.9609064164846872 1725.8
17259 0.960918862155498 1725.9
17260 0.9609306055756849 1726
17261 0.9609420283837791 1726.1
17262 0.9609534526314611 1726.2
17263 0.9609648874132227 1726.3
17264 0.9609763239714835 1726.4
17265 0.9609877659613154 1726.5
17266 0.9609992158786579 1726.6
17267 0.9610106711479777 1726.7
17268 0.9610221362410728 1726.8
17269 0.9610336155280925 1726.9
17270 0.961045117420338 1727
17271 0.9610566410006809 1727.1
17272 0.9610681841844172 1727.2
17273 0.961079745425123 1727.3
17274 0.9610913237074152 1727.4
17275 0.9611029185888461 1727.5
17276 0.9611142680589784 1727.6
17277 0.9611254453276797 1727.7
17278 0.9611366929676772 1727.8
17279 0.9611480085509547 1727.9
17280 0.9611593876042424 1728
17281 0.9611708250610287 1728.1
17282 0.9611823154314354 1728.2
17283 0.9611938531154871 1728.3
17284 0.9612054322817054 1728.4
17285 0.9612170330526481 1728.5
17286 0.9612286474739675 1728.6
17287 0.961240267420178 1728.7
17288 0.9612518820563336 1728.8
17289 0.9612634129386167 1728.9
17290 0.9612749213258821 1729
17291 0.9612863964516315 1729.1
17292 0.9612978216318072 1729.2
17293 0.9613091751246386 1729.3
17294 0.961320437438698 1729.4
17295 0.9613315736839811 1729.5
17296 0.9613425766659797 1729.6
17297 0.961353449016554 1729.7
17298 0.9613634289796494 1729.8
17299 0.9613730744694181 1729.9
17300 0.9613827414606548 1730
17301 0.96139241858078 1730.1
17302 0.9614021571073641 1730.2
17303 0.9614119615447798 1730.3
17304 0.9614218145138391 1730.4
17305 0.9614317041828175 1730.5
17306 0.9614416245608089 1730.6
17307 0.9614506830654855 1730.7
17308 0.9614592614955236 1730.8
17309 0.9614679409668493 1730.9
17310 0.9614767264349833 1731
17311 0.9614856130436936 1731.1
17312 0.9614945960439609 1731.2
17313 0.9615036708652478 1731.3
17314 0.9615128365265484 1731.4
17315 0.9615220916786469 1731.5
17316 0.9615314308331016 1731.6
17317 0.9615408493327283 1731.7
17318 0.9615503455536957 1731.8
17319 0.9615599141856926 1731.9
17320 0.9615695501795354 1732
17321 0.9615792487738515 1732.1
17322 0.9615890055439031 1732.2
17323 0.9615985508803154 1732.3
17324 0.961607923020618 1732.4
17325 0.9616173743447787 1732.5
17326 0.961626901172651 1732.6
17327 0.9616364995710164 1732.7
17328 0.9616461655612719 1732.8
17329 0.9616558952500196 1732.9
17330 0.9616656848834662 1733
17331 0.961675530914736 1733.1
17332 0.9616854063749597 1733.2
17333 0.9616953111517351 1733.3
17334 0.9617052582588556 1733.4
17335 0.9617152450475871 1733.5
17336 0.9617252692667688 1733.6
17337 0.9617353195619682 1733.7
17338 0.9617453899415781 1733.8
17339 0.9617554939011971 1733.9
17340 0.9617656300450058 1734
17341 0.9617757971974445 1734.1
17342 0.9617859944147782 1734.2
17343 0.9617962209840438 1734.3
17344 0.9618064764251836 1734.4
17345 0.9618167604887553 1734.5
17346 0.961827073147642 1734.6
17347 0.9618374145939254 1734.7
17348 0.9618477852434604 1734.8
17349 0.9618581858985156 1734.9
17350 0.9618686161580425 1735
17351 0.9618788983408056 1735.1
17352 0.9618892196890214 1735.2
17353 0.9618995806646078 1735.3
17354 0.9619099812743878 1735.4
17355 0.9619204195632618 1735.5
17356 0.961930895462078 1735.6
17357 0.9619414093770855 1735.7
17358 0.9619519619957014 1735.8
17359 0.9619625541693353 1735.9
17360 0.9619731869544371 1736
17361 0.961983861018228 1736.1
17362 0.9619945766622267 1736.2
17363 0.9620053336599556 1736.3
17364 0.9620161310098991 1736.4
17365 0.9620269648100042 1736.5
17366 0.9620378209047796 1736.6
17367 0.9620486961261363 1736.7
17368 0.9620595854353245 1736.8
17369 0.9620704827716607 1736.9
17370 0.9620813839637214 1737
17371 0.9620922830579188 1737.1
17372 0.9621031683735251 1737.2
17373 0.9621140311448244 1737.3
17374 0.9621248670565027 1737.4
17375 0.9621356723964685 1737.5
17376 0.9621464412798478 1737.6
17377 0.9621571691395687 1737.7
17378 0.9621678533407515 1737.8
17379 0.9621784931539056 1737.9
17380 0.9621890879118886 1738
17381 0.9621996274380832 1738.1
17382 0.9622100321950248 1738.2
17383 0.9622202111860745 1738.3
17384 0.9622303658552006 1738.4
17385 0.9622405042652531 1738.5
17386 0.9622506310568774 1738.6
17387 0.9622607548491288 1738.7
17388 0.9622708826882521 1738.8
17389 0.9622810224233895 1738.9
17390 0.9622911814781474 1739
17391 0.9623013666363349 1739.1
17392 0.9623115841187095 1739.2
17393 0.9623218391486903 1739.3
17394 0.9623321284750539 1739.4
17395 0.9623424610230731 1739.5
17396 0.9623528518674822 1739.6
17397 0.9623633019967904 1739.7
17398 0.962373811555544 1739.8
17399 0.9623843860804503 1739.9
17400 0.9623950303518274 1740
17401 0.9624057486781988 1740.1
17402 0.9624165451233612 1740.2
17403 0.9624274044313854 1740.3
17404 0.9624383394419861 1740.4
17405 0.9624493581883447 1740.5
17406 0.962460464912419 1740.6
17407 0.9624716741139066 1740.7
17408 0.9624829959049116 1740.8
17409 0.9624944333970935 1740.9
17410 0.9625056297828992 1741
17411 0.9625167656247786 1741.1
17412 0.9625281029828356 1741.2
17413 0.9625391788545546 1741.3
17414 0.9625503015763103 1741.4
17415 0.9625616328924146 1741.5
17416 0.9625731654468591 1741.6
17417 0.9625848919278722 1741.7
17418 0.9625968054365895 1741.8
17419 0.9626088995975816 1741.9
17420 0.9626211693476753 1742
17421 0.962633607910275 1742.1
17422 0.9626462117566537 1742.2
17423 0.9626589790340225 1742.3
17424 0.9626719032678027 1742.4
17425 0.9626849791264813 1742.5
17426 0.9626982025549492 1742.6
17427 0.9627115699545775 1742.7
17428 0.9627249959384504 1742.8
17429 0.9627377550034903 1742.9
17430 0.9627506840038421 1743
17431 0.9627637687335682 1743.1
17432 0.9627769958688465 1743.2
17433 0.9627903541756613 1743.3
17434 0.9628038347987962 1743.4
17435 0.9628174244518399 1743.5
17436 0.9628308691018954 1743.6
17437 0.9628437841314168 1743.7
17438 0.9628567811886287 1743.8
17439 0.962869844769755 1743.9
17440 0.9628829615100791 1744
17441 0.9628961113798602 1744.1
17442 0.9629092478721988 1744.2
17443 0.9629223086964616 1744.3
17444 0.9629353947819452 1744.4
17445 0.9629485058013003 1744.5
17446 0.9629616357296503 1744.6
17447 0.9629747788170234 1744.7
17448 0.9629879297492495 1744.8
17449 0.963000858711889 1744.9
17450 0.9630136065844527 1745
17451 0.9630263228614296 1745.1
17452 0.9630390173138965 1745.2
17453 0.9630517003153799 1745.3
17454 0.9630643800743424 1745.4
17455 0.9630765846923531 1745.5
17456 0.9630888035158851 1745.6
17457 0.9631010564281846 1745.7
17458 0.9631133411438677 1745.8
17459 0.963125659904288 1745.9
17460 0.9631380237067787 1746
17461 0.9631504281738728 1746.1
17462 0.9631628617896737 1746.2
17463 0.9631753221003314 1746.3
17464 0.9631878091836755 1746.4
17465 0.9632003258138047 1746.5
17466 0.9632128758519378 1746.6
17467 0.9632254625944607 1746.7
17468 0.9632380896472309 1746.8
17469 0.9632507612313477 1746.9
17470 0.9632634648616442 1747
17471 0.9632762023056896 1747.1
17472 0.9632890041162859 1747.2
17473 0.9633018777345743 1747.3
17474 0.9633148309570186 1747.4
17475 0.9633278723499551 1747.5
17476 0.9633410205588604 1747.6
17477 0.9633542896194712 1747.7
17478 0.9633676875491726 1747.8
17479 0.9633812214711845 1747.9
17480 0.9633948902456636 1748
17481 0.9634078740327909 1748.1
17482 0.963420956463061 1748.2
17483 0.9634341424421055 1748.3
17484 0.9634474292532439 1748.4
17485 0.9634607740356932 1748.5
17486 0.9634741623385483 1748.6
17487 0.9634876189512777 1748.7
17488 0.9635008355432962 1748.8
17489 0.9635140963255766 1748.9
17490 0.9635274541970854 1749
17491 0.9635408740902781 1749.1
17492 0.963554333504902 1749.2
17493 0.9635678439575925 1749.3
17494 0.9635813904843215 1749.4
17495 0.963594959907851 1749.5
17496 0.9636085334762907 1749.6
17497 0.9636220767945367 1749.7
17498 0.9636355694584106 1749.8
17499 0.9636490109551166 1749.9
17500 0.9636623987656942 1750
17501 0.9636757290330503 1750.1
17502 0.9636889911302962 1750.2
17503 0.9637013682111791 1750.3
17504 0.9637137369131897 1750.4
17505 0.9637261070395274 1750.5
17506 0.9637384726681208 1750.6
17507 0.9637508256676188 1750.7
17508 0.963762870392409 1750.8
17509 0.963774722531998 1750.9
17510 0.9637866012090897 1751
17511 0.9637985051509312 1751.1
17512 0.9638104306521578 1751.2
17513 0.9638223752680127 1751.3
17514 0.9638343359979313 1751.4
17515 0.9638463103441482 1751.5
17516 0.9638582970394184 1751.6
17517 0.9638702961061327 1751.7
17518 0.963882308746478 1751.8
17519 0.9638943373209844 1751.9
17520 0.9639063851083565 1752
17521 0.9639184561328318 1752.1
17522 0.9639305547180926 1752.2
17523 0.9639426824634212 1752.3
17524 0.9639548452939068 1752.4
17525 0.9639670491562277 1752.5
17526 0.9639792997934755 1752.6
17527 0.963991602327967 1752.7
17528 0.964003954714133 1752.8
17529 0.9640154412181102 1752.9
17530 0.9640260452825837 1753
17531 0.9640364150271848 1753.1
17532 0.9640469010086227 1753.2
17533 0.9640574846882549 1753.3
17534 0.9640681420947829 1753.4
17535 0.9640788625762714 1753.5
17536 0.9640896346064541 1753.6
17537 0.9641004470251092 1753.7
17538 0.9641101901633401 1753.8
17539 0.9641197225002673 1753.9
17540 0.9641293425127266 1754
17541 0.9641390512144615 1754.1
17542 0.9641488475168815 1754.2
17543 0.964158731782412 1754.3
17544 0.9641686942310848 1754.4
17545 0.964178722733669 1754.5
17546 0.9641888194659549 1754.6
17547 0.9641989941112048 1754.7
17548 0.9642092578465025 1754.8
17549 0.9642196296552962 1754.9
17550 0.9642301064573227 1755
17551 0.9642406855660957 1755.1
17552 0.9642513710832102 1755.2
17553 0.9642621625065552 1755.3
17554 0.9642730608366629 1755.4
17555 0.9642840631851141 1755.5
17556 0.9642951673167189 1755.6
17557 0.9643062124243597 1755.7
17558 0.9643173156173794 1755.8
17559 0.9643285095117856 1755.9
17560 0.9643397904727213 1756
17561 0.9643511554889657 1756.1
17562 0.9643626089570322 1756.2
17563 0.964373865940095 1756.3
17564 0.9643849713355077 1756.4
17565 0.9643961968919762 1756.5
17566 0.9644075419494124 1756.6
17567 0.9644190052487297 1756.7
17568 0.9644305834679061 1756.8
17569 0.9644422579315616 1756.9
17570 0.9644537858442598 1757
17571 0.9644649066292272 1757.1
17572 0.9644760255040615 1757.2
17573 0.9644871250909156 1757.3
17574 0.9644981984358028 1757.4
17575 0.9645092337002412 1757.5
17576 0.9645202233578932 1757.6
17577 0.964531169726887 1757.7
17578 0.9645420648000277 1757.8
17579 0.96455291071116 1757.9
17580 0.9645637197533445 1758
17581 0.9645744840399927 1758.1
17582 0.9645851978205975 1758.2
17583 0.9645958496954437 1758.3
17584 0.9646063765084482 1758.4
17585 0.964616805330467 1758.5
17586 0.9646272057078173 1758.6
17587 0.9646375860832074 1758.7
17588 0.9646479536975424 1758.8
17589 0.964658302218605 1758.9
17590 0.9646686353812994 1759
17591 0.9646789632875841 1759.1
17592 0.9646893092259473 1759.2
17593 0.9646996822632213 1759.3
17594 0.9647100858606074 1759.4
17595 0.9647205191820274 1759.5
17596 0.9647309821967831 1759.6
17597 0.9647414796095269 1759.7
17598 0.9647520208006114 1759.8
17599 0.9647626039958944 1759.9
17600 0.9647732323215631 1760
17601 0.964783908407209 1760.1
17602 0.9647946297420859 1760.2
17603 0.9648053919201196 1760.3
17604 0.9648161896427724 1760.4
17605 0.9648270165575913 1760.5
17606 0.9648378648371254 1760.6
17607 0.9648487282586272 1760.7
17608 0.9648595958325933 1760.8
17609 0.9648704558527988 1760.9
17610 0.9648812961692302 1761
17611 0.9648921046171325 1761.1
17612 0.9649028702005794 1761.2
17613 0.9649135822920377 1761.3
17614 0.9649242297701116 1761.4
17615 0.9649348062723516 1761.5
17616 0.9649453093089265 1761.6
17617 0.9649557328556322 1761.7
17618 0.9649660764652329 1761.8
17619 0.9649763418523959 1761.9
17620 0.9649865327264221 1762
17621 0.9649966544394749 1762.1
17622 0.96500671359714 1762.2
17623 0.9650167175776675 1762.3
17624 0.9650266247051379 1762.4
17625 0.9650363500010277 1762.5
17626 0.965046016210989 1762.6
17627 0.9650556624469292 1762.7
17628 0.9650652946859039 1762.8
17629 0.965074918197205 1762.9
17630 0.9650845376205712 1763
17631 0.965094157042807 1763.1
17632 0.965103779946002 1763.2
17633 0.9651134092602324 1763.3
17634 0.9651229583465414 1763.4
17635 0.9651325054047953 1763.5
17636 0.9651420698176228 1763.6
17637 0.9651516522701623 1763.7
17638 0.9651612531122358 1763.8
17639 0.9651708725109199 1763.9
17640 0.9651805105359893 1764
17641 0.9651901672074282 1764.1
17642 0.9651998425379644 1764.2
17643 0.9652095365626336 1764.3
17644 0.9652192493585873 1764.4
17645 0.9652289810386255 1764.5
17646 0.965238731789711 1764.6
17647 0.965248501877119 1764.7
17648 0.9652582915887109 1764.8
17649 0.9652676281702927 1764.9
17650 0.9652769966435273 1765
17651 0.9652864579489557 1765.1
17652 0.9652960099615847 1765.2
17653 0.9653056506911827 1765.3
17654 0.9653153782048252 1765.4
17655 0.9653251906504088 1765.5
17656 0.9653350863817732 1765.6
17657 0.9653450633574681 1765.7
17658 0.9653551194448244 1765.8
17659 0.9653652526250172 1765.9
17660 0.9653754578437751 1766
17661 0.9653857301152413 1766.1
17662 0.9653960658445008 1766.2
17663 0.9654064614096814 1766.3
17664 0.9654169127770411 1766.4
17665 0.9654274154754724 1766.5
17666 0.9654379642440898 1766.6
17667 0.9654485020316085 1766.7
17668 0.9654590686367918 1766.8
17669 0.9654696624650088 1766.9
17670 0.965480250949604 1767
17671 0.9654906922612922 1767.1
17672 0.9655011511521777 1767.2
17673 0.9655116267122 1767.3
17674 0.9655221173508508 1767.4
17675 0.9655326205031216 1767.5
17676 0.9655431328099705 1767.6
17677 0.9655536501680136 1767.7
17678 0.9655641678415633 1767.8
17679 0.9655746805727354 1767.9
17680 0.9655851827441232 1768
17681 0.9655956685474623 1768.1
17682 0.9656061321857552 1768.2
17683 0.965616565880721 1768.3
17684 0.9656269485087617 1768.4
17685 0.9656372745374263 1768.5
17686 0.9656471450661169 1768.6
17687 0.9656569042805453 1768.7
17688 0.9656666119875845 1768.8
17689 0.9656762737060498 1768.9
17690 0.9656858946480537 1769
17691 0.9656954799528528 1769.1
17692 0.9657050347457492 1769.2
17693 0.9657145641432265 1769.3
17694 0.9657240735391044 1769.4
17695 0.965733567645041 1769.5
17696 0.9657430512398296 1769.6
17697 0.965752529613916 1769.7
17698 0.9657616547663558 1769.8
17699 0.9657707517708336 1769.9
17700 0.9657798935696702 1770
17701 0.9657890813826826 1770.1
17702 0.9657983157878979 1770.2
17703 0.9658075973130692 1770.3
17704 0.9658168659055879 1770.4
17705 0.9658261371897732 1770.5
17706 0.9658354580533631 1770.6
17707 0.9658448277413394 1770.7
17708 0.9658542452547997 1770.8
17709 0.9658637094745472 1770.9
17710 0.9658732193846159 1771
17711 0.9658827743646095 1771.1
17712 0.9658923731988968 1771.2
17713 0.9659020147082047 1771.3
17714 0.9659116934790043 1771.4
17715 0.9659213497636264 1771.5
17716 0.9659310477157239 1771.6
17717 0.9659407859685522 1771.7
17718 0.9659505630402837 1771.8
17719 0.9659603759731585 1771.9
17720 0.9659702227401168 1772
17721 0.9659801021934893 1772.1
17722 0.9659900132344218 1772.2
17723 0.9659999548769289 1772.3
17724 0.9660099262771732 1772.4
17725 0.9660199267844003 1772.5
17726 0.9660299559918919 1772.6
17727 0.9660400137801733 1772.7
17728 0.9660500963915386 1772.8
17729 0.9660601969366939 1772.9
17730 0.9660703277552787 1773
17731 0.9660804112482538 1773.1
17732 0.9660905299481775 1773.2
17733 0.9661006837415481 1773.3
17734 0.9661108765928383 1773.4
17735 0.9661211123075828 1773.5
17736 0.9661313946202508 1773.6
17737 0.9661417221272495 1773.7
17738 0.9661520992513916 1773.8
17739 0.9661625292979811 1773.9
17740 0.9661730142960467 1774
17741 0.9661835549031796 1774.1
17742 0.9661941502955002 1774.2
17743 0.9662047981142593 1774.3
17744 0.9662154869843339 1774.4
17745 0.9662262108933793 1774.5
17746 0.9662366823698914 1774.6
17747 0.966246912044905 1774.7
17748 0.9662571937075665 1774.8
17749 0.9662675243278711 1774.9
17750 0.9662778981107064 1775
17751 0.9662883082372143 1775.1
17752 0.9662987510483364 1775.2
17753 0.9663092198776467 1775.3
17754 0.9663192673994975 1775.4
17755 0.9663289273827778 1775.5
17756 0.9663386646633043 1775.6
17757 0.9663484781508594 1775.7
17758 0.9663583630643897 1775.8
17759 0.9663682960494618 1775.9
17760 0.9663782267557577 1776
17761 0.96638821533992 1776.1
17762 0.9663982570325071 1776.2
17763 0.9664083509868647 1776.3
17764 0.9664184997792613 1776.4
17765 0.9664287018298745 1776.5
17766 0.9664380143583963 1776.6
17767 0.9664474003602969 1776.7
17768 0.9664569288597261 1776.8
17769 0.9664665936203745 1776.9
17770 0.9664763914768181 1777
17771 0.9664863142003712 1777.1
17772 0.9664963554516793 1777.2
17773 0.9665065012742673 1777.3
17774 0.9665165469963661 1777.4
17775 0.9665254818706158 1777.5
17776 0.9665345887289175 1777.6
17777 0.9665438640654332 1777.7
17778 0.966553305004431 1777.8
17779 0.966562909142103 1777.9
17780 0.9665726743108066 1778
17781 0.9665825985984509 1778.1
17782 0.9665926822007813 1778.2
17783 0.9666029244162776 1778.3
17784 0.9666133238970485 1778.4
17785 0.9666237564271972 1778.5
17786 0.9666342591385766 1778.6
17787 0.9666449134861723 1778.7
17788 0.966655721372943 1778.8
17789 0.9666666812250867 1778.9
17790 0.9666777777804654 1779
17791 0.9666890348741217 1779.1
17792 0.966700454443734 1779.2
17793 0.9667120377348833 1779.3
17794 0.9667237853217058 1779.4
17795 0.966735697016782 1779.5
17796 0.966747772303773 1779.6
17797 0.966760010144824 1779.7
17798 0.9667720428571098 1779.8
17799 0.9667837820435179 1779.9
17800 0.9667957058008948 1780
17801 0.966807796507844 1780.1
17802 0.9668200362169654 1780.2
17803 0.9668324117517846 1780.3
17804 0.9668448589625315 1780.4
17805 0.9668571308618609 1780.5
17806 0.9668693040203525 1780.6
17807 0.9668815989475257 1780.7
17808 0.9668940089463075 1780.8
17809 0.9669065283716319 1780.9
17810 0.9669188025468495 1781
17811 0.9669306024897765 1781.1
17812 0.9669425515966684 1781.2
17813 0.9669546327226994 1781.3
17814 0.9669667725566695 1781.4
17815 0.9669789416211234 1781.5
17816 0.9669912100522372 1781.6
17817 0.9670035726150553 1781.7
17818 0.9670160184402978 1781.8
17819 0.9670285489609317 1781.9
17820 0.9670411685730255 1782
17821 0.9670538819859781 1782.1
17822 0.9670666091560906 1782.2
17823 0.9670794156379555 1782.3
17824 0.9670923003183368 1782.4
17825 0.9671048764580842 1782.5
17826 0.967117152987908 1782.6
17827 0.9671294988451091 1782.7
17828 0.9671419154797057 1782.8
17829 0.9671544058805247 1782.9
17830 0.967166974709182 1783
17831 0.9671796238251172 1783.1
17832 0.9671923542126782 1783.2
17833 0.9672050482542095 1783.3
17834 0.9672174166955716 1783.4
17835 0.9672299150457829 1783.5
17836 0.9672425249185717 1783.6
17837 0.9672552213481858 1783.7
17838 0.9672679918875067 1783.8
17839 0.967280766543467 1783.9
17840 0.9672935730604566 1784
17841 0.9673064333486653 1784.1
17842 0.9673193477463704 1784.2
17843 0.9673323017240929 1784.3
17844 0.9673453231077336 1784.4
17845 0.9673584190057662 1784.5
17846 0.9673715947318802 1784.6
17847 0.9673848541316216 1784.7
17848 0.9673981975612655 1784.8
17849 0.9674116182657025 1784.9
17850 0.9674251048852267 1785
17851 0.9674386478250994 1785.1
17852 0.9674522357470923 1785.2
17853 0.9674658558451501 1785.3
17854 0.9674793447029826 1785.4
17855 0.9674928519124402 1785.5
17856 0.9675063843318483 1785.6
17857 0.9675199366956485 1785.7
17858 0.9675335000005746 1785.8
17859 0.9675466546690737 1785.9
17860 0.9675594356532246 1786
17861 0.9675722718938343 1786.1
17862 0.9675851515698504 1786.2
17863 0.9675977531017103 1786.3
17864 0.9676103424418089 1786.4
17865 0.9676229241615042 1786.5
17866 0.9676355036631599 1786.6
17867 0.9676480872187071 1786.7
17868 0.9676606767389432 1786.8
17869 0.967672848536518 1786.9
17870 0.9676845618786534 1787
17871 0.9676963060923991 1787.1
17872 0.9677080683705518 1787.2
17873 0.9677198461205371 1787.3
17874 0.9677316434470934 1787.4
17875 0.9677433999080997 1787.5
17876 0.9677550302578768 1787.6
17877 0.9677666911638786 1787.7
17878 0.9677783766138547 1787.8
17879 0.9677900852631567 1787.9
17880 0.9678018139004577 1788
17881 0.9678135580911527 1788.1
17882 0.96782531295097 1788.2
17883 0.9678370715410921 1788.3
17884 0.9678488246814053 1788.4
17885 0.9678605484132565 1788.5
17886 0.9678722245273129 1788.6
17887 0.9678838635524724 1788.7
17888 0.9678954464806616 1788.8
17889 0.9679069337181163 1788.9
17890 0.9679183185335478 1789
17891 0.9679295995135941 1789.1
17892 0.9679407823395549 1789.2
17893 0.9679518675145371 1789.3
17894 0.9679628527935633 1789.4
17895 0.9679737601815572 1789.5
17896 0.9679846488549078 1789.6
17897 0.9679955308101906 1789.7
17898 0.9680064146747465 1789.8
17899 0.9680170334849378 1789.9
17900 0.9680276732887391 1790
17901 0.9680383908693208 1790.1
17902 0.968049182757706 1790.2
17903 0.9680600463055062 1790.3
17904 0.9680709786174548 1790.4
17905 0.9680819764413952 1790.5
17906 0.968093036152238 1790.6
17907 0.9681041538846388 1790.7
17908 0.968115325296482 1790.8
17909 0.9681265453613026 1790.9
17910 0.9681378084640203 1791
17911 0.9681491084151769 1791.1
17912 0.9681602686207113 1791.2
17913 0.9681714491559327 1791.3
17914 0.9681826511304674 1791.4
17915 0.968193874230053 1791.5
17916 0.9682051176266152 1791.6
17917 0.9682163798282607 1791.7
17918 0.9682275860412336 1791.8
17919 0.9682387558370026 1791.9
17920 0.9682499432112338 1792
17921 0.9682610724894541 1792.1
17922 0.9682721848898641 1792.2
17923 0.9682832972884813 1792.3
17924 0.9682944031574384 1792.4
17925 0.9683054962802854 1792.5
17926 0.9683165709956835 1792.6
17927 0.968327622402783 1792.7
17928 0.9683386465297821 1792.8
17929 0.9683493913541524 1792.9
17930 0.9683597106031279 1793
17931 0.9683699247496717 1793.1
17932 0.9683801166135608 1793.2
17933 0.9683902909824099 1793.3
17934 0.9684004521273937 1793.4
17935 0.9684106041985684 1793.5
17936 0.9684207513561374 1793.6
17937 0.9684308978231043 1793.7
17938 0.9684410423272113 1793.8
17939 0.9684511439340148 1793.9
17940 0.9684612593137086 1794
17941 0.968471391511898 1794.1
17942 0.9684815434958877 1794.2
17943 0.9684917178929399 1794.3
17944 0.9685019172372027 1794.4
17945 0.9685121433908082 1794.5
17946 0.9685223976093598 1794.6
17947 0.9685326805530355 1794.7
17948 0.9685429924403081 1794.8
17949 0.9685533333862135 1794.9
17950 0.9685637020702775 1795
17951 0.9685740963472058 1795.1
17952 0.9685845134028309 1795.2
17953 0.9685949503258862 1795.3
17954 0.9686054041767125 1795.4
17955 0.9686158714035221 1795.5
17956 0.9686263487691856 1795.6
17957 0.9686368326432516 1795.7
17958 0.9686473181828181 1795.8
17959 0.968657800510339 1795.9
17960 0.9686682750164298 1796
17961 0.9686787374086389 1796.1
17962 0.9686891837193428 1796.2
17963 0.9686996103343914 1796.3
17964 0.9687100140035357 1796.4
17965 0.9687203918722077 1796.5
17966 0.9687307415068855 1796.6
17967 0.9687410608742772 1796.7
17968 0.9687513483719437 1796.8
17969 0.9687616028293531 1796.9
17970 0.9687718233924774 1797
17971 0.9687820095815669 1797.1
17972 0.9687921613080901 1797.2
17973 0.9688022788385742 1797.3
17974 0.9688123628277054 1797.4
17975 0.9688224142259495 1797.5
17976 0.9688324343530014 1797.6
17977 0.9688419701858429 1797.7
17978 0.9688514335948614 1797.8
17979 0.9688609204069628 1797.9
17980 0.9688704146592606 1798
17981 0.9688799141102159 1798.1
17982 0.9688894290530727 1798.2
17983 0.9688989573659937 1798.3
17984 0.9689084974997554 1798.4
17985 0.9689180507861909 1798.5
17986 0.968927617495102 1798.6
17987 0.9689371976513163 1798.7
17988 0.9689467918111458 1798.8
17989 0.9689563966925302 1798.9
17990 0.9689658460846831 1799
17991 0.9689750370433955 1799.1
17992 0.9689842819996868 1799.2
17993 0.9689935829044865 1799.3
17994 0.969002941581535 1799.4
17995 0.9690123580243414 1799.5
17996 0.9690218310088949 1799.6
17997 0.9690313584118218 1799.7
17998 0.9690409372470274 1799.8
17999 0.9690503630378231 1799.9
18000 0.969059812354139 1800
18001 0.9690693133702433 1800.1
18002 0.9690788530095588 1800.2
18003 0.9690884254937046 1800.3
18004 0.9690980232488419 1800.4
18005 0.9691076309689101 1800.5
18006 0.9691172359238919 1800.6
18007 0.9691268315334672 1800.7
18008 0.9691364073349851 1800.8
18009 0.9691459582384261 1800.9
18010 0.9691546603750798 1801
18011 0.9691632543589018 1801.1
18012 0.9691711006295534 1801.2
18013 0.9691789611469039 1801.3
18014 0.969186893821159 1801.4
18015 0.9691948664269801 1801.5
18016 0.9692029095362362 1801.6
18017 0.9692110030474241 1801.7
18018 0.9692189587324032 1801.8
18019 0.9692258256583872 1801.9
18020 0.9692328022429293 1802
18021 0.9692398862282775 1802.1
18022 0.9692470755805644 1802.2
18023 0.9692543709874142 1802.3
18024 0.9692617731915566 1802.4
18025 0.9692692793350529 1802.5
18026 0.9692768875001484 1802.6
18027 0.9692845984975058 1802.7
18028 0.9692924105117052 1802.8
18029 0.9693003199100096 1802.9
18030 0.9693083225298621 1803
18031 0.9693164142556249 1803.1
18032 0.9693245910569032 1803.2
18033 0.9693328489901454 1803.3
18034 0.9693411842497118 1803.4
18035 0.9693495932009207 1803.5
18036 0.9693580724004771 1803.6
18037 0.9693666186160722 1803.7
18038 0.969375228832828 1803.8
18039 0.9693839006472311 1803.9
18040 0.9693926341184248 1804
18041 0.9694014267645585 1804.1
18042 0.9694102761953832 1804.2
18043 0.9694191801973004 1804.3
18044 0.9694281367315102 1804.4
18045 0.9694371439219348 1804.5
18046 0.9694462000057975 1804.6
18047 0.9694553032818973 1804.7
18048 0.9694644520623918 1804.8
18049 0.9694736446197934 1804.9
18050 0.9694828791284149 1805
18051 0.9694921295261774 1805.1
18052 0.9695014175960549 1805.2
18053 0.9695107424478098 1805.3
18054 0.9695201013272176 1805.4
18055 0.9695293830339835 1805.5
18056 0.9695383116703117 1805.6
18057 0.969547301769525 1805.7
18058 0.9695563490448408 1805.8
18059 0.9695654490104236 1805.9
18060 0.969574597048497 1806
18061 0.9695837897598139 1806.1
18062 0.9695930219930838 1806.2
18063 0.969602287947213 1806.3
18064 0.9696115822321316 1806.4
18065 0.9696209001264385 1806.5
18066 0.9696302381450883 1806.6
18067 0.9696395930661748 1806.7
18068 0.9696489615434288 1806.8
18069 0.9696583404105217 1806.9
18070 0.9696677268619601 1807
18071 0.9696771185288634 1807.1
18072 0.9696865135024741 1807.2
18073 0.9696959103252383 1807.3
18074 0.9697053079680434 1807.4
18075 0.9697147057945863 1807.5
18076 0.9697240935739718 1807.6
18077 0.9697334222612735 1807.7
18078 0.9697427539548927 1807.8
18079 0.9697520884017643 1807.9
18080 0.9697614170753017 1808
18081 0.969770568790935 1808.1
18082 0.9697797484573822 1808.2
18083 0.9697889564519112 1808.3
18084 0.9697981933008605 1808.4
18085 0.9698074595186074 1808.5
18086 0.9698165418858231 1808.6
18087 0.9698254616277232 1808.7
18088 0.9698344527834298 1808.8
18089 0.9698435132357546 1808.9
18090 0.9698526409594167 1809
18091 0.9698618342470325 1809.1
18092 0.969871091826628 1809.2
18093 0.9698804130825984 1809.3
18094 0.9698897976834234 1809.4
18095 0.9698992457618713 1809.5
18096 0.9699087577596138 1809.6
18097 0.9699183343859972 1809.7
18098 0.9699279764348357 1809.8
18099 0.9699376846677928 1809.9
18100 0.9699473107099347 1810
18101 0.9699569638024161 1810.1
18102 0.9699666632247343 1810.2
18103 0.969976412375895 1810.3
18104 0.9699862085408457 1810.4
18105 0.9699958297148857 1810.5
18106 0.9700054507165853 1810.6
18107 0.9700151267595861 1810.7
18108 0.9700248603921349 1810.8
18109 0.9700346402973516 1810.9
18110 0.970044467298146 1811
18111 0.9700543429933416 1811.1
18112 0.9700642598152769 1811.2
18113 0.970074232416608 1811.3
18114 0.9700842622423191 1811.4
18115 0.9700943501489093 1811.5
18116 0.9701044964070631 1811.6
18117 0.970114700598129 1811.7
18118 0.9701249618252281 1811.8
18119 0.9701350247313547 1811.9
18120 0.9701449310196768 1812
18121 0.9701548703490792 1812.1
18122 0.9701648447635091 1812.2
18123 0.9701748536120997 1812.3
18124 0.97018489406705 1812.4
18125 0.9701949623524709 1812.5
18126 0.9702050030016276 1812.6
18127 0.9702150196465122 1812.7
18128 0.9702250338435487 1812.8
18129 0.9702350498662854 1812.9
18130 0.9702450709409041 1813
18131 0.9702551002083593 1813.1
18132 0.9702651411582327 1813.2
18133 0.9702751979272809 1813.3
18134 0.9702850763624541 1813.4
18135 0.9702942721467614 1813.5
18136 0.9703035584177413 1813.6
18137 0.970312940167487 1813.7
18138 0.9703224187136844 1813.8
18139 0.9703319138314251 1813.9
18140 0.9703414885034138 1814
18141 0.9703511650627156 1814.1
18142 0.9703609426166577 1814.2
18143 0.9703708258153315 1814.3
18144 0.9703808137894052 1814.4
18145 0.9703909044842376 1814.5
18146 0.9704010997207072 1814.6
18147 0.9704113970667142 1814.7
18148 0.9704217951352156 1814.8
18149 0.9704322931821049 1814.9
18150 0.9704428766930085 1815
18151 0.9704534799976361 1815.1
18152 0.9704641898781882 1815.2
18153 0.9704750070769816 1815.3
18154 0.9704859329850842 1815.4
18155 0.9704969693032243 1815.5
18156 0.9705081176896109 1815.6
18157 0.9705193766147399 1815.7
18158 0.9705307197954132 1815.8
18159 0.9705421826028209 1815.9
18160 0.970553767741969 1816
18161 0.970565478055143 1816.1
18162 0.9705773164796963 1816.2
18163 0.9705892859475753 1816.3
18164 0.9706013894706116 1816.4
18165 0.970613629699598 1816.5
18166 0.9706260084296264 1816.6
18167 0.9706385266055966 1816.7
18168 0.9706511541823891 1816.8
18169 0.9706638341535756 1816.9
18170 0.9706766672827274 1817
18171 0.9706896570386271 1817.1
18172 0.9707028011482819 1817.2
18173 0.9707160481253502 1817.3
18174 0.9707292629778548 1817.4
18175 0.970742612087518 1817.5
18176 0.9707558583734741 1817.6
18177 0.9707688489432044 1817.7
18178 0.9707820069540359 1817.8
18179 0.9707953196024914 1817.9
18180 0.9708087760760709 1818
18181 0.9708223676982174 1818.1
18182 0.9708360523337026 1818.2
18183 0.9708494137151644 1818.3
18184 0.9708629106832291 1818.4
18185 0.9708765212336821 1818.5
18186 0.9708902483345168 1818.6
18187 0.9709040765848642 1818.7
18188 0.970917324784101 1818.8
18189 0.9709306205580674 1818.9
18190 0.970944021586653 1819
18191 0.9709575540972941 1819.1
18192 0.9709711988535071 1819.2
18193 0.9709849339893915 1819.3
18194 0.9709987220585085 1819.4
18195 0.9710125470971389 1819.5
18196 0.9710263998255678 1819.6
18197 0.9710402688179756 1819.7
18198 0.9710541441296642 1819.8
18199 0.9710680178052478 1819.9
18200 0.9710818844870063 1820
18201 0.9710957047102025 1820.1
18202 0.9711094612958909 1820.2
18203 0.9711220980064821 1820.3
18204 0.9711345467276083 1820.4
18205 0.9711470293839259 1820.5
18206 0.9711595558453681 1820.6
18207 0.9711721339728685 1820.7
18208 0.9711847238907011 1820.8
18209 0.9711973580471129 1820.9
18210 0.9712100403238935 1821
18211 0.9712224366981221 1821.1
18212 0.9712347271198627 1821.2
18213 0.9712470651933489 1821.3
18214 0.9712594079492608 1821.4
18215 0.9712717365307951 1821.5
18216 0.9712840063116134 1821.6
18217 0.9712961749361931 1821.7
18218 0.9713082696655079 1821.8
18219 0.9713202908447748 1821.9
18220 0.9713322339241572 1822
18221 0.9713441076150939 1822.1
18222 0.9713558927312715 1822.2
18223 0.971367556169306 1822.3
18224 0.9713791996129647 1822.4
18225 0.9713908378458209 1822.5
18226 0.9714024682123577 1822.6
18227 0.97141408874021 1822.7
18228 0.9714256984487218 1822.8
18229 0.971437297206991 1822.9
18230 0.9714488858151197 1823
18231 0.9714604637719851 1823.1
18232 0.9714719724013841 1823.2
18233 0.9714834723922494 1823.3
18234 0.9714949683824428 1823.4
18235 0.9715064633350381 1823.5
18236 0.9715179605365862 1823.6
18237 0.9715294632205318 1823.7
18238 0.9715409747759961 1823.8
18239 0.9715524979102379 1823.9
18240 0.9715640339729652 1824
18241 0.971574790494487 1824.1
18242 0.971585347665569 1824.2
18243 0.9715959752845493 1824.3
18244 0.9716066648637897 1824.4
18245 0.9716174072801554 1824.5
18246 0.9716281936805965 1824.6
18247 0.97163901559886 1824.7
18248 0.9716498646135056 1824.8
18249 0.9716607328563436 1824.9
18250 0.9716716136864187 1825
18251 0.9716824709857746 1825.1
18252 0.9716933121271422 1825.2
18253 0.9717041480270329 1825.3
18254 0.9717149749248745 1825.4
18255 0.9717257915932188 1825.5
18256 0.971736595432699 1825.6
18257 0.9717473842440187 1825.7
18258 0.9717581550328693 1825.8
18259 0.9717689054300637 1825.9
18260 0.9717796340921233 1826
18261 0.9717898445179519 1826.1
18262 0.9717996792399505 1826.2
18263 0.9718095661474973 1826.3
18264 0.9718195015512553 1826.4
18265 0.9718294796789685 1826.5
18266 0.9718394898616596 1826.6
18267 0.9718495278852326 1826.7
18268 0.9718595947296496 1826.8
18269 0.9718695715674468 1826.9
18270 0.9718788491936629 1827
18271 0.9718875744347079 1827.1
18272 0.9718963512121302 1827.2
18273 0.971905167162098 1827.3
18274 0.9719137170698187 1827.4
18275 0.9719220338593122 1827.5
18276 0.9719304387606414 1827.6
18277 0.9719389191803351 1827.7
18278 0.9719473634507558 1827.8
18279 0.9719549306626599 1827.9
18280 0.9719625763421946 1828
18281 0.9719703009533547 1828.1
18282 0.9719780993514806 1828.2
18283 0.9719859571261167 1828.3
18284 0.9719938681043797 1828.4
18285 0.9720018354612844 1828.5
18286 0.9720098596035024 1828.6
18287 0.9720179374307137 1828.7
18288 0.9720260702265797 1828.8
18289 0.9720342564927243 1828.9
18290 0.9720424941385426 1829
18291 0.9720507811196943 1829.1
18292 0.9720591154673164 1829.2
18293 0.9720674952813716 1829.3
18294 0.9720759187444368 1829.4
18295 0.9720843840361104 1829.5
18296 0.9720928893633926 1829.6
18297 0.9721014332015117 1829.7
18298 0.9721100139936331 1829.8
18299 0.9721186303179326 1829.9
18300 0.9721272809080567 1830
18301 0.972135964665651 1830.1
18302 0.9721446806568774 1830.2
18303 0.9721534281277115 1830.3
18304 0.9721622064554573 1830.4
18305 0.9721710152147383 1830.5
18306 0.972179808065451 1830.6
18307 0.9721885482097782 1830.7
18308 0.9721973262304311 1830.8
18309 0.9722061413916095 1830.9
18310 0.9722149930084556 1831
18311 0.9722238805036907 1831.1
18312 0.9722328033841183 1831.2
18313 0.9722417613695644 1831.3
18314 0.9722507539971136 1831.4
18315 0.9722597805541516 1831.5
18316 0.9722688400812227 1831.6
18317 0.9722779313307574 1831.7
18318 0.972286941628556 1831.8
18319 0.9722955961426676 1831.9
18320 0.9723043165881289 1832
18321 0.9723130987507959 1832.1
18322 0.9723219380300914 1832.2
18323 0.9723308293656305 1832.3
18324 0.9723397678504955 1832.4
18325 0.9723487482884146 1832.5
18326 0.9723577653058313 1832.6
18327 0.9723668135889472 1832.7
18328 0.9723758883236556 1832.8
18329 0.9723849832580553 1832.9
18330 0.9723940925301797 1833
18331 0.9724032109830999 1833.1
18332 0.9724123341495895 1833.2
18333 0.9724214582160998 1833.3
18334 0.9724305800055401 1833.4
18335 0.9724396969493264 1833.5
18336 0.9724488070552205 1833.6
18337 0.9724579088776745 1833.7
18338 0.9724670015074555 1833.8
18339 0.9724760845064029 1833.9
18340 0.9724851520123424 1834
18341 0.9724941965437416 1834.1
18342 0.9725032331487731 1834.2
18343 0.9725118467132122 1834.3
18344 0.9725202749510864 1834.4
18345 0.9725287549466662 1834.5
18346 0.9725372299881618 1834.6
18347 0.9725456172419056 1834.7
18348 0.972554069424225 1834.8
18349 0.9725625830282723 1834.9
18350 0.9725711548973383 1835
18351 0.9725797823131417 1835.1
18352 0.9725884630447446 1835.2
18353 0.9725971953298116 1835.3
18354 0.9726059777653185 1835.4
18355 0.9726148092595269 1835.5
18356 0.972623688938277 1835.6
18357 0.9726326160300757 1835.7
18358 0.9726415899008466 1835.8
18359 0.9726506095544394 1835.9
18360 0.9726596735858013 1836
18361 0.9726687800628833 1836.1
18362 0.9726778823718399 1836.2
18363 0.9726868353844993 1836.3
18364 0.9726956658419078 1836.4
18365 0.9727045320014583 1836.5
18366 0.972713362004893 1836.6
18367 0.972722149665475 1836.7
18368 0.9727309673000033 1836.8
18369 0.9727398139587188 1836.9
18370 0.9727486877639984 1837
18371 0.9727575860741947 1837.1
18372 0.9727665055608296 1837.2
18373 0.9727754423251472 1837.3
18374 0.9727843960144523 1837.4
18375 0.972793363265517 1837.5
18376 0.9728023354552304 1837.6
18377 0.9728113078959754 1837.7
18378 0.9728202782623918 1837.8
18379 0.9728292462206756 1837.9
18380 0.9728382079437872 1838
18381 0.9728469498733492 1838.1
18382 0.9728553624786637 1838.2
18383 0.9728637440378747 1838.3
18384 0.9728721343133234 1838.4
18385 0.9728805408855346 1838.5
18386 0.9728889701537754 1838.6
18387 0.9728974272907109 1838.7
18388 0.9729059171305511 1838.8
18389 0.9729144443991351 1838.9
18390 0.9729230137880054 1839
18391 0.9729316299188113 1839.1
18392 0.9729402972192074 1839.2
18393 0.9729490197688584 1839.3
18394 0.9729577990045165 1839.4
18395 0.9729666437636892 1839.5
18396 0.9729755512057737 1839.6
18397 0.972984523335947 1839.7
18398 0.9729935603383145 1839.8
18399 0.9730026586009864 1839.9
18400 0.9730118137849249 1840
18401 0.9730210235936404 1840.1
18402 0.9730302771553592 1840.2
18403 0.9730395715665632 1840.3
18404 0.9730489042374697 1840.4
18405 0.9730582719752067 1840.5
18406 0.973067671671354 1840.6
18407 0.9730771006853604 1840.7
18408 0.9730865570759697 1840.8
18409 0.9730960397441316 1840.9
18410 0.9731055475670087 1841
18411 0.9731145605203481 1841.1
18412 0.9731232805013399 1841.2
18413 0.973132093206752 1841.3
18414 0.9731409938019977 1841.4
18415 0.9731499842425776 1841.5
18416 0.9731590673713653 1841.6
18417 0.9731682461976816 1841.7
18418 0.973177523261236 1841.8
18419 0.9731869005329129 1841.9
18420 0.9731963866568413 1842
18421 0.9732059858303267 1842.1
18422 0.9732156764558929 1842.2
18423 0.9732254603963023 1842.3
18424 0.9732353504849236 1842.4
18425 0.9732453428110276 1842.5
18426 0.9732554324662036 1842.6
18427 0.9732656132986659 1842.7
18428 0.973275878242654 1842.8
18429 0.9732862194053473 1842.9
18430 0.9732966307424422 1843
18431 0.9733071054220844 1843.1
18432 0.973317633072307 1843.2
18433 0.9733282013268476 1843.3
18434 0.9733387974831844 1843.4
18435 0.9733494094504584 1843.5
18436 0.9733600257924478 1843.6
18437 0.9733706357874238 1843.7
18438 0.9733812296376027 1843.8
18439 0.9733917983362208 1843.9
18440 0.9734023338044722 1844
18441 0.9734128289498395 1844.1
18442 0.9734232779050472 1844.2
18443 0.9734334892689261 1844.3
18444 0.9734433731700274 1844.4
18445 0.9734532397821918 1844.5
18446 0.9734630912417152 1844.6
18447 0.9734729284088249 1844.7
18448 0.9734827517601298 1844.8
18449 0.9734925609571942 1844.9
18450 0.9735023562166494 1845
18451 0.9735121383401707 1845.1
18452 0.9735219087993435 1845.2
18453 0.9735316696259526 1845.3
18454 0.9735414228707687 1845.4
18455 0.9735511705456494 1845.5
18456 0.9735609145213563 1845.6
18457 0.9735706566926744 1845.7
18458 0.9735803975889392 1845.8
18459 0.9735898071835102 1845.9
18460 0.9735992593472593 1846
18461 0.9736087528718911 1846.1
18462 0.9736182860264302 1846.2
18463 0.9736278568307533 1846.3
18464 0.9736374633866317 1846.4
18465 0.9736471038934467 1846.5
18466 0.9736567766559369 1846.6
18467 0.973666480106164 1846.7
18468 0.9736762128504588 1846.8
18469 0.9736859736509734 1846.9
18470 0.9736957614453328 1847
18471 0.9737055753405781 1847.1
18472 0.973715414615155 1847.2
18473 0.9737252787317114 1847.3
18474 0.9737351678520308 1847.4
18475 0.9737450485173695 1847.5
18476 0.973754796362497 1847.6
18477 0.9737645843721127 1847.7
18478 0.9737744112310065 1847.8
18479 0.973784275693436 1847.9
18480 0.9737941768983701 1848
18481 0.9738041146271862 1848.1
18482 0.9738140893168956 1848.2
18483 0.9738241020058224 1848.3
18484 0.9738341543289339 1848.4
18485 0.9738442485335224 1848.5
18486 0.9738543811862491 1848.6
18487 0.9738645561705781 1848.7
18488 0.9738747779168266 1848.8
18489 0.9738850508239778 1848.9
18490 0.9738953790686596 1849
18491 0.9739057662320136 1849.1
18492 0.9739162110640792 1849.2
18493 0.9739266692621565 1849.3
18494 0.9739371975109272 1849.4
18495 0.9739477923458856 1849.5
18496 0.9739584482031329 1849.6
18497 0.9739691576536282 1849.7
18498 0.9739799118570868 1849.8
18499 0.9739907010939162 1849.9
18500 0.9740015125637899 1850
18501 0.9740123213876533 1850.1
18502 0.9740227697494572 1850.2
18503 0.9740331346724815 1850.3
18504 0.9740435252388804 1850.4
18505 0.974053940725501 1850.5
18506 0.9740643819589031 1850.6
18507 0.9740748501483028 1850.7
18508 0.9740845948426032 1850.8
18509 0.9740941675931255 1850.9
18510 0.974103839073456 1851
18511 0.9741136023514263 1851.1
18512 0.9741234497477267 1851.2
18513 0.9741333737230831 1851.3
18514 0.9741433671956847 1851.4
18515 0.9741534235256741 1851.5
18516 0.9741635434289068 1851.6
18517 0.9741737240794257 1851.7
18518 0.9741839298379318 1851.8
18519 0.9741941479214261 1851.9
18520 0.9742044073963754 1852
18521 0.9742138694010429 1852.1
18522 0.9742234540020208 1852.2
18523 0.9742330516276063 1852.3
18524 0.9742427544872363 1852.4
18525 0.9742525471600277 1852.5
18526 0.9742624443093719 1852.6
18527 0.9742724432590585 1852.7
18528 0.9742825418974131 1852.8
18529 0.9742927389859917 1852.9
18530 0.9743019619208738 1853
18531 0.9743112466952519 1853.1
18532 0.9743206785449842 1853.2
18533 0.9743302600652928 1853.3
18534 0.9743399943048964 1853.4
18535 0.9743498846591323 1853.5
18536 0.9743599355335855 1853.6
18537 0.9743701500204701 1853.7
18538 0.9743805296781626 1853.8
18539 0.9743910747066539 1853.9
18540 0.9744017676054567 1854
18541 0.9744125804174976 1854.1
18542 0.9744235549960722 1854.2
18543 0.9744346832980274 1854.3
18544 0.9744459561940708 1854.4
18545 0.9744573641229808 1854.5
18546 0.9744688974380956 1854.6
18547 0.9744805458089247 1854.7
18548 0.9744922917254901 1854.8
18549 0.9745037873974617 1854.9
18550 0.9745144385661185 1855
18551 0.9745252008940325 1855.1
18552 0.9745360581317785 1855.2
18553 0.9745465799914461 1855.3
18554 0.9745569011910515 1855.4
18555 0.9745672901676712 1855.5
18556 0.9745777442552856 1855.6
18557 0.9745882600074742 1855.7
18558 0.9745988341705024 1855.8
18559 0.9746094640428022 1855.9
18560 0.9746201462310934 1856
18561 0.9746308800018741 1856.1
18562 0.974641579165059 1856.2
18563 0.974652271553355 1856.3
18564 0.9746630122071714 1856.4
18565 0.9746738043557794 1856.5
18566 0.9746846264236819 1856.6
18567 0.9746955026387539 1856.7
18568 0.974705802836669 1856.8
18569 0.974715694190488 1856.9
18570 0.9747256899231208 1857
18571 0.9747357644320651 1857.1
18572 0.9747459228994172 1857.2
18573 0.9747561511605164 1857.3
18574 0.9747664373279432 1857.4
18575 0.9747767721212035 1857.5
18576 0.9747871481051364 1857.6
18577 0.9747975572030046 1857.7
18578 0.9748079917667705 1857.8
18579 0.9748184446090608 1857.9
18580 0.9748289092676913 1858
18581 0.9748393812213153 1858.1
18582 0.9748498579888822 1858.2
18583 0.9748603343830454 1858.3
18584 0.9748708058841365 1858.4
18585 0.9748812698428199 1858.5
18586 0.9748917245367376 1858.6
18587 0.9749021690640214 1858.7
18588 0.974912603467013 1858.8
18589 0.9749230287289378 1858.9
18590 0.9749334467292258 1859
18591 0.9749435702417447 1859.1
18592 0.9749526320910249 1859.2
18593 0.974961673526154 1859.3
18594 0.9749708177164155 1859.4
18595 0.9749800564441515 1859.5
18596 0.9749893817344506 1859.6
18597 0.9749987869630108 1859.7
18598 0.9750082667460289 1859.8
18599 0.9750178164956959 1859.9
18600 0.9750274317612596 1860
18601 0.9750371087067664 1860.1
18602 0.9750468440005844 1860.2
18603 0.9750565487265894 1860.3
18604 0.9750661944813983 1860.4
18605 0.9750759074869321 1860.5
18606 0.9750856816910827 1860.6
18607 0.975095510814862 1860.7
18608 0.9751053886459078 1860.8
18609 0.975115309177898 1860.9
18610 0.9751252665599538 1861
18611 0.9751352550411314 1861.1
18612 0.9751452689109829 1861.2
18613 0.9751553025165753 1861.3
18614 0.9751653230212322 1861.4
18615 0.9751753423485177 1861.5
18616 0.9751853648753053 1861.6
18617 0.9751953860863827 1861.7
18618 0.9752053986611785 1861.8
18619 0.9752154023952208 1861.9
18620 0.9752253581951761 1862
18621 0.9752351746703618 1862.1
18622 0.9752450042110203 1862.2
18623 0.9752547036229575 1862.3
18624 0.9752644007164538 1862.4
18625 0.9752741159849723 1862.5
18626 0.9752838469245345 1862.6
18627 0.9752932131796176 1862.7
18628 0.9753021655214398 1862.8
18629 0.9753112018599198 1862.9
18630 0.9753201629336288 1863
18631 0.9753291129866479 1863.1
18632 0.9753381210590963 1863.2
18633 0.9753471838114979 1863.3
18634 0.9753562978781766 1863.4
18635 0.9753654598256193 1863.5
18636 0.9753746658333641 1863.6
18637 0.9753839117047346 1863.7
18638 0.975393184083302 1863.8
18639 0.9754023577391137 1863.9
18640 0.9754115447226183 1864
18641 0.9754207408597383 1864.1
18642 0.9754299414980887 1864.2
18643 0.9754391417025263 1864.3
18644 0.9754483365550727 1864.4
18645 0.9754575212993627 1864.5
18646 0.9754666915280921 1864.6
18647 0.9754758433613718 1864.7
18648 0.9754849735727783 1864.8
18649 0.9754940797044275 1864.9
18650 0.9755030981730153 1865
18651 0.9755116622703865 1865.1
18652 0.9755202054830278 1865.2
18653 0.9755287354920421 1865.3
18654 0.9755372585021078 1865.4
18655 0.9755457797921804 1865.5
18656 0.9755542993944288 1865.6
18657 0.9755626829318061 1865.7
18658 0.9755710886186316 1865.8
18659 0.975579519087539 1865.9
18660 0.9755879768527961 1866
18661 0.9755964644706433 1866.1
18662 0.9756049851786747 1866.2
18663 0.9756135439935576 1866.3
18664 0.9756221438452989 1866.4
18665 0.9756307876778042 1866.5
18666 0.9756394785211753 1866.6
18667 0.9756482195428643 1866.7
18668 0.9756570140713231 1866.8
18669 0.9756658655760287 1866.9
18670 0.9756747776385837 1867
18671 0.9756837434217929 1867.1
18672 0.9756927131224417 1867.2
18673 0.9757017682018133 1867.3
18674 0.9757109115901595 1867.4
18675 0.9757201458132758 1867.5
18676 0.975729472876077 1867.6
18677 0.9757388940946677 1867.7
18678 0.9757484099302907 1867.8
18679 0.9757580183550499 1867.9
18680 0.9757677141565867 1868
18681 0.9757774934042721 1868.1
18682 0.9757873163115802 1868.2
18683 0.975797206365892 1868.3
18684 0.9758071702180533 1868.4
18685 0.9758171853743722 1868.5
18686 0.9758272238521417 1868.6
18687 0.97583730446803 1868.7
18688 0.9758474162792264 1868.8
18689 0.9758575495848648 1868.9
18690 0.9758676940187603 1869
18691 0.9758778392190387 1869.1
18692 0.9758879752272887 1869.2
18693 0.975898092772009 1869.3
18694 0.9759081834508337 1869.4
18695 0.9759182398136808 1869.5
18696 0.9759280831650813 1869.6
18697 0.9759373637560053 1869.7
18698 0.9759466461007535 1869.8
18699 0.9759555324595501 1869.9
18700 0.9759642775347857 1870
18701 0.975973067430988 1870.1
18702 0.9759818950257124 1870.2
18703 0.9759907544426769 1870.3
18704 0.9759996440132719 1870.4
18705 0.9760085557918231 1870.5
18706 0.9760174825651287 1870.6
18707 0.9760263894713237 1870.7
18708 0.9760352581656092 1870.8
18709 0.9760441274877151 1870.9
18710 0.9760529934127703 1871
18711 0.9760618528448043 1871.1
18712 0.976070703552176 1871.2
18713 0.9760795002467568 1871.3
18714 0.9760878154505249 1871.4
18715 0.9760961401070138 1871.5
18716 0.9761045099461058 1871.6
18717 0.9761129241501907 1871.7
18718 0.9761213807692636 1871.8
18719 0.9761298771942425 1871.9
18720 0.9761384110714959 1872
18721 0.9761469804133602 1872.1
18722 0.9761555831062474 1872.2
18723 0.9761642171188536 1872.3
18724 0.9761728805983797 1872.4
18725 0.9761815718977755 1872.5
18726 0.9761902895526918 1872.6
18727 0.9761990330396512 1872.7
18728 0.9762077961935265 1872.8
18729 0.9762165335000221 1872.9
18730 0.9762252974290726 1873
18731 0.9762340866085633 1873.1
18732 0.9762428997061025 1873.2
18733 0.9762517354242971 1873.3
18734 0.9762605924827272 1873.4
18735 0.9762694696059263 1873.5
18736 0.9762783655171503 1873.6
18737 0.9762872789432169 1873.7
18738 0.9762962086309779 1873.8
18739 0.9763051533412408 1873.9
18740 0.9763141118671896 1874
18741 0.9763230830401465 1874.1
18742 0.9763320657448207 1874.2
18743 0.9763410589527594 1874.3
18744 0.9763500617031394 1874.4
18745 0.9763590697578621 1874.5
18746 0.9763680564046623 1874.6
18747 0.9763770532912857 1874.7
18748 0.9763860597913978 1874.8
18749 0.9763950754320003 1874.9
18750 0.9764040999016503 1875
18751 0.9764131330501198 1875.1
18752 0.9764221748858235 1875.2
18753 0.9764312255719179 1875.3
18754 0.9764402854220562 1875.4
18755 0.976449355000525 1875.5
18756 0.9764584351545627 1875.6
18757 0.9764675270363076 1875.7
18758 0.9764766314138316 1875.8
18759 0.9764857491547165 1875.9
18760 0.9764948812419711 1876
18761 0.9765040287702985 1876.1
18762 0.9765131929474847 1876.2
18763 0.9765223750914581 1876.3
18764 0.9765315766253612 1876.4
18765 0.9765407990780898 1876.5
18766 0.9765500440736096 1876.6
18767 0.9765593133474642 1876.7
18768 0.9765686087871637 1876.8
18769 0.9765779323603787 1876.9
18770 0.9765872861031986 1877
18771 0.9765962913566874 1877.1
18772 0.9766052788158391 1877.2
18773 0.9766142639161175 1877.3
18774 0.9766233115350648 1877.4
18775 0.9766324201384434 1877.5
18776 0.9766415877007946 1877.6
18777 0.9766508121847001 1877.7
18778 0.9766600920492962 1877.8
18779 0.9766694158252034 1877.9
18780 0.9766787821695532 1878
18781 0.9766882022368771 1878.1
18782 0.9766976745547477 1878.2
18783 0.9767071980755824 1878.3
18784 0.9767167718908883 1878.4
18785 0.9767263947324926 1878.5
18786 0.9767360653385301 1878.6
18787 0.9767457824548653 1878.7
18788 0.9767555016411342 1878.8
18789 0.976764917273657 1878.9
18790 0.9767738660607839 1879
18791 0.9767829249147975 1879.1
18792 0.9767920890718047 1879.2
18793 0.9768013524946438 1879.3
18794 0.9768107089010721 1879.4
18795 0.9768201524404238 1879.5
18796 0.9768296765406863 1879.6
18797 0.9768392726361437 1879.7
18798 0.9768487783997297 1879.8
18799 0.9768574060894557 1879.9
18800 0.9768661174148151 1880
18801 0.9768749027671564 1880.1
18802 0.9768836890805309 1880.2
18803 0.9768925033261517 1880.3
18804 0.9769013594343943 1880.4
18805 0.976910250297376 1880.5
18806 0.9769191687012545 1880.6
18807 0.9769281081658305 1880.7
18808 0.9769370632709768 1880.8
18809 0.9769460302259227 1880.9
18810 0.9769550049464206 1881
18811 0.9769639402065281 1881.1
18812 0.9769725283203005 1881.2
18813 0.9769804699631315 1881.3
18814 0.9769884911154105 1881.4
18815 0.9769965926536383 1881.5
18816 0.9770046106982906 1881.6
18817 0.9770126335615134 1881.7
18818 0.9770207780259669 1881.8
18819 0.9770290365083917 1881.9
18820 0.977037401779721 1882
18821 0.9770458668990463 1882.1
18822 0.9770544261163561 1882.2
18823 0.9770630756204175 1882.3
18824 0.9770718099572605 1882.4
18825 0.9770806234118063 1882.5
18826 0.9770894762665696 1882.6
18827 0.9770983835516931 1882.7
18828 0.977107353508994 1882.8
18829 0.9771163714918347 1882.9
18830 0.9771254225783075 1883
18831 0.9771345176572075 1883.1
18832 0.9771436494593038 1883.2
18833 0.9771528103897688 1883.3
18834 0.9771619926935302 1883.4
18835 0.9771711886522471 1883.5
18836 0.9771803908671037 1883.6
18837 0.977189179522028 1883.7
18838 0.9771978305323148 1883.8
18839 0.9772064653191052 1883.9
18840 0.9772150849052125 1884
18841 0.9772236900288883 1884.1
18842 0.9772322816137567 1884.2
18843 0.9772408609231834 1884.3
18844 0.9772494288596787 1884.4
18845 0.9772579871162049 1884.5
18846 0.9772665388197984 1884.6
18847 0.9772750873139202 1884.7
18848 0.9772836358404651 1884.8
18849 0.9772921875775561 1884.9
18850 0.9773007456321319 1885
18851 0.977309313039729 1885.1
18852 0.9773178924568129 1885.2
18853 0.9773264862927846 1885.3
18854 0.9773350972056086 1885.4
18855 0.9773435931256043 1885.5
18856 0.9773520579428878 1885.6
18857 0.9773605625863656 1885.7
18858 0.9773691078876413 1885.8
18859 0.9773776947121714 1885.9
18860 0.977386324037094 1886
18861 0.9773949971786148 1886.1
18862 0.9774037157581031 1886.2
18863 0.9774124816792197 1886.3
18864 0.9774212970427213 1886.4
18865 0.9774301513874579 1886.5
18866 0.9774390164226875 1886.6
18867 0.9774479381846296 1886.7
18868 0.9774569176056284 1886.8
18869 0.977465954915359 1886.9
18870 0.9774750485098875 1887
18871 0.9774841730792778 1887.1
18872 0.9774933508611642 1887.2
18873 0.9775025777693225 1887.3
18874 0.9775118487863693 1887.4
18875 0.9775211582163736 1887.5
18876 0.9775304999827064 1887.6
18877 0.9775397267217832 1887.7
18878 0.9775486903621592 1887.8
18879 0.977557713679175 1887.9
18880 0.9775667895929209 1888
18881 0.9775759119419011 1888.1
18882 0.9775850755728153 1888.2
18883 0.977594276558637 1888.3
18884 0.977603513752979 1888.4
18885 0.9776121991278653 1888.5
18886 0.9776205600855533 1888.6
18887 0.9776290219573758 1888.7
18888 0.9776375790265149 1888.8
18889 0.9776462105571539 1888.9
18890 0.977654876073426 1889
18891 0.9776636229674804 1889.1
18892 0.9776724469591774 1889.2
18893 0.9776813448023264 1889.3
18894 0.9776903137638702 1889.4
18895 0.9776993520221799 1889.5
18896 0.9777084586167101 1889.6
18897 0.9777176333428549 1889.7
18898 0.9777268766336423 1889.8
18899 0.9777361894589814 1889.9
18900 0.9777455732516043 1890
18901 0.9777550296645917 1890.1
18902 0.9777645606796975 1890.2
18903 0.9777741688375959 1890.3
18904 0.9777838570769827 1890.4
18905 0.977793627404515 1890.5
18906 0.9778034815027941 1890.6
18907 0.9778132666107617 1890.7
18908 0.977823067196876 1890.8
18909 0.9778329081515457 1890.9
18910 0.9778427949461699 1891
18911 0.9778527750163305 1891.1
18912 0.9778628484381601 1891.2
18913 0.9778730134760486 1891.3
18914 0.9778832662766711 1891.4
18915 0.9778936009353217 1891.5
18916 0.9779040097165106 1891.6
18917 0.9779144831500184 1891.7
18918 0.9779250104408089 1891.8
18919 0.977935580493173 1891.9
18920 0.9779461810982094 1892
18921 0.9779567996066529 1892.1
18922 0.9779674253825288 1892.2
18923 0.9779780496532204 1892.3
18924 0.9779886623591048 1892.4
18925 0.9779992547153445 1892.5
18926 0.9780098201385875 1892.6
18927 0.9780196974971296 1892.7
18928 0.97802910785825 1892.8
18929 0.978038552361825 1892.9
18930 0.9780477340792396 1893
18931 0.9780567055072774 1893.1
18932 0.9780657205265985 1893.2
18933 0.9780747820750759 1893.3
18934 0.9780838922205551 1893.4
18935 0.9780930522396567 1893.5
18936 0.9781022634205739 1893.6
18937 0.9781115269161429 1893.7
18938 0.978120844234261 1893.8
18939 0.9781302172209554 1893.9
18940 0.9781396291924404 1894
18941 0.978148990334092 1894.1
18942 0.9781584062149307 1894.2
18943 0.9781678792549492 1894.3
18944 0.9781774116071337 1894.4
18945 0.9781870051825992 1894.5
18946 0.9781966618120956 1894.6
18947 0.9782063663693141 1894.7
18948 0.9782161265778443 1894.8
18949 0.9782259490323323 1894.9
18950 0.9782358330559943 1895
18951 0.9782457776443243 1895.1
18952 0.9782557808629182 1895.2
18953 0.9782658396229381 1895.3
18954 0.9782759499128743 1895.4
18955 0.9782861069608322 1895.5
18956 0.9782963053375143 1895.6
18957 0.9783065390795133 1895.7
18958 0.9783168017600939 1895.8
18959 0.9783270867633919 1895.9
18960 0.9783373876771295 1896
18961 0.9783476989944124 1896.1
18962 0.9783580181823504 1896.2
18963 0.97836834001205 1896.3
18964 0.9783786598487144 1896.4
18965 0.9783889206198033 1896.5
18966 0.9783990144869659 1896.6
18967 0.9784091125871992 1896.7
18968 0.9784192121836262 1896.8
18969 0.9784293112325624 1896.9
18970 0.9784394086153049 1897
18971 0.9784490230506012 1897.1
18972 0.9784583992272907 1897.2
18973 0.978467854778361 1897.3
18974 0.9784773845129729 1897.4
18975 0.9784869831049419 1897.5
18976 0.9784966444927353 1897.6
18977 0.9785063623223885 1897.7
18978 0.9785161299486393 1897.8
18979 0.9785259491360253 1897.9
18980 0.9785358129600474 1898
18981 0.9785457127909888 1898.1
18982 0.9785556395858103 1898.2
18983 0.9785655841099248 1898.3
18984 0.9785755371820717 1898.4
18985 0.9785854903371342 1898.5
18986 0.9785954353619329 1898.6
18987 0.9786053645130784 1898.7
18988 0.9786152709886698 1898.8
18989 0.9786251492045015 1898.9
18990 0.9786349949183943 1899
18991 0.978644805161601 1899.1
18992 0.9786545671330523 1899.2
18993 0.9786641747314185 1899.3
18994 0.9786732754508755 1899.4
18995 0.9786820162239497 1899.5
18996 0.9786905341446738 1899.6
18997 0.9786991193090292 1899.7
18998 0.9787077692457093 1899.8
18999 0.978716489640955 1899.9
19000 0.9787252764405919 1900
19001 0.978734124981958 1900.1
19002 0.9787430307126902 1900.2
19003 0.9787519894909089 1900.3
19004 0.9787609976992732 1900.4
19005 0.9787700522940807 1900.5
19006 0.9787791507365451 1900.6
19007 0.9787882905964875 1900.7
19008 0.9787974701170277 1900.8
19009 0.978806688162024 1900.9
19010 0.9788159442511972 1901
19011 0.9788252380754831 1901.1
19012 0.978834569434221 1901.2
19013 0.9788439381564452 1901.3
19014 0.9788533439481948 1901.4
19015 0.9788627862288076 1901.5
19016 0.9788722641073042 1901.6
19017 0.9788817759536002 1901.7
19018 0.9788913194163541 1901.8
19019 0.9789008916757904 1901.9
19020 0.9789104894398624 1902
19021 0.978920108875199 1902.1
19022 0.9789297455640353 1902.2
19023 0.9789393945153408 1902.3
19024 0.9789490503365689 1902.4
19025 0.9789587083902761 1902.5
19026 0.9789683634120531 1902.6
19027 0.9789780121198035 1902.7
19028 0.9789876481006335 1902.8
19029 0.9789972647696509 1902.9
19030 0.979006856359585 1903
19031 0.9790164178593267 1903.1
19032 0.9790259449208718 1903.2
19033 0.9790354339228688 1903.3
19034 0.9790448821823815 1903.4
19035 0.9790542875262079 1903.5
19036 0.979063648339157 1903.6
19037 0.9790729635457346 1903.7
19038 0.9790822325617469 1903.8
19039 0.9790914552556695 1903.9
19040 0.9791006319761956 1904
19041 0.9791097632528911 1904.1
19042 0.9791188498110384 1904.2
19043 0.9791275791664494 1904.3
19044 0.9791359452098138 1904.4
19045 0.9791443334419039 1904.5
19046 0.9791527390185384 1904.6
19047 0.9791611569148181 1904.7
19048 0.9791695821675183 1904.8
19049 0.9791778769118339 1904.9
19050 0.9791858523086698 1905
19051 0.9791938614855138 1905.1
19052 0.9792019008472779 1905.2
19053 0.9792099651947077 1905.3
19054 0.9792180487875354 1905.4
19055 0.9792261460037005 1905.5
19056 0.9792342517594325 1905.6
19057 0.9792423616278403 1905.7
19058 0.9792504718882742 1905.8
19059 0.9792585794789008 1905.9
19060 0.9792666820131022 1906
19061 0.9792747776574319 1906.1
19062 0.9792828649672631 1906.2
19063 0.9792909428868115 1906.3
19064 0.9792989182505691 1906.4
19065 0.9793068182619585 1906.5
19066 0.979314716643053 1906.6
19067 0.9793223056834446 1906.7
19068 0.9793294276951899 1906.8
19069 0.9793366096524949 1906.9
19070 0.9793438465089159 1907
19071 0.979351132028243 1907.1
19072 0.9793584602377882 1907.2
19073 0.9793658262941293 1907.3
19074 0.979373225570155 1907.4
19075 0.9793806539912994 1907.5
19076 0.9793879694202421 1907.6
19077 0.9793944056120363 1907.7
19078 0.9794009031170673 1907.8
19079 0.979407460799425 1907.9
19080 0.97941407758792 1908
19081 0.9794207525227635 1908.1
19082 0.9794274847454809 1908.2
19083 0.9794342643702779 1908.3
19084 0.97944108827534 1908.4
19085 0.9794479677986533 1908.5
19086 0.9794549023813827 1908.6
19087 0.9794618915372925 1908.7
19088 0.9794689348583445 1908.8
19089 0.9794760075102076 1908.9
19090 0.9794830925779403 1909
19091 0.9794902361585806 1909.1
19092 0.9794974380140214 1909.2
19093 0.9795046698138101 1909.3
19094 0.9795118554170613 1909.4
19095 0.9795190800984365 1909.5
19096 0.9795263834521331 1909.6
19097 0.9795337660723077 1909.7
19098 0.9795412288212546 1909.8
19099 0.9795487728429699 1909.9
19100 0.9795563995740824 1910
19101 0.9795641107529246 1910.1
19102 0.9795719084674009 1910.2
19103 0.9795797950422405 1910.3
19104 0.9795877729396671 1910.4
19105 0.979595844579452 1910.5
19106 0.9796040123878074 1910.6
19107 0.9796122785394595 1910.7
19108 0.9796206493353706 1910.8
19109 0.9796290773230188 1910.9
19110 0.9796375399375157 1911
19111 0.9796460952297416 1911.1
19112 0.9796547428254917 1911.2
19113 0.9796634814700977 1911.3
19114 0.9796723091139091 1911.4
19115 0.9796812230377945 1911.5
19116 0.9796902201017279 1911.6
19117 0.9796992973487668 1911.7
19118 0.9797084518260841 1911.8
19119 0.9797176793885428 1911.9
19120 0.9797269758274073 1912
19121 0.9797363369422383 1912.1
19122 0.9797457589373983 1912.2
19123 0.9797552386426429 1912.3
19124 0.9797647735038566 1912.4
19125 0.9797743619672282 1912.5
19126 0.9797840000965996 1912.6
19127 0.9797934439708125 1912.7
19128 0.9798026127650731 1912.8
19129 0.9798118658842623 1912.9
19130 0.979821142620987 1913
19131 0.979830275177904 1913.1
19132 0.9798390725889127 1913.2
19133 0.9798479047301722 1913.3
19134 0.9798567223354663 1913.4
19135 0.9798653665648485 1913.5
19136 0.9798740107235574 1913.6
19137 0.9798826475246284 1913.7
19138 0.9798912595299858 1913.8
19139 0.9798998655009982 1913.9
19140 0.9799084628578062 1914
19141 0.9799170500163384 1914.1
19142 0.9799256254183694 1914.2
19143 0.9799341877227867 1914.3
19144 0.9799427367166677 1914.4
19145 0.9799512719088947 1914.5
19146 0.9799597926505367 1914.6
19147 0.9799682985597602 1914.7
19148 0.9799767895922831 1914.8
19149 0.9799852654684564 1914.9
19150 0.9799937264372589 1915
19151 0.9800021731511537 1915.1
19152 0.9800106064970024 1915.2
19153 0.980019027492687 1915.3
19154 0.9800274372062536 1915.4
19155 0.9800358367238193 1915.5
19156 0.9800442271817388 1915.6
19157 0.9800526097375649 1915.7
19158 0.9800609856293673 1915.8
19159 0.9800693560354948 1915.9
19160 0.9800777220972513 1916
19161 0.9800859612150393 1916.1
19162 0.9800939070195998 1916.2
19163 0.9801018438177675 1916.3
19164 0.9801098110432543 1916.4
19165 0.9801176121303043 1916.5
19166 0.9801253978786825 1916.6
19167 0.9801332146864959 1916.7
19168 0.9801410606037868 1916.8
19169 0.9801489337488853 1916.9
19170 0.98015683239535 1917
19171 0.980164755030418 1917.1
19172 0.9801726650575791 1917.2
19173 0.9801802636769993 1917.3
19174 0.9801879267993453 1917.4
19175 0.9801956527907465 1917.5
19176 0.9802034395009865 1917.6
19177 0.9802112851623409 1917.7
19178 0.9802191883174085 1917.8
19179 0.9802271476685148 1917.9
19180 0.9802351620743922 1918
19181 0.9802432305927434 1918.1
19182 0.9802513524415118 1918.2
19183 0.9802595270170428 1918.3
19184 0.98026775398967 1918.4
19185 0.9802760331156638 1918.5
19186 0.9802843642477123 1918.6
19187 0.980292747370725 1918.7
19188 0.9803011825815188 1918.8
19189 0.9803096700381088 1918.9
19190 0.9803182099088694 1919
19191 0.9803268023437699 1919.1
19192 0.9803354473920152 1919.2
19193 0.9803440649089478 1919.3
19194 0.9803525228078859 1919.4
19195 0.9803610220388145 1919.5
19196 0.980369566230279 1919.6
19197 0.9803781593297552 1919.7
19198 0.9803868054829563 1919.8
19199 0.9803955095770995 1919.9
19200 0.9804042753679451 1920
19201 0.980413105978624 1920.1
19202 0.9804220040509466 1920.2
19203 0.9804309716477467 1920.3
19204 0.9804400103581462 1920.4
19205 0.9804491211171382 1920.5
19206 0.9804583040903166 1920.6
19207 0.9804675582898138 1920.7
19208 0.9804768812020171 1920.8
19209 0.9804862370059083 1920.9
19210 0.9804956366381434 1921
19211 0.9805050882249372 1921.1
19212 0.9805145822628257 1921.2
19213 0.9805241079877328 1921.3
19214 0.9805336536823146 1921.4
19215 0.9805432071665497 1921.5
19216 0.980552757836984 1921.6
19217 0.9805622947286631 1921.7
19218 0.9805718053442566 1921.8
19219 0.9805810912758645 1921.9
19220 0.9805902867731534 1922
19221 0.9805989567792361 1922.1
19222 0.980607611461668 1922.2
19223 0.9806162503513236 1922.3
19224 0.9806248726095242 1922.4
19225 0.9806334774018165 1922.5
19226 0.9806412692909374 1922.6
19227 0.9806490828472395 1922.7
19228 0.9806569487940036 1922.8
19229 0.9806648634058999 1922.9
19230 0.9806728225594596 1923
19231 0.9806808223519778 1923.1
19232 0.9806888595500167 1923.2
19233 0.9806969314971403 1923.3
19234 0.9807050360244031 1923.4
19235 0.9807131714729452 1923.5
19236 0.9807213366721051 1923.6
19237 0.9807295309037573 1923.7
19238 0.9807377539469873 1923.8
19239 0.98074600573615 1923.9
19240 0.980754286577344 1924
19241 0.98076259711223 1924.1
19242 0.980770938246775 1924.2
19243 0.9807793111094485 1924.3
19244 0.9807877169790298 1924.4
19245 0.9807961572195552 1924.5
19246 0.9808046332279887 1924.6
19247 0.980813146400857 1924.7
19248 0.9808216980806657 1924.8
19249 0.9808302898056381 1924.9
19250 0.9808389229272232 1925
19251 0.9808475982690725 1925.1
19252 0.9808563164351038 1925.2
19253 0.9808650778937218 1925.3
19254 0.9808738830248374 1925.4
19255 0.9808827321345526 1925.5
19256 0.9808916255079885 1925.6
19257 0.9809005635077637 1925.7
19258 0.9809095465603243 1925.8
19259 0.9809185751487497 1925.9
19260 0.9809276498192002 1926
19261 0.9809367120430329 1926.1
19262 0.9809458114062257 1926.2
19263 0.9809549616061571 1926.3
19264 0.9809641638947688 1926.4
19265 0.9809734198813228 1926.5
19266 0.9809827316324504 1926.6
19267 0.980992101719683 1926.7
19268 0.9810015332577635 1926.8
19269 0.9810110298840684 1926.9
19270 0.9810205957464859 1927
19271 0.9810302353880238 1927.1
19272 0.9810399537434068 1927.2
19273 0.9810497552077324 1927.3
19274 0.9810596436813999 1927.4
19275 0.9810696227207476 1927.5
19276 0.9810796948909695 1927.6
19277 0.9810898612753522 1927.7
19278 0.981100079808096 1927.8
19279 0.9811103340900891 1927.9
19280 0.9811206811682847 1928
19281 0.9811311135345728 1928.1
19282 0.9811416211872049 1928.2
19283 0.9811521927996888 1928.3
19284 0.9811626549112076 1928.4
19285 0.9811730901334459 1928.5
19286 0.9811835341511537 1928.6
19287 0.9811939816193006 1928.7
19288 0.9812041388260616 1928.8
19289 0.9812143330284769 1928.9
19290 0.9812245563046339 1929
19291 0.9812347993735444 1929.1
19292 0.9812450536271305 1929.2
19293 0.9812553096730464 1929.3
19294 0.9812655574674881 1929.4
19295 0.9812757873738394 1929.5
19296 0.9812859909762898 1929.6
19297 0.9812960481318839 1929.7
19298 0.9813060611935465 1929.8
19299 0.9813160356944217 1929.9
19300 0.9813258582365167 1930
19301 0.9813349074169996 1930.1
19302 0.9813436801063865 1930.2
19303 0.9813525082062506 1930.3
19304 0.9813613816693487 1930.4
19305 0.9813702913766671 1930.5
19306 0.9813790551248311 1930.6
19307 0.9813877510735689 1930.7
19308 0.9813964720798689 1930.8
19309 0.981405211348883 1930.9
19310 0.9814139627620249 1931
19311 0.981422721216089 1931.1
19312 0.9814314831745431 1931.2
19313 0.9814402452906513 1931.3
19314 0.9814490047789926 1931.4
19315 0.9814577593700646 1931.5
19316 0.9814665075182644 1931.6
19317 0.9814752482877533 1931.7
19318 0.981483981391856 1931.8
19319 0.9814927069850378 1931.9
19320 0.981501425212724 1932
19321 0.9815101363889885 1932.1
19322 0.9815188409678627 1932.2
19323 0.9815275394750861 1932.3
19324 0.9815362324977691 1932.4
19325 0.9815448523798875 1932.5
19326 0.9815533829480197 1932.6
19327 0.9815619114522226 1932.7
19328 0.9815704381828524 1932.8
19329 0.9815789633248182 1932.9
19330 0.9815874870739607 1933
19331 0.9815960097099413 1933.1
19332 0.9816045315251505 1933.2
19333 0.9816130529320353 1933.3
19334 0.9816215744494882 1933.4
19335 0.9816300967114843 1933.5
19336 0.9816386204738521 1933.6
19337 0.9816471466143882 1933.7
19338 0.9816556761335845 1933.8
19339 0.9816638695907661 1933.9
19340 0.9816719603408552 1934
19341 0.9816800969440982 1934.1
19342 0.9816882790321205 1934.2
19343 0.9816965048510103 1934.3
19344 0.9817047720652787 1934.4
19345 0.9817130783662888 1934.5
19346 0.9817214216945283 1934.6
19347 0.9817298003165221 1934.7
19348 0.9817382126366655 1934.8
19349 0.9817466572216069 1934.9
19350 0.9817551326256612 1935
19351 0.9817636371817791 1935.1
19352 0.9817721688187506 1935.2
19353 0.9817807248410336 1935.3
19354 0.9817893023235278 1935.4
19355 0.9817978978416516 1935.5
19356 0.9818058179267009 1935.6
19357 0.9818136524907624 1935.7
19358 0.9818215525600492 1935.8
19359 0.981829506901589 1935.9
19360 0.9818375036110387 1936
19361 0.9818455315818106 1936.1
19362 0.9818535804501075 1936.2
19363 0.9818616429313287 1936.3
19364 0.981869709332949 1936.4
19365 0.9818769894927849 1936.5
19366 0.9818840494626587 1936.6
19367 0.9818911320273148 1936.7
19368 0.981898233189016 1936.8
19369 0.9819053496861309 1936.9
19370 0.9819124788958049 1937
19371 0.9819196187587145 1937.1
19372 0.9819267676957799 1937.2
19373 0.9819339245297101 1937.3
19374 0.9819405986965072 1937.4
19375 0.9819470965765976 1937.5
19376 0.9819536662895958 1937.6
19377 0.981960302151881 1937.7
19378 0.9819669980316996 1937.8
19379 0.9819737479292322 1937.9
19380 0.9819805462796356 1938
19381 0.9819873881777472 1938.1
19382 0.9819942691717968 1938.2
19383 0.9820011853743902 1938.3
19384 0.9820081334221159 1938.4
19385 0.9820149524799259 1938.5
19386 0.9820217523104212 1938.6
19387 0.9820284689091503 1938.7
19388 0.9820352089205719 1938.8
19389 0.9820419940035036 1938.9
19390 0.9820488228516213 1939
19391 0.982055694141443 1939.1
19392 0.9820626065741415 1939.2
19393 0.9820695589391558 1939.3
19394 0.9820765501710216 1939.4
19395 0.9820835793691979 1939.5
19396 0.9820906458107543 1939.6
19397 0.9820977489513244 1939.7
19398 0.9821048884204343 1939.8
19399 0.9821120411809734 1939.9
19400 0.9821191973000772 1940
19401 0.9821263918028069 1940.1
19402 0.982133618878367 1940.2
19403 0.9821408108992772 1940.3
19404 0.9821480456046389 1940.4
19405 0.9821553232583633 1940.5
19406 0.9821626442092343 1940.6
19407 0.9821700088982837 1940.7
19408 0.9821774178560605 1940.8
19409 0.9821848716751685 1940.9
19410 0.9821923709786619 1941
19411 0.9821998537524026 1941.1
19412 0.9822072880852488 1941.2
19413 0.9822147600996927 1941.3
19414 0.9822222727723499 1941.4
19415 0.9822298293107065 1941.5
19416 0.9822374330554966 1941.6
19417 0.9822450873889986 1941.7
19418 0.9822527956477164 1941.8
19419 0.9822605610862575 1941.9
19420 0.9822683866702003 1942
19421 0.9822762750346816 1942.1
19422 0.9822842284402107 1942.2
19423 0.9822922489817769 1942.3
19424 0.9823003380270714 1942.4
19425 0.9823084961660402 1942.5
19426 0.9823167234359655 1942.6
19427 0.9823250193162663 1942.7
19428 0.9823333826675775 1942.8
19429 0.9823418116593158 1942.9
19430 0.9823503037091186 1943
19431 0.9823588554492965 1943.1
19432 0.9823674627546768 1943.2
19433 0.9823761208357751 1943.3
19434 0.9823848243837583 1943.4
19435 0.9823935677930788 1943.5
19436 0.9824022091329733 1943.6
19437 0.9824104337359969 1943.7
19438 0.9824186954675095 1943.8
19439 0.9824269929837449 1943.9
19440 0.9824353229332697 1944
19441 0.9824436810508799 1944.1
19442 0.9824520627951735 1944.2
19443 0.9824604638558769 1944.3
19444 0.9824688809930154 1944.4
19445 0.9824773120454141 1944.5
19446 0.9824857614103373 1944.6
19447 0.9824942307541086 1944.7
19448 0.9825027211741426 1944.8
19449 0.9825112340905474 1944.9
19450 0.9825196417424771 1945
19451 0.9825274780165261 1945.1
19452 0.9825353996852878 1945.2
19453 0.9825434049410172 1945.3
19454 0.9825514891380014 1945.4
19455 0.9825596472412588 1945.5
19456 0.9825678740130551 1945.6
19457 0.9825761559376806 1945.7
19458 0.9825844827299329 1945.8
19459 0.9825928633164809 1945.9
19460 0.982601292182908 1946
19461 0.9826097637097168 1946.1
19462 0.9826182314252919 1946.2
19463 0.982626587857529 1946.3
19464 0.9826349330970257 1946.4
19465 0.9826432328909083 1946.5
19466 0.9826515488212959 1946.6
19467 0.9826598786544438 1946.7
19468 0.9826682197800738 1946.8
19469 0.9826765693383008 1946.9
19470 0.982684924446158 1947
19471 0.9826932825056997 1947.1
19472 0.9827016411661003 1947.2
19473 0.9827099983251053 1947.3
19474 0.9827183521453386 1947.4
19475 0.9827267010766263 1947.5
19476 0.9827350438604122 1947.6
19477 0.9827433795313414 1947.7
19478 0.9827517074232767 1947.8
19479 0.9827600271664266 1947.9
19480 0.9827683386805383 1948
19481 0.9827766421575266 1948.1
19482 0.9827849380554095 1948.2
19483 0.9827931789361294 1948.3
19484 0.9828014365462066 1948.4
19485 0.9828097231954741 1948.5
19486 0.9828180381765123 1948.6
19487 0.9828263120290653 1948.7
19488 0.9828345322594392 1948.8
19489 0.9828423991777911 1948.9
19490 0.9828501483642047 1949
19491 0.9828579497596232 1949.1
19492 0.9828658018366396 1949.2
19493 0.9828737027971047 1949.3
19494 0.9828816375089947 1949.4
19495 0.9828893878735095 1949.5
19496 0.9828971914378202 1949.6
19497 0.9829050471041099 1949.7
19498 0.9829129529150528 1949.8
19499 0.982920906475712 1949.9
19500 0.9829289050584108 1950
19501 0.9829369456683764 1950.1
19502 0.9829450250675452 1950.2
19503 0.9829531397646916 1950.3
19504 0.9829612860227815 1950.4
19505 0.982969459888744 1950.5
19506 0.9829776572448515 1950.6
19507 0.9829858738627063 1950.7
19508 0.9829941054681058 1950.8
19509 0.9830023478184869 1950.9
19510 0.9830105967947684 1951
19511 0.9830188484816222 1951.1
19512 0.98302709924889 1951.2
19513 0.9830353458264582 1951.3
19514 0.9830435853671311 1951.4
19515 0.9830518154941164 1951.5
19516 0.98306003432898 1951.6
19517 0.9830682105359472 1951.7
19518 0.9830763640105604 1951.8
19519 0.9830845036947706 1951.9
19520 0.9830926296439438 1952
19521 0.9831002623381074 1952.1
19522 0.9831079064571409 1952.2
19523 0.9831155715588937 1952.3
19524 0.983123260152921 1952.4
19525 0.983130973857095 1952.5
19526 0.9831387139635623 1952.6
19527 0.9831464816658333 1952.7
19528 0.9831542782059443 1952.8
19529 0.9831621050169284 1952.9
19530 0.9831699636956612 1953
19531 0.9831778559951426 1953.1
19532 0.9831857839937735 1953.2
19533 0.9831937497489205 1953.3
19534 0.9832017553687145 1953.4
19535 0.9832098030545101 1953.5
19536 0.9832178503580671 1953.6
19537 0.9832259330830492 1953.7
19538 0.9832340661142758 1953.8
19539 0.9832422521271044 1953.9
19540 0.9832504939279767 1954
19541 0.9832587944359158 1954.1
19542 0.9832671566620682 1954.2
19543 0.9832755663250156 1954.3
19544 0.9832840106334942 1954.4
19545 0.9832925220621163 1954.5
19546 0.9833011034120483 1954.6
19547 0.9833097322893685 1954.7
19548 0.9833183995283777 1954.8
19549 0.9833271429925117 1954.9
19550 0.9833359618722425 1955
19551 0.9833448540641737 1955.1
19552 0.9833538160656802 1955.2
19553 0.9833628429008143 1955.3
19554 0.9833719281834589 1955.4
19555 0.9833810643044449 1955.5
19556 0.9833902063308 1955.6
19557 0.9833993522445328 1955.7
19558 0.9834085213756781 1955.8
19559 0.9834177032929271 1955.9
19560 0.9834268875261876 1956
19561 0.9834360637829077 1956.1
19562 0.9834452241352026 1956.2
19563 0.9834543617258258 1956.3
19564 0.9834634687837155 1956.4
19565 0.9834725081107791 1956.5
19566 0.983481483950564 1956.6
19567 0.9834904153159264 1956.7
19568 0.9834992996857599 1956.8
19569 0.983507987948766 1956.9
19570 0.9835158643139464 1957
19571 0.9835237784969372 1957.1
19572 0.9835317262262795 1957.2
19573 0.9835397023357965 1957.3
19574 0.9835477019133991 1957.4
19575 0.9835557208118207 1957.5
19576 0.9835637558254013 1957.6
19577 0.9835718047440297 1957.7
19578 0.9835798671833802 1957.8
19579 0.9835879425962994 1957.9
19580 0.9835960310392817 1958
19581 0.9836041331257916 1958.1
19582 0.9836122499670814 1958.2
19583 0.9836203830671542 1958.3
19584 0.9836285341883552 1958.4
19585 0.9836367053889662 1958.5
19586 0.9836448989643508 1958.6
19587 0.9836531107009535 1958.7
19588 0.9836613402036286 1958.8
19589 0.9836696010784465 1958.9
19590 0.9836776976626448 1959
19591 0.9836858240933238 1959.1
19592 0.9836940221254772 1959.2
19593 0.9837022934461002 1959.3
19594 0.9837106392743701 1959.4
19595 0.9837190604314868 1959.5
19596 0.9837275573293923 1959.6
19597 0.9837361300896155 1959.7
19598 0.9837447785558923 1959.8
19599 0.9837535022389613 1959.9
19600 0.9837623001616712 1960
19601 0.9837711707092115 1960.1
19602 0.9837801115559623 1960.2
19603 0.9837891196783991 1960.3
19604 0.9837981908681401 1960.4
19605 0.9838073200832235 1960.5
19606 0.9838165016588177 1960.6
19607 0.9838257294150174 1960.7
19608 0.9838349967763372 1960.8
19609 0.9838442938183642 1960.9
19610 0.9838535783476332 1961
19611 0.9838628792146621 1961.1
19612 0.9838721899258588 1961.2
19613 0.9838815040924294 1961.3
19614 0.9838908153782427 1961.4
19615 0.9839001177088977 1961.5
19616 0.9839094061423387 1961.6
19617 0.9839186758772066 1961.7
19618 0.9839279214153853 1961.8
19619 0.9839369343806966 1961.9
19620 0.9839454576309403 1962
19621 0.9839539930333063 1962.1
19622 0.9839625350433858 1962.2
19623 0.9839710776256841 1962.3
19624 0.9839796148739122 1962.4
19625 0.9839881413775833 1962.5
19626 0.9839966524106277 1962.6
19627 0.9840051439977096 1962.7
19628 0.9840136129011178 1962.8
19629 0.9840220565927611 1962.9
19630 0.9840304732142939 1963
19631 0.9840388615269908 1963.1
19632 0.9840472208579032 1963.2
19633 0.9840555510418411 1963.3
19634 0.9840638522192343 1963.4
19635 0.9840721252030274 1963.5
19636 0.9840803715513238 1963.6
19637 0.984088592816338 1963.7
19638 0.9840967906702197 1963.8
19639 0.9841047696147369 1963.9
19640 0.9841124481450356 1964
19641 0.98412014909698 1964.1
19642 0.9841278735740269 1964.2
19643 0.9841356037719136 1964.3
19644 0.9841433050975803 1964.4
19645 0.9841510233731328 1964.5
19646 0.9841587578783703 1964.6
19647 0.9841665083446643 1964.7
19648 0.9841742749394068 1964.8
19649 0.9841820583947442 1964.9
19650 0.9841898599473754 1965
19651 0.9841976555450064 1965.1
19652 0.9842054315315745 1965.2
19653 0.9842132333405226 1965.3
19654 0.9842210620394475 1965.4
19655 0.9842285124783861 1965.5
19656 0.9842356678702049 1965.6
19657 0.9842429070103014 1965.7
19658 0.9842502231048987 1965.8
19659 0.9842576077195968 1965.9
19660 0.98426505228743 1966
19661 0.9842725482105623 1966.1
19662 0.98428008650585 1966.2
19663 0.9842876582655381 1966.3
19664 0.9842947475871061 1966.4
19665 0.9843014056556429 1966.5
19666 0.9843081079777293 1966.6
19667 0.9843148475989942 1966.7
19668 0.9843216182107563 1966.8
19669 0.984328415906972 1966.9
19670 0.9843352353299681 1967
19671 0.9843420712775465 1967.1
19672 0.9843489196039122 1967.2
19673 0.9843557770996181 1967.3
19674 0.984362640930673 1967.4
19675 0.9843694443194777 1967.5
19676 0.9843761987164312 1967.6
19677 0.9843829561331203 1967.7
19678 0.9843892463597086 1967.8
19679 0.984395319246542 1967.9
19680 0.9844014579266848 1968
19681 0.9844076572121165 1968.1
19682 0.9844139113741773 1968.2
19683 0.9844202148016417 1968.3
19684 0.9844265623432674 1968.4
19685 0.984432949191286 1968.5
19686 0.9844393710727456 1968.6
19687 0.9844458242621758 1968.7
19688 0.9844522296415883 1968.8
19689 0.9844585950637466 1968.9
19690 0.9844649856695173 1969
19691 0.984471283405292 1969.1
19692 0.9844774752268654 1969.2
19693 0.9844837094127979 1969.3
19694 0.9844899842387866 1969.4
19695 0.9844962980919847 1969.5
19696 0.9845026494945983 1969.6
19697 0.9845090370957661 1969.7
19698 0.9845154596644328 1969.8
19699 0.9845219160911642 1969.9
19700 0.984528405401191 1970
19701 0.9845349267373206 1970.1
19702 0.9845414793484335 1970.2
19703 0.9845480626002088 1970.3
19704 0.9845545806712033 1970.4
19705 0.9845611314335333 1970.5
19706 0.9845676451378998 1970.6
19707 0.9845741909610788 1970.7
19708 0.9845807731057246 1970.8
19709 0.9845873907958131 1970.9
19710 0.9845940433891605 1971
19711 0.9846007304008254 1971.1
19712 0.9846074515086884 1971.2
19713 0.9846142065499609 1971.3
19714 0.9846209955101921 1971.4
19715 0.9846278185078908 1971.5
19716 0.9846346757755766 1971.6
19717 0.9846415676374027 1971.7
19718 0.984648494482732 1971.8
19719 0.9846554567358087 1971.9
19720 0.9846624548164601 1972
19721 0.9846694890978631 1972.1
19722 0.9846764563821908 1972.2
19723 0.984683396530935 1972.3
19724 0.9846903646525446 1972.4
19725 0.9846973629709972 1972.5
19726 0.9847043938067229 1972.6
19727 0.984711459483119 1972.7
19728 0.9847185622354163 1972.8
19729 0.9847257041198298 1972.9
19730 0.9847328869417096 1973
19731 0.9847401121414122 1973.1
19732 0.9847473806589528 1973.2
19733 0.9847546929281122 1973.3
19734 0.9847620489007761 1973.4
19735 0.9847694480385525 1973.5
19736 0.9847768894806399 1973.6
19737 0.9847843717134567 1973.7
19738 0.9847918926238162 1973.8
19739 0.9847994497572404 1973.9
19740 0.9848070404990865 1974
19741 0.9848146622169387 1974.1
19742 0.9848223123784817 1974.2
19743 0.9848299886714834 1974.3
19744 0.9848376891007176 1974.4
19745 0.984845412073029 1974.5
19746 0.984853156463262 1974.6
19747 0.9848609216702348 1974.7
19748 0.9848687076468035 1974.8
19749 0.9848765149072761 1974.9
19750 0.9848843444993484 1975
19751 0.984891804554465 1975.1
19752 0.9848991545391751 1975.2
19753 0.9849065527524364 1975.3
19754 0.9849140042813993 1975.4
19755 0.9849215122001469 1975.5
19756 0.9849290793059604 1975.6
19757 0.9849367081876085 1975.7
19758 0.9849444012537711 1975.8
19759 0.9849521607677982 1975.9
19760 0.9849599888869376 1976
19761 0.9849678877286704 1976.1
19762 0.9849758588907541 1976.2
19763 0.9849839034857528 1976.3
19764 0.9849920222627269 1976.4
19765 0.9850002154406654 1976.5
19766 0.9850084826761364 1976.6
19767 0.9850168228269902 1976.7
19768 0.9850252339590597 1976.8
19769 0.9850337134376107 1976.9
19770 0.9850422571662611 1977
19771 0.985050860104655 1977.1
19772 0.9850595165574919 1977.2
19773 0.985068220217168 1977.3
19774 0.9850769642110384 1977.4
19775 0.9850857414451907 1977.5
19776 0.9850945446061707 1977.6
19777 0.9851033656742307 1977.7
19778 0.9851121973569364 1977.8
19779 0.9851210333426003 1977.9
19780 0.9851298678306023 1978
19781 0.9851385154617066 1978.1
19782 0.9851465398769291 1978.2
19783 0.9851544667182989 1978.3
19784 0.9851624281375678 1978.4
19785 0.98517041862623 1978.5
19786 0.9851784322169388 1978.6
19787 0.9851864588418001 1978.7
19788 0.9851943921425783 1978.8
19789 0.9852023338021272 1978.9
19790 0.9852102815938779 1979
19791 0.9852182337885532 1979.1
19792 0.9852261891140719 1979.2
19793 0.985234146737334 1979.3
19794 0.9852421062502253 1979.4
19795 0.9852500676487844 1979.5
19796 0.9852580313009679 1979.6
19797 0.9852659979272315 1979.7
19798 0.9852739683632333 1979.8
19799 0.9852819438630344 1979.9
19800 0.985289925937798 1980
19801 0.9852979162640968 1980.1
19802 0.9853059166014624 1980.2
19803 0.9853139286600413 1980.3
19804 0.9853218183786687 1980.4
19805 0.9853293872660426 1980.5
19806 0.9853370169103498 1980.6
19807 0.98534470397341 1980.7
19808 0.9853524442108578 1980.8
19809 0.985360211117899 1980.9
19810 0.9853678236846879 1981
19811 0.9853754820489946 1981.1
19812 0.9853831816732933 1981.2
19813 0.9853909175756567 1981.3
19814 0.9853986845828043 1981.4
19815 0.9854064775102958 1981.5
19816 0.9854142912211658 1981.6
19817 0.9854221207032673 1981.7
19818 0.9854299611355 1981.8
19819 0.9854378079395629 1981.9
19820 0.9854456568255818 1982
19821 0.9854535038524551 1982.1
19822 0.9854613454937228 1982.2
19823 0.9854691786039999 1982.3
19824 0.9854770004447844 1982.4
19825 0.9854848086974862 1982.5
19826 0.9854926014611308 1982.6
19827 0.9855003772520886 1982.7
19828 0.985508134987915 1982.8
19829 0.9855158739635427 1982.9
19830 0.9855235938243162 1983
19831 0.985531294536467 1983.1
19832 0.9855385608274776 1983.2
19833 0.9855457837437346 1983.3
19834 0.9855530272197371 1983.4
19835 0.9855602923309967 1983.5
19836 0.9855675791967315 1983.6
19837 0.9855748875400679 1983.7
19838 0.9855822160306905 1983.8
19839 0.9855895419790778 1983.9
19840 0.9855968869747009 1984
19841 0.9856042511658334 1984.1
19842 0.9856116350396614 1984.2
19843 0.9856190392419866 1984.3
19844 0.9856264644773611 1984.4
19845 0.9856339115075954 1984.5
19846 0.985641381135434 1984.6
19847 0.9856488741974985 1984.7
19848 0.9856563914985655 1984.8
19849 0.9856639337736741 1984.9
19850 0.9856715016847254 1985
19851 0.9856790957889555 1985.1
19852 0.9856867165375376 1985.2
19853 0.985694364232211 1985.3
19854 0.9857020390108912 1985.4
19855 0.9857097409729929 1985.5
19856 0.9857174702513234 1985.6
19857 0.9857252264557331 1985.7
19858 0.9857330089238822 1985.8
19859 0.9857408168460625 1985.9
19860 0.9857486492747742 1986
19861 0.9857565051663201 1986.1
19862 0.9857643559306207 1986.2
19863 0.9857722139676612 1986.3
19864 0.98578009220615 1986.4
19865 0.9857879892053508 1986.5
19866 0.98579590345357 1986.6
19867 0.9858038333960133 1986.7
19868 0.9858117774607034 1986.8
19869 0.9858197340783286 1986.9
19870 0.9858277017033048 1987
19871 0.9858356788365209 1987.1
19872 0.9858436640545533 1987.2
19873 0.9858516560181145 1987.3
19874 0.9858596535032086 1987.4
19875 0.9858676554180845 1987.5
19876 0.9858756608103635 1987.6
19877 0.9858836688571015 1987.7
19878 0.985891678912112 1987.8
19879 0.9858996905032661 1987.9
19880 0.9859077033370385 1988
19881 0.9859157173037904 1988.1
19882 0.98592369485871 1988.2
19883 0.9859316502351168 1988.3
19884 0.9859396084168075 1988.4
19885 0.9859475700318667 1988.5
19886 0.9859555358722614 1988.6
19887 0.9859635069580733 1988.7
19888 0.9859714844832503 1988.8
19889 0.9859794697925821 1988.9
19890 0.9859874643953016 1989
19891 0.985995470011921 1989.1
19892 0.9860034452842675 1989.2
19893 0.9860114077030101 1989.3
19894 0.9860193884705721 1989.4
19895 0.9860273901488555 1989.5
19896 0.9860354110739464 1989.6
19897 0.9860433964677481 1989.7
19898 0.9860513709988482 1989.8
19899 0.9860592147668141 1989.9
19900 0.9860669884804169 1990
19901 0.9860747875908963 1990.1
19902 0.9860826463984306 1990.2
19903 0.9860905665094715 1990.3
19904 0.9860985082964133 1990.4
19905 0.9861063431117354 1990.5
19906 0.9861142614055042 1990.6
19907 0.9861222654457464 1990.7
19908 0.9861303525358504 1990.8
19909 0.9861385189303766 1990.9
19910 0.9861467601262081 1991
19911 0.9861550711212064 1991.1
19912 0.986163446327363 1991.2
19913 0.986171879831378 1991.3
19914 0.9861803655799518 1991.4
19915 0.9861888975112195 1991.5
19916 0.9861974696829284 1991.6
19917 0.9862060764495713 1991.7
19918 0.9862147135826819 1991.8
19919 0.9862233786282327 1991.9
19920 0.9862320668384355 1992
19921 0.9862407739727649 1992.1
19922 0.98624949690485 1992.2
19923 0.9862582336372515 1992.3
19924 0.9862669830594073 1992.4
19925 0.9862757448383761 1992.5
19926 0.9862845190254866 1992.6
19927 0.9862933061917278 1992.7
19928 0.9863021067224522 1992.8
19929 0.9863109209163521 1992.9
19930 0.986319749545933 1993
19931 0.9863285926676122 1993.1
19932 0.98633744977591 1993.2
19933 0.9863463104301432 1993.3
19934 0.986355068852577 1993.4
19935 0.9863638350671333 1993.5
19936 0.9863723734204093 1993.6
19937 0.98638095514561 1993.7
19938 0.9863895840672757 1993.8
19939 0.9863982502911014 1993.9
19940 0.9864069433803931 1994
19941 0.9864156527598693 1994.1
19942 0.9864243680504134 1994.2
19943 0.9864330795273515 1994.3
19944 0.9864417056984395 1994.4
19945 0.9864502416042159 1994.5
19946 0.9864586861581105 1994.6
19947 0.9864670708421432 1994.7
19948 0.9864753992878857 1994.8
19949 0.9864836682298485 1994.9
19950 0.9864918701928288 1995
19951 0.9864997829273853 1995.1
19952 0.9865067243798182 1995.2
19953 0.986513698740089 1995.3
19954 0.9865207047224769 1995.4
19955 0.986527722524872 1995.5
19956 0.9865347482210964 1995.6
19957 0.9865417821478648 1995.7
19958 0.986548819191884 1995.8
19959 0.9865558548113506 1995.9
19960 0.9865628852958231 1996
19961 0.9865698936144348 1996.1
19962 0.9865768189197364 1996.2
19963 0.9865837273681839 1996.3
19964 0.9865906180849798 1996.4
19965 0.9865974906903922 1996.5
19966 0.9866041305652524 1996.6
19967 0.9866102415787484 1996.7
19968 0.9866163917451264 1996.8
19969 0.9866225774577962 1996.9
19970 0.986628793844496 1997
19971 0.9866350363796935 1997.1
19972 0.9866413012821637 1997.2
19973 0.9866475846402293 1997.3
19974 0.9866536872948374 1997.4
19975 0.986659251556724 1997.5
19976 0.9866644049295452 1997.6
19977 0.9866696202020372 1997.7
19978 0.9866748940137355 1997.8
19979 0.9866801904830363 1997.9
19980 0.9866854878563277 1998
19981 0.9866908365830178 1998.1
19982 0.9866962340367162 1998.2
19983 0.9867016776496166 1998.3
19984 0.9867071649509567 1998.4
19985 0.9867126935875051 1998.5
19986 0.9867182613537578 1998.6
19987 0.9867238486451038 1998.7
19988 0.9867294162037411 1998.8
19989 0.9867350155622628 1998.9
19990 0.9867406454829519 1999
19991 0.9867463048002808 1999.1
19992 0.9867519924184687 1999.2
19993 0.9867575971460848 1999.3
19994 0.9867632229385404 1999.4
19995 0.9867688800911579 1999.5
19996 0.9867745672066611 1999.6
19997 0.9867802828805874 1999.7
19998 0.9867860257552971 1999.8
19999 0.9867916800488797 1999.9
20000 0.9867973235111152 2000
20001 0.9868030013236528 2000.1
20002 0.9868087117829653 2000.2
20003 0.9868144531841866 2000.3
20004 0.9868202238709768 2000.4
20005 0.9868259372325504 2000.5
20006 0.9868316364464925 2000.6
20007 0.9868373665491382 2000.7
20008 0.9868431256986866 2000.8
20009 0.9868489121424585 2000.9
20010 0.9868547242936847 2001
20011 0.9868605607393446 2001.1
20012 0.9868664202336678 2001.2
20013 0.9868721215902309 2001.3
20014 0.9868777853479792 2001.4
20015 0.9868834916780443 2001.5
20016 0.9868892390612571 2001.6
20017 0.9868950261325998 2001.7
20018 0.9869008516643472 2001.8
20019 0.9869067145252596 2001.9
20020 0.9869126136908775 2002
20021 0.98691849929261 2002.1
20022 0.9869243511686385 2002.2
20023 0.9869302436971777 2002.3
20024 0.9869361755748802 2002.4
20025 0.9869421455924653 2002.5
20026 0.9869481526903731 2002.6
20027 0.9869541718199666 2002.7
20028 0.986960219802451 2002.8
20029 0.9869663027509621 2002.9
20030 0.9869724204553684 2003
20031 0.9869785728620492 2003.1
20032 0.986984760064531 2003.2
20033 0.9869909822938165 2003.3
20034 0.9869972399108017 2003.4
20035 0.9870035333974736 2003.5
20036 0.9870098633487023 2003.6
20037 0.9870162304643715 2003.7
20038 0.987022635540224 2003.8
20039 0.9870290794575431 2003.9
20040 0.9870355631705893 2004
20041 0.9870420876912522 2004.1
20042 0.9870486540716303 2004.2
20043 0.9870552633826657 2004.3
20044 0.9870617912696196 2004.4
20045 0.9870683313971809 2004.5
20046 0.9870749088359503 2004.6
20047 0.9870815263230234 2004.7
20048 0.9870881867793115 2004.8
20049 0.9870948932619906 2004.9
20050 0.9871016489153042 2005
20051 0.9871084569133236 2005.1
20052 0.9871153204246212 2005.2
20053 0.9871222425132232 2005.3
20054 0.987129226105154 2005.4
20055 0.9871362738287585 2005.5
20056 0.9871433879861901 2005.6
20057 0.9871505705341366 2005.7
20058 0.9871578229822887 2005.8
20059 0.987165146288132 2005.9
20060 0.987172540786693 2006
20061 0.9871800063442803 2006.1
20062 0.9871875418880511 2006.2
20063 0.9871951453307456 2006.3
20064 0.9872028136725786 2006.4
20065 0.9872105430246145 2006.5
20066 0.9872183286031493 2006.6
20067 0.9872261647738394 2006.7
20068 0.9872340213921196 2006.8
20069 0.9872419081187932 2006.9
20070 0.9872498292714733 2007
20071 0.9872577766529176 2007.1
20072 0.9872657418656351 2007.2
20073 0.9872737165138293 2007.3
20074 0.9872816927841838 2007.4
20075 0.9872896645169363 2007.5
20076 0.9872976241287958 2007.6
20077 0.987305451670043 2007.7
20078 0.9873128553640228 2007.8
20079 0.9873202518866615 2007.9
20080 0.9873276390029205 2008
20081 0.9873350140388841 2008.1
20082 0.9873423744243969 2008.2
20083 0.9873497179316628 2008.3
20084 0.9873570431420241 2008.4
20085 0.9873643317952091 2008.5
20086 0.9873715929262213 2008.6
20087 0.9873788325102598 2008.7
20088 0.9873860511680412 2008.8
20089 0.987393249847844 2008.9
20090 0.9874004298076104 2009
20091 0.9874075926845888 2009.1
20092 0.9874144060857238 2009.2
20093 0.9874211382283556 2009.3
20094 0.9874279023713143 2009.4
20095 0.9874346977603607 2009.5
20096 0.9874415236401374 2009.6
20097 0.9874483794511802 2009.7
20098 0.9874552649760697 2009.8
20099 0.9874621803411739 2009.9
20100 0.987469126062133 2010
20101 0.9874761030959995 2010.1
20102 0.9874831126554704 2010.2
20103 0.9874901561633763 2010.3
20104 0.9874972351723607 2010.4
20105 0.987504351318318 2010.5
20106 0.9875115062578022 2010.6
20107 0.9875187015981443 2010.7
20108 0.9875259388471652 2010.8
20109 0.9875332193961721 2010.9
20110 0.9875405443903806 2011
20111 0.9875479145451149 2011.1
20112 0.9875553301415179 2011.2
20113 0.9875627910155809 2011.3
20114 0.9875702965557461 2011.4
20115 0.9875778457053973 2011.5
20116 0.9875854369870991 2011.6
20117 0.9875930685441531 2011.7
20118 0.9876007381927551 2011.8
20119 0.9876084434861225 2011.9
20120 0.987616181825401 2012
20121 0.9876239505337806 2012.1
20122 0.9876317469137649 2012.2
20123 0.9876395683011508 2012.3
20124 0.9876474121087497 2012.4
20125 0.9876552758700328 2012.5
20126 0.98766315392466 2012.6
20127 0.987670987804492 2012.7
20128 0.9876788296443265 2012.8
20129 0.9876866776141097 2012.9
20130 0.9876945298957162 2013
20131 0.9877023849875163 2013.1
20132 0.9877102412925047 2013.2
20133 0.9877176294062749 2013.3
20134 0.9877249999688918 2013.4
20135 0.9877324086717668 2013.5
20136 0.9877398514269944 2013.6
20137 0.9877473236022188 2013.7
20138 0.9877548203990733 2013.8
20139 0.9877623370759511 2013.9
20140 0.987769869020297 2014
20141 0.9877774118275531 2014.1
20142 0.9877849613843931 2014.2
20143 0.9877925139473865 2014.3
20144 0.9878000661639134 2014.4
20145 0.9878076152285816 2014.5
20146 0.987815158607703 2014.6
20147 0.9878226941218541 2014.7
20148 0.9878302199736515 2014.8
20149 0.9878377347367777 2014.9
20150 0.9878452373725606 2015
20151 0.9878527271693738 2015.1
20152 0.9878602037241444 2015.2
20153 0.987867666928203 2015.3
20154 0.9878751169365561 2015.4
20155 0.9878825541358121 2015.5
20156 0.987889979111367 2015.6
20157 0.9878973926605636 2015.7
20158 0.9879045893868583 2015.8
20159 0.9879115707653388 2015.9
20160 0.9879185868730711 2016
20161 0.9879256385411067 2016.1
20162 0.9879327253412047 2016.2
20163 0.9879398462242412 2016.3
20164 0.987946999897237 2016.4
20165 0.987954185134565 2016.5
20166 0.9879613477080847 2016.6
20167 0.9879685280562621 2016.7
20168 0.987975733013825 2016.8
20169 0.9879829617145442 2016.9
20170 0.9879902133994684 2017
20171 0.9879974873344819 2017.1
20172 0.9880047827250498 2017.2
20173 0.9880120987085399 2017.3
20174 0.9880194343375297 2017.4
20175 0.9880267885417828 2017.5
20176 0.9880341601333661 2017.6
20177 0.9880415481120096 2017.7
20178 0.9880489514468517 2017.8
20179 0.9880563687591942 2017.9
20180 0.9880637984209877 2018
20181 0.9880712387325895 2018.1
20182 0.9880786879434965 2018.2
20183 0.988086144334696 2018.3
20184 0.9880936062901403 2018.4
20185 0.9881010721035409 2018.5
20186 0.9881085400317207 2018.6
20187 0.9881160083172069 2018.7
20188 0.9881234751358274 2018.8
20189 0.9881309388029609 2018.9
20190 0.9881383977194171 2019
20191 0.9881458503772396 2019.1
20192 0.9881532953786967 2019.2
20193 0.9881607314545364 2019.3
20194 0.9881681574926861 2019.4
20195 0.9881755725394343 2019.5
20196 0.988182975799224 2019.6
20197 0.988190366635856 2019.7
20198 0.9881977445681815 2019.8
20199 0.9882051092758366 2019.9
20200 0.9882124605757809 2020
20201 0.9882197984329358 2020.1
20202 0.9882271229552249 2020.2
20203 0.9882344343872644 2020.3
20204 0.9882417228150402 2020.4
20205 0.9882489092282022 2020.5
20206 0.9882559140731849 2020.6
20207 0.9882629255462606 2020.7
20208 0.9882699429173994 2020.8
20209 0.9882769652711061 2020.9
20210 0.9882839917669248 2021
20211 0.9882910217345151 2021.1
20212 0.9882980547460513 2021.2
20213 0.9883050906430897 2021.3
20214 0.9883121295354974 2021.4
20215 0.9883191717522016 2021.5
20216 0.9883262178287036 2021.6
20217 0.9883332684815896 2021.7
20218 0.9883403245298508 2021.8
20219 0.988347386959995 2021.9
20220 0.988354456901081 2022
20221 0.9883615356089911 2022.1
20222 0.9883686243845812 2022.2
20223 0.9883757246096059 2022.3
20224 0.988382837680345 2022.4
20225 0.9883899650096686 2022.5
20226 0.988397108025373 2022.6
20227 0.9884042039062008 2022.7
20228 0.9884113142108703 2022.8
20229 0.9884184450402986 2022.9
20230 0.9884255976186788 2023
20231 0.9884327730810217 2023.1
20232 0.9884399724513987 2023.2
20233 0.9884471966463888 2023.3
20234 0.9884544081409855 2023.4
20235 0.9884614595468257 2023.5
20236 0.9884685520415389 2023.6
20237 0.988475671524253 2023.7
20238 0.9884826762288978 2023.8
20239 0.9884897184952015 2023.9
20240 0.9884967967557362 2024
20241 0.9885039087628087 2024.1
20242 0.9885110521141948 2024.2
20243 0.9885182242919128 2024.3
20244 0.9885254226884357 2024.4
20245 0.9885326447052886 2024.5
20246 0.9885398879247315 2024.6
20247 0.9885471498561702 2024.7
20248 0.988554428726216 2024.8
20249 0.9885617218402685 2024.9
20250 0.9885690260961434 2025
20251 0.9885763383807122 2025.1
20252 0.9885836560070274 2025.2
20253 0.9885909766403944 2025.3
20254 0.9885982982562795 2025.4
20255 0.9886056190897567 2025.5
20256 0.9886129376135484 2025.6
20257 0.9886202525387189 2025.7
20258 0.9886275628299922 2025.8
20259 0.9886348676995357 2025.9
20260 0.9886421666069007 2026
20261 0.9886494435568458 2026.1
20262 0.9886566789543105 2026.2
20263 0.9886639070750826 2026.3
20264 0.9886711290943944 2026.4
20265 0.9886783464813359 2026.5
20266 0.9886855609220503 2026.6
20267 0.9886927742815984 2026.7
20268 0.9886999886333266 2026.8
20269 0.9887072059738655 2026.9
20270 0.9887144284484178 2027
20271 0.9887216581189622 2027.1
20272 0.9887288969310163 2027.2
20273 0.9887361467623006 2027.3
20274 0.9887434094641829 2027.4
20275 0.9887506093048922 2027.5
20276 0.9887576595752579 2027.6
20277 0.9887647635800987 2027.7
20278 0.988771603211072 2027.8
20279 0.9887783732759576 2027.9
20280 0.9887852272674971 2028
20281 0.9887921616540144 2028.1
20282 0.9887991715316062 2028.2
20283 0.9888062513389032 2028.3
20284 0.9888133954322755 2028.4
20285 0.9888205984740202 2028.5
20286 0.9888278553698585 2028.6
20287 0.9888351613172105 2028.7
20288 0.9888425117580625 2028.8
20289 0.9888499021720524 2028.9
20290 0.9888573281532488 2029
20291 0.988864785392391 2029.1
20292 0.9888722696113167 2029.2
20293 0.9888792193935583 2029.3
20294 0.9888860958077782 2029.4
20295 0.9888929848114654 2029.5
20296 0.9888998249500516 2029.6
20297 0.9889066445086218 2029.7
20298 0.9889134125437442 2029.8
20299 0.9889202011961024 2029.9
20300 0.9889270099164817 2030
20301 0.988933819207422 2030.1
20302 0.9889397799697119 2030.2
20303 0.9889457755344085 2030.3
20304 0.9889518026124153 2030.4
20305 0.9889573836613644 2030.5
20306 0.9889628317204163 2030.6
20307 0.9889683475538474 2030.7
20308 0.9889739259011938 2030.8
20309 0.9889795606986003 2030.9
20310 0.9889852456624573 2031
20311 0.9889909745760543 2031.1
20312 0.9889967415640186 2031.2
20313 0.9890025412469717 2031.3
20314 0.9890083688007185 2031.4
20315 0.9890142199560369 2031.5
20316 0.9890200693868355 2031.6
20317 0.9890258418121002 2031.7
20318 0.9890316359117343 2031.8
20319 0.9890374484187064 2031.9
20320 0.9890432763551433 2032
20321 0.9890491173714471 2032.1
20322 0.9890549692177308 2032.2
20323 0.9890608299281982 2032.3
20324 0.9890666978220594 2032.4
20325 0.9890725714963594 2032.5
20326 0.9890783983241619 2032.6
20327 0.9890836646538762 2032.7
20328 0.9890889618785413 2032.8
20329 0.9890943050907846 2032.9
20330 0.9890996900523906 2033
20331 0.9891051122940613 2033.1
20332 0.9891103527005857 2033.2
20333 0.989115594620081 2033.3
20334 0.9891208712879529 2033.4
20335 0.9891261800146874 2033.5
20336 0.9891315181099202 2033.6
20337 0.9891368655582377 2033.7
20338 0.9891421097927116 2033.8
20339 0.9891473468260412 2033.9
20340 0.9891526087250374 2034
20341 0.9891578936993676 2034.1
20342 0.9891632000794925 2034.2
20343 0.9891685263379504 2034.3
20344 0.989173871095088 2034.4
20345 0.9891792331121543 2034.5
20346 0.9891846112821747 2034.6
20347 0.9891900046178963 2034.7
20348 0.9891954122395078 2034.8
20349 0.9892008333667773 2034.9
20350 0.9892062673034465 2035
20351 0.9892117134253424 2035.1
20352 0.9892171711733601 2035.2
20353 0.9892226400477249 2035.3
20354 0.9892281196239497 2035.4
20355 0.989233609536959 2035.5
20356 0.9892391094684999 2035.6
20357 0.9892446191431871 2035.7
20358 0.9892501383205319 2035.8
20359 0.9892556667885775 2035.9
20360 0.9892611192998813 2036
20361 0.9892664738617901 2036.1
20362 0.9892718605719115 2036.2
20363 0.9892772783602357 2036.3
20364 0.9892827262785487 2036.4
20365 0.9892882034651872 2036.5
20366 0.9892937091302815 2036.6
20367 0.9892992425588948 2036.7
20368 0.9893048031127761 2036.8
20369 0.9893103866133024 2036.9
20370 0.9893159782532922 2037
20371 0.9893215959702284 2037.1
20372 0.9893272395567551 2037.2
20373 0.9893329088790043 2037.3
20374 0.9893386038728973 2037.4
20375 0.9893443245396675 2037.5
20376 0.9893500709412321 2037.6
20377 0.9893558431939858 2037.7
20378 0.9893616414618787 2037.8
20379 0.9893674659462089 2037.9
20380 0.9893733168773715 2038
20381 0.9893791945002895 2038.1
20382 0.9893850990593864 2038.2
20383 0.9893909128490525 2038.3
20384 0.9893967354545732 2038.4
20385 0.9894025761818804 2038.5
20386 0.989408436364972 2038.6
20387 0.9894143174199613 2038.7
20388 0.989420184558059 2038.8
20389 0.9894260617227483 2038.9
20390 0.9894319676100285 2039
20391 0.9894379035025874 2039.1
20392 0.9894438705854456 2039.2
20393 0.989449869913524 2039.3
20394 0.9894559023719518 2039.4
20395 0.9894619686537358 2039.5
20396 0.9894680692525686 2039.6
20397 0.9894742043714725 2039.7
20398 0.9894803738996849 2039.8
20399 0.9894865773799746 2039.9
20400 0.9894928139903704 2040
20401 0.9894990825422852 2040.1
20402 0.9895053814920201 2040.2
20403 0.9895117089805514 2040.3
20404 0.9895180630490176 2040.4
20405 0.9895244412860875 2040.5
20406 0.9895308409936113 2040.6
20407 0.9895372592995253 2040.7
20408 0.9895436932389475 2040.8
20409 0.9895501398199866 2040.9
20410 0.9895565960814035 2041
20411 0.989563059143419 2041.1
20412 0.9895695262515695 2041.2
20413 0.9895759948163071 2041.3
20414 0.98958246244496 2041.4
20415 0.9895889269654321 2041.5
20416 0.989595386442382 2041.6
20417 0.9896018391863188 2041.7
20418 0.9896082837513481 2041.8
20419 0.9896147189384989 2041.9
20420 0.9896211437907028 2042
20421 0.9896275575826787 2042.1
20422 0.9896339598077416 2042.2
20423 0.989640113923642 2042.3
20424 0.9896460422294124 2042.4
20425 0.9896519860050181 2042.5
20426 0.9896579460917289 2042.6
20427 0.9896639224313285 2042.7
20428 0.9896699145613048 2042.8
20429 0.9896759218855733 2042.9
20430 0.9896819438160751 2043
20431 0.9896879799863327 2043.1
20432 0.98969403015379 2043.2
20433 0.9897000940893422 2043.3
20434 0.9897061716350389 2043.4
20435 0.9897122627291108 2043.5
20436 0.989718363287069 2043.6
20437 0.9897244652451329 2043.7
20438 0.9897305815002468 2043.8
20439 0.9897367124037258 2043.9
20440 0.9897428583875305 2044
20441 0.9897490199817737 2044.1
20442 0.9897551978074165 2044.2
20443 0.9897613925696036 2044.3
20444 0.9897676050516354 2044.4
20445 0.989773836113476 2044.5
20446 0.9897800866914752 2044.6
20447 0.9897863577995508 2044.7
20448 0.9897926505295357 2044.8
20449 0.9897989660487521 2044.9
20450 0.9898053056020794 2045
20451 0.9898116705135246 2045.1
20452 0.9898180621880914 2045.2
20453 0.9898244821134724 2045.3
20454 0.9898309318591451 2045.4
20455 0.9898374130784547 2045.5
20456 0.9898439275075166 2045.6
20457 0.989850476961691 2045.7
20458 0.9898570457588645 2045.8
20459 0.989863633633595 2045.9
20460 0.9898702591250322 2046
20461 0.9898769245157945 2046.1
20462 0.9898836318675878 2046.2
20463 0.989890383227869 2046.3
20464 0.9898971806050888 2046.4
20465 0.9899040259255318 2046.5
20466 0.9899109209162841 2046.6
20467 0.9899178671699014 2046.7
20468 0.9899248661772504 2046.8
20469 0.9899319193235045 2046.9
20470 0.9899389923476365 2047
20471 0.9899460102619277 2047.1
20472 0.9899530765209038 2047.2
20473 0.9899601928266446 2047.3
20474 0.989967360699979 2047.4
20475 0.9899745814717359 2047.5
20476 0.9899818562218052 2047.6
20477 0.989989185885661 2047.7
20478 0.9899965713498774 2047.8
20479 0.9900040131345443 2047.9
20480 0.9900115113871899 2048
20481 0.9900190660122402 2048.1
20482 0.9900266765959234 2048.2
20483 0.9900343425084546 2048.3
20484 0.9900420628530087 2048.4
20485 0.9900498364692748 2048.5
20486 0.9900576619427683 2048.6
20487 0.9900655374312073 2048.7
20488 0.9900734607000731 2048.8
20489 0.9900814291032789 2048.9
20490 0.9900894394137256 2049
20491 0.9900974878318387 2049.1
20492 0.9901055708321712 2049.2
20493 0.9901136841205469 2049.3
20494 0.9901218227619561 2049.4
20495 0.9901299815133524 2049.5
20496 0.9901381548077763 2049.6
20497 0.9901463371585641 2049.7
20498 0.9901544268905087 2049.8
20499 0.9901624653210421 2049.9
20500 0.9901704872378144 2050
20501 0.9901784886403184 2050.1
20502 0.9901864660362022 2050.2
20503 0.9901944164122982 2050.3
20504 0.9902023376579687 2050.4
20505 0.9902102282622586 2050.5
20506 0.9902180249943331 2050.6
20507 0.9902257878150731 2050.7
20508 0.990233524305372 2050.8
20509 0.9902412337359678 2050.9
20510 0.9902489160955583 2051
20511 0.9902564510663822 2051.1
20512 0.9902638334841886 2051.2
20513 0.9902712247225038 2051.3
20514 0.9902786233721542 2051.4
20515 0.9902860271531917 2051.5
20516 0.9902934334486054 2051.6
20517 0.9903008394785441 2051.7
20518 0.9903082426709847 2051.8
20519 0.9903156406357864 2051.9
20520 0.9903229319017692 2052
20521 0.9903296831825006 2052.1
20522 0.9903364285048096 2052.2
20523 0.99034319738369 2052.3
20524 0.9903499860768307 2052.4
20525 0.9903567904454624 2052.5
20526 0.9903636064435123 2052.6
20527 0.9903704301496767 2052.7
20528 0.9903772579965057 2052.8
20529 0.9903840868024594 2052.9
20530 0.9903908692305572 2053
20531 0.9903976436064369 2053.1
20532 0.990404411130235 2053.2
20533 0.990411169843027 2053.3
20534 0.9904179180745889 2053.4
20535 0.9904246544326035 2053.5
20536 0.9904313777381575 2053.6
20537 0.9904380870357608 2053.7
20538 0.9904447815550999 2053.8
20539 0.9904514607506109 2053.9
20540 0.9904581243376323 2054
20541 0.9904644075585548 2054.1
20542 0.9904706191944926 2054.2
20543 0.9904768458825387 2054.3
20544 0.9904830191527009 2054.4
20545 0.9904891134197549 2054.5
20546 0.9904952184926016 2054.6
20547 0.9905013323170205 2054.7
20548 0.9905073460991034 2054.8
20549 0.9905132109478179 2054.9
20550 0.9905190951383687 2055
20551 0.9905249959679115 2055.1
20552 0.9905309107291583 2055.2
20553 0.9905368369063078 2055.3
20554 0.9905427722778191 2055.4
20555 0.9905487149703857 2055.5
20556 0.990554663407624 2055.6
20557 0.9905606163461861 2055.7
20558 0.9905665728090611 2055.8
20559 0.9905725320609574 2055.9
20560 0.990578493526586 2056
20561 0.9905844568413149 2056.1
20562 0.9905904218220407 2056.2
20563 0.9905963884256749 2056.3
20564 0.9906023567118049 2056.4
20565 0.9906083268126866 2056.5
20566 0.9906142988844212 2056.6
20567 0.9906202731133882 2056.7
20568 0.9906262497174293 2056.8
20569 0.9906320832502662 2056.9
20570 0.9906378707457353 2057
20571 0.9906436759931283 2057.1
20572 0.9906494983766756 2057.2
20573 0.9906553371424177 2057.3
20574 0.9906611914553775 2057.4
20575 0.9906670604517517 2057.5
20576 0.9906729432476293 2057.6
20577 0.9906788389707105 2057.7
20578 0.9906847467780698 2057.8
20579 0.9906906658716461 2057.9
20580 0.9906965954898972 2058
20581 0.9907025210538838 2058.1
20582 0.9907084314210075 2058.2
20583 0.9907143481462752 2058.3
20584 0.9907202708283174 2058.4
20585 0.990726199112125 2058.5
20586 0.9907320947007385 2058.6
20587 0.9907378679203216 2058.7
20588 0.9907436583640289 2058.8
20589 0.9907494655080562 2058.9
20590 0.9907552882408021 2059
20591 0.9907611251926891 2059.1
20592 0.9907669749252431 2059.2
20593 0.9907728209744698 2059.3
20594 0.9907786312861706 2059.4
20595 0.9907844523211142 2059.5
20596 0.9907902827384808 2059.6
20597 0.9907961212230351 2059.7
20598 0.9908019667162576 2059.8
20599 0.9908078183154834 2059.9
20600 0.9908136750645847 2060
20601 0.9908195361218319 2060.1
20602 0.9908254007584706 2060.2
20603 0.9908312683332705 2060.3
20604 0.9908371382802378 2060.4
20605 0.9908430101078289 2060.5
20606 0.9908488833980418 2060.6
20607 0.9908547577905866 2060.7
20608 0.990860632957498 2060.8
20609 0.9908665086122255 2060.9
20610 0.9908723845063094 2061
20611 0.9908782604218384 2061.1
20612 0.9908841361710751 2061.2
20613 0.9908900115884991 2061.3
20614 0.99089588653275 2061.4
20615 0.9909017608337004 2061.5
20616 0.9909076343649416 2061.6
20617 0.9909135070430789 2061.7
20618 0.9909193788218065 2061.8
20619 0.9909252496820075 2061.9
20620 0.9909311196356597 2062
20621 0.9909369887318992 2062.1
20622 0.9909428570506339 2062.2
20623 0.9909485313805353 2062.3
20624 0.9909539402681018 2062.4
20625 0.9909592527148893 2062.5
20626 0.9909646054104481 2062.6
20627 0.9909699948359277 2062.7
20628 0.9909754168286967 2062.8
20629 0.9909808625434835 2062.9
20630 0.9909862994556098 2063
20631 0.990991756800829 2063.1
20632 0.9909972322129491 2063.2
20633 0.9910027238528623 2063.3
20634 0.9910082303309961 2063.4
20635 0.9910137506453474 2063.5
20636 0.9910192841424317 2063.6
20637 0.9910248304060352 2063.7
20638 0.9910300954733414 2063.8
20639 0.9910350695683081 2063.9
20640 0.9910400993580086 2064
20641 0.9910451581431386 2064.1
20642 0.9910501291976936 2064.2
20643 0.9910551570596422 2064.3
20644 0.991060237734688 2064.4
20645 0.9910653674817225 2064.5
20646 0.9910705430881186 2064.6
20647 0.9910755680354305 2064.7
20648 0.9910800617715886 2064.8
20649 0.9910846183965583 2064.9
20650 0.9910892366451033 2065
20651 0.9910939152994965 2065.1
20652 0.9910986531386496 2065.2
20653 0.9911034489533918 2065.3
20654 0.9911083015146056 2065.4
20655 0.9911132095080383 2065.5
20656 0.9911181715018834 2065.6
20657 0.9911231859195067 2065.7
20658 0.9911282510299704 2065.8
20659 0.9911333649386309 2065.9
20660 0.9911385255878146 2066
20661 0.991143730768013 2066.1
20662 0.9911489781378111 2066.2
20663 0.9911542652481137 2066.3
20664 0.9911595895598589 2066.4
20665 0.991164948464892 2066.5
20666 0.991170339308593 2066.6
20667 0.9911757594150401 2066.7
20668 0.9911812061137817 2066.8
20669 0.9911866767705263 2066.9
20670 0.9911921688145879 2067
20671 0.9911976797569613 2067.1
20672 0.9912032072128976 2067.2
20673 0.9912086897253379 2067.3
20674 0.9912141865364168 2067.4
20675 0.9912196995043174 2067.5
20676 0.9912252264642512 2067.6
20677 0.9912307654004157 2067.7
20678 0.9912363144932809 2067.8
20679 0.9912418721834346 2067.9
20680 0.9912474369630835 2068
20681 0.9912530075801301 2068.1
20682 0.9912585828281412 2068.2
20683 0.9912641615908259 2068.3
20684 0.9912697428912941 2068.4
20685 0.9912753259112207 2068.5
20686 0.9912809099933588 2068.6
20687 0.9912864946354428 2068.7
20688 0.9912915697899579 2068.8
20689 0.991296676014717 2068.9
20690 0.9913018158366259 2069
20691 0.9913069878680202 2069.1
20692 0.9913121903307592 2069.2
20693 0.991317421533036 2069.3
20694 0.9913226797997549 2069.4
20695 0.9913279635090926 2069.5
20696 0.9913332711870253 2069.6
20697 0.9913386015498467 2069.7
20698 0.9913439535174647 2069.8
20699 0.9913493262013331 2069.9
20700 0.9913547189085404 2070
20701 0.9913601311308485 2070.1
20702 0.9913655625199119 2070.2
20703 0.9913710128650198 2070.3
20704 0.9913764820778875 2070.4
20705 0.9913819701788604 2070.5
20706 0.9913874772838226 2070.6
20707 0.9913930035928372 2070.7
20708 0.9913985493797576 2070.8
20709 0.991404114982617 2070.9
20710 0.9914097007953453 2071
20711 0.9914153072600428 2071.1
20712 0.9914209348590352 2071.2
20713 0.9914265841071679 2071.3
20714 0.9914322555443694 2071.4
20715 0.9914379497279051 2071.5
20716 0.9914436672241539 2071.6
20717 0.9914494085994954 2071.7
20718 0.9914551718275628 2071.8
20719 0.9914609352648097 2071.9
20720 0.9914667216408922 2072
20721 0.9914725314441455 2072.1
20722 0.9914783651172878 2072.2
20723 0.9914842230378899 2072.3
20724 0.9914901055165294 2072.4
20725 0.9914959949959105 2072.5
20726 0.9915018088846802 2072.6
20727 0.9915076394027281 2072.7
20728 0.9915134873812421 2072.8
20729 0.991519353351898 2072.9
20730 0.991525237593613 2073
20731 0.9915311402089705 2073.1
20732 0.9915370611678552 2073.2
20733 0.9915430003221644 2073.3
20734 0.9915489574230619 2073.4
20735 0.9915549321489556 2073.5
20736 0.9915609241184585 2073.6
20737 0.9915669328978077 2073.7
20738 0.9915729580210757 2073.8
20739 0.9915789990179179 2073.9
20740 0.9915850554304443 2074
20741 0.9915911270015941 2074.1
20742 0.9915972139388938 2074.2
20743 0.9916033157724136 2074.3
20744 0.9916094320487746 2074.4
20745 0.9916155623390233 2074.5
20746 0.9916217062465911 2074.6
20747 0.9916278634153919 2074.7
20748 0.9916340335275337 2074.8
20749 0.9916402163047461 2074.9
20750 0.9916464114864598 2075
20751 0.9916526188749872 2075.1
20752 0.9916588383301599 2075.2
20753 0.9916650700009879 2075.3
20754 0.9916713148409766 2075.4
20755 0.9916775729136195 2075.5
20756 0.9916838441307145 2075.6
20757 0.9916901284387729 2075.7
20758 0.9916964258819372 2075.8
20759 0.9917027365875848 2075.9
20760 0.9917090606934842 2076
20761 0.9917153983585002 2076.1
20762 0.991721749728516 2076.2
20763 0.991728114899268 2076.3
20764 0.991734322523906 2076.4
20765 0.9917403332408806 2076.5
20766 0.9917463913620186 2076.6
20767 0.9917524948021296 2076.7
20768 0.9917586408171071 2076.8
20769 0.9917647734052502 2076.9
20770 0.9917709305761191 2077
20771 0.9917771194719484 2077.1
20772 0.9917833371957537 2077.2
20773 0.9917895809245133 2077.3
20774 0.9917958476871596 2077.4
20775 0.9918021345302651 2077.5
20776 0.9918084384971311 2077.6
20777 0.9918147566226526 2077.7
20778 0.9918210859433089 2077.8
20779 0.9918274138034612 2077.9
20780 0.9918337394610353 2078
20781 0.9918400664725998 2078.1
20782 0.9918463920148509 2078.2
20783 0.9918527133691217 2078.3
20784 0.9918590279607186 2078.4
20785 0.991865333386436 2078.5
20786 0.9918716274416981 2078.6
20787 0.9918779081228137 2078.7
20788 0.9918841736345819 2078.8
20789 0.9918904223954559 2078.9
20790 0.9918966530377794 2079
20791 0.9919028644066111 2079.1
20792 0.9919090555538127 2079.2
20793 0.991915225728767 2079.3
20794 0.9919213743706755 2079.4
20795 0.9919275011025324 2079.5
20796 0.9919335738310922 2079.6
20797 0.991939394973698 2079.7
20798 0.9919452115960133 2079.8
20799 0.9919510225228084 2079.9
20800 0.9919568263222767 2080
20801 0.9919624227039192 2080.1
20802 0.991967813042415 2080.2
20803 0.9919732248944257 2080.3
20804 0.9919786571100677 2080.4
20805 0.9919841079686297 2080.5
20806 0.9919895756199737 2080.6
20807 0.9919950585757894 2080.7
20808 0.9920005554509232 2080.8
20809 0.9920060650554786 2080.9
20810 0.9920115864237949 2081
20811 0.9920171188130917 2081.1
20812 0.9920226616869539 2081.2
20813 0.9920282146931794 2081.3
20814 0.992033744729246 2081.4
20815 0.9920391035491555 2081.5
20816 0.9920444880900819 2081.6
20817 0.9920498977576834 2081.7
20818 0.9920553319329068 2081.8
20819 0.9920607900259873 2081.9
20820 0.9920662714566252 2082
20821 0.9920717756724386 2082.1
20822 0.992077302173725 2082.2
20823 0.9920828505218585 2082.3
20824 0.9920884203357625 2082.4
20825 0.9920940112877492 2082.5
20826 0.9920996230957735 2082.6
20827 0.9921052555129313 2082.7
20828 0.9921109083155289 2082.8
20829 0.9921165812900065 2082.9
20830 0.9921222742184128 2083
20831 0.9921279868648736 2083.1
20832 0.9921337189624974 2083.2
20833 0.9921394702017247 2083.3
20834 0.9921452402198329 2083.4
20835 0.9921510285928146 2083.5
20836 0.9921568348154173 2083.6
20837 0.9921626583502112 2083.7
20838 0.9921684986115207 2083.8
20839 0.992174354940546 2083.9
20840 0.9921802265991688 2084
20841 0.9921861127699053 2084.1
20842 0.9921920125605883 2084.2
20843 0.9921979250116421 2084.3
20844 0.9922038491086526 2084.4
20845 0.9922097838012449 2084.5
20846 0.9922157279916178 2084.6
20847 0.9922216342704936 2084.7
20848 0.992227538085493 2084.8
20849 0.9922334483071892 2084.9
20850 0.9922393638525165 2085
20851 0.9922452836145667 2085.1
20852 0.9922512065000972 2085.2
20853 0.9922571314390676 2085.3
20854 0.9922630574165463 2085.4
20855 0.9922689834913835 2085.5
20856 0.9922749088145265 2085.6
20857 0.9922808326275702 2085.7
20858 0.9922867542512387 2085.8
20859 0.9922926730800503 2085.9
20860 0.9922985885924185 2086
20861 0.9923045003544911 2086.1
20862 0.992310376009789 2086.2
20863 0.9923161903683513 2086.3
20864 0.9923220012744491 2086.4
20865 0.9923278085109051 2086.5
20866 0.9923336119115046 2086.6
20867 0.9923394113732007 2086.7
20868 0.9923451756787234 2086.8
20869 0.9923508696072066 2086.9
20870 0.9923565607480519 2087
20871 0.9923622492670183 2087.1
20872 0.9923679353779316 2087.2
20873 0.9923735843240861 2087.3
20874 0.992379190331152 2087.4
20875 0.9923847975310154 2087.5
20876 0.9923904064095777 2087.6
20877 0.9923960174770943 2087.7
20878 0.9924016312714172 2087.8
20879 0.9924072483596028 2087.9
20880 0.9924128693475252 2088
20881 0.992418494860276 2088.1
20882 0.9924241255384385 2088.2
20883 0.9924297620363224 2088.3
20884 0.9924354050206587 2088.4
20885 0.9924410551568488 2088.5
20886 0.9924467131146241 2088.6
20887 0.9924523795667809 2088.7
20888 0.9924580551853854 2088.8
20889 0.9924637406378415 2088.9
20890 0.9924694365854274 2089
20891 0.9924751436801402 2089.1
20892 0.992480862559894 2089.2
20893 0.9924865938414571 2089.3
20894 0.9924923262187899 2089.4
20895 0.9924980135955116 2089.5
20896 0.9925037152105212 2089.6
20897 0.9925094317371107 2089.7
20898 0.9925151635889971 2089.8
20899 0.992520911017604 2089.9
20900 0.9925266742503545 2090
20901 0.9925324534932255 2090.1
20902 0.9925382489280805 2090.2
20903 0.992544060705445 2090.3
20904 0.9925498889189361 2090.4
20905 0.9925557335988756 2090.5
20906 0.9925615947615393 2090.6
20907 0.9925674723448111 2090.7
20908 0.9925733661654482 2090.8
20909 0.9925792759229574 2090.9
20910 0.9925852011962559 2091
20911 0.9925911048434806 2091.1
20912 0.9925969626347834 2091.2
20913 0.9926028387835336 2091.3
20914 0.9926087323099828 2091.4
20915 0.9926146418538611 2091.5
20916 0.9926205658226199 2091.6
20917 0.992626502505438 2091.7
20918 0.9926324501313655 2091.8
20919 0.9926384069050115 2091.9
20920 0.9926443710305352 2092
20921 0.9926503407281752 2092.1
20922 0.9926563142457403 2092.2
20923 0.9926622898680969 2092.3
20924 0.9926682659272691 2092.4
20925 0.9926742408130145 2092.5
20926 0.9926802129859998 2092.6
20927 0.9926861718094384 2092.7
20928 0.992692023317194 2092.8
20929 0.9926978773093276 2092.9
20930 0.9927037323433475 2093
20931 0.9927095866846724 2093.1
20932 0.9927154383166532 2093.2
20933 0.9927212853552089 2093.3
20934 0.99272712612152 2093.4
20935 0.9927329591496881 2093.5
20936 0.9927387831286264 2093.6
20937 0.9927445969692013 2093.7
20938 0.9927503997780907 2093.8
20939 0.9927561908304687 2093.9
20940 0.9927619695221521 2094
20941 0.992767735361812 2094.1
20942 0.992773488029558 2094.2
20943 0.9927792273686945 2094.3
20944 0.9927849533390316 2094.4
20945 0.9927906660029292 2094.5
20946 0.9927963654993954 2094.6
20947 0.9928020520291546 2094.7
20948 0.9928077258413885 2094.8
20949 0.9928133872233437 2094.9
20950 0.9928190364919965 2095
20951 0.9928246739884149 2095.1
20952 0.9928303000725244 2095.2
20953 0.9928359151181416 2095.3
20954 0.9928415195104071 2095.4
20955 0.9928471136416576 2095.5
20956 0.992852697908118 2095.6
20957 0.9928582727078139 2095.7
20958 0.9928635627716593 2095.8
20959 0.9928687942261001 2095.9
20960 0.9928740432589969 2096
20961 0.9928793019592342 2096.1
20962 0.9928845683112029 2096.2
20963 0.9928898489482662 2096.3
20964 0.9928951426978386 2096.4
20965 0.9929004484417244 2096.5
20966 0.992905765145822 2096.6
20967 0.9929110918600913 2096.7
20968 0.9929164276999779 2096.8
20969 0.9929217718694752 2096.9
20970 0.9929271236530546 2097
20971 0.9929324824077923 2097.1
20972 0.9929378082895963 2097.2
20973 0.9929429660888266 2097.3
20974 0.992948144005194 2097.4
20975 0.9929533413951142 2097.5
20976 0.9929585569306648 2097.6
20977 0.9929637889817841 2097.7
20978 0.9929690358149761 2097.8
20979 0.9929742957241471 2097.9
20980 0.9929795671067073 2098
20981 0.992984848507823 2098.1
20982 0.992990138641088 2098.2
20983 0.9929954363964615 2098.3
20984 0.9930007408430803 2098.4
20985 0.993006051206656 2098.5
20986 0.9930113668419878 2098.6
20987 0.9930166872104755 2098.7
20988 0.9930220118596037 2098.8
20989 0.9930273404089154 2098.9
20990 0.9930326725296355 2099
20991 0.9930380079054913 2099.1
20992 0.9930433462700242 2099.2
20993 0.9930486873962561 2099.3
20994 0.9930540310862345 2099.4
20995 0.9930593771620579 2099.5
20996 0.9930647254590662 2099.6
20997 0.9930700758185486 2099.7
20998 0.9930753999084883 2099.8
20999 0.9930807029757212 2099.9
21000 0.9930860044802937 2100
21001 0.9930912053718035 2100.1
21002 0.9930960833030723 2100.2
21003 0.9931009916020739 2100.3
21004 0.9931059293550142 2100.4
21005 0.993110894343465 2100.5
21006 0.9931158837405605 2100.6
21007 0.9931208946072008 2100.7
21008 0.9931259166540503 2100.8
21009 0.9931309513490698 2100.9
21010 0.9931360010714861 2101
21011 0.9931410642068338 2101.1
21012 0.993146139414061 2101.2
21013 0.9931512255688592 2101.3
21014 0.9931563217482366 2101.4
21015 0.99316126378655 2101.5
21016 0.9931658236065699 2101.6
21017 0.9931704294780901 2101.7
21018 0.9931750782381394 2101.8
21019 0.9931797659505253 2101.9
21020 0.9931844890485583 2102
21021 0.993189243738526 2102.1
21022 0.9931940264534078 2102.2
21023 0.9931988340611302 2102.3
21024 0.9932035657178712 2102.4
21025 0.9932077279111372 2102.5
21026 0.9932119275881173 2102.6
21027 0.9932161631686789 2102.7
21028 0.9932204331172951 2102.8
21029 0.9932247359922137 2102.9
21030 0.9932290703939608 2103
21031 0.9932334349397691 2103.1
21032 0.9932378282629633 2103.2
21033 0.9932422490178188 2103.3
21034 0.9932466953633792 2103.4
21035 0.9932511537360017 2103.5
21036 0.9932556341416863 2103.6
21037 0.9932601354076112 2103.7
21038 0.9932646564239842 2103.8
21039 0.9932691961453687 2103.9
21040 0.9932737535912901 2104
21041 0.9932783278472243 2104.1
21042 0.9932829180672026 2104.2
21043 0.9932874574776136 2104.3
21044 0.9932918941483275 2104.4
21045 0.9932963498044239 2104.5
21046 0.9933008238160677 2104.6
21047 0.9933053152884516 2104.7
21048 0.9933098232376825 2104.8
21049 0.9933143467111409 2104.9
21050 0.9933188848588671 2105
21051 0.9933234369687709 2105.1
21052 0.9933280024781075 2105.2
21053 0.993332580969822 2105.3
21054 0.9933371721622567 2105.4
21055 0.9933417758965395 2105.5
21056 0.9933463921240776 2105.6
21057 0.9933510208917308 2105.7
21058 0.9933556623224202 2105.8
21059 0.9933603166000161 2105.9
21060 0.9933649839572845 2106
21061 0.9933696646565702 2106.1
21062 0.9933743589920356 2106.2
21063 0.9933790672933447 2106.3
21064 0.9933837899165164 2106.4
21065 0.9933885272366244 2106.5
21066 0.993393040212795 2106.6
21067 0.9933975745493517 2106.7
21068 0.9934021445783483 2106.8
21069 0.9934067497078983 2106.9
21070 0.9934113892238651 2107
21071 0.9934160623556549 2107.1
21072 0.9934207683100329 2107.2
21073 0.9934255062778331 2107.3
21074 0.9934302754462795 2107.4
21075 0.9934350750051744 2107.5
21076 0.9934399041624569 2107.6
21077 0.9934447620881393 2107.7
21078 0.9934496478982534 2107.8
21079 0.9934545606552422 2107.9
21080 0.9934594993622524 2108
21081 0.9934644629594532 2108.1
21082 0.9934694503182619 2108.2
21083 0.9934744602416256 2108.3
21084 0.9934794914667587 2108.4
21085 0.9934845426703394 2108.5
21086 0.9934896124708185 2108.6
21087 0.9934946994343558 2108.7
21088 0.9934998020799067 2108.8
21089 0.9935049188869076 2108.9
21090 0.9935100483054914 2109
21091 0.9935151887680577 2109.1
21092 0.9935203387021985 2109.2
21093 0.9935254965439007 2109.3
21094 0.9935306607517576 2109.4
21095 0.993535829820877 2109.5
21096 0.9935410022943204 2109.6
21097 0.9935461767723128 2109.7
21098 0.9935513519215958 2109.8
21099 0.9935565264825088 2109.9
21100 0.9935616992732017 2110
21101 0.9935668691942393 2110.1
21102 0.9935720352332513 2110.2
21103 0.9935771964763107 2110.3
21104 0.9935823522093191 2110.4
21105 0.9935875017061958 2110.5
21106 0.9935926443534017 2110.6
21107 0.9935977795620459 2110.7
21108 0.9936029067805358 2110.8
21109 0.993608025527587 2110.9
21110 0.9936131354021398 2111
21111 0.9936182361677903 2111.1
21112 0.9936233275840461 2111.2
21113 0.9936284094800935 2111.3
21114 0.9936334817533429 2111.4
21115 0.9936385443629183 2111.5
21116 0.99364359731717 2111.6
21117 0.9936484011032307 2111.7
21118 0.9936530612561161 2111.8
21119 0.9936577385444448 2111.9
21120 0.9936624322625048 2112
21121 0.9936671415027427 2112.1
21122 0.9936718650777637 2112.2
21123 0.9936766017146133 2112.3
21124 0.9936813501735724 2112.4
21125 0.9936861093079943 2112.5
21126 0.9936908781050756 2112.6
21127 0.9936956556580415 2112.7
21128 0.9937004411648038 2112.8
21129 0.9937052339181228 2112.9
21130 0.9937100333176762 2113
21131 0.9937148388521285 2113.1
21132 0.9937196500843706 2113.2
21133 0.9937244666392528 2113.3
21134 0.9937292881943158 2113.4
21135 0.9937341144730211 2113.5
21136 0.9937389452379259 2113.6
21137 0.9937437624694706 2113.7
21138 0.993748518575009 2113.8
21139 0.9937532793582987 2113.9
21140 0.9937580446235648 2114
21141 0.9937628141726459 2114.1
21142 0.9937675878261003 2114.2
21143 0.993772365436255 2114.3
21144 0.9937771468806109 2114.4
21145 0.9937819320744578 2114.5
21146 0.9937867209400221 2114.6
21147 0.9937914994108636 2114.7
21148 0.9937961867990761 2114.8
21149 0.9938008788895462 2114.9
21150 0.9938055755025466 2115
21151 0.9938102764467974 2115.1
21152 0.9938148759144784 2115.2
21153 0.9938194735504086 2115.3
21154 0.9938240766921206 2115.4
21155 0.9938286853710776 2115.5
21156 0.993833280722261 2115.6
21157 0.9938378292223238 2115.7
21158 0.9938423863721972 2115.8
21159 0.993846952420385 2115.9
21160 0.993851527848353 2116
21161 0.9938561129160937 2116.1
21162 0.9938607079117784 2116.2
21163 0.9938653131545224 2116.3
21164 0.9938699289931775 2116.4
21165 0.9938745558034706 2116.5
21166 0.9938791939842562 2116.6
21167 0.9938838439525103 2116.7
21168 0.9938885061343914 2116.8
21169 0.9938931809616955 2116.9
21170 0.9938978688663112 2117
21171 0.9939025702719443 2117.1
21172 0.9939072855869727 2117.2
21173 0.9939120151963206 2117.3
21174 0.9939167594542149 2117.4
21175 0.9939215186766336 2117.5
21176 0.9939262931345557 2117.6
21177 0.9939310830481459 2117.7
21178 0.9939358885866427 2117.8
21179 0.9939407098811669 2117.9
21180 0.9939455469803268 2118
21181 0.9939503998826733 2118.1
21182 0.9939552685260965 2118.2
21183 0.9939601527911522 2118.3
21184 0.9939650524650472 2118.4
21185 0.9939699672686743 2118.5
21186 0.9939748968630326 2118.6
21187 0.9939798408512813 2118.7
21188 0.9939847987847391 2118.8
21189 0.9939897701705989 2118.9
21190 0.9939947544766466 2119
21191 0.9939997511376343 2119.1
21192 0.994004759560619 2119.2
21193 0.9940097791348679 2119.3
21194 0.9940148092385217 2119.4
21195 0.9940198492468344 2119.5
21196 0.9940248985385784 2119.6
21197 0.9940299565010615 2119.7
21198 0.9940350225342178 2119.8
21199 0.9940400960531535 2119.9
21200 0.9940451764895729 2120
21201 0.9940502632922918 2120.1
21202 0.9940553559264317 2120.2
21203 0.9940604507624898 2120.3
21204 0.9940654272256124 2120.4
21205 0.9940704183188331 2120.5
21206 0.9940754230384214 2120.6
21207 0.9940804402529931 2120.7
21208 0.9940854687676046 2120.8
21209 0.9940905073888369 2120.9
21210 0.9940955549405455 2121
21211 0.9941006103046274 2121.1
21212 0.9941056724230166 2121.2
21213 0.9941107402918821 2121.3
21214 0.9941158129614227 2121.4
21215 0.9941207999806125 2121.5
21216 0.9941257553214089 2121.6
21217 0.9941307122833087 2121.7
21218 0.9941356716065273 2121.8
21219 0.9941406340216917 2121.9
21220 0.9941456001937768 2122
21221 0.9941505707368787 2122.1
21222 0.9941555461510998 2122.2
21223 0.9941605268335505 2122.3
21224 0.9941655130939341 2122.4
21225 0.9941705051614277 2122.5
21226 0.9941755031957135 2122.6
21227 0.9941805072974383 2122.7
21228 0.9941855169181335 2122.8
21229 0.9941905140426954 2122.9
21230 0.9941955167383653 2123
21231 0.994200525046168 2123.1
21232 0.9942055390481573 2123.2
21233 0.9942105587587553 2123.3
21234 0.9942155841334562 2123.4
21235 0.9942206150591182 2123.5
21236 0.9942256513662191 2123.6
21237 0.9942306928516412 2123.7
21238 0.9942357392747251 2123.8
21239 0.9942407903628836 2123.9
21240 0.9942458458080613 2124
21241 0.9942509052814765 2124.1
21242 0.9942558957585641 2124.2
21243 0.9942608853618892 2124.3
21244 0.9942658942881801 2124.4
21245 0.9942709207976534 2124.5
21246 0.9942759629169421 2124.6
21247 0.994281018646759 2124.7
21248 0.9942860860260883 2124.8
21249 0.9942911631694841 2124.9
21250 0.9942962482887679 2125
21251 0.9943013397278493 2125.1
21252 0.9943064359413206 2125.2
21253 0.9943115354743197 2125.3
21254 0.9943166369708346 2125.4
21255 0.994321739181203 2125.5
21256 0.9943268409576008 2125.6
21257 0.9943318017965816 2125.7
21258 0.9943367022247785 2125.8
21259 0.9943416081565302 2125.9
21260 0.9943465183266265 2126
21261 0.994351431266306 2126.1
21262 0.9943563454861531 2126.2
21263 0.9943612595844202 2126.3
21264 0.9943661722932476 2126.4
21265 0.9943710825142803 2126.5
21266 0.9943759893398546 2126.6
21267 0.9943808922093466 2126.7
21268 0.9943857906422039 2126.8
21269 0.9943906842212167 2126.9
21270 0.9943955726048453 2127
21271 0.9944004555272146 2127.1
21272 0.9944053327940133 2127.2
21273 0.9944102042774603 2127.3
21274 0.9944150699106823 2127.4
21275 0.9944199296836425 2127.5
21276 0.9944247836394264 2127.6
21277 0.994429631868637 2127.7
21278 0.994434474503339 2127.8
21279 0.9944392268452729 2127.9
21280 0.994443857996939 2128
21281 0.9944485003767284 2128.1
21282 0.9944531533893187 2128.2
21283 0.994457816375571 2128.3
21284 0.9944624886514462 2128.4
21285 0.9944671695356868 2128.5
21286 0.9944718583702389 2128.6
21287 0.9944765545349635 2128.7
21288 0.9944812574593395 2128.8
21289 0.9944859666295005 2128.9
21290 0.9944906815913533 2129
21291 0.9944954019502393 2129.1
21292 0.9945001273694549 2129.2
21293 0.9945048575662673 2129.3
21294 0.9945095923081889 2129.4
21295 0.9945143314074403 2129.5
21296 0.9945190747166112 2129.6
21297 0.9945238221232521 2129.7
21298 0.9945285735473329 2129.8
21299 0.9945333289367937 2129.9
21300 0.9945380882634423 2130
21301 0.9945428515182608 2130.1
21302 0.9945476187087812 2130.2
21303 0.9945523898612867 2130.3
21304 0.9945571650057428 2130.4
21305 0.9945619441802916 2130.5
21306 0.9945667274281944 2130.6
21307 0.9945715147959068 2130.7
21308 0.9945763063346658 2130.8
21309 0.9945811020953095 2130.9
21310 0.9945858606309459 2131
21311 0.9945906199721951 2131.1
21312 0.9945953877329076 2131.2
21313 0.9946001637356454 2131.3
21314 0.9946049477877269 2131.4
21315 0.9946097396900847 2131.5
21316 0.9946145392429253 2131.6
21317 0.994619346249011 2131.7
21318 0.9946241605159021 2131.8
21319 0.9946289818574109 2131.9
21320 0.9946338100944492 2132
21321 0.9946386450608246 2132.1
21322 0.9946434523966065 2132.2
21323 0.9946482643991763 2132.3
21324 0.9946530812186666 2132.4
21325 0.9946579028797533 2132.5
21326 0.9946627294167601 2132.6
21327 0.9946675608704388 2132.7
21328 0.9946723972853951 2132.8
21329 0.9946772387084266 2132.9
21330 0.9946820851874658 2133
21331 0.9946869367709346 2133.1
21332 0.9946917935072043 2133.2
21333 0.9946966554441042 2133.3
21334 0.9947015226278966 2133.4
21335 0.9947063951035879 2133.5
21336 0.9947112729150667 2133.6
21337 0.9947161561049153 2133.7
21338 0.9947210447150748 2133.8
21339 0.9947259387854619 2133.9
21340 0.9947308383541305 2134
21341 0.9947357434577681 2134.1
21342 0.9947406541319185 2134.2
21343 0.994745570411242 2134.3
21344 0.994750492326294 2134.4
21345 0.9947554198999581 2134.5
21346 0.9947603531589794 2134.6
21347 0.9947652921310927 2134.7
21348 0.9947702368460644 2134.8
21349 0.9947751873349663 2134.9
21350 0.9947800627751616 2135
21351 0.9947848928929448 2135.1
21352 0.9947897389053908 2135.2
21353 0.9947945769502168 2135.3
21354 0.9947994224719177 2135.4
21355 0.9948042797723508 2135.5
21356 0.9948091481473293 2135.6
21357 0.9948140269151037 2135.7
21358 0.9948189154353844 2135.8
21359 0.9948238131021957 2135.9
21360 0.9948287193977035 2136
21361 0.9948336338836729 2136.1
21362 0.9948385561919233 2136.2
21363 0.9948434860148515 2136.3
21364 0.9948484230968795 2136.4
21365 0.9948533672252362 2136.5
21366 0.9948583182229092 2136.6
21367 0.9948632759418468 2136.7
21368 0.9948682402580088 2136.8
21369 0.9948732110673371 2136.9
21370 0.9948781882833545 2137
21371 0.9948831718334196 2137.1
21372 0.9948881616569454 2137.2
21373 0.994893157710303 2137.3
21374 0.9948981599614417 2137.4
21375 0.9949031683862767 2137.5
21376 0.9949081829669033 2137.6
21377 0.9949132036905207 2137.7
21378 0.9949182305483828 2137.8
21379 0.9949232635381249 2137.9
21380 0.9949283026824516 2138
21381 0.9949333479875649 2138.1
21382 0.9949383994517855 2138.2
21383 0.9949434570713341 2138.3
21384 0.9949485208420489 2138.4
21385 0.9949535907556811 2138.5
21386 0.9949586667862597 2138.6
21387 0.9949637489185026 2138.7
21388 0.9949688371439974 2138.8
21389 0.99497393145723 2138.9
21390 0.9949790318520653 2139
21391 0.9949841383181616 2139.1
21392 0.9949892508352732 2139.2
21393 0.9949943693668936 2139.3
21394 0.9949994938571721 2139.4
21395 0.9950046242278755 2139.5
21396 0.9950097604174296 2139.6
21397 0.9950149022902038 2139.7
21398 0.9950200496787879 2139.8
21399 0.9950252024121256 2139.9
21400 0.9950303603629347 2140
21401 0.9950355233609813 2140.1
21402 0.9950404749839209 2140.2
21403 0.9950454247457247 2140.3
21404 0.9950503939915775 2140.4
21405 0.9950552954343471 2140.5
21406 0.9950602115286139 2140.6
21407 0.9950651423903373 2140.7
21408 0.9950700857083928 2140.8
21409 0.9950750391994317 2140.9
21410 0.9950800006505635 2141
21411 0.9950849679796093 2141.1
21412 0.9950899392240253 2141.2
21413 0.9950949125446829 2141.3
21414 0.995099863475439 2141.4
21415 0.9951047134298865 2141.5
21416 0.9951095619592112 2141.6
21417 0.9951144074325642 2141.7
21418 0.99511917895633 2141.8
21419 0.995123898401413 2141.9
21420 0.9951286136744373 2142
21421 0.9951333107349218 2142.1
21422 0.995137969306176 2142.2
21423 0.9951426241033773 2142.3
21424 0.9951472749895754 2142.4
21425 0.9951519217025522 2142.5
21426 0.9951564516169908 2142.6
21427 0.9951607014358583 2142.7
21428 0.9951649727308904 2142.8
21429 0.9951692640180249 2142.9
21430 0.9951735730428058 2143
21431 0.995177896895296 2143.1
21432 0.9951822325597269 2143.2
21433 0.99518657722846 2143.3
21434 0.9951909284000461 2143.4
21435 0.9951952838860035 2143.5
21436 0.995199641789935 2143.6
21437 0.9952040004686881 2143.7
21438 0.9952083584978749 2143.8
21439 0.9952125055230244 2143.9
21440 0.9952162691444175 2144
21441 0.9952200552829483 2144.1
21442 0.9952238617008571 2144.2
21443 0.995227685495116 2144.3
21444 0.9952315238665399 2144.4
21445 0.995235373945588 2144.5
21446 0.9952392330823953 2144.6
21447 0.9952430990042389 2144.7
21448 0.9952467640807132 2144.8
21449 0.9952500458003202 2144.9
21450 0.9952533449172496 2145
21451 0.9952566606923444 2145.1
21452 0.9952599924509041 2145.2
21453 0.9952633395766441 2145.3
21454 0.9952667015043484 2145.4
21455 0.9952700777139157 2145.5
21456 0.9952734677231753 2145.6
21457 0.9952768710806925 2145.7
21458 0.9952802873605194 2145.8
21459 0.9952837161361657 2145.9
21460 0.995287156889766 2146
21461 0.9952906092423417 2146.1
21462 0.9952940728550991 2146.2
21463 0.9952975474079316 2146.3
21464 0.9953010325908833 2146.4
21465 0.9953044344313021 2146.5
21466 0.995307614625434 2146.6
21467 0.9953108278653566 2146.7
21468 0.99531407298409 2146.8
21469 0.9953173202024097 2146.9
21470 0.9953204568974683 2147
21471 0.9953236298270611 2147.1
21472 0.9953268367076087 2147.2
21473 0.9953300752077371 2147.3
21474 0.9953333430497269 2147.4
21475 0.995336638064289 2147.5
21476 0.9953399582131078 2147.6
21477 0.9953433016033988 2147.7
21478 0.9953466664930585 2147.8
21479 0.995350051289397 2147.9
21480 0.9953534545409104 2148
21481 0.9953568749270152 2148.1
21482 0.9953603112483652 2148.2
21483 0.9953637624132406 2148.3
21484 0.9953672274269088 2148.4
21485 0.9953707053877533 2148.5
21486 0.9953741954780638 2148.6
21487 0.9953776969545236 2148.7
21488 0.9953812091404551 2148.8
21489 0.9953847314180232 2148.9
21490 0.9953882632220922 2149
21491 0.9953918040350933 2149.1
21492 0.9953953533825735 2149.2
21493 0.9953989108289971 2149.3
21494 0.9954024572949888 2149.4
21495 0.995405889762871 2149.5
21496 0.9954093381158308 2149.6
21497 0.9954128016906776 2149.7
21498 0.9954162797833537 2149.8
21499 0.9954197716840719 2149.9
21500 0.9954232766968041 2150
21501 0.9954267941503624 2150.1
21502 0.9954303234044649 2150.2
21503 0.9954338638532498 2150.3
21504 0.9954374149264426 2150.4
21505 0.9954409760902635 2150.5
21506 0.995444546847437 2150.6
21507 0.995448126737295 2150.7
21508 0.9954517153339855 2150.8
21509 0.9954553122463046 2150.9
21510 0.99545891711691 2151
21511 0.9954625296188769 2151.1
21512 0.9954661494560025 2151.2
21513 0.9954697763615075 2151.3
21514 0.9954734100969302 2151.4
21515 0.9954770504505442 2151.5
21516 0.995480697236178 2151.6
21517 0.9954843502917942 2151.7
21518 0.9954880094783326 2151.8
21519 0.9954916746788189 2151.9
21520 0.9954953457971062 2152
21521 0.9954990227571997 2152.1
21522 0.9955027054917142 2152.2
21523 0.9955063939557923 2152.3
21524 0.9955100881253796 2152.4
21525 0.9955137879946816 2152.5
21526 0.9955174935752327 2152.6
21527 0.9955212048953033 2152.7
21528 0.9955248998363794 2152.8
21529 0.9955285712468036 2152.9
21530 0.9955322501441971 2153
21531 0.9955359366263193 2153.1
21532 0.9955396307874879 2153.2
21533 0.9955433327304455 2153.3
21534 0.9955470425672842 2153.4
21535 0.9955507604271802 2153.5
21536 0.9955544864577976 2153.6
21537 0.9955582208251774 2153.7
21538 0.9955619637131008 2153.8
21539 0.9955657153222157 2153.9
21540 0.9955694758683494 2154
21541 0.9955732455792605 2154.1
21542 0.9955770246944912 2154.2
21543 0.9955808134649051 2154.3
21544 0.9955846121504983 2154.4
21545 0.9955884210183304 2154.5
21546 0.9955922403392586 2154.6
21547 0.9955960703832298 2154.7
21548 0.9955999114221037 2154.8
21549 0.9956037637248522 2154.9
21550 0.9956076275532743 2155
21551 0.9956115031581759 2155.1
21552 0.9956153907758242 2155.2
21553 0.9956192906229934 2155.3
21554 0.9956232028941139 2155.4
21555 0.9956271277598033 2155.5
21556 0.9956310653727024 2155.6
21557 0.9956350158642781 2155.7
21558 0.9956389793362792 2155.8
21559 0.9956429558547942 2155.9
21560 0.9956469454559149 2156
21561 0.9956509481304027 2156.1
21562 0.9956549638182701 2156.2
21563 0.9956589924200983 2156.3
21564 0.9956630338018557 2156.4
21565 0.9956670877999383 2156.5
21566 0.9956711542185704 2156.6
21567 0.9956752328252753 2156.7
21568 0.9956793233584972 2156.8
21569 0.9956834255275245 2156.9
21570 0.9956875390138913 2157
21571 0.9956916634744718 2157.1
21572 0.9956957985446857 2157.2
21573 0.9956999438420585 2157.3
21574 0.9957040989700814 2157.4
21575 0.9957082635229368 2157.5
21576 0.9957124370901852 2157.6
21577 0.9957166192611272 2157.7
21578 0.9957208096289888 2157.8
21579 0.9957250077960144 2157.9
21580 0.995729213374716 2158
21581 0.9957334259938109 2158.1
21582 0.9957376452998437 2158.2
21583 0.9957418709595164 2158.3
21584 0.9957461026599859 2158.4
21585 0.9957503401022538 2158.5
21586 0.9957545830098791 2158.6
21587 0.9957588311725702 2158.7
21588 0.9957630843850847 2158.8
21589 0.9957673424466165 2158.9
21590 0.9957716051699723 2159
21591 0.9957758723857962 2159.1
21592 0.9957801439442747 2159.2
21593 0.9957844197151798 2159.3
21594 0.9957886995869267 2159.4
21595 0.9957929834652062 2159.5
21596 0.9957972712709048 2159.6
21597 0.9958015629455379 2159.7
21598 0.995805778244202 2159.8
21599 0.9958099922480578 2159.9
21600 0.9958142063411828 2160
21601 0.995818421093734 2160.1
21602 0.9958226370721089 2160.2
21603 0.9958268548167457 2160.3
21604 0.9958310385446308 2160.4
21605 0.9958352110909503 2160.5
21606 0.9958393841208765 2160.6
21607 0.995843558249863 2160.7
21608 0.995847734070632 2160.8
21609 0.9958519121496834 2160.9
21610 0.9958560930417401 2161
21611 0.9958602773044755 2161.1
21612 0.9958644654501597 2161.2
21613 0.9958686579317226 2161.3
21614 0.9958728551865389 2161.4
21615 0.9958770576403685 2161.5
21616 0.9958812656514213 2161.6
21617 0.9958854795263249 2161.7
21618 0.9958896995514697 2161.8
21619 0.9958939259833504 2161.9
21620 0.995898159049695 2162
21621 0.995902398951234 2162.1
21622 0.9959066458608492 2162.2
21623 0.9959108999230695 2162.3
21624 0.9959151612546284 2162.4
21625 0.99591942988949 2162.5
21626 0.9959237048966545 2162.6
21627 0.9959278218495408 2162.7
21628 0.995931965302957 2162.8
21629 0.9959361347297317 2162.9
21630 0.9959403291950546 2163
21631 0.9959445475714388 2163.1
21632 0.9959487887259272 2163.2
21633 0.9959530515492599 2163.3
21634 0.9959573349541903 2163.4
21635 0.9959616378866397 2163.5
21636 0.9959659593306279 2163.6
21637 0.9959702983069337 2163.7
21638 0.9959746538733114 2163.8
21639 0.9959790251225505 2163.9
21640 0.9959834111789699 2164
21641 0.995987811201108 2164.1
21642 0.9959922243767191 2164.2
21643 0.9959966498897225 2164.3
21644 0.9960010869270555 2164.4
21645 0.996005534685929 2164.5
21646 0.9960099923882841 2164.6
21647 0.9960144592707088 2164.7
21648 0.996018934574298 2164.8
21649 0.9960234175383836 2164.9
21650 0.9960279074006161 2165
21651 0.9960324034112912 2165.1
21652 0.9960369048078084 2165.2
21653 0.9960414108147932 2165.3
21654 0.9960459206439466 2165.4
21655 0.9960504334993098 2165.5
21656 0.9960549485813471 2165.6
21657 0.9960594650911047 2165.7
21658 0.9960639822353149 2165.8
21659 0.9960684992354292 2165.9
21660 0.9960730152455534 2166
21661 0.9960775294676578 2166.1
21662 0.9960820411543684 2166.2
21663 0.9960865496079699 2166.3
21664 0.9960910541771166 2166.4
21665 0.9960955542483056 2166.5
21666 0.996100042128837 2166.6
21667 0.996104509248406 2166.7
21668 0.9961089716846644 2166.8
21669 0.9961134292576871 2166.9
21670 0.9961178818139427 2167
21671 0.9961223292026946 2167.1
21672 0.9961267712640137 2167.2
21673 0.9961312078254028 2167.3
21674 0.996135638699283 2167.4
21675 0.9961400636851724 2167.5
21676 0.9961444825730222 2167.6
21677 0.9961488951464927 2167.7
21678 0.9961533011886865 2167.8
21679 0.9961577004832741 2167.9
21680 0.9961620928160212 2168
21681 0.9961664779731962 2168.1
21682 0.9961708557625738 2168.2
21683 0.9961752260056024 2168.3
21684 0.9961795885376941 2168.4
21685 0.9961839432004714 2168.5
21686 0.9961881706456677 2168.6
21687 0.9961923527269849 2168.7
21688 0.9961964933907068 2168.8
21689 0.9962006342358922 2168.9
21690 0.9962047748072952 2169
21691 0.9962089144997327 2169.1
21692 0.9962130527175989 2169.2
21693 0.9962171889176932 2169.3
21694 0.9962213225651811 2169.4
21695 0.9962254531663816 2169.5
21696 0.9962295403009028 2169.6
21697 0.9962335762312829 2169.7
21698 0.996237609881147 2169.8
21699 0.9962416409763986 2169.9
21700 0.996245669292349 2170
21701 0.9962496946631746 2170.1
21702 0.9962537169783281 2170.2
21703 0.9962577361651179 2170.3
21704 0.9962617522011048 2170.4
21705 0.9962657651008833 2170.5
21706 0.9962697749091174 2170.6
21707 0.9962737816986829 2170.7
21708 0.9962777855652868 2170.8
21709 0.9962817866245307 2170.9
21710 0.996285785006654 2171
21711 0.9962897808531467 2171.1
21712 0.9962937743075828 2171.2
21713 0.9962977655131857 2171.3
21714 0.9963017546118538 2171.4
21715 0.9963057417432738 2171.5
21716 0.9963097270429565 2171.6
21717 0.9963137106402995 2171.7
21718 0.9963176926573272 2171.8
21719 0.9963216732085369 2171.9
21720 0.9963256049332825 2172
21721 0.9963294327409964 2172.1
21722 0.9963332678634393 2172.2
21723 0.9963371100306241 2172.3
21724 0.9963409589074608 2172.4
21725 0.9963448141307368 2172.5
21726 0.9963486753299552 2172.6
21727 0.9963525421381835 2172.7
21728 0.9963564141956985 2172.8
21729 0.996360291150965 2172.9
21730 0.9963641726580557 2173
21731 0.9963680583878936 2173.1
21732 0.9963719480300028 2173.2
21733 0.9963758412901242 2173.3
21734 0.9963797378906281 2173.4
21735 0.9963836375708197 2173.5
21736 0.9963875400858463 2173.6
21737 0.9963914452021514 2173.7
21738 0.9963953526996732 2173.8
21739 0.9963992623730764 2173.9
21740 0.9964031740310405 2174
21741 0.9964070874950066 2174.1
21742 0.9964110025996396 2174.2
21743 0.996414919192483 2174.3
21744 0.9964188371326874 2174.4
21745 0.9964227562906047 2174.5
21746 0.9964266765478863 2174.6
21747 0.9964305977885146 2174.7
21748 0.9964345199169394 2174.8
21749 0.996438442853656 2174.9
21750 0.9964423665321269 2175
21751 0.9964462908976073 2175.1
21752 0.9964502159059028 2175.2
21753 0.9964541415225483 2175.3
21754 0.9964580677235466 2175.4
21755 0.9964619944941763 2175.5
21756 0.996465921828721 2175.6
21757 0.9964698497313587 2175.7
21758 0.9964737782162109 2175.8
21759 0.9964777073074684 2175.9
21760 0.9964816370393552 2176
21761 0.9964855674562502 2176.1
21762 0.9964894986118789 2176.2
21763 0.9964934305712122 2176.3
21764 0.9964973634118578 2176.4
21765 0.9965012972226862 2176.5
21766 0.9965052321033478 2176.6
21767 0.9965091681638754 2176.7
21768 0.9965131055243315 2176.8
21769 0.9965170443145011 2176.9
21770 0.9965209846733845 2177
21771 0.9965249267487332 2177.1
21772 0.9965288706929947 2177.2
21773 0.9965328166281044 2177.3
21774 0.996536754727111 2177.4
21775 0.9965406695049341 2177.5
21776 0.9965445840928713 2177.6
21777 0.9965484988078417 2177.7
21778 0.9965524139970484 2177.8
21779 0.9965563300177595 2177.9
21780 0.9965602472251912 2178
21781 0.9965641659669087 2178.1
21782 0.9965680865797744 2178.2
21783 0.9965720093890769 2178.3
21784 0.9965759347083083 2178.4
21785 0.9965798628388698 2178.5
21786 0.9965837940824036 2178.6
21787 0.9965877287328371 2178.7
21788 0.9965916670714751 2178.8
21789 0.9965955824100724 2178.9
21790 0.9965994247836479 2179
21791 0.9966032790059295 2179.1
21792 0.9966071451947702 2179.2
21793 0.9966110231888483 2179.3
21794 0.9966149126484941 2179.4
21795 0.9966188131598871 2179.5
21796 0.9966227243112383 2179.6
21797 0.996626645720309 2179.7
21798 0.9966305770453979 2179.8
21799 0.996634517990128 2179.9
21800 0.9966384683048696 2180
21801 0.9966424277837481 2180.1
21802 0.996646396248914 2180.2
21803 0.9966503735697932 2180.3
21804 0.9966543596592151 2180.4
21805 0.9966583544635835 2180.5
21806 0.9966623579544442 2180.6
21807 0.9966663701209281 2180.7
21808 0.9966703909627687 2180.8
21809 0.9966744204850387 2180.9
21810 0.9966784586961916 2181
21811 0.9966825056222068 2181.1
21812 0.9966865612591916 2181.2
21813 0.9966906255801491 2181.3
21814 0.9966946985423274 2181.4
21815 0.9966987800944958 2181.5
21816 0.9967028701756493 2181.6
21817 0.99670696871696 2181.7
21818 0.9967110756472334 2181.8
21819 0.9967151909322046 2181.9
21820 0.996719314529646 2182
21821 0.9967234463556079 2182.1
21822 0.9967275862970811 2182.2
21823 0.9967317342922892 2182.3
21824 0.9967358902342832 2182.4
21825 0.9967400539621037 2182.5
21826 0.9967442252655624 2182.6
21827 0.996748403930491 2182.7
21828 0.9967525897342886 2182.8
21829 0.9967567824398806 2182.9
21830 0.9967609817764396 2183
21831 0.9967651874677976 2183.1
21832 0.996769399233673 2183.2
21833 0.9967736167848624 2183.3
21834 0.9967778398247175 2183.4
21835 0.9967820091723646 2183.5
21836 0.9967861513868447 2183.6
21837 0.9967902942669357 2183.7
21838 0.9967944379950957 2183.8
21839 0.9967985827825735 2183.9
21840 0.9968027288531325 2184
21841 0.9968068764306084 2184.1
21842 0.9968110257307004 2184.2
21843 0.9968151769555351 2184.3
21844 0.9968193302892951 2184.4
21845 0.9968234858934069 2184.5
21846 0.9968276439061922 2184.6
21847 0.9968318044400037 2184.7
21848 0.996835967581134 2184.8
21849 0.9968401333849346 2184.9
21850 0.996844301873741 2185
21851 0.9968483716272295 2185.1
21852 0.9968523989192876 2185.2
21853 0.9968564389747474 2185.3
21854 0.9968604912615239 2185.4
21855 0.9968645549376839 2185.5
21856 0.9968686290152166 2185.6
21857 0.9968727124354636 2185.7
21858 0.9968768041277605 2185.8
21859 0.996880903042885 2185.9
21860 0.996885008176074 2186
21861 0.9968891185830783 2186.1
21862 0.9968932334606513 2186.2
21863 0.9968973521131402 2186.3
21864 0.9969014739108828 2186.4
21865 0.9969055982464655 2186.5
21866 0.9969097245764029 2186.6
21867 0.9969137208628057 2186.7
21868 0.9969176619631429 2186.8
21869 0.9969216144756291 2186.9
21870 0.9969255773817408 2187
21871 0.9969295494656137 2187.1
21872 0.9969335294391849 2187.2
21873 0.996937516015108 2187.3
21874 0.9969415079461449 2187.4
21875 0.9969455040484636 2187.5
21876 0.9969494645428847 2187.6
21877 0.9969534139283766 2187.7
21878 0.9969573661192985 2187.8
21879 0.9969613206856717 2187.9
21880 0.9969652772464712 2188
21881 0.9969692354445999 2188.1
21882 0.9969731949434102 2188.2
21883 0.9969771554312973 2188.3
21884 0.9969811166126367 2188.4
21885 0.9969850782023868 2188.5
21886 0.9969890399224726 2188.6
21887 0.9969930015002643 2188.7
21888 0.9969969164915399 2188.8
21889 0.9970007021061416 2188.9
21890 0.9970042832427084 2189
21891 0.9970078537932487 2189.1
21892 0.9970114500715064 2189.2
21893 0.9970150702944846 2189.3
21894 0.99701871216169 2189.4
21895 0.9970223734433669 2189.5
21896 0.9970260518105774 2189.6
21897 0.9970297450649104 2189.7
21898 0.9970334511912228 2189.8
21899 0.9970371683759039 2189.9
21900 0.997040895003668 2190
21901 0.9970446296387564 2190.1
21902 0.9970483710039305 2190.2
21903 0.9970521179599827 2190.3
21904 0.9970558694856672 2190.4
21905 0.99705962466111 2190.5
21906 0.9970633826560428 2190.6
21907 0.997067142717875 2190.7
21908 0.9970709041559531 2190.8
21909 0.9970746630428829 2190.9
21910 0.9970783476584436 2191
21911 0.9970818631972365 2191.1
21912 0.9970852043772854 2191.2
21913 0.9970885648755579 2191.3
21914 0.9970919434243992 2191.4
21915 0.9970953379060716 2191.5
21916 0.9970987458699677 2191.6
21917 0.9971021649119588 2191.7
21918 0.9971055928667684 2191.8
21919 0.9971090278389589 2191.9
21920 0.9971124682016096 2192
21921 0.9971159125657402 2192.1
21922 0.9971193597491789 2192.2
21923 0.9971228087454639 2192.3
21924 0.9971259818895628 2192.4
21925 0.9971289693128723 2192.5
21926 0.9971318771893518 2192.6
21927 0.9971348094714665 2192.7
21928 0.9971377636892602 2192.8
21929 0.9971407371246153 2192.9
21930 0.9971436789073354 2193
21931 0.9971465105521485 2193.1
21932 0.9971493568021386 2193.2
21933 0.9971519438265639 2193.3
21934 0.9971543296124672 2193.4
21935 0.9971566619042221 2193.5
21936 0.9971589354716007 2193.6
21937 0.9971612303891844 2193.7
21938 0.9971635457668139 2193.8
21939 0.9971658807186533 2193.9
21940 0.9971682343783593 2194
21941 0.9971706059145308 2194.1
21942 0.997172994538962 2194.2
21943 0.997175399508523 2194.3
21944 0.9971778201230593 2194.4
21945 0.9971802557226065 2194.5
21946 0.9971827056845719 2194.6
21947 0.9971851694213499 2194.7
21948 0.9971876463788016 2194.8
21949 0.9971901360353064 2194.9
21950 0.9971926378993107 2195
21951 0.9971951515062737 2195.1
21952 0.9971976239857604 2195.2
21953 0.997200045154498 2195.3
21954 0.9972024805670047 2195.4
21955 0.997204929818843 2195.5
21956 0.9972073925205792 2195.6
21957 0.9972098683038958 2195.7
21958 0.9972123568243478 2195.8
21959 0.9972148577576402 2195.9
21960 0.9972173708046638 2196
21961 0.9972198956915251 2196.1
21962 0.9972224321668318 2196.2
21963 0.9972249799997491 2196.3
21964 0.9972275389787308 2196.4
21965 0.9972301089119054 2196.5
21966 0.9972326896248856 2196.6
21967 0.9972352809592891 2196.7
21968 0.9972378827721013 2196.8
21969 0.9972404949350008 2196.9
21970 0.9972431173338703 2197
21971 0.9972457498680836 2197.1
21972 0.9972483924497172 2197.2
21973 0.9972510450027595 2197.3
21974 0.9972537074622594 2197.4
21975 0.9972563797735003 2197.5
21976 0.9972590618909201 2197.6
21977 0.9972617537774399 2197.7
21978 0.9972644554032387 2197.8
21979 0.9972671667448242 2197.9
21980 0.9972698877840654 2198
21981 0.9972726185074182 2198.1
21982 0.9972753589047265 2198.2
21983 0.997278108968414 2198.3
21984 0.9972808686926135 2198.4
21985 0.997283638072326 2198.5
21986 0.9972864171025172 2198.6
21987 0.9972892057774912 2198.7
21988 0.9972920040900941 2198.8
21989 0.9972948120317648 2198.9
21990 0.9972976295921506 2199
21991 0.9973004567685526 2199.1
21992 0.9973032935559401 2199.2
21993 0.9973061399418516 2199.3
21994 0.9973089958982801 2199.4
21995 0.9973118613932532 2199.5
21996 0.9973147363930446 2199.6
21997 0.9973176208504486 2199.7
21998 0.9973205147130393 2199.8
21999 0.9973234179241999 2199.9
22000 0.9973263304211547 2200
22001 0.9973292521321332 2200.1
22002 0.9973321829830615 2200.2
22003 0.9973351228959811 2200.3
22004 0.9973380717880292 2200.4
22005 0.9973410295709191 2200.5
22006 0.9973439961505293 2200.6
22007 0.9973469714270975 2200.7
22008 0.9973499552954482 2200.8
22009 0.9973529476453881 2200.9
22010 0.9973559483587155 2201
22011 0.9973589573122027 2201.1
22012 0.9973619743808618 2201.2
22013 0.9973649994379745 2201.3
22014 0.9973680323566891 2201.4
22015 0.9973710730108997 2201.5
22016 0.9973741212762521 2201.6
22017 0.9973771770307274 2201.7
22018 0.9973802401554343 2201.8
22019 0.997383310534662 2201.9
22020 0.9973863880560075 2202
22021 0.9973894726106872 2202.1
22022 0.9973925640929402 2202.2
22023 0.9973956623909324 2202.3
22024 0.997398767384766 2202.4
22025 0.9974018789532246 2202.5
22026 0.9974049969749152 2202.6
22027 0.997408121325374 2202.7
22028 0.997411251879082 2202.8
22029 0.9974143885159548 2202.9
22030 0.9974175311136169 2203
22031 0.9974206795463795 2203.1
22032 0.9974238336858763 2203.2
22033 0.9974269933541736 2203.3
22034 0.9974301583911203 2203.4
22035 0.9974333244476395 2203.5
22036 0.9974364143888944 2203.6
22037 0.9974395049268937 2203.7
22038 0.9974425963439829 2203.8
22039 0.9974456889640294 2203.9
22040 0.9974487831298056 2204
22041 0.9974518791884486 2204.1
22042 0.9974549774817635 2204.2
22043 0.9974580783401142 2204.3
22044 0.9974611820782271 2204.4
22045 0.9974642889924055 2204.5
22046 0.9974673993601092 2204.6
22047 0.9974705134374287 2204.7
22048 0.9974736314597064 2204.8
22049 0.9974767536416028 2204.9
22050 0.9974798801760373 2205
22051 0.9974830112349774 2205.1
22052 0.9974861469694096 2205.2
22053 0.9974892875100211 2205.3
22054 0.9974924329676597 2205.4
22055 0.9974955834322115 2205.5
22056 0.9974987389669214 2205.6
22057 0.9975018996136288 2205.7
22058 0.9975050654047124 2205.8
22059 0.9975082363659089 2205.9
22060 0.9975114125190933 2206
22061 0.997514593888005 2206.1
22062 0.9975177804896963 2206.2
22063 0.9975209723359264 2206.3
22064 0.9975241694214363 2206.4
22065 0.9975273717295734 2206.5
22066 0.9975305792346868 2206.6
22067 0.9975337919493656 2206.7
22068 0.9975370099046121 2206.8
22069 0.9975402330341915 2206.9
22070 0.9975434612630528 2207
22071 0.9975466945129183 2207.1
22072 0.9975499327032677 2207.2
22073 0.9975531757554555 2207.3
22074 0.9975564235911955 2207.4
22075 0.9975596761317943 2207.5
22076 0.9975629332919476 2207.6
22077 0.9975661949635212 2207.7
22078 0.9975694610734073 2207.8
22079 0.9975727315676172 2207.9
22080 0.9975760063948007 2208
22081 0.9975792855085761 2208.1
22082 0.9975825688665836 2208.2
22083 0.9975858564204535 2208.3
22084 0.997589107903757 2208.4
22085 0.9975922860383246 2208.5
22086 0.9975954814938238 2208.6
22087 0.9975986937007264 2208.7
22088 0.9976019219117627 2208.8
22089 0.9976051653176206 2208.9
22090 0.9976084231173907 2209
22091 0.9976116816163384 2209.1
22092 0.9976149158098159 2209.2
22093 0.997618162317362 2209.3
22094 0.9976214208132259 2209.4
22095 0.9976246910307982 2209.5
22096 0.9976279727400764 2209.6
22097 0.9976312657380191 2209.7
22098 0.9976345698407876 2209.8
22099 0.9976378848761128 2209.9
22100 0.9976412106776271 2210
22101 0.9976445470804132 2210.1
22102 0.9976478939176262 2210.2
22103 0.9976512510179308 2210.3
22104 0.9976546182032268 2210.4
22105 0.9976579952866634 2210.5
22106 0.9976613820645822 2210.6
22107 0.9976647783230271 2210.7
22108 0.9976681838203605 2210.8
22109 0.9976715983139652 2210.9
22110 0.9976750215551208 2211
22111 0.9976784532851414 2211.1
22112 0.9976818932459721 2211.2
22113 0.9976853411665331 2211.3
22114 0.9976887967574164 2211.4
22115 0.9976922597107628 2211.5
22116 0.9976957297010023 2211.6
22117 0.9976992063858718 2211.7
22118 0.9977026894080163 2211.8
22119 0.997706178396551 2211.9
22120 0.9977096612297757 2212
22121 0.9977131253773309 2212.1
22122 0.9977165932089489 2212.2
22123 0.9977200646409312 2212.3
22124 0.9977235396195679 2212.4
22125 0.9977270180968977 2212.5
22126 0.9977304999992879 2212.6
22127 0.997733985240653 2212.7
22128 0.9977374737251451 2212.8
22129 0.997740965321675 2212.9
22130 0.9977444598655132 2213
22131 0.9977479571605966 2213.1
22132 0.9977514569820014 2213.2
22133 0.9977549590796397 2213.3
22134 0.9977584631806028 2213.4
22135 0.9977619689943341 2213.5
22136 0.9977654762153132 2213.6
22137 0.9977689845248934 2213.7
22138 0.9977724935935468 2213.8
22139 0.9977760030824613 2213.9
22140 0.997779512645536 2214
22141 0.9977830219302345 2214.1
22142 0.9977865305802796 2214.2
22143 0.9977900382450879 2214.3
22144 0.997793544573061 2214.4
22145 0.997797049211022 2214.5
22146 0.9978005518059543 2214.6
22147 0.9978040520067756 2214.7
22148 0.9978074464918636 2214.8
22149 0.9978108364177862 2214.9
22150 0.9978142227505781 2215
22151 0.9978176051826227 2215.1
22152 0.9978209833824435 2215.2
22153 0.9978243570254446 2215.3
22154 0.9978277258098412 2215.4
22155 0.9978310894661663 2215.5
22156 0.9978344477479018 2215.6
22157 0.9978378004159302 2215.7
22158 0.9978411472369618 2215.8
22159 0.9978444880018875 2215.9
22160 0.9978478225252251 2216
22161 0.9978511506488273 2216.1
22162 0.9978544722454622 2216.2
22163 0.9978577872059716 2216.3
22164 0.9978610954405328 2216.4
22165 0.9978643968770829 2216.5
22166 0.9978676914596906 2216.6
22167 0.9978709095259045 2216.7
22168 0.9978740422311047 2216.8
22169 0.9978771728564412 2216.9
22170 0.9978803013047174 2217
22171 0.9978834274463225 2217.1
22172 0.9978865511748174 2217.2
22173 0.9978896724186123 2217.3
22174 0.9978927911058021 2217.4
22175 0.9978959071850739 2217.5
22176 0.9978990206274203 2217.6
22177 0.9979021314270629 2217.7
22178 0.9979052395982045 2217.8
22179 0.9979083451747066 2217.9
22180 0.9979114482083714 2218
22181 0.9979145487675444 2218.1
22182 0.9979175848486442 2218.2
22183 0.9979206105709524 2218.3
22184 0.9979236388050478 2218.4
22185 0.9979266695983682 2218.5
22186 0.9979297028840945 2218.6
22187 0.9979327385413546 2218.7
22188 0.9979357765057215 2218.8
22189 0.9979388166815674 2218.9
22190 0.997941858962449 2219
22191 0.9979449032510112 2219.1
22192 0.9979479494666622 2219.2
22193 0.9979509975500587 2219.3
22194 0.9979540474660646 2219.4
22195 0.9979570992042007 2219.5
22196 0.9979601527761299 2219.6
22197 0.9979632082129453 2219.7
22198 0.9979662655632393 2219.8
22199 0.9979693248937506 2219.9
22200 0.997972386284148 2220
22201 0.9979754498199014 2220.1
22202 0.9979785155912893 2220.2
22203 0.997981583692248 2220.3
22204 0.9979846542186824 2220.4
22205 0.9979877272654208 2220.5
22206 0.9979908029260058 2220.6
22207 0.9979938812929335 2220.7
22208 0.9979969624569845 2220.8
22209 0.9980000465071696 2220.9
22210 0.9980031335349995 2221
22211 0.9980062236324967 2221.1
22212 0.9980093168897223 2221.2
22213 0.9980124133947534 2221.3
22214 0.9980155132338301 2221.4
22215 0.9980186164912497 2221.5
22216 0.9980217232496541 2221.6
22217 0.9980248335900587 2221.7
22218 0.9980279475917916 2221.8
22219 0.9980310653083433 2221.9
22220 0.9980341867745015 2222
22221 0.9980373120439482 2222.1
22222 0.9980404411748991 2222.2
22223 0.9980435742262581 2222.3
22224 0.998046711256666 2222.4
22225 0.9980498523238902 2222.5
22226 0.9980529974845178 2222.6
22227 0.9980561467934843 2222.7
22228 0.998059300304336 2222.8
22229 0.9980624580692181 2222.9
22230 0.9980656201387303 2223
22231 0.9980687865617599 2223.1
22232 0.9980719573860916 2223.2
22233 0.9980751326582797 2223.3
22234 0.9980783124239068 2223.4
22235 0.9980814967272744 2223.5
22236 0.9980846856115639 2223.6
22237 0.9980878791162291 2223.7
22238 0.9980910772748566 2223.8
22239 0.9980942801180255 2223.9
22240 0.9980974876719835 2224
22241 0.9981006999494341 2224.1
22242 0.9981039169494672 2224.2
22243 0.9981071386670903 2224.3
22244 0.9981103650983142 2224.4
22245 0.9981135962483412 2224.5
22246 0.998116832126726 2224.6
22247 0.9981200727445014 2224.7
22248 0.9981233181114714 2224.8
22249 0.9981265682343157 2224.9
22250 0.9981298231151822 2225
22251 0.9981330827534464 2225.1
22252 0.998136347140902 2225.2
22253 0.9981396162591909 2225.3
22254 0.9981428900854736 2225.4
22255 0.998146168586698 2225.5
22256 0.9981494517779352 2225.6
22257 0.9981527396168642 2225.7
22258 0.9981560320602997 2225.8
22259 0.9981593290604193 2225.9
22260 0.9981626305600908 2226
22261 0.9981659364908531 2226.1
22262 0.9981692467727957 2226.2
22263 0.9981725613203434 2226.3
22264 0.9981758800437885 2226.4
22265 0.9981792028493376 2226.5
22266 0.9981825296390255 2226.6
22267 0.9981858603125319 2226.7
22268 0.9981891947800866 2226.8
22269 0.9981925329450234 2226.9
22270 0.9981958747074883 2227
22271 0.9981992058552182 2227.1
22272 0.9982025000389041 2227.2
22273 0.998205796317107 2227.3
22274 0.9982090948951832 2227.4
22275 0.998212395999555 2227.5
22276 0.9982156998605282 2227.6
22277 0.9982190067014058 2227.7
22278 0.9982223167318497 2227.8
22279 0.9982256301433272 2227.9
22280 0.9982289471041456 2228
22281 0.9982322677621523 2228.1
22282 0.99823559224321 2228.2
22283 0.9982389206502318 2228.3
22284 0.9982422530632072 2228.4
22285 0.9982455895395513 2228.5
22286 0.9982489301140058 2228.6
22287 0.9982522747991445 2228.7
22288 0.9982556235853525 2228.8
22289 0.998258976422302 2228.9
22290 0.9982623332508721 2229
22291 0.9982656940006552 2229.1
22292 0.9982690585865165 2229.2
22293 0.9982724269074283 2229.3
22294 0.998275798846158 2229.4
22295 0.9982791742698333 2229.5
22296 0.9982825530307825 2229.6
22297 0.9982859349678819 2229.7
22298 0.9982893199072981 2229.8
22299 0.9982927076635203 2229.9
22300 0.998296098040481 2230
22301 0.9982994908293839 2230.1
22302 0.9983028858129619 2230.2
22303 0.9983062827664273 2230.3
22304 0.998309681458493 2230.4
22305 0.9983130319634584 2230.5
22306 0.9983163570261406 2230.6
22307 0.9983196882207753 2230.7
22308 0.9983230251328142 2230.8
22309 0.9983263672025832 2230.9
22310 0.9983297138014134 2231
22311 0.9983330642776922 2231.1
22312 0.9983364179836842 2231.2
22313 0.9983397742905629 2231.3
22314 0.9983431325968214 2231.4
22315 0.9983464923321157 2231.5
22316 0.9983498529586191 2231.6
22317 0.9983532139706786 2231.7
22318 0.9983565748915745 2231.8
22319 0.9983599352658207 2231.9
22320 0.9983632946705135 2232
22321 0.9983666527090634 2232.1
22322 0.9983700090100927 2232.2
22323 0.9983733632239319 2232.3
22324 0.9983767150192276 2232.4
22325 0.9983800640813399 2232.5
22326 0.9983834101105447 2232.6
22327 0.9983867528201014 2232.7
22328 0.9983900919350305 2232.8
22329 0.9983934271914741 2232.9
22330 0.9983967583361408 2233
22331 0.9984000851259585 2233.1
22332 0.9984034073279631 2233.2
22333 0.998406724718905 2233.3
22334 0.9984099580854768 2233.4
22335 0.9984131350170237 2233.5
22336 0.998416307039237 2233.6
22337 0.9984194739796564 2233.7
22338 0.9984226356195235 2233.8
22339 0.9984257917411983 2233.9
22340 0.9984289421417383 2234
22341 0.9984320866167087 2234.1
22342 0.9984352249498739 2234.2
22343 0.9984383569461694 2234.3
22344 0.9984414824293258 2234.4
22345 0.998444601251012 2234.5
22346 0.9984477132911529 2234.6
22347 0.9984508184538693 2234.7
22348 0.9984539166634906 2234.8
22349 0.9984569146937057 2234.9
22350 0.9984598168506571 2235
22351 0.9984627164220297 2235.1
22352 0.9984656132218894 2235.2
22353 0.9984685070385766 2235.3
22354 0.998471397675845 2235.4
22355 0.9984742849110514 2235.5
22356 0.998477168532701 2235.6
22357 0.9984800483563727 2235.7
22358 0.99848292422439 2235.8
22359 0.998485796001384 2235.9
22360 0.9984886635707674 2236
22361 0.9984915268334345 2236.1
22362 0.9984943857060457 2236.2
22363 0.9984972401180096 2236.3
22364 0.998500090010496 2236.4
22365 0.9985029353358889 2236.5
22366 0.9985057760584358 2236.6
22367 0.9985086121537976 2236.7
22368 0.998511330871917 2236.8
22369 0.9985140363107906 2236.9
22370 0.9985167423136847 2237
22371 0.9985194488125592 2237.1
22372 0.9985221557352193 2237.2
22373 0.998524863012902 2237.3
22374 0.998527570583327 2237.4
22375 0.998530235192725 2237.5
22376 0.9985328263530358 2237.6
22377 0.9985354253085624 2237.7
22378 0.9985380317807182 2237.8
22379 0.9985406452615435 2237.9
22380 0.9985432651523106 2238
22381 0.9985458908365404 2238.1
22382 0.9985485217166506 2238.2
22383 0.9985511572270744 2238.3
22384 0.9985537968487294 2238.4
22385 0.9985564401156695 2238.5
22386 0.998559086618075 2238.6
22387 0.9985617360016686 2238.7
22388 0.9985643879647911 2238.8
22389 0.9985670422536596 2238.9
22390 0.9985696986605066 2239
22391 0.998572357016742 2239.1
22392 0.9985750171865601 2239.2
22393 0.9985776790617625 2239.3
22394 0.9985803425575526 2239.4
22395 0.9985830076084716 2239.5
22396 0.9985856741579276 2239.6
22397 0.998588342165064 2239.7
22398 0.9985910116022537 2239.8
22399 0.9985936824538039 2239.9
22400 0.9985963547140742 2240
22401 0.9985990283862225 2240.1
22402 0.9986017034808971 2240.2
22403 0.998604380015973 2240.3
22404 0.9986070580153145 2240.4
22405 0.9986097375073794 2240.5
22406 0.9986124185248025 2240.6
22407 0.9986151011043345 2240.7
22408 0.9986177852865918 2240.8
22409 0.9986204711160133 2240.9
22410 0.9986231586414015 2241
22411 0.9986258479138261 2241.1
22412 0.9986285389856197 2241.2
22413 0.9986312319143444 2241.3
22414 0.9986339267618711 2241.4
22415 0.9986366235892791 2241.5
22416 0.9986393224584782 2241.6
22417 0.9986420234330647 2241.7
22418 0.9986447265824844 2241.8
22419 0.9986474319731712 2241.9
22420 0.9986501396706787 2242
22421 0.9986528497404299 2242.1
22422 0.9986555622482537 2242.2
22423 0.9986582772599976 2242.3
22424 0.9986609407152643 2242.4
22425 0.9986634976277967 2242.5
22426 0.9986660675552197 2242.6
22427 0.9986686502498792 2242.7
22428 0.9986712451277706 2242.8
22429 0.998673851436126 2242.9
22430 0.9986764683530478 2243
22431 0.9986790950458804 2243.1
22432 0.9986817308013981 2243.2
22433 0.998684374925472 2243.3
22434 0.9986870268060885 2243.4
22435 0.9986896859089472 2243.5
22436 0.9986923517690184 2243.6
22437 0.9986950239840119 2243.7
22438 0.9986977021722067 2243.8
22439 0.9987003860190659 2243.9
22440 0.9987030752592162 2244
22441 0.9987057696587982 2244.1
22442 0.9987084690115607 2244.2
22443 0.9987111731320288 2244.3
22444 0.9987138818508599 2244.4
22445 0.9987165950115258 2244.5
22446 0.9987193124678126 2244.6
22447 0.9987220340812515 2244.7
22448 0.998724759719273 2244.8
22449 0.9987274892565874 2244.9
22450 0.9987302225716652 2245
22451 0.9987329595416844 2245.1
22452 0.998735700042871 2245.2
22453 0.9987384439501261 2245.3
22454 0.9987411911366315 2245.4
22455 0.9987439414737248 2245.5
22456 0.9987465291194266 2245.6
22457 0.9987490524722463 2245.7
22458 0.9987515933795401 2245.8
22459 0.9987541141585904 2245.9
22460 0.9987566382914252 2246
22461 0.9987591752170952 2246.1
22462 0.9987617238049018 2246.2
22463 0.9987642829804505 2246.3
22464 0.9987668517641339 2246.4
22465 0.9987694293419042 2246.5
22466 0.9987720150414813 2246.6
22467 0.998774608305621 2246.7
22468 0.9987772086678167 2246.8
22469 0.9987798157314712 2246.9
22470 0.9987824291529775 2247
22471 0.9987850486278804 2247.1
22472 0.9987876738802419 2247.2
22473 0.9987903046545157 2247.3
22474 0.9987929407095596 2247.4
22475 0.9987953640837891 2247.5
22476 0.9987977122881735 2247.6
22477 0.9988000836191179 2247.7
22478 0.9988024768995636 2247.8
22479 0.9988048903934343 2247.9
22480 0.9988073222081287 2248
22481 0.998809770508164 2248.1
22482 0.998812233626255 2248.2
22483 0.9988147101033571 2248.3
22484 0.9988171986643102 2248.4
22485 0.9988196981941104 2248.5
22486 0.9988222077139984 2248.6
22487 0.9988245102520873 2248.7
22488 0.998826687794647 2248.8
22489 0.9988288926502338 2248.9
22490 0.9988311229455736 2249
22491 0.9988333766300822 2249.1
22492 0.9988356516247123 2249.2
22493 0.9988379458869565 2249.3
22494 0.9988402575493018 2249.4
22495 0.9988425849925976 2249.5
22496 0.9988446345810316 2249.6
22497 0.9988465823492167 2249.7
22498 0.9988485503525522 2249.8
22499 0.9988505377238601 2249.9
22500 0.9988525436256382 2250
22501 0.9988545672481005 2250.1
22502 0.9988566078077546 2250.2
22503 0.9988586645461798 2250.3
22504 0.9988607367287431 2250.4
22505 0.99886282364357 2250.5
22506 0.9988649246005532 2250.6
22507 0.9988670389304662 2250.7
22508 0.9988691659841303 2250.8
22509 0.9988713051315024 2250.9
22510 0.9988734557611106 2251
22511 0.9988756172794145 2251.1
22512 0.9988777891102667 2251.2
22513 0.9988799706944373 2251.3
22514 0.9988821614895431 2251.4
22515 0.9988843609694794 2251.5
22516 0.9988865686236534 2251.6
22517 0.998888783956704 2251.7
22518 0.9988910064889879 2251.8
22519 0.9988932357558528 2251.9
22520 0.9988954713068673 2252
22521 0.9988977127055048 2252.1
22522 0.9988999595287302 2252.2
22523 0.9989022113666853 2252.3
22524 0.998904345582558 2252.4
22525 0.9989064829557327 2252.5
22526 0.9989086248288563 2252.6
22527 0.9989107708898918 2252.7
22528 0.9989129207780842 2252.8
22529 0.9989150741207883 2252.9
22530 0.9989172305429406 2253
22531 0.998919389654692 2253.1
22532 0.9989215510522829 2253.2
22533 0.998923714361093 2253.3
22534 0.9989258792324105 2253.4
22535 0.9989280453388705 2253.5
22536 0.9989302123728178 2253.6
22537 0.9989323800436458 2253.7
22538 0.9989345480777275 2253.8
22539 0.9989367162182486 2253.9
22540 0.9989388842239073 2254
22541 0.9989410518681265 2254.1
22542 0.9989432189374753 2254.2
22543 0.9989453852338258 2254.3
22544 0.9989475505693548 2254.4
22545 0.9989497147650858 2254.5
22546 0.9989518776518693 2254.6
22547 0.9989540390700056 2254.7
22548 0.9989561988681125 2254.8
22549 0.9989583569042398 2254.9
22550 0.9989605130458431 2255
22551 0.9989626671682051 2255.1
22552 0.998964819154295 2255.2
22553 0.9989668761191685 2255.3
22554 0.9989688377552806 2255.4
22555 0.9989708046477435 2255.5
22556 0.9989727766783595 2255.6
22557 0.9989747536353425 2255.7
22558 0.9989767352628157 2255.8
22559 0.9989787212961257 2255.9
22560 0.9989807114831825 2256
22561 0.9989827055953799 2256.1
22562 0.9989847034314542 2256.2
22563 0.9989867048174188 2256.3
22564 0.9989887096047179 2256.4
22565 0.9989907176673807 2256.5
22566 0.998992728899154 2256.6
22567 0.9989947432098353 2256.7
22568 0.9989967605210418 2256.8
22569 0.9989987807681818 2256.9
22570 0.9990008039005499 2257
22571 0.9990028298834829 2257.1
22572 0.9990048586969543 2257.2
22573 0.9990068903337234 2257.3
22574 0.9990089247983651 2257.4
22575 0.9990109621062278 2257.5
22576 0.9990130022795918 2257.6
22577 0.9990150453513859 2257.7
22578 0.9990170913640156 2257.8
22579 0.9990191403678493 2257.9
22580 0.999021192420126 2258
22581 0.9990232475817333 2258.1
22582 0.9990253059171251 2258.2
22583 0.9990273674955058 2258.3
22584 0.9990294323894918 2258.4
22585 0.999031500674431 2258.5
22586 0.9990335724276347 2258.6
22587 0.9990356477277575 2258.7
22588 0.9990377266542784 2258.8
22589 0.999039809287176 2258.9
22590 0.9990418957062948 2259
22591 0.9990439859909566 2259.1
22592 0.9990460802194256 2259.2
22593 0.9990481784684327 2259.3
22594 0.9990502808131118 2259.4
22595 0.9990523873259681 2259.5
22596 0.9990544980765412 2259.6
22597 0.9990566131309597 2259.7
22598 0.9990587325517238 2259.8
22599 0.9990608563975784 2259.9
22600 0.9990629847233092 2260
22601 0.9990651175789989 2260.1
22602 0.9990672550098679 2260.2
22603 0.9990693970561246 2260.3
22604 0.9990715437505142 2260.4
22605 0.9990736951172623 2260.5
22606 0.9990758511762896 2260.6
22607 0.9990780119424567 2260.7
22608 0.999080177424887 2260.8
22609 0.9990823476263091 2260.9
22610 0.9990845225428581 2261
22611 0.9990867021640146 2261.1
22612 0.999088886472223 2261.2
22613 0.9990910754434446 2261.3
22614 0.9990932690475566 2261.4
22615 0.9990954672463914 2261.5
22616 0.9990976699943416 2261.6
22617 0.9990998772389633 2261.7
22618 0.9991020889209153 2261.8
22619 0.9991043049745183 2261.9
22620 0.9991065253290261 2262
22621 0.9991087499086405 2262.1
22622 0.9991109786329295 2262.2
22623 0.9991132114169249 2262.3
22624 0.9991154481715394 2262.4
22625 0.9991176888038552 2262.5
22626 0.9991199332172658 2262.6
22627 0.9991221813119753 2262.7
22628 0.9991244329849054 2262.8
22629 0.9991266881303088 2262.9
22630 0.9991289466397959 2263
22631 0.9991312084025974 2263.1
22632 0.9991334733058743 2263.2
22633 0.9991357412386368 2263.3
22634 0.999138012088755 2263.4
22635 0.999140285741415 2263.5
22636 0.9991425620795388 2263.6
22637 0.9991448409839461 2263.7
22638 0.9991471223339352 2263.8
22639 0.9991494060073618 2263.9
22640 0.999151691881022 2264
22641 0.9991539798308825 2264.1
22642 0.9991562697328018 2264.2
22643 0.9991585614627448 2264.3
22644 0.9991608548964931 2264.4
22645 0.9991631499097703 2264.5
22646 0.9991654463786636 2264.6
22647 0.9991677441796752 2264.7
22648 0.9991700431901785 2264.8
22649 0.9991723432884165 2264.9
22650 0.9991746443538004 2265
22651 0.9991769462669085 2265.1
22652 0.9991792489095037 2265.2
22653 0.999181552164827 2265.3
22654 0.9991838559177998 2265.4
22655 0.9991861600551992 2265.5
22656 0.9991884644657287 2265.6
22657 0.9991907690400714 2265.7
22658 0.9991930736711387 2265.8
22659 0.9991953782539625 2265.9
22660 0.9991976826859256 2266
22661 0.9991999868667872 2266.1
22662 0.9992022906987217 2266.2
22663 0.9992045940863684 2266.3
22664 0.9992068969456196 2266.4
22665 0.999209199197341 2266.5
22666 0.9992115007613143 2266.6
22667 0.9992138015578858 2266.7
22668 0.9992161015086419 2266.8
22669 0.999218400537067 2266.9
22670 0.9992206985687307 2267
22671 0.9992229955317208 2267.1
22672 0.9992252913567328 2267.2
22673 0.9992275859772858 2267.3
22674 0.9992298793296521 2267.4
22675 0.9992321713531677 2267.5
22676 0.9992344619901639 2267.6
22677 0.9992367511861198 2267.7
22678 0.9992390388896233 2267.8
22679 0.999241325051666 2267.9
22680 0.9992436096268871 2268
22681 0.9992458925737659 2268.1
22682 0.9992481738542865 2268.2
22683 0.9992504534340233 2268.3
22684 0.9992527312819593 2268.4
22685 0.9992550073706221 2268.5
22686 0.9992572816760685 2268.6
22687 0.999259554177922 2268.7
22688 0.9992618248593194 2268.8
22689 0.9992640937071841 2268.9
22690 0.9992663607118895 2269
22691 0.9992686258672692 2269.1
22692 0.9992708891706913 2269.2
22693 0.9992731506228766 2269.3
22694 0.9992754102279806 2269.4
22695 0.9992776679936251 2269.5
22696 0.9992799239307862 2269.6
22697 0.999282178053683 2269.7
22698 0.9992844303797882 2269.8
22699 0.9992866809296145 2269.9
22700 0.9992889297273151 2270
22701 0.9992911767995634 2270.1
22702 0.9992934221744262 2270.2
22703 0.9992956658844073 2270.3
22704 0.9992979079654177 2270.4
22705 0.9993001484563716 2270.5
22706 0.9993023873984863 2270.6
22707 0.9993046248349841 2270.7
22708 0.9993068608110715 2270.8
22709 0.9993090953737789 2270.9
22710 0.9993113285721898 2271
22711 0.9993135604571773 2271.1
22712 0.9993157910820606 2271.2
22713 0.9993180205014054 2271.3
22714 0.9993202487710428 2271.4
22715 0.9993224759476945 2271.5
22716 0.9993247020888143 2271.6
22717 0.9993269272523271 2271.7
22718 0.9993291514964304 2271.8
22719 0.9993313748795309 2271.9
22720 0.9993335974599751 2272
22721 0.9993358192959698 2272.1
22722 0.999338040445204 2272.2
22723 0.9993402609648336 2272.3
22724 0.9993424809112217 2272.4
22725 0.9993447003399026 2272.5
22726 0.9993469193052588 2272.6
22727 0.9993491378603654 2272.7
22728 0.9993513560569047 2272.8
22729 0.9993535739450244 2272.9
22730 0.9993557915730175 2273
22731 0.9993580089872512 2273.1
22732 0.9993602262325739 2273.2
22733 0.9993624433515514 2273.3
22734 0.9993646603848181 2273.4
22735 0.9993668773709199 2273.5
22736 0.9993690943462149 2273.6
22737 0.9993713113446208 2273.7
22738 0.999373528397642 2273.8
22739 0.9993757455335572 2273.9
22740 0.9993779417576711 2274
22741 0.9993801208052412 2274.1
22742 0.999382301876013 2274.2
22743 0.9993844849064989 2274.3
22744 0.9993866697881033 2274.4
22745 0.9993888563915695 2274.5
22746 0.9993910445807607 2274.6
22747 0.9993932342202267 2274.7
22748 0.9993954251791863 2274.8
22749 0.9993976173335177 2274.9
22750 0.999399810566479 2275
22751 0.9994020047690749 2275.1
22752 0.9994041998395752 2275.2
22753 0.9994063956825503 2275.3
22754 0.9994085922085123 2275.4
22755 0.9994107893334083 2275.5
22756 0.9994129869785248 2275.6
22757 0.9994151850691804 2275.7
22758 0.9994173835344689 2275.8
22759 0.9994195823067251 2275.9
22760 0.9994217813213071 2276
22761 0.9994239805161614 2276.1
22762 0.9994261798317731 2276.2
22763 0.999428379210729 2276.3
22764 0.9994305785977718 2276.4
22765 0.999432777939548 2276.5
22766 0.9994349771844632 2276.6
22767 0.9994371762878246 2276.7
22768 0.9994393752087506 2276.8
22769 0.9994415739058707 2276.9
22770 0.9994437723377895 2277
22771 0.9994459704719739 2277.1
22772 0.9994481682762313 2277.2
22773 0.9994503657155548 2277.3
22774 0.9994525627535562 2277.4
22775 0.9994547593535038 2277.5
22776 0.999456955478902 2277.6
22777 0.9994591510935347 2277.7
22778 0.9994613461616704 2277.8
22779 0.9994635406482412 2277.9
22780 0.9994657345188124 2278
22781 0.9994679277396049 2278.1
22782 0.9994701202775463 2278.2
22783 0.9994723121004276 2278.3
22784 0.9994745031768433 2278.4
22785 0.9994766934728363 2278.5
22786 0.9994788829498403 2278.6
22787 0.9994810715787696 2278.7
22788 0.9994832593353096 2278.8
22789 0.9994854461976443 2278.9
22790 0.9994876321453756 2279
22791 0.9994898171590421 2279.1
22792 0.9994920012198821 2279.2
22793 0.9994941843097361 2279.3
22794 0.9994963664110865 2279.4
22795 0.9994985475066314 2279.5
22796 0.9995007275796531 2279.6
22797 0.9995029066141695 2279.7
22798 0.9995050845949274 2279.8
22799 0.9995072615072693 2279.9
22800 0.999509437337218 2280
22801 0.9995116120714798 2280.1
22802 0.9995137856973063 2280.2
22803 0.9995159582026304 2280.3
22804 0.9995181295746975 2280.4
22805 0.9995202998010669 2280.5
22806 0.9995224688704609 2280.6
22807 0.9995246367725498 2280.7
22808 0.999526803497616 2280.8
22809 0.9995289690365271 2280.9
22810 0.9995311333806475 2281
22811 0.9995332965217487 2281.1
22812 0.9995354584519323 2281.2
22813 0.9995376191636237 2281.3
22814 0.9995397786494945 2281.4
22815 0.9995419369025571 2281.5
22816 0.9995440939159325 2281.6
22817 0.9995462496830011 2281.7
22818 0.9995484041972829 2281.8
22819 0.999550557452459 2281.9
22820 0.9995527094423049 2282
22821 0.9995548601607108 2282.1
22822 0.9995570096016126 2282.2
22823 0.9995591577589502 2282.3
22824 0.9995613046267867 2282.4
22825 0.9995634501990568 2282.5
22826 0.9995655944697309 2282.6
22827 0.99956773743293 2282.7
22828 0.9995698790826693 2282.8
22829 0.9995720194127915 2282.9
22830 0.9995741584170225 2283
22831 0.9995762960889149 2283.1
22832 0.9995784324218356 2283.2
22833 0.9995805674092401 2283.3
22834 0.9995827010444167 2283.4
22835 0.9995848333205249 2283.5
22836 0.9995869642293663 2283.6
22837 0.9995890937640702 2283.7
22838 0.9995912219181639 2283.8
22839 0.999593348685168 2283.9
22840 0.9995954740580283 2284
22841 0.9995975980292089 2284.1
22842 0.9995997205909583 2284.2
22843 0.9996018417351916 2284.3
22844 0.9996039614536701 2284.4
22845 0.9996060797380807 2284.5
22846 0.9996081965798804 2284.6
22847 0.9996103119706744 2284.7
22848 0.9996124259020911 2284.8
22849 0.9996145383660618 2284.9
22850 0.9996166493555134 2285
22851 0.9996187588638646 2285.1
22852 0.9996208668848694 2285.2
22853 0.9996229734123288 2285.3
22854 0.9996250784402403 2285.4
22855 0.9996271819626767 2285.5
22856 0.9996292839737579 2285.6
22857 0.9996313844675991 2285.7
22858 0.9996334834382465 2285.8
22859 0.9996355674211358 2285.9
22860 0.9996375738883825 2286
22861 0.9996395822132031 2286.1
22862 0.9996415924155262 2286.2
22863 0.9996436043932939 2286.3
22864 0.9996456179743032 2286.4
22865 0.9996476329568501 2286.5
22866 0.9996496491320205 2286.6
22867 0.9996516662957649 2286.7
22868 0.9996536842546819 2286.8
22869 0.9996557028284815 2286.9
22870 0.9996577218507027 2287
22871 0.9996597411685525 2287.1
22872 0.9996617606419903 2287.2
22873 0.9996637801428684 2287.3
22874 0.9996657995536352 2287.4
22875 0.9996678187660994 2287.5
22876 0.9996698376803874 2287.6
22877 0.9996718562031982 2287.7
22878 0.9996738742475817 2287.8
22879 0.9996758917325852 2287.9
22880 0.9996779085700239 2288
22881 0.9996799246853817 2288.1
22882 0.9996819400135876 2288.2
22883 0.9996839544942762 2288.3
22884 0.9996859680710396 2288.4
22885 0.9996879806908419 2288.5
22886 0.999689992302821 2288.6
22887 0.9996920028582279 2288.7
22888 0.9996940123100786 2288.8
22889 0.9996960206127914 2288.9
22890 0.9996980277222878 2289
22891 0.9997000335947532 2289.1
22892 0.9997020381870776 2289.2
22893 0.9997040414576058 2289.3
22894 0.9997060433658637 2289.4
22895 0.9997080438729165 2289.5
22896 0.9997100429422258 2289.6
22897 0.9997120405380086 2289.7
22898 0.999714036625503 2289.8
22899 0.9997160311710332 2289.9
22900 0.9997180241419766 2290
22901 0.9997200155067173 2290.1
22902 0.9997220052345616 2290.2
22903 0.9997239932956334 2290.3
22904 0.9997259796609216 2290.4
22905 0.9997279643021788 2290.5
22906 0.9997299471917851 2290.6
22907 0.9997319283028758 2290.7
22908 0.9997339076091656 2290.8
22909 0.9997358850848095 2290.9
22910 0.9997378607043517 2291
22911 0.9997398344414895 2291.1
22912 0.9997418062710752 2291.2
22913 0.9997437761687927 2291.3
22914 0.9997457441109753 2291.4
22915 0.9997477100751588 2291.5
22916 0.9997496740393494 2291.6
22917 0.9997516359816825 2291.7
22918 0.9997535958804732 2291.8
22919 0.9997555537142131 2291.9
22920 0.9997575094586653 2292
22921 0.9997594630907636 2292.1
22922 0.9997614145890773 2292.2
22923 0.9997633639329865 2292.3
22924 0.999765311102409 2292.4
22925 0.9997672560776419 2292.5
22926 0.9997691988394289 2292.6
22927 0.9997711393690419 2292.7
22928 0.9997730776480465 2292.8
22929 0.9997750136585671 2292.9
22930 0.9997769473842705 2293
22931 0.9997788788099877 2293.1
22932 0.9997808079211521 2293.2
22933 0.9997827247504207 2293.3
22934 0.9997845200811123 2293.4
22935 0.9997863179638827 2293.5
22936 0.9997881184346762 2293.6
22937 0.999789921332457 2293.7
22938 0.9997917264006917 2293.8
22939 0.9997935333501673 2293.9
22940 0.9997953418816456 2294
22941 0.9997971516950243 2294.1
22942 0.9997989624954041 2294.2
22943 0.9998007740030336 2294.3
22944 0.9998025859577447 2294.4
22945 0.9998043981146494 2294.5
22946 0.999806210248179 2294.6
22947 0.9998080221666011 2294.7
22948 0.9998098337025415 2294.8
22949 0.9998116447070167 2294.9
22950 0.9998134550445775 2295
22951 0.9998152645891947 2295.1
22952 0.9998170732253326 2295.2
22953 0.9998188808462398 2295.3
22954 0.9998206873526484 2295.4
22955 0.9998224926515251 2295.5
22956 0.9998242966543353 2295.6
22957 0.999826099274115 2295.7
22958 0.9998279004279447 2295.8
22959 0.999829700036726 2295.9
22960 0.9998314980250999 2296
22961 0.9998332943209055 2296.1
22962 0.999835088854626 2296.2
22963 0.9998368815595419 2296.3
22964 0.9998386723714898 2296.4
22965 0.9998404612212355 2296.5
22966 0.9998422480444479 2296.6
22967 0.9998440327814364 2296.7
22968 0.9998458153759959 2296.8
22969 0.9998475957747123 2296.9
22970 0.9998493739264322 2297
22971 0.9998511497828259 2297.1
22972 0.999852923296716 2297.2
22973 0.9998546944221163 2297.3
22974 0.9998564631140828 2297.4
22975 0.999858229328428 2297.5
22976 0.9998599930218842 2297.6
22977 0.9998617541518915 2297.7
22978 0.9998635126762537 2297.8
22979 0.9998652685547991 2297.9
22980 0.9998670217478285 2298
22981 0.9998687722163 2298.1
22982 0.9998705199220445 2298.2
22983 0.9998722648278288 2298.3
22984 0.9998740068972339 2298.4
22985 0.9998757460947272 2298.5
22986 0.9998774101670946 2298.6
22987 0.9998789744150179 2298.7
22988 0.9998805421584244 2298.8
22989 0.9998821133368465 2298.9
22990 0.9998836876768229 2299
22991 0.9998852648038541 2299.1
22992 0.9998868442960567 2299.2
22993 0.999888425711793 2299.3
22994 0.9998900086019913 2299.4
22995 0.9998915925518218 2299.5
22996 0.9998931771913108 2299.6
22997 0.9998947621899449 2299.7
22998 0.9998963472523856 2299.8
22999 0.9998979321141239 2299.9
23000 0.9998995165380763 2300
23001 0.999901100310542 2300.1
23002 0.9999026832269835 2300.2
23003 0.9999042651009961 2300.3
23004 0.9999058457660015 2300.4
23005 0.999907425071401 2300.5
23006 0.9999090028797026 2300.6
23007 0.9999105790641321 2300.7
23008 0.9999121535067008 2300.8
23009 0.9999137260970143 2300.9
23010 0.9999152967311652 2301
23011 0.9999168653110008 2301.1
23012 0.9999184317431518 2301.2
23013 0.9999199959374482 2301.3
23014 0.9999215577988535 2301.4
23015 0.9999231172337196 2301.5
23016 0.9999246741515951 2301.6
23017 0.999926228465103 2301.7
23018 0.9999277800901123 2301.8
23019 0.9999293289448131 2301.9
23020 0.9999308749497081 2302
23021 0.9999324180272487 2302.1
23022 0.9999339581017717 2302.2
23023 0.9999354950992422 2302.3
23024 0.999936977442247 2302.4
23025 0.9999382866470373 2302.5
23026 0.9999396004662711 2302.6
23027 0.9999409188506837 2302.7
23028 0.9999422414351877 2302.8
23029 0.9999435676773626 2302.9
23030 0.9999448969330105 2303
23031 0.9999462285511794 2303.1
23032 0.9999475619144813 2303.2
23033 0.999948896441053 2303.3
23034 0.999950231610772 2303.4
23035 0.9999515669697439 2303.5
23036 0.9999529021216133 2303.6
23037 0.9999542367176766 2303.7
23038 0.9999555704500996 2303.8
23039 0.99995690304528 2303.9
23040 0.9999582342582466 2304
23041 0.9999595638679818 2304.1
23042 0.9999608916742775 2304.2
23043 0.999962217494763 2304.3
23044 0.9999635411618146 2304.4
23045 0.999964862520523 2304.5
23046 0.9999661814264745 2304.6
23047 0.9999674977446328 2304.7
23048 0.9999688113477748 2304.8
23049 0.9999701221149476 2304.9
23050 0.9999712802893346 2305
23051 0.9999723069884394 2305.1
23052 0.9999733400312659 2305.2
23053 0.9999743790782004 2305.3
23054 0.9999754234603929 2305.4
23055 0.9999764724269498 2305.5
23056 0.9999775250805104 2305.6
23057 0.9999785805111081 2305.7
23058 0.9999796379151241 2305.8
23059 0.9999806965974748 2305.9
23060 0.9999817559599117 2306
23061 0.9999828154883625 2306.1
23062 0.9999838747393719 2306.2
23063 0.9999849333264231 2306.3
23064 0.9999859909108839 2306.4
23065 0.9999870471966479 2306.5
23066 0.9999881019187725 2306.6
23067 0.9999888913862363 2306.7
23068 0.999989616479772 2306.8
23069 0.9999903501217566 2306.9
23070 0.9999910918315583 2307
23071 0.9999918406490299 2307.1
23072 0.9999925954425196 2307.2
23073 0.9999933550837847 2307.3
23074 0.9999941185612076 2307.4
23075 0.9999948849916911 2307.5
23076 0.9999956536091249 2307.6
23077 0.9999964237508536 2307.7
23078 0.9999970340952196 2307.8
23079 0.9999974284978346 2307.9
23080 0.9999978339371931 2308
23081 0.9999982495908813 2308.1
23082 0.9999986744763439 2308.2
23083 0.9999991074502863 2308.3
23084 0.9999995472780502 2308.4
23085 0.9999999928033351 2308.5
23086 1 2308.6
23087 1 2308.7
23088 1 2308.8
23089 1 2308.9
23090 1 2309
23091 1 2309.1
23092 1 2309.2
23093 1 2309.3
23094 1 2309.4
23095 1 2309.5
23096 1 2309.6
23097 1 2309.7
23098 1 2309.8
23099 1 2309.9
23100 1 2310
23101 1 2310.1
23102 1 2310.2
23103 1 2310.3
23104 1 2310.4
23105 1 2310.5
23106 1 2310.6
23107 1 2310.7
23108 1 2310.8
23109 1 2310.9
23110 1 2311
23111 1 2311.1
23112 1 2311.2
23113 1 2311.3
23114 1 2311.4
23115 1 2311.5
23116 1 2311.6
23117 1 2311.7
23118 1 2311.8
23119 1 2311.9
23120 1 2312
23121 1 2312.1
23122 1 2312.2
23123 1 2312.3
23124 1 2312.4
23125 1 2312.5
23126 1 2312.6
23127 1 2312.7
23128 1 2312.8
23129 1 2312.9
23130 1 2313
23131 1 2313.1
23132 1 2313.2
23133 1 2313.3
23134 1 2313.4
23135 1 2313.5
23136 1 2313.6
23137 1 2313.7
23138 1 2313.8
23139 1 2313.9
23140 1 2314
23141 1 2314.1
23142 1 2314.2
23143 1 2314.3
23144 1 2314.4
23145 1 2314.5
23146 1 2314.6
23147 1 2314.7
23148 1 2314.8
23149 1 2314.9
23150 1 2315
23151 1 2315.1
23152 1 2315.2
23153 1 2315.3
23154 1 2315.4
23155 1 2315.5
23156 1 2315.6
23157 1 2315.7
23158 1 2315.8
23159 1 2315.9
23160 1 2316
23161 1 2316.1
23162 1 2316.2
23163 1 2316.3
23164 1 2316.4
23165 1 2316.5
23166 1 2316.6
23167 1 2316.7
23168 1 2316.8
23169 1 2316.9
23170 1 2317
23171 1 2317.1
23172 1 2317.2
23173 1 2317.3
23174 1 2317.4
23175 1 2317.5
23176 1 2317.6
23177 1 2317.7
23178 1 2317.8
23179 1 2317.9
23180 1 2318
23181 1 2318.1
23182 1 2318.2
23183 1 2318.3
23184 1 2318.4
23185 1 2318.5
23186 1 2318.6
23187 1 2318.7
23188 1 2318.8
23189 1 2318.9
23190 1 2319
23191 1 2319.1
23192 1 2319.2
23193 1 2319.3
23194 1 2319.4
23195 1 2319.5
23196 1 2319.6
23197 1 2319.7
23198 1 2319.8
23199 1 2319.9
23200 1 2320
23201 1 2320.1
23202 1 2320.2
23203 1 2320.3
23204 1 2320.4
23205 1 2320.5
23206 1 2320.6
23207 1 2320.7
23208 1 2320.8
23209 1 2320.9
23210 1 2321
23211 1 2321.1
23212 1 2321.2
23213 1 2321.3
23214 1 2321.4
23215 1 2321.5
23216 1 2321.6
23217 1 2321.7
23218 1 2321.8
23219 1 2321.9
23220 1 2322
23221 1 2322.1
23222 1 2322.2
23223 1 2322.3
23224 1 2322.4
23225 1 2322.5
23226 1 2322.6
23227 1 2322.7
23228 1 2322.8
23229 1 2322.9
23230 1 2323
23231 1 2323.1
23232 1 2323.2
23233 1 2323.3
23234 1 2323.4
23235 1 2323.5
23236 1 2323.6
23237 1 2323.7
23238 1 2323.8
23239 1 2323.9
23240 1 2324
23241 1 2324.1
23242 1 2324.2
23243 1 2324.3
23244 1 2324.4
23245 1 2324.5
23246 1 2324.6
23247 1 2324.7
23248 1 2324.8
23249 1 2324.9
23250 1 2325
23251 1 2325.1
23252 1 2325.2
23253 1 2325.3
23254 1 2325.4
23255 1 2325.5
23256 1 2325.6
23257 1 2325.7
23258 1 2325.8
23259 1 2325.9
23260 1 2326
23261 1 2326.1
23262 1 2326.2
23263 1 2326.3
23264 1 2326.4
23265 1 2326.5
23266 1 2326.6
23267 1 2326.7
23268 1 2326.8
23269 1 2326.9
23270 1 2327
23271 1 2327.1
23272 1 2327.2
23273 1 2327.3
23274 1 2327.4
23275 1 2327.5
23276 1 2327.6
23277 1 2327.7
23278 1 2327.8
23279 1 2327.9
23280 1 2328
23281 1 2328.1
23282 1 2328.2
23283 1 2328.3
23284 1 2328.4
23285 1 2328.5
23286 1 2328.6
23287 1 2328.7
23288 1 2328.8
23289 1 2328.9
23290 1 2329
23291 1 2329.1
23292 1 2329.2
23293 1 2329.3
23294 1 2329.4
23295 1 2329.5
23296 1 2329.6
23297 1 2329.7
23298 1 2329.8
23299 1 2329.9
23300 1 2330
23301 1 2330.1
23302 1 2330.2
23303 1 2330.3
23304 1 2330.4
23305 1 2330.5
23306 1 2330.6
23307 1 2330.7
23308 1 2330.8
23309 1 2330.9
23310 1 2331
23311 1 2331.1
23312 1 2331.2
23313 1 2331.3
23314 1 2331.4
23315 1 2331.5
23316 1 2331.6
23317 1 2331.7
23318 1 2331.8
23319 1 2331.9
23320 1 2332
23321 1 2332.1
23322 1 2332.2
23323 1 2332.3
23324 1 2332.4
23325 1 2332.5
23326 1 2332.6
23327 1 2332.7
23328 1 2332.8
23329 1 2332.9
23330 1 2333
23331 1 2333.1
23332 1 2333.2
23333 1 2333.3
23334 1 2333.4
23335 1 2333.5
23336 1 2333.6
23337 1 2333.7
23338 1 2333.8
23339 1 2333.9
23340 1 2334
23341 1 2334.1
23342 1 2334.2
23343 1 2334.3
23344 1 2334.4
23345 1 2334.5
23346 1 2334.6
23347 1 2334.7
23348 1 2334.8
23349 1 2334.9
23350 1 2335
23351 1 2335.1
23352 1 2335.2
23353 1 2335.3
23354 1 2335.4
23355 1 2335.5
23356 1 2335.6
23357 1 2335.7
23358 1 2335.8
23359 1 2335.9
23360 1 2336
23361 1 2336.1
23362 1 2336.2
23363 1 2336.3
23364 1 2336.4
23365 1 2336.5
23366 1 2336.6
23367 1 2336.7
23368 1 2336.8
23369 1 2336.9
23370 1 2337
23371 1 2337.1
23372 1 2337.2
23373 1 2337.3
23374 1 2337.4
23375 1 2337.5
23376 1 2337.6
23377 1 2337.7
23378 1 2337.8
23379 1 2337.9
23380 1 2338
23381 1 2338.1
23382 1 2338.2
23383 1 2338.3
23384 1 2338.4
23385 1 2338.5
23386 1 2338.6
23387 1 2338.7
23388 1 2338.8
23389 1 2338.9
23390 1 2339
23391 1 2339.1
23392 1 2339.2
23393 1 2339.3
23394 1 2339.4
23395 1 2339.5
23396 1 2339.6
23397 1 2339.7
23398 1 2339.8
23399 1 2339.9
23400 1 2340
23401 1 2340.1
23402 1 2340.2
23403 1 2340.3
23404 1 2340.4
23405 1 2340.5
23406 1 2340.6
23407 1 2340.7
23408 1 2340.8
23409 1 2340.9
23410 1 2341
23411 1 2341.1
23412 1 2341.2
23413 1 2341.3
23414 1 2341.4
23415 1 2341.5
23416 1 2341.6
23417 1 2341.7
23418 1 2341.8
23419 1 2341.9
23420 1 2342
23421 1 2342.1
23422 1 2342.2
23423 1 2342.3
23424 1 2342.4
23425 1 2342.5
23426 1 2342.6
23427 1 2342.7
23428 1 2342.8
23429 1 2342.9
23430 1 2343
23431 1 2343.1
23432 1 2343.2
23433 1 2343.3
23434 1 2343.4
23435 1 2343.5
23436 1 2343.6
23437 1 2343.7
23438 1 2343.8
23439 1 2343.9
23440 1 2344
23441 1 2344.1
23442 1 2344.2
23443 1 2344.3
23444 1 2344.4
23445 1 2344.5
23446 1 2344.6
23447 1 2344.7
23448 1 2344.8
23449 1 2344.9
23450 1 2345
23451 1 2345.1
23452 1 2345.2
23453 1 2345.3
23454 1 2345.4
23455 1 2345.5
23456 1 2345.6
23457 1 2345.7
23458 1 2345.8
23459 1 2345.9
23460 1 2346
23461 1 2346.1
23462 1 2346.2
23463 1 2346.3
23464 1 2346.4
23465 1 2346.5
23466 1 2346.6
23467 1 2346.7
23468 1 2346.8
23469 1 2346.9
23470 1 2347
23471 1 2347.1
23472 1 2347.2
23473 1 2347.3
23474 1 2347.4
23475 1 2347.5
23476 1 2347.6
23477 1 2347.7
23478 1 2347.8
23479 1 2347.9
23480 1 2348
23481 1 2348.1
23482 1 2348.2
23483 1 2348.3
23484 1 2348.4
23485 1 2348.5
23486 1 2348.6
23487 1 2348.7
23488 1 2348.8
23489 1 2348.9
23490 1 2349
23491 1 2349.1
23492 1 2349.2
23493 1 2349.3
23494 1 2349.4
23495 1 2349.5
23496 1 2349.6
23497 1 2349.7
23498 1 2349.8
23499 1 2349.9
23500 1 2350
23501 1 2350.1
23502 1 2350.2
23503 1 2350.3
23504 1 2350.4
23505 1 2350.5
23506 1 2350.6
23507 1 2350.7
23508 1 2350.8
23509 1 2350.9
23510 1 2351
23511 1 2351.1
23512 1 2351.2
23513 1 2351.3
23514 1 2351.4
23515 1 2351.5
23516 1 2351.6
23517 1 2351.7
23518 1 2351.8
23519 1 2351.9
23520 1 2352
23521 1 2352.1
23522 1 2352.2
23523 1 2352.3
23524 1 2352.4
23525 1 2352.5
23526 1 2352.6
23527 1 2352.7
23528 1 2352.8
23529 1 2352.9
23530 1 2353
23531 1 2353.1
23532 1 2353.2
23533 1 2353.3
23534 1 2353.4
23535 1 2353.5
23536 1 2353.6
23537 1 2353.7
23538 1 2353.8
23539 1 2353.9
23540 1 2354
23541 1 2354.1
23542 1 2354.2
23543 1 2354.3
23544 1 2354.4
23545 1 2354.5
23546 1 2354.6
23547 1 2354.7
23548 1 2354.8
23549 1 2354.9
23550 1 2355
23551 1 2355.1
23552 1 2355.2
23553 1 2355.3
23554 1 2355.4
23555 1 2355.5
23556 1 2355.6
23557 1 2355.7
23558 1 2355.8
23559 1 2355.9
23560 1 2356
23561 1 2356.1
23562 1 2356.2
23563 1 2356.3
23564 1 2356.4
23565 1 2356.5
23566 1 2356.6
23567 1 2356.7
23568 1 2356.8
23569 1 2356.9
23570 1 2357
23571 1 2357.1
23572 1 2357.2
23573 1 2357.3
23574 1 2357.4
23575 1 2357.5
23576 1 2357.6
23577 1 2357.7
23578 1 2357.8
23579 1 2357.9
23580 1 2358
23581 1 2358.1
23582 1 2358.2
23583 1 2358.3
23584 1 2358.4
23585 1 2358.5
23586 1 2358.6
23587 1 2358.7
23588 1 2358.8
23589 1 2358.9
23590 1 2359
23591 1 2359.1
23592 1 2359.2
23593 1 2359.3
23594 1 2359.4
23595 1 2359.5
23596 1 2359.6
23597 1 2359.7
23598 1 2359.8
23599 1 2359.9
23600 1 2360
23601 1 2360.1
23602 1 2360.2
23603 1 2360.3
23604 1 2360.4
23605 1 2360.5
23606 1 2360.6
23607 1 2360.7
23608 1 2360.8
23609 1 2360.9
23610 1 2361
23611 1 2361.1
23612 1 2361.2
23613 1 2361.3
23614 1 2361.4
23615 1 2361.5
23616 1 2361.6
23617 1 2361.7
23618 1 2361.8
23619 1 2361.9
23620 1 2362
23621 1 2362.1
23622 1 2362.2
23623 1 2362.3
23624 1 2362.4
23625 1 2362.5
23626 1 2362.6
23627 1 2362.7
23628 1 2362.8
23629 1 2362.9
23630 1 2363
23631 1 2363.1
23632 1 2363.2
23633 1 2363.3
23634 1 2363.4
23635 1 2363.5
23636 1 2363.6
23637 1 2363.7
23638 1 2363.8
23639 1 2363.9
23640 1 2364
23641 1 2364.1
23642 1 2364.2
23643 1 2364.3
23644 1 2364.4
23645 1 2364.5
23646 1 2364.6
23647 1 2364.7
23648 1 2364.8
23649 1 2364.9
23650 1 2365
23651 1 2365.1
23652 1 2365.2
23653 1 2365.3
23654 1 2365.4
23655 1 2365.5
23656 1 2365.6
23657 1 2365.7
23658 1 2365.8
23659 1 2365.9
23660 1 2366
23661 1 2366.1
23662 1 2366.2
23663 1 2366.3
23664 1 2366.4
23665 1 2366.5
23666 1 2366.6
23667 1 2366.7
23668 1 2366.8
23669 1 2366.9
23670 1 2367
23671 1 2367.1
23672 1 2367.2
23673 1 2367.3
23674 1 2367.4
23675 1 2367.5
23676 1 2367.6
23677 1 2367.7
23678 1 2367.8
23679 1 2367.9
23680 1 2368
23681 1 2368.1
23682 1 2368.2
23683 1 2368.3
23684 1 2368.4
23685 1 2368.5
23686 1 2368.6
23687 1 2368.7
23688 1 2368.8
23689 1 2368.9
23690 1 2369
23691 1 2369.1
23692 1 2369.2
23693 1 2369.3
23694 1 2369.4
23695 1 2369.5
23696 1 2369.6
23697 1 2369.7
23698 1 2369.8
23699 1 2369.9
23700 1 2370
23701 1 2370.1
23702 1 2370.2
23703 1 2370.3
23704 1 2370.4
23705 1 2370.5
23706 1 2370.6
23707 1 2370.7
23708 1 2370.8
23709 1 2370.9
23710 1 2371
23711 1 2371.1
23712 1 2371.2
23713 1 2371.3
23714 1 2371.4
23715 1 2371.5
23716 1 2371.6
23717 1 2371.7
23718 1 2371.8
23719 1 2371.9
23720 1 2372
23721 1 2372.1
23722 1 2372.2
23723 1 2372.3
23724 1 2372.4
23725 1 2372.5
23726 1 2372.6
23727 1 2372.7
23728 1 2372.8
23729 1 2372.9
23730 1 2373
23731 1 2373.1
23732 1 2373.2
23733 1 2373.3
23734 1 2373.4
23735 1 2373.5
23736 1 2373.6
23737 1 2373.7
23738 1 2373.8
23739 1 2373.9
23740 1 2374
23741 1 2374.1
23742 1 2374.2
23743 1 2374.3
23744 1 2374.4
23745 1 2374.5
23746 1 2374.6
23747 1 2374.7
23748 1 2374.8
23749 1 2374.9
23750 1 2375
23751 1 2375.1
23752 1 2375.2
23753 1 2375.3
23754 1 2375.4
23755 1 2375.5
23756 1 2375.6
23757 1 2375.7
23758 1 2375.8
23759 1 2375.9
23760 1 2376
23761 1 2376.1
23762 1 2376.2
23763 1 2376.3
23764 1 2376.4
23765 1 2376.5
23766 1 2376.6
23767 1 2376.7
23768 1 2376.8
23769 1 2376.9
23770 1 2377
23771 1 2377.1
23772 1 2377.2
23773 1 2377.3
23774 1 2377.4
23775 1 2377.5
23776 1 2377.6
23777 1 2377.7
23778 1 2377.8
23779 1 2377.9
23780 1 2378
23781 1 2378.1
23782 1 2378.2
23783 1 2378.3
23784 1 2378.4
23785 1 2378.5
23786 1 2378.6
23787 1 2378.7
23788 1 2378.8
23789 1 2378.9
23790 1 2379
23791 1 2379.1
23792 1 2379.2
23793 1 2379.3
23794 1 2379.4
23795 1 2379.5
23796 1 2379.6
23797 1 2379.7
23798 1 2379.8
23799 1 2379.9
23800 1 2380
23801 1 2380.1
23802 1 2380.2
23803 1 2380.3
23804 1 2380.4
23805 1 2380.5
23806 1 2380.6
23807 1 2380.7
23808 1 2380.8
23809 1 2380.9
23810 1 2381
23811 1 2381.1
23812 1 2381.2
23813 1 2381.3
23814 1 2381.4
23815 1 2381.5
23816 1 2381.6
23817 1 2381.7
23818 1 2381.8
23819 1 2381.9
23820 1 2382
23821 1 2382.1
23822 1 2382.2
23823 1 2382.3
23824 1 2382.4
23825 1 2382.5
23826 1 2382.6
23827 1 2382.7
23828 1 2382.8
23829 1 2382.9
23830 1 2383
23831 1 2383.1
23832 1 2383.2
23833 1 2383.3
23834 1 2383.4
23835 1 2383.5
23836 1 2383.6
23837 1 2383.7
23838 1 2383.8
23839 1 2383.9
23840 1 2384
23841 1 2384.1
23842 1 2384.2
23843 1 2384.3
23844 1 2384.4
23845 1 2384.5
23846 1 2384.6
23847 1 2384.7
23848 1 2384.8
23849 1 2384.9
23850 1 2385
23851 1 2385.1
23852 1 2385.2
23853 1 2385.3
23854 1 2385.4
23855 1 2385.5
23856 1 2385.6
23857 1 2385.7
23858 1 2385.8
23859 1 2385.9
23860 1 2386
23861 1 2386.1
23862 1 2386.2
23863 1 2386.3
23864 1 2386.4
23865 1 2386.5
23866 1 2386.6
23867 1 2386.7
23868 1 2386.8
23869 1 2386.9
23870 1 2387
23871 1 2387.1
23872 1 2387.2
23873 1 2387.3
23874 1 2387.4
23875 1 2387.5
23876 1 2387.6
23877 1 2387.7
23878 1 2387.8
23879 1 2387.9
23880 1 2388
23881 1 2388.1
23882 1 2388.2
23883 1 2388.3
23884 1 2388.4
23885 1 2388.5
23886 1 2388.6
23887 1 2388.7
23888 1 2388.8
23889 1 2388.9
23890 1 2389
23891 1 2389.1
23892 1 2389.2
23893 1 2389.3
23894 1 2389.4
23895 1 2389.5
23896 1 2389.6
23897 1 2389.7
23898 1 2389.8
23899 1 2389.9
23900 1 2390
23901 1 2390.1
23902 1 2390.2
23903 1 2390.3
23904 1 2390.4
23905 1 2390.5
23906 1 2390.6
23907 1 2390.7
23908 1 2390.8
23909 1 2390.9
23910 1 2391
23911 1 2391.1
23912 1 2391.2
23913 1 2391.3
23914 1 2391.4
23915 1 2391.5
23916 1 2391.6
23917 1 2391.7
23918 1 2391.8
23919 1 2391.9
23920 1 2392
23921 1 2392.1
23922 1 2392.2
23923 1 2392.3
23924 1 2392.4
23925 1 2392.5
23926 1 2392.6
23927 1 2392.7
23928 1 2392.8
23929 1 2392.9
23930 1 2393
23931 1 2393.1
23932 1 2393.2
23933 1 2393.3
23934 1 2393.4
23935 1 2393.5
23936 1 2393.6
23937 1 2393.7
23938 1 2393.8
23939 1 2393.9
23940 1 2394
23941 1 2394.1
23942 1 2394.2
23943 1 2394.3
23944 1 2394.4
23945 1 2394.5
23946 1 2394.6
23947 1 2394.7
23948 1 2394.8
23949 1 2394.9
23950 1 2395
23951 1 2395.1
23952 1 2395.2
23953 1 2395.3
23954 1 2395.4
23955 1 2395.5
23956 1 2395.6
23957 1 2395.7
23958 1 2395.8
23959 1 2395.9
23960 1 2396
23961 1 2396.1
23962 1 2396.2
23963 1 2396.3
23964 1 2396.4
23965 1 2396.5
23966 1 2396.6
23967 1 2396.7
23968 1 2396.8
23969 1 2396.9
23970 1 2397
23971 1 2397.1
23972 1 2397.2
23973 1 2397.3
23974 1 2397.4
23975 1 2397.5
23976 1 2397.6
23977 1 2397.7
23978 1 2397.8
23979 1 2397.9
23980 1 2398
23981 1 2398.1
23982 1 2398.2
23983 1 2398.3
23984 1 2398.4
23985 1 2398.5
23986 1 2398.6
23987 1 2398.7
23988 1 2398.8
23989 1 2398.9
23990 1 2399
23991 1 2399.1
23992 1 2399.2
23993 1 2399.3
23994 1 2399.4
23995 1 2399.5
23996 1 2399.6
23997 1 2399.7
23998 1 2399.8
23999 1 2399.9
24000 1 2400
24001 1 2400.1
24002 1 2400.2
24003 1 2400.3
24004 1 2400.4
24005 1 2400.5
24006 1 2400.6
24007 1 2400.7
24008 1 2400.8
24009 1 2400.9
24010 1 2401
24011 1 2401.1
24012 1 2401.2
24013 1 2401.3
24014 1 2401.4
24015 1 2401.5
24016 1 2401.6
24017 1 2401.7
24018 1 2401.8
24019 1 2401.9
24020 1 2402
24021 1 2402.1
24022 1 2402.2
24023 1 2402.3
24024 1 2402.4
24025 1 2402.5
24026 1 2402.6
24027 1 2402.7
24028 1 2402.8
24029 1 2402.9
24030 1 2403
24031 1 2403.1
24032 1 2403.2
24033 1 2403.3
24034 1 2403.4
24035 1 2403.5
24036 1 2403.6
24037 1 2403.7
24038 1 2403.8
24039 1 2403.9
24040 1 2404
24041 1 2404.1
24042 1 2404.2
24043 1 2404.3
24044 1 2404.4
24045 1 2404.5
24046 1 2404.6
24047 1 2404.7
24048 1 2404.8
24049 1 2404.9
24050 1 2405
24051 1 2405.1
24052 1 2405.2
24053 1 2405.3
24054 1 2405.4
24055 1 2405.5
24056 1 2405.6
24057 1 2405.7
24058 1 2405.8
24059 1 2405.9
24060 1 2406
24061 1 2406.1
24062 1 2406.2
24063 1 2406.3
24064 1 2406.4
24065 1 2406.5
24066 1 2406.6
24067 1 2406.7
24068 1 2406.8
24069 1 2406.9
24070 1 2407
24071 1 2407.1
24072 1 2407.2
24073 1 2407.3
24074 1 2407.4
24075 1 2407.5
24076 1 2407.6
24077 1 2407.7
24078 1 2407.8
24079 1 2407.9
24080 1 2408
24081 1 2408.1
24082 1 2408.2
24083 1 2408.3
24084 1 2408.4
24085 1 2408.5
24086 1 2408.6
24087 1 2408.7
24088 1 2408.8
24089 1 2408.9
24090 1 2409
24091 1 2409.1
24092 1 2409.2
24093 1 2409.3
24094 1 2409.4
24095 1 2409.5
24096 1 2409.6
24097 1 2409.7
24098 1 2409.8
24099 1 2409.9
24100 1 2410
24101 1 2410.1
24102 1 2410.2
24103 1 2410.3
24104 1 2410.4
24105 1 2410.5
24106 1 2410.6
24107 1 2410.7
24108 1 2410.8
24109 1 2410.9
24110 1 2411
24111 1 2411.1
24112 1 2411.2
24113 1 2411.3
24114 1 2411.4
24115 1 2411.5
24116 1 2411.6
24117 1 2411.7
24118 1 2411.8
24119 1 2411.9
24120 1 2412
24121 1 2412.1
24122 1 2412.2
24123 1 2412.3
24124 1 2412.4
24125 1 2412.5
24126 1 2412.6
24127 1 2412.7
24128 1 2412.8
24129 1 2412.9
24130 1 2413
24131 1 2413.1
24132 1 2413.2
24133 1 2413.3
24134 1 2413.4
24135 1 2413.5
24136 1 2413.6
24137 1 2413.7
24138 1 2413.8
24139 1 2413.9
24140 1 2414
24141 1 2414.1
24142 1 2414.2
24143 1 2414.3
24144 1 2414.4
24145 1 2414.5
24146 1 2414.6
24147 1 2414.7
24148 1 2414.8
24149 1 2414.9
24150 1 2415
24151 1 2415.1
24152 1 2415.2
24153 1 2415.3
24154 1 2415.4
24155 1 2415.5
24156 1 2415.6
24157 1 2415.7
24158 1 2415.8
24159 1 2415.9
24160 1 2416
24161 1 2416.1
24162 1 2416.2
24163 1 2416.3
24164 1 2416.4
24165 1 2416.5
24166 1 2416.6
24167 1 2416.7
24168 1 2416.8
24169 1 2416.9
24170 1 2417
24171 1 2417.1
24172 1 2417.2
24173 1 2417.3
24174 1 2417.4
24175 1 2417.5
24176 1 2417.6
24177 1 2417.7
24178 1 2417.8
24179 1 2417.9
24180 1 2418
24181 1 2418.1
24182 1 2418.2
24183 1 2418.3
24184 1 2418.4
24185 1 2418.5
24186 1 2418.6
24187 1 2418.7
24188 1 2418.8
24189 1 2418.9
24190 1 2419
24191 1 2419.1
24192 1 2419.2
24193 1 2419.3
24194 1 2419.4
24195 1 2419.5
24196 1 2419.6
24197 1 2419.7
24198 1 2419.8
24199 1 2419.9
24200 1 2420
24201 1 2420.1
24202 1 2420.2
24203 1 2420.3
24204 1 2420.4
24205 1 2420.5
24206 1 2420.6
24207 1 2420.7
24208 1 2420.8
24209 1 2420.9
24210 1 2421
24211 1 2421.1
24212 1 2421.2
24213 1 2421.3
24214 1 2421.4
24215 1 2421.5
24216 1 2421.6
24217 1 2421.7
24218 1 2421.8
24219 1 2421.9
24220 1 2422
24221 1 2422.1
24222 1 2422.2
24223 1 2422.3
24224 1 2422.4
24225 1 2422.5
24226 1 2422.6
24227 1 2422.7
24228 1 2422.8
24229 1 2422.9
24230 1 2423
24231 1 2423.1
24232 1 2423.2
24233 1 2423.3
24234 1 2423.4
24235 1 2423.5
24236 1 2423.6
24237 1 2423.7
24238 1 2423.8
24239 1 2423.9
24240 1 2424
24241 1 2424.1
24242 1 2424.2
24243 1 2424.3
24244 1 2424.4
24245 1 2424.5
24246 1 2424.6
24247 1 2424.7
24248 1 2424.8
24249 1 2424.9
24250 1 2425
24251 1 2425.1
24252 1 2425.2
24253 1 2425.3
24254 1 2425.4
24255 1 2425.5
24256 1 2425.6
24257 1 2425.7
24258 1 2425.8
24259 1 2425.9
24260 1 2426
24261 1 2426.1
24262 1 2426.2
24263 1 2426.3
24264 1 2426.4
24265 1 2426.5
24266 1 2426.6
24267 1 2426.7
24268 1 2426.8
24269 1 2426.9
24270 1 2427
24271 1 2427.1
24272 1 2427.2
24273 1 2427.3
24274 1 2427.4
24275 1 2427.5
24276 1 2427.6
24277 1 2427.7
24278 1 2427.8
24279 1 2427.9
24280 1 2428
24281 1 2428.1
24282 1 2428.2
24283 1 2428.3
24284 1 2428.4
24285 1 2428.5
24286 1 2428.6
24287 1 2428.7
24288 1 2428.8
24289 1 2428.9
24290 1 2429
24291 1 2429.1
24292 1 2429.2
24293 1 2429.3
24294 1 2429.4
24295 1 2429.5
24296 1 2429.6
24297 1 2429.7
24298 1 2429.8
24299 1 2429.9
24300 1 2430
24301 1 2430.1
24302 1 2430.2
24303 1 2430.3
24304 1 2430.4
24305 1 2430.5
24306 1 2430.6
24307 1 2430.7
24308 1 2430.8
24309 1 2430.9
24310 1 2431
24311 1 2431.1
24312 1 2431.2
24313 1 2431.3
24314 1 2431.4
24315 1 2431.5
24316 1 2431.6
24317 1 2431.7
24318 1 2431.8
24319 1 2431.9
24320 1 2432
24321 1 2432.1
24322 1 2432.2
24323 1 2432.3
24324 1 2432.4
24325 1 2432.5
24326 1 2432.6
24327 1 2432.7
24328 1 2432.8
24329 1 2432.9
24330 1 2433
24331 1 2433.1
24332 1 2433.2
24333 1 2433.3
24334 1 2433.4
24335 1 2433.5
24336 1 2433.6
24337 1 2433.7
24338 1 2433.8
24339 1 2433.9
24340 1 2434
24341 1 2434.1
24342 1 2434.2
24343 1 2434.3
24344 1 2434.4
24345 1 2434.5
24346 1 2434.6
24347 1 2434.7
24348 1 2434.8
24349 1 2434.9
24350 1 2435
24351 1 2435.1
24352 1 2435.2
24353 1 2435.3
24354 1 2435.4
24355 1 2435.5
24356 1 2435.6
24357 1 2435.7
24358 1 2435.8
24359 1 2435.9
24360 1 2436
24361 1 2436.1
24362 1 2436.2
24363 1 2436.3
24364 1 2436.4
24365 1 2436.5
24366 1 2436.6
24367 1 2436.7
24368 1 2436.8
24369 1 2436.9
24370 1 2437
24371 1 2437.1
24372 1 2437.2
24373 1 2437.3
24374 1 2437.4
24375 1 2437.5
24376 1 2437.6
24377 1 2437.7
24378 1 2437.8
24379 1 2437.9
24380 1 2438
24381 1 2438.1
24382 1 2438.2
24383 1 2438.3
24384 1 2438.4
24385 1 2438.5
24386 1 2438.6
24387 1 2438.7
24388 1 2438.8
24389 1 2438.9
24390 1 2439
24391 1 2439.1
24392 1 2439.2
24393 1 2439.3
24394 1 2439.4
24395 1 2439.5
24396 1 2439.6
24397 1 2439.7
24398 1 2439.8
24399 1 2439.9
24400 1 2440
24401 1 2440.1
24402 1 2440.2
24403 1 2440.3
24404 1 2440.4
24405 1 2440.5
24406 1 2440.6
24407 1 2440.7
24408 1 2440.8
24409 1 2440.9
24410 1 2441
24411 1 2441.1
24412 1 2441.2
24413 1 2441.3
24414 1 2441.4
24415 1 2441.5
24416 1 2441.6
24417 1 2441.7
24418 1 2441.8
24419 1 2441.9
24420 1 2442
24421 1 2442.1
24422 1 2442.2
24423 1 2442.3
24424 1 2442.4
24425 1 2442.5
24426 1 2442.6
24427 1 2442.7
24428 1 2442.8
24429 1 2442.9
24430 1 2443
24431 1 2443.1
24432 1 2443.2
24433 1 2443.3
24434 1 2443.4
24435 1 2443.5
24436 1 2443.6
24437 1 2443.7
24438 1 2443.8
24439 1 2443.9
24440 1 2444
24441 1 2444.1
24442 1 2444.2
24443 1 2444.3
24444 1 2444.4
24445 1 2444.5
24446 1 2444.6
24447 1 2444.7
24448 1 2444.8
24449 1 2444.9
24450 1 2445
24451 1 2445.1
24452 1 2445.2
24453 1 2445.3
24454 1 2445.4
24455 1 2445.5
24456 1 2445.6
24457 1 2445.7
24458 1 2445.8
24459 1 2445.9
24460 1 2446
24461 1 2446.1
24462 1 2446.2
24463 1 2446.3
24464 1 2446.4
24465 1 2446.5
24466 1 2446.6
24467 1 2446.7
24468 1 2446.8
24469 1 2446.9
24470 1 2447
24471 1 2447.1
24472 1 2447.2
24473 1 2447.3
24474 1 2447.4
24475 1 2447.5
24476 1 2447.6
24477 1 2447.7
24478 1 2447.8
24479 1 2447.9
24480 1 2448
24481 1 2448.1
24482 1 2448.2
24483 1 2448.3
24484 1 2448.4
24485 1 2448.5
24486 1 2448.6
24487 1 2448.7
24488 1 2448.8
24489 1 2448.9
24490 1 2449
24491 1 2449.1
24492 1 2449.2
24493 1 2449.3
24494 1 2449.4
24495 1 2449.5
24496 1 2449.6
24497 1 2449.7
24498 1 2449.8
24499 1 2449.9
24500 1 2450
24501 1 2450.1
24502 1 2450.2
24503 1 2450.3
24504 1 2450.4
24505 1 2450.5
24506 1 2450.6
24507 1 2450.7
24508 1 2450.8
24509 1 2450.9
24510 1 2451
24511 1 2451.1
24512 1 2451.2
24513 1 2451.3
24514 1 2451.4
24515 1 2451.5
24516 1 2451.6
24517 1 2451.7
24518 1 2451.8
24519 1 2451.9
24520 1 2452
24521 1 2452.1
24522 1 2452.2
24523 1 2452.3
24524 1 2452.4
24525 1 2452.5
24526 1 2452.6
24527 1 2452.7
24528 1 2452.8
24529 1 2452.9
24530 1 2453
24531 1 2453.1
24532 1 2453.2
24533 1 2453.3
24534 1 2453.4
24535 1 2453.5
24536 1 2453.6
24537 1 2453.7
24538 1 2453.8
24539 1 2453.9
24540 1 2454
24541 1 2454.1
24542 1 2454.2
24543 1 2454.3
24544 1 2454.4
24545 1 2454.5
24546 1 2454.6
24547 1 2454.7
24548 1 2454.8
24549 1 2454.9
24550 1 2455
24551 1 2455.1
24552 1 2455.2
24553 1 2455.3
24554 1 2455.4
24555 1 2455.5
24556 1 2455.6
24557 1 2455.7
24558 1 2455.8
24559 1 2455.9
24560 1 2456
24561 1 2456.1
24562 1 2456.2
24563 1 2456.3
24564 1 2456.4
24565 1 2456.5
24566 1 2456.6
24567 1 2456.7
24568 1 2456.8
24569 1 2456.9
24570 1 2457
24571 1 2457.1
24572 1 2457.2
24573 1 2457.3
24574 1 2457.4
24575 1 2457.5
24576 1 2457.6
24577 1 2457.7
24578 1 2457.8
24579 1 2457.9
24580 1 2458
24581 1 2458.1
24582 1 2458.2
24583 1 2458.3
24584 1 2458.4
24585 1 2458.5
24586 1 2458.6
24587 1 2458.7
24588 1 2458.8
24589 1 2458.9
24590 1 2459
24591 1 2459.1
24592 1 2459.2
24593 1 2459.3
24594 1 2459.4
24595 1 2459.5
24596 1 2459.6
24597 1 2459.7
24598 1 2459.8
24599 1 2459.9
24600 1 2460
24601 1 2460.1
24602 1 2460.2
24603 1 2460.3
24604 1 2460.4
24605 1 2460.5
24606 1 2460.6
24607 1 2460.7
24608 1 2460.8
24609 1 2460.9
24610 1 2461
24611 1 2461.1
24612 1 2461.2
24613 1 2461.3
24614 1 2461.4
24615 1 2461.5
24616 1 2461.6
24617 1 2461.7
24618 1 2461.8
24619 1 2461.9
24620 1 2462
24621 1 2462.1
24622 1 2462.2
24623 1 2462.3
24624 1 2462.4
24625 1 2462.5
24626 1 2462.6
24627 1 2462.7
24628 1 2462.8
24629 1 2462.9
24630 1 2463
24631 1 2463.1
24632 1 2463.2
24633 1 2463.3
24634 1 2463.4
24635 1 2463.5
24636 1 2463.6
24637 1 2463.7
24638 1 2463.8
24639 1 2463.9
24640 1 2464
24641 1 2464.1
24642 1 2464.2
24643 1 2464.3
24644 1 2464.4
24645 1 2464.5
24646 1 2464.6
24647 1 2464.7
24648 1 2464.8
24649 1 2464.9
24650 1 2465
24651 1 2465.1
24652 1 2465.2
24653 1 2465.3
24654 1 2465.4
24655 1 2465.5
24656 1 2465.6
24657 1 2465.7
24658 1 2465.8
24659 1 2465.9
24660 1 2466
24661 1 2466.1
24662 1 2466.2
24663 1 2466.3
24664 1 2466.4
24665 1 2466.5
24666 1 2466.6
24667 1 2466.7
24668 1 2466.8
24669 1 2466.9
24670 1 2467
24671 1 2467.1
24672 1 2467.2
24673 1 2467.3
24674 1 2467.4
24675 1 2467.5
24676 1 2467.6
24677 1 2467.7
24678 1 2467.8
24679 1 2467.9
24680 1 2468
24681 1 2468.1
24682 1 2468.2
24683 1 2468.3
24684 1 2468.4
24685 1 2468.5
24686 1 2468.6
24687 1 2468.7
24688 1 2468.8
24689 1 2468.9
24690 1 2469
24691 1 2469.1
24692 1 2469.2
24693 1 2469.3
24694 1 2469.4
24695 1 2469.5
24696 1 2469.6
24697 1 2469.7
24698 1 2469.8
24699 1 2469.9
24700 1 2470
24701 1 2470.1
24702 1 2470.2
24703 1 2470.3
24704 1 2470.4
24705 1 2470.5
24706 1 2470.6
24707 1 2470.7
24708 1 2470.8
24709 1 2470.9
24710 1 2471
24711 1 2471.1
24712 1 2471.2
24713 1 2471.3
24714 1 2471.4
24715 1 2471.5
24716 1 2471.6
24717 1 2471.7
24718 1 2471.8
24719 1 2471.9
24720 1 2472
24721 1 2472.1
24722 1 2472.2
24723 1 2472.3
24724 1 2472.4
24725 1 2472.5
24726 1 2472.6
24727 1 2472.7
24728 1 2472.8
24729 1 2472.9
24730 1 2473
24731 1 2473.1
24732 1 2473.2
24733 1 2473.3
24734 1 2473.4
24735 1 2473.5
24736 1 2473.6
24737 1 2473.7
24738 1 2473.8
24739 1 2473.9
24740 1 2474
24741 1 2474.1
24742 1 2474.2
24743 1 2474.3
24744 1 2474.4
24745 1 2474.5
24746 1 2474.6
24747 1 2474.7
24748 1 2474.8
24749 1 2474.9
24750 1 2475
24751 1 2475.1
24752 1 2475.2
24753 1 2475.3
24754 1 2475.4
24755 1 2475.5
24756 1 2475.6
24757 1 2475.7
24758 1 2475.8
24759 1 2475.9
24760 1 2476
24761 1 2476.1
24762 1 2476.2
24763 1 2476.3
24764 1 2476.4
24765 1 2476.5
24766 1 2476.6
24767 1 2476.7
24768 1 2476.8
24769 1 2476.9
24770 1 2477
24771 1 2477.1
24772 1 2477.2
24773 1 2477.3
24774 1 2477.4
24775 1 2477.5
24776 1 2477.6
24777 1 2477.7
24778 1 2477.8
24779 1 2477.9
24780 1 2478
24781 1 2478.1
24782 1 2478.2
24783 1 2478.3
24784 1 2478.4
24785 1 2478.5
24786 1 2478.6
24787 1 2478.7
24788 1 2478.8
24789 1 2478.9
24790 1 2479
24791 1 2479.1
24792 1 2479.2
24793 1 2479.3
24794 1 2479.4
24795 1 2479.5
24796 1 2479.6
24797 1 2479.7
24798 1 2479.8
24799 1 2479.9
24800 1 2480
24801 1 2480.1
24802 1 2480.2
24803 1 2480.3
24804 1 2480.4
24805 1 2480.5
24806 1 2480.6
24807 1 2480.7
24808 1 2480.8
24809 1 2480.9
24810 1 2481
24811 1 2481.1
24812 1 2481.2
24813 1 2481.3
24814 1 2481.4
24815 1 2481.5
24816 1 2481.6
24817 1 2481.7
24818 1 2481.8
24819 1 2481.9
24820 1 2482
24821 1 2482.1
24822 1 2482.2
24823 1 2482.3
24824 1 2482.4
24825 1 2482.5
24826 1 2482.6
24827 1 2482.7
24828 1 2482.8
24829 1 2482.9
24830 1 2483
24831 1 2483.1
24832 1 2483.2
24833 1 2483.3
24834 1 2483.4
24835 1 2483.5
24836 1 2483.6
24837 1 2483.7
24838 1 2483.8
24839 1 2483.9
24840 1 2484
24841 1 2484.1
24842 1 2484.2
24843 1 2484.3
24844 1 2484.4
24845 1 2484.5
24846 1 2484.6
24847 1 2484.7
24848 1 2484.8
24849 1 2484.9
24850 1 2485
24851 1 2485.1
24852 1 2485.2
24853 1 2485.3
24854 1 2485.4
24855 1 2485.5
24856 1 2485.6
24857 1 2485.7
24858 1 2485.8
24859 1 2485.9
24860 1 2486
24861 1 2486.1
24862 1 2486.2
24863 1 2486.3
24864 1 2486.4
24865 1 2486.5
24866 1 2486.6
24867 1 2486.7
24868 1 2486.8
24869 1 2486.9
24870 1 2487
24871 1 2487.1
24872 1 2487.2
24873 1 2487.3
24874 1 2487.4
24875 1 2487.5
24876 1 2487.6
24877 1 2487.7
24878 1 2487.8
24879 1 2487.9
24880 1 2488
24881 1 2488.1
24882 1 2488.2
24883 1 2488.3
24884 1 2488.4
24885 1 2488.5
24886 1 2488.6
24887 1 2488.7
24888 1 2488.8
24889 1 2488.9
24890 1 2489
24891 1 2489.1
24892 1 2489.2
24893 1 2489.3
24894 1 2489.4
24895 1 2489.5
24896 1 2489.6
24897 1 2489.7
24898 1 2489.8
24899 1 2489.9
24900 1 2490
24901 1 2490.1
24902 1 2490.2
24903 1 2490.3
24904 1 2490.4
24905 1 2490.5
24906 1 2490.6
24907 1 2490.7
24908 1 2490.8
24909 1 2490.9
24910 1 2491
24911 1 2491.1
24912 1 2491.2
24913 1 2491.3
24914 1 2491.4
24915 1 2491.5
24916 1 2491.6
24917 1 2491.7
24918 1 2491.8
24919 1 2491.9
24920 1 2492
24921 1 2492.1
24922 1 2492.2
24923 1 2492.3
24924 1 2492.4
24925 1 2492.5
24926 1 2492.6
24927 1 2492.7
24928 1 2492.8
24929 1 2492.9
24930 1 2493
24931 1 2493.1
24932 1 2493.2
24933 1 2493.3
24934 1 2493.4
24935 1 2493.5
24936 1 2493.6
24937 1 2493.7
24938 1 2493.8
24939 1 2493.9
24940 1 2494
24941 1 2494.1
24942 1 2494.2
24943 1 2494.3
24944 1 2494.4
24945 1 2494.5
24946 1 2494.6
24947 1 2494.7
24948 1 2494.8
24949 1 2494.9
24950 1 2495
24951 1 2495.1
24952 1 2495.2
24953 1 2495.3
24954 1 2495.4
24955 1 2495.5
24956 1 2495.6
24957 1 2495.7
24958 1 2495.8
24959 1 2495.9
24960 1 2496
24961 1 2496.1
24962 1 2496.2
24963 1 2496.3
24964 1 2496.4
24965 1 2496.5
24966 1 2496.6
24967 1 2496.7
24968 1 2496.8
24969 1 2496.9
24970 1 2497
24971 1 2497.1
24972 1 2497.2
24973 1 2497.3
24974 1 2497.4
24975 1 2497.5
24976 1 2497.6
24977 1 2497.7
24978 1 2497.8
24979 1 2497.9
24980 1 2498
24981 1 2498.1
24982 1 2498.2
24983 1 2498.3
24984 1 2498.4
24985 1 2498.5
24986 1 2498.6
24987 1 2498.7
24988 1 2498.8
24989 1 2498.9
24990 1 2499
24991 1 2499.1
24992 1 2499.2
24993 1 2499.3
24994 1 2499.4
24995 1 2499.5
24996 1 2499.6
24997 1 2499.7
24998 1 2499.8
24999 1 2499.9
25000 1 2500
25001 1 2500.1
25002 1 2500.2
25003 1 2500.3
25004 1 2500.4
25005 1 2500.5
25006 1 2500.6
25007 1 2500.7
25008 1 2500.8
25009 1 2500.9
25010 1 2501
25011 1 2501.1
25012 1 2501.2
25013 1 2501.3
25014 1 2501.4
25015 1 2501.5
25016 1 2501.6
25017 1 2501.7
25018 1 2501.8
25019 1 2501.9
25020 1 2502
25021 1 2502.1
25022 1 2502.2
25023 1 2502.3
25024 1 2502.4
25025 1 2502.5
25026 1 2502.6
25027 1 2502.7
25028 1 2502.8
25029 1 2502.9
25030 1 2503
25031 1 2503.1
25032 1 2503.2
25033 1 2503.3
25034 1 2503.4
25035 1 2503.5
25036 1 2503.6
25037 1 2503.7
25038 1 2503.8
25039 1 2503.9
25040 1 2504
25041 1 2504.1
25042 1 2504.2
25043 1 2504.3
25044 1 2504.4
25045 1 2504.5
25046 1 2504.6
25047 1 2504.7
25048 1 2504.8
25049 1 2504.9
25050 1 2505
25051 1 2505.1
25052 1 2505.2
25053 1 2505.3
25054 1 2505.4
25055 1 2505.5
25056 1 2505.6
25057 1 2505.7
25058 1 2505.8
25059 1 2505.9
25060 1 2506
25061 1 2506.1
25062 1 2506.2
25063 1 2506.3
25064 1 2506.4
25065 1 2506.5
25066 1 2506.6
25067 1 2506.7
25068 1 2506.8
25069 1 2506.9
25070 1 2507
25071 1 2507.1
25072 1 2507.2
25073 1 2507.3
25074 1 2507.4
25075 1 2507.5
25076 1 2507.6
25077 1 2507.7
25078 1 2507.8
25079 1 2507.9
25080 1 2508
25081 1 2508.1
25082 1 2508.2
25083 1 2508.3
25084 1 2508.4
25085 1 2508.5
25086 1 2508.6
25087 1 2508.7
25088 1 2508.8
25089 1 2508.9
25090 1 2509
25091 1 2509.1
25092 1 2509.2
25093 1 2509.3
25094 1 2509.4
25095 1 2509.5
25096 1 2509.6
25097 1 2509.7
25098 1 2509.8
25099 1 2509.9
25100 1 2510
25101 1 2510.1
25102 1 2510.2
25103 1 2510.3
25104 1 2510.4
25105 1 2510.5
25106 1 2510.6
25107 1 2510.7
25108 1 2510.8
25109 1 2510.9
25110 1 2511
25111 1 2511.1
25112 1 2511.2
25113 1 2511.3
25114 1 2511.4
25115 1 2511.5
25116 1 2511.6
25117 1 2511.7
25118 1 2511.8
25119 1 2511.9
25120 1 2512
25121 1 2512.1
25122 1 2512.2
25123 1 2512.3
25124 1 2512.4
25125 1 2512.5
25126 1 2512.6
25127 1 2512.7
25128 1 2512.8
25129 1 2512.9
25130 1 2513
25131 1 2513.1
25132 1 2513.2
25133 1 2513.3
25134 1 2513.4
25135 1 2513.5
25136 1 2513.6
25137 1 2513.7
25138 1 2513.8
25139 1 2513.9
25140 1 2514
25141 1 2514.1
25142 1 2514.2
25143 1 2514.3
25144 1 2514.4
25145 1 2514.5
25146 1 2514.6
25147 1 2514.7
25148 1 2514.8
25149 1 2514.9
25150 1 2515
25151 1 2515.1
25152 1 2515.2
25153 1 2515.3
25154 1 2515.4
25155 1 2515.5
25156 1 2515.6
25157 1 2515.7
25158 1 2515.8
25159 1 2515.9
25160 1 2516
25161 1 2516.1
25162 1 2516.2
25163 1 2516.3
25164 1 2516.4
25165 1 2516.5
25166 1 2516.6
25167 1 2516.7
25168 1 2516.8
25169 1 2516.9
25170 1 2517
25171 1 2517.1
25172 1 2517.2
25173 1 2517.3
25174 1 2517.4
25175 1 2517.5
25176 1 2517.6
25177 1 2517.7
25178 1 2517.8
25179 1 2517.9
25180 1 2518
25181 1 2518.1
25182 1 2518.2
25183 1 2518.3
25184 1 2518.4
25185 1 2518.5
25186 1 2518.6
25187 1 2518.7
25188 1 2518.8
25189 1 2518.9
25190 1 2519
25191 1 2519.1
25192 1 2519.2
25193 1 2519.3
25194 1 2519.4
25195 1 2519.5
25196 1 2519.6
25197 1 2519.7
25198 1 2519.8
25199 1 2519.9
25200 1 2520
25201 1 2520.1
25202 1 2520.2
25203 1 2520.3
25204 1 2520.4
25205 1 2520.5
25206 1 2520.6
25207 1 2520.7
25208 1 2520.8
25209 1 2520.9
25210 1 2521
25211 1 2521.1
25212 1 2521.2
25213 1 2521.3
25214 1 2521.4
25215 1 2521.5
25216 1 2521.6
25217 1 2521.7
25218 1 2521.8
25219 1 2521.9
25220 1 2522
25221 1 2522.1
25222 1 2522.2
25223 1 2522.3
25224 1 2522.4
25225 1 2522.5
25226 1 2522.6
25227 1 2522.7
25228 1 2522.8
25229 1 2522.9
25230 1 2523
25231 1 2523.1
25232 1 2523.2
25233 1 2523.3
25234 1 2523.4
25235 1 2523.5
25236 1 2523.6
25237 1 2523.7
25238 1 2523.8
25239 1 2523.9
25240 1 2524
25241 1 2524.1
25242 1 2524.2
25243 1 2524.3
25244 1 2524.4
25245 1 2524.5
25246 1 2524.6
25247 1 2524.7
25248 1 2524.8
25249 1 2524.9
25250 1 2525
25251 1 2525.1
25252 1 2525.2
25253 1 2525.3
25254 1 2525.4
25255 1 2525.5
25256 1 2525.6
25257 1 2525.7
25258 1 2525.8
25259 1 2525.9
25260 1 2526
25261 1 2526.1
25262 1 2526.2
25263 1 2526.3
25264 1 2526.4
25265 1 2526.5
25266 1 2526.6
25267 1 2526.7
25268 1 2526.8
25269 1 2526.9
25270 1 2527
25271 1 2527.1
25272 1 2527.2
25273 1 2527.3
25274 1 2527.4
25275 1 2527.5
25276 1 2527.6
25277 1 2527.7
25278 1 2527.8
25279 1 2527.9
25280 1 2528
25281 1 2528.1
25282 1 2528.2
25283 1 2528.3
25284 1 2528.4
25285 1 2528.5
25286 1 2528.6
25287 1 2528.7
25288 1 2528.8
25289 1 2528.9
25290 1 2529
25291 1 2529.1
25292 1 2529.2
25293 1 2529.3
25294 1 2529.4
25295 1 2529.5
25296 1 2529.6
25297 1 2529.7
25298 1 2529.8
25299 1 2529.9
25300 1 2530
25301 1 2530.1
25302 1 2530.2
25303 1 2530.3
25304 1 2530.4
25305 1 2530.5
25306 1 2530.6
25307 1 2530.7
25308 1 2530.8
25309 1 2530.9
25310 1 2531
25311 1 2531.1
25312 1 2531.2
25313 1 2531.3
25314 1 2531.4
25315 1 2531.5
25316 1 2531.6
25317 1 2531.7
25318 1 2531.8
25319 1 2531.9
25320 1 2532
25321 1 2532.1
25322 1 2532.2
25323 1 2532.3
25324 1 2532.4
25325 1 2532.5
25326 1 2532.6
25327 1 2532.7
25328 1 2532.8
25329 1 2532.9
25330 1 2533
25331 1 2533.1
25332 1 2533.2
25333 1 2533.3
25334 1 2533.4
25335 1 2533.5
25336 1 2533.6
25337 1 2533.7
25338 1 2533.8
25339 1 2533.9
25340 1 2534
25341 1 2534.1
25342 1 2534.2
25343 1 2534.3
25344 1 2534.4
25345 1 2534.5
25346 1 2534.6
25347 1 2534.7
25348 1 2534.8
25349 1 2534.9
25350 1 2535
25351 1 2535.1
25352 1 2535.2
25353 1 2535.3
25354 1 2535.4
25355 1 2535.5
25356 1 2535.6
25357 1 2535.7
25358 1 2535.8
25359 1 2535.9
25360 1 2536
25361 1 2536.1
25362 1 2536.2
25363 1 2536.3
25364 1 2536.4
25365 1 2536.5
25366 1 2536.6
25367 1 2536.7
25368 1 2536.8
25369 1 2536.9
25370 1 2537
25371 1 2537.1
25372 1 2537.2
25373 1 2537.3
25374 1 2537.4
25375 1 2537.5
25376 1 2537.6
25377 1 2537.7
25378 1 2537.8
25379 1 2537.9
25380 1 2538
25381 1 2538.1
25382 1 2538.2
25383 1 2538.3
25384 1 2538.4
25385 1 2538.5
25386 1 2538.6
25387 1 2538.7
25388 1 2538.8
25389 1 2538.9
25390 1 2539
25391 1 2539.1
25392 1 2539.2
25393 1 2539.3
25394 1 2539.4
25395 1 2539.5
25396 1 2539.6
25397 1 2539.7
25398 1 2539.8
25399 1 2539.9
25400 1 2540
25401 1 2540.1
25402 1 2540.2
25403 1 2540.3
25404 1 2540.4
25405 1 2540.5
25406 1 2540.6
25407 1 2540.7
25408 1 2540.8
25409 1 2540.9
25410 1 2541
25411 1 2541.1
25412 1 2541.2
25413 1 2541.3
25414 1 2541.4
25415 1 2541.5
25416 1 2541.6
25417 1 2541.7
25418 1 2541.8
25419 1 2541.9
25420 1 2542
25421 1 2542.1
25422 1 2542.2
25423 1 2542.3
25424 1 2542.4
25425 1 2542.5
25426 1 2542.6
25427 1 2542.7
25428 1 2542.8
25429 1 2542.9
25430 1 2543
25431 1 2543.1
25432 1 2543.2
25433 1 2543.3
25434 1 2543.4
25435 1 2543.5
25436 1 2543.6
25437 1 2543.7
25438 1 2543.8
25439 1 2543.9
25440 1 2544
25441 1 2544.1
25442 1 2544.2
25443 1 2544.3
25444 1 2544.4
25445 1 2544.5
25446 1 2544.6
25447 1 2544.7
25448 1 2544.8
25449 1 2544.9
25450 1 2545
25451 1 2545.1
25452 1 2545.2
25453 1 2545.3
25454 1 2545.4
25455 1 2545.5
25456 1 2545.6
25457 1 2545.7
25458 1 2545.8
25459 1 2545.9
25460 1 2546
25461 1 2546.1
25462 1 2546.2
25463 1 2546.3
25464 1 2546.4
25465 1 2546.5
25466 1 2546.6
25467 1 2546.7
25468 1 2546.8
25469 1 2546.9
25470 1 2547
25471 1 2547.1
25472 1 2547.2
25473 1 2547.3
25474 1 2547.4
25475 1 2547.5
25476 1 2547.6
25477 1 2547.7
25478 1 2547.8
25479 1 2547.9
25480 1 2548
25481 1 2548.1
25482 1 2548.2
25483 1 2548.3
25484 1 2548.4
25485 1 2548.5
25486 1 2548.6
25487 1 2548.7
25488 1 2548.8
25489 1 2548.9
25490 1 2549
25491 1 2549.1
25492 1 2549.2
25493 1 2549.3
25494 1 2549.4
25495 1 2549.5
25496 1 2549.6
25497 1 2549.7
25498 1 2549.8
25499 1 2549.9
25500 1 2550
25501 1 2550.1
25502 1 2550.2
25503 1 2550.3
25504 1 2550.4
25505 1 2550.5
25506 1 2550.6
25507 1 2550.7
25508 1 2550.8
25509 1 2550.9
25510 1 2551
25511 1 2551.1
25512 1 2551.2
25513 1 2551.3
25514 1 2551.4
25515 1 2551.5
25516 1 2551.6
25517 1 2551.7
25518 1 2551.8
25519 1 2551.9
25520 1 2552
25521 1 2552.1
25522 1 2552.2
25523 1 2552.3
25524 1 2552.4
25525 1 2552.5
25526 1 2552.6
25527 1 2552.7
25528 1 2552.8
25529 1 2552.9
25530 1 2553
25531 1 2553.1
25532 1 2553.2
25533 1 2553.3
25534 1 2553.4
25535 1 2553.5
25536 1 2553.6
25537 1 2553.7
25538 1 2553.8
25539 1 2553.9
25540 1 2554
25541 1 2554.1
25542 1 2554.2
25543 1 2554.3
25544 1 2554.4
25545 1 2554.5
25546 1 2554.6
25547 1 2554.7
25548 1 2554.8
25549 1 2554.9
25550 1 2555
25551 1 2555.1
25552 1 2555.2
25553 1 2555.3
25554 1 2555.4
25555 1 2555.5
25556 1 2555.6
25557 1 2555.7
25558 1 2555.8
25559 1 2555.9
25560 1 2556
25561 1 2556.1
25562 1 2556.2
25563 1 2556.3
25564 1 2556.4
25565 1 2556.5
25566 1 2556.6
25567 1 2556.7
25568 1 2556.8
25569 1 2556.9
25570 1 2557
25571 1 2557.1
25572 1 2557.2
25573 1 2557.3
25574 1 2557.4
25575 1 2557.5
25576 1 2557.6
25577 1 2557.7
25578 1 2557.8
25579 1 2557.9
25580 1 2558
25581 1 2558.1
25582 1 2558.2
25583 1 2558.3
25584 1 2558.4
25585 1 2558.5
25586 1 2558.6
25587 1 2558.7
25588 1 2558.8
25589 1 2558.9
25590 1 2559
25591 1 2559.1
25592 1 2559.2
25593 1 2559.3
25594 1 2559.4
25595 1 2559.5
25596 1 2559.6
25597 1 2559.7
25598 1 2559.8
25599 1 2559.9
25600 1 2560
25601 1 2560.1
25602 1 2560.2
25603 1 2560.3
25604 1 2560.4
25605 1 2560.5
25606 1 2560.6
25607 1 2560.7
25608 1 2560.8
25609 1 2560.9
25610 1 2561
25611 1 2561.1
25612 1 2561.2
25613 1 2561.3
25614 1 2561.4
25615 1 2561.5
25616 1 2561.6
25617 1 2561.7
25618 1 2561.8
25619 1 2561.9
25620 1 2562
25621 1 2562.1
25622 1 2562.2
25623 1 2562.3
25624 1 2562.4
25625 1 2562.5
25626 1 2562.6
25627 1 2562.7
25628 1 2562.8
25629 1 2562.9
25630 1 2563
25631 1 2563.1
25632 1 2563.2
25633 1 2563.3
25634 1 2563.4
25635 1 2563.5
25636 1 2563.6
25637 1 2563.7
25638 1 2563.8
25639 1 2563.9
25640 1 2564
25641 1 2564.1
25642 1 2564.2
25643 1 2564.3
25644 1 2564.4
25645 1 2564.5
25646 1 2564.6
25647 1 2564.7
25648 1 2564.8
25649 1 2564.9
25650 1 2565
25651 1 2565.1
25652 1 2565.2
25653 1 2565.3
25654 1 2565.4
25655 1 2565.5
25656 1 2565.6
25657 1 2565.7
25658 1 2565.8
25659 1 2565.9
25660 1 2566
25661 1 2566.1
25662 1 2566.2
25663 1 2566.3
25664 1 2566.4
25665 1 2566.5
25666 1 2566.6
25667 1 2566.7
25668 1 2566.8
25669 1 2566.9
25670 1 2567
25671 1 2567.1
25672 1 2567.2
25673 1 2567.3
25674 1 2567.4
25675 1 2567.5
25676 1 2567.6
25677 1 2567.7
25678 1 2567.8
25679 1 2567.9
25680 1 2568
25681 1 2568.1
25682 1 2568.2
25683 1 2568.3
25684 1 2568.4
25685 1 2568.5
25686 1 2568.6
25687 1 2568.7
25688 1 2568.8
25689 1 2568.9
25690 1 2569
25691 1 2569.1
25692 1 2569.2
25693 1 2569.3
25694 1 2569.4
25695 1 2569.5
25696 1 2569.6
25697 1 2569.7
25698 1 2569.8
25699 1 2569.9
25700 1 2570
25701 1 2570.1
25702 1 2570.2
25703 1 2570.3
25704 1 2570.4
25705 1 2570.5
25706 1 2570.6
25707 1 2570.7
25708 1 2570.8
25709 1 2570.9
25710 1 2571
25711 1 2571.1
25712 1 2571.2
25713 1 2571.3
25714 1 2571.4
25715 1 2571.5
25716 1 2571.6
25717 1 2571.7
25718 1 2571.8
25719 1 2571.9
25720 1 2572
25721 1 2572.1
25722 1 2572.2
25723 1 2572.3
25724 1 2572.4
25725 1 2572.5
25726 1 2572.6
25727 1 2572.7
25728 1 2572.8
25729 1 2572.9
25730 1 2573
25731 1 2573.1
25732 1 2573.2
25733 1 2573.3
25734 1 2573.4
25735 1 2573.5
25736 1 2573.6
25737 1 2573.7
25738 1 2573.8
25739 1 2573.9
25740 1 2574
25741 1 2574.1
25742 1 2574.2
25743 1 2574.3
25744 1 2574.4
25745 1 2574.5
25746 1 2574.6
25747 1 2574.7
25748 1 2574.8
25749 1 2574.9
25750 1 2575
25751 1 2575.1
25752 1 2575.2
25753 1 2575.3
25754 1 2575.4
25755 1 2575.5
25756 1 2575.6
25757 1 2575.7
25758 1 2575.8
25759 1 2575.9
25760 1 2576
25761 1 2576.1
25762 1 2576.2
25763 1 2576.3
25764 1 2576.4
25765 1 2576.5
25766 1 2576.6
25767 1 2576.7
25768 1 2576.8
25769 1 2576.9
25770 1 2577
25771 1 2577.1
25772 1 2577.2
25773 1 2577.3
25774 1 2577.4
25775 1 2577.5
25776 1 2577.6
25777 1 2577.7
25778 1 2577.8
25779 1 2577.9
25780 1 2578
25781 1 2578.1
25782 1 2578.2
25783 1 2578.3
25784 1 2578.4
25785 1 2578.5
25786 1 2578.6
25787 1 2578.7
25788 1 2578.8
25789 1 2578.9
25790 1 2579
25791 1 2579.1
25792 1 2579.2
25793 1 2579.3
25794 1 2579.4
25795 1 2579.5
25796 1 2579.6
25797 1 2579.7
25798 1 2579.8
25799 1 2579.9
25800 1 2580
25801 1 2580.1
25802 1 2580.2
25803 1 2580.3
25804 1 2580.4
25805 1 2580.5
25806 1 2580.6
25807 1 2580.7
25808 1 2580.8
25809 1 2580.9
25810 1 2581
25811 1 2581.1
25812 1 2581.2
25813 1 2581.3
25814 1 2581.4
25815 1 2581.5
25816 1 2581.6
25817 1 2581.7
25818 1 2581.8
25819 1 2581.9
25820 1 2582
25821 1 2582.1
25822 1 2582.2
25823 1 2582.3
25824 1 2582.4
25825 1 2582.5
25826 1 2582.6
25827 1 2582.7
25828 1 2582.8
25829 1 2582.9
25830 1 2583
25831 1 2583.1
25832 1 2583.2
25833 1 2583.3
25834 1 2583.4
25835 1 2583.5
25836 1 2583.6
25837 1 2583.7
25838 1 2583.8
25839 1 2583.9
25840 1 2584
25841 1 2584.1
25842 1 2584.2
25843 1 2584.3
25844 1 2584.4
25845 1 2584.5
25846 1 2584.6
25847 1 2584.7
25848 1 2584.8
25849 1 2584.9
25850 1 2585
25851 1 2585.1
25852 1 2585.2
25853 1 2585.3
25854 1 2585.4
25855 1 2585.5
25856 1 2585.6
25857 1 2585.7
25858 1 2585.8
25859 1 2585.9
25860 1 2586
25861 1 2586.1
25862 1 2586.2
25863 1 2586.3
25864 1 2586.4
25865 1 2586.5
25866 1 2586.6
25867 1 2586.7
25868 1 2586.8
25869 1 2586.9
25870 1 2587
25871 1 2587.1
25872 1 2587.2
25873 1 2587.3
25874 1 2587.4
25875 1 2587.5
25876 1 2587.6
25877 1 2587.7
25878 1 2587.8
25879 1 2587.9
25880 1 2588
25881 1 2588.1
25882 1 2588.2
25883 1 2588.3
25884 1 2588.4
25885 1 2588.5
25886 1 2588.6
25887 1 2588.7
25888 1 2588.8
25889 1 2588.9
25890 1 2589
25891 1 2589.1
25892 1 2589.2
25893 1 2589.3
25894 1 2589.4
25895 1 2589.5
25896 1 2589.6
25897 1 2589.7
25898 1 2589.8
25899 1 2589.9
25900 1 2590
25901 1 2590.1
25902 1 2590.2
25903 1 2590.3
25904 1 2590.4
25905 1 2590.5
25906 1 2590.6
25907 1 2590.7
25908 1 2590.8
25909 1 2590.9
25910 1 2591
25911 1 2591.1
25912 1 2591.2
25913 1 2591.3
25914 1 2591.4
25915 1 2591.5
25916 1 2591.6
25917 1 2591.7
25918 1 2591.8
25919 1 2591.9
25920 1 2592
25921 1 2592.1
25922 1 2592.2
25923 1 2592.3
25924 1 2592.4
25925 1 2592.5
25926 1 2592.6
25927 1 2592.7
25928 1 2592.8
25929 1 2592.9
25930 1 2593
25931 1 2593.1
25932 1 2593.2
25933 1 2593.3
25934 1 2593.4
25935 1 2593.5
25936 1 2593.6
25937 1 2593.7
25938 1 2593.8
25939 1 2593.9
25940 1 2594
25941 1 2594.1
25942 1 2594.2
25943 1 2594.3
25944 1 2594.4
25945 1 2594.5
25946 1 2594.6
25947 1 2594.7
25948 1 2594.8
25949 1 2594.9
25950 1 2595
25951 1 2595.1
25952 1 2595.2
25953 1 2595.3
25954 1 2595.4
25955 1 2595.5
25956 1 2595.6
25957 1 2595.7
25958 1 2595.8
25959 1 2595.9
25960 1 2596
25961 1 2596.1
25962 1 2596.2
25963 1 2596.3
25964 1 2596.4
25965 1 2596.5
25966 1 2596.6
25967 1 2596.7
25968 1 2596.8
25969 1 2596.9
25970 1 2597
25971 1 2597.1
25972 1 2597.2
25973 1 2597.3
25974 1 2597.4
25975 1 2597.5
25976 1 2597.6
25977 1 2597.7
25978 1 2597.8
25979 1 2597.9
25980 1 2598
25981 1 2598.1
25982 1 2598.2
25983 1 2598.3
25984 1 2598.4
25985 1 2598.5
25986 1 2598.6
25987 1 2598.7
25988 1 2598.8
25989 1 2598.9
25990 1 2599
25991 1 2599.1
25992 1 2599.2
25993 1 2599.3
25994 1 2599.4
25995 1 2599.5
25996 1 2599.6
25997 1 2599.7
25998 1 2599.8
25999 1 2599.9
26000 1 2600
26001 1 2600.1
26002 1 2600.2
26003 1 2600.3
26004 1 2600.4
26005 1 2600.5
26006 1 2600.6
26007 1 2600.7
26008 1 2600.8
26009 1 2600.9
26010 1 2601
26011 1 2601.1
26012 1 2601.2
26013 1 2601.3
26014 1 2601.4
26015 1 2601.5
26016 1 2601.6
26017 1 2601.7
26018 1 2601.8
26019 1 2601.9
26020 1 2602
26021 1 2602.1
26022 1 2602.2
26023 1 2602.3
26024 1 2602.4
26025 1 2602.5
26026 1 2602.6
26027 1 2602.7
26028 1 2602.8
26029 1 2602.9
26030 1 2603
26031 1 2603.1
26032 1 2603.2
26033 1 2603.3
26034 1 2603.4
26035 1 2603.5
26036 1 2603.6
26037 1 2603.7
26038 1 2603.8
26039 1 2603.9
26040 1 2604
26041 1 2604.1
26042 1 2604.2
26043 1 2604.3
26044 1 2604.4
26045 1 2604.5
26046 1 2604.6
26047 1 2604.7
26048 1 2604.8
26049 1 2604.9
26050 1 2605
26051 1 2605.1
26052 1 2605.2
26053 1 2605.3
26054 1 2605.4
26055 1 2605.5
26056 1 2605.6
26057 1 2605.7
26058 1 2605.8
26059 1 2605.9
26060 1 2606
26061 1 2606.1
26062 1 2606.2
26063 1 2606.3
26064 1 2606.4
26065 1 2606.5
26066 1 2606.6
26067 1 2606.7
26068 1 2606.8
26069 1 2606.9
26070 1 2607
26071 1 2607.1
26072 1 2607.2
26073 1 2607.3
26074 1 2607.4
26075 1 2607.5
26076 1 2607.6
26077 1 2607.7
26078 1 2607.8
26079 1 2607.9
26080 1 2608
26081 1 2608.1
26082 1 2608.2
26083 1 2608.3
26084 1 2608.4
26085 1 2608.5
26086 1 2608.6
26087 1 2608.7
26088 1 2608.8
26089 1 2608.9
26090 1 2609
26091 1 2609.1
26092 1 2609.2
26093 1 2609.3
26094 1 2609.4
26095 1 2609.5
26096 1 2609.6
26097 1 2609.7
26098 1 2609.8
26099 1 2609.9
26100 1 2610
26101 1 2610.1
26102 1 2610.2
26103 1 2610.3
26104 1 2610.4
26105 1 2610.5
26106 1 2610.6
26107 1 2610.7
26108 1 2610.8
26109 1 2610.9
26110 1 2611
26111 1 2611.1
26112 1 2611.2
26113 1 2611.3
26114 1 2611.4
26115 1 2611.5
26116 1 2611.6
26117 1 2611.7
26118 1 2611.8
26119 1 2611.9
26120 1 2612
26121 1 2612.1
26122 1 2612.2
26123 1 2612.3
26124 1 2612.4
26125 1 2612.5
26126 1 2612.6
26127 1 2612.7
26128 1 2612.8
26129 1 2612.9
26130 1 2613
26131 1 2613.1
26132 1 2613.2
26133 1 2613.3
26134 1 2613.4
26135 1 2613.5
26136 1 2613.6
26137 1 2613.7
26138 1 2613.8
26139 1 2613.9
26140 1 2614
26141 1 2614.1
26142 1 2614.2
26143 1 2614.3
26144 1 2614.4
26145 1 2614.5
26146 1 2614.6
26147 1 2614.7
26148 1 2614.8
26149 1 2614.9
26150 1 2615
26151 1 2615.1
26152 1 2615.2
26153 1 2615.3
26154 1 2615.4
26155 1 2615.5
26156 1 2615.6
26157 1 2615.7
26158 1 2615.8
26159 1 2615.9
26160 1 2616
26161 1 2616.1
26162 1 2616.2
26163 1 2616.3
26164 1 2616.4
26165 1 2616.5
26166 1 2616.6
26167 1 2616.7
26168 1 2616.8
26169 1 2616.9
26170 1 2617
26171 1 2617.1
26172 1 2617.2
26173 1 2617.3
26174 1 2617.4
26175 1 2617.5
26176 1 2617.6
26177 1 2617.7
26178 1 2617.8
26179 1 2617.9
26180 1 2618
26181 1 2618.1
26182 1 2618.2
26183 1 2618.3
26184 1 2618.4
26185 1 2618.5
26186 1 2618.6
26187 1 2618.7
26188 1 2618.8
26189 1 2618.9
26190 1 2619
26191 1 2619.1
26192 1 2619.2
26193 1 2619.3
26194 1 2619.4
26195 1 2619.5
26196 1 2619.6
26197 1 2619.7
26198 1 2619.8
26199 1 2619.9
26200 1 2620
26201 1 2620.1
26202 1 2620.2
26203 1 2620.3
26204 1 2620.4
26205 1 2620.5
26206 1 2620.6
26207 1 2620.7
26208 1 2620.8
26209 1 2620.9
26210 1 2621
26211 1 2621.1
26212 1 2621.2
26213 1 2621.3
26214 1 2621.4
26215 1 2621.5
26216 1 2621.6
26217 1 2621.7
26218 1 2621.8
26219 1 2621.9
26220 1 2622
26221 1 2622.1
26222 1 2622.2
26223 1 2622.3
26224 1 2622.4
26225 1 2622.5
26226 1 2622.6
26227 1 2622.7
26228 1 2622.8
26229 1 2622.9
26230 1 2623
26231 1 2623.1
26232 1 2623.2
26233 1 2623.3
26234 1 2623.4
26235 1 2623.5
26236 1 2623.6
26237 1 2623.7
26238 1 2623.8
26239 1 2623.9
26240 1 2624
26241 1 2624.1
26242 1 2624.2
26243 1 2624.3
26244 1 2624.4
26245 1 2624.5
26246 1 2624.6
26247 1 2624.7
26248 1 2624.8
26249 1 2624.9
26250 1 2625
26251 1 2625.1
26252 1 2625.2
26253 1 2625.3
26254 1 2625.4
26255 1 2625.5
26256 1 2625.6
26257 1 2625.7
26258 1 2625.8
26259 1 2625.9
26260 1 2626
26261 1 2626.1
26262 1 2626.2
26263 1 2626.3
26264 1 2626.4
26265 1 2626.5
26266 1 2626.6
26267 1 2626.7
26268 1 2626.8
26269 1 2626.9
26270 1 2627
26271 1 2627.1
26272 1 2627.2
26273 1 2627.3
26274 1 2627.4
26275 1 2627.5
26276 1 2627.6
26277 1 2627.7
26278 1 2627.8
26279 1 2627.9
26280 1 2628
26281 1 2628.1
26282 1 2628.2
26283 1 2628.3
26284 1 2628.4
26285 1 2628.5
26286 1 2628.6
26287 1 2628.7
26288 1 2628.8
26289 1 2628.9
26290 1 2629
26291 1 2629.1
26292 1 2629.2
26293 1 2629.3
26294 1 2629.4
26295 1 2629.5
26296 1 2629.6
26297 1 2629.7
26298 1 2629.8
26299 1 2629.9
26300 1 2630
26301 1 2630.1
26302 1 2630.2
26303 1 2630.3
26304 1 2630.4
26305 1 2630.5
26306 1 2630.6
26307 1 2630.7
26308 1 2630.8
26309 1 2630.9
26310 1 2631
26311 1 2631.1
26312 1 2631.2
26313 1 2631.3
26314 1 2631.4
26315 1 2631.5
26316 1 2631.6
26317 1 2631.7
26318 1 2631.8
26319 1 2631.9
26320 1 2632
26321 1 2632.1
26322 1 2632.2
26323 1 2632.3
26324 1 2632.4
26325 1 2632.5
26326 1 2632.6
26327 1 2632.7
26328 1 2632.8
26329 1 2632.9
26330 1 2633
26331 1 2633.1
26332 1 2633.2
26333 1 2633.3
26334 1 2633.4
26335 1 2633.5
26336 1 2633.6
26337 1 2633.7
26338 1 2633.8
26339 1 2633.9
26340 1 2634
26341 1 2634.1
26342 1 2634.2
26343 1 2634.3
26344 1 2634.4
26345 1 2634.5
26346 1 2634.6
26347 1 2634.7
26348 1 2634.8
26349 1 2634.9
26350 1 2635
26351 1 2635.1
26352 1 2635.2
26353 1 2635.3
26354 1 2635.4
26355 1 2635.5
26356 1 2635.6
26357 1 2635.7
26358 1 2635.8
26359 1 2635.9
26360 1 2636
26361 1 2636.1
26362 1 2636.2
26363 1 2636.3
26364 1 2636.4
26365 1 2636.5
26366 1 2636.6
26367 1 2636.7
26368 1 2636.8
26369 1 2636.9
26370 1 2637
26371 1 2637.1
26372 1 2637.2
26373 1 2637.3
26374 1 2637.4
26375 1 2637.5
26376 1 2637.6
26377 1 2637.7
26378 1 2637.8
26379 1 2637.9
26380 1 2638
26381 1 2638.1
26382 1 2638.2
26383 1 2638.3
26384 1 2638.4
26385 1 2638.5
26386 1 2638.6
26387 1 2638.7
26388 1 2638.8
26389 1 2638.9
26390 1 2639
26391 1 2639.1
26392 1 2639.2
26393 1 2639.3
26394 1 2639.4
26395 1 2639.5
26396 1 2639.6
26397 1 2639.7
26398 1 2639.8
26399 1 2639.9
26400 1 2640
26401 1 2640.1
26402 1 2640.2
26403 1 2640.3
26404 1 2640.4
26405 1 2640.5
26406 1 2640.6
26407 1 2640.7
26408 1 2640.8
26409 1 2640.9
26410 1 2641
26411 1 2641.1
26412 1 2641.2
26413 1 2641.3
26414 1 2641.4
26415 1 2641.5
26416 1 2641.6
26417 1 2641.7
26418 1 2641.8
26419 1 2641.9
26420 1 2642
26421 1 2642.1
26422 1 2642.2
26423 1 2642.3
26424 1 2642.4
26425 1 2642.5
26426 1 2642.6
26427 1 2642.7
26428 1 2642.8
26429 1 2642.9
26430 1 2643
26431 1 2643.1
26432 1 2643.2
26433 1 2643.3
26434 1 2643.4
26435 1 2643.5
26436 1 2643.6
26437 1 2643.7
26438 1 2643.8
26439 1 2643.9
26440 1 2644
26441 1 2644.1
26442 1 2644.2
26443 1 2644.3
26444 1 2644.4
26445 1 2644.5
26446 1 2644.6
26447 1 2644.7
26448 1 2644.8
26449 1 2644.9
26450 1 2645
26451 1 2645.1
26452 1 2645.2
26453 1 2645.3
26454 1 2645.4
26455 1 2645.5
26456 1 2645.6
26457 1 2645.7
26458 1 2645.8
26459 1 2645.9
26460 1 2646
26461 1 2646.1
26462 1 2646.2
26463 1 2646.3
26464 1 2646.4
26465 1 2646.5
26466 1 2646.6
26467 1 2646.7
26468 1 2646.8
26469 1 2646.9
26470 1 2647
26471 1 2647.1
26472 1 2647.2
26473 1 2647.3
26474 1 2647.4
26475 1 2647.5
26476 1 2647.6
26477 1 2647.7
26478 1 2647.8
26479 1 2647.9
26480 1 2648
26481 1 2648.1
26482 1 2648.2
26483 1 2648.3
26484 1 2648.4
26485 1 2648.5
26486 1 2648.6
26487 1 2648.7
26488 1 2648.8
26489 1 2648.9
26490 1 2649
26491 1 2649.1
26492 1 2649.2
26493 1 2649.3
26494 1 2649.4
26495 1 2649.5
26496 1 2649.6
26497 1 2649.7
26498 1 2649.8
26499 1 2649.9
26500 1 2650
26501 1 2650.1
26502 1 2650.2
26503 1 2650.3
26504 1 2650.4
26505 1 2650.5
26506 1 2650.6
26507 1 2650.7
26508 1 2650.8
26509 1 2650.9
26510 1 2651
26511 1 2651.1
26512 1 2651.2
26513 1 2651.3
26514 1 2651.4
26515 1 2651.5
26516 1 2651.6
26517 1 2651.7
26518 1 2651.8
26519 1 2651.9
26520 1 2652
26521 1 2652.1
26522 1 2652.2
26523 1 2652.3
26524 1 2652.4
26525 1 2652.5
26526 1 2652.6
26527 1 2652.7
26528 1 2652.8
26529 1 2652.9
26530 1 2653
26531 1 2653.1
26532 1 2653.2
26533 1 2653.3
26534 1 2653.4
26535 1 2653.5
26536 1 2653.6
26537 1 2653.7
26538 1 2653.8
26539 1 2653.9
26540 1 2654
26541 1 2654.1
26542 1 2654.2
26543 1 2654.3
26544 1 2654.4
26545 1 2654.5
26546 1 2654.6
26547 1 2654.7
26548 1 2654.8
26549 1 2654.9
26550 1 2655
26551 1 2655.1
26552 1 2655.2
26553 1 2655.3
26554 1 2655.4
26555 1 2655.5
26556 1 2655.6
26557 1 2655.7
26558 1 2655.8
26559 1 2655.9
26560 1 2656
26561 1 2656.1
26562 1 2656.2
26563 1 2656.3
26564 1 2656.4
26565 1 2656.5
26566 1 2656.6
26567 1 2656.7
26568 1 2656.8
26569 1 2656.9
26570 1 2657
26571 1 2657.1
26572 1 2657.2
26573 1 2657.3
26574 1 2657.4
26575 1 2657.5
26576 1 2657.6
26577 1 2657.7
26578 1 2657.8
26579 1 2657.9
26580 1 2658
26581 1 2658.1
26582 1 2658.2
26583 1 2658.3
26584 1 2658.4
26585 1 2658.5
26586 1 2658.6
26587 1 2658.7
26588 1 2658.8
26589 1 2658.9
26590 1 2659
26591 1 2659.1
26592 1 2659.2
26593 1 2659.3
26594 1 2659.4
26595 1 2659.5
26596 1 2659.6
26597 1 2659.7
26598 1 2659.8
26599 1 2659.9
26600 1 2660
26601 1 2660.1
26602 1 2660.2
26603 1 2660.3
26604 1 2660.4
26605 1 2660.5
26606 1 2660.6
26607 1 2660.7
26608 1 2660.8
26609 1 2660.9
26610 1 2661
26611 1 2661.1
26612 1 2661.2
26613 1 2661.3
26614 1 2661.4
26615 1 2661.5
26616 1 2661.6
26617 1 2661.7
26618 1 2661.8
26619 1 2661.9
26620 1 2662
26621 1 2662.1
26622 1 2662.2
26623 1 2662.3
26624 1 2662.4
26625 1 2662.5
26626 1 2662.6
26627 1 2662.7
26628 1 2662.8
26629 1 2662.9
26630 1 2663
26631 1 2663.1
26632 1 2663.2
26633 1 2663.3
26634 1 2663.4
26635 1 2663.5
26636 1 2663.6
26637 1 2663.7
26638 1 2663.8
26639 1 2663.9
26640 1 2664
26641 1 2664.1
26642 1 2664.2
26643 1 2664.3
26644 1 2664.4
26645 1 2664.5
26646 1 2664.6
26647 1 2664.7
26648 1 2664.8
26649 1 2664.9
26650 1 2665
26651 1 2665.1
26652 1 2665.2
26653 1 2665.3
26654 1 2665.4
26655 1 2665.5
26656 1 2665.6
26657 1 2665.7
26658 1 2665.8
26659 1 2665.9
26660 1 2666
26661 1 2666.1
26662 1 2666.2
26663 1 2666.3
26664 1 2666.4
26665 1 2666.5
26666 1 2666.6
26667 1 2666.7
26668 1 2666.8
26669 1 2666.9
26670 1 2667
26671 1 2667.1
26672 1 2667.2
26673 1 2667.3
26674 1 2667.4
26675 1 2667.5
26676 1 2667.6
26677 1 2667.7
26678 1 2667.8
26679 1 2667.9
26680 1 2668
26681 1 2668.1
26682 1 2668.2
26683 1 2668.3
26684 1 2668.4
26685 1 2668.5
26686 1 2668.6
26687 1 2668.7
26688 1 2668.8
26689 1 2668.9
26690 1 2669
26691 1 2669.1
26692 1 2669.2
26693 1 2669.3
26694 1 2669.4
26695 1 2669.5
26696 1 2669.6
26697 1 2669.7
26698 1 2669.8
26699 1 2669.9
26700 1 2670
26701 1 2670.1
26702 1 2670.2
26703 1 2670.3
26704 1 2670.4
26705 1 2670.5
26706 1 2670.6
26707 1 2670.7
26708 1 2670.8
26709 1 2670.9
26710 1 2671
26711 1 2671.1
26712 1 2671.2
26713 1 2671.3
26714 1 2671.4
26715 1 2671.5
26716 1 2671.6
26717 1 2671.7
26718 1 2671.8
26719 1 2671.9
26720 1 2672
26721 1 2672.1
26722 1 2672.2
26723 1 2672.3
26724 1 2672.4
26725 1 2672.5
26726 1 2672.6
26727 1 2672.7
26728 1 2672.8
26729 1 2672.9
26730 1 2673
26731 1 2673.1
26732 1 2673.2
26733 1 2673.3
26734 1 2673.4
26735 1 2673.5
26736 1 2673.6
26737 1 2673.7
26738 1 2673.8
26739 1 2673.9
26740 1 2674
26741 1 2674.1
26742 1 2674.2
26743 1 2674.3
26744 1 2674.4
26745 1 2674.5
26746 1 2674.6
26747 1 2674.7
26748 1 2674.8
26749 1 2674.9
26750 1 2675
26751 1 2675.1
26752 1 2675.2
26753 1 2675.3
26754 1 2675.4
26755 1 2675.5
26756 1 2675.6
26757 1 2675.7
26758 1 2675.8
26759 1 2675.9
26760 1 2676
26761 1 2676.1
26762 1 2676.2
26763 1 2676.3
26764 1 2676.4
26765 1 2676.5
26766 1 2676.6
26767 1 2676.7
26768 1 2676.8
26769 1 2676.9
26770 1 2677
26771 1 2677.1
26772 1 2677.2
26773 1 2677.3
26774 1 2677.4
26775 1 2677.5
26776 1 2677.6
26777 1 2677.7
26778 1 2677.8
26779 1 2677.9
26780 1 2678
26781 1 2678.1
26782 1 2678.2
26783 1 2678.3
26784 1 2678.4
26785 1 2678.5
26786 1 2678.6
26787 1 2678.7
26788 1 2678.8
26789 1 2678.9
26790 1 2679
26791 1 2679.1
26792 1 2679.2
26793 1 2679.3
26794 1 2679.4
26795 1 2679.5
26796 1 2679.6
26797 1 2679.7
26798 1 2679.8
26799 1 2679.9
26800 1 2680
26801 1 2680.1
26802 1 2680.2
26803 1 2680.3
26804 1 2680.4
26805 1 2680.5
26806 1 2680.6
26807 1 2680.7
26808 1 2680.8
26809 1 2680.9
26810 1 2681
26811 1 2681.1
26812 1 2681.2
26813 1 2681.3
26814 1 2681.4
26815 1 2681.5
26816 1 2681.6
26817 1 2681.7
26818 1 2681.8
26819 1 2681.9
26820 1 2682
26821 1 2682.1
26822 1 2682.2
26823 1 2682.3
26824 1 2682.4
26825 1 2682.5
26826 1 2682.6
26827 1 2682.7
26828 1 2682.8
26829 1 2682.9
26830 1 2683
26831 1 2683.1
26832 1 2683.2
26833 1 2683.3
26834 1 2683.4
26835 1 2683.5
26836 1 2683.6
26837 1 2683.7
26838 1 2683.8
26839 1 2683.9
26840 1 2684
26841 1 2684.1
26842 1 2684.2
26843 1 2684.3
26844 1 2684.4
26845 1 2684.5
26846 1 2684.6
26847 1 2684.7
26848 1 2684.8
26849 1 2684.9
26850 1 2685
26851 1 2685.1
26852 1 2685.2
26853 1 2685.3
26854 1 2685.4
26855 1 2685.5
26856 1 2685.6
26857 1 2685.7
26858 1 2685.8
26859 1 2685.9
26860 1 2686
26861 1 2686.1
26862 1 2686.2
26863 1 2686.3
26864 1 2686.4
26865 1 2686.5
26866 1 2686.6
26867 1 2686.7
26868 1 2686.8
26869 1 2686.9
26870 1 2687
26871 1 2687.1
26872 1 2687.2
26873 1 2687.3
26874 1 2687.4
26875 1 2687.5
26876 1 2687.6
26877 1 2687.7
26878 1 2687.8
26879 1 2687.9
26880 1 2688
26881 1 2688.1
26882 1 2688.2
26883 1 2688.3
26884 1 2688.4
26885 1 2688.5
26886 1 2688.6
26887 1 2688.7
26888 1 2688.8
26889 1 2688.9
26890 1 2689
26891 1 2689.1
26892 1 2689.2
26893 1 2689.3
26894 1 2689.4
26895 1 2689.5
26896 1 2689.6
26897 1 2689.7
26898 1 2689.8
26899 1 2689.9
26900 1 2690
26901 1 2690.1
26902 1 2690.2
26903 1 2690.3
26904 1 2690.4
26905 1 2690.5
26906 1 2690.6
26907 1 2690.7
26908 1 2690.8
26909 1 2690.9
26910 1 2691
26911 1 2691.1
26912 1 2691.2
26913 1 2691.3
26914 1 2691.4
26915 1 2691.5
26916 1 2691.6
26917 1 2691.7
26918 1 2691.8
26919 1 2691.9
26920 1 2692
26921 1 2692.1
26922 1 2692.2
26923 1 2692.3
26924 1 2692.4
26925 1 2692.5
26926 1 2692.6
26927 1 2692.7
26928 1 2692.8
26929 1 2692.9
26930 1 2693
26931 1 2693.1
26932 1 2693.2
26933 1 2693.3
26934 1 2693.4
26935 1 2693.5
26936 1 2693.6
26937 1 2693.7
26938 1 2693.8
26939 1 2693.9
26940 1 2694
26941 1 2694.1
26942 1 2694.2
26943 1 2694.3
26944 1 2694.4
26945 1 2694.5
26946 1 2694.6
26947 1 2694.7
26948 1 2694.8
26949 1 2694.9
26950 1 2695
26951 1 2695.1
26952 1 2695.2
26953 1 2695.3
26954 1 2695.4
26955 1 2695.5
26956 1 2695.6
26957 1 2695.7
26958 1 2695.8
26959 1 2695.9
26960 1 2696
26961 1 2696.1
26962 1 2696.2
26963 1 2696.3
26964 1 2696.4
26965 1 2696.5
26966 1 2696.6
26967 1 2696.7
26968 1 2696.8
26969 1 2696.9
26970 1 2697
26971 1 2697.1
26972 1 2697.2
26973 1 2697.3
26974 1 2697.4
26975 1 2697.5
26976 1 2697.6
26977 1 2697.7
26978 1 2697.8
26979 1 2697.9
26980 1 2698
26981 1 2698.1
26982 1 2698.2
26983 1 2698.3
26984 1 2698.4
26985 1 2698.5
26986 1 2698.6
26987 1 2698.7
26988 1 2698.8
26989 1 2698.9
26990 1 2699
26991 1 2699.1
26992 1 2699.2
26993 1 2699.3
26994 1 2699.4
26995 1 2699.5
26996 1 2699.6
26997 1 2699.7
26998 1 2699.8
26999 1 2699.9
27000 1 2700
27001 1 2700.1
27002 1 2700.2
27003 1 2700.3
27004 1 2700.4
27005 1 2700.5
27006 1 2700.6
27007 1 2700.7
27008 1 2700.8
27009 1 2700.9
27010 1 2701
27011 1 2701.1
27012 1 2701.2
27013 1 2701.3
27014 1 2701.4
27015 1 2701.5
27016 1 2701.6
27017 1 2701.7
27018 1 2701.8
27019 1 2701.9
27020 1 2702
27021 1 2702.1
27022 1 2702.2
27023 1 2702.3
27024 1 2702.4
27025 1 2702.5
27026 1 2702.6
27027 1 2702.7
27028 1 2702.8
27029 1 2702.9
27030 1 2703
27031 1 2703.1
27032 1 2703.2
27033 1 2703.3
27034 1 2703.4
27035 1 2703.5
27036 1 2703.6
27037 1 2703.7
27038 1 2703.8
27039 1 2703.9
27040 1 2704
27041 1 2704.1
27042 1 2704.2
27043 1 2704.3
27044 1 2704.4
27045 1 2704.5
27046 1 2704.6
27047 1 2704.7
27048 1 2704.8
27049 1 2704.9
27050 1 2705
27051 1 2705.1
27052 1 2705.2
27053 1 2705.3
27054 1 2705.4
27055 1 2705.5
27056 1 2705.6
27057 1 2705.7
27058 1 2705.8
27059 1 2705.9
27060 1 2706
27061 1 2706.1
27062 1 2706.2
27063 1 2706.3
27064 1 2706.4
27065 1 2706.5
27066 1 2706.6
27067 1 2706.7
27068 1 2706.8
27069 1 2706.9
27070 1 2707
27071 1 2707.1
27072 1 2707.2
27073 1 2707.3
27074 1 2707.4
27075 1 2707.5
27076 1 2707.6
27077 1 2707.7
27078 1 2707.8
27079 1 2707.9
27080 1 2708
27081 1 2708.1
27082 1 2708.2
27083 1 2708.3
27084 1 2708.4
27085 1 2708.5
27086 1 2708.6
27087 1 2708.7
27088 1 2708.8
27089 1 2708.9
27090 1 2709
27091 1 2709.1
27092 1 2709.2
27093 1 2709.3
27094 1 2709.4
27095 1 2709.5
27096 1 2709.6
27097 1 2709.7
27098 1 2709.8
27099 1 2709.9
27100 1 2710
27101 1 2710.1
27102 1 2710.2
27103 1 2710.3
27104 1 2710.4
27105 1 2710.5
27106 1 2710.6
27107 1 2710.7
27108 1 2710.8
27109 1 2710.9
27110 1 2711
27111 1 2711.1
27112 1 2711.2
27113 1 2711.3
27114 1 2711.4
27115 1 2711.5
27116 1 2711.6
27117 1 2711.7
27118 1 2711.8
27119 1 2711.9
27120 1 2712
27121 1 2712.1
27122 1 2712.2
27123 1 2712.3
27124 1 2712.4
27125 1 2712.5
27126 1 2712.6
27127 1 2712.7
27128 1 2712.8
27129 1 2712.9
27130 1 2713
27131 1 2713.1
27132 1 2713.2
27133 1 2713.3
27134 1 2713.4
27135 1 2713.5
27136 1 2713.6
27137 1 2713.7
27138 1 2713.8
27139 1 2713.9
27140 1 2714
27141 1 2714.1
27142 1 2714.2
27143 1 2714.3
27144 1 2714.4
27145 1 2714.5
27146 1 2714.6
27147 1 2714.7
27148 1 2714.8
27149 1 2714.9
27150 1 2715
27151 1 2715.1
27152 1 2715.2
27153 1 2715.3
27154 1 2715.4
27155 1 2715.5
27156 1 2715.6
27157 1 2715.7
27158 1 2715.8
27159 1 2715.9
27160 1 2716
27161 1 2716.1
27162 1 2716.2
27163 1 2716.3
27164 1 2716.4
27165 1 2716.5
27166 1 2716.6
27167 1 2716.7
27168 1 2716.8
27169 1 2716.9
27170 1 2717
27171 1 2717.1
27172 1 2717.2
27173 1 2717.3
27174 1 2717.4
27175 1 2717.5
27176 1 2717.6
27177 1 2717.7
27178 1 2717.8
27179 1 2717.9
27180 1 2718
27181 1 2718.1
27182 1 2718.2
27183 1 2718.3
27184 1 2718.4
27185 1 2718.5
27186 1 2718.6
27187 1 2718.7
27188 1 2718.8
27189 1 2718.9
27190 1 2719
27191 1 2719.1
27192 1 2719.2
27193 1 2719.3
27194 1 2719.4
27195 1 2719.5
27196 1 2719.6
27197 1 2719.7
27198 1 2719.8
27199 1 2719.9
27200 1 2720
27201 1 2720.1
27202 1 2720.2
27203 1 2720.3
27204 1 2720.4
27205 1 2720.5
27206 1 2720.6
27207 1 2720.7
27208 1 2720.8
27209 1 2720.9
27210 1 2721
27211 1 2721.1
27212 1 2721.2
27213 1 2721.3
27214 1 2721.4
27215 1 2721.5
27216 1 2721.6
27217 1 2721.7
27218 1 2721.8
27219 1 2721.9
27220 1 2722
27221 1 2722.1
27222 1 2722.2
27223 1 2722.3
27224 1 2722.4
27225 1 2722.5
27226 1 2722.6
27227 1 2722.7
27228 1 2722.8
27229 1 2722.9
27230 1 2723
27231 1 2723.1
27232 1 2723.2
27233 1 2723.3
27234 1 2723.4
27235 1 2723.5
27236 1 2723.6
27237 1 2723.7
27238 1 2723.8
27239 1 2723.9
27240 1 2724
27241 1 2724.1
27242 1 2724.2
27243 1 2724.3
27244 1 2724.4
27245 1 2724.5
27246 1 2724.6
27247 1 2724.7
27248 1 2724.8
27249 1 2724.9
27250 1 2725
27251 1 2725.1
27252 1 2725.2
27253 1 2725.3
27254 1 2725.4
27255 1 2725.5
27256 1 2725.6
27257 1 2725.7
27258 1 2725.8
27259 1 2725.9
27260 1 2726
27261 1 2726.1
27262 1 2726.2
27263 1 2726.3
27264 1 2726.4
27265 1 2726.5
27266 1 2726.6
27267 1 2726.7
27268 1 2726.8
27269 1 2726.9
27270 1 2727
27271 1 2727.1
27272 1 2727.2
27273 1 2727.3
27274 1 2727.4
27275 1 2727.5
27276 1 2727.6
27277 1 2727.7
27278 1 2727.8
27279 1 2727.9
27280 1 2728
27281 1 2728.1
27282 1 2728.2
27283 1 2728.3
27284 1 2728.4
27285 1 2728.5
27286 1 2728.6
27287 1 2728.7
27288 1 2728.8
27289 1 2728.9
27290 1 2729
27291 1 2729.1
27292 1 2729.2
27293 1 2729.3
27294 1 2729.4
27295 1 2729.5
27296 1 2729.6
27297 1 2729.7
27298 1 2729.8
27299 1 2729.9
27300 1 2730
27301 1 2730.1
27302 1 2730.2
27303 1 2730.3
27304 1 2730.4
27305 1 2730.5
27306 1 2730.6
27307 1 2730.7
27308 1 2730.8
27309 1 2730.9
27310 1 2731
27311 1 2731.1
27312 1 2731.2
27313 1 2731.3
27314 1 2731.4
27315 1 2731.5
27316 1 2731.6
27317 1 2731.7
27318 1 2731.8
27319 1 2731.9
27320 1 2732
27321 1 2732.1
27322 1 2732.2
27323 1 2732.3
27324 1 2732.4
27325 1 2732.5
27326 1 2732.6
27327 1 2732.7
27328 1 2732.8
27329 1 2732.9
27330 1 2733
27331 1 2733.1
27332 1 2733.2
27333 1 2733.3
27334 1 2733.4
27335 1 2733.5
27336 1 2733.6
27337 1 2733.7
27338 1 2733.8
27339 1 2733.9
27340 1 2734
27341 1 2734.1
27342 1 2734.2
27343 1 2734.3
27344 1 2734.4
27345 1 2734.5
27346 1 2734.6
27347 1 2734.7
27348 1 2734.8
27349 1 2734.9
27350 1 2735
27351 1 2735.1
27352 1 2735.2
27353 1 2735.3
27354 1 2735.4
27355 1 2735.5
27356 1 2735.6
27357 1 2735.7
27358 1 2735.8
27359 1 2735.9
27360 1 2736
27361 1 2736.1
27362 1 2736.2
27363 1 2736.3
27364 1 2736.4
27365 1 2736.5
27366 1 2736.6
27367 1 2736.7
27368 1 2736.8
27369 1 2736.9
27370 1 2737
27371 1 2737.1
27372 1 2737.2
27373 1 2737.3
27374 1 2737.4
27375 1 2737.5
27376 1 2737.6
27377 1 2737.7
27378 1 2737.8
27379 1 2737.9
27380 1 2738
27381 1 2738.1
27382 1 2738.2
27383 1 2738.3
27384 1 2738.4
27385 1 2738.5
27386 1 2738.6
27387 1 2738.7
27388 1 2738.8
27389 1 2738.9
27390 1 2739
27391 1 2739.1
27392 1 2739.2
27393 1 2739.3
27394 1 2739.4
27395 1 2739.5
27396 1 2739.6
27397 1 2739.7
27398 1 2739.8
27399 1 2739.9
27400 1 2740
27401 1 2740.1
27402 1 2740.2
27403 1 2740.3
27404 1 2740.4
27405 1 2740.5
27406 1 2740.6
27407 1 2740.7
27408 1 2740.8
27409 1 2740.9
27410 1 2741
27411 1 2741.1
27412 1 2741.2
27413 1 2741.3
27414 1 2741.4
27415 1 2741.5
27416 1 2741.6
27417 1 2741.7
27418 1 2741.8
27419 1 2741.9
27420 1 2742
27421 1 2742.1
27422 1 2742.2
27423 1 2742.3
27424 1 2742.4
27425 1 2742.5
27426 1 2742.6
27427 1 2742.7
27428 1 2742.8
27429 1 2742.9
27430 1 2743
27431 1 2743.1
27432 1 2743.2
27433 1 2743.3
27434 1 2743.4
27435 1 2743.5
27436 1 2743.6
27437 1 2743.7
27438 1 2743.8
27439 1 2743.9
27440 1 2744
27441 1 2744.1
27442 1 2744.2
27443 1 2744.3
27444 1 2744.4
27445 1 2744.5
27446 1 2744.6
27447 1 2744.7
27448 1 2744.8
27449 1 2744.9
27450 1 2745
27451 1 2745.1
27452 1 2745.2
27453 1 2745.3
27454 1 2745.4
27455 1 2745.5
27456 1 2745.6
27457 1 2745.7
27458 1 2745.8
27459 1 2745.9
27460 1 2746
27461 1 2746.1
27462 1 2746.2
27463 1 2746.3
27464 1 2746.4
27465 1 2746.5
27466 1 2746.6
27467 1 2746.7
27468 1 2746.8
27469 1 2746.9
27470 1 2747
27471 1 2747.1
27472 1 2747.2
27473 1 2747.3
27474 1 2747.4
27475 1 2747.5
27476 1 2747.6
27477 1 2747.7
27478 1 2747.8
27479 1 2747.9
27480 1 2748
27481 1 2748.1
27482 1 2748.2
27483 1 2748.3
27484 1 2748.4
27485 1 2748.5
27486 1 2748.6
27487 1 2748.7
27488 1 2748.8
27489 1 2748.9
27490 1 2749
27491 1 2749.1
27492 1 2749.2
27493 1 2749.3
27494 1 2749.4
27495 1 2749.5
27496 1 2749.6
27497 1 2749.7
27498 1 2749.8
27499 1 2749.9
27500 1 2750
27501 1 2750.1
27502 1 2750.2
27503 1 2750.3
27504 1 2750.4
27505 1 2750.5
27506 1 2750.6
27507 1 2750.7
27508 1 2750.8
27509 1 2750.9
27510 1 2751
27511 1 2751.1
27512 1 2751.2
27513 1 2751.3
27514 1 2751.4
27515 1 2751.5
27516 1 2751.6
27517 1 2751.7
27518 1 2751.8
27519 1 2751.9
27520 1 2752
27521 1 2752.1
27522 1 2752.2
27523 1 2752.3
27524 1 2752.4
27525 1 2752.5
27526 1 2752.6
27527 1 2752.7
27528 1 2752.8
27529 1 2752.9
27530 1 2753
27531 1 2753.1
27532 1 2753.2
27533 1 2753.3
27534 1 2753.4
27535 1 2753.5
27536 1 2753.6
27537 1 2753.7
27538 1 2753.8
27539 1 2753.9
27540 1 2754
27541 1 2754.1
27542 1 2754.2
27543 1 2754.3
27544 1 2754.4
27545 1 2754.5
27546 1 2754.6
27547 1 2754.7
27548 1 2754.8
27549 1 2754.9
27550 1 2755
27551 1 2755.1
27552 1 2755.2
27553 1 2755.3
27554 1 2755.4
27555 1 2755.5
27556 1 2755.6
27557 1 2755.7
27558 1 2755.8
27559 1 2755.9
27560 1 2756
27561 1 2756.1
27562 1 2756.2
27563 1 2756.3
27564 1 2756.4
27565 1 2756.5
27566 1 2756.6
27567 1 2756.7
27568 1 2756.8
27569 1 2756.9
27570 1 2757
27571 1 2757.1
27572 1 2757.2
27573 1 2757.3
27574 1 2757.4
27575 1 2757.5
27576 1 2757.6
27577 1 2757.7
27578 1 2757.8
27579 1 2757.9
27580 1 2758
27581 1 2758.1
27582 1 2758.2
27583 1 2758.3
27584 1 2758.4
27585 1 2758.5
27586 1 2758.6
27587 1 2758.7
27588 1 2758.8
27589 1 2758.9
27590 1 2759
27591 1 2759.1
27592 1 2759.2
27593 1 2759.3
27594 1 2759.4
27595 1 2759.5
27596 1 2759.6
27597 1 2759.7
27598 1 2759.8
27599 1 2759.9
27600 1 2760
27601 1 2760.1
27602 1 2760.2
27603 1 2760.3
27604 1 2760.4
27605 1 2760.5
27606 1 2760.6
27607 1 2760.7
27608 1 2760.8
27609 1 2760.9
27610 1 2761
27611 1 2761.1
27612 1 2761.2
27613 1 2761.3
27614 1 2761.4
27615 1 2761.5
27616 1 2761.6
27617 1 2761.7
27618 1 2761.8
27619 1 2761.9
27620 1 2762
27621 1 2762.1
27622 1 2762.2
27623 1 2762.3
27624 1 2762.4
27625 1 2762.5
27626 1 2762.6
27627 1 2762.7
27628 1 2762.8
27629 1 2762.9
27630 1 2763
27631 1 2763.1
27632 1 2763.2
27633 1 2763.3
27634 1 2763.4
27635 1 2763.5
27636 1 2763.6
27637 1 2763.7
27638 1 2763.8
27639 1 2763.9
27640 1 2764
27641 1 2764.1
27642 1 2764.2
27643 1 2764.3
27644 1 2764.4
27645 1 2764.5
27646 1 2764.6
27647 1 2764.7
27648 1 2764.8
27649 1 2764.9
27650 1 2765
27651 1 2765.1
27652 1 2765.2
27653 1 2765.3
27654 1 2765.4
27655 1 2765.5
27656 1 2765.6
27657 1 2765.7
27658 1 2765.8
27659 1 2765.9
27660 1 2766
27661 1 2766.1
27662 1 2766.2
27663 1 2766.3
27664 1 2766.4
27665 1 2766.5
27666 1 2766.6
27667 1 2766.7
27668 1 2766.8
27669 1 2766.9
27670 1 2767
27671 1 2767.1
27672 1 2767.2
27673 1 2767.3
27674 1 2767.4
27675 1 2767.5
27676 1 2767.6
27677 1 2767.7
27678 1 2767.8
27679 1 2767.9
27680 1 2768
27681 1 2768.1
27682 1 2768.2
27683 1 2768.3
27684 1 2768.4
27685 1 2768.5
27686 1 2768.6
27687 1 2768.7
27688 1 2768.8
27689 1 2768.9
27690 1 2769
27691 1 2769.1
27692 1 2769.2
27693 1 2769.3
27694 1 2769.4
27695 1 2769.5
27696 1 2769.6
27697 1 2769.7
27698 1 2769.8
27699 1 2769.9
27700 1 2770
27701 1 2770.1
27702 1 2770.2
27703 1 2770.3
27704 1 2770.4
27705 1 2770.5
27706 1 2770.6
27707 1 2770.7
27708 1 2770.8
27709 1 2770.9
27710 1 2771
27711 1 2771.1
27712 1 2771.2
27713 1 2771.3
27714 1 2771.4
27715 1 2771.5
27716 1 2771.6
27717 1 2771.7
27718 1 2771.8
27719 1 2771.9
27720 1 2772
27721 1 2772.1
27722 1 2772.2
27723 1 2772.3
27724 1 2772.4
27725 1 2772.5
27726 1 2772.6
27727 1 2772.7
27728 1 2772.8
27729 1 2772.9
27730 1 2773
27731 1 2773.1
27732 1 2773.2
27733 1 2773.3
27734 1 2773.4
27735 1 2773.5
27736 1 2773.6
27737 1 2773.7
27738 1 2773.8
27739 1 2773.9
27740 1 2774
27741 1 2774.1
27742 1 2774.2
27743 1 2774.3
27744 1 2774.4
27745 1 2774.5
27746 1 2774.6
27747 1 2774.7
27748 1 2774.8
27749 1 2774.9
27750 1 2775
27751 1 2775.1
27752 1 2775.2
27753 1 2775.3
27754 1 2775.4
27755 1 2775.5
27756 1 2775.6
27757 1 2775.7
27758 1 2775.8
27759 1 2775.9
27760 1 2776
27761 1 2776.1
27762 1 2776.2
27763 1 2776.3
27764 1 2776.4
27765 1 2776.5
27766 1 2776.6
27767 1 2776.7
27768 1 2776.8
27769 1 2776.9
27770 1 2777
27771 1 2777.1
27772 1 2777.2
27773 1 2777.3
27774 1 2777.4
27775 1 2777.5
27776 1 2777.6
27777 1 2777.7
27778 1 2777.8
27779 1 2777.9
27780 1 2778
27781 1 2778.1
27782 1 2778.2
27783 1 2778.3
27784 1 2778.4
27785 1 2778.5
27786 1 2778.6
27787 1 2778.7
27788 1 2778.8
27789 1 2778.9
27790 1 2779
27791 1 2779.1
27792 1 2779.2
27793 1 2779.3
27794 1 2779.4
27795 1 2779.5
27796 1 2779.6
27797 1 2779.7
27798 1 2779.8
27799 1 2779.9
27800 1 2780
27801 1 2780.1
27802 1 2780.2
27803 1 2780.3
27804 1 2780.4
27805 1 2780.5
27806 1 2780.6
27807 1 2780.7
27808 1 2780.8
27809 1 2780.9
27810 1 2781
27811 1 2781.1
27812 1 2781.2
27813 1 2781.3
27814 1 2781.4
27815 1 2781.5
27816 1 2781.6
27817 1 2781.7
27818 1 2781.8
27819 1 2781.9
27820 1 2782
27821 1 2782.1
27822 1 2782.2
27823 1 2782.3
27824 1 2782.4
27825 1 2782.5
27826 1 2782.6
27827 1 2782.7
27828 1 2782.8
27829 1 2782.9
27830 1 2783
27831 1 2783.1
27832 1 2783.2
27833 1 2783.3
27834 1 2783.4
27835 1 2783.5
27836 1 2783.6
27837 1 2783.7
27838 1 2783.8
27839 1 2783.9
27840 1 2784
27841 1 2784.1
27842 1 2784.2
27843 1 2784.3
27844 1 2784.4
27845 1 2784.5
27846 1 2784.6
27847 1 2784.7
27848 1 2784.8
27849 1 2784.9
27850 1 2785
27851 1 2785.1
27852 1 2785.2
27853 1 2785.3
27854 1 2785.4
27855 1 2785.5
27856 1 2785.6
27857 1 2785.7
27858 1 2785.8
27859 1 2785.9
27860 1 2786
27861 1 2786.1
27862 1 2786.2
27863 1 2786.3
27864 1 2786.4
27865 1 2786.5
27866 1 2786.6
27867 1 2786.7
27868 1 2786.8
27869 1 2786.9
27870 1 2787
27871 1 2787.1
27872 1 2787.2
27873 1 2787.3
27874 1 2787.4
27875 1 2787.5
27876 1 2787.6
27877 1 2787.7
27878 1 2787.8
27879 1 2787.9
27880 1 2788
27881 1 2788.1
27882 1 2788.2
27883 1 2788.3
27884 1 2788.4
27885 1 2788.5
27886 1 2788.6
27887 1 2788.7
27888 1 2788.8
27889 1 2788.9
27890 1 2789
27891 1 2789.1
27892 1 2789.2
27893 1 2789.3
27894 1 2789.4
27895 1 2789.5
27896 1 2789.6
27897 1 2789.7
27898 1 2789.8
27899 1 2789.9
27900 1 2790
27901 1 2790.1
27902 1 2790.2
27903 1 2790.3
27904 1 2790.4
27905 1 2790.5
27906 1 2790.6
27907 1 2790.7
27908 1 2790.8
27909 1 2790.9
27910 1 2791
27911 1 2791.1
27912 1 2791.2
27913 1 2791.3
27914 1 2791.4
27915 1 2791.5
27916 1 2791.6
27917 1 2791.7
27918 1 2791.8
27919 1 2791.9
27920 1 2792
27921 1 2792.1
27922 1 2792.2
27923 1 2792.3
27924 1 2792.4
27925 1 2792.5
27926 1 2792.6
27927 1 2792.7
27928 1 2792.8
27929 1 2792.9
27930 1 2793
27931 1 2793.1
27932 1 2793.2
27933 1 2793.3
27934 1 2793.4
27935 1 2793.5
27936 1 2793.6
27937 1 2793.7
27938 1 2793.8
27939 1 2793.9
27940 1 2794
27941 1 2794.1
27942 1 2794.2
27943 1 2794.3
27944 1 2794.4
27945 1 2794.5
27946 1 2794.6
27947 1 2794.7
27948 1 2794.8
27949 1 2794.9
27950 1 2795
27951 1 2795.1
27952 1 2795.2
27953 1 2795.3
27954 1 2795.4
27955 1 2795.5
27956 1 2795.6
27957 1 2795.7
27958 1 2795.8
27959 1 2795.9
27960 1 2796
27961 1 2796.1
27962 1 2796.2
27963 1 2796.3
27964 1 2796.4
27965 1 2796.5
27966 1 2796.6
27967 1 2796.7
27968 1 2796.8
27969 1 2796.9
27970 1 2797
27971 1 2797.1
27972 1 2797.2
27973 1 2797.3
27974 1 2797.4
27975 1 2797.5
27976 1 2797.6
27977 1 2797.7
27978 1 2797.8
27979 1 2797.9
27980 1 2798
27981 1 2798.1
27982 1 2798.2
27983 1 2798.3
27984 1 2798.4
27985 1 2798.5
27986 1 2798.6
27987 1 2798.7
27988 1 2798.8
27989 1 2798.9
27990 1 2799
27991 1 2799.1
27992 1 2799.2
27993 1 2799.3
27994 1 2799.4
27995 1 2799.5
27996 1 2799.6
27997 1 2799.7
27998 1 2799.8
27999 1 2799.9
28000 1 2800
28001 1 2800.1
28002 1 2800.2
28003 1 2800.3
28004 1 2800.4
28005 1 2800.5
28006 1 2800.6
28007 1 2800.7
28008 1 2800.8
28009 1 2800.9
28010 1 2801
28011 1 2801.1
28012 1 2801.2
28013 1 2801.3
28014 1 2801.4
28015 1 2801.5
28016 1 2801.6
28017 1 2801.7
28018 1 2801.8
28019 1 2801.9
28020 1 2802
28021 1 2802.1
28022 1 2802.2
28023 1 2802.3
28024 1 2802.4
28025 1 2802.5
28026 1 2802.6
28027 1 2802.7
28028 1 2802.8
28029 1 2802.9
28030 1 2803
28031 1 2803.1
28032 1 2803.2
28033 1 2803.3
28034 1 2803.4
28035 1 2803.5
28036 1 2803.6
28037 1 2803.7
28038 1 2803.8
28039 1 2803.9
28040 1 2804
28041 1 2804.1
28042 1 2804.2
28043 1 2804.3
28044 1 2804.4
28045 1 2804.5
28046 1 2804.6
28047 1 2804.7
28048 1 2804.8
28049 1 2804.9
28050 1 2805
28051 1 2805.1
28052 1 2805.2
28053 1 2805.3
28054 1 2805.4
28055 1 2805.5
28056 1 2805.6
28057 1 2805.7
28058 1 2805.8
28059 1 2805.9
28060 1 2806
28061 1 2806.1
28062 1 2806.2
28063 1 2806.3
28064 1 2806.4
28065 1 2806.5
28066 1 2806.6
28067 1 2806.7
28068 1 2806.8
28069 1 2806.9
28070 1 2807
28071 1 2807.1
28072 1 2807.2
28073 1 2807.3
28074 1 2807.4
28075 1 2807.5
28076 1 2807.6
28077 1 2807.7
28078 1 2807.8
28079 1 2807.9
28080 1 2808
28081 1 2808.1
28082 1 2808.2
28083 1 2808.3
28084 1 2808.4
28085 1 2808.5
28086 1 2808.6
28087 1 2808.7
28088 1 2808.8
28089 1 2808.9
28090 1 2809
28091 1 2809.1
28092 1 2809.2
28093 1 2809.3
28094 1 2809.4
28095 1 2809.5
28096 1 2809.6
28097 1 2809.7
28098 1 2809.8
28099 1 2809.9
28100 1 2810
28101 1 2810.1
28102 1 2810.2
28103 1 2810.3
28104 1 2810.4
28105 1 2810.5
28106 1 2810.6
28107 1 2810.7
28108 1 2810.8
28109 1 2810.9
28110 1 2811
28111 1 2811.1
28112 1 2811.2
28113 1 2811.3
28114 1 2811.4
28115 1 2811.5
28116 1 2811.6
28117 1 2811.7
28118 1 2811.8
28119 1 2811.9
28120 1 2812
28121 1 2812.1
28122 1 2812.2
28123 1 2812.3
28124 1 2812.4
28125 1 2812.5
28126 1 2812.6
28127 1 2812.7
28128 1 2812.8
28129 1 2812.9
28130 1 2813
28131 1 2813.1
28132 1 2813.2
28133 1 2813.3
28134 1 2813.4
28135 1 2813.5
28136 1 2813.6
28137 1 2813.7
28138 1 2813.8
28139 1 2813.9
28140 1 2814
28141 1 2814.1
28142 1 2814.2
28143 1 2814.3
28144 1 2814.4
28145 1 2814.5
28146 1 2814.6
28147 1 2814.7
28148 1 2814.8
28149 1 2814.9
28150 1 2815
28151 1 2815.1
28152 1 2815.2
28153 1 2815.3
28154 1 2815.4
28155 1 2815.5
28156 1 2815.6
28157 1 2815.7
28158 1 2815.8
28159 1 2815.9
28160 1 2816
28161 1 2816.1
28162 1 2816.2
28163 1 2816.3
28164 1 2816.4
28165 1 2816.5
28166 1 2816.6
28167 1 2816.7
28168 1 2816.8
28169 1 2816.9
28170 1 2817
28171 1 2817.1
28172 1 2817.2
28173 1 2817.3
28174 1 2817.4
28175 1 2817.5
28176 1 2817.6
28177 1 2817.7
28178 1 2817.8
28179 1 2817.9
28180 1 2818
28181 1 2818.1
28182 1 2818.2
28183 1 2818.3
28184 1 2818.4
28185 1 2818.5
28186 1 2818.6
28187 1 2818.7
28188 1 2818.8
28189 1 2818.9
28190 1 2819
28191 1 2819.1
28192 1 2819.2
28193 1 2819.3
28194 1 2819.4
28195 1 2819.5
28196 1 2819.6
28197 1 2819.7
28198 1 2819.8
28199 1 2819.9
28200 1 2820
28201 1 2820.1
28202 1 2820.2
28203 1 2820.3
28204 1 2820.4
28205 1 2820.5
28206 1 2820.6
28207 1 2820.7
28208 1 2820.8
28209 1 2820.9
28210 1 2821
28211 1 2821.1
28212 1 2821.2
28213 1 2821.3
28214 1 2821.4
28215 1 2821.5
28216 1 2821.6
28217 1 2821.7
28218 1 2821.8
28219 1 2821.9
28220 1 2822
28221 1 2822.1
28222 1 2822.2
28223 1 2822.3
28224 1 2822.4
28225 1 2822.5
28226 1 2822.6
28227 1 2822.7
28228 1 2822.8
28229 1 2822.9
28230 1 2823
28231 1 2823.1
28232 1 2823.2
28233 1 2823.3
28234 1 2823.4
28235 1 2823.5
28236 1 2823.6
28237 1 2823.7
28238 1 2823.8
28239 1 2823.9
28240 1 2824
28241 1 2824.1
28242 1 2824.2
28243 1 2824.3
28244 1 2824.4
28245 1 2824.5
28246 1 2824.6
28247 1 2824.7
28248 1 2824.8
28249 1 2824.9
28250 1 2825
28251 1 2825.1
28252 1 2825.2
28253 1 2825.3
28254 1 2825.4
28255 1 2825.5
28256 1 2825.6
28257 1 2825.7
28258 1 2825.8
28259 1 2825.9
28260 1 2826
28261 1 2826.1
28262 1 2826.2
28263 1 2826.3
28264 1 2826.4
28265 1 2826.5
28266 1 2826.6
28267 1 2826.7
28268 1 2826.8
28269 1 2826.9
28270 1 2827
28271 1 2827.1
28272 1 2827.2
28273 1 2827.3
28274 1 2827.4
28275 1 2827.5
28276 1 2827.6
28277 1 2827.7
28278 1 2827.8
28279 1 2827.9
28280 1 2828
28281 1 2828.1
28282 1 2828.2
28283 1 2828.3
28284 1 2828.4
28285 1 2828.5
28286 1 2828.6
28287 1 2828.7
28288 1 2828.8
28289 1 2828.9
28290 1 2829
28291 1 2829.1
28292 1 2829.2
28293 1 2829.3
28294 1 2829.4
28295 1 2829.5
28296 1 2829.6
28297 1 2829.7
28298 1 2829.8
28299 1 2829.9
28300 1 2830
28301 1 2830.1
28302 1 2830.2
28303 1 2830.3
28304 1 2830.4
28305 1 2830.5
28306 1 2830.6
28307 1 2830.7
28308 1 2830.8
28309 1 2830.9
28310 1 2831
28311 1 2831.1
28312 1 2831.2
28313 1 2831.3
28314 1 2831.4
28315 1 2831.5
28316 1 2831.6
28317 1 2831.7
28318 1 2831.8
28319 1 2831.9
28320 1 2832
28321 1 2832.1
28322 1 2832.2
28323 1 2832.3
28324 1 2832.4
28325 1 2832.5
28326 1 2832.6
28327 1 2832.7
28328 1 2832.8
28329 1 2832.9
28330 1 2833
28331 1 2833.1
28332 1 2833.2
28333 1 2833.3
28334 1 2833.4
28335 1 2833.5
28336 1 2833.6
28337 1 2833.7
28338 1 2833.8
28339 1 2833.9
28340 1 2834
28341 1 2834.1
28342 1 2834.2
28343 1 2834.3
28344 1 2834.4
28345 1 2834.5
28346 1 2834.6
28347 1 2834.7
28348 1 2834.8
28349 1 2834.9
28350 1 2835
28351 1 2835.1
28352 1 2835.2
28353 1 2835.3
28354 1 2835.4
28355 1 2835.5
28356 1 2835.6
28357 1 2835.7
28358 1 2835.8
28359 1 2835.9
28360 1 2836
28361 1 2836.1
28362 1 2836.2
28363 1 2836.3
28364 1 2836.4
28365 1 2836.5
28366 1 2836.6
28367 1 2836.7
28368 1 2836.8
28369 1 2836.9
28370 1 2837
28371 1 2837.1
28372 1 2837.2
28373 1 2837.3
28374 1 2837.4
28375 1 2837.5
28376 1 2837.6
28377 1 2837.7
28378 1 2837.8
28379 1 2837.9
28380 1 2838
28381 1 2838.1
28382 1 2838.2
28383 1 2838.3
28384 1 2838.4
28385 1 2838.5
28386 1 2838.6
28387 1 2838.7
28388 1 2838.8
28389 1 2838.9
28390 1 2839
28391 1 2839.1
28392 1 2839.2
28393 1 2839.3
28394 1 2839.4
28395 1 2839.5
28396 1 2839.6
28397 1 2839.7
28398 1 2839.8
28399 1 2839.9
28400 1 2840
28401 1 2840.1
28402 1 2840.2
28403 1 2840.3
28404 1 2840.4
28405 1 2840.5
28406 1 2840.6
28407 1 2840.7
28408 1 2840.8
28409 1 2840.9
28410 1 2841
28411 1 2841.1
28412 1 2841.2
28413 1 2841.3
28414 1 2841.4
28415 1 2841.5
28416 1 2841.6
28417 1 2841.7
28418 1 2841.8
28419 1 2841.9
28420 1 2842
28421 1 2842.1
28422 1 2842.2
28423 1 2842.3
28424 1 2842.4
28425 1 2842.5
28426 1 2842.6
28427 1 2842.7
28428 1 2842.8
28429 1 2842.9
28430 1 2843
28431 1 2843.1
28432 1 2843.2
28433 1 2843.3
28434 1 2843.4
28435 1 2843.5
28436 1 2843.6
28437 1 2843.7
28438 1 2843.8
28439 1 2843.9
28440 1 2844
28441 1 2844.1
28442 1 2844.2
28443 1 2844.3
28444 1 2844.4
28445 1 2844.5
28446 1 2844.6
28447 1 2844.7
28448 1 2844.8
28449 1 2844.9
28450 1 2845
28451 1 2845.1
28452 1 2845.2
28453 1 2845.3
28454 1 2845.4
28455 1 2845.5
28456 1 2845.6
28457 1 2845.7
28458 1 2845.8
28459 1 2845.9
28460 1 2846
28461 1 2846.1
28462 1 2846.2
28463 1 2846.3
28464 1 2846.4
28465 1 2846.5
28466 1 2846.6
28467 1 2846.7
28468 1 2846.8
28469 1 2846.9
28470 1 2847
28471 1 2847.1
28472 1 2847.2
28473 1 2847.3
28474 1 2847.4
28475 1 2847.5
28476 1 2847.6
28477 1 2847.7
28478 1 2847.8
28479 1 2847.9
28480 1 2848
28481 1 2848.1
28482 1 2848.2
28483 1 2848.3
28484 1 2848.4
28485 1 2848.5
28486 1 2848.6
28487 1 2848.7
28488 1 2848.8
28489 1 2848.9
28490 1 2849
28491 1 2849.1
28492 1 2849.2
28493 1 2849.3
28494 1 2849.4
28495 1 2849.5
28496 1 2849.6
28497 1 2849.7
28498 1 2849.8
28499 1 2849.9
28500 1 2850
28501 1 2850.1
28502 1 2850.2
28503 1 2850.3
28504 1 2850.4
28505 1 2850.5
28506 1 2850.6
28507 1 2850.7
28508 1 2850.8
28509 1 2850.9
28510 1 2851
28511 1 2851.1
28512 1 2851.2
28513 1 2851.3
28514 1 2851.4
28515 1 2851.5
28516 1 2851.6
28517 1 2851.7
28518 1 2851.8
28519 1 2851.9
28520 1 2852
28521 1 2852.1
28522 1 2852.2
28523 1 2852.3
28524 1 2852.4
28525 1 2852.5
28526 1 2852.6
28527 1 2852.7
28528 1 2852.8
28529 1 2852.9
28530 1 2853
28531 1 2853.1
28532 1 2853.2
28533 1 2853.3
28534 1 2853.4
28535 1 2853.5
28536 1 2853.6
28537 1 2853.7
28538 1 2853.8
28539 1 2853.9
28540 1 2854
28541 1 2854.1
28542 1 2854.2
28543 1 2854.3
28544 1 2854.4
28545 1 2854.5
28546 1 2854.6
28547 1 2854.7
28548 1 2854.8
28549 1 2854.9
28550 1 2855
28551 1 2855.1
28552 1 2855.2
28553 1 2855.3
28554 1 2855.4
28555 1 2855.5
28556 1 2855.6
28557 1 2855.7
28558 1 2855.8
28559 1 2855.9
28560 1 2856
28561 1 2856.1
28562 1 2856.2
28563 1 2856.3
28564 1 2856.4
28565 1 2856.5
28566 1 2856.6
28567 1 2856.7
28568 1 2856.8
28569 1 2856.9
28570 1 2857
28571 1 2857.1
28572 1 2857.2
28573 1 2857.3
28574 1 2857.4
28575 1 2857.5
28576 1 2857.6
28577 1 2857.7
28578 1 2857.8
28579 1 2857.9
28580 1 2858
28581 1 2858.1
28582 1 2858.2
28583 1 2858.3
28584 1 2858.4
28585 1 2858.5
28586 1 2858.6
28587 1 2858.7
28588 1 2858.8
28589 1 2858.9
28590 1 2859
28591 1 2859.1
28592 1 2859.2
28593 1 2859.3
28594 1 2859.4
28595 1 2859.5
28596 1 2859.6
28597 1 2859.7
28598 1 2859.8
28599 1 2859.9
28600 1 2860
28601 1 2860.1
28602 1 2860.2
28603 1 2860.3
28604 1 2860.4
28605 1 2860.5
28606 1 2860.6
28607 1 2860.7
28608 1 2860.8
28609 1 2860.9
28610 1 2861
28611 1 2861.1
28612 1 2861.2
28613 1 2861.3
28614 1 2861.4
28615 1 2861.5
28616 1 2861.6
28617 1 2861.7
28618 1 2861.8
28619 1 2861.9
28620 1 2862
28621 1 2862.1
28622 1 2862.2
28623 1 2862.3
28624 1 2862.4
28625 1 2862.5
28626 1 2862.6
28627 1 2862.7
28628 1 2862.8
28629 1 2862.9
28630 1 2863
28631 1 2863.1
28632 1 2863.2
28633 1 2863.3
28634 1 2863.4
28635 1 2863.5
28636 1 2863.6
28637 1 2863.7
28638 1 2863.8
28639 1 2863.9
28640 1 2864
28641 1 2864.1
28642 1 2864.2
28643 1 2864.3
28644 1 2864.4
28645 1 2864.5
28646 1 2864.6
28647 1 2864.7
28648 1 2864.8
28649 1 2864.9
28650 1 2865
28651 1 2865.1
28652 1 2865.2
28653 1 2865.3
28654 1 2865.4
28655 1 2865.5
28656 1 2865.6
28657 1 2865.7
28658 1 2865.8
28659 1 2865.9
28660 1 2866
28661 1 2866.1
28662 1 2866.2
28663 1 2866.3
28664 1 2866.4
28665 1 2866.5
28666 1 2866.6
28667 1 2866.7
28668 1 2866.8
28669 1 2866.9
28670 1 2867
28671 1 2867.1
28672 1 2867.2
28673 1 2867.3
28674 1 2867.4
28675 1 2867.5
28676 1 2867.6
28677 1 2867.7
28678 1 2867.8
28679 1 2867.9
28680 1 2868
28681 1 2868.1
28682 1 2868.2
28683 1 2868.3
28684 1 2868.4
28685 1 2868.5
28686 1 2868.6
28687 1 2868.7
28688 1 2868.8
28689 1 2868.9
28690 1 2869
28691 1 2869.1
28692 1 2869.2
28693 1 2869.3
28694 1 2869.4
28695 1 2869.5
28696 1 2869.6
28697 1 2869.7
28698 1 2869.8
28699 1 2869.9
28700 1 2870
28701 1 2870.1
28702 1 2870.2
28703 1 2870.3
28704 1 2870.4
28705 1 2870.5
28706 1 2870.6
28707 1 2870.7
28708 1 2870.8
28709 1 2870.9
28710 1 2871
28711 1 2871.1
28712 1 2871.2
28713 1 2871.3
28714 1 2871.4
28715 1 2871.5
28716 1 2871.6
28717 1 2871.7
28718 1 2871.8
28719 1 2871.9
28720 1 2872
28721 1 2872.1
28722 1 2872.2
28723 1 2872.3
28724 1 2872.4
28725 1 2872.5
28726 1 2872.6
28727 1 2872.7
28728 1 2872.8
28729 1 2872.9
28730 1 2873
28731 1 2873.1
28732 1 2873.2
28733 1 2873.3
28734 1 2873.4
28735 1 2873.5
28736 1 2873.6
28737 1 2873.7
28738 1 2873.8
28739 1 2873.9
28740 1 2874
28741 1 2874.1
28742 1 2874.2
28743 1 2874.3
28744 1 2874.4
28745 1 2874.5
28746 1 2874.6
28747 1 2874.7
28748 1 2874.8
28749 1 2874.9
28750 1 2875
28751 1 2875.1
28752 1 2875.2
28753 1 2875.3
28754 1 2875.4
28755 1 2875.5
28756 1 2875.6
28757 1 2875.7
28758 1 2875.8
28759 1 2875.9
28760 1 2876
28761 1 2876.1
28762 1 2876.2
28763 1 2876.3
28764 1 2876.4
28765 1 2876.5
28766 1 2876.6
28767 1 2876.7
28768 1 2876.8
28769 1 2876.9
28770 1 2877
28771 1 2877.1
28772 1 2877.2
28773 1 2877.3
28774 1 2877.4
28775 1 2877.5
28776 1 2877.6
28777 1 2877.7
28778 1 2877.8
28779 1 2877.9
28780 1 2878
28781 1 2878.1
28782 1 2878.2
28783 1 2878.3
28784 1 2878.4
28785 1 2878.5
28786 1 2878.6
28787 1 2878.7
28788 1 2878.8
28789 1 2878.9
28790 1 2879
28791 1 2879.1
28792 1 2879.2
28793 1 2879.3
28794 1 2879.4
28795 1 2879.5
28796 1 2879.6
28797 1 2879.7
28798 1 2879.8
28799 1 2879.9
28800 1 2880
28801 1 2880.1
28802 1 2880.2
28803 1 2880.3
28804 1 2880.4
28805 1 2880.5
28806 1 2880.6
28807 1 2880.7
28808 1 2880.8
28809 1 2880.9
28810 1 2881
28811 1 2881.1
28812 1 2881.2
28813 1 2881.3
28814 1 2881.4
28815 1 2881.5
28816 1 2881.6
28817 1 2881.7
28818 1 2881.8
28819 1 2881.9
28820 1 2882
28821 1 2882.1
28822 1 2882.2
28823 1 2882.3
28824 1 2882.4
28825 1 2882.5
28826 1 2882.6
28827 1 2882.7
28828 1 2882.8
28829 1 2882.9
28830 1 2883
28831 1 2883.1
28832 1 2883.2
28833 1 2883.3
28834 1 2883.4
28835 1 2883.5
28836 1 2883.6
28837 1 2883.7
28838 1 2883.8
28839 1 2883.9
28840 1 2884
28841 1 2884.1
28842 1 2884.2
28843 1 2884.3
28844 1 2884.4
28845 1 2884.5
28846 1 2884.6
28847 1 2884.7
28848 1 2884.8
28849 1 2884.9
28850 1 2885
28851 1 2885.1
28852 1 2885.2
28853 1 2885.3
28854 1 2885.4
28855 1 2885.5
28856 1 2885.6
28857 1 2885.7
28858 1 2885.8
28859 1 2885.9
28860 1 2886
28861 1 2886.1
28862 1 2886.2
28863 1 2886.3
28864 1 2886.4
28865 1 2886.5
28866 1 2886.6
28867 1 2886.7
28868 1 2886.8
28869 1 2886.9
28870 1 2887
28871 1 2887.1
28872 1 2887.2
28873 1 2887.3
28874 1 2887.4
28875 1 2887.5
28876 1 2887.6
28877 1 2887.7
28878 1 2887.8
28879 1 2887.9
28880 1 2888
28881 1 2888.1
28882 1 2888.2
28883 1 2888.3
28884 1 2888.4
28885 1 2888.5
28886 1 2888.6
28887 1 2888.7
28888 1 2888.8
28889 1 2888.9
28890 1 2889
28891 1 2889.1
28892 1 2889.2
28893 1 2889.3
28894 1 2889.4
28895 1 2889.5
28896 1 2889.6
28897 1 2889.7
28898 1 2889.8
28899 1 2889.9
28900 1 2890
28901 1 2890.1
28902 1 2890.2
28903 1 2890.3
28904 1 2890.4
28905 1 2890.5
28906 1 2890.6
28907 1 2890.7
28908 1 2890.8
28909 1 2890.9
28910 1 2891
28911 1 2891.1
28912 1 2891.2
28913 1 2891.3
28914 1 2891.4
28915 1 2891.5
28916 1 2891.6
28917 1 2891.7
28918 1 2891.8
28919 1 2891.9
28920 1 2892
28921 1 2892.1
28922 1 2892.2
28923 1 2892.3
28924 1 2892.4
28925 1 2892.5
28926 1 2892.6
28927 1 2892.7
28928 1 2892.8
28929 1 2892.9
28930 1 2893
28931 1 2893.1
28932 1 2893.2
28933 1 2893.3
28934 1 2893.4
28935 1 2893.5
28936 1 2893.6
28937 1 2893.7
28938 1 2893.8
28939 1 2893.9
28940 1 2894
28941 1 2894.1
28942 1 2894.2
28943 1 2894.3
28944 1 2894.4
28945 1 2894.5
28946 1 2894.6
28947 1 2894.7
28948 1 2894.8
28949 1 2894.9
28950 1 2895
28951 1 2895.1
28952 1 2895.2
28953 1 2895.3
28954 1 2895.4
28955 1 2895.5
28956 1 2895.6
28957 1 2895.7
28958 1 2895.8
28959 1 2895.9
28960 1 2896
28961 1 2896.1
28962 1 2896.2
28963 1 2896.3
28964 1 2896.4
28965 1 2896.5
28966 1 2896.6
28967 1 2896.7
28968 1 2896.8
28969 1 2896.9
28970 1 2897
28971 1 2897.1
28972 1 2897.2
28973 1 2897.3
28974 1 2897.4
28975 1 2897.5
28976 1 2897.6
28977 1 2897.7
28978 1 2897.8
28979 1 2897.9
28980 1 2898
28981 1 2898.1
28982 1 2898.2
28983 1 2898.3
28984 1 2898.4
28985 1 2898.5
28986 1 2898.6
28987 1 2898.7
28988 1 2898.8
28989 1 2898.9
28990 1 2899
28991 1 2899.1
28992 1 2899.2
28993 1 2899.3
28994 1 2899.4
28995 1 2899.5
28996 1 2899.6
28997 1 2899.7
28998 1 2899.8
28999 1 2899.9
29000 1 2900
29001 1 2900.1
29002 1 2900.2
29003 1 2900.3
29004 1 2900.4
29005 1 2900.5
29006 1 2900.6
29007 1 2900.7
29008 1 2900.8
29009 1 2900.9
29010 1 2901
29011 1 2901.1
29012 1 2901.2
29013 1 2901.3
29014 1 2901.4
29015 1 2901.5
29016 1 2901.6
29017 1 2901.7
29018 1 2901.8
29019 1 2901.9
29020 1 2902
29021 1 2902.1
29022 1 2902.2
29023 1 2902.3
29024 1 2902.4
29025 1 2902.5
29026 1 2902.6
29027 1 2902.7
29028 1 2902.8
29029 1 2902.9
29030 1 2903
29031 1 2903.1
29032 1 2903.2
29033 1 2903.3
29034 1 2903.4
29035 1 2903.5
29036 1 2903.6
29037 1 2903.7
29038 1 2903.8
29039 1 2903.9
29040 1 2904
29041 1 2904.1
29042 1 2904.2
29043 1 2904.3
29044 1 2904.4
29045 1 2904.5
29046 1 2904.6
29047 1 2904.7
29048 1 2904.8
29049 1 2904.9
29050 1 2905
29051 1 2905.1
29052 1 2905.2
29053 1 2905.3
29054 1 2905.4
29055 1 2905.5
29056 1 2905.6
29057 1 2905.7
29058 1 2905.8
29059 1 2905.9
29060 1 2906
29061 1 2906.1
29062 1 2906.2
29063 1 2906.3
29064 1 2906.4
29065 1 2906.5
29066 1 2906.6
29067 1 2906.7
29068 1 2906.8
29069 1 2906.9
29070 1 2907
29071 1 2907.1
29072 1 2907.2
29073 1 2907.3
29074 1 2907.4
29075 1 2907.5
29076 1 2907.6
29077 1 2907.7
29078 1 2907.8
29079 1 2907.9
29080 1 2908
29081 1 2908.1
29082 1 2908.2
29083 1 2908.3
29084 1 2908.4
29085 1 2908.5
29086 1 2908.6
29087 1 2908.7
29088 1 2908.8
29089 1 2908.9
29090 1 2909
29091 1 2909.1
29092 1 2909.2
29093 1 2909.3
29094 1 2909.4
29095 1 2909.5
29096 1 2909.6
29097 1 2909.7
29098 1 2909.8
29099 1 2909.9
29100 1 2910
29101 1 2910.1
29102 1 2910.2
29103 1 2910.3
29104 1 2910.4
29105 1 2910.5
29106 1 2910.6
29107 1 2910.7
29108 1 2910.8
29109 1 2910.9
29110 1 2911
29111 1 2911.1
29112 1 2911.2
29113 1 2911.3
29114 1 2911.4
29115 1 2911.5
29116 1 2911.6
29117 1 2911.7
29118 1 2911.8
29119 1 2911.9
29120 1 2912
29121 1 2912.1
29122 1 2912.2
29123 1 2912.3
29124 1 2912.4
29125 1 2912.5
29126 1 2912.6
29127 1 2912.7
29128 1 2912.8
29129 1 2912.9
29130 1 2913
29131 1 2913.1
29132 1 2913.2
29133 1 2913.3
29134 1 2913.4
29135 1 2913.5
29136 1 2913.6
29137 1 2913.7
29138 1 2913.8
29139 1 2913.9
29140 1 2914
29141 1 2914.1
29142 1 2914.2
29143 1 2914.3
29144 1 2914.4
29145 1 2914.5
29146 1 2914.6
29147 1 2914.7
29148 1 2914.8
29149 1 2914.9
29150 1 2915
29151 1 2915.1
29152 1 2915.2
29153 1 2915.3
29154 1 2915.4
29155 1 2915.5
29156 1 2915.6
29157 1 2915.7
29158 1 2915.8
29159 1 2915.9
29160 1 2916
29161 1 2916.1
29162 1 2916.2
29163 1 2916.3
29164 1 2916.4
29165 1 2916.5
29166 1 2916.6
29167 1 2916.7
29168 1 2916.8
29169 1 2916.9
29170 1 2917
29171 1 2917.1
29172 1 2917.2
29173 1 2917.3
29174 1 2917.4
29175 1 2917.5
29176 1 2917.6
29177 1 2917.7
29178 1 2917.8
29179 1 2917.9
29180 1 2918
29181 1 2918.1
29182 1 2918.2
29183 1 2918.3
29184 1 2918.4
29185 1 2918.5
29186 1 2918.6
29187 1 2918.7
29188 1 2918.8
29189 1 2918.9
29190 1 2919
29191 1 2919.1
29192 1 2919.2
29193 1 2919.3
29194 1 2919.4
29195 1 2919.5
29196 1 2919.6
29197 1 2919.7
29198 1 2919.8
29199 1 2919.9
29200 1 2920
29201 1 2920.1
29202 1 2920.2
29203 1 2920.3
29204 1 2920.4
29205 1 2920.5
29206 1 2920.6
29207 1 2920.7
29208 1 2920.8
29209 1 2920.9
29210 1 2921
29211 1 2921.1
29212 1 2921.2
29213 1 2921.3
29214 1 2921.4
29215 1 2921.5
29216 1 2921.6
29217 1 2921.7
29218 1 2921.8
29219 1 2921.9
29220 1 2922
29221 1 2922.1
29222 1 2922.2
29223 1 2922.3
29224 1 2922.4
29225 1 2922.5
29226 1 2922.6
29227 1 2922.7
29228 1 2922.8
29229 1 2922.9
29230 1 2923
29231 1 2923.1
29232 1 2923.2
29233 1 2923.3
29234 1 2923.4
29235 1 2923.5
29236 1 2923.6
29237 1 2923.7
29238 1 2923.8
29239 1 2923.9
29240 1 2924
29241 1 2924.1
29242 1 2924.2
29243 1 2924.3
29244 1 2924.4
29245 1 2924.5
29246 1 2924.6
29247 1 2924.7
29248 1 2924.8
29249 1 2924.9
29250 1 2925
29251 1 2925.1
29252 1 2925.2
29253 1 2925.3
29254 1 2925.4
29255 1 2925.5
29256 1 2925.6
29257 1 2925.7
29258 1 2925.8
29259 1 2925.9
29260 1 2926
29261 1 2926.1
29262 1 2926.2
29263 1 2926.3
29264 1 2926.4
29265 1 2926.5
29266 1 2926.6
29267 1 2926.7
29268 1 2926.8
29269 1 2926.9
29270 1 2927
29271 1 2927.1
29272 1 2927.2
29273 1 2927.3
29274 1 2927.4
29275 1 2927.5
29276 1 2927.6
29277 1 2927.7
29278 1 2927.8
29279 1 2927.9
29280 1 2928
29281 1 2928.1
29282 1 2928.2
29283 1 2928.3
29284 1 2928.4
29285 1 2928.5
29286 1 2928.6
29287 1 2928.7
29288 1 2928.8
29289 1 2928.9
29290 1 2929
29291 1 2929.1
29292 1 2929.2
29293 1 2929.3
29294 1 2929.4
29295 1 2929.5
29296 1 2929.6
29297 1 2929.7
29298 1 2929.8
29299 1 2929.9
29300 1 2930
29301 1 2930.1
29302 1 2930.2
29303 1 2930.3
29304 1 2930.4
29305 1 2930.5
29306 1 2930.6
29307 1 2930.7
29308 1 2930.8
29309 1 2930.9
29310 1 2931
29311 1 2931.1
29312 1 2931.2
29313 1 2931.3
29314 1 2931.4
29315 1 2931.5
29316 1 2931.6
29317 1 2931.7
29318 1 2931.8
29319 1 2931.9
29320 1 2932
29321 1 2932.1
29322 1 2932.2
29323 1 2932.3
29324 1 2932.4
29325 1 2932.5
29326 1 2932.6
29327 1 2932.7
29328 1 2932.8
29329 1 2932.9
29330 1 2933
29331 1 2933.1
29332 1 2933.2
29333 1 2933.3
29334 1 2933.4
29335 1 2933.5
29336 1 2933.6
29337 1 2933.7
29338 1 2933.8
29339 1 2933.9
29340 1 2934
29341 1 2934.1
29342 1 2934.2
29343 1 2934.3
29344 1 2934.4
29345 1 2934.5
29346 1 2934.6
29347 1 2934.7
29348 1 2934.8
29349 1 2934.9
29350 1 2935
29351 1 2935.1
29352 1 2935.2
29353 1 2935.3
29354 1 2935.4
29355 1 2935.5
29356 1 2935.6
29357 1 2935.7
29358 1 2935.8
29359 1 2935.9
29360 1 2936
29361 1 2936.1
29362 1 2936.2
29363 1 2936.3
29364 1 2936.4
29365 1 2936.5
29366 1 2936.6
29367 1 2936.7
29368 1 2936.8
29369 1 2936.9
29370 1 2937
29371 1 2937.1
29372 1 2937.2
29373 1 2937.3
29374 1 2937.4
29375 1 2937.5
29376 1 2937.6
29377 1 2937.7
29378 1 2937.8
29379 1 2937.9
29380 1 2938
29381 1 2938.1
29382 1 2938.2
29383 1 2938.3
29384 1 2938.4
29385 1 2938.5
29386 1 2938.6
29387 1 2938.7
29388 1 2938.8
29389 1 2938.9
29390 1 2939
29391 1 2939.1
29392 1 2939.2
29393 1 2939.3
29394 1 2939.4
29395 1 2939.5
29396 1 2939.6
29397 1 2939.7
29398 1 2939.8
29399 1 2939.9
29400 1 2940
29401 1 2940.1
29402 1 2940.2
29403 1 2940.3
29404 1 2940.400000000001
29405 1 2940.5
29406 1 2940.6
29407 1 2940.7
29408 1 2940.8
29409 1 2940.900000000001
29410 1 2941
29411 1 2941.1
29412 1 2941.2
29413 1 2941.3
29414 1 2941.400000000001
29415 1 2941.5
29416 1 2941.6
29417 1 2941.7
29418 1 2941.8
29419 1 2941.900000000001
29420 1 2942
29421 1 2942.1
29422 1 2942.2
29423 1 2942.3
29424 1 2942.400000000001
29425 1 2942.5
29426 1 2942.6
29427 1 2942.7
29428 1 2942.8
29429 1 2942.900000000001
29430 1 2943
29431 1 2943.1
29432 1 2943.2
29433 1 2943.3
29434 1 2943.400000000001
29435 1 2943.5
29436 1 2943.6
29437 1 2943.7
29438 1 2943.8
29439 1 2943.900000000001
29440 1 2944
29441 1 2944.1
29442 1 2944.2
29443 1 2944.3
29444 1 2944.400000000001
29445 1 2944.5
29446 1 2944.6
29447 1 2944.7
29448 1 2944.8
29449 1 2944.900000000001
29450 1 2945
29451 1 2945.1
29452 1 2945.2
29453 1 2945.3
29454 1 2945.400000000001
29455 1 2945.5
29456 1 2945.6
29457 1 2945.7
29458 1 2945.8
29459 1 2945.900000000001
29460 1 2946
29461 1 2946.1
29462 1 2946.2
29463 1 2946.3
29464 1 2946.400000000001
29465 1 2946.5
29466 1 2946.6
29467 1 2946.7
29468 1 2946.8
29469 1 2946.900000000001
29470 1 2947
29471 1 2947.1
29472 1 2947.2
29473 1 2947.3
29474 1 2947.400000000001
29475 1 2947.5
29476 1 2947.6
29477 1 2947.7
29478 1 2947.8
29479 1 2947.900000000001
29480 1 2948
29481 1 2948.1
29482 1 2948.2
29483 1 2948.3
29484 1 2948.400000000001
29485 1 2948.5
29486 1 2948.6
29487 1 2948.7
29488 1 2948.8
29489 1 2948.900000000001
29490 1 2949
29491 1 2949.1
29492 1 2949.2
29493 1 2949.3
29494 1 2949.400000000001
29495 1 2949.5
29496 1 2949.6
29497 1 2949.7
29498 1 2949.8
29499 1 2949.900000000001
29500 1 2950
29501 1 2950.1
29502 1 2950.2
29503 1 2950.3
29504 1 2950.400000000001
29505 1 2950.5
29506 1 2950.6
29507 1 2950.7
29508 1 2950.8
29509 1 2950.900000000001
29510 1 2951
29511 1 2951.1
29512 1 2951.2
29513 1 2951.3
29514 1 2951.400000000001
29515 1 2951.5
29516 1 2951.6
29517 1 2951.7
29518 1 2951.8
29519 1 2951.900000000001
29520 1 2952
29521 1 2952.1
29522 1 2952.2
29523 1 2952.3
29524 1 2952.400000000001
29525 1 2952.5
29526 1 2952.6
29527 1 2952.7
29528 1 2952.8
29529 1 2952.900000000001
29530 1 2953
29531 1 2953.1
29532 1 2953.2
29533 1 2953.3
29534 1 2953.400000000001
29535 1 2953.5
29536 1 2953.6
29537 1 2953.7
29538 1 2953.8
29539 1 2953.900000000001
29540 1 2954
29541 1 2954.1
29542 1 2954.2
29543 1 2954.3
29544 1 2954.400000000001
29545 1 2954.5
29546 1 2954.6
29547 1 2954.7
29548 1 2954.8
29549 1 2954.900000000001
29550 1 2955
29551 1 2955.1
29552 1 2955.2
29553 1 2955.3
29554 1 2955.400000000001
29555 1 2955.5
29556 1 2955.6
29557 1 2955.7
29558 1 2955.8
29559 1 2955.900000000001
29560 1 2956
29561 1 2956.1
29562 1 2956.2
29563 1 2956.3
29564 1 2956.400000000001
29565 1 2956.5
29566 1 2956.6
29567 1 2956.7
29568 1 2956.8
29569 1 2956.900000000001
29570 1 2957
29571 1 2957.1
29572 1 2957.2
29573 1 2957.3
29574 1 2957.400000000001
29575 1 2957.5
29576 1 2957.6
29577 1 2957.7
29578 1 2957.8
29579 1 2957.900000000001
29580 1 2958
29581 1 2958.1
29582 1 2958.2
29583 1 2958.3
29584 1 2958.400000000001
29585 1 2958.5
29586 1 2958.6
29587 1 2958.7
29588 1 2958.8
29589 1 2958.900000000001
29590 1 2959
29591 1 2959.1
29592 1 2959.2
29593 1 2959.3
29594 1 2959.400000000001
29595 1 2959.5
29596 1 2959.6
29597 1 2959.7
29598 1 2959.8
29599 1 2959.900000000001
29600 1 2960
29601 1 2960.1
29602 1 2960.2
29603 1 2960.3
29604 1 2960.400000000001
29605 1 2960.5
29606 1 2960.6
29607 1 2960.7
29608 1 2960.8
29609 1 2960.900000000001
29610 1 2961
29611 1 2961.1
29612 1 2961.2
29613 1 2961.3
29614 1 2961.400000000001
29615 1 2961.5
29616 1 2961.6
29617 1 2961.7
29618 1 2961.8
29619 1 2961.900000000001
29620 1 2962
29621 1 2962.1
29622 1 2962.2
29623 1 2962.3
29624 1 2962.400000000001
29625 1 2962.5
29626 1 2962.6
29627 1 2962.7
29628 1 2962.8
29629 1 2962.900000000001
29630 1 2963
29631 1 2963.1
29632 1 2963.2
29633 1 2963.3
29634 1 2963.400000000001
29635 1 2963.5
29636 1 2963.6
29637 1 2963.7
29638 1 2963.8
29639 1 2963.900000000001
29640 1 2964
29641 1 2964.1
29642 1 2964.2
29643 1 2964.3
29644 1 2964.400000000001
29645 1 2964.5
29646 1 2964.6
29647 1 2964.7
29648 1 2964.8
29649 1 2964.900000000001
29650 1 2965
29651 1 2965.1
29652 1 2965.2
29653 1 2965.3
29654 1 2965.400000000001
29655 1 2965.5
29656 1 2965.6
29657 1 2965.7
29658 1 2965.8
29659 1 2965.900000000001
29660 1 2966
29661 1 2966.1
29662 1 2966.2
29663 1 2966.3
29664 1 2966.400000000001
29665 1 2966.5
29666 1 2966.6
29667 1 2966.7
29668 1 2966.8
29669 1 2966.900000000001
29670 1 2967
29671 1 2967.1
29672 1 2967.2
29673 1 2967.3
29674 1 2967.400000000001
29675 1 2967.5
29676 1 2967.6
29677 1 2967.7
29678 1 2967.8
29679 1 2967.900000000001
29680 1 2968
29681 1 2968.1
29682 1 2968.2
29683 1 2968.3
29684 1 2968.400000000001
29685 1 2968.5
29686 1 2968.6
29687 1 2968.7
29688 1 2968.8
29689 1 2968.900000000001
29690 1 2969
29691 1 2969.1
29692 1 2969.2
29693 1 2969.3
29694 1 2969.400000000001
29695 1 2969.5
29696 1 2969.6
29697 1 2969.7
29698 1 2969.8
29699 1 2969.900000000001
29700 1 2970
29701 1 2970.1
29702 1 2970.2
29703 1 2970.3
29704 1 2970.400000000001
29705 1 2970.5
29706 1 2970.6
29707 1 2970.7
29708 1 2970.8
29709 1 2970.900000000001
29710 1 2971
29711 1 2971.1
29712 1 2971.2
29713 1 2971.3
29714 1 2971.400000000001
29715 1 2971.5
29716 1 2971.6
29717 1 2971.7
29718 1 2971.8
29719 1 2971.900000000001
29720 1 2972
29721 1 2972.1
29722 1 2972.2
29723 1 2972.3
29724 1 2972.400000000001
29725 1 2972.5
29726 1 2972.6
29727 1 2972.7
29728 1 2972.8
29729 1 2972.900000000001
29730 1 2973
29731 1 2973.1
29732 1 2973.2
29733 1 2973.3
29734 1 2973.400000000001
29735 1 2973.5
29736 1 2973.6
29737 1 2973.7
29738 1 2973.8
29739 1 2973.900000000001
29740 1 2974
29741 1 2974.1
29742 1 2974.2
29743 1 2974.3
29744 1 2974.400000000001
29745 1 2974.5
29746 1 2974.6
29747 1 2974.7
29748 1 2974.8
29749 1 2974.900000000001
29750 1 2975
29751 1 2975.1
29752 1 2975.2
29753 1 2975.3
29754 1 2975.400000000001
29755 1 2975.5
29756 1 2975.6
29757 1 2975.7
29758 1 2975.8
29759 1 2975.900000000001
29760 1 2976
29761 1 2976.1
29762 1 2976.2
29763 1 2976.3
29764 1 2976.400000000001
29765 1 2976.5
29766 1 2976.6
29767 1 2976.7
29768 1 2976.8
29769 1 2976.900000000001
29770 1 2977
29771 1 2977.1
29772 1 2977.2
29773 1 2977.3
29774 1 2977.400000000001
29775 1 2977.5
29776 1 2977.6
29777 1 2977.7
29778 1 2977.8
29779 1 2977.900000000001
29780 1 2978
29781 1 2978.1
29782 1 2978.2
29783 1 2978.3
29784 1 2978.400000000001
29785 1 2978.5
29786 1 2978.6
29787 1 2978.7
29788 1 2978.8
29789 1 2978.900000000001
29790 1 2979
29791 1 2979.1
29792 1 2979.2
29793 1 2979.3
29794 1 2979.400000000001
29795 1 2979.5
29796 1 2979.6
29797 1 2979.7
29798 1 2979.8
29799 1 2979.900000000001
29800 1 2980
29801 1 2980.1
29802 1 2980.2
29803 1 2980.3
29804 1 2980.400000000001
29805 1 2980.5
29806 1 2980.6
29807 1 2980.7
29808 1 2980.8
29809 1 2980.900000000001
29810 1 2981
29811 1 2981.1
29812 1 2981.2
29813 1 2981.3
29814 1 2981.400000000001
29815 1 2981.5
29816 1 2981.6
29817 1 2981.7
29818 1 2981.8
29819 1 2981.900000000001
29820 1 2982
29821 1 2982.1
29822 1 2982.2
29823 1 2982.3
29824 1 2982.400000000001
29825 1 2982.5
29826 1 2982.6
29827 1 2982.7
29828 1 2982.8
29829 1 2982.900000000001
29830 1 2983
29831 1 2983.1
29832 1 2983.2
29833 1 2983.3
29834 1 2983.400000000001
29835 1 2983.5
29836 1 2983.6
29837 1 2983.7
29838 1 2983.8
29839 1 2983.900000000001
29840 1 2984
29841 1 2984.1
29842 1 2984.2
29843 1 2984.3
29844 1 2984.400000000001
29845 1 2984.5
29846 1 2984.6
29847 1 2984.7
29848 1 2984.8
29849 1 2984.900000000001
29850 1 2985
29851 1 2985.1
29852 1 2985.2
29853 1 2985.3
29854 1 2985.400000000001
29855 1 2985.5
29856 1 2985.6
29857 1 2985.7
29858 1 2985.8
29859 1 2985.900000000001
29860 1 2986
29861 1 2986.1
29862 1 2986.2
29863 1 2986.3
29864 1 2986.400000000001
29865 1 2986.5
29866 1 2986.6
29867 1 2986.7
29868 1 2986.8
29869 1 2986.900000000001
29870 1 2987
29871 1 2987.1
29872 1 2987.2
29873 1 2987.3
29874 1 2987.400000000001
29875 1 2987.5
29876 1 2987.6
29877 1 2987.7
29878 1 2987.8
29879 1 2987.900000000001
29880 1 2988
29881 1 2988.1
29882 1 2988.2
29883 1 2988.3
29884 1 2988.400000000001
29885 1 2988.5
29886 1 2988.6
29887 1 2988.7
29888 1 2988.8
29889 1 2988.900000000001
29890 1 2989
29891 1 2989.1
29892 1 2989.2
29893 1 2989.3
29894 1 2989.400000000001
29895 1 2989.5
29896 1 2989.6
29897 1 2989.7
29898 1 2989.8
29899 1 2989.900000000001
29900 1 2990
29901 1 2990.1
29902 1 2990.2
29903 1 2990.3
29904 1 2990.400000000001
29905 1 2990.5
29906 1 2990.6
29907 1 2990.7
29908 1 2990.8
29909 1 2990.900000000001
29910 1 2991
29911 1 2991.1
29912 1 2991.2
29913 1 2991.3
29914 1 2991.400000000001
29915 1 2991.5
29916 1 2991.6
29917 1 2991.7
29918 1 2991.8
29919 1 2991.900000000001
29920 1 2992
29921 1 2992.1
29922 1 2992.2
29923 1 2992.3
29924 1 2992.400000000001
29925 1 2992.5
29926 1 2992.6
29927 1 2992.7
29928 1 2992.8
29929 1 2992.900000000001
29930 1 2993
29931 1 2993.1
29932 1 2993.2
29933 1 2993.3
29934 1 2993.400000000001
29935 1 2993.5
29936 1 2993.6
29937 1 2993.7
29938 1 2993.8
29939 1 2993.900000000001
29940 1 2994
29941 1 2994.1
29942 1 2994.2
29943 1 2994.3
29944 1 2994.400000000001
29945 1 2994.5
29946 1 2994.6
29947 1 2994.7
29948 1 2994.8
29949 1 2994.900000000001
29950 1 2995
29951 1 2995.1
29952 1 2995.2
29953 1 2995.3
29954 1 2995.400000000001
29955 1 2995.5
29956 1 2995.6
29957 1 2995.7
29958 1 2995.8
29959 1 2995.900000000001
29960 1 2996
29961 1 2996.1
29962 1 2996.2
29963 1 2996.3
29964 1 2996.400000000001
29965 1 2996.5
29966 1 2996.6
29967 1 2996.7
29968 1 2996.8
29969 1 2996.900000000001
29970 1 2997
29971 1 2997.1
29972 1 2997.2
29973 1 2997.3
29974 1 2997.400000000001
29975 1 2997.5
29976 1 2997.6
29977 1 2997.7
29978 1 2997.8
29979 1 2997.900000000001
29980 1 2998
29981 1 2998.1
29982 1 2998.2
29983 1 2998.3
29984 1 2998.400000000001
29985 1 2998.5
29986 1 2998.6
29987 1 2998.7
29988 1 2998.8
29989 1 2998.900000000001
29990 1 2999
29991 1 2999.1
29992 1 2999.2
29993 1 2999.3
29994 1 2999.400000000001
29995 1 2999.5
29996 1 2999.6
29997 1 2999.7
29998 1 2999.8
29999 1 2999.900000000001
30000 1 3000
30001 1 3000.1
30002 1 3000.2
30003 1 3000.3
30004 1 3000.400000000001
30005 1 3000.5
30006 1 3000.6
30007 1 3000.7
30008 1 3000.8
30009 1 3000.900000000001
30010 1 3001
30011 1 3001.1
30012 1 3001.2
30013 1 3001.3
30014 1 3001.400000000001
30015 1 3001.5
30016 1 3001.6
30017 1 3001.7
30018 1 3001.8
30019 1 3001.900000000001
30020 1 3002
30021 1 3002.1
30022 1 3002.2
30023 1 3002.3
30024 1 3002.400000000001
30025 1 3002.5
30026 1 3002.6
30027 1 3002.7
30028 1 3002.8
30029 1 3002.900000000001
30030 1 3003
30031 1 3003.1
30032 1 3003.2
30033 1 3003.3
30034 1 3003.400000000001
30035 1 3003.5
30036 1 3003.6
30037 1 3003.7
30038 1 3003.8
30039 1 3003.900000000001
30040 1 3004
30041 1 3004.1
30042 1 3004.2
30043 1 3004.3
30044 1 3004.400000000001
30045 1 3004.5
30046 1 3004.6
30047 1 3004.7
30048 1 3004.8
30049 1 3004.900000000001
30050 1 3005
30051 1 3005.1
30052 1 3005.2
30053 1 3005.3
30054 1 3005.400000000001
30055 1 3005.5
30056 1 3005.6
30057 1 3005.7
30058 1 3005.8
30059 1 3005.900000000001
30060 1 3006
30061 1 3006.1
30062 1 3006.2
30063 1 3006.3
30064 1 3006.400000000001
30065 1 3006.5
30066 1 3006.6
30067 1 3006.7
30068 1 3006.8
30069 1 3006.900000000001
30070 1 3007
30071 1 3007.1
30072 1 3007.2
30073 1 3007.3
30074 1 3007.400000000001
30075 1 3007.5
30076 1 3007.6
30077 1 3007.7
30078 1 3007.8
30079 1 3007.900000000001
30080 1 3008
30081 1 3008.1
30082 1 3008.2
30083 1 3008.3
30084 1 3008.400000000001
30085 1 3008.5
30086 1 3008.6
30087 1 3008.7
30088 1 3008.8
30089 1 3008.900000000001
30090 1 3009
30091 1 3009.1
30092 1 3009.2
30093 1 3009.3
30094 1 3009.400000000001
30095 1 3009.5
30096 1 3009.6
30097 1 3009.7
30098 1 3009.8
30099 1 3009.900000000001
30100 1 3010
30101 1 3010.1
30102 1 3010.2
30103 1 3010.3
30104 1 3010.400000000001
30105 1 3010.5
30106 1 3010.6
30107 1 3010.7
30108 1 3010.8
30109 1 3010.900000000001
30110 1 3011
30111 1 3011.1
30112 1 3011.2
30113 1 3011.3
30114 1 3011.400000000001
30115 1 3011.5
30116 1 3011.6
30117 1 3011.7
30118 1 3011.8
30119 1 3011.900000000001
30120 1 3012
30121 1 3012.1
30122 1 3012.2
30123 1 3012.3
30124 1 3012.400000000001
30125 1 3012.5
30126 1 3012.6
30127 1 3012.7
30128 1 3012.8
30129 1 3012.900000000001
30130 1 3013
30131 1 3013.1
30132 1 3013.2
30133 1 3013.3
30134 1 3013.400000000001
30135 1 3013.5
30136 1 3013.6
30137 1 3013.7
30138 1 3013.8
30139 1 3013.900000000001
30140 1 3014
30141 1 3014.1
30142 1 3014.2
30143 1 3014.3
30144 1 3014.400000000001
30145 1 3014.5
30146 1 3014.6
30147 1 3014.7
30148 1 3014.8
30149 1 3014.900000000001
30150 1 3015
30151 1 3015.1
30152 1 3015.2
30153 1 3015.3
30154 1 3015.400000000001
30155 1 3015.5
30156 1 3015.6
30157 1 3015.7
30158 1 3015.8
30159 1 3015.900000000001
30160 1 3016
30161 1 3016.1
30162 1 3016.2
30163 1 3016.3
30164 1 3016.400000000001
30165 1 3016.5
30166 1 3016.6
30167 1 3016.7
30168 1 3016.8
30169 1 3016.900000000001
30170 1 3017
30171 1 3017.1
30172 1 3017.2
30173 1 3017.3
30174 1 3017.400000000001
30175 1 3017.5
30176 1 3017.6
30177 1 3017.7
30178 1 3017.8
30179 1 3017.900000000001
30180 1 3018
30181 1 3018.1
30182 1 3018.2
30183 1 3018.3
30184 1 3018.400000000001
30185 1 3018.5
30186 1 3018.6
30187 1 3018.7
30188 1 3018.8
30189 1 3018.900000000001
30190 1 3019
30191 1 3019.1
30192 1 3019.2
30193 1 3019.3
30194 1 3019.400000000001
30195 1 3019.5
30196 1 3019.6
30197 1 3019.7
30198 1 3019.8
30199 1 3019.900000000001
30200 1 3020
30201 1 3020.1
30202 1 3020.2
30203 1 3020.3
30204 1 3020.400000000001
30205 1 3020.5
30206 1 3020.6
30207 1 3020.7
30208 1 3020.8
30209 1 3020.900000000001
30210 1 3021
30211 1 3021.1
30212 1 3021.2
30213 1 3021.3
30214 1 3021.400000000001
30215 1 3021.5
30216 1 3021.6
30217 1 3021.7
30218 1 3021.8
30219 1 3021.900000000001
30220 1 3022
30221 1 3022.1
30222 1 3022.2
30223 1 3022.3
30224 1 3022.400000000001
30225 1 3022.5
30226 1 3022.6
30227 1 3022.7
30228 1 3022.8
30229 1 3022.900000000001
30230 1 3023
30231 1 3023.1
30232 1 3023.2
30233 1 3023.3
30234 1 3023.400000000001
30235 1 3023.5
30236 1 3023.6
30237 1 3023.7
30238 1 3023.8
30239 1 3023.900000000001
30240 1 3024
30241 1 3024.1
30242 1 3024.2
30243 1 3024.3
30244 1 3024.400000000001
30245 1 3024.5
30246 1 3024.6
30247 1 3024.7
30248 1 3024.8
30249 1 3024.900000000001
30250 1 3025
30251 1 3025.1
30252 1 3025.2
30253 1 3025.3
30254 1 3025.400000000001
30255 1 3025.5
30256 1 3025.6
30257 1 3025.7
30258 1 3025.8
30259 1 3025.900000000001
30260 1 3026
30261 1 3026.1
30262 1 3026.2
30263 1 3026.3
30264 1 3026.400000000001
30265 1 3026.5
30266 1 3026.6
30267 1 3026.7
30268 1 3026.8
30269 1 3026.900000000001
30270 1 3027
30271 1 3027.1
30272 1 3027.2
30273 1 3027.3
30274 1 3027.400000000001
30275 1 3027.5
30276 1 3027.6
30277 1 3027.7
30278 1 3027.8
30279 1 3027.900000000001
30280 1 3028
30281 1 3028.1
30282 1 3028.2
30283 1 3028.3
30284 1 3028.400000000001
30285 1 3028.5
30286 1 3028.6
30287 1 3028.7
30288 1 3028.8
30289 1 3028.900000000001
30290 1 3029
30291 1 3029.1
30292 1 3029.2
30293 1 3029.3
30294 1 3029.400000000001
30295 1 3029.5
30296 1 3029.6
30297 1 3029.7
30298 1 3029.8
30299 1 3029.900000000001
30300 1 3030
30301 1 3030.1
30302 1 3030.2
30303 1 3030.3
30304 1 3030.400000000001
30305 1 3030.5
30306 1 3030.6
30307 1 3030.7
30308 1 3030.8
30309 1 3030.900000000001
30310 1 3031
30311 1 3031.1
30312 1 3031.2
30313 1 3031.3
30314 1 3031.400000000001
30315 1 3031.5
30316 1 3031.6
30317 1 3031.7
30318 1 3031.8
30319 1 3031.900000000001
30320 1 3032
30321 1 3032.1
30322 1 3032.2
30323 1 3032.3
30324 1 3032.400000000001
30325 1 3032.5
30326 1 3032.6
30327 1 3032.7
30328 1 3032.8
30329 1 3032.900000000001
30330 1 3033
30331 1 3033.1
30332 1 3033.2
30333 1 3033.3
30334 1 3033.400000000001
30335 1 3033.5
30336 1 3033.6
30337 1 3033.7
30338 1 3033.8
30339 1 3033.900000000001
30340 1 3034
30341 1 3034.1
30342 1 3034.2
30343 1 3034.3
30344 1 3034.400000000001
30345 1 3034.5
30346 1 3034.6
30347 1 3034.7
30348 1 3034.8
30349 1 3034.900000000001
30350 1 3035
30351 1 3035.1
30352 1 3035.2
30353 1 3035.3
30354 1 3035.400000000001
30355 1 3035.5
30356 1 3035.6
30357 1 3035.7
30358 1 3035.8
30359 1 3035.900000000001
30360 1 3036
30361 1 3036.1
30362 1 3036.2
30363 1 3036.3
30364 1 3036.400000000001
30365 1 3036.5
30366 1 3036.6
30367 1 3036.7
30368 1 3036.8
30369 1 3036.900000000001
30370 1 3037
30371 1 3037.1
30372 1 3037.2
30373 1 3037.3
30374 1 3037.400000000001
30375 1 3037.5
30376 1 3037.6
30377 1 3037.7
30378 1 3037.8
30379 1 3037.900000000001
30380 1 3038
30381 1 3038.1
30382 1 3038.2
30383 1 3038.3
30384 1 3038.400000000001
30385 1 3038.5
30386 1 3038.6
30387 1 3038.7
30388 1 3038.8
30389 1 3038.900000000001
30390 1 3039
30391 1 3039.1
30392 1 3039.2
30393 1 3039.3
30394 1 3039.400000000001
30395 1 3039.5
30396 1 3039.6
30397 1 3039.7
30398 1 3039.8
30399 1 3039.900000000001
30400 1 3040
30401 1 3040.1
30402 1 3040.2
30403 1 3040.3
30404 1 3040.400000000001
30405 1 3040.5
30406 1 3040.6
30407 1 3040.7
30408 1 3040.8
30409 1 3040.900000000001
30410 1 3041
30411 1 3041.1
30412 1 3041.2
30413 1 3041.3
30414 1 3041.400000000001
30415 1 3041.5
30416 1 3041.6
30417 1 3041.7
30418 1 3041.8
30419 1 3041.900000000001
30420 1 3042
30421 1 3042.1
30422 1 3042.2
30423 1 3042.3
30424 1 3042.400000000001
30425 1 3042.5
30426 1 3042.6
30427 1 3042.7
30428 1 3042.8
30429 1 3042.900000000001
30430 1 3043
30431 1 3043.1
30432 1 3043.2
30433 1 3043.3
30434 1 3043.400000000001
30435 1 3043.5
30436 1 3043.6
30437 1 3043.7
30438 1 3043.8
30439 1 3043.900000000001
30440 1 3044
30441 1 3044.1
30442 1 3044.2
30443 1 3044.3
30444 1 3044.400000000001
30445 1 3044.5
30446 1 3044.6
30447 1 3044.7
30448 1 3044.8
30449 1 3044.900000000001
30450 1 3045
30451 1 3045.1
30452 1 3045.2
30453 1 3045.3
30454 1 3045.400000000001
30455 1 3045.5
30456 1 3045.6
30457 1 3045.7
30458 1 3045.8
30459 1 3045.900000000001
30460 1 3046
30461 1 3046.1
30462 1 3046.2
30463 1 3046.3
30464 1 3046.400000000001
30465 1 3046.5
30466 1 3046.6
30467 1 3046.7
30468 1 3046.8
30469 1 3046.900000000001
30470 1 3047
30471 1 3047.1
30472 1 3047.2
30473 1 3047.3
30474 1 3047.400000000001
30475 1 3047.5
30476 1 3047.6
30477 1 3047.7
30478 1 3047.8
30479 1 3047.900000000001
30480 1 3048
30481 1 3048.1
30482 1 3048.2
30483 1 3048.3
30484 1 3048.400000000001
30485 1 3048.5
30486 1 3048.6
30487 1 3048.7
30488 1 3048.8
30489 1 3048.900000000001
30490 1 3049
30491 1 3049.1
30492 1 3049.2
30493 1 3049.3
30494 1 3049.400000000001
30495 1 3049.5
30496 1 3049.6
30497 1 3049.7
30498 1 3049.8
30499 1 3049.900000000001
30500 1 3050
30501 1 3050.1
30502 1 3050.2
30503 1 3050.3
30504 1 3050.400000000001
30505 1 3050.5
30506 1 3050.6
30507 1 3050.7
30508 1 3050.8
30509 1 3050.900000000001
30510 1 3051
30511 1 3051.1
30512 1 3051.2
30513 1 3051.3
30514 1 3051.400000000001
30515 1 3051.5
30516 1 3051.6
30517 1 3051.7
30518 1 3051.8
30519 1 3051.900000000001
30520 1 3052
30521 1 3052.1
30522 1 3052.2
30523 1 3052.3
30524 1 3052.400000000001
30525 1 3052.5
30526 1 3052.6
30527 1 3052.7
30528 1 3052.8
30529 1 3052.900000000001
30530 1 3053
30531 1 3053.1
30532 1 3053.2
30533 1 3053.3
