"liquid-fraction-rfile"
"Time Step" "liquid-fraction etc.."
("Time Step" "liquid-fraction" "flow-time")
0 0 0
1 0 0.1
2 0 0.2
3 0 0.3
4 0 0.4
5 0 0.5
6 0 0.6000000000000001
7 0 0.7000000000000001
8 0 0.8
9 0 0.9
10 0 1
11 0 1.1
12 0 1.2
13 0 1.3
14 0 1.4
15 0 1.5
16 0 1.6
17 0 1.7
18 0 1.8
19 0 1.9
20 0 2
21 0 2.1
22 0 2.2
23 0 2.3
24 0 2.4
25 0 2.5
26 0 2.6
27 0 2.7
28 0 2.8
29 0 2.9
30 0 3
31 0 3.1
32 0 3.2
33 0 3.3
34 0 3.4
35 0 3.5
36 0 3.6
37 0 3.7
38 0 3.8
39 0 3.9
40 0 4
41 0 4.100000000000001
42 0 4.2
43 0 4.3
44 0 4.4
45 0 4.5
46 0 4.600000000000001
47 0 4.7
48 0 4.800000000000001
49 0 4.9
50 0 5
51 0 5.100000000000001
52 0 5.2
53 0 5.300000000000001
54 0 5.4
55 0 5.5
56 0 5.600000000000001
57 0 5.7
58 0 5.800000000000001
59 0 5.9
60 0 6
61 0 6.100000000000001
62 0 6.2
63 0 6.300000000000001
64 0 6.4
65 0 6.5
66 0 6.600000000000001
67 0 6.7
68 0 6.800000000000001
69 0 6.9
70 0 7
71 0 7.100000000000001
72 0 7.2
73 0 7.300000000000001
74 0 7.4
75 0 7.5
76 1.158297146064413e-07 7.600000000000001
77 3.953674454844551e-07 7.7
78 8.668798561698422e-07 7.800000000000001
79 1.570111405137224e-06 7.9
80 2.745141483449199e-06 8
81 4.493601658101156e-06 8.1
82 7.10609731385688e-06 8.200000000000001
83 1.067131608075951e-05 8.300000000000001
84 1.529275629423573e-05 8.4
85 2.133362273276328e-05 8.5
86 2.922392830689724e-05 8.6
87 3.937817443765662e-05 8.700000000000001
88 5.1607825045704e-05 8.800000000000001
89 6.639098912790791e-05 8.9
90 8.48219943078034e-05 9
91 0.0001068973404692376 9.1
92 0.0001331589705695596 9.200000000000001
93 0.0001634178792386548 9.300000000000001
94 0.0001970236473214808 9.4
95 0.0002339974958463815 9.5
96 0.000274419511073423 9.600000000000001
97 0.0003182655581166647 9.700000000000001
98 0.0003655885805375078 9.800000000000001
99 0.0004163705078799662 9.9
100 0.0004707391634624482 10
101 0.0005287302042003018 10.1
102 0.0005905128889403417 10.2
103 0.0006562065349241539 10.3
104 0.0007258130193590728 10.4
105 0.0007992997414017916 10.5
106 0.0008767033031896402 10.6
107 0.000958109589218094 10.7
108 0.001043672871622754 10.8
109 0.001133452319013707 10.9
110 0.001227503625056242 11
111 0.001325945858541718 11.1
112 0.001428915718276563 11.2
113 0.001536433927179809 11.3
114 0.001648636634550259 11.4
115 0.00176561936321768 11.5
116 0.001887486433099315 11.6
117 0.002013901975040487 11.7
118 0.002145188130371071 11.8
119 0.002281616566781827 11.9
120 0.002423512740695099 12
121 0.00257102267756328 12.1
122 0.002724182314544288 12.2
123 0.002883050585904487 12.3
124 0.003047942975627557 12.4
125 0.00321899199814257 12.5
126 0.003396449460571549 12.6
127 0.003580391388755373 12.7
128 0.003770468149765769 12.8
129 0.003966829210377091 12.9
130 0.004169530287559137 13
131 0.004375243013983433 13.1
132 0.004586037192272571 13.2
133 0.004803267040286846 13.3
134 0.005027896988957256 13.4
135 0.005257693474575394 13.5
136 0.005492008772444558 13.6
137 0.00572982916986388 13.7
138 0.005973398692336766 13.8
139 0.006222613512052421 13.9
140 0.006478575548333008 14
141 0.006740492108246739 14.1
142 0.00700650291424158 14.2
143 0.007275564272073179 14.3
144 0.007549748230091741 14.4
145 0.007825907494663803 14.5
146 0.00810710388589663 14.6
147 0.008393860203633212 14.7
148 0.008686527272588614 14.8
149 0.00898327777173894 14.9
150 0.009285336004963791 15
151 0.00959282110217881 15.1
152 0.009904985822324517 15.2
153 0.01022189874220744 15.3
154 0.01054080633844815 15.4
155 0.01086469660661234 15.5
156 0.01119316066532298 15.6
157 0.0115260819259613 15.7
158 0.01186260040010371 15.8
159 0.01220148293193345 15.9
160 0.01254330629260423 16
161 0.01288849179659271 16.1
162 0.01323873467228926 16.2
163 0.01359392686306461 16.3
164 0.01395386214265501 16.4
165 0.01431819626291676 16.5
166 0.01468493522826316 16.6
167 0.01505418414569121 16.7
168 0.01542734298453372 16.8
169 0.01580460970328946 16.9
170 0.01618521226415533 17
171 0.01656943499846376 17.1
172 0.01695598398052715 17.2
173 0.01734506473268565 17.3
174 0.01773490499040046 17.4
175 0.01812646227668828 17.5
176 0.01852141114778762 17.6
177 0.01891993347361676 17.7
178 0.01932035265836432 17.8
179 0.01972377115146421 17.9
180 0.02012986706072415 18
181 0.02053955398965852 18.1
182 0.02095130646240818 18.2
183 0.02136650868061643 18.3
184 0.02178226540576334 18.4
185 0.02219957474116187 18.5
186 0.02261893396688054 18.6
187 0.02304019057100891 18.7
188 0.02346085155084374 18.8
189 0.0238848476425917 18.9
190 0.02430930356409284 19
191 0.02473208059974232 19.1
192 0.02515686835606716 19.2
193 0.02558281816044252 19.3
194 0.02601188344673923 19.4
195 0.02644168045840678 19.5
196 0.02687226417943035 19.6
197 0.02730447704485282 19.7
198 0.02773834323987276 19.8
199 0.02817411278944008 19.9
200 0.02861036570112652 20
201 0.02904853110231808 20.1
202 0.02948931007872791 20.2
203 0.02993398946308186 20.3
204 0.0303794426791651 20.4
205 0.03082809262266416 20.5
206 0.03127758778302776 20.6
207 0.03172530851329457 20.7
208 0.03217165603745416 20.8
209 0.03261505151696275 20.9
210 0.03305981410662585 21
211 0.03350343991297954 21.1
212 0.03394586932916401 21.2
213 0.03438764274941211 21.3
214 0.0348214447480704 21.4
215 0.0352482353894401 21.5
216 0.03565880556165604 21.6
217 0.03605736360448859 21.7
218 0.03644582901212328 21.8
219 0.03682749916726045 21.9
220 0.03719595358323435 22
221 0.03755985859249504 22.1
222 0.03792781528712425 22.2
223 0.03829815470585673 22.3
224 0.03867136361548258 22.4
225 0.03904486921795936 22.5
226 0.03941796098168667 22.6
227 0.0397858539613803 22.7
228 0.04014792490890694 22.8
229 0.04050669304184076 22.9
230 0.04086269724916061 23
231 0.04121962446961849 23.1
232 0.0415778323861767 23.2
233 0.04193663767825893 23.3
234 0.04228572983320416 23.4
235 0.04263002462240834 23.5
236 0.04297446252927304 23.6
237 0.04331922467750549 23.7
238 0.04366069694294882 23.8
239 0.04399926518109732 23.9
240 0.04434249646825174 24
241 0.04468286461807165 24.1
242 0.0450255983048868 24.2
243 0.04537013964837076 24.3
244 0.0457173350971723 24.4
245 0.04606711132987645 24.5
246 0.04641855523334103 24.6
247 0.0467738538967362 24.7
248 0.04713082657190883 24.8
249 0.04748809947444009 24.9
250 0.04784594965669901 25
251 0.04820269338890612 25.1
252 0.0485581796357681 25.2
253 0.04891647390017328 25.3
254 0.04927386441803983 25.4
255 0.04962885225324518 25.5
256 0.04998653186936678 25.6
257 0.05034194504982997 25.7
258 0.05069822268825787 25.8
259 0.05105679444049935 25.9
260 0.05141714448621344 26
261 0.05177758553244332 26.1
262 0.05213801024285726 26.2
263 0.05250097310846697 26.3
264 0.05286220442820515 26.4
265 0.05322338940642734 26.5
266 0.05358387426246359 26.6
267 0.0539425724677056 26.7
268 0.05430012442700483 26.8
269 0.05466033900493285 26.9
270 0.05502023578980209 27
271 0.05537798916442146 27.1
272 0.05573504433474179 27.2
273 0.0560906461896632 27.3
274 0.05644183795614088 27.4
275 0.05679017337016903 27.5
276 0.05713278487181665 27.6
277 0.05747166228152242 27.7
278 0.05780825088633845 27.8
279 0.05814061416631735 27.9
280 0.05847231343378081 28
281 0.05880000474325699 28.1
282 0.05912597356028509 28.2
283 0.0594474192095212 28.3
284 0.0597674250861593 28.4
285 0.06008917045817605 28.5
286 0.06041689077888002 28.6
287 0.06074604045186989 28.7
288 0.06107697320199269 28.8
289 0.06141057151690989 28.9
290 0.06174453330760499 29
291 0.0620814533262175 29.1
292 0.06241822660676016 29.2
293 0.06275780348963429 29.3
294 0.0631013062403043 29.4
295 0.06344470919418609 29.5
296 0.06378667200879659 29.6
297 0.06412972443584987 29.7
298 0.06447090885779069 29.8
299 0.06481247378432721 29.9
300 0.06515584225749363 30
301 0.06550229022233463 30.1
302 0.06585150069953023 30.2
303 0.06620413619420158 30.3
304 0.06655836917814829 30.4
305 0.06691193727715779 30.5
306 0.06726227513771195 30.6
307 0.06760894714896117 30.7
308 0.06795748480996926 30.8
309 0.06830939891599186 30.9
310 0.0686590333724489 31
311 0.06901055048953768 31.1
312 0.06936340738974688 31.2
313 0.06971957366465747 31.3
314 0.07007652076631375 31.4
315 0.07043255030228965 31.5
316 0.07079025529281227 31.6
317 0.07114691205357572 31.7
318 0.07150594146548521 31.8
319 0.07186558350848042 31.9
320 0.07221858567852063 32
321 0.07257381972913207 32.1
322 0.07292291216011784 32.2
323 0.0732720301002676 32.3
324 0.07362322671261183 32.4
325 0.07396575147185225 32.5
326 0.07430885738112784 32.6
327 0.07465329554757083 32.7
328 0.07499163263445269 32.8
329 0.07532929179127922 32.9
330 0.07566282679020746 33
331 0.07600186305554871 33.1
332 0.07634115880530108 33.2
333 0.07668358336448851 33.3
334 0.07703151939560281 33.4
335 0.07738065272749151 33.5
336 0.07773169506764202 33.6
337 0.07808265784623292 33.7
338 0.07843551239166327 33.8
339 0.07879142830290002 33.9
340 0.07914884446441767 34
341 0.07950428213199241 34.1
342 0.0798572535815725 34.2
343 0.08021244951578582 34.3
344 0.08056937763793395 34.4
345 0.08092381925364941 34.5
346 0.08127650480460137 34.6
347 0.08162649657457703 34.7
348 0.08196953592945215 34.8
349 0.08230603419879041 34.9
350 0.08263373868856493 35
351 0.08296174586941608 35.1
352 0.08328888662325228 35.2
353 0.0836164898953405 35.3
354 0.08394199682215517 35.4
355 0.08427090729145616 35.5
356 0.0846031107180574 35.6
357 0.08493856531015109 35.7
358 0.08528045346876188 35.8
359 0.08562644520697185 35.9
360 0.08597707801600117 36
361 0.08632708106002585 36.1
362 0.08668027532195836 36.2
363 0.08703369021001602 36.3
364 0.08738232516547886 36.4
365 0.08773195366593081 36.5
366 0.08807866749532678 36.6
367 0.08841911341573221 36.7
368 0.08875843296104158 36.8
369 0.08909628367343261 36.9
370 0.08943158016076222 37
371 0.08976872855576078 37.1
372 0.09010734187630973 37.2
373 0.09044523773994463 37.3
374 0.09078352646239515 37.4
375 0.0911253441062385 37.5
376 0.09146799849832919 37.6
377 0.09180569433617908 37.7
378 0.09214099336919629 37.8
379 0.09247548489823561 37.9
380 0.09281341869340248 38
381 0.09315416755486447 38.1
382 0.09349639826109851 38.2
383 0.09384632816635975 38.3
384 0.09420289632650504 38.40000000000001
385 0.09456685122761456 38.5
386 0.09493859640256412 38.6
387 0.09531720695006327 38.7
388 0.09570085997934405 38.8
389 0.09608807320078609 38.90000000000001
390 0.0964761710093221 39
391 0.09686631085511639 39.1
392 0.09725487364624477 39.2
393 0.09764526559872382 39.3
394 0.09804233705674566 39.40000000000001
395 0.09843679681576374 39.5
396 0.09883150389839368 39.6
397 0.09922779768186235 39.7
398 0.09962555477267342 39.8
399 0.1000266578263103 39.90000000000001
400 0.1004291157243134 40
401 0.1008308262489813 40.1
402 0.101236856047791 40.2
403 0.10163597182639 40.3
404 0.102029624880188 40.40000000000001
405 0.1024283727841689 40.5
406 0.1028285140021868 40.6
407 0.1032256184878174 40.7
408 0.1036263714302458 40.8
409 0.1040313581858239 40.90000000000001
410 0.1044446183003587 41
411 0.104861621813365 41.1
412 0.1052869959752147 41.2
413 0.1057174597577244 41.3
414 0.106144316134951 41.40000000000001
415 0.106566478913451 41.5
416 0.1069852080277009 41.6
417 0.1073995195850687 41.7
418 0.1078090054185831 41.8
419 0.1082141464214258 41.90000000000001
420 0.1086261998453388 42
421 0.1090434500751526 42.1
422 0.1094574183224474 42.2
423 0.1098633072230105 42.3
424 0.1102615446266705 42.40000000000001
425 0.1106535729419433 42.5
426 0.11104285262938 42.6
427 0.1114236170078177 42.7
428 0.1117950460847854 42.8
429 0.112165776875943 42.90000000000001
430 0.1125426873337868 43
431 0.1129265088434252 43.1
432 0.1133050420235035 43.2
433 0.1136887731026864 43.3
434 0.1140762408083415 43.40000000000001
435 0.1144667324586462 43.5
436 0.1148582385515623 43.6
437 0.115252600864774 43.7
438 0.115647639328927 43.8
439 0.1160413046654695 43.90000000000001
440 0.1164319204934904 44
441 0.1168217464807737 44.1
442 0.1172138702626969 44.2
443 0.1176051791297155 44.3
444 0.1179947046891689 44.40000000000001
445 0.1183829554747131 44.5
446 0.1187709118866918 44.6
447 0.1191579494688083 44.7
448 0.1195379934806625 44.8
449 0.1199145886382762 44.90000000000001
450 0.1202874622245646 45
451 0.1206590772772604 45.1
452 0.1210345969903079 45.2
453 0.121409995998113 45.3
454 0.1217876482883249 45.40000000000001
455 0.122165488544208 45.5
456 0.1225431422632595 45.6
457 0.1229238904121015 45.7
458 0.1233081902603574 45.8
459 0.1236913814868576 45.90000000000001
460 0.1240723101173998 46
461 0.124454573438929 46.1
462 0.124837582944366 46.2
463 0.125222804217107 46.3
464 0.1256044157179136 46.40000000000001
465 0.125990373301202 46.5
466 0.1263782998370028 46.6
467 0.1267636665762006 46.7
468 0.1271457492189399 46.8
469 0.1275293526777134 46.90000000000001
470 0.1279136947795949 47
471 0.1282919692075372 47.1
472 0.1286729879656496 47.2
473 0.1290535352925509 47.3
474 0.1294393100401275 47.40000000000001
475 0.1298279492678369 47.5
476 0.1302178401005453 47.6
477 0.1306090481953787 47.7
478 0.1310062522382029 47.8
479 0.1314101669903988 47.90000000000001
480 0.1318114496440685 48
481 0.1322082359145757 48.1
482 0.1326100953865878 48.2
483 0.1330145119011899 48.3
484 0.1334251298263115 48.40000000000001
485 0.1338322599641679 48.5
486 0.13424064457086 48.6
487 0.1346522830766195 48.7
488 0.1350684134488779 48.8
489 0.1354817488743379 48.90000000000001
490 0.1358986603666522 49
491 0.136322068316522 49.1
492 0.1367498371385136 49.2
493 0.1371772955285491 49.3
494 0.1376068173138846 49.40000000000001
495 0.1380401132730019 49.5
496 0.1384741350758994 49.6
497 0.138905971375833 49.7
498 0.1393316918536622 49.8
499 0.1397554827988047 49.90000000000001
500 0.1401749823722901 50
501 0.1405795152969473 50.1
502 0.1409657300471748 50.2
503 0.1413516867478177 50.3
504 0.1417319273891275 50.40000000000001
505 0.142112835350839 50.5
506 0.1424928147482795 50.6
507 0.1428688996742902 50.7
508 0.1432482419148557 50.8
509 0.1436340769802988 50.90000000000001
510 0.1440203569547133 51
511 0.1444075856872619 51.1
512 0.1447967107812276 51.2
513 0.1451891980425799 51.3
514 0.1455875075892911 51.40000000000001
515 0.1459938888083655 51.5
516 0.1464013702669682 51.6
517 0.1468121801748633 51.7
518 0.1472306152931157 51.8
519 0.1476562532816537 51.90000000000001
520 0.1480829009769318 52
521 0.1485120517247957 52.1
522 0.1489432768432279 52.2
523 0.1493820594877767 52.3
524 0.1498263729129228 52.40000000000001
525 0.1502737986600747 52.5
526 0.1507213542167661 52.6
527 0.1511784890231642 52.7
528 0.1516489609153857 52.8
529 0.1521234949179876 52.90000000000001
530 0.1526083028971766 53
531 0.1531012228465428 53.1
532 0.153588221755054 53.2
533 0.1540728970079892 53.3
534 0.1545588389710045 53.40000000000001
535 0.1550440254164412 53.5
536 0.1555311763757909 53.6
537 0.1560190872452438 53.7
538 0.1565048797859282 53.8
539 0.1569876133700545 53.90000000000001
540 0.1574658190555921 54
541 0.1579422596894469 54.1
542 0.1584192452567866 54.2
543 0.1588973390962573 54.3
544 0.159371174114257 54.40000000000001
545 0.1598415205730407 54.5
546 0.1603125291111177 54.6
547 0.1607881206664849 54.7
548 0.1612675409263665 54.8
549 0.1617566036868086 54.90000000000001
550 0.1622528269815905 55
551 0.1627424418431204 55.1
552 0.1632342836391117 55.2
553 0.1637284895833695 55.3
554 0.1642058791978572 55.40000000000001
555 0.1646829509767393 55.5
556 0.1651620367462709 55.6
557 0.16563979794218 55.7
558 0.1661097902366968 55.8
559 0.1665789856637888 55.90000000000001
560 0.167044507303182 56
561 0.1675101001457832 56.1
562 0.1679717350757921 56.2
563 0.1684393949514366 56.3
564 0.1689043977906542 56.40000000000001
565 0.1693652665969813 56.5
566 0.1698259872265065 56.6
567 0.1702929790376982 56.7
568 0.1707617841874636 56.8
569 0.1712298892807522 56.90000000000001
570 0.1716986819566615 57
571 0.1721692921062159 57.1
572 0.1726364222427139 57.2
573 0.1730863651351426 57.3
574 0.1735310849250058 57.40000000000001
575 0.1739772423946382 57.5
576 0.1744260292745406 57.6
577 0.1748687680873826 57.7
578 0.175316420361721 57.8
579 0.1757692540178773 57.90000000000001
580 0.1762326703198713 58
581 0.1766956949989586 58.1
582 0.1771624448476085 58.2
583 0.1776342667996313 58.3
584 0.1781190418223123 58.40000000000001
585 0.1785968523587616 58.5
586 0.1790658091313065 58.6
587 0.1795124447278645 58.7
588 0.1799399559704171 58.8
589 0.1803565475928899 58.90000000000001
590 0.1807804381815283 59
591 0.1812158477653558 59.1
592 0.1816491018742089 59.2
593 0.1820662979710164 59.3
594 0.1824753489726178 59.40000000000001
595 0.1828690185402142 59.5
596 0.1832573379869554 59.6
597 0.1836362230127717 59.7
598 0.1840128995408836 59.8
599 0.1843861596939823 59.90000000000001
600 0.1847643187558774 60
601 0.1851441545909731 60.1
602 0.1855287511168998 60.2
603 0.185915674100173 60.3
604 0.1863119125655444 60.40000000000001
605 0.1867099684100832 60.5
606 0.1871088126563957 60.6
607 0.1875072251661102 60.7
608 0.1878921934851447 60.8
609 0.1882820322766247 60.90000000000001
610 0.1886751352439883 61
611 0.1890729565754891 61.1
612 0.1894783214949472 61.2
613 0.1898903211875483 61.3
614 0.190306648692624 61.40000000000001
615 0.1907294658849301 61.5
616 0.1911547271327277 61.6
617 0.1915890655230692 61.7
618 0.1920369205362242 61.8
619 0.1924885653365069 61.90000000000001
620 0.1929480549865087 62
621 0.1934142970015394 62.1
622 0.1938880354206107 62.2
623 0.1943678589604624 62.3
624 0.1948528436271847 62.40000000000001
625 0.1953433826197347 62.5
626 0.1958404666513716 62.6
627 0.1963412720233728 62.7
628 0.1968496236084055 62.8
629 0.1973563961990283 62.90000000000001
630 0.1978546168328008 63
631 0.1983426981943226 63.1
632 0.1988331373031769 63.2
633 0.1993208803511127 63.3
634 0.1998022526400881 63.40000000000001
635 0.2002804025836839 63.5
636 0.2007506920383713 63.6
637 0.2012175605882702 63.7
638 0.201692170943873 63.8
639 0.2021674123518846 63.90000000000001
640 0.2026383774373812 64
641 0.2031030724722681 64.10000000000001
642 0.2035633940274567 64.2
643 0.2040303035502278 64.3
644 0.2045019793263542 64.40000000000001
645 0.2049773102732627 64.5
646 0.2054546526429589 64.60000000000001
647 0.20594409090534 64.7
648 0.2064467335409813 64.8
649 0.2069570912355863 64.90000000000001
650 0.207469050644895 65
651 0.2079835578424542 65.10000000000001
652 0.208501500848969 65.2
653 0.2090176464087951 65.3
654 0.2095403149517493 65.40000000000001
655 0.2100721714218013 65.5
656 0.2106113729461228 65.60000000000001
657 0.2111332191796108 65.7
658 0.2116268470367829 65.8
659 0.2121174045255604 65.90000000000001
660 0.212611601455018 66
661 0.2130980771734866 66.10000000000001
662 0.2135816559140339 66.2
663 0.2140903422657624 66.3
664 0.2146092758377628 66.40000000000001
665 0.2151118947937745 66.5
666 0.2156118737232152 66.60000000000001
667 0.2161204964564139 66.7
668 0.2166080449450346 66.8
669 0.2171016624589272 66.90000000000001
670 0.2175890286492908 67
671 0.2180727309404623 67.10000000000001
672 0.2185495165392094 67.2
673 0.2190292797472301 67.3
674 0.2195073569377252 67.40000000000001
675 0.2199781067080898 67.5
676 0.2204335123685718 67.60000000000001
677 0.2208794717622559 67.7
678 0.2213143588918326 67.8
679 0.221748405446172 67.90000000000001
680 0.2222033629901528 68
681 0.2226784356248161 68.10000000000001
682 0.2231671790779587 68.2
683 0.2236637091592743 68.3
684 0.2241732177960402 68.40000000000001
685 0.2246777130781719 68.5
686 0.2251701853197055 68.60000000000001
687 0.2256373450271323 68.7
688 0.2261000416771797 68.8
689 0.2265602834382775 68.90000000000001
690 0.2270052215300752 69
691 0.2274338714900088 69.10000000000001
692 0.2278595018967387 69.2
693 0.2282728008291424 69.3
694 0.228674813837675 69.40000000000001
695 0.2290758092135758 69.5
696 0.2294660439896832 69.60000000000001
697 0.2298404237930287 69.7
698 0.2302143343920402 69.8
699 0.2305960410757338 69.90000000000001
700 0.2309784356179966 70
701 0.231349420363611 70.10000000000001
702 0.2317186253083729 70.2
703 0.2320790991707052 70.3
704 0.2324442561854871 70.40000000000001
705 0.2328168171000438 70.5
706 0.2331945503226737 70.60000000000001
707 0.2335883275744598 70.7
708 0.2339929966361021 70.8
709 0.2343941693823594 70.90000000000001
710 0.2348031828866242 71
711 0.2352286874872152 71.10000000000001
712 0.2356592736549213 71.2
713 0.2360924480032977 71.3
714 0.2365271226423124 71.40000000000001
715 0.2369711487770318 71.5
716 0.2374372530311878 71.60000000000001
717 0.2379188485141306 71.7
718 0.2384051361894646 71.8
719 0.2388808061573097 71.90000000000001
720 0.2393422760283668 72
721 0.2397984939973695 72.10000000000001
722 0.240263025971671 72.2
723 0.2407372935111929 72.3
724 0.2412310649328991 72.40000000000001
725 0.241732080386331 72.5
726 0.2422361040866337 72.60000000000001
727 0.2427334742898072 72.7
728 0.2432213296552764 72.8
729 0.2437078342436417 72.90000000000001
730 0.2441945722357932 73
731 0.2447000602651564 73.10000000000001
732 0.2452186613900942 73.2
733 0.2457253512683025 73.3
734 0.2461910042064427 73.40000000000001
735 0.2466564487766429 73.5
736 0.2471169101054149 73.60000000000001
737 0.2475796326156539 73.7
738 0.2480575935699145 73.8
739 0.2485336912639449 73.90000000000001
740 0.2490095454136245 74
741 0.2494923341559905 74.10000000000001
742 0.2499821748364381 74.2
743 0.2504722772828684 74.3
744 0.2509669775982182 74.40000000000001
745 0.2514769102730128 74.5
746 0.252016117339829 74.60000000000001
747 0.2525681289730195 74.7
748 0.2531077602054846 74.8
749 0.2536127894952389 74.90000000000001
750 0.2540908860138962 75
751 0.2545626847375367 75.10000000000001
752 0.2550407467458713 75.2
753 0.2555274372514924 75.3
754 0.2560349188570935 75.40000000000001
755 0.2565500353122337 75.5
756 0.2570709374668813 75.60000000000001
757 0.2575965848211597 75.7
758 0.2581166953513091 75.8
759 0.2586520315416458 75.90000000000001
760 0.2591956898323156 76
761 0.2597305335009166 76.10000000000001
762 0.2602803276041394 76.2
763 0.2608307188771666 76.3
764 0.2613941222399175 76.40000000000001
765 0.2619449695318264 76.5
766 0.2624782637632605 76.60000000000001
767 0.2630058834508603 76.7
768 0.2635315696968099 76.80000000000001
769 0.2640528028825686 76.90000000000001
770 0.2645724989660683 77
771 0.2650796840393038 77.10000000000001
772 0.2655770469706157 77.2
773 0.2660595946758224 77.30000000000001
774 0.2665221071349623 77.40000000000001
775 0.2669767049426855 77.5
776 0.2674286109057927 77.60000000000001
777 0.267885888346871 77.7
778 0.2683556951815069 77.80000000000001
779 0.268837356601624 77.90000000000001
780 0.2693256902091635 78
781 0.2698139716206647 78.10000000000001
782 0.270293817409716 78.2
783 0.2707664643685743 78.30000000000001
784 0.2712285370792565 78.40000000000001
785 0.2717006069087541 78.5
786 0.2721682855983195 78.60000000000001
787 0.272626027511402 78.7
788 0.2730992768402727 78.80000000000001
789 0.2735946872769583 78.90000000000001
790 0.274102841787294 79
791 0.2746031125511031 79.10000000000001
792 0.2751053412818842 79.2
793 0.275610342028164 79.30000000000001
794 0.2761058229902459 79.40000000000001
795 0.2765874097259579 79.5
796 0.2770629551823769 79.60000000000001
797 0.2775431882337509 79.7
798 0.2780221508088903 79.80000000000001
799 0.2784985607512349 79.90000000000001
800 0.2789818629915891 80
801 0.2794647708963413 80.10000000000001
802 0.279942328940396 80.2
803 0.2804169107074375 80.30000000000001
804 0.2808898638430019 80.40000000000001
805 0.281353639679183 80.5
806 0.2818212399244901 80.60000000000001
807 0.2822969685397356 80.7
808 0.2827744768335916 80.80000000000001
809 0.283247779885746 80.90000000000001
810 0.283716964716721 81
811 0.2842086943812795 81.10000000000001
812 0.284714845671236 81.2
813 0.2852240718661001 81.30000000000001
814 0.2857379206298073 81.40000000000001
815 0.2862164481789743 81.5
816 0.286681992441124 81.60000000000001
817 0.287148316796889 81.7
818 0.2876208068149199 81.80000000000001
819 0.2880952226667904 81.90000000000001
820 0.2885914576764282 82
821 0.2890698785750445 82.10000000000001
822 0.2895031137110186 82.2
823 0.289942966276676 82.30000000000001
824 0.2903969330516587 82.40000000000001
825 0.29086503131189 82.5
826 0.2913340905320126 82.60000000000001
827 0.2917853260647741 82.7
828 0.2922450738597271 82.80000000000001
829 0.2927157148964298 82.90000000000001
830 0.2931932082371953 83
831 0.2936714294317354 83.10000000000001
832 0.294154325527714 83.2
833 0.2946412250628244 83.30000000000001
834 0.295150269075835 83.40000000000001
835 0.2956762061481827 83.5
836 0.2962269370170275 83.60000000000001
837 0.2967812160296077 83.7
838 0.2973093047028426 83.80000000000001
839 0.2978291767358572 83.90000000000001
840 0.2983478064110893 84
841 0.298872211908948 84.10000000000001
842 0.2993886709878766 84.2
843 0.2998988252218936 84.30000000000001
844 0.3003825865292122 84.40000000000001
845 0.3008717678301245 84.5
846 0.3013631512847545 84.60000000000001
847 0.3018447604667779 84.7
848 0.3023212177078483 84.80000000000001
849 0.3027901140431552 84.90000000000001
850 0.3032440557582624 85
851 0.3036839692710206 85.10000000000001
852 0.3041055308372076 85.2
853 0.3045220516460594 85.30000000000001
854 0.3049462327864689 85.40000000000001
855 0.305372347024465 85.5
856 0.305808140392465 85.60000000000001
857 0.3062456058515631 85.7
858 0.3066939487682875 85.80000000000001
859 0.3071323549391796 85.90000000000001
860 0.307580363658759 86
861 0.3080242350889655 86.10000000000001
862 0.3084691361173379 86.2
863 0.3089208326124195 86.30000000000001
864 0.3093662249431756 86.40000000000001
865 0.3098116395812641 86.5
866 0.3102644111607673 86.60000000000001
867 0.3107333599570218 86.7
868 0.3112038135191904 86.80000000000001
869 0.3116687233142567 86.90000000000001
870 0.3121542527440034 87
871 0.3126436277037338 87.10000000000001
872 0.3130818999477064 87.2
873 0.3135016467990462 87.30000000000001
874 0.3139255528586176 87.40000000000001
875 0.3143496036342216 87.5
876 0.3147904905214006 87.60000000000001
877 0.3152445121717821 87.7
878 0.3156806141006985 87.80000000000001
879 0.3161013237339346 87.90000000000001
880 0.3165231584939681 88
881 0.3169449324217207 88.10000000000001
882 0.3173774045639642 88.2
883 0.3178118060935355 88.30000000000001
884 0.3182414245638135 88.40000000000001
885 0.3186565999389243 88.5
886 0.3190788889827954 88.60000000000001
887 0.3195193154734001 88.7
888 0.3199562307190714 88.80000000000001
889 0.3203920521538237 88.90000000000001
890 0.3208359337487062 89
891 0.3212781285857225 89.10000000000001
892 0.3217292056454493 89.2
893 0.3221844983173371 89.30000000000001
894 0.322664760751982 89.40000000000001
895 0.3231461591887346 89.5
896 0.3236183889200573 89.60000000000001
897 0.3240827304702998 89.7
898 0.3245495493308764 89.80000000000001
899 0.3250278713052247 89.90000000000001
900 0.3255286155782168 90
901 0.3260242298166753 90.10000000000001
902 0.3265062678980603 90.2
903 0.3269851293661113 90.30000000000001
904 0.3274449829931345 90.40000000000001
905 0.3279122802865916 90.5
906 0.3283943915707704 90.60000000000001
907 0.3288844379139688 90.7
908 0.3293841127360626 90.80000000000001
909 0.3298622084874617 90.90000000000001
910 0.3303497399713211 91
911 0.3308497572662117 91.10000000000001
912 0.3313647428079481 91.2
913 0.3318818351563075 91.30000000000001
914 0.3323990833925926 91.40000000000001
915 0.3329074852395995 91.5
916 0.3333986905765919 91.60000000000001
917 0.3339026888141764 91.7
918 0.3344236742162006 91.80000000000001
919 0.3349535337457461 91.90000000000001
920 0.3354551488087679 92
921 0.3359395849924721 92.10000000000001
922 0.3364036617414472 92.2
923 0.3368664711716174 92.30000000000001
924 0.3373332203848979 92.40000000000001
925 0.3378158942748052 92.5
926 0.3383047299078434 92.60000000000001
927 0.3387971643204156 92.7
928 0.3393124574895398 92.80000000000001
929 0.3398482854610311 92.90000000000001
930 0.3403890788379597 93
931 0.3409235172381082 93.10000000000001
932 0.3414487750201145 93.2
933 0.3419912674388729 93.30000000000001
934 0.3425216778811099 93.40000000000001
935 0.3430505197182364 93.5
936 0.3435734343578087 93.60000000000001
937 0.3441040310902941 93.7
938 0.3446362642694167 93.80000000000001
939 0.3451852520817092 93.90000000000001
940 0.3457500750803846 94
941 0.3463415006960606 94.10000000000001
942 0.3469457201410864 94.2
943 0.3475677712385625 94.30000000000001
944 0.3482230159604339 94.40000000000001
945 0.3488958003757963 94.5
946 0.3495772353635097 94.60000000000001
947 0.3501915638157724 94.7
948 0.3507943381061226 94.80000000000001
949 0.3514176999309431 94.90000000000001
950 0.3520094708478668 95
951 0.3525360816774961 95.10000000000001
952 0.3530425282367111 95.2
953 0.3535504361896438 95.30000000000001
954 0.3540703310422242 95.40000000000001
955 0.354588384906236 95.5
956 0.3551056547001242 95.60000000000001
957 0.3556056444260693 95.7
958 0.3561055104683115 95.80000000000001
959 0.356589705013178 95.90000000000001
960 0.3570843966015916 96
961 0.3575817642592743 96.10000000000001
962 0.358069833209628 96.2
963 0.3585343832343021 96.30000000000001
964 0.3589880547751115 96.40000000000001
965 0.3594586103548713 96.5
966 0.3599352243536019 96.60000000000001
967 0.3604449742468863 96.7
968 0.3609588059940068 96.80000000000001
969 0.3614502727827734 96.90000000000001
970 0.3619553138090488 97
971 0.3624947578466673 97.10000000000001
972 0.3630631562857782 97.2
973 0.3636349261770765 97.30000000000001
974 0.3641383486006972 97.40000000000001
975 0.3646039349175536 97.5
976 0.3650776197473984 97.60000000000001
977 0.3655424720673521 97.7
978 0.3659748716646888 97.80000000000001
979 0.3664129567990094 97.90000000000001
980 0.3668583505544665 98
981 0.3672871762011168 98.10000000000001
982 0.36769220154258 98.2
983 0.3680852887975271 98.30000000000001
984 0.3684718465095251 98.40000000000001
985 0.36886895897942 98.5
986 0.3692705705761756 98.60000000000001
987 0.3696561067542621 98.7
988 0.3700407119156592 98.80000000000001
989 0.3704207924997654 98.90000000000001
990 0.370800586779604 99
991 0.3711931029538175 99.10000000000001
992 0.3715946284002875 99.2
993 0.3720125691998924 99.30000000000001
994 0.3724603117347867 99.40000000000001
995 0.3729286972902239 99.5
996 0.3733993228256345 99.60000000000001
997 0.3738896181338108 99.7
998 0.3743849102033637 99.80000000000001
999 0.3748570915558743 99.90000000000001
1000 0.3753405645585061 100
1001 0.3758276461346627 100.1
1002 0.376268316261753 100.2
1003 0.3767061855525934 100.3
1004 0.3771453597504995 100.4
1005 0.3775786893544528 100.5
1006 0.3780097331215224 100.6
1007 0.3784179195604289 100.7
1008 0.378847332211397 100.8
1009 0.3792877205102069 100.9
1010 0.3797171986681244 101
1011 0.3801769298791441 101.1
1012 0.3806673161315977 101.2
1013 0.3811757432212663 101.3
1014 0.3816505481311915 101.4
1015 0.3821203182993099 101.5
1016 0.3825852953111343 101.6
1017 0.3830468019643407 101.7
1018 0.3834971262265692 101.8
1019 0.3839361096332651 101.9
1020 0.3843580277361456 102
1021 0.384767293442508 102.1
1022 0.3851925427912108 102.2
1023 0.3856139573149432 102.3
1024 0.3860485538024077 102.4
1025 0.3864986944043792 102.5
1026 0.3869645682465385 102.6
1027 0.3874364488423194 102.7
1028 0.3879193973535043 102.8
1029 0.3883955886732172 102.9
1030 0.3888268276277973 103
1031 0.3892735709610604 103.1
1032 0.3897100931105871 103.2
1033 0.3901375896503581 103.3
1034 0.3905567196460245 103.4
1035 0.39097254375787 103.5
1036 0.3913838196687637 103.6
1037 0.3917813617229551 103.7
1038 0.3921771028083631 103.8
1039 0.3925951193392237 103.9
1040 0.3930100557087293 104
1041 0.393436025044673 104.1
1042 0.3938799278296826 104.2
1043 0.3943389295465681 104.3
1044 0.394797789242326 104.4
1045 0.3952522825115958 104.5
1046 0.3956955085586469 104.6
1047 0.396130878013328 104.7
1048 0.3965632820523448 104.8
1049 0.3969751934906513 104.9
1050 0.3973724099329298 105
1051 0.3977829724824772 105.1
1052 0.3982041143144148 105.2
1053 0.3986652999999808 105.3
1054 0.3991062800164111 105.4
1055 0.3995710637160144 105.5
1056 0.4000755772185742 105.6
1057 0.400522071229075 105.7
1058 0.4009566996692711 105.8
1059 0.4013917171014666 105.9
1060 0.4018261025127177 106
1061 0.4022674258309987 106.1
1062 0.4027296402425768 106.2
1063 0.4031962817636924 106.3
1064 0.4036762708452818 106.4
1065 0.4041624532563332 106.5
1066 0.4046252894605613 106.6
1067 0.4050723536268074 106.7
1068 0.4055279239265671 106.8
1069 0.4059514925567548 106.9
1070 0.4063692759729032 107
1071 0.4067729216713765 107.1
1072 0.4071834151136635 107.2
1073 0.4075996622623771 107.3
1074 0.4080212177602066 107.4
1075 0.4084553866684071 107.5
1076 0.4089012652056153 107.6
1077 0.409336672868681 107.7
1078 0.4097764758967242 107.8
1079 0.4102838570285212 107.9
1080 0.4108287325642455 108
1081 0.4113530956673724 108.1
1082 0.411851219834122 108.2
1083 0.4123678631064279 108.3
1084 0.4129005363356927 108.4
1085 0.4133803385574794 108.5
1086 0.4138155584949795 108.6
1087 0.4142141680116243 108.7
1088 0.4145972625226378 108.8
1089 0.4149928316989638 108.9
1090 0.4153884835999875 109
1091 0.4157856185881232 109.1
1092 0.4161919131145079 109.2
1093 0.4166078853132296 109.3
1094 0.4170375609809996 109.4
1095 0.4174736331900446 109.5
1096 0.4179245181889057 109.6
1097 0.4184045012782492 109.7
1098 0.4189206710809442 109.8
1099 0.4194346109783035 109.9
1100 0.4199536312282003 110
1101 0.4204763204194077 110.1
1102 0.4210003299373608 110.2
1103 0.4215839891968475 110.3
1104 0.4221262007920003 110.4
1105 0.4226282057769907 110.5
1106 0.4231643068216449 110.6
1107 0.4237195762474495 110.7
1108 0.4242447376193366 110.8
1109 0.4247516569626811 110.9
1110 0.4252693504134007 111
1111 0.4257779859987001 111.1
1112 0.4262623328121953 111.2
1113 0.4267038141330729 111.3
1114 0.4271344408458455 111.4
1115 0.4275441156899293 111.5
1116 0.4279586176399306 111.6
1117 0.428387814860091 111.7
1118 0.428807472127682 111.8
1119 0.4292080236433346 111.9
1120 0.4296322913491554 112
1121 0.4301042493864944 112.1
1122 0.4305779237564474 112.2
1123 0.4310616778775009 112.3
1124 0.431522627032395 112.4
1125 0.432014032864444 112.5
1126 0.4324819159671829 112.6
1127 0.4329123096464216 112.7
1128 0.4333062522192046 112.8
1129 0.4336938383349949 112.9
1130 0.434080684076419 113
1131 0.4344540381746915 113.1
1132 0.4348396687839641 113.2
1133 0.4352276018056103 113.3
1134 0.4355855359990557 113.4
1135 0.4359433558291364 113.5
1136 0.4363150193369434 113.6
1137 0.436718750372475 113.7
1138 0.4370512804715151 113.8
1139 0.4374010765633939 113.9
1140 0.4377646787342208 114
1141 0.4380827790630623 114.1
1142 0.4383884419045274 114.2
1143 0.4386888714942426 114.3
1144 0.4390084191305651 114.4
1145 0.4393513769049927 114.5
1146 0.439677819503992 114.6
1147 0.4399819196816491 114.7
1148 0.4402867008714094 114.8
1149 0.4406154508026221 114.9
1150 0.4409440326205379 115
1151 0.4412288424884679 115.1
1152 0.4414633503916819 115.2
1153 0.4417237409452792 115.3
1154 0.4420233934478874 115.4
1155 0.442312772055772 115.5
1156 0.4426270876213571 115.6
1157 0.4429804084839173 115.7
1158 0.4433694017712088 115.8
1159 0.4437620856835494 115.9
1160 0.4441346173936249 116
1161 0.4445708949306341 116.1
1162 0.4450298965397921 116.2
1163 0.445380034622782 116.3
1164 0.4456874663541264 116.4
1165 0.4460111200982901 116.5
1166 0.4463386316925387 116.6
1167 0.4466781162032239 116.7
1168 0.4470015601490163 116.8
1169 0.4473171741023569 116.9
1170 0.447636441387404 117
1171 0.4479758727232853 117.1
1172 0.4483069165793254 117.2
1173 0.4486311737735059 117.3
1174 0.4489385762819804 117.4
1175 0.4492191034870228 117.5
1176 0.449463257534331 117.6
1177 0.4497022039334096 117.7
1178 0.4499501115121152 117.8
1179 0.4502210693789958 117.9
1180 0.4505462385220486 118
1181 0.4508652941423418 118.1
1182 0.4512022023015084 118.2
1183 0.451519012921796 118.3
1184 0.4518356069610289 118.4
1185 0.4521298607564671 118.5
1186 0.4523799437887434 118.6
1187 0.4526318295031377 118.7
1188 0.4528939458529124 118.8
1189 0.453173370058033 118.9
1190 0.4534838945815109 119
1191 0.4537690803300952 119.1
1192 0.4540478455345301 119.2
1193 0.4543410547247007 119.3
1194 0.4546503151480606 119.4
1195 0.4549179094645613 119.5
1196 0.4551717875396472 119.6
1197 0.4554326995744869 119.7
1198 0.4556904028322933 119.8
1199 0.4559443197961691 119.9
1200 0.4562039983953258 120
1201 0.4564932738470618 120.1
1202 0.4567843978873453 120.2
1203 0.4570841265461293 120.3
1204 0.4574219512144858 120.4
1205 0.4577593248960887 120.5
1206 0.458055297265514 120.6
1207 0.4583202736316817 120.7
1208 0.4585589811322542 120.8
1209 0.458809311830488 120.9
1210 0.4590642695219884 121
1211 0.4593300051799576 121.1
1212 0.4596170619784964 121.2
1213 0.4599626702224321 121.3
1214 0.4602765242382336 121.4
1215 0.4605656822861978 121.5
1216 0.4608509399153186 121.6
1217 0.4611320174099118 121.7
1218 0.4614145648475583 121.8
1219 0.4617418460528158 121.9
1220 0.4620443583303965 122
1221 0.4623293305168508 122.1
1222 0.4626225124274945 122.2
1223 0.4628919190343757 122.3
1224 0.4631616447473016 122.4
1225 0.4634398908220834 122.5
1226 0.4637038712629312 122.6
1227 0.4639360496079769 122.7
1228 0.4641940612570561 122.8
1229 0.464405673861965 122.9
1230 0.4646299587603962 123
1231 0.4648452689915597 123.1
1232 0.4650507328331766 123.2
1233 0.4652608292199085 123.3
1234 0.4654762491500873 123.4
1235 0.4657080465723462 123.5
1236 0.4659678384148773 123.6
1237 0.4662475949988805 123.7
1238 0.4665170421023196 123.8
1239 0.4667967286467248 123.9
1240 0.4670631838761479 124
1241 0.4673301166678414 124.1
1242 0.4676157600083787 124.2
1243 0.4679471835219337 124.3
1244 0.4682599161302645 124.4
1245 0.4685686838690898 124.5
1246 0.4688350789910144 124.6
1247 0.4691024543506255 124.7
1248 0.4693851817007948 124.8
1249 0.4696672379266762 124.9
1250 0.4699366395181954 125
1251 0.4701894443235843 125.1
1252 0.4703945127524815 125.2
1253 0.4706141565291984 125.3
1254 0.4708562281759789 125.4
1255 0.4711065603051203 125.5
1256 0.4713732631830981 125.6
1257 0.4716568927847239 125.7
1258 0.4719308466776732 125.8
1259 0.4721939666995955 125.9
1260 0.4724316371784068 126
1261 0.4726691232358112 126.1
1262 0.4729309648698084 126.2
1263 0.4731994253895913 126.3
1264 0.4734589584541364 126.4
1265 0.4736793062423675 126.5
1266 0.4738843414542431 126.6
1267 0.4741024083846404 126.7
1268 0.4743536926991158 126.8
1269 0.4746161424031613 126.9
1270 0.4748453805674453 127
1271 0.475090372327476 127.1
1272 0.4753566239027642 127.2
1273 0.4756524687569615 127.3
1274 0.4759387431356219 127.4
1275 0.4762424224451863 127.5
1276 0.4765252646853378 127.6
1277 0.4768523764079343 127.7
1278 0.4771736244420404 127.8
1279 0.47742919979678 127.9
1280 0.4776718336304331 128
1281 0.4779323233739665 128.1
1282 0.47817870804492 128.2
1283 0.4784441276810614 128.3
1284 0.4787320644242878 128.4
1285 0.4790023833139611 128.5
1286 0.4792432024566964 128.6
1287 0.4794902930385709 128.7
1288 0.479738907320352 128.8
1289 0.4799923487687068 128.9
1290 0.4802544853494998 129
1291 0.4805306711160136 129.1
1292 0.4808104746133068 129.2
1293 0.4811145370714402 129.3
1294 0.4814829626266042 129.4
1295 0.4818469846430283 129.5
1296 0.4821485406802449 129.6
1297 0.4824274796481853 129.7
1298 0.4827074494447317 129.8
1299 0.4829921792195089 129.9
1300 0.4832783406343205 130
1301 0.4835563759975504 130.1
1302 0.4838451077840632 130.2
1303 0.4841717280814595 130.3
1304 0.4845334136066695 130.4
1305 0.4848777402227671 130.5
1306 0.48516429420709 130.6
1307 0.4854592803903667 130.7
1308 0.4857873032533996 130.8
1309 0.4860815470612185 130.9
1310 0.4863769637189432 131
1311 0.4866903238378551 131.1
1312 0.4869723979567974 131.2
1313 0.4871998236695817 131.3
1314 0.4874537613773816 131.4
1315 0.4877189203280068 131.5
1316 0.4879883193349926 131.6
1317 0.4882636648575236 131.7
1318 0.4885556663815389 131.8
1319 0.4888608243006561 131.9
1320 0.4891466695360222 132
1321 0.4894265736319249 132.1
1322 0.489724436018204 132.2
1323 0.4900578030994566 132.3
1324 0.4904023595169323 132.4
1325 0.4907133963330814 132.5
1326 0.491003385007309 132.6
1327 0.4913106894564048 132.7
1328 0.4916544801904144 132.8
1329 0.4919773754848447 132.9
1330 0.4922488331825103 133
1331 0.4925269889419573 133.1
1332 0.492844141007211 133.2
1333 0.4931773813340666 133.3
1334 0.4935108731815919 133.4
1335 0.4937810324778539 133.5
1336 0.494037906964399 133.6
1337 0.4943102467291646 133.7
1338 0.4945937863576417 133.8
1339 0.4948883181760077 133.9
1340 0.495191127232637 134
1341 0.4954934196602079 134.1
1342 0.4958136229062386 134.2
1343 0.4961859932777168 134.3
1344 0.4964932932983939 134.4
1345 0.4966673808039798 134.5
1346 0.4968655810667528 134.6
1347 0.4970762563872868 134.7
1348 0.4972923957211861 134.8
1349 0.4975203269866553 134.9
1350 0.4977742102769555 135
1351 0.4980569454379561 135.1
1352 0.4983701961334717 135.2
1353 0.4987180538124112 135.3
1354 0.4990811860868076 135.4
1355 0.499451586150539 135.5
1356 0.499738885875584 135.6
1357 0.5000264229848868 135.7
1358 0.5003309362230931 135.8
1359 0.5006102734603809 135.9
1360 0.500879600609725 136
1361 0.5011688555167241 136.1
1362 0.5014729964896444 136.2
1363 0.5017742452115537 136.3
1364 0.5020474737299851 136.4
1365 0.5023325613067149 136.5
1366 0.5026419930099378 136.6
1367 0.5028917597051937 136.7
1368 0.5031420691598812 136.8
1369 0.503389526981059 136.9
1370 0.5036019984919996 137
1371 0.5038356601345565 137.1
1372 0.5040812162166934 137.2
1373 0.5043530198924749 137.3
1374 0.5046267515208065 137.4
1375 0.5048834236689125 137.5
1376 0.505134822652832 137.6
1377 0.5053802682838242 137.7
1378 0.5056505922729343 137.8
1379 0.5059379268732134 137.9
1380 0.5062481420356724 138
1381 0.506550661234946 138.1
1382 0.5068289960908579 138.2
1383 0.5071449144125076 138.3
1384 0.5074395777046098 138.4
1385 0.5077311945549754 138.5
1386 0.5080177958949732 138.6
1387 0.5082829346925015 138.7
1388 0.5085450556392642 138.8
1389 0.5088090410014222 138.9
1390 0.5090764089317269 139
1391 0.509372626793412 139.1
1392 0.5097112986399267 139.2
1393 0.5100706383705662 139.3
1394 0.510455279855476 139.4
1395 0.5108187265398939 139.5
1396 0.5111733540440208 139.6
1397 0.5115181240215162 139.7
1398 0.5118776571134049 139.8
1399 0.5122984998142338 139.9
1400 0.5126310359678474 140
1401 0.512908828098388 140.1
1402 0.5131597581417867 140.2
1403 0.5134206953811152 140.3
1404 0.5137028675476168 140.4
1405 0.5139703180328082 140.5
1406 0.5142187821664764 140.6
1407 0.5144703031571819 140.7
1408 0.5147157418457138 140.8
1409 0.5149880213935778 140.9
1410 0.5152558063768564 141
1411 0.5154850001650174 141.1
1412 0.5156841544021237 141.2
1413 0.5158956787202241 141.3
1414 0.5161499260141852 141.4
1415 0.5164466979981353 141.5
1416 0.5167775067399327 141.6
1417 0.5171426174695736 141.7
1418 0.5174465853955762 141.8
1419 0.5177058259419101 141.9
1420 0.5180140532606049 142
1421 0.5183564737367489 142.1
1422 0.5187167997664272 142.2
1423 0.5190659800173748 142.3
1424 0.5194005491763205 142.4
1425 0.5198049105270177 142.5
1426 0.5202496059556532 142.6
1427 0.5205595895837096 142.7
1428 0.5208105034355459 142.8
1429 0.5210745078734901 142.9
1430 0.521369061898319 143
1431 0.5216461356450561 143.1
1432 0.5218917674142879 143.2
1433 0.5221420567560375 143.3
1434 0.5223963211235776 143.4
1435 0.5226414940678038 143.5
1436 0.5228852225282745 143.6
1437 0.5231482413567695 143.7
1438 0.5233832632124621 143.8
1439 0.5236252595918761 143.9
1440 0.5238622975322976 144
1441 0.5240609644153454 144.1
1442 0.5242657434157719 144.2
1443 0.524498148013184 144.3
1444 0.5247461554369434 144.4
1445 0.5250065316825386 144.5
1446 0.5253187796447589 144.6
1447 0.5256136864515006 144.7
1448 0.5258570809903395 144.8
1449 0.5260963585449929 144.9
1450 0.5263554133358889 145
1451 0.5266034737230959 145.1
1452 0.5268543356035021 145.2
1453 0.5271473116346134 145.3
1454 0.5275049095861778 145.4
1455 0.5278817181147715 145.5
1456 0.5282408441954636 145.6
1457 0.5286297568065759 145.7
1458 0.5289917302800973 145.8
1459 0.5293757408230663 145.9
1460 0.5297904663871519 146
1461 0.5301315964584292 146.1
1462 0.5304676911644839 146.2
1463 0.5308231480519767 146.3
1464 0.5311649835327453 146.4
1465 0.5315522883609834 146.5
1466 0.531935422803016 146.6
1467 0.5322979356091788 146.7
1468 0.532588940109154 146.8
1469 0.5328595183166964 146.9
1470 0.533170969133131 147
1471 0.5334899974188883 147.1
1472 0.5337772220997433 147.2
1473 0.5340275999120295 147.3
1474 0.5342733282760186 147.4
1475 0.5345103771304556 147.5
1476 0.5347603940992744 147.6
1477 0.5350371732121907 147.7
1478 0.5353397892628865 147.8
1479 0.5356600941921617 147.9
1480 0.5359974899503648 148
1481 0.5362959210868874 148.1
1482 0.5365627419320774 148.2
1483 0.5368114128116513 148.3
1484 0.5370604016153574 148.4
1485 0.537336255168162 148.5
1486 0.537641823777275 148.6
1487 0.5379639665206382 148.7
1488 0.5383470535766141 148.8
1489 0.5387057769296462 148.9
1490 0.5390089706974825 149
1491 0.5392316707719513 149.1
1492 0.5394912419043505 149.2
1493 0.5397065642755879 149.3
1494 0.5399137512617032 149.4
1495 0.5401557149606752 149.5
1496 0.5404044365842393 149.6
1497 0.5406857387413079 149.7
1498 0.5410289930654973 149.8
1499 0.5414058676267287 149.9
1500 0.5417477306595632 150
1501 0.5420452004088466 150.1
1502 0.5423361560461111 150.2
1503 0.5426831332590861 150.3
1504 0.5430886491118017 150.4
1505 0.5434494881608419 150.5
1506 0.5438380904112471 150.6
1507 0.5442336005950469 150.7
1508 0.5445523122332472 150.8
1509 0.5448990797040099 150.9
1510 0.5452717376351796 151
1511 0.545672349623587 151.1
1512 0.5460543371304906 151.2
1513 0.5463292096271948 151.3
1514 0.5466044390558972 151.4
1515 0.5468477789266177 151.5
1516 0.5470938422488388 151.6
1517 0.5473655039051121 151.7
1518 0.5475605905809269 151.8
1519 0.5477748363747862 151.9
1520 0.5480081892884261 152
1521 0.5482765822753954 152.1
1522 0.5485617859441692 152.2
1523 0.5488679896674693 152.3
1524 0.5491763572154995 152.4
1525 0.5494480019651534 152.5
1526 0.5497161644663563 152.6
1527 0.5499871604853456 152.7
1528 0.5502914404592852 152.8
1529 0.5506362940806496 152.9
1530 0.5510009039431558 153
1531 0.5513595804367286 153.1
1532 0.5517114251068369 153.2
1533 0.5520958611016246 153.3
1534 0.5524737484800035 153.4
1535 0.552683821370289 153.5
1536 0.5528871807504975 153.6
1537 0.5531199705941818 153.7
1538 0.5533953629884065 153.8
1539 0.55370191105477 153.9
1540 0.5540016605726492 154
1541 0.5543035509201545 154.1
1542 0.5545702516620046 154.2
1543 0.5548414234447123 154.3
1544 0.5551570738476768 154.4
1545 0.5554654805940004 154.5
1546 0.5557569768215079 154.6
1547 0.5560511176213266 154.7
1548 0.5563706164937977 154.8
1549 0.5566681343662181 154.9
1550 0.556887316377683 155
1551 0.5571410238166998 155.1
1552 0.5574270335424767 155.2
1553 0.5577785077990918 155.3
1554 0.5581649314766648 155.4
1555 0.5585929024794116 155.5
1556 0.5590163886927414 155.6
1557 0.5594499584242048 155.7
1558 0.5597895901143897 155.8
1559 0.5600348030113468 155.9
1560 0.5602862953160469 156
1561 0.5605571906499824 156.1
1562 0.5608402546034489 156.2
1563 0.5611352804696754 156.3
1564 0.5614898714148094 156.4
1565 0.5618696878564859 156.5
1566 0.5621912544042666 156.6
1567 0.562544442860816 156.7
1568 0.562934392219389 156.8
1569 0.5633037247360611 156.9
1570 0.5635922396600672 157
1571 0.5638595945927479 157.1
1572 0.5641463298610485 157.2
1573 0.5645084930594938 157.3
1574 0.5648827941567615 157.4
1575 0.5651991590428955 157.5
1576 0.5655156944122482 157.6
1577 0.565865327617609 157.7
1578 0.5662471111012133 157.8
1579 0.5666639092211528 157.9
1580 0.5671103952510425 158
1581 0.5673913977163865 158.1
1582 0.5676597416990316 158.2
1583 0.5679340954986538 158.3
1584 0.56822377467945 158.4
1585 0.5685318625109047 158.5
1586 0.5688504578727709 158.6
1587 0.5691861715420862 158.7
1588 0.5695447528264047 158.8
1589 0.569918099170756 158.9
1590 0.5702352173496502 159
1591 0.5705378615946721 159.1
1592 0.5708568855038456 159.2
1593 0.5711943382522358 159.3
1594 0.5715494034812318 159.4
1595 0.5718744919923384 159.5
1596 0.5722276651687804 159.6
1597 0.5725977571402164 159.7
1598 0.5729888024756815 159.8
1599 0.5733812098530711 159.9
1600 0.5738240372940097 160
1601 0.5743406858019989 160.1
1602 0.5748710479811958 160.2
1603 0.5754233375369526 160.3
1604 0.5759379088601499 160.4
1605 0.5763004665709817 160.5
1606 0.5765719012912597 160.6
1607 0.5768105895928987 160.7
1608 0.5771333313845531 160.8
1609 0.5774694322163544 160.9
1610 0.5778027740857847 161
1611 0.578115077003642 161.1
1612 0.5784238749426934 161.2
1613 0.5787250722133247 161.3
1614 0.5790190217081023 161.4
1615 0.5793018156788399 161.5
1616 0.5795762668811011 161.6
1617 0.579881095935569 161.7
1618 0.5801801089395825 161.8
1619 0.5804647711220667 161.9
1620 0.5807593063238407 162
1621 0.5810567719411891 162.1
1622 0.5813378571105055 162.2
1623 0.5816157993941489 162.3
1624 0.5818925552786023 162.4
1625 0.5821791159399868 162.5
1626 0.5824780590651827 162.6
1627 0.5827838981712979 162.7
1628 0.5830888093509802 162.8
1629 0.5834325938397037 162.9
1630 0.5837823571067714 163
1631 0.584104954173002 163.1
1632 0.5844427157856004 163.2
1633 0.5847432181887546 163.3
1634 0.5850559503932994 163.4
1635 0.5853842881427574 163.5
1636 0.5857256534332109 163.6
1637 0.5861119251583546 163.7
1638 0.5865033696873899 163.8
1639 0.5868945014869725 163.9
1640 0.587282432949692 164
1641 0.5876467698232634 164.1
1642 0.5879016497850524 164.2
1643 0.5881796391543498 164.3
1644 0.5884757581685252 164.4
1645 0.588755991345482 164.5
1646 0.5890505692589362 164.6
1647 0.5893529914332755 164.7
1648 0.5896448302563746 164.8
1649 0.5899661159500761 164.9
1650 0.5902929371925268 165
1651 0.5906245755969881 165.1
1652 0.5909584880578337 165.2
1653 0.5912995390952627 165.3
1654 0.5916392684803476 165.4
1655 0.5919653573185102 165.5
1656 0.5922737652703098 165.6
1657 0.5925979581679 165.7
1658 0.5929218326144746 165.8
1659 0.5932437074907227 165.9
1660 0.5935529880735484 166
1661 0.5938568882998868 166.1
1662 0.5941757281010596 166.2
1663 0.5945069350718515 166.3
1664 0.594831717879352 166.4
1665 0.595105832751548 166.5
1666 0.5954142820379387 166.6
1667 0.5957169732768112 166.7
1668 0.5960083030537202 166.8
1669 0.596298325799421 166.9
1670 0.5966203286161073 167
1671 0.5969567831693059 167.1
1672 0.5972911660252165 167.2
1673 0.5976123224678469 167.3
1674 0.5979100801899869 167.4
1675 0.5982232867037157 167.5
1676 0.5985543909171319 167.6
1677 0.5989056558216496 167.7
1678 0.5992501603008351 167.8
1679 0.5995819459528863 167.9
1680 0.5999115055250154 168
1681 0.6002197575798636 168.1
1682 0.600549357833248 168.2
1683 0.6008724673896197 168.3
1684 0.6012046860649298 168.4
1685 0.6015598666459044 168.5
1686 0.6018999929477918 168.6
1687 0.6022486527511276 168.7
1688 0.6026023991090164 168.8
1689 0.602939505096215 168.9
1690 0.6032924916133374 169
1691 0.6036269473660951 169.1
1692 0.6039465664527682 169.2
1693 0.6042912729198674 169.3
1694 0.6046133508333197 169.4
1695 0.6049607568691135 169.5
1696 0.6053075471154282 169.6
1697 0.6056542878092487 169.7
1698 0.606010902856617 169.8
1699 0.6063613137089426 169.9
1700 0.6067133277827149 170
1701 0.6070665019305727 170.1
1702 0.6073997231688851 170.2
1703 0.6077412901787804 170.3
1704 0.6080911514894659 170.4
1705 0.6084154006039378 170.5
1706 0.6087225884389642 170.6
1707 0.6090277537459804 170.7
1708 0.6093350560459552 170.8
1709 0.6096428095632761 170.9
1710 0.6099734980037123 171
1711 0.6103290418322862 171.1
1712 0.6107284921377594 171.2
1713 0.6110855068364723 171.3
1714 0.6113573984632527 171.4
1715 0.6116420987223593 171.5
1716 0.6119273701875847 171.6
1717 0.6122208074559243 171.7
1718 0.6125380893286028 171.8
1719 0.6128331408228582 171.9
1720 0.6131322762642838 172
1721 0.61344238179405 172.1
1722 0.6137511131877278 172.2
1723 0.61406760688163 172.3
1724 0.6143861023876447 172.4
1725 0.6147450302144111 172.5
1726 0.6151101550939948 172.6
1727 0.6154676830956516 172.7
1728 0.6158214667316777 172.8
1729 0.6161474149418471 172.9
1730 0.6164577676864622 173
1731 0.6168090613566862 173.1
1732 0.6171705729737912 173.2
1733 0.6175047650375965 173.3
1734 0.6178238752014971 173.4
1735 0.6181329007084595 173.5
1736 0.6184281276600073 173.6
1737 0.6187272181664167 173.7
1738 0.6190192239560234 173.8
1739 0.6193079897941803 173.9
1740 0.6196073569682478 174
1741 0.6198993883823206 174.1
1742 0.6202045432333539 174.2
1743 0.6204990171251781 174.3
1744 0.6208075355557138 174.4
1745 0.6211265096556915 174.5
1746 0.6214491929099293 174.6
1747 0.6217805822451029 174.7
1748 0.6220564377737463 174.8
1749 0.6223182838193722 174.9
1750 0.6225901154988924 175
1751 0.6228395351713285 175.1
1752 0.6231335250323427 175.2
1753 0.6234387097635135 175.3
1754 0.623730563077148 175.4
1755 0.6240352719989184 175.5
1756 0.6243175904536373 175.6
1757 0.6245909854698981 175.7
1758 0.6248662463955839 175.8
1759 0.625158829353136 175.9
1760 0.6254866108969237 176
1761 0.6258331558621701 176.1
1762 0.6261714892022943 176.2
1763 0.6264490955623981 176.3
1764 0.6267422650464682 176.4
1765 0.6270309271256697 176.5
1766 0.6273065577049426 176.6
1767 0.6275725759247422 176.7
1768 0.6278749782764435 176.8
1769 0.6282166497700513 176.9
1770 0.6285466539389416 177
1771 0.6288976928220128 177.1
1772 0.6292560759968785 177.2
1773 0.6296200585256082 177.3
1774 0.6299892237443067 177.4
1775 0.6303566911481662 177.5
1776 0.6307269960735257 177.6
1777 0.6310821996692126 177.7
1778 0.6313909029860822 177.8
1779 0.6316788221640607 177.9
1780 0.6320008292435464 178
1781 0.632312931074414 178.1
1782 0.6326078081048776 178.2
1783 0.6329250620020194 178.3
1784 0.6332445122367381 178.4
1785 0.6335530433927512 178.5
1786 0.6338816374594803 178.6
1787 0.6342435421122803 178.7
1788 0.634593806186546 178.8
1789 0.634893490870059 178.9
1790 0.6352072049571591 179
1791 0.6355317813799797 179.1
1792 0.635833698719817 179.2
1793 0.6361076462188495 179.3
1794 0.6364233923460989 179.4
1795 0.6367332690546457 179.5
1796 0.6370448920516362 179.6
1797 0.6373711929767069 179.7
1798 0.6376700405101762 179.8
1799 0.6379926832000906 179.9
1800 0.6383078802883239 180
1801 0.6386188677523654 180.1
1802 0.6389554592048752 180.2
1803 0.639275906331589 180.3
1804 0.6395826313549207 180.4
1805 0.6399168655772541 180.5
1806 0.6402516407619067 180.6
1807 0.6405687786938796 180.7
1808 0.6408898009599073 180.8
1809 0.6412133782015408 180.9
1810 0.6414959455645043 181
1811 0.6417751400595902 181.1
1812 0.6420793489034353 181.2
1813 0.642378734755109 181.3
1814 0.6426674889920472 181.4
1815 0.642989710223499 181.5
1816 0.6433444080839313 181.6
1817 0.6436843592852171 181.7
1818 0.6439294527321014 181.8
1819 0.6442177900143712 181.9
1820 0.6445359864957719 182
1821 0.6448278717871486 182.1
1822 0.6451298987228745 182.2
1823 0.6454212115056258 182.3
1824 0.645728089694393 182.4
1825 0.6460660640463007 182.5
1826 0.6464078825484383 182.6
1827 0.6467349598059158 182.7
1828 0.6470811373827394 182.8
1829 0.6474316890876942 182.9
1830 0.6477855417560402 183
1831 0.6481365745540599 183.1
1832 0.6484982614287154 183.2
1833 0.6488465128267265 183.3
1834 0.6492132556545748 183.4
1835 0.6496253896790932 183.5
1836 0.6500333731215174 183.6
1837 0.6504347702423227 183.7
1838 0.6508345516178213 183.8
1839 0.6512104658236417 183.9
1840 0.651575107155004 184
1841 0.6519327777441524 184.1
1842 0.6522698707029482 184.2
1843 0.6525711952285853 184.3
1844 0.6528623022857095 184.4
1845 0.653139272315144 184.5
1846 0.6533815533911652 184.6
1847 0.6536346007587907 184.7
1848 0.6539089890538542 184.8
1849 0.6541810925085968 184.9
1850 0.6544390669413511 185
1851 0.6547048351053015 185.1
1852 0.654970669151554 185.2
1853 0.6552482919805317 185.3
1854 0.6555553910570636 185.4
1855 0.6558188790263142 185.5
1856 0.6560806331487457 185.6
1857 0.6564247498796942 185.7
1858 0.6567363051932988 185.8
1859 0.6570360641863864 185.9
1860 0.6573225484292731 186
1861 0.6576157677268863 186.1
1862 0.6578866402664483 186.2
1863 0.658158202820271 186.3
1864 0.6584528498758916 186.4
1865 0.6587683424298887 186.5
1866 0.6590984910248199 186.6
1867 0.6594239975758375 186.7
1868 0.659749817381644 186.8
1869 0.6600787255349283 186.9
1870 0.6604133602239776 187
1871 0.6607285823541322 187.1
1872 0.661013794175902 187.2
1873 0.6612962728354552 187.3
1874 0.6615396307964649 187.4
1875 0.6617759426390638 187.5
1876 0.6620358635462023 187.6
1877 0.6622970123649894 187.7
1878 0.6625692262978037 187.8
1879 0.6628804033482937 187.9
1880 0.6632066109925872 188
1881 0.6635328891489727 188.1
1882 0.6639206462799848 188.2
1883 0.664279885527856 188.3
1884 0.6645817296871065 188.4
1885 0.6648902472927865 188.5
1886 0.6652317809578725 188.6
1887 0.6655842969223577 188.7
1888 0.6659217320640854 188.8
1889 0.6662439937217997 188.9
1890 0.6665723027003473 189
1891 0.6669281143752863 189.1
1892 0.6672548307487087 189.2
1893 0.6675565911855944 189.3
1894 0.6678781145470645 189.4
1895 0.668181015592808 189.5
1896 0.6684776454019595 189.6
1897 0.6687795800833777 189.7
1898 0.6690472641221251 189.8
1899 0.6693141995128145 189.9
1900 0.6696512208808697 190
1901 0.6700152720652576 190.1
1902 0.6702567471839942 190.2
1903 0.6705004171710116 190.3
1904 0.6707697080362537 190.4
1905 0.6710587126643893 190.5
1906 0.6713479015857599 190.6
1907 0.6716486858557533 190.7
1908 0.6719364194787988 190.8
1909 0.6722072231978645 190.9
1910 0.6724934510960385 191
1911 0.6727893437579181 191.1
1912 0.6731082296837009 191.2
1913 0.6734259365516181 191.3
1914 0.6737574976507277 191.4
1915 0.6741068504386011 191.5
1916 0.6744514232552226 191.6
1917 0.6747899337705866 191.7
1918 0.6751370379450711 191.8
1919 0.675517743513759 191.9
1920 0.6758851155519283 192
1921 0.6762267356671875 192.1
1922 0.6765563420184735 192.2
1923 0.676906395321115 192.3
1924 0.6772635134399652 192.4
1925 0.6775506338866558 192.5
1926 0.6778514159327768 192.6
1927 0.6781898943253203 192.7
1928 0.6785535542869949 192.8
1929 0.678919620347623 192.9
1930 0.6792844312487586 193
1931 0.6797093185036766 193.1
1932 0.6800631210334711 193.2
1933 0.6803775344759008 193.3
1934 0.6806788690587214 193.4
1935 0.6809880975666566 193.5
1936 0.6813099125615305 193.6
1937 0.6816860331309568 193.7
1938 0.682085627247945 193.8
1939 0.6825245740075947 193.9
1940 0.6828302138965655 194
1941 0.6831271512004874 194.1
1942 0.6834619707593516 194.2
1943 0.6838070908708291 194.3
1944 0.6841390065899223 194.4
1945 0.6844909526500523 194.5
1946 0.6848504662814831 194.6
1947 0.685220941237673 194.7
1948 0.6855898511031349 194.8
1949 0.6859351649610572 194.9
1950 0.6863190458754284 195
1951 0.6867125248009248 195.1
1952 0.6870722369133323 195.2
1953 0.6873969634541475 195.3
1954 0.6877192598799295 195.4
1955 0.6880864316136581 195.5
1956 0.6884648227972342 195.6
1957 0.6888317061158399 195.7
1958 0.6891967364419037 195.8
1959 0.6896005802060312 195.9
1960 0.6899071864205664 196
1961 0.6901880951517614 196.1
1962 0.6904779808482111 196.2
1963 0.6907659224482122 196.3
1964 0.691047443099894 196.4
1965 0.6913309022542673 196.5
1966 0.6916322216034297 196.6
1967 0.6919435841147239 196.7
1968 0.6922698419936462 196.8
1969 0.6926063001907312 196.9
1970 0.692938333496574 197
1971 0.6932488325449692 197.1
1972 0.6935687769906864 197.2
1973 0.6938848745304266 197.3
1974 0.6942338098570296 197.4
1975 0.694622011798826 197.5
1976 0.6949935522277567 197.6
1977 0.6952792728323374 197.7
1978 0.6955882175043049 197.8
1979 0.6959161803873957 197.9
1980 0.696254377336861 198
1981 0.6965960789524364 198.1
1982 0.6969049069685369 198.2
1983 0.697222661694716 198.3
1984 0.6975563267967744 198.4
1985 0.6979195057689084 198.5
1986 0.6982568053911226 198.6
1987 0.6985997736221113 198.7
1988 0.6989956463471919 198.8
1989 0.6992856682997183 198.9
1990 0.6996146181091529 199
1991 0.6999355252670969 199.1
1992 0.700249592194466 199.2
1993 0.7005964920756322 199.3
1994 0.7009861922801093 199.4
1995 0.7013641257268783 199.5
1996 0.7017374054949155 199.6
1997 0.7021264952152394 199.7
1998 0.7025039906521844 199.8
1999 0.7028901180119786 199.9
2000 0.7032368896020933 200
2001 0.7036143098329641 200.1
2002 0.704017287134844 200.2
2003 0.7044147493014803 200.3
2004 0.704806687378094 200.4
2005 0.7052565556730025 200.5
2006 0.7056457919860414 200.6
2007 0.7060181245045425 200.7
2008 0.7064062399008736 200.8
2009 0.7067821542155434 200.9
2010 0.7071785824799269 201
2011 0.7075414139688041 201.1
2012 0.7078840779749677 201.2
2013 0.7082387396781122 201.3
2014 0.7086397638724821 201.4
2015 0.7089276518699054 201.5
2016 0.7092505356504638 201.6
2017 0.7096143724884104 201.7
2018 0.7099660403109458 201.8
2019 0.7103242144180577 201.9
2020 0.7106929921160042 202
2021 0.7111260242560875 202.1
2022 0.711547420982486 202.2
2023 0.712020991750445 202.3
2024 0.7124897282596782 202.4
2025 0.7129253657912954 202.5
2026 0.7133393581032124 202.6
2027 0.7137492612811854 202.7
2028 0.7141415119051574 202.8
2029 0.7145276960994398 202.9
2030 0.714918338347551 203
2031 0.7152739044671217 203.1
2032 0.7155880560048109 203.2
2033 0.7159161703589894 203.3
2034 0.7162937544176717 203.4
2035 0.71669415514691 203.5
2036 0.7170245064633076 203.6
2037 0.7173698841895487 203.7
2038 0.7177868196421651 203.8
2039 0.7182062854932302 203.9
2040 0.7184883039547894 204
2041 0.7187982343535371 204.1
2042 0.7191679244909923 204.2
2043 0.7195528168655356 204.3
2044 0.7199289108376911 204.4
2045 0.7202838459061752 204.5
2046 0.720695432265953 204.6
2047 0.7210948858957013 204.7
2048 0.7214943475421078 204.8
2049 0.7219123503731566 204.9
2050 0.722339129899169 205
2051 0.7227845391168767 205.1
2052 0.7231874178149436 205.2
2053 0.7236191112954222 205.3
2054 0.7240457996780627 205.4
2055 0.7244786566577649 205.5
2056 0.7249370245334108 205.6
2057 0.7253876115222573 205.7
2058 0.7258278635180312 205.8
2059 0.7262357863276931 205.9
2060 0.7266495567127079 206
2061 0.7270582158870293 206.1
2062 0.7274502882400334 206.2
2063 0.7278923928983768 206.3
2064 0.7283238011060669 206.4
2065 0.728722633404829 206.5
2066 0.7291523240719315 206.6
2067 0.7296265728587433 206.7
2068 0.7301033282672101 206.8
2069 0.7305480577005227 206.9
2070 0.7309674780616181 207
2071 0.7313852645996132 207.1
2072 0.731799568448672 207.2
2073 0.7321997411296234 207.3
2074 0.7326328658406273 207.4
2075 0.7330294072476822 207.5
2076 0.7334448498851094 207.6
2077 0.7338057608718861 207.7
2078 0.7341767353976192 207.8
2079 0.7345661214586507 207.9
2080 0.7349694794365759 208
2081 0.7353645062547221 208.1
2082 0.7357868500548073 208.2
2083 0.7361818670620378 208.3
2084 0.736557973608273 208.4
2085 0.7369681902259336 208.5
2086 0.7373822480181296 208.6
2087 0.7377970973285154 208.7
2088 0.7382218483353552 208.8
2089 0.7387146917040361 208.9
2090 0.739053489373337 209
2091 0.7393975178470668 209.1
2092 0.7397642470485376 209.2
2093 0.7401491895005897 209.3
2094 0.7405211735912515 209.4
2095 0.7408996784220636 209.5
2096 0.7412888218898753 209.6
2097 0.7416769263601478 209.7
2098 0.7420851128622513 209.8
2099 0.7424671464456029 209.9
2100 0.7428108397054112 210
2101 0.743161428010284 210.1
2102 0.7434876964010477 210.2
2103 0.743836763573915 210.3
2104 0.7442159547385804 210.4
2105 0.7446372921440543 210.5
2106 0.7450736758017731 210.6
2107 0.7454658706925201 210.7
2108 0.7458585418703433 210.8
2109 0.746232394883151 210.9
2110 0.7465781729406215 211
2111 0.7469157396784526 211.1
2112 0.7472801449340981 211.2
2113 0.7477143938642731 211.3
2114 0.748129033783587 211.4
2115 0.7485165734222208 211.5
2116 0.7489355897715162 211.6
2117 0.7492537976680816 211.7
2118 0.7495906552909525 211.8
2119 0.7499387849171438 211.9
2120 0.7502976165484855 212
2121 0.7506497660118813 212.1
2122 0.7509800675223892 212.2
2123 0.7513187913509207 212.3
2124 0.7516659609009333 212.4
2125 0.7520249471076024 212.5
2126 0.7524099812822203 212.6
2127 0.752809792677243 212.7
2128 0.7532377594247656 212.8
2129 0.753628850595695 212.9
2130 0.7539944748206283 213
2131 0.7543394851448073 213.1
2132 0.754686146864556 213.2
2133 0.7550471420087608 213.3
2134 0.7554139228085361 213.4
2135 0.7557912096635743 213.5
2136 0.7562043886080595 213.6
2137 0.7565955524797331 213.7
2138 0.7570026626852302 213.8
2139 0.7574035821087168 213.9
2140 0.7577929209110263 214
2141 0.7581950311067457 214.1
2142 0.7586090395452815 214.2
2143 0.7590282663486082 214.3
2144 0.7594685458707233 214.4
2145 0.7598827932512595 214.5
2146 0.7602712296037408 214.6
2147 0.7606160922193085 214.7
2148 0.7609479824149643 214.8
2149 0.7613012456592129 214.9
2150 0.7616597677398796 215
2151 0.7620348824151583 215.1
2152 0.7624036635604894 215.2
2153 0.7627608705489147 215.3
2154 0.7631224347081187 215.4
2155 0.7634684759287975 215.5
2156 0.7638018464059707 215.6
2157 0.7641446215874775 215.7
2158 0.7645260644311843 215.8
2159 0.7649187496377969 215.9
2160 0.7652685491327625 216
2161 0.7656481492633949 216.1
2162 0.7660651980431803 216.2
2163 0.7664910228899688 216.3
2164 0.7669117836745837 216.4
2165 0.7673142941140676 216.5
2166 0.7676970836185291 216.6
2167 0.7680423797020268 216.7
2168 0.7683867943335387 216.8
2169 0.768722809349459 216.9
2170 0.7690579325170607 217
2171 0.7694393578657974 217.1
2172 0.7698331452992713 217.2
2173 0.7701853906220095 217.3
2174 0.7705342548674921 217.4
2175 0.7709015662653381 217.5
2176 0.7713027327503784 217.6
2177 0.7717337184533872 217.7
2178 0.7721775387106221 217.8
2179 0.7725993609289714 217.9
2180 0.7729806663012679 218
2181 0.773399468772166 218.1
2182 0.7738207424113338 218.2
2183 0.7742282198361335 218.3
2184 0.7746390853610444 218.4
2185 0.7750421624368964 218.5
2186 0.775415726715332 218.6
2187 0.7757969934079382 218.7
2188 0.776158486206583 218.8
2189 0.7765217830469335 218.9
2190 0.7768889261495041 219
2191 0.7772685426065298 219.1
2192 0.7776683526713232 219.2
2193 0.778077522673105 219.3
2194 0.7784699193829133 219.4
2195 0.7788441163510259 219.5
2196 0.7792418978302109 219.6
2197 0.7796715514842876 219.7
2198 0.7801194529364035 219.8
2199 0.7805400076312302 219.9
2200 0.7809438965809783 220
2201 0.781322241779716 220.1
2202 0.7817058577684715 220.2
2203 0.7820930549671712 220.3
2204 0.7824579158067881 220.4
2205 0.7828008737932746 220.5
2206 0.7831531364916569 220.6
2207 0.7835084150491408 220.7
2208 0.7838666562392491 220.8
2209 0.7841900108745431 220.9
2210 0.7845429503319222 221
2211 0.7848808722264592 221.1
2212 0.7852019588056318 221.2
2213 0.7855300956734442 221.3
2214 0.7858260232356948 221.4
2215 0.7860655125718183 221.5
2216 0.7863128372477736 221.6
2217 0.7866223802579813 221.7
2218 0.7869254066650186 221.8
2219 0.7872300151324222 221.9
2220 0.7875230821285293 222
2221 0.7878402113668583 222.1
2222 0.7881324961182237 222.2
2223 0.7884623526439521 222.3
2224 0.7887699558262872 222.4
2225 0.7890749028829952 222.5
2226 0.7893726034417433 222.6
2227 0.7896642757695667 222.7
2228 0.7899668029443143 222.8
2229 0.7902727783791567 222.9
2230 0.7905592204249231 223
2231 0.7908296682348299 223.1
2232 0.7911069364476477 223.2
2233 0.7913744234467296 223.3
2234 0.7916526976789412 223.4
2235 0.7919258974500447 223.5
2236 0.7921929732529139 223.6
2237 0.7924903028148843 223.7
2238 0.7927909069361525 223.8
2239 0.7931074232315364 223.9
2240 0.7934054957755715 224
2241 0.793716548084073 224.1
2242 0.7940226667621734 224.2
2243 0.794324270633724 224.3
2244 0.7946436957578489 224.4
2245 0.7949911175091933 224.5
2246 0.7953238704109336 224.6
2247 0.7956484879748262 224.7
2248 0.7959646185366155 224.8
2249 0.7962891043486524 224.9
2250 0.7966167771715424 225
2251 0.7969418502497112 225.1
2252 0.7972398228172112 225.2
2253 0.7975697006501145 225.3
2254 0.7979074565775256 225.4
2255 0.7982553384504641 225.5
2256 0.7985434018570098 225.6
2257 0.7988297337056617 225.7
2258 0.7991203817108155 225.8
2259 0.7994517109090611 225.9
2260 0.7998074556031772 226
2261 0.800125500865827 226.1
2262 0.8004399608882684 226.2
2263 0.8007565290926358 226.3
2264 0.8010343462093539 226.4
2265 0.8013005004145505 226.5
2266 0.8015746265885718 226.6
2267 0.8018375141123949 226.7
2268 0.8021023837595913 226.8
2269 0.8023678407890882 226.9
2270 0.8026692950725736 227
2271 0.8029873972278898 227.1
2272 0.8033044528215099 227.2
2273 0.803575217241269 227.3
2274 0.8038448496853096 227.4
2275 0.8041215216772171 227.5
2276 0.8044380663807498 227.6
2277 0.8047361239315624 227.7
2278 0.8050176148739784 227.8
2279 0.8053296619804218 227.9
2280 0.8056439302937214 228
2281 0.8059643554377838 228.1
2282 0.8062634062795248 228.2
2283 0.8065892671844027 228.3
2284 0.8068880455922814 228.4
2285 0.8071965578817742 228.5
2286 0.8074967872384858 228.6
2287 0.8078007990295134 228.7
2288 0.8081049158255557 228.8
2289 0.8084021209840777 228.9
2290 0.8086479718407414 229
2291 0.8089006039864968 229.1
2292 0.8092089328465083 229.2
2293 0.8094705456086075 229.3
2294 0.8097407361424739 229.4
2295 0.8100089444922751 229.5
2296 0.8102619753538114 229.6
2297 0.8105251554241741 229.7
2298 0.8107643265827971 229.8
2299 0.811005589558139 229.9
2300 0.811259205193264 230
2301 0.8115333788249384 230.1
2302 0.8118071478389355 230.2
2303 0.812068774972254 230.3
2304 0.8123248250598162 230.4
2305 0.8125817798500768 230.5
2306 0.8128311810678918 230.6
2307 0.8130882075046607 230.7
2308 0.813388688763915 230.8
2309 0.8137123309006676 230.9
2310 0.8140374440036691 231
2311 0.8143118166810321 231.1
2312 0.8145933793100593 231.2
2313 0.8148677592959764 231.3
2314 0.8151505643258361 231.4
2315 0.815420285147369 231.5
2316 0.8157071884083396 231.6
2317 0.8159935444510417 231.7
2318 0.8162711549696762 231.8
2319 0.8165611174430665 231.9
2320 0.816834623837204 232
2321 0.8171080040665399 232.1
2322 0.8174249614631509 232.2
2323 0.8176847879924515 232.3
2324 0.817921118729275 232.4
2325 0.8181763106764781 232.5
2326 0.8184193272900574 232.6
2327 0.8186803857203605 232.7
2328 0.8189353440563422 232.8
2329 0.8191737597661468 232.9
2330 0.8194452801387506 233
2331 0.8196820534700993 233.1
2332 0.8199143184079493 233.2
2333 0.8201356544083885 233.3
2334 0.8203723458278638 233.4
2335 0.8205993925289924 233.5
2336 0.820846910997611 233.6
2337 0.8211429376785701 233.7
2338 0.8213857731956837 233.8
2339 0.8216317910497334 233.9
2340 0.8218807894253816 234
2341 0.8221289996338027 234.1
2342 0.8223835786043784 234.2
2343 0.8226630121085351 234.3
2344 0.8229173325390564 234.4
2345 0.8231582278576268 234.5
2346 0.8234021752406551 234.6
2347 0.8236519317197621 234.7
2348 0.8239066229855785 234.8
2349 0.8241652578567213 234.9
2350 0.824415688290435 235
2351 0.8246714400397802 235.1
2352 0.8249064898963503 235.2
2353 0.8251313128872999 235.3
2354 0.825368469043921 235.4
2355 0.8256431105020446 235.5
2356 0.8259273481365629 235.6
2357 0.8261774335926642 235.7
2358 0.8264325191834943 235.8
2359 0.8266562666887061 235.9
2360 0.8268736047477551 236
2361 0.8271213230470273 236.1
2362 0.8273935167077773 236.2
2363 0.8276689591940586 236.3
2364 0.8279685061189931 236.4
2365 0.8282015545120092 236.5
2366 0.8284052338277735 236.6
2367 0.8286496663972844 236.7
2368 0.828940487743234 236.8
2369 0.8291949418911978 236.9
2370 0.829436548450912 237
2371 0.8296682779087636 237.1
2372 0.829925565264938 237.2
2373 0.8302211062233266 237.3
2374 0.8305177296083092 237.4
2375 0.8307385229115288 237.5
2376 0.8309400085602648 237.6
2377 0.8311726980547749 237.7
2378 0.8314209815606109 237.8
2379 0.8316716153774241 237.9
2380 0.8319248770109495 238
2381 0.8321375469274287 238.1
2382 0.8323712573083125 238.2
2383 0.8326191358197307 238.3
2384 0.8328504025953182 238.4
2385 0.8330893067914528 238.5
2386 0.8333066281516842 238.6
2387 0.8335165039799184 238.7
2388 0.8337430269191954 238.8
2389 0.8339869909151566 238.9
2390 0.834265373038943 239
2391 0.8344895893972939 239.1
2392 0.8347019498827786 239.2
2393 0.8349243033889175 239.3
2394 0.8351849149253631 239.4
2395 0.8354487058134583 239.5
2396 0.8356526167060774 239.6
2397 0.835883694616815 239.7
2398 0.8361295664029766 239.8
2399 0.8363837463135995 239.9
2400 0.8366596354284362 240
2401 0.8368975769142297 240.1
2402 0.8371290051676364 240.2
2403 0.8374222135343538 240.3
2404 0.8376799571188651 240.4
2405 0.8378411136188999 240.5
2406 0.8380505611098648 240.6
2407 0.8383132577189492 240.7
2408 0.8384967758771016 240.8
2409 0.8386952525065215 240.9
2410 0.8389696455440929 241
2411 0.8392089515928377 241.1
2412 0.8394229523753384 241.2
2413 0.8396671628257525 241.3
2414 0.8399480774720636 241.4
2415 0.8401474441250085 241.5
2416 0.8403440424101833 241.6
2417 0.8405867261398953 241.7
2418 0.8408020336084764 241.8
2419 0.8410180536128551 241.9
2420 0.8412679919240216 242
2421 0.8414994180858328 242.1
2422 0.8416875579900831 242.2
2423 0.8418971858982378 242.3
2424 0.8421360962397945 242.4
2425 0.8423592226776792 242.5
2426 0.8425668619955548 242.6
2427 0.8427822784039073 242.7
2428 0.8429962200768292 242.8
2429 0.8431942446403001 242.9
2430 0.8434079106924078 243
2431 0.8436335816982717 243.1
2432 0.8438133026595216 243.2
2433 0.8439977355087334 243.3
2434 0.8441937919674053 243.4
2435 0.8443464097964416 243.5
2436 0.8445337136367841 243.6
2437 0.8447582996609232 243.7
2438 0.8449389006004896 243.8
2439 0.8451634194373432 243.9
2440 0.8453643898535361 244
2441 0.845502983486687 244.1
2442 0.8456501827949241 244.2
2443 0.8458365484115803 244.3
2444 0.8460349753107214 244.4
2445 0.8462026441444873 244.5
2446 0.8463846808375469 244.6
2447 0.8465886092443056 244.7
2448 0.8467721299357786 244.8
2449 0.8469439148566585 244.9
2450 0.847136885958825 245
2451 0.8473544404198432 245.1
2452 0.8475639118659112 245.2
2453 0.8477477968964936 245.3
2454 0.8479346146283527 245.4
2455 0.8481307749369175 245.5
2456 0.8483206440488453 245.6
2457 0.8484997544389837 245.7
2458 0.8486618588557031 245.8
2459 0.8488399818647 245.9
2460 0.8490250591075656 246
2461 0.8492161988388096 246.1
2462 0.8494821260154152 246.2
2463 0.8495970663692737 246.3
2464 0.849718194291589 246.4
2465 0.8498646964896837 246.5
2466 0.8500280746967638 246.6
2467 0.8501872794011944 246.7
2468 0.8503631239870699 246.8
2469 0.8505499282778914 246.9
2470 0.8507562332013126 247
2471 0.8509598911597448 247.1
2472 0.8511311028809084 247.2
2473 0.8512756970153205 247.3
2474 0.8514170596282306 247.4
2475 0.851570607580333 247.5
2476 0.8517516387533399 247.6
2477 0.8519486964146125 247.7
2478 0.8521341239592869 247.8
2479 0.8523119144366659 247.9
2480 0.8524938135643998 248
2481 0.852654359664895 248.1
2482 0.8528000575492435 248.2
2483 0.8529796417148089 248.3
2484 0.853164241880556 248.4
2485 0.853326052092737 248.5
2486 0.8534625554813471 248.6
2487 0.8536135861727946 248.7
2488 0.8537798961800183 248.8
2489 0.8539540249132925 248.9
2490 0.8541466827267422 249
2491 0.854340543275919 249.1
2492 0.854495314442739 249.2
2493 0.8546354660006441 249.3
2494 0.8547888236453764 249.4
2495 0.8549510303895631 249.5
2496 0.855112635836374 249.6
2497 0.8552809862741992 249.7
2498 0.8554558376806981 249.8
2499 0.8556299589777262 249.9
2500 0.8557986651932158 250
2501 0.8559662782845989 250.1
2502 0.8561196529702789 250.2
2503 0.8562630464594838 250.3
2504 0.8564007492712855 250.4
2505 0.8565753875210952 250.5
2506 0.8567514570321408 250.6
2507 0.8568884943158749 250.7
2508 0.8570384169920556 250.8
2509 0.8572156503404188 250.9
2510 0.8573941912731501 251
2511 0.8575700945494674 251.1
2512 0.857734375898212 251.2
2513 0.8578870082590017 251.3
2514 0.8580323253746684 251.4
2515 0.8582023949679448 251.5
2516 0.8583947252450671 251.6
2517 0.8586032277663346 251.7
2518 0.8587915487856264 251.8
2519 0.8589625752875235 251.9
2520 0.8591422824622085 252
2521 0.8593157412005612 252.1
2522 0.8594552409354829 252.2
2523 0.8595942093053601 252.3
2524 0.8597374336714656 252.4
2525 0.8598830417500982 252.5
2526 0.8600263507274323 252.6
2527 0.8601752065692633 252.7
2528 0.8603357742864152 252.8
2529 0.8604939342375338 252.9
2530 0.860647191131794 253
2531 0.8608316179626399 253.1
2532 0.8610389959079874 253.2
2533 0.8612279867791401 253.3
2534 0.8614025789903555 253.4
2535 0.8615735175736974 253.5
2536 0.8617621357786044 253.6
2537 0.8619090928449967 253.7
2538 0.8620478293679571 253.8
2539 0.8621969806224342 253.9
2540 0.8623431293441424 254
2541 0.8624728022541762 254.1
2542 0.8626123787535726 254.2
2543 0.8627871036937863 254.3
2544 0.8629596328065449 254.4
2545 0.863128580181774 254.5
2546 0.8633065938879196 254.6
2547 0.8635034038744036 254.7
2548 0.8636977805029439 254.8
2549 0.863871285804783 254.9
2550 0.8640356054769639 255
2551 0.8641677909365638 255.1
2552 0.8642965795379294 255.2
2553 0.8644579084474938 255.3
2554 0.8646129286951748 255.4
2555 0.8647443207755637 255.5
2556 0.8648720635792488 255.6
2557 0.8650183878648522 255.7
2558 0.8652008817606356 255.8
2559 0.8653938071703237 255.9
2560 0.8655661672654094 256
2561 0.8657070692594957 256.1
2562 0.865864107346779 256.2
2563 0.8660475392317906 256.3
2564 0.866200217620629 256.4
2565 0.8663352946875277 256.5
2566 0.8664697783197093 256.6
2567 0.8666066982331683 256.7
2568 0.8667706577042055 256.8
2569 0.8669430063984703 256.9
2570 0.8671008959600952 257
2571 0.8672360527268924 257.1
2572 0.8673708600288185 257.2
2573 0.8675232106716836 257.3
2574 0.8676879061055264 257.4
2575 0.8678789424020629 257.5
2576 0.8680361159925548 257.6
2577 0.8681788160992796 257.7
2578 0.8683175285799549 257.8
2579 0.8684393348297496 257.9
2580 0.8685635491242887 258
2581 0.8686999550603753 258.1
2582 0.8688255137414143 258.2
2583 0.8689573408881062 258.3
2584 0.869112199409283 258.4
2585 0.8692711870487838 258.5
2586 0.869436249799577 258.6
2587 0.8695732275717329 258.7
2588 0.8696843443250034 258.8
2589 0.8698267718333108 258.9
2590 0.8699813900418735 259
2591 0.8701208410499511 259.1
2592 0.870240394038869 259.2
2593 0.8703641359019878 259.3
2594 0.8705173391387164 259.4
2595 0.8706980919282814 259.5
2596 0.8708803024265819 259.6
2597 0.8710289048042855 259.7
2598 0.8711474297073712 259.8
2599 0.8712803956787488 259.9
2600 0.8714196198946462 260
2601 0.8715586248113372 260.1
2602 0.8716852685369472 260.2
2603 0.8718355520966743 260.3
2604 0.8720064343017901 260.4
2605 0.8721206021685945 260.5
2606 0.8722445659357536 260.6
2607 0.872372429172583 260.7
2608 0.8724980465569665 260.8
2609 0.8726406631533556 260.9
2610 0.8727969804828145 261
2611 0.8729254771961203 261.1
2612 0.8730545239977664 261.2
2613 0.8731689363428674 261.3
2614 0.8732736071369069 261.4
2615 0.8734136364164707 261.5
2616 0.8735877003424608 261.6
2617 0.8737172666402272 261.7
2618 0.8738200446512823 261.8
2619 0.8739243866910639 261.9
2620 0.8740549634788031 262
2621 0.8742178060573208 262.1
2622 0.8743671254576437 262.2
2623 0.8744603629183211 262.3
2624 0.8745670721819435 262.4
2625 0.8747003996796135 262.5
2626 0.8748513111864877 262.6
2627 0.874988140149298 262.7
2628 0.8750818130333025 262.8
2629 0.8751946547665613 262.9
2630 0.8753204225431611 263
2631 0.8754601150876008 263.1
2632 0.8755511923560064 263.2
2633 0.8756475200569915 263.3
2634 0.8757420646954408 263.4
2635 0.8758258390676534 263.5
2636 0.8759311146656564 263.6
2637 0.876054239252539 263.7
2638 0.8761799212275981 263.8
2639 0.8762580889616359 263.9
2640 0.8763576385531907 264
2641 0.8764670604958211 264.1
2642 0.8765904172286321 264.2
2643 0.8766840700325077 264.3
2644 0.8767584551099584 264.4
2645 0.8768494679389475 264.5
2646 0.8769681545200546 264.6
2647 0.8770809811684561 264.7
2648 0.8771585575210368 264.8
2649 0.8772484084372505 264.9
2650 0.8773652845824756 265
2651 0.8774715878216953 265.1
2652 0.8775479226341201 265.2
2653 0.8776374247371956 265.3
2654 0.877761403684134 265.4
2655 0.877853750995453 265.5
2656 0.8779272657576657 265.6
2657 0.8779923312225936 265.7
2658 0.8780698547175434 265.8
2659 0.8781692954104616 265.9
2660 0.8782354275163339 266
2661 0.8782902383076032 266.1
2662 0.8783515691778271 266.2
2663 0.8784171449857398 266.3
2664 0.8784861590073927 266.4
2665 0.8785630056601086 266.5
2666 0.8786510006271688 266.6
2667 0.8787572623009874 266.7
2668 0.8788829797725861 266.8
2669 0.879012460071102 266.9
2670 0.8791452083626954 267
2671 0.8792425622468671 267.1
2672 0.879333538497326 267.2
2673 0.8794372224308536 267.3
2674 0.8795569637767413 267.4
2675 0.8796984756580062 267.5
2676 0.8798605263402837 267.6
2677 0.8800292524046495 267.7
2678 0.8801864371661816 267.8
2679 0.8803335580797821 267.9
2680 0.8804661936554056 268
2681 0.8805870720713843 268.1
2682 0.8807066072846509 268.2
2683 0.8808365311192965 268.3
2684 0.8809549187631259 268.4
2685 0.881047491991413 268.5
2686 0.8811477590872479 268.6
2687 0.8812437686590218 268.7
2688 0.8813492483408403 268.8
2689 0.8814621638482636 268.9
2690 0.8815691058875471 269
2691 0.8816836185649448 269.1
2692 0.8818101458462489 269.2
2693 0.8819493667209128 269.3
2694 0.8821036018267875 269.4
2695 0.8822424570000711 269.5
2696 0.8823542362429423 269.6
2697 0.8824658848421566 269.7
2698 0.8825913833683018 269.8
2699 0.8827266158216497 269.9
2700 0.8828418536943317 270
2701 0.8829536173740896 270.1
2702 0.8830714180209035 270.2
2703 0.8831935069639222 270.3
2704 0.8833065489084843 270.4
2705 0.8834098013864539 270.5
2706 0.8835244896041541 270.6
2707 0.8836584432927739 270.7
2708 0.883798105322585 270.8
2709 0.8839407180494123 270.9
2710 0.8840822900646392 271
2711 0.8842290502520797 271.1
2712 0.8843975735443595 271.2
2713 0.8845544394134723 271.3
2714 0.8846937660800707 271.4
2715 0.8848381819043291 271.5
2716 0.8849683704580038 271.6
2717 0.8850756815079509 271.7
2718 0.8851730916887549 271.8
2719 0.8852637998473919 271.9
2720 0.88535076907636 272
2721 0.8854410777154341 272.1
2722 0.8855370393802363 272.2
2723 0.885641564205907 272.3
2724 0.8857426449661249 272.4
2725 0.8858394725890631 272.5
2726 0.8859461050140215 272.6
2727 0.8860430275436026 272.7
2728 0.8861347304847147 272.8
2729 0.8862246624097917 272.9
2730 0.8863310054033845 273
2731 0.8864526672039656 273.1
2732 0.8866000916341568 273.2
2733 0.8867283959186451 273.3
2734 0.8868466137707729 273.4
2735 0.8869414346524065 273.5
2736 0.8870288840484892 273.6
2737 0.8871336129168469 273.7
2738 0.8872499211655591 273.8
2739 0.8873748704217312 273.9
2740 0.8874942321237073 274
2741 0.8876124191555894 274.1
2742 0.8877290109141173 274.2
2743 0.8878518964068636 274.3
2744 0.8879771074979365 274.4
2745 0.888088866965424 274.5
2746 0.8881836389895306 274.6
2747 0.8882901190586344 274.7
2748 0.8884019801843797 274.8
2749 0.888517873524581 274.9
2750 0.8886492003733303 275
2751 0.8888056019595058 275.1
2752 0.8889680935982481 275.2
2753 0.8891103062821852 275.3
2754 0.8892362865470437 275.4
2755 0.8893409263502164 275.5
2756 0.8894475488340559 275.6
2757 0.8895528231602726 275.7
2758 0.8896377990808657 275.8
2759 0.8897227377022981 275.9
2760 0.8898130576335187 276
2761 0.8899067374983648 276.1
2762 0.8900154803209539 276.2
2763 0.8901565306722933 276.3
2764 0.8903204758470976 276.4
2765 0.890471857488359 276.5
2766 0.8905972238942559 276.6
2767 0.8907062952489381 276.7
2768 0.8908105524611335 276.8
2769 0.8909248143075423 276.9
2770 0.8910544954892609 277
2771 0.8911881262600045 277.1
2772 0.8913261644007067 277.2
2773 0.8914600555501958 277.3
2774 0.8915733526576836 277.4
2775 0.8916836455542635 277.5
2776 0.8917889904089201 277.6
2777 0.8919039473012437 277.7
2778 0.8920204786850434 277.8
2779 0.8921168815112082 277.9
2780 0.8922164782647408 278
2781 0.8923234800402214 278.1
2782 0.8924295399813467 278.2
2783 0.8925483558509848 278.3
2784 0.892694728328993 278.4
2785 0.892856478625091 278.5
2786 0.8929928109901812 278.6
2787 0.8931096163106855 278.7
2788 0.8932374628271932 278.8
2789 0.8933951699757182 278.9
2790 0.8935508763149015 279
2791 0.8936898341928 279.1
2792 0.8938175371040648 279.2
2793 0.8939301492248034 279.3
2794 0.8940303908245495 279.4
2795 0.8941387807558366 279.5
2796 0.8942518743414425 279.6
2797 0.8943793359363331 279.7
2798 0.8945413751355958 279.8
2799 0.8947097590478347 279.9
2800 0.8948507601446976 280
2801 0.894969839517779 280.1
2802 0.8950888786473469 280.2
2803 0.8951950314235425 280.3
2804 0.8953210381602122 280.4
2805 0.8954654020632418 280.5
2806 0.8956055267307278 280.6
2807 0.8957261622276261 280.7
2808 0.8958423669722039 280.8
2809 0.8959733846479642 280.9
2810 0.896143385269923 281
2811 0.8963305990445228 281.1
2812 0.8964675684869006 281.2
2813 0.8965822038017384 281.3
2814 0.8966695847243239 281.4
2815 0.8967461781029432 281.5
2816 0.8968275765161255 281.6
2817 0.8969135532115735 281.7
2818 0.8970040244842857 281.8
2819 0.8971097997038356 281.9
2820 0.8972462497095397 282
2821 0.8974227517490692 282.1
2822 0.8975968508857448 282.2
2823 0.8977252459513004 282.3
2824 0.8978387956043299 282.4
2825 0.8979586214772082 282.5
2826 0.8980821738050453 282.6
2827 0.8981979397857089 282.7
2828 0.8982987977952603 282.8
2829 0.89838920826582 282.9
2830 0.8985021440314014 283
2831 0.8986416962394235 283.1
2832 0.8988008752854842 283.2
2833 0.8989573251208007 283.3
2834 0.8991046670917064 283.4
2835 0.8992235282414273 283.5
2836 0.8993339441477008 283.6
2837 0.8994429967527531 283.7
2838 0.8995491700161096 283.8
2839 0.8996419831000267 283.9
2840 0.8997391563813101 284
2841 0.8998337102409836 284.1
2842 0.8999382323111065 284.2
2843 0.9000564644900583 284.3
2844 0.9001813180953331 284.4
2845 0.9003121269644476 284.5
2846 0.9004405135127389 284.6
2847 0.9005635796763016 284.7
2848 0.9006884474603044 284.8
2849 0.900828798429541 284.9
2850 0.9009767540340495 285
2851 0.9011141039218062 285.1
2852 0.9012525582690838 285.2
2853 0.9013930696276579 285.3
2854 0.9015149342735211 285.4
2855 0.9016273527170946 285.5
2856 0.9017282075859231 285.6
2857 0.9018190528505368 285.7
2858 0.9019278506903331 285.8
2859 0.9020524112684865 285.9
2860 0.9021808036590101 286
2861 0.9023020160394167 286.1
2862 0.9024112932803243 286.2
2863 0.9025123347806588 286.3
2864 0.9026319032825167 286.4
2865 0.9027624560405376 286.5
2866 0.9029091721274088 286.6
2867 0.9030593561336998 286.7
2868 0.9031919453759845 286.8
2869 0.9033014818551059 286.9
2870 0.9033988921132952 287
2871 0.9035015506205456 287.1
2872 0.9036204001475624 287.2
2873 0.9037554917464431 287.3
2874 0.9038874082261488 287.4
2875 0.9040028810700306 287.5
2876 0.9041439645797091 287.6
2877 0.9042926543303192 287.7
2878 0.9044359592603023 287.8
2879 0.90456677554478 287.9
2880 0.9046839247500615 288
2881 0.9047956689428331 288.1
2882 0.9049105078741219 288.2
2883 0.9050253725212123 288.3
2884 0.9051450510952459 288.4
2885 0.9052710819092681 288.5
2886 0.9053968799416607 288.6
2887 0.9055287072739706 288.7
2888 0.905656484858379 288.8
2889 0.9057783321565923 288.9
2890 0.9059016825080771 289
2891 0.9060311966985657 289.1
2892 0.9061720826377371 289.2
2893 0.9063145971748818 289.3
2894 0.9064383655410571 289.4
2895 0.9065739694005688 289.5
2896 0.9067134986041975 289.6
2897 0.9068483617168608 289.7
2898 0.9069736396942294 289.8
2899 0.9070886749418641 289.9
2900 0.9072162158316611 290
2901 0.90734956503604 290.1
2902 0.9074904458172718 290.2
2903 0.9076393747923146 290.3
2904 0.9077621052126299 290.4
2905 0.9078777815663175 290.5
2906 0.9079844267428782 290.6
2907 0.9080948579373259 290.7
2908 0.9082108250066143 290.8
2909 0.9083474279392095 290.9
2910 0.9085051857895219 291
2911 0.9086577318058289 291.1
2912 0.9087969111709769 291.2
2913 0.9089098762997075 291.3
2914 0.909019430944114 291.4
2915 0.9091393304360409 291.5
2916 0.9092689796806583 291.6
2917 0.9094040446988373 291.7
2918 0.9095392032300424 291.8
2919 0.9096596476274811 291.9
2920 0.9097952790922633 292
2921 0.9099465700981403 292.1
2922 0.9101062077574787 292.2
2923 0.910246885825712 292.3
2924 0.9103815546463646 292.4
2925 0.9105311444584595 292.5
2926 0.9106792393046654 292.6
2927 0.9108129481504765 292.7
2928 0.9109263130182346 292.8
2929 0.9110468751927218 292.9
2930 0.9111698080049496 293
2931 0.9112843108323725 293.1
2932 0.9113919982934968 293.2
2933 0.9115059906172709 293.3
2934 0.91161714352408 293.4
2935 0.9117364642598026 293.5
2936 0.9118691028688457 293.6
2937 0.9120136289716541 293.7
2938 0.9121459474205545 293.8
2939 0.9122782610664032 293.9
2940 0.9124239991438458 294
2941 0.9125711927164418 294.1
2942 0.9127092041211768 294.2
2943 0.912849778865556 294.3
2944 0.9129922662154455 294.4
2945 0.9131387694773275 294.5
2946 0.9132816923141313 294.6
2947 0.9134185109471424 294.7
2948 0.9135501150733284 294.8
2949 0.9136853860125779 294.9
2950 0.913809525839688 295
2951 0.9139218362638972 295.1
2952 0.9140242967256869 295.2
2953 0.914121021344083 295.3
2954 0.9142242471193217 295.4
2955 0.9143430917176996 295.5
2956 0.9144747078352431 295.6
2957 0.9146051133975439 295.7
2958 0.9147296953468451 295.8
2959 0.9148440064030533 295.9
2960 0.9149593057084509 296
2961 0.9150784850588323 296.1
2962 0.9152033279797586 296.2
2963 0.9153322477106942 296.3
2964 0.9154650205402091 296.4
2965 0.9155875474573748 296.5
2966 0.9156912083881914 296.6
2967 0.9157996257533475 296.7
2968 0.9159266480398205 296.8
2969 0.916066298157668 296.9
2970 0.9161940839829413 297
2971 0.916314088696678 297.1
2972 0.9164394940058112 297.2
2973 0.9165716636586609 297.3
2974 0.916699761451393 297.4
2975 0.9168290849882011 297.5
2976 0.9169794474941154 297.6
2977 0.917137776662825 297.7
2978 0.9172768052437799 297.8
2979 0.9173857913001424 297.9
2980 0.9174948972994165 298
2981 0.9175926806583664 298.1
2982 0.9176941082896013 298.2
2983 0.9178073224386976 298.3
2984 0.9179328677284134 298.4
2985 0.9180649998842797 298.5
2986 0.918194489059673 298.6
2987 0.9183180228838956 298.7
2988 0.9184393078083887 298.8
2989 0.918564554250435 298.9
2990 0.9186977037848439 299
2991 0.9188356940046672 299.1
2992 0.9189631881079416 299.2
2993 0.9190838113137711 299.3
2994 0.9192148909821145 299.4
2995 0.9193606401487939 299.5
2996 0.9195140899787755 299.6
2997 0.919666834726387 299.7
2998 0.919806023786556 299.8
2999 0.9199510309927159 299.9
3000 0.9200855048576086 300
3001 0.9202108212108339 300.1
3002 0.9203166846207878 300.2
3003 0.9204233386639719 300.3
3004 0.9205375690220724 300.4
3005 0.9206504445829989 300.5
3006 0.9207618549546223 300.6
3007 0.9208862617066623 300.7
3008 0.9210290131997836 300.8
3009 0.9211834950567664 300.9
3010 0.9213343930530676 301
3011 0.9214807920465057 301.1
3012 0.9216158359501466 301.2
3013 0.9217434316066907 301.3
3014 0.9218834397260257 301.4
3015 0.9220256313169921 301.5
3016 0.9221560652013198 301.6
3017 0.9222648739484276 301.7
3018 0.9223746421596825 301.8
3019 0.9224887014005964 301.9
3020 0.9226123527636463 302
3021 0.9227297157811415 302.1
3022 0.9228452442369778 302.2
3023 0.9229607060858935 302.3
3024 0.9230991014922234 302.4
3025 0.923231010257482 302.5
3026 0.9233615595829731 302.6
3027 0.9234979559498198 302.7
3028 0.9236392259064888 302.8
3029 0.9237907943193259 302.9
3030 0.9239494318335852 303
3031 0.9241000797984317 303.1
3032 0.9242338536588245 303.2
3033 0.9243634255024329 303.3
3034 0.9244825056480035 303.4
3035 0.9245731864091987 303.5
3036 0.9246557790544179 303.6
3037 0.9247458960648679 303.7
3038 0.9248445204103767 303.8
3039 0.9249488192558059 303.9
3040 0.9250555098013346 304
3041 0.9251752706367032 304.1
3042 0.9252899859911765 304.2
3043 0.9254060221492433 304.3
3044 0.9255311894176093 304.4
3045 0.9256572351463619 304.5
3046 0.9257771897991798 304.6
3047 0.9258944562294333 304.7
3048 0.9260093207095755 304.8
3049 0.9261398966733659 304.9
3050 0.9262895303541731 305
3051 0.9264399088387449 305.1
3052 0.9265823044386555 305.2
3053 0.9267145686286282 305.3
3054 0.9268379222682912 305.4
3055 0.9269641319805761 305.5
3056 0.9270906849058902 305.6
3057 0.9272193381790444 305.7
3058 0.9273381417571864 305.8
3059 0.927466625289016 305.9
3060 0.9276098363720343 306
3061 0.927757098005159 306.1
3062 0.9279010024696265 306.2
3063 0.9280467880776273 306.3
3064 0.9281906593751152 306.4
3065 0.9283176172408224 306.5
3066 0.9284283702272037 306.6
3067 0.9285411537399659 306.7
3068 0.9286646008450989 306.8
3069 0.9287887333000336 306.9
3070 0.9289208681954501 307
3071 0.9290552511647543 307.1
3072 0.9291837891861484 307.2
3073 0.9293073668498424 307.3
3074 0.9294261827896217 307.4
3075 0.9295573949590895 307.5
3076 0.9296928625896571 307.6
3077 0.9298218604583753 307.7
3078 0.9299449739406508 307.8
3079 0.93006137998784 307.9
3080 0.9301662649330183 308
3081 0.9302881718129503 308.1
3082 0.9304353718737258 308.2
3083 0.9305905867469441 308.3
3084 0.9307620233815306 308.4
3085 0.9309296524682014 308.5
3086 0.9310936685623175 308.6
3087 0.9312522969048501 308.7
3088 0.9313998229336892 308.8
3089 0.9315409144731241 308.9
3090 0.9316845655068249 309
3091 0.9318253731475302 309.1
3092 0.9319629038171883 309.2
3093 0.9320959317807425 309.3
3094 0.9322279300808011 309.4
3095 0.9323611258518995 309.5
3096 0.9324879835468673 309.6
3097 0.9326043410913148 309.7
3098 0.9327291199397354 309.8
3099 0.9328610456390338 309.9
3100 0.9330169259437603 310
3101 0.9331830381063745 310.1
3102 0.933344464753861 310.2
3103 0.9334993415237531 310.3
3104 0.9336479815350432 310.4
3105 0.9337943883894281 310.5
3106 0.9339516413205537 310.6
3107 0.9341042126346343 310.7
3108 0.9342522255597665 310.8
3109 0.9343942670550636 310.9
3110 0.9345226111999597 311
3111 0.9346334269235047 311.1
3112 0.9347487495472958 311.2
3113 0.9348606400200754 311.3
3114 0.9349796222083649 311.4
3115 0.9351069156311581 311.5
3116 0.935250596816694 311.6
3117 0.9354140494223239 311.7
3118 0.9355902740296218 311.8
3119 0.9357628324359493 311.9
3120 0.9359288942603534 312
3121 0.9360953160242546 312.1
3122 0.9362482774400103 312.2
3123 0.9363911517778948 312.3
3124 0.9365334914337446 312.4
3125 0.9366830516668977 312.5
3126 0.9368200865528428 312.6
3127 0.9369273555641057 312.7
3128 0.9370278742166873 312.8
3129 0.9371234542073157 312.9
3130 0.9372202917655929 313
3131 0.9373316863284817 313.1
3132 0.9374593192511589 313.2
3133 0.9375943442076142 313.3
3134 0.9377247800816463 313.4
3135 0.9378495885851974 313.5
3136 0.9379590271218168 313.6
3137 0.9380708893981161 313.7
3138 0.9381956069555394 313.8
3139 0.9383413891701997 313.9
3140 0.9385015511155389 314
3141 0.9386535795795852 314.1
3142 0.9387947079419487 314.2
3143 0.9389350512367169 314.3
3144 0.9390722715927307 314.4
3145 0.9392003996818703 314.5
3146 0.9393165655221024 314.6
3147 0.9394403614439245 314.7
3148 0.9395699448228836 314.8
3149 0.9397043938889951 314.9
3150 0.9398393612202507 315
3151 0.9399849124581264 315.1
3152 0.9401320605215981 315.2
3153 0.9402674317121263 315.3
3154 0.9403891438767009 315.4
3155 0.940510842066825 315.5
3156 0.9406280332768304 315.6
3157 0.9407321290299935 315.7
3158 0.9408304728922 315.8
3159 0.9409344675798571 315.9
3160 0.9410475848200703 316
3161 0.9411651860625999 316.1
3162 0.9412952916784926 316.2
3163 0.9414450803170252 316.3
3164 0.9416027367180896 316.4
3165 0.9417541961164392 316.5
3166 0.9418918933274631 316.6
3167 0.9420085592974629 316.7
3168 0.9421197428689938 316.8
3169 0.9422286217850995 316.9
3170 0.9423491889213175 317
3171 0.9424729760976348 317.1
3172 0.9425855740233925 317.2
3173 0.9426912370811099 317.3
3174 0.9428168765555421 317.4
3175 0.9429611570609007 317.5
3176 0.9431143902093408 317.6
3177 0.9432558724980324 317.7
3178 0.9433914197605193 317.8
3179 0.943526782896513 317.9
3180 0.9436698752440744 318
3181 0.9438103640364045 318.1
3182 0.9439535792874303 318.2
3183 0.944105822552787 318.3
3184 0.9442632622473752 318.4
3185 0.9444082122308961 318.5
3186 0.9445481651333807 318.6
3187 0.9446811115758147 318.7
3188 0.9447990891509026 318.8
3189 0.944908526397946 318.9
3190 0.9450231210167046 319
3191 0.9451384989469938 319.1
3192 0.9452489600781302 319.2
3193 0.945354608941755 319.3
3194 0.9454496629060897 319.4
3195 0.9455479165845948 319.5
3196 0.9456632145436275 319.6
3197 0.9457959893695982 319.7
3198 0.9459405061919376 319.8
3199 0.9460876460981925 319.9
3200 0.9462253856448906 320
3201 0.9463697607524685 320.1
3202 0.9465195552139134 320.2
3203 0.9466662331527863 320.3
3204 0.9468113334110275 320.4
3205 0.9469574200668567 320.5
3206 0.9471160827125709 320.6
3207 0.9472806459660927 320.7
3208 0.9474417979417989 320.8
3209 0.9475894849640881 320.9
3210 0.9477378781011205 321
3211 0.9478855074955472 321.1
3212 0.9480235580015204 321.2
3213 0.9481540492455772 321.3
3214 0.9482893251989558 321.4
3215 0.9484260355425641 321.5
3216 0.9485523768917039 321.6
3217 0.9486741452721076 321.7
3218 0.9487909314776259 321.8
3219 0.9488967191558125 321.9
3220 0.9489948751907725 322
3221 0.9491061332333397 322.1
3222 0.9492325926755291 322.2
3223 0.9493674171201633 322.3
3224 0.9495005167389856 322.4
3225 0.9496296920944223 322.5
3226 0.9497518572633528 322.6
3227 0.9498854049452399 322.7
3228 0.9500320967910861 322.8
3229 0.9501896629502291 322.9
3230 0.9503504868533219 323
3231 0.9505068080738296 323.1
3232 0.9506559083553646 323.2
3233 0.9508055843557431 323.3
3234 0.9509525889702365 323.4
3235 0.9510920409866924 323.5
3236 0.951215946836245 323.6
3237 0.951335555428498 323.7
3238 0.9514582717517869 323.8
3239 0.9515822438915715 323.9
3240 0.9516957202710505 324
3241 0.951809593831352 324.1
3242 0.9519259319363327 324.2
3243 0.952043163859405 324.3
3244 0.9521576627574824 324.4
3245 0.9522809906948547 324.5
3246 0.9524129200839931 324.6
3247 0.9525478775154049 324.7
3248 0.952692280828045 324.8
3249 0.9528317013855413 324.9
3250 0.952951726332891 325
3251 0.9530655993682831 325.1
3252 0.9531834503818585 325.2
3253 0.953298765299026 325.3
3254 0.9534243723589393 325.4
3255 0.9535628267450436 325.5
3256 0.9537076424694442 325.6
3257 0.9538484311847815 325.7
3258 0.9539795779457592 325.8
3259 0.9541106912471776 325.9
3260 0.9542423113517079 326
3261 0.9543710428929424 326.1
3262 0.9544911467742058 326.2
3263 0.9545994887563155 326.3
3264 0.954708862008397 326.4
3265 0.954826341003172 326.5
3266 0.9549474944013416 326.6
3267 0.9550688926310646 326.7
3268 0.955184906079607 326.8
3269 0.9553096814050985 326.9
3270 0.9554364976397958 327
3271 0.9555580310771362 327.1
3272 0.9556792752927934 327.2
3273 0.9558128633170611 327.3
3274 0.9559506433771324 327.4
3275 0.9560811878865354 327.5
3276 0.9562095350854717 327.6
3277 0.9563363625562983 327.7
3278 0.9564593598156003 327.8
3279 0.9565809005959672 327.9
3280 0.9567037065914983 328
3281 0.9568232283912812 328.1
3282 0.9569398788156028 328.2
3283 0.9570635076827296 328.3
3284 0.9571887837746748 328.4
3285 0.9573152139469802 328.5
3286 0.9574347065646355 328.6
3287 0.9575548052068469 328.7
3288 0.9576797111525398 328.8
3289 0.9578080741154779 328.9
3290 0.9579283346115196 329
3291 0.958046629610112 329.1
3292 0.9581539538131261 329.2
3293 0.9582664597893733 329.3
3294 0.9583862403988945 329.4
3295 0.9585067310959264 329.5
3296 0.9586208417412778 329.6
3297 0.9587289532392003 329.7
3298 0.9588437478616119 329.8
3299 0.9589639810857448 329.9
3300 0.959084109328401 330
3301 0.9592007834629764 330.1
3302 0.9593235908891825 330.2
3303 0.9594473968511772 330.3
3304 0.9595703990068717 330.4
3305 0.9596841059897049 330.5
3306 0.9597987425038325 330.6
3307 0.9599160895440404 330.7
3308 0.9600285257696926 330.8
3309 0.9601421937052467 330.9
3310 0.9602691847099153 331
3311 0.9604006693508147 331.1
3312 0.9605349316624343 331.2
3313 0.9606649129787139 331.3
3314 0.9607764351624891 331.4
3315 0.9608802355745365 331.5
3316 0.9609826788812469 331.6
3317 0.9610874054096197 331.7
3318 0.9611963555655794 331.8
3319 0.9613075388190965 331.9
3320 0.9614164025271762 332
3321 0.9615264933141763 332.1
3322 0.9616334292414502 332.2
3323 0.9617403434586614 332.3
3324 0.9618553783588273 332.4
3325 0.9619773781890472 332.5
3326 0.9620975875863719 332.6
3327 0.9622083200842543 332.7
3328 0.9623159906352502 332.8
3329 0.9624329741093978 332.9
3330 0.9625533577079105 333
3331 0.9626732947057665 333.1
3332 0.962787458319081 333.2
3333 0.9628995350513326 333.3
3334 0.9630151939511417 333.4
3335 0.963130722300334 333.5
3336 0.9632421484951933 333.6
3337 0.9633467413450628 333.7
3338 0.9634534491865209 333.8
3339 0.9635617973438136 333.9
3340 0.9636686539285828 334
3341 0.9637796217579411 334.1
3342 0.9639026524083136 334.2
3343 0.9640334077610528 334.3
3344 0.9641580526183245 334.4
3345 0.9642824783060927 334.5
3346 0.9644049633812442 334.6
3347 0.9645167201954593 334.7
3348 0.9646278507061314 334.8
3349 0.9647221763676572 334.9
3350 0.9648061037562321 335
3351 0.9648964165842419 335.1
3352 0.9649880832572199 335.2
3353 0.9650823672676245 335.3
3354 0.9651783507349861 335.4
3355 0.9652687960299801 335.5
3356 0.9653642274708253 335.6
3357 0.9654681191733253 335.7
3358 0.9655746798076434 335.8
3359 0.9656774341377652 335.9
3360 0.9657756048196174 336
3361 0.965874894950484 336.1
3362 0.9659807276791046 336.2
3363 0.966091133605533 336.3
3364 0.9662027813797791 336.4
3365 0.9663122029986678 336.5
3366 0.966413218832994 336.6
3367 0.9665186470976649 336.7
3368 0.9666261249540689 336.8
3369 0.9667310211468589 336.9
3370 0.966832194047388 337
3371 0.9669281596037839 337.1
3372 0.9670277183628443 337.2
3373 0.9671271806978464 337.3
3374 0.9672335325042097 337.4
3375 0.967343484703596 337.5
3376 0.9674610438892752 337.6
3377 0.9675863842870064 337.7
3378 0.9677127455344086 337.8
3379 0.9678296764979324 337.9
3380 0.9679420530445548 338
3381 0.9680516038104059 338.1
3382 0.9681554849765437 338.2
3383 0.9682531363723256 338.3
3384 0.9683553887432078 338.4
3385 0.9684553561065038 338.5
3386 0.9685538414548995 338.6
3387 0.9686466222482233 338.7
3388 0.9687246642938924 338.8
3389 0.9688051841483417 338.9
3390 0.9688868423500568 339
3391 0.9689759406091971 339.1
3392 0.9690697663628505 339.2
3393 0.9691650330879819 339.3
3394 0.9692589120014578 339.4
3395 0.9693509704056963 339.5
3396 0.9694417995056225 339.6
3397 0.969536369787607 339.7
3398 0.9696365669820215 339.8
3399 0.9697379029943779 339.9
3400 0.9698377182881364 340
3401 0.9699320946369264 340.1
3402 0.9700258420893538 340.2
3403 0.9701224294267072 340.3
3404 0.9702194576070716 340.4
3405 0.9703133189519804 340.5
3406 0.9704051683217135 340.6
3407 0.9704915507879659 340.7
3408 0.9705799741252716 340.8
3409 0.9706759718408055 340.9
3410 0.9707786845220981 341
3411 0.9708878935554375 341.1
3412 0.9709997736734812 341.2
3413 0.9711194223444866 341.3
3414 0.9712407358094317 341.4
3415 0.9713574512868363 341.5
3416 0.9714620522180624 341.6
3417 0.9715659652578912 341.7
3418 0.9716698955573594 341.8
3419 0.9717727888659065 341.9
3420 0.9718738318301815 342
3421 0.9719751310097861 342.1
3422 0.9720762042833124 342.2
3423 0.9721709893671748 342.3
3424 0.9722682344627553 342.4
3425 0.9723672947582271 342.5
3426 0.9724617008413909 342.6
3427 0.972555355742872 342.7
3428 0.9726374756942464 342.8
3429 0.9727124425237574 342.9
3430 0.9727875866152594 343
3431 0.9728640476509067 343.1
3432 0.9729434003840096 343.2
3433 0.9730238333365069 343.3
3434 0.9731099577840044 343.4
3435 0.9732021496400025 343.5
3436 0.9732971212734522 343.6
3437 0.9733925813907771 343.7
3438 0.9734857271926388 343.8
3439 0.9735773915469412 343.9
3440 0.9736724072247649 344
3441 0.9737678053134827 344.1
3442 0.9738609726173925 344.2
3443 0.9739512594986625 344.3
3444 0.9740336928603779 344.4
3445 0.974114576690447 344.5
3446 0.9742003925463019 344.6
3447 0.9742905080084827 344.7
3448 0.9743852048852721 344.8
3449 0.9744826721419725 344.9
3450 0.9745837740463805 345
3451 0.9746908722418686 345.1
3452 0.974800425618395 345.2
3453 0.9749098384480417 345.3
3454 0.9750127117969016 345.4
3455 0.9751122200495566 345.5
3456 0.9752089963301797 345.6
3457 0.9753077682888629 345.7
3458 0.975404818969146 345.8
3459 0.9755005974773876 345.9
3460 0.9755968318864643 346
3461 0.9756935209714218 346.1
3462 0.9757841280501615 346.2
3463 0.9758778422043392 346.3
3464 0.9759756882654771 346.4
3465 0.9760716145330094 346.5
3466 0.9761688381672606 346.6
3467 0.9762675045207861 346.7
3468 0.9763586641565715 346.8
3469 0.9764476981799368 346.9
3470 0.9765217909438306 347
3471 0.9765899210935192 347.1
3472 0.9766616256366767 347.2
3473 0.9767377323902569 347.3
3474 0.9768178373789473 347.4
3475 0.9769019116899224 347.5
3476 0.976987507551793 347.6
3477 0.9770733046048099 347.7
3478 0.9771543084096828 347.8
3479 0.9772370417007064 347.9
3480 0.9773202990992108 348
3481 0.9774023440914276 348.1
3482 0.9774830059390072 348.2
3483 0.9775616695754206 348.3
3484 0.977637186618431 348.4
3485 0.9777143151172645 348.5
3486 0.9777940778318711 348.6
3487 0.9778768707665205 348.7
3488 0.9779617529358312 348.8
3489 0.9780468386361334 348.9
3490 0.9781360510468361 349
3491 0.9782297832172878 349.1
3492 0.9783253380858238 349.2
3493 0.9784220141288524 349.3
3494 0.9785168759359376 349.4
3495 0.9786115054071646 349.5
3496 0.978705245962413 349.6
3497 0.978800328839464 349.7
3498 0.9788981570552068 349.8
3499 0.978992811052089 349.9
3500 0.9790903445678596 350
3501 0.979188016403623 350.1
3502 0.9792847852698939 350.2
3503 0.9793745884178813 350.3
3504 0.9794653215069433 350.4
3505 0.9795589065649807 350.5
3506 0.9796518839676895 350.6
3507 0.9797444585606226 350.7
3508 0.979839088264888 350.8
3509 0.9799315192384602 350.9
3510 0.980017866711945 351
3511 0.9801054468683752 351.1
3512 0.9801899669291289 351.2
3513 0.9802740156239458 351.3
3514 0.9803476048061153 351.4
3515 0.9804135795061065 351.5
3516 0.9804844309636611 351.6
3517 0.9805592055152741 351.7
3518 0.9806383167961943 351.8
3519 0.9807205040803615 351.9
3520 0.9808008628394285 352
3521 0.9808820721446641 352.1
3522 0.9809623351142041 352.2
3523 0.981040368935556 352.3
3524 0.9811168037167025 352.4
3525 0.9811908321374646 352.5
3526 0.9812649395252292 352.6
3527 0.9813412179689041 352.7
3528 0.981419657916627 352.8
3529 0.9814983378695347 352.9
3530 0.9815783507741802 353
3531 0.9816568090568657 353.1
3532 0.9817366105564237 353.2
3533 0.9818203306159849 353.3
3534 0.981905332127114 353.4
3535 0.9819909144165236 353.5
3536 0.9820767348316085 353.6
3537 0.982160477602918 353.7
3538 0.982247026768781 353.8
3539 0.9823340313487509 353.9
3540 0.9824237120089631 354
3541 0.9825135368804701 354.1
3542 0.9826027422389503 354.2
3543 0.9826945312058433 354.3
3544 0.982785822993563 354.4
3545 0.9828753341244113 354.5
3546 0.9829590384255378 354.6
3547 0.9830430784488889 354.7
3548 0.983128466855793 354.8
3549 0.9832138162525645 354.9
3550 0.9832976380353121 355
3551 0.9833850353621809 355.1
3552 0.9834739808735558 355.2
3553 0.983557092611509 355.3
3554 0.9836403944982346 355.4
3555 0.9837246723415614 355.5
3556 0.983804495324165 355.6
3557 0.9838866353573165 355.7
3558 0.9839679145861198 355.8
3559 0.9840453806050123 355.9
3560 0.9841193721870856 356
3561 0.9841819923712884 356.1
3562 0.9842457536914349 356.2
3563 0.984314525166389 356.3
3564 0.9843867899016561 356.4
3565 0.9844634087147313 356.5
3566 0.9845417976820015 356.6
3567 0.9846196637470824 356.7
3568 0.9846961703080364 356.8
3569 0.984771080075231 356.9
3570 0.9848420144734504 357
3571 0.9849145378098013 357.1
3572 0.9849879190889642 357.2
3573 0.9850598831573396 357.3
3574 0.9851321779556427 357.4
3575 0.9852046527615874 357.5
3576 0.9852752882528064 357.6
3577 0.985349087239192 357.7
3578 0.9854245346975393 357.8
3579 0.9854996936158431 357.9
3580 0.9855742760742291 358
3581 0.9856472252558173 358.1
3582 0.9857192247154796 358.2
3583 0.9857933657000834 358.3
3584 0.9858686226907896 358.4
3585 0.9859442003979494 358.5
3586 0.9860206746453745 358.6
3587 0.9860953403804923 358.7
3588 0.9861718105092777 358.8
3589 0.9862486776410925 358.9
3590 0.9863253268915028 359
3591 0.9863986879817265 359.1
3592 0.9864718609453419 359.2
3593 0.9865477108379465 359.3
3594 0.9866262395790973 359.4
3595 0.9867043993423779 359.5
3596 0.9867831105122643 359.6
3597 0.9868651120460056 359.7
3598 0.9869491873004956 359.8
3599 0.987029953838285 359.9
3600 0.987111275241764 360
3601 0.9871941152487471 360.1
3602 0.9872758277340017 360.2
3603 0.9873556728215936 360.3
3604 0.9874372717711295 360.4
3605 0.9875160894207796 360.5
3606 0.9875916930810043 360.6
3607 0.987668653243916 360.7
3608 0.9877410367184232 360.8
3609 0.9878131295666283 360.9
3610 0.987875720555584 361
3611 0.9879328288226825 361.1
3612 0.9879901864172562 361.2
3613 0.9880507360313695 361.3
3614 0.9881132270620205 361.4
3615 0.988176829543545 361.5
3616 0.9882417201818712 361.6
3617 0.9883061023135807 361.7
3618 0.9883712411042608 361.8
3619 0.9884375550518142 361.9
3620 0.9885041681105671 362
3621 0.9885709946803956 362.1
3622 0.9886385984322963 362.2
3623 0.9887040154654828 362.3
3624 0.9887722166785831 362.4
3625 0.9888434157926197 362.5
3626 0.9889158492748326 362.6
3627 0.9889883160780231 362.7
3628 0.9890605376366814 362.8
3629 0.9891299420903696 362.9
3630 0.9891993661158565 363
3631 0.9892697093984635 363.1
3632 0.9893409411745474 363.2
3633 0.9894131864760325 363.3
3634 0.9894863305415056 363.4
3635 0.9895568444969378 363.5
3636 0.9896293410805047 363.6
3637 0.9897034075102594 363.7
3638 0.989777620014812 363.8
3639 0.9898509613377363 363.9
3640 0.9899186524166588 364
3641 0.9899866840463879 364.1
3642 0.9900550552624432 364.2
3643 0.9901240846829346 364.3
3644 0.9901914946216083 364.4
3645 0.9902591517263607 364.5
3646 0.9903293578894968 364.6
3647 0.9903999214706901 364.7
3648 0.9904688109319481 364.8
3649 0.9905363832444897 364.9
3650 0.9906055372712347 365
3651 0.990676389509662 365.1
3652 0.9907453956328909 365.2
3653 0.9908174804150229 365.3
3654 0.9908933028764937 365.4
3655 0.99096761159463 365.5
3656 0.991039455252882 365.6
3657 0.9911125621070529 365.7
3658 0.9911834141302133 365.8
3659 0.9912526065582686 365.9
3660 0.9913233670339188 366
3661 0.9913891564169849 366.1
3662 0.9914528831314032 366.2
3663 0.9915034119378796 366.3
3664 0.9915523175321037 366.4
3665 0.9916029820169899 366.5
3666 0.991655832488882 366.6
3667 0.9917113556554686 366.7
3668 0.9917696230797077 366.8
3669 0.9918258412273684 366.9
3670 0.99188281111169 367
3671 0.9919401833036499 367.1
3672 0.9919980743830474 367.2
3673 0.9920570522429827 367.3
3674 0.9921170273606781 367.4
3675 0.9921770002560992 367.5
3676 0.9922396099298383 367.6
3677 0.9923040124113741 367.7
3678 0.992369723251745 367.8
3679 0.9924368505252837 367.9
3680 0.9925042556076711 368
3681 0.9925698384849041 368.1
3682 0.9926355957870153 368.2
3683 0.9926987044213054 368.3
3684 0.9927606857749192 368.4
3685 0.9928223038955015 368.5
3686 0.9928823633048925 368.6
3687 0.9929414914448714 368.7
3688 0.9930020708617613 368.8
3689 0.9930638062808241 368.9
3690 0.9931269357386177 369
3691 0.9931915498786011 369.1
3692 0.9932540736756986 369.2
3693 0.9933185430563586 369.3
3694 0.9933841967941776 369.4
3695 0.993450756568811 369.5
3696 0.9935173085078648 369.6
3697 0.9935816485384892 369.7
3698 0.99364761958989 369.8
3699 0.9937146828303102 369.9
3700 0.993782325466015 370
3701 0.9938449362268464 370.1
3702 0.9939061316263627 370.2
3703 0.9939679800066741 370.3
3704 0.9940298248525398 370.4
3705 0.9940886148015751 370.5
3706 0.9941479956164676 370.6
3707 0.9942091972801725 370.7
3708 0.9942716431304868 370.8
3709 0.9943327612636456 370.9
3710 0.9943964558438531 371
3711 0.9944604495169709 371.1
3712 0.9945219497475647 371.2
3713 0.9945852308179636 371.3
3714 0.9946498803217457 371.4
3715 0.9947110435639085 371.5
3716 0.9947740097192189 371.6
3717 0.9948329402997115 371.7
3718 0.9948852011332121 371.8
3719 0.9949267258063581 371.9
3720 0.9949675413797967 372
3721 0.9950102700401393 372.1
3722 0.9950553051800388 372.2
3723 0.9951029199442307 372.3
3724 0.9951528152163038 372.4
3725 0.9952023559513469 372.5
3726 0.9952538535461177 372.6
3727 0.9953066487464869 372.7
3728 0.9953602911446198 372.8
3729 0.9954144344138269 372.9
3730 0.9954673587447342 373
3731 0.9955161993720535 373.1
3732 0.9955658094581625 373.2
3733 0.9956159386813935 373.3
3734 0.9956667621424033 373.4
3735 0.9957186631780348 373.5
3736 0.9957714631807415 373.6
3737 0.9958234107864609 373.7
3738 0.9958773748343055 373.8
3739 0.9959326158783807 373.9
3740 0.9959885184465769 374
3741 0.9960446362494185 374.1
3742 0.9960994427194386 374.2
3743 0.9961491566999834 374.3
3744 0.9961995608153507 374.4
3745 0.9962505592247851 374.5
3746 0.9963023520218454 374.6
3747 0.9963551681289998 374.7
3748 0.9964072400318601 374.8
3749 0.9964597092185477 374.9
3750 0.9965141044912577 375
3751 0.9965698155636271 375.1
3752 0.9966261124155353 375.2
3753 0.9966807649163789 375.3
3754 0.9967319250412052 375.4
3755 0.9967829198934266 375.5
3756 0.9968347626737308 375.6
3757 0.9968874485360276 375.7
3758 0.9969382238387406 375.8
3759 0.996990558039453 375.9
3760 0.9970446948243812 376
3761 0.9970998143782346 376.1
3762 0.9971529394387556 376.2
3763 0.9972054443846801 376.3
3764 0.997256310064682 376.4
3765 0.9973072648653857 376.5
3766 0.9973560395483417 376.6
3767 0.9974060112415066 376.7
3768 0.997457714072684 376.8
3769 0.99750935732901 376.9
3770 0.9975593616602533 377
3771 0.9976105068875384 377.1
3772 0.9976605593169365 377.2
3773 0.9977061299539238 377.3
3774 0.9977535190793348 377.4
3775 0.9977998671783684 377.5
3776 0.9978461342038415 377.6
3777 0.9978910429401722 377.7
3778 0.997932801515386 377.8
3779 0.9979649845839109 377.9
3780 0.9979958501380193 378
3781 0.9980268831013643 378.1
3782 0.9980597049343375 378.2
3783 0.9980942535536733 378.3
3784 0.9981302661276678 378.4
3785 0.9981673922778168 378.5
3786 0.9982052838339851 378.6
3787 0.9982412672907425 378.7
3788 0.9982777428044188 378.8
3789 0.9983152552863023 378.9
3790 0.9983537014138637 379
3791 0.9983928552545903 379.1
3792 0.9984322922094353 379.2
3793 0.9984690653727462 379.3
3794 0.9985064969578483 379.4
3795 0.9985445687527248 379.5
3796 0.9985832435200656 379.6
3797 0.998622331337779 379.7
3798 0.9986606525748718 379.8
3799 0.9986972419401249 379.9
3800 0.9987344132821614 380
3801 0.9987720992668924 380.1
3802 0.9988101938594595 380.2
3803 0.9988484983913469 380.3
3804 0.9988850585253785 380.4
3805 0.9989210583383886 380.5
3806 0.9989576826249975 380.6
3807 0.9989947664013209 380.7
3808 0.9990321133326475 380.8
3809 0.9990690249635186 380.9
3810 0.9991038124826565 381
3811 0.9991393622328782 381.1
3812 0.9991754421140616 381.2
3813 0.9992117954630948 381.3
3814 0.9992476338050866 381.4
3815 0.9992813603002091 381.5
3816 0.9993158585655539 381.6
3817 0.9993508178271945 381.7
3818 0.9993859533547171 381.8
3819 0.9994189338661849 381.9
3820 0.9994517183907141 382
3821 0.9994850612287247 382.1
3822 0.9995186360457952 382.2
3823 0.9995502051515111 382.3
3824 0.9995813096879802 382.4
3825 0.9996129611230655 382.5
3826 0.999644860380298 382.6
3827 0.9996737614887152 382.7
3828 0.9997032396459311 382.8
3829 0.999733200445686 382.9
3830 0.9997614742542057 383
3831 0.9997886751534704 383.1
3832 0.9998165493800908 383.2
3833 0.9998428857856664 383.3
3834 0.9998679155779906 383.4
3835 0.9998936702091574 383.5
3836 0.9999163898040301 383.6
3837 0.999939266524335 383.7
3838 0.9999596732612095 383.8
3839 0.9999789656742237 383.9
3840 0.9999932506194794 384
3841 1 384.1
3842 1 384.2
3843 1 384.3
3844 1 384.4
3845 1 384.5
3846 1 384.6
3847 1 384.7
3848 1 384.8
3849 1 384.9
3850 1 385
3851 1 385.1
3852 1 385.2
3853 1 385.3
3854 1 385.4
3855 1 385.5
3856 1 385.6
3857 1 385.7
3858 1 385.8
3859 1 385.9
3860 1 386
3861 1 386.1
3862 1 386.2
3863 1 386.3
3864 1 386.4
3865 1 386.5
3866 1 386.6
3867 1 386.7
3868 1 386.8
3869 1 386.9
3870 1 387
3871 1 387.1
3872 1 387.2
3873 1 387.3
3874 1 387.4
3875 1 387.5
3876 1 387.6
3877 1 387.7
3878 1 387.8
3879 1 387.9
3880 1 388
3881 1 388.1
3882 1 388.2
3883 1 388.3
3884 1 388.4
3885 1 388.5
3886 1 388.6
3887 1 388.7
3888 1 388.8
3889 1 388.9
3890 1 389
3891 1 389.1
3892 1 389.2
3893 1 389.3
3894 1 389.4
3895 1 389.5
3896 1 389.6
3897 1 389.7
3898 1 389.8
3899 1 389.9
3900 1 390
3901 1 390.1
3902 1 390.2
3903 1 390.3
3904 1 390.4
3905 1 390.5
3906 1 390.6
3907 1 390.7
3908 1 390.8
3909 1 390.9
3910 1 391
3911 1 391.1
3912 1 391.2
3913 1 391.3
3914 1 391.4
3915 1 391.5
3916 1 391.6
3917 1 391.7
3918 1 391.8
3919 1 391.9
3920 1 392
3921 1 392.1
3922 1 392.2
3923 1 392.3
3924 1 392.4
3925 1 392.5
3926 1 392.6
3927 1 392.7
3928 1 392.8
3929 1 392.9
3930 1 393
3931 1 393.1
3932 1 393.2
3933 1 393.3
3934 1 393.4
3935 1 393.5
3936 1 393.6
3937 1 393.7
3938 1 393.8
3939 1 393.9
3940 1 394
3941 1 394.1
3942 1 394.2
3943 1 394.3
3944 1 394.4
3945 1 394.5
3946 1 394.6
3947 1 394.7
3948 1 394.8
3949 1 394.9
3950 1 395
3951 1 395.1
3952 1 395.2
3953 1 395.3
3954 1 395.4
3955 1 395.5
3956 1 395.6
3957 1 395.7
3958 1 395.8
3959 1 395.9
3960 1 396
3961 1 396.1
3962 1 396.2
3963 1 396.3
3964 1 396.4
3965 1 396.5
3966 1 396.6
3967 1 396.7
3968 1 396.8
3969 1 396.9
3970 1 397
3971 1 397.1
3972 1 397.2
3973 1 397.3
3974 1 397.4
3975 1 397.5
3976 1 397.6
3977 1 397.7
3978 1 397.8
3979 1 397.9
3980 1 398
3981 1 398.1
3982 1 398.2
3983 1 398.3
3984 1 398.4
3985 1 398.5
3986 1 398.6
3987 1 398.7
3988 1 398.8
3989 1 398.9
3990 1 399
3991 1 399.1
3992 1 399.2
3993 1 399.3
3994 1 399.4
3995 1 399.5
3996 1 399.6
3997 1 399.7
3998 1 399.8
3999 1 399.9
4000 1 400
4001 1 400.1
4002 1 400.2
4003 1 400.3
4004 1 400.4
4005 1 400.5
4006 1 400.6
4007 1 400.7
4008 1 400.8
4009 1 400.9
4010 1 401
4011 1 401.1
4012 1 401.2
4013 1 401.3
4014 1 401.4
4015 1 401.5
4016 1 401.6
4017 1 401.7
4018 1 401.8
4019 1 401.9
4020 1 402
4021 1 402.1
4022 1 402.2
4023 1 402.3
4024 1 402.4
4025 1 402.5
4026 1 402.6
4027 1 402.7
4028 1 402.8
4029 1 402.9
4030 1 403
4031 1 403.1
4032 1 403.2
4033 1 403.3
4034 1 403.4
4035 1 403.5
4036 1 403.6
4037 1 403.7
4038 1 403.8
4039 1 403.9
4040 1 404
4041 1 404.1
4042 1 404.2
4043 1 404.3
4044 1 404.4
4045 1 404.5
4046 1 404.6
4047 1 404.7
4048 1 404.8
4049 1 404.9
4050 1 405
4051 1 405.1
4052 1 405.2
4053 1 405.3
4054 1 405.4
4055 1 405.5
4056 1 405.6
4057 1 405.7
4058 1 405.8
4059 1 405.9
4060 1 406
4061 1 406.1
4062 1 406.2
4063 1 406.3
4064 1 406.4
4065 1 406.5
4066 1 406.6
4067 1 406.7
4068 1 406.8
4069 1 406.9
4070 1 407
4071 1 407.1
4072 1 407.2
4073 1 407.3
4074 1 407.4
4075 1 407.5
4076 1 407.6
4077 1 407.7
4078 1 407.8
4079 1 407.9
4080 1 408
4081 1 408.1
4082 1 408.2
4083 1 408.3
4084 1 408.4
4085 1 408.5
4086 1 408.6
4087 1 408.7
4088 1 408.8
4089 1 408.9
4090 1 409
4091 1 409.1
4092 1 409.2
4093 1 409.3
4094 1 409.4
4095 1 409.5
4096 1 409.6
4097 1 409.7
4098 1 409.8
4099 1 409.9
4100 1 410
4101 1 410.1
4102 1 410.2
4103 1 410.3
4104 1 410.4
4105 1 410.5
4106 1 410.6
4107 1 410.7
4108 1 410.8
4109 1 410.9
4110 1 411
4111 1 411.1
4112 1 411.2
4113 1 411.3
4114 1 411.4
4115 1 411.5
4116 1 411.6
4117 1 411.7
4118 1 411.8
4119 1 411.9
4120 1 412
4121 1 412.1
4122 1 412.2
4123 1 412.3
4124 1 412.4
4125 1 412.5
4126 1 412.6
4127 1 412.7
4128 1 412.8
4129 1 412.9
4130 1 413
4131 1 413.1
4132 1 413.2
4133 1 413.3
4134 1 413.4
4135 1 413.5
4136 1 413.6
4137 1 413.7
4138 1 413.8
4139 1 413.9
4140 1 414
4141 1 414.1
4142 1 414.2
4143 1 414.3
4144 1 414.4
4145 1 414.5
4146 1 414.6
4147 1 414.7
4148 1 414.8
4149 1 414.9
4150 1 415
4151 1 415.1
4152 1 415.2
4153 1 415.3
4154 1 415.4
4155 1 415.5
4156 1 415.6
4157 1 415.7
4158 1 415.8
4159 1 415.9
4160 1 416
4161 1 416.1
4162 1 416.2
4163 1 416.3
4164 1 416.4
4165 1 416.5
4166 1 416.6
4167 1 416.7
4168 1 416.8
4169 1 416.9
4170 1 417
4171 1 417.1
4172 1 417.2
4173 1 417.3
4174 1 417.4
4175 1 417.5
4176 1 417.6
4177 1 417.7
4178 1 417.8
4179 1 417.9
4180 1 418
4181 1 418.1
4182 1 418.2
4183 1 418.3
4184 1 418.4
4185 1 418.5
4186 1 418.6
4187 1 418.7
4188 1 418.8
4189 1 418.9
4190 1 419
4191 1 419.1
4192 1 419.2
4193 1 419.3
4194 1 419.4
4195 1 419.5
4196 1 419.6
4197 1 419.7
4198 1 419.8
4199 1 419.9
4200 1 420
4201 1 420.1
4202 1 420.2
4203 1 420.3
4204 1 420.4
4205 1 420.5
4206 1 420.6
4207 1 420.7
4208 1 420.8
4209 1 420.9
4210 1 421
4211 1 421.1
4212 1 421.2
4213 1 421.3
4214 1 421.4
4215 1 421.5
4216 1 421.6
4217 1 421.7
4218 1 421.8
4219 1 421.9
4220 1 422
4221 1 422.1
4222 1 422.2
4223 1 422.3
4224 1 422.4
4225 1 422.5
4226 1 422.6
4227 1 422.7
4228 1 422.8
4229 1 422.9
4230 1 423
4231 1 423.1
4232 1 423.2
4233 1 423.3
4234 1 423.4
4235 1 423.5
4236 1 423.6
4237 1 423.7
4238 1 423.8
4239 1 423.9
4240 1 424
4241 1 424.1
4242 1 424.2
4243 1 424.3
4244 1 424.4
4245 1 424.5
4246 1 424.6
4247 1 424.7
4248 1 424.8
4249 1 424.9
4250 1 425
4251 1 425.1
4252 1 425.2
4253 1 425.3
4254 1 425.4
4255 1 425.5
4256 1 425.6
4257 1 425.7
4258 1 425.8
4259 1 425.9
4260 1 426
4261 1 426.1
4262 1 426.2
4263 1 426.3
4264 1 426.4
4265 1 426.5
4266 1 426.6
4267 1 426.7
4268 1 426.8
4269 1 426.9
4270 1 427
4271 1 427.1
4272 1 427.2
4273 1 427.3
4274 1 427.4
4275 1 427.5
4276 1 427.6
4277 1 427.7
4278 1 427.8
